category,condition,seed,dataset_idx,pixel_corr,ssim,lpips,clip,dino
Body,Body_equal4_mean,12345,21,0.06726328344984696,0.22643529978201632,0.6563732624053955,0.74181067943573,0.6004143953323364
Body,Body_equal4_mean,12345,38,-0.030451718901927122,0.25510052567530844,0.6697092056274414,0.7367419004440308,0.40463483333587646
Body,Body_equal4_mean,12345,40,0.2399926687879647,0.7021024626947359,0.5815621018409729,0.714974045753479,0.24356709420681
Body,Body_equal4_mean,12345,59,-0.05035686218740471,0.29732586051571375,0.6641104817390442,0.48281359672546387,0.016690265387296677
Body,Body_equal4_mean,12345,88,0.07851392021922664,0.20729966831965538,0.7132881879806519,0.39862141013145447,0.04387287050485611
Body,Body_equal4_mean,12345,116,0.032174452509472255,0.22541239468920646,0.7795630097389221,0.492706298828125,0.3991098999977112
Body,Body_equal4_mean,12345,133,-0.05649371974758346,0.608772927679862,0.6669492125511169,0.401059091091156,0.01544191874563694
Body,Body_equal4_mean,12345,161,0.06363461629483712,0.39791511905728205,0.6446570158004761,0.7981361150741577,0.6712212562561035
Body,Body_equal4_mean,12345,170,-0.057608454027178214,0.2304680146624776,0.6376684904098511,0.6404516100883484,0.013165385462343693
Body,Body_equal4_mean,12345,179,-0.04317677052910826,0.232077337829376,0.8133775591850281,0.5768210887908936,0.10100127011537552
Body,Body_equal4_mean,12345,220,-0.13573046848847373,0.4230573440938107,0.7129471302032471,0.39341849088668823,0.05095329135656357
Body,Body_equal4_mean,12345,233,0.05409829084146805,0.15894328945936875,0.6860598921775818,0.48569244146347046,-0.005507741589099169
Body,Body_equal4_mean,12345,257,-0.054777513001874376,0.23501913331396984,0.6470537185668945,0.47227251529693604,0.015624169260263443
Body,Body_equal4_mean,12345,290,-0.10995467525202486,0.24862126833138426,0.7532298564910889,0.5822446942329407,0.19880643486976624
Body,Body_equal4_mean,12345,331,0.20478419700889786,0.276339312884483,0.7680071592330933,0.45114320516586304,-0.018053725361824036
Body,Body_equal4_mean,12345,339,0.05418409250243061,0.36474199805532015,0.6707133054733276,0.782028079032898,0.686603844165802
Body,Body_equal4_mean,12345,355,-0.013055532769330544,0.5407406744073703,0.7412859201431274,0.6806113123893738,0.6053329706192017
Body,Body_equal4_mean,12345,366,-0.11863508552377963,0.40063908216249455,0.731168270111084,0.6670821905136108,0.20252373814582825
Body,Body_equal4_mean,12345,474,0.22664551342511086,0.2444272277700452,0.6699579954147339,0.4098917543888092,0.11946897208690643
Body,Body_equal4_mean,12345,492,0.19903753232498822,0.40232295856903516,0.6168138384819031,0.6931009292602539,0.44466423988342285
Body,Body_equal4_mean,12345,527,0.3097714763578225,0.2893883089355486,0.752846360206604,0.5404649972915649,0.21196810901165009
Body,Body_equal4_mean,12345,530,-0.1566301919529574,0.4842868146041905,0.6637336611747742,0.6318397521972656,0.3546617031097412
Body,Body_equal4_mean,12345,542,-0.11691480586241484,0.3283642807398246,0.6398527026176453,0.6569870710372925,0.16050729155540466
Body,Body_equal4_mean,12345,574,0.013339362632449643,0.5325907948621564,0.6566734910011292,0.644930362701416,0.650712788105011
Body,Body_equal4_mean,12345,597,-0.09516002114483628,0.28367419316399684,0.7261590957641602,0.5881763100624084,0.0775461196899414
Body,Body_equal4_mean,12345,619,0.012593976041480413,0.21499753403079266,0.702849268913269,0.7754663228988647,0.6755590438842773
Body,Body_equal4_mean,12345,656,0.08665889952290369,0.20869420154575913,0.6709768176078796,0.5019680857658386,0.07039342075586319
Body,Body_equal4_mean,12345,661,-0.14911341940214387,0.3033882031959942,0.6860184073448181,0.6487137675285339,0.38086622953414917
Body,Body_equal4_mean,12345,664,0.06465001734082493,0.4801812882478237,0.7378222942352295,0.8375418782234192,0.5610381960868835
Body,Body_equal4_mean,12345,698,-0.12845011350244084,0.2714117221966189,0.7553083300590515,0.5560500621795654,0.07855796068906784
Body,Body_equal4_mean,12345,700,0.19249941054608896,0.2588896770797983,0.7145578861236572,0.4537712037563324,0.19688811898231506
Body,Body_equal4_mean,12345,716,-0.09477098139704801,0.21917844906677908,0.6728702187538147,0.4675872027873993,0.01209305226802826
Body,Body_equal4_mean,12345,765,-0.033164989378976426,0.31490450634659667,0.7138510942459106,0.6012725830078125,0.22851142287254333
Body,Body_equal4_mean,12345,771,0.036054267587042645,0.3888210969757558,0.7014548778533936,0.686651349067688,0.3965035378932953
Body,Body_equal4_mean,12345,786,0.02238774129323167,0.07981105174606692,0.8299063444137573,0.6520340442657471,0.3108014166355133
Body,Body_equal4_mean,12345,806,-0.049363697358964745,0.21232204164936433,0.6337862014770508,0.5365809202194214,0.1232500821352005
Body,Body_equal4_mean,12345,813,0.09854985833392323,0.1990283780117726,0.7122007608413696,0.5127460956573486,0.0688754990696907
Body,Body_equal4_mean,12345,816,-0.09300477765337536,0.20170906037120465,0.6813020706176758,0.3750576376914978,0.14178496599197388
Body,Body_equal4_mean,12345,822,0.329065774644267,0.3532859566788318,0.6339771747589111,0.4003863036632538,0.05594836175441742
Body,Body_equal4_mean,12345,826,0.4742002747980817,0.39484351823769753,0.6637155413627625,0.4019572138786316,0.054552871733903885
Body,Body_equal4_mean,12345,847,-0.027494505431413362,0.31540386096794926,0.6759846210479736,0.6489171981811523,0.18322917819023132
Body,Body_equal4_mean,12345,876,-0.08940878544250237,0.12100815872863227,0.7329362630844116,0.3883156478404999,-0.02436816692352295
Body,Body_equal4_mean,12345,891,-0.14160345466983887,0.07973362937838886,0.7451934814453125,0.4922487735748291,0.012466013431549072
Body,Body_equal4_mean,12345,919,-0.048200323676275865,0.15531371582134798,0.7380763292312622,0.5951551198959351,0.22772470116615295
Body,Body_equal4_mean,12345,931,0.08606515826263661,0.2928784028371588,0.6711759567260742,0.7315797209739685,0.7357639670372009
Body,Body_equal4_mean,12345,933,0.14356155221876993,0.35573959024568513,0.6967518329620361,0.61329185962677,0.4076646566390991
Body,Body_equal4_mean,12345,941,-0.0548646255670502,0.34014733075193987,0.6664563417434692,0.5048085451126099,0.1153838112950325
Body,Body_equal4_mean,12345,960,0.0455190382610722,0.32626505793097244,0.726578950881958,0.7257516384124756,0.3346186578273773
Body,Body_equal4_mean,12345,968,0.04960542477140584,0.11935814830009707,0.6783639192581177,0.657855749130249,0.16925914585590363
Body,Body_equal4_mean,12345,989,0.08499072494519394,0.5245588651753355,0.6867772936820984,0.8478989005088806,0.8142197132110596
Body,Body_full_mean,12345,21,0.11162379239987143,0.25918816542318035,0.6859867572784424,0.7211617827415466,0.668247640132904
Body,Body_full_mean,12345,38,0.006092267952694218,0.25072205877438664,0.6681109666824341,0.644295871257782,0.4191865921020508
Body,Body_full_mean,12345,40,0.2637233997062879,0.7234289118856273,0.5944278240203857,0.8215438723564148,0.5898036956787109
Body,Body_full_mean,12345,59,-0.03830565962935789,0.3072691170010263,0.6514731049537659,0.4736761450767517,0.04862440750002861
Body,Body_full_mean,12345,88,0.0902308175212126,0.35669357496748216,0.7660143971443176,0.42235711216926575,0.09295403957366943
Body,Body_full_mean,12345,116,0.06193343074457666,0.2501587508332623,0.8249343633651733,0.5363543033599854,0.4574955105781555
Body,Body_full_mean,12345,133,-0.06763420203861972,0.6168563345304382,0.6567020416259766,0.4758944511413574,0.021283861249685287
Body,Body_full_mean,12345,161,0.010094067464452605,0.4151312439760756,0.6427301168441772,0.6793855428695679,0.4846550226211548
Body,Body_full_mean,12345,170,-0.08186470387665142,0.21649323316180424,0.6148591637611389,0.5827662944793701,0.10666883736848831
Body,Body_full_mean,12345,179,-0.04923045614099127,0.3035231107184578,0.797843337059021,0.6282224655151367,0.15930108726024628
Body,Body_full_mean,12345,220,-0.004994736509251379,0.44377893871742424,0.6744117140769958,0.428732305765152,0.25586867332458496
Body,Body_full_mean,12345,233,0.17034276617705763,0.1858158418089453,0.734451949596405,0.6068335771560669,0.2198982536792755
Body,Body_full_mean,12345,257,-0.06059593761341601,0.22912510818719523,0.6567296981811523,0.46950763463974,0.025204794481396675
Body,Body_full_mean,12345,290,-0.05053459744576109,0.2811032159401391,0.7473278045654297,0.5079205632209778,0.19520877301692963
Body,Body_full_mean,12345,331,0.21364334289252035,0.28211322099919794,0.7683044075965881,0.4868869185447693,-0.0014944979920983315
Body,Body_full_mean,12345,339,0.2413930349780425,0.43048884337529847,0.7430543899536133,0.6614620685577393,0.30492812395095825
Body,Body_full_mean,12345,355,-0.11988902594333453,0.5449049233799718,0.6942749619483948,0.6572476625442505,0.5158525109291077
Body,Body_full_mean,12345,366,-0.1000922159941334,0.4037997292583373,0.7215710282325745,0.5114737749099731,0.12927940487861633
Body,Body_full_mean,12345,474,0.27143296043858445,0.22968557759012884,0.6714175939559937,0.4315696060657501,0.10437025129795074
Body,Body_full_mean,12345,492,0.09130724136633676,0.3953273414416472,0.6228512525558472,0.7362141609191895,0.2944117486476898
Body,Body_full_mean,12345,527,0.21225153978041417,0.1817578587201762,0.7929434776306152,0.3935270309448242,0.07269026339054108
Body,Body_full_mean,12345,530,-0.061654549734094365,0.5098782344107975,0.6521307229995728,0.5515241026878357,0.1489098221063614
Body,Body_full_mean,12345,542,-0.08428166724783268,0.29704787617169714,0.6654167771339417,0.6024212837219238,0.2978271245956421
Body,Body_full_mean,12345,574,-0.16049504806253426,0.665711552280686,0.7716768980026245,0.28478723764419556,0.010751189664006233
Body,Body_full_mean,12345,597,-0.09648075396047195,0.26860136294461223,0.7286827564239502,0.566387414932251,0.13969585299491882
Body,Body_full_mean,12345,619,0.015335314711580368,0.20476223451996498,0.6840043663978577,0.672924280166626,0.6110892295837402
Body,Body_full_mean,12345,656,0.06186372943972794,0.16502801611979967,0.6783013939857483,0.48088645935058594,0.07693749666213989
Body,Body_full_mean,12345,661,-0.12616204999775896,0.33017493128849656,0.6751861572265625,0.644707202911377,0.461527019739151
Body,Body_full_mean,12345,664,0.048812364437856956,0.47734278138078917,0.7147126793861389,0.8650643229484558,0.7058942914009094
Body,Body_full_mean,12345,698,-0.09169988915950462,0.28207353430990745,0.7187795042991638,0.5690901279449463,-0.001238417811691761
Body,Body_full_mean,12345,700,0.18119900389763177,0.23219745065726702,0.7926734685897827,0.3954417109489441,0.3064122796058655
Body,Body_full_mean,12345,716,-0.006001097942973961,0.20631684937080536,0.6688812971115112,0.4567906856536865,-0.035521481186151505
Body,Body_full_mean,12345,765,0.14649808453248772,0.37096424049450744,0.7333816289901733,0.6052559614181519,0.1275060474872589
Body,Body_full_mean,12345,771,0.028512415313315626,0.3873400838620058,0.7098482251167297,0.6934137344360352,0.3537776470184326
Body,Body_full_mean,12345,786,-0.005897726500838409,0.07854370457589653,0.8681366443634033,0.6091156005859375,0.3122299015522003
Body,Body_full_mean,12345,806,-0.051757038662454,0.2095687985934112,0.6324095129966736,0.595635712146759,0.40238580107688904
Body,Body_full_mean,12345,813,0.12198462074571519,0.19453017412383591,0.7084483504295349,0.4645161032676697,0.06538454443216324
Body,Body_full_mean,12345,816,-0.11753838129922242,0.16262769003646765,0.6806962490081787,0.4154389500617981,0.15407562255859375
Body,Body_full_mean,12345,822,0.31504162848253847,0.35174264094256225,0.6468640565872192,0.37665295600891113,0.06799598038196564
Body,Body_full_mean,12345,826,0.5082723707876367,0.4024615755114183,0.684817910194397,0.430594265460968,0.06563826650381088
Body,Body_full_mean,12345,847,-0.014277405135816525,0.29746438880439446,0.6730953454971313,0.62660151720047,0.09479448199272156
Body,Body_full_mean,12345,876,-0.07477173272663667,0.1223027627762219,0.7631947994232178,0.5366028547286987,-0.0010386911453679204
Body,Body_full_mean,12345,891,-0.12376068425977309,0.10608889504424175,0.7065579891204834,0.5373243689537048,0.15443488955497742
Body,Body_full_mean,12345,919,-0.065385055028682,0.14254863788445876,0.7377343773841858,0.5233399271965027,0.24184589087963104
Body,Body_full_mean,12345,931,0.09986474461241357,0.2901570741704382,0.6783467531204224,0.7718694806098938,0.7384332418441772
Body,Body_full_mean,12345,933,0.22925968223056195,0.3769044105208999,0.6757140159606934,0.6634057760238647,0.518181562423706
Body,Body_full_mean,12345,941,-0.045042485789057306,0.24900036939822434,0.6361236572265625,0.5438658595085144,0.21896712481975555
Body,Body_full_mean,12345,960,0.03553954934560212,0.4042492460946024,0.7900066375732422,0.4400235116481781,0.06671072542667389
Body,Body_full_mean,12345,968,0.03233332161262858,0.13213016995099763,0.6932475566864014,0.6288638114929199,0.26078999042510986
Body,Body_full_mean,12345,989,0.10309817692682034,0.5315404804207414,0.6980266571044922,0.8229437470436096,0.7090268731117249
Body,Body_random_equal4_01_mean,12345,21,0.06371703805553294,0.22824382978244545,0.6569162011146545,0.7452967166900635,0.5991707444190979
Body,Body_random_equal4_01_mean,12345,38,-0.012265433828332789,0.25239312106263967,0.6716424822807312,0.7557300925254822,0.4740840792655945
Body,Body_random_equal4_01_mean,12345,40,0.25005508732664894,0.7060439805565367,0.5705804228782654,0.7380838990211487,0.2220391035079956
Body,Body_random_equal4_01_mean,12345,59,0.02245739062661998,0.3020821548261916,0.6578719019889832,0.44274091720581055,0.012207729741930962
Body,Body_random_equal4_01_mean,12345,88,0.0804811718171428,0.24578538107034806,0.7365634441375732,0.4935450553894043,0.023868804797530174
Body,Body_random_equal4_01_mean,12345,116,0.07126416205305577,0.27272229854021285,0.7522462606430054,0.4871903955936432,0.34985536336898804
Body,Body_random_equal4_01_mean,12345,133,-0.061587588308893666,0.5941946543520441,0.6806325912475586,0.46418890357017517,0.02619379758834839
Body,Body_random_equal4_01_mean,12345,161,0.06723198031494196,0.39902904706991404,0.628764271736145,0.7447181940078735,0.6687566637992859
Body,Body_random_equal4_01_mean,12345,170,-0.06111474637717399,0.22955149389113624,0.6379820108413696,0.6591154336929321,0.023058317601680756
Body,Body_random_equal4_01_mean,12345,179,0.05466211685688821,0.2406893051058942,0.8245666027069092,0.5542495846748352,0.05633480101823807
Body,Body_random_equal4_01_mean,12345,220,-0.10979935688906489,0.41246056251004787,0.7006626129150391,0.39286717772483826,0.11425220221281052
Body,Body_random_equal4_01_mean,12345,233,0.04588224391221382,0.15678031767402492,0.6849279403686523,0.48245102167129517,-0.00894148088991642
Body,Body_random_equal4_01_mean,12345,257,-0.0580551885087935,0.23809616684495746,0.6498333215713501,0.4895530641078949,0.024602334946393967
Body,Body_random_equal4_01_mean,12345,290,-0.10215584615139661,0.2708577658989857,0.7582316398620605,0.5177409052848816,0.2070225477218628
Body,Body_random_equal4_01_mean,12345,331,0.20523387228051543,0.2748316986753834,0.7469015121459961,0.4556405246257782,0.013858286663889885
Body,Body_random_equal4_01_mean,12345,339,0.05252513322149173,0.36288801247254404,0.6734527945518494,0.7760105729103088,0.6181535720825195
Body,Body_random_equal4_01_mean,12345,355,-0.10147263357471567,0.4667990121790014,0.7580816149711609,0.6561557650566101,0.7055270671844482
Body,Body_random_equal4_01_mean,12345,366,-0.12553300403011905,0.38461885207939833,0.740839958190918,0.661796510219574,0.16043417155742645
Body,Body_random_equal4_01_mean,12345,474,0.23207563116045954,0.2471477750571344,0.6542655229568481,0.4064043462276459,0.1018935814499855
Body,Body_random_equal4_01_mean,12345,492,0.20123710463607022,0.3963004793013684,0.6057357788085938,0.6380054354667664,0.348069429397583
Body,Body_random_equal4_01_mean,12345,527,0.24801815124045845,0.1959245665062432,0.7641262412071228,0.3966977298259735,0.12715215981006622
Body,Body_random_equal4_01_mean,12345,530,-0.15740830697769612,0.4804667852628546,0.6642707586288452,0.6540132164955139,0.3832101821899414
Body,Body_random_equal4_01_mean,12345,542,-0.11907425651771303,0.3253009797070837,0.6317790746688843,0.6790823936462402,0.2620689272880554
Body,Body_random_equal4_01_mean,12345,574,0.0038200270867009586,0.5150161192075912,0.6529061198234558,0.6596024036407471,0.7565298080444336
Body,Body_random_equal4_01_mean,12345,597,-0.08216488748685291,0.280975939674035,0.7408478260040283,0.5711230635643005,0.0979781374335289
Body,Body_random_equal4_01_mean,12345,619,0.03854529655019364,0.2432635520302662,0.7068340182304382,0.7333595752716064,0.6802828311920166
Body,Body_random_equal4_01_mean,12345,656,0.06661869743791374,0.2210809106907368,0.6755594611167908,0.5531526803970337,0.056725259870290756
Body,Body_random_equal4_01_mean,12345,661,-0.15830781153745205,0.31966395546310156,0.7040050625801086,0.6169632077217102,0.2584242522716522
Body,Body_random_equal4_01_mean,12345,664,0.05128636491882416,0.47302064838989294,0.749801516532898,0.8168398141860962,0.560406506061554
Body,Body_random_equal4_01_mean,12345,698,-0.11957791764114604,0.27001819628506124,0.7591701149940491,0.5938093066215515,0.09699171036481857
Body,Body_random_equal4_01_mean,12345,700,0.19885301289084154,0.2732387013260895,0.7138532400131226,0.4355608820915222,0.19613420963287354
Body,Body_random_equal4_01_mean,12345,716,-0.08707557942433283,0.2214150693005704,0.6806674599647522,0.4443999230861664,0.02706243097782135
Body,Body_random_equal4_01_mean,12345,765,-0.0240796390465377,0.333587579161543,0.7103285789489746,0.5858808755874634,0.17987887561321259
Body,Body_random_equal4_01_mean,12345,771,0.031661670097157264,0.3898821197036436,0.7085679769515991,0.6599048376083374,0.17858736217021942
Body,Body_random_equal4_01_mean,12345,786,0.009757594530513556,0.0790548672722185,0.8369042277336121,0.6721578240394592,0.42432934045791626
Body,Body_random_equal4_01_mean,12345,806,-0.04216523542163682,0.22246734940611257,0.6374191641807556,0.49605071544647217,0.25415924191474915
Body,Body_random_equal4_01_mean,12345,813,0.10337842371326944,0.19952404926507664,0.7130225300788879,0.504626989364624,0.050152137875556946
Body,Body_random_equal4_01_mean,12345,816,-0.09043881607461149,0.19874305866753514,0.680794358253479,0.4052118957042694,0.14255833625793457
Body,Body_random_equal4_01_mean,12345,822,0.3274236677684559,0.3530091424747848,0.633644163608551,0.3975459039211273,0.050364285707473755
Body,Body_random_equal4_01_mean,12345,826,0.4757497807587619,0.39496120958328745,0.6612446308135986,0.3741197884082794,0.04291929677128792
Body,Body_random_equal4_01_mean,12345,847,-0.013393342578235585,0.2952207212200576,0.6737042665481567,0.6615307927131653,0.2212953120470047
Body,Body_random_equal4_01_mean,12345,876,-0.09153005729666717,0.11691174330259907,0.7385152578353882,0.3434700667858124,-0.0006602378562092781
Body,Body_random_equal4_01_mean,12345,891,-0.12419597363398838,0.08725034687892282,0.7254201173782349,0.5170958042144775,-0.021188363432884216
Body,Body_random_equal4_01_mean,12345,919,-0.07294812328040416,0.1540340866143335,0.75104820728302,0.4451819360256195,0.06297190487384796
Body,Body_random_equal4_01_mean,12345,931,0.19634696649804403,0.27059544252394513,0.6570020914077759,0.7412746548652649,0.7392449975013733
Body,Body_random_equal4_01_mean,12345,933,0.1781952060615479,0.3475162992341406,0.6689853072166443,0.5921398997306824,0.3911093771457672
Body,Body_random_equal4_01_mean,12345,941,-0.055917941444948424,0.3429045934550703,0.6627192497253418,0.47962552309036255,0.09427104145288467
Body,Body_random_equal4_01_mean,12345,960,0.032673753381991626,0.35683214711724903,0.7576303482055664,0.7393956184387207,0.599266529083252
Body,Body_random_equal4_01_mean,12345,968,0.013409799568968508,0.11500241230079494,0.6818548440933228,0.6162041425704956,0.2251502126455307
Body,Body_random_equal4_01_mean,12345,989,0.07877717174204146,0.522499524435611,0.6699200868606567,0.8400815725326538,0.7327204346656799
Body,Body_random_equal4_02_mean,12345,21,0.06399090498607289,0.22522074827506033,0.6532692313194275,0.7485274076461792,0.6147170066833496
Body,Body_random_equal4_02_mean,12345,38,-0.030848318539020536,0.2535026404590429,0.6746583580970764,0.7108309268951416,0.40595245361328125
Body,Body_random_equal4_02_mean,12345,40,0.24485634460378866,0.7026749770888887,0.5796710848808289,0.7042790055274963,0.23670892417430878
Body,Body_random_equal4_02_mean,12345,59,0.03062413709790263,0.30039159069060034,0.6572585105895996,0.42814549803733826,0.022850770503282547
Body,Body_random_equal4_02_mean,12345,88,0.10864351923800408,0.2385777456021985,0.7244548201560974,0.4974200427532196,0.009078491479158401
Body,Body_random_equal4_02_mean,12345,116,0.025382223400722038,0.23837595211673276,0.7807021737098694,0.42896977066993713,0.26913487911224365
Body,Body_random_equal4_02_mean,12345,133,-0.07052993510620477,0.6086294975331779,0.6726653575897217,0.4386197030544281,0.02442909963428974
Body,Body_random_equal4_02_mean,12345,161,0.05918655473907641,0.39420746850341304,0.6439162492752075,0.7765535116195679,0.6590900421142578
Body,Body_random_equal4_02_mean,12345,170,-0.061537643937943406,0.2335155772195511,0.6371393203735352,0.6693346500396729,-0.0062530492432415485
Body,Body_random_equal4_02_mean,12345,179,0.026608475930523193,0.23964482086611757,0.8207585215568542,0.5764126181602478,0.03631982207298279
Body,Body_random_equal4_02_mean,12345,220,-0.14255950088812683,0.4211304600917394,0.7046443223953247,0.35845518112182617,0.04504678398370743
Body,Body_random_equal4_02_mean,12345,233,0.047653184294940074,0.16412274524113632,0.677701473236084,0.4826672375202179,0.007538566365838051
Body,Body_random_equal4_02_mean,12345,257,-0.061094165305587055,0.24202532218128697,0.6449390649795532,0.5286885499954224,0.057253941893577576
Body,Body_random_equal4_02_mean,12345,290,-0.10628550829007008,0.2519696294323995,0.7480400204658508,0.5615642070770264,0.19777625799179077
Body,Body_random_equal4_02_mean,12345,331,0.20524077431355406,0.28017581793420077,0.7660999298095703,0.4522191286087036,-0.027119260281324387
Body,Body_random_equal4_02_mean,12345,339,0.05699414082066225,0.36359086270641955,0.6845848560333252,0.7410460114479065,0.6077485084533691
Body,Body_random_equal4_02_mean,12345,355,-0.01057289558499999,0.5192836957173399,0.7432272434234619,0.6467479467391968,0.5866016149520874
Body,Body_random_equal4_02_mean,12345,366,0.0024510080583580998,0.35983795817919406,0.7219498753547668,0.572430431842804,0.3732330799102783
Body,Body_random_equal4_02_mean,12345,474,0.22238046725908991,0.2444323755331966,0.6604783535003662,0.4096592962741852,0.10488761961460114
Body,Body_random_equal4_02_mean,12345,492,0.17839856429070586,0.40544435702824533,0.6188504099845886,0.6485608220100403,0.41847550868988037
Body,Body_random_equal4_02_mean,12345,527,0.24434667848007852,0.19322463628804046,0.7690524458885193,0.41872623562812805,0.20400702953338623
Body,Body_random_equal4_02_mean,12345,530,-0.15207293805445365,0.48396202780323755,0.667355477809906,0.6241289377212524,0.3972134292125702
Body,Body_random_equal4_02_mean,12345,542,-0.12190620436702122,0.32685042492775324,0.6236330270767212,0.6522356867790222,0.22632715106010437
Body,Body_random_equal4_02_mean,12345,574,0.00920422769325177,0.5357641778168775,0.6582204699516296,0.6310299634933472,0.6945722103118896
Body,Body_random_equal4_02_mean,12345,597,-0.08884889544869133,0.2854602778898895,0.7226321697235107,0.5929548144340515,0.07283409684896469
Body,Body_random_equal4_02_mean,12345,619,0.019797507406242903,0.21490414110416933,0.6937663555145264,0.7586053013801575,0.6562845706939697
Body,Body_random_equal4_02_mean,12345,656,0.08448766335744697,0.21629982830943043,0.6658653020858765,0.5347024202346802,0.06341571360826492
Body,Body_random_equal4_02_mean,12345,661,-0.144439367671433,0.30682829572910314,0.6805137395858765,0.6184218525886536,0.27000361680984497
Body,Body_random_equal4_02_mean,12345,664,0.061244100811091697,0.47983188895128265,0.73209148645401,0.8394598364830017,0.5713001489639282
Body,Body_random_equal4_02_mean,12345,698,-0.12022019285384783,0.26869257937366686,0.7613199949264526,0.5887502431869507,0.07540625333786011
Body,Body_random_equal4_02_mean,12345,700,0.19987721849344203,0.2718942724427597,0.7080123424530029,0.45384544134140015,0.26349982619285583
Body,Body_random_equal4_02_mean,12345,716,-0.07127339080375213,0.2123871663971254,0.6623244881629944,0.43363142013549805,0.012981683015823364
Body,Body_random_equal4_02_mean,12345,765,-0.02584216272762987,0.3312949913748308,0.7065563797950745,0.5854575037956238,0.2501718997955322
Body,Body_random_equal4_02_mean,12345,771,0.03864084238296457,0.3868431274401622,0.70744389295578,0.6856715083122253,0.425859659910202
Body,Body_random_equal4_02_mean,12345,786,0.016849840913373347,0.07948377026134985,0.830414891242981,0.6413416862487793,0.3616241216659546
Body,Body_random_equal4_02_mean,12345,806,-0.04789795722425726,0.21580881985056982,0.640005350112915,0.5490709543228149,0.12266234308481216
Body,Body_random_equal4_02_mean,12345,813,0.09666755110739136,0.1997822094158489,0.7150344252586365,0.5199396014213562,0.05812978744506836
Body,Body_random_equal4_02_mean,12345,816,-0.0935971189041706,0.20023283742988693,0.6829088926315308,0.3916367292404175,0.15048930048942566
Body,Body_random_equal4_02_mean,12345,822,0.3237126141470431,0.34938621501220607,0.620751678943634,0.42910870909690857,0.05581211671233177
Body,Body_random_equal4_02_mean,12345,826,0.47361865556585253,0.39525267533862474,0.661614716053009,0.37912583351135254,0.039161525666713715
Body,Body_random_equal4_02_mean,12345,847,-0.022791237493735135,0.31364500970807485,0.6710312366485596,0.6268289089202881,0.17470960319042206
Body,Body_random_equal4_02_mean,12345,876,-0.08575249780210698,0.1217560244503411,0.7346641421318054,0.37574490904808044,-0.017160281538963318
Body,Body_random_equal4_02_mean,12345,891,-0.1288966241794026,0.07775178571596834,0.7445687651634216,0.5615317821502686,0.10805060714483261
Body,Body_random_equal4_02_mean,12345,919,-0.08456899615511683,0.1535723810451351,0.7502630352973938,0.39900532364845276,0.06127898395061493
Body,Body_random_equal4_02_mean,12345,931,0.08582889338554867,0.29316238601383215,0.6724605560302734,0.7371435165405273,0.7352629899978638
Body,Body_random_equal4_02_mean,12345,933,-0.040625051829234426,0.34556779959618317,0.7283994555473328,0.6348386406898499,0.2823743224143982
Body,Body_random_equal4_02_mean,12345,941,-0.04285699424709656,0.3429974071202895,0.670354962348938,0.5266936421394348,0.14948542416095734
Body,Body_random_equal4_02_mean,12345,960,0.0350691354599324,0.31158260653549896,0.7271293997764587,0.6517124176025391,0.055611129850149155
Body,Body_random_equal4_02_mean,12345,968,0.050373058612675777,0.12044431075665113,0.6808838844299316,0.6626781225204468,0.16293315589427948
Body,Body_random_equal4_02_mean,12345,989,0.08331333068346136,0.5233097600646622,0.6830457448959351,0.8163385391235352,0.7745916247367859
Body,Body_random_equal4_03_mean,12345,21,0.053742480555472975,0.2278199677133321,0.6563978791236877,0.7561935782432556,0.619249165058136
Body,Body_random_equal4_03_mean,12345,38,-0.008984096368300444,0.25886288412753283,0.672802209854126,0.7726693153381348,0.45213624835014343
Body,Body_random_equal4_03_mean,12345,40,0.24692067127569103,0.7059586444410892,0.5696104168891907,0.7308275103569031,0.2023831009864807
Body,Body_random_equal4_03_mean,12345,59,0.012359884767020692,0.3005326047306586,0.6576470136642456,0.44713887572288513,0.013003526255488396
Body,Body_random_equal4_03_mean,12345,88,0.08879032681279334,0.25893207206749375,0.7386695146560669,0.4650510251522064,0.04117215424776077
Body,Body_random_equal4_03_mean,12345,116,0.037721176398537636,0.20783473616864187,0.8113476037979126,0.5599753856658936,0.5413442254066467
Body,Body_random_equal4_03_mean,12345,133,-0.08112753132819069,0.6131217908642658,0.6820851564407349,0.4473593831062317,0.16811703145503998
Body,Body_random_equal4_03_mean,12345,161,0.08940658136962003,0.36518312733834346,0.6376107335090637,0.6556757688522339,0.6579717397689819
Body,Body_random_equal4_03_mean,12345,170,-0.06887084409049658,0.23549315240202637,0.6373617649078369,0.6475839018821716,0.12446266412734985
Body,Body_random_equal4_03_mean,12345,179,-0.23294606194973586,0.1968937400798898,0.7896846532821655,0.5186572670936584,0.11869543790817261
Body,Body_random_equal4_03_mean,12345,220,-0.14641644414810517,0.44938938282037066,0.6441714763641357,0.49534109234809875,0.07601889222860336
Body,Body_random_equal4_03_mean,12345,233,0.05162920272846921,0.16062276349242374,0.6755309104919434,0.48796170949935913,0.004237262532114983
Body,Body_random_equal4_03_mean,12345,257,-0.04931972914294272,0.23569003787182002,0.6610671877861023,0.5001946091651917,-0.04619325324892998
Body,Body_random_equal4_03_mean,12345,290,-0.11510012954504811,0.27146572881628717,0.75948166847229,0.5707708597183228,0.18859030306339264
Body,Body_random_equal4_03_mean,12345,331,0.20307054555243045,0.274419420595451,0.7673423886299133,0.45403194427490234,6.53313472867012e-05
Body,Body_random_equal4_03_mean,12345,339,0.06326854441637786,0.36585406217751815,0.6720641851425171,0.7743552923202515,0.6932298541069031
Body,Body_random_equal4_03_mean,12345,355,-0.14115865457685994,0.4690900498452996,0.758022665977478,0.7260993719100952,0.6760424971580505
Body,Body_random_equal4_03_mean,12345,366,-0.08270625656460792,0.40461179550749476,0.7326082587242126,0.6374074816703796,0.33384817838668823
Body,Body_random_equal4_03_mean,12345,474,0.22035054140123136,0.24519700344311995,0.6633966565132141,0.4149708151817322,0.10262057185173035
Body,Body_random_equal4_03_mean,12345,492,0.11368417878866778,0.3866946609768991,0.6239573359489441,0.72731614112854,0.4108789563179016
Body,Body_random_equal4_03_mean,12345,527,0.25420769132639137,0.18157429814932666,0.7647190093994141,0.4504362940788269,0.11097660660743713
Body,Body_random_equal4_03_mean,12345,530,-0.16474650300586838,0.4705242614855978,0.6780859231948853,0.6147449612617493,0.37051910161972046
Body,Body_random_equal4_03_mean,12345,542,-0.11065514156062507,0.32196548044539264,0.6327552795410156,0.6728736758232117,0.16727276146411896
Body,Body_random_equal4_03_mean,12345,574,-0.006178075760371067,0.5470571900125148,0.6734185814857483,0.6265362501144409,0.6518234014511108
Body,Body_random_equal4_03_mean,12345,597,-0.10101821580759086,0.2838442722784331,0.7316179275512695,0.5458834767341614,0.07796664535999298
Body,Body_random_equal4_03_mean,12345,619,0.02297186357820663,0.23961374243550182,0.7157479524612427,0.7033408284187317,0.6980597376823425
Body,Body_random_equal4_03_mean,12345,656,0.08223695439329523,0.22256412390669672,0.6781227588653564,0.5719404816627502,0.04744277521967888
Body,Body_random_equal4_03_mean,12345,661,-0.14371190758542993,0.32000327012079294,0.7075325846672058,0.6533457040786743,0.2651371359825134
Body,Body_random_equal4_03_mean,12345,664,0.045090758050467444,0.47388063713581613,0.7472623586654663,0.8611274361610413,0.574408233165741
Body,Body_random_equal4_03_mean,12345,698,-0.10332490253034783,0.26539891965301066,0.7460179924964905,0.5758166909217834,0.029205510392785072
Body,Body_random_equal4_03_mean,12345,700,0.200784462662736,0.27624947427859176,0.7101521492004395,0.4467870891094208,0.1295458972454071
Body,Body_random_equal4_03_mean,12345,716,-0.07886612720655761,0.2223921974721416,0.6887762546539307,0.41760164499282837,-0.014452670700848103
Body,Body_random_equal4_03_mean,12345,765,-0.014492686229060558,0.3322649088116968,0.7092040777206421,0.5848252773284912,0.2528570890426636
Body,Body_random_equal4_03_mean,12345,771,0.030422901537978282,0.3883167048161194,0.7109400629997253,0.6507467031478882,0.20430761575698853
Body,Body_random_equal4_03_mean,12345,786,0.012215234712778496,0.07895961675021981,0.8289592862129211,0.6725125312805176,0.43087059259414673
Body,Body_random_equal4_03_mean,12345,806,-0.0330984528664194,0.2206883921304018,0.6262902617454529,0.5394235253334045,0.2105521857738495
Body,Body_random_equal4_03_mean,12345,813,0.1065177785767948,0.20357747149200206,0.7118510007858276,0.5124092102050781,0.06067906320095062
Body,Body_random_equal4_03_mean,12345,816,-0.10537651604917625,0.18426643768724088,0.6496487855911255,0.35207608342170715,0.09901190549135208
Body,Body_random_equal4_03_mean,12345,822,0.3333821055114289,0.3541323809240136,0.6388564109802246,0.39697378873825073,0.054891519248485565
Body,Body_random_equal4_03_mean,12345,826,0.4755061899939678,0.3965878016473517,0.663632333278656,0.3922652304172516,0.04038000851869583
Body,Body_random_equal4_03_mean,12345,847,-0.023277811970659822,0.32110121173813333,0.6736947298049927,0.5749151706695557,0.13250140845775604
Body,Body_random_equal4_03_mean,12345,876,-0.0854550852462686,0.11694285865262617,0.7358261346817017,0.380551278591156,0.017839889973402023
Body,Body_random_equal4_03_mean,12345,891,-0.13858336535644772,0.08418268328973849,0.7232927083969116,0.5188459753990173,0.00229494646191597
Body,Body_random_equal4_03_mean,12345,919,-0.06334065444411577,0.15040413840641356,0.7374610304832458,0.47052720189094543,0.10348554700613022
Body,Body_random_equal4_03_mean,12345,931,0.18699469567638802,0.27060519199174177,0.6427404880523682,0.7057713270187378,0.7530606985092163
Body,Body_random_equal4_03_mean,12345,933,-0.07367309455385387,0.34116304368178285,0.754647970199585,0.5103618502616882,0.324449747800827
Body,Body_random_equal4_03_mean,12345,941,-0.0579845816418616,0.34559283102023364,0.6654209494590759,0.44749361276626587,0.09995994716882706
Body,Body_random_equal4_03_mean,12345,960,0.04135940285186362,0.35172839146134693,0.7580639719963074,0.7017776966094971,0.5091896653175354
Body,Body_random_equal4_03_mean,12345,968,0.06899494858237223,0.11361366212078845,0.6822917461395264,0.6537251472473145,0.09902620315551758
Body,Body_random_equal4_03_mean,12345,989,0.05306316041778085,0.519763238118028,0.7072402238845825,0.8518280386924744,0.8283398747444153
Body,Body_random_equal4_04_mean,12345,21,0.06300538422888759,0.22716355621894718,0.6551245450973511,0.7438673377037048,0.59607994556427
Body,Body_random_equal4_04_mean,12345,38,-0.010805635878482156,0.25770447785879425,0.6708740592002869,0.7431204319000244,0.4341188371181488
Body,Body_random_equal4_04_mean,12345,40,0.2515040514917296,0.7070223327262011,0.5685185790061951,0.7547327876091003,0.2171667218208313
Body,Body_random_equal4_04_mean,12345,59,0.02447457920662323,0.29964619685232813,0.6550617218017578,0.4327644407749176,0.029564615339040756
Body,Body_random_equal4_04_mean,12345,88,0.08077887687376317,0.2532052458772115,0.7347264885902405,0.5108802914619446,0.026705440133810043
Body,Body_random_equal4_04_mean,12345,116,0.06747762640105086,0.2686385813052556,0.7541008591651917,0.487563818693161,0.3417682945728302
Body,Body_random_equal4_04_mean,12345,133,-0.06197156461765639,0.6037599547343669,0.6715936660766602,0.44734495878219604,0.015173565596342087
Body,Body_random_equal4_04_mean,12345,161,0.09202276658942661,0.3563466500975193,0.6333953738212585,0.7315205931663513,0.6864215731620789
Body,Body_random_equal4_04_mean,12345,170,-0.13305905592869552,0.24184347862805736,0.6516880989074707,0.6327342987060547,0.04690441116690636
Body,Body_random_equal4_04_mean,12345,179,0.01263949744315296,0.28796800118141763,0.7804882526397705,0.5624494552612305,0.11069031059741974
Body,Body_random_equal4_04_mean,12345,220,-0.031580971498424065,0.3520942574371764,0.7423241138458252,0.46115952730178833,0.08671101182699203
Body,Body_random_equal4_04_mean,12345,233,0.04607580593625766,0.15922180217374227,0.6718901991844177,0.4856472611427307,-0.006436104886233807
Body,Body_random_equal4_04_mean,12345,257,-0.04938667783198549,0.23024948576189813,0.652400016784668,0.512989342212677,0.07147406041622162
Body,Body_random_equal4_04_mean,12345,290,-0.10090460916598637,0.2728736758310194,0.7644844055175781,0.5196898579597473,0.17877499759197235
Body,Body_random_equal4_04_mean,12345,331,0.19568075922777736,0.2713627753363739,0.7518917322158813,0.42957478761672974,-0.005980242043733597
Body,Body_random_equal4_04_mean,12345,339,0.0505839945947165,0.36415930028104426,0.6788201928138733,0.7739652395248413,0.617374062538147
Body,Body_random_equal4_04_mean,12345,355,-0.014759696772760475,0.4831906418580427,0.7474629878997803,0.6841353178024292,0.6863560676574707
Body,Body_random_equal4_04_mean,12345,366,-0.09811211463772021,0.4014456551341753,0.7289840579032898,0.6573560833930969,0.19757337868213654
Body,Body_random_equal4_04_mean,12345,474,0.23323698330221837,0.2498945999908896,0.6572737693786621,0.45058223605155945,0.15713787078857422
Body,Body_random_equal4_04_mean,12345,492,0.21444512867122886,0.39485495088697314,0.6158252358436584,0.6830337047576904,0.3646745979785919
Body,Body_random_equal4_04_mean,12345,527,0.259487760980693,0.21332165148757723,0.7655023336410522,0.430216521024704,0.17337679862976074
Body,Body_random_equal4_04_mean,12345,530,-0.1679768128061124,0.45683225231802144,0.6841697096824646,0.5821301937103271,0.12305477261543274
Body,Body_random_equal4_04_mean,12345,542,-0.11689934570127375,0.325101069525175,0.6296027898788452,0.6612930297851562,0.20880126953125
Body,Body_random_equal4_04_mean,12345,574,-0.0051021829052880835,0.548273752747986,0.6537603139877319,0.6732901334762573,0.7441912889480591
Body,Body_random_equal4_04_mean,12345,597,-0.10246141905567423,0.2848334383700761,0.7230936288833618,0.6373012065887451,0.07752882689237595
Body,Body_random_equal4_04_mean,12345,619,0.04695242185859316,0.2455452723128222,0.7100362181663513,0.6905456781387329,0.656248152256012
Body,Body_random_equal4_04_mean,12345,656,0.07833632155505368,0.21717703782383593,0.6683318614959717,0.5827661156654358,0.03788589686155319
Body,Body_random_equal4_04_mean,12345,661,-0.15932663512303694,0.31889810177876227,0.7029330134391785,0.5933601260185242,0.2562991678714752
Body,Body_random_equal4_04_mean,12345,664,0.050541576707719534,0.47302486151417233,0.7501204013824463,0.8224117755889893,0.5749874114990234
Body,Body_random_equal4_04_mean,12345,698,-0.12153564603357127,0.2717657468534579,0.7608765363693237,0.5895950794219971,0.0951729565858841
Body,Body_random_equal4_04_mean,12345,700,0.19997035192874962,0.2673466817675353,0.712323784828186,0.44228604435920715,0.19273118674755096
Body,Body_random_equal4_04_mean,12345,716,-0.07397663780015945,0.21693582442268883,0.6699826717376709,0.4278701841831207,0.016335567459464073
Body,Body_random_equal4_04_mean,12345,765,0.005183640440363835,0.3077225566651134,0.7126801013946533,0.610059380531311,0.190532386302948
Body,Body_random_equal4_04_mean,12345,771,0.030019130668619276,0.3882325568821364,0.7103340029716492,0.6505929231643677,0.15819941461086273
Body,Body_random_equal4_04_mean,12345,786,0.00870220311536129,0.07887234496559632,0.8356844186782837,0.6713645458221436,0.40285617113113403
Body,Body_random_equal4_04_mean,12345,806,-0.042178668878586956,0.22071444465965862,0.639691948890686,0.47129079699516296,0.2652970850467682
Body,Body_random_equal4_04_mean,12345,813,0.09869165856966383,0.21400668960062524,0.7145779132843018,0.5738287568092346,0.13882729411125183
Body,Body_random_equal4_04_mean,12345,816,-0.08967669033919747,0.19678183664954513,0.681896984577179,0.41281965374946594,0.16098429262638092
Body,Body_random_equal4_04_mean,12345,822,0.33372915916748624,0.3288603329259313,0.6224665641784668,0.3891361951828003,0.05064211040735245
Body,Body_random_equal4_04_mean,12345,826,0.08980139723674346,0.25509977529562544,0.7222551703453064,0.4995751678943634,0.28526702523231506
Body,Body_random_equal4_04_mean,12345,847,-0.02822485292680974,0.29724888009811795,0.6665034294128418,0.6137905716896057,0.13949385285377502
Body,Body_random_equal4_04_mean,12345,876,-0.09018399550132049,0.11701619960707874,0.7390944361686707,0.3392344117164612,0.0004434441216289997
Body,Body_random_equal4_04_mean,12345,891,-0.13657695326136216,0.08300540294424093,0.722009539604187,0.5502749681472778,0.16235561668872833
Body,Body_random_equal4_04_mean,12345,919,-0.0683508794012165,0.15218655438464493,0.7410120368003845,0.5029195547103882,0.06945135444402695
Body,Body_random_equal4_04_mean,12345,931,0.19192077199628732,0.26805775227155776,0.6556938290596008,0.7211593389511108,0.7087590098381042
Body,Body_random_equal4_04_mean,12345,933,0.1845723089779876,0.34717869748822733,0.6734299063682556,0.5955865383148193,0.2587118148803711
Body,Body_random_equal4_04_mean,12345,941,-0.1789264230010317,0.2063514919318547,0.6657609939575195,0.5200091004371643,0.06687714904546738
Body,Body_random_equal4_04_mean,12345,960,0.045206995754273116,0.3455212979335187,0.7594414949417114,0.7574526071548462,0.5662763714790344
Body,Body_random_equal4_04_mean,12345,968,0.015621965142655762,0.11452003508653141,0.6814879179000854,0.6025562286376953,0.22420331835746765
Body,Body_random_equal4_04_mean,12345,989,0.062407902160056726,0.5202025871569761,0.6951500773429871,0.8502027988433838,0.7858230471611023
Body,Body_random_equal4_05_mean,12345,21,0.05012083862904085,0.20945129290786552,0.6579408049583435,0.7496355772018433,0.6113443374633789
Body,Body_random_equal4_05_mean,12345,38,-0.032005922447806465,0.22841918146594667,0.66427081823349,0.7176340818405151,0.30798736214637756
Body,Body_random_equal4_05_mean,12345,40,0.3767643237198859,0.7201732529461364,0.562906801700592,0.7317870259284973,0.5587948560714722
Body,Body_random_equal4_05_mean,12345,59,-0.07736658337875543,0.33187693567692905,0.6932969093322754,0.4270123243331909,0.029850829392671585
Body,Body_random_equal4_05_mean,12345,88,0.11215063970094073,0.36272542839127836,0.7718039751052856,0.39149409532546997,-0.017842086032032967
Body,Body_random_equal4_05_mean,12345,116,0.058890239104380224,0.27575571152278683,0.732367753982544,0.5157831311225891,0.2403091937303543
Body,Body_random_equal4_05_mean,12345,133,-0.050166543051720504,0.5950961142561514,0.6691371202468872,0.4939330220222473,0.004683337640017271
Body,Body_random_equal4_05_mean,12345,161,0.012316186786973432,0.4020867815517514,0.6597748398780823,0.7710914611816406,0.5263476371765137
Body,Body_random_equal4_05_mean,12345,170,-0.040183006866224585,0.2375652140382535,0.6526748538017273,0.622505784034729,0.14477798342704773
Body,Body_random_equal4_05_mean,12345,179,-0.012305694412918082,0.2917644955227364,0.8189049959182739,0.6682556867599487,0.08722355961799622
Body,Body_random_equal4_05_mean,12345,220,-0.11445886554398026,0.4150244302918629,0.6988075375556946,0.5123921036720276,0.09850901365280151
Body,Body_random_equal4_05_mean,12345,233,0.13956662310771248,0.20916598601231237,0.669635534286499,0.5757855176925659,0.2421688288450241
Body,Body_random_equal4_05_mean,12345,257,-0.06059770038659335,0.24331060019916068,0.6534379720687866,0.5051611065864563,0.08601371943950653
Body,Body_random_equal4_05_mean,12345,290,-0.03654202762771302,0.27363337550456956,0.7774950861930847,0.5707448124885559,0.25543341040611267
Body,Body_random_equal4_05_mean,12345,331,0.23267108398109076,0.26695728918806266,0.7913476228713989,0.3936923146247864,0.015115185640752316
Body,Body_random_equal4_05_mean,12345,339,0.22594489268034704,0.3727825794550548,0.7393094301223755,0.7564488649368286,0.7239771485328674
Body,Body_random_equal4_05_mean,12345,355,-0.13378208597997818,0.5290497998587944,0.7084473967552185,0.668645977973938,0.5574380159378052
Body,Body_random_equal4_05_mean,12345,366,-0.06604994725383084,0.41470471349636606,0.7547801733016968,0.4831250309944153,0.0683467909693718
Body,Body_random_equal4_05_mean,12345,474,0.1748113144680579,0.241813890865304,0.6417409181594849,0.43670690059661865,0.06097828969359398
Body,Body_random_equal4_05_mean,12345,492,0.005532775969782548,0.3923306116304528,0.6559827923774719,0.7341782450675964,0.34478995203971863
Body,Body_random_equal4_05_mean,12345,527,0.32262025578270365,0.2728817708970416,0.7480185627937317,0.5120265483856201,0.27803707122802734
Body,Body_random_equal4_05_mean,12345,530,-0.14244254871934078,0.4723166841503682,0.6653407216072083,0.6203563809394836,0.1509508639574051
Body,Body_random_equal4_05_mean,12345,542,-0.16167886495981393,0.31939953719105957,0.6337895393371582,0.620377242565155,0.26512089371681213
Body,Body_random_equal4_05_mean,12345,574,-0.15616408182219915,0.7035809431362617,0.7933939099311829,0.35144826769828796,0.03330964967608452
Body,Body_random_equal4_05_mean,12345,597,-0.10910738558968103,0.2687030999092872,0.7337369322776794,0.5417846441268921,0.09235283732414246
Body,Body_random_equal4_05_mean,12345,619,0.10281566108431316,0.2310178618077369,0.71941077709198,0.7282421588897705,0.7038136720657349
Body,Body_random_equal4_05_mean,12345,656,0.05722079549204762,0.19642900553522094,0.7008804082870483,0.4469866156578064,0.000896453857421875
Body,Body_random_equal4_05_mean,12345,661,-0.04237794380671266,0.3108561753398382,0.7198721170425415,0.6862801909446716,0.2686116397380829
Body,Body_random_equal4_05_mean,12345,664,0.14169208198285432,0.4579784147530478,0.702911376953125,0.8110302090644836,0.5171617865562439
Body,Body_random_equal4_05_mean,12345,698,-0.1089912199667834,0.2803374247737498,0.765901505947113,0.6158697605133057,0.011320961639285088
Body,Body_random_equal4_05_mean,12345,700,0.15104923556851177,0.2707303117709771,0.7981723546981812,0.4452574849128723,0.20418033003807068
Body,Body_random_equal4_05_mean,12345,716,-0.0384655966848679,0.2479906292577074,0.7089040279388428,0.513324499130249,0.0636935755610466
Body,Body_random_equal4_05_mean,12345,765,0.18250748900944905,0.36460001307613804,0.6815711855888367,0.6002263426780701,0.0998319610953331
Body,Body_random_equal4_05_mean,12345,771,0.040478961350885564,0.38967597975743495,0.7317057847976685,0.6809802055358887,0.22541449964046478
Body,Body_random_equal4_05_mean,12345,786,-0.02041492042851402,0.07972235554266643,0.8517338037490845,0.6909310221672058,0.3550146818161011
Body,Body_random_equal4_05_mean,12345,806,-0.02755357286968765,0.2125053348353736,0.6332867741584778,0.5261096954345703,0.11492970585823059
Body,Body_random_equal4_05_mean,12345,813,0.07886434818585993,0.1933307082887141,0.7008571028709412,0.5033411383628845,0.039203088730573654
Body,Body_random_equal4_05_mean,12345,816,-0.11104832618792237,0.1885790435210894,0.7060866355895996,0.5294595956802368,0.13932514190673828
Body,Body_random_equal4_05_mean,12345,822,0.34293448126771114,0.3284496572605776,0.6362517476081848,0.4344608187675476,0.09660965204238892
Body,Body_random_equal4_05_mean,12345,826,0.5130509470689755,0.4035620285236561,0.677561342716217,0.32656174898147583,0.03703144192695618
Body,Body_random_equal4_05_mean,12345,847,-0.06467291145670477,0.2968071531614317,0.6911647319793701,0.6495771408081055,0.2657872438430786
Body,Body_random_equal4_05_mean,12345,876,-0.04980992756818297,0.13343861545638502,0.7550299167633057,0.627924919128418,-0.0318073108792305
Body,Body_random_equal4_05_mean,12345,891,-0.13063816463724562,0.10387155607650742,0.7985512018203735,0.4694024324417114,0.07098155468702316
Body,Body_random_equal4_05_mean,12345,919,-0.11726590936947419,0.12518656825243962,0.7234990000724792,0.3957284688949585,0.024336598813533783
Body,Body_random_equal4_05_mean,12345,931,0.10419477121475512,0.2946801525677129,0.6838441491127014,0.6929619312286377,0.7093396186828613
Body,Body_random_equal4_05_mean,12345,933,0.13004490150902234,0.3675347745091981,0.7277361154556274,0.6222078204154968,0.5573300123214722
Body,Body_random_equal4_05_mean,12345,941,-0.04335400018820655,0.3362952697740145,0.6508549451828003,0.5619702935218811,0.07625765353441238
Body,Body_random_equal4_05_mean,12345,960,0.012680249807203262,0.4161847581138909,0.8388403058052063,0.27404969930648804,-0.033110760152339935
Body,Body_random_equal4_05_mean,12345,968,-0.036417328660677185,0.12273069676044196,0.6997120380401611,0.6264073848724365,0.1771608591079712
Body,Body_random_equal4_05_mean,12345,989,-0.06313946499212325,0.49273885533063133,0.73447585105896,0.825681746006012,0.5968444347381592
Body,Body_random_full_01_mean,12345,21,0.08140041303565253,0.21468340303059483,0.6697614192962646,0.7108587026596069,0.6343529224395752
Body,Body_random_full_01_mean,12345,38,-0.028728963987177548,0.25392022750892884,0.6838241219520569,0.7215639352798462,0.31254878640174866
Body,Body_random_full_01_mean,12345,40,0.3552925432010415,0.704192282107452,0.5587664842605591,0.777840256690979,0.6514476537704468
Body,Body_random_full_01_mean,12345,59,-0.05152018053552009,0.3520898399854284,0.6831389665603638,0.3853404223918915,0.0031884703785181046
Body,Body_random_full_01_mean,12345,88,0.09107140521243233,0.30351817382027335,0.729823112487793,0.49324119091033936,-0.00040884222835302353
Body,Body_random_full_01_mean,12345,116,0.025481583849599265,0.250751486695739,0.7939746379852295,0.6060550212860107,0.5783858895301819
Body,Body_random_full_01_mean,12345,133,-0.08101889793922766,0.5770446323467074,0.6885015368461609,0.44016575813293457,0.022485358640551567
Body,Body_random_full_01_mean,12345,161,-0.005377079761793688,0.4059657734837286,0.6651877760887146,0.7338446378707886,0.6061385869979858
Body,Body_random_full_01_mean,12345,170,-0.12971247838578756,0.22839569496125692,0.6549955606460571,0.6002955436706543,0.07906278967857361
Body,Body_random_full_01_mean,12345,179,-0.19088750529774828,0.273216950447357,0.7477458715438843,0.5851846933364868,0.21219494938850403
Body,Body_random_full_01_mean,12345,220,-0.07543786018353428,0.4469104162006625,0.6374092102050781,0.6499884724617004,0.3455852270126343
Body,Body_random_full_01_mean,12345,233,0.14932583529375262,0.19498881627301215,0.6870566606521606,0.5271180272102356,0.05744750797748566
Body,Body_random_full_01_mean,12345,257,-0.06086593475624509,0.2413809381583557,0.6618539094924927,0.48744750022888184,0.01900043524801731
Body,Body_random_full_01_mean,12345,290,-0.04034318584454601,0.26869839603663176,0.7461840510368347,0.5093069672584534,0.24716532230377197
Body,Body_random_full_01_mean,12345,331,0.23313335123832163,0.2604397232792464,0.7910434007644653,0.32850581407546997,0.02102825418114662
Body,Body_random_full_01_mean,12345,339,0.23227494683625033,0.3757247886357797,0.7381348013877869,0.7294687032699585,0.3909565210342407
Body,Body_random_full_01_mean,12345,355,-0.12654556813018447,0.49252983369932074,0.7040220499038696,0.7411646842956543,0.6849340200424194
Body,Body_random_full_01_mean,12345,366,-0.013506941823781636,0.38635040725583036,0.7353724837303162,0.7396899461746216,0.32944220304489136
Body,Body_random_full_01_mean,12345,474,0.21220147868818964,0.23042171071720716,0.6767534017562866,0.39336466789245605,0.07674206793308258
Body,Body_random_full_01_mean,12345,492,0.031159915922288953,0.3969724762655924,0.6404786705970764,0.6733157634735107,0.3079345226287842
Body,Body_random_full_01_mean,12345,527,0.24017970849093778,0.19307436294245528,0.7800438404083252,0.37335994839668274,0.13711607456207275
Body,Body_random_full_01_mean,12345,530,-0.1448924970892783,0.4472956088043523,0.7340579032897949,0.5703685879707336,0.23025406897068024
Body,Body_random_full_01_mean,12345,542,-0.1147100101592053,0.3283874685220147,0.6545335054397583,0.657302737236023,0.22839391231536865
Body,Body_random_full_01_mean,12345,574,-0.1416665482379298,0.7014656718788894,0.766383707523346,0.5099910497665405,0.393653005361557
Body,Body_random_full_01_mean,12345,597,-0.07408033368821636,0.26494119506824104,0.7265414595603943,0.547644853591919,0.04514191299676895
Body,Body_random_full_01_mean,12345,619,0.18045646035610544,0.2834576435926165,0.7598365545272827,0.7864888906478882,0.7774381637573242
Body,Body_random_full_01_mean,12345,656,0.050826984221297784,0.20473773312837898,0.6819510459899902,0.4244365096092224,0.009677637368440628
Body,Body_random_full_01_mean,12345,661,-0.08088456902452507,0.3298215273936494,0.7001639008522034,0.6037221550941467,0.32165929675102234
Body,Body_random_full_01_mean,12345,664,0.08653046215324149,0.45960517164529113,0.7150565385818481,0.8254290819168091,0.5940082669258118
Body,Body_random_full_01_mean,12345,698,-0.1176809270886203,0.26635951533732927,0.7404466271400452,0.5526489615440369,0.045557789504528046
Body,Body_random_full_01_mean,12345,700,0.18405264431139637,0.2653702482617486,0.7279462814331055,0.39739280939102173,0.26190289855003357
Body,Body_random_full_01_mean,12345,716,-0.022794651145037478,0.20442073161553317,0.6848442554473877,0.5750828385353088,0.05245596170425415
Body,Body_random_full_01_mean,12345,765,-0.07151419700914215,0.32481384956826803,0.6910738945007324,0.48717212677001953,0.14615647494792938
Body,Body_random_full_01_mean,12345,771,0.04921647250224034,0.3963783625878522,0.7184329032897949,0.6828415393829346,0.15460172295570374
Body,Body_random_full_01_mean,12345,786,-0.005902874939045294,0.07922512257227117,0.8767309188842773,0.6483364105224609,0.3521319031715393
Body,Body_random_full_01_mean,12345,806,-0.028921527719156213,0.27823473509655267,0.6831246018409729,0.5191667675971985,0.06547851860523224
Body,Body_random_full_01_mean,12345,813,0.082663976282809,0.20325009870998834,0.7276400327682495,0.5204314589500427,0.11586766690015793
Body,Body_random_full_01_mean,12345,816,-0.1270017838804315,0.18013459118498543,0.6690355539321899,0.46751096844673157,0.13391190767288208
Body,Body_random_full_01_mean,12345,822,0.3269395950285186,0.3492173204794772,0.6533418297767639,0.36593782901763916,0.06485381722450256
Body,Body_random_full_01_mean,12345,826,0.5155839481830944,0.3950969611562206,0.655703067779541,0.429095983505249,0.06208955869078636
Body,Body_random_full_01_mean,12345,847,0.0017959943028881085,0.3197532827691888,0.6646996736526489,0.6186997294425964,0.11094009131193161
Body,Body_random_full_01_mean,12345,876,-0.09420808901328705,0.11384426195428515,0.735321044921875,0.5412520170211792,0.006020872853696346
Body,Body_random_full_01_mean,12345,891,-0.09927336713662795,0.07081853538013269,0.8601534962654114,0.480233758687973,0.047004617750644684
Body,Body_random_full_01_mean,12345,919,-0.020336107017867786,0.1689384136697469,0.7561022043228149,0.4561041593551636,0.23356863856315613
Body,Body_random_full_01_mean,12345,931,0.12251890702841818,0.25708718175139844,0.6654244065284729,0.7479013204574585,0.7161778211593628
Body,Body_random_full_01_mean,12345,933,-0.0476183592212531,0.3389958393421339,0.7514163851737976,0.4825558662414551,0.1887332797050476
Body,Body_random_full_01_mean,12345,941,-0.08685284433142512,0.3318464131370944,0.6868218183517456,0.4859132468700409,0.011960407719016075
Body,Body_random_full_01_mean,12345,960,-0.00019444360872658683,0.3689662068304286,0.8019543290138245,0.4165845513343811,0.06591930240392685
Body,Body_random_full_01_mean,12345,968,0.046166082544993936,0.13544092785306167,0.6710677742958069,0.7486762404441833,0.18462687730789185
Body,Body_random_full_01_mean,12345,989,0.0830043134490829,0.421655348723711,0.7282216548919678,0.7603759765625,0.45016759634017944
Body,Body_random_full_02_mean,12345,21,0.046724073593683246,0.20942265998037765,0.6561131477355957,0.7892909646034241,0.6425620913505554
Body,Body_random_full_02_mean,12345,38,-0.015348897021522548,0.2305199812393102,0.6642109155654907,0.5700594186782837,0.3112729489803314
Body,Body_random_full_02_mean,12345,40,0.35754678026371367,0.7213405118716255,0.5665298700332642,0.7895585298538208,0.6533983945846558
Body,Body_random_full_02_mean,12345,59,-0.057640657769414676,0.33324795723851797,0.6684828996658325,0.42270776629447937,-0.0019006915390491486
Body,Body_random_full_02_mean,12345,88,0.04544850858558482,0.30714103146676813,0.7416027784347534,0.39221012592315674,0.09514977037906647
Body,Body_random_full_02_mean,12345,116,0.04352743483101331,0.23597553473738486,0.7742056846618652,0.6745567917823792,0.6529934406280518
Body,Body_random_full_02_mean,12345,133,-0.006805558220828671,0.5848579518839334,0.6703263521194458,0.4717949330806732,0.03739042952656746
Body,Body_random_full_02_mean,12345,161,0.026700487700587146,0.4234445212201428,0.6705946922302246,0.7804744243621826,0.6119099259376526
Body,Body_random_full_02_mean,12345,170,-0.015422053959563349,0.2688161784807744,0.6505782008171082,0.6294677257537842,0.11235493421554565
Body,Body_random_full_02_mean,12345,179,-0.030031831720956907,0.289893928172183,0.8093686699867249,0.6239480376243591,0.08158224821090698
Body,Body_random_full_02_mean,12345,220,-0.10773692808100015,0.4169161680778937,0.7241090536117554,0.508953332901001,0.18897020816802979
Body,Body_random_full_02_mean,12345,233,0.1301193203709951,0.20769007879975004,0.6612432599067688,0.6218129396438599,0.253928005695343
Body,Body_random_full_02_mean,12345,257,-0.06546199878517013,0.26031086133052206,0.6784237623214722,0.4737590253353119,0.02672002650797367
Body,Body_random_full_02_mean,12345,290,-0.0329868122733165,0.2975834841970287,0.7800737619400024,0.5281122922897339,0.2898175120353699
Body,Body_random_full_02_mean,12345,331,0.23005217744166226,0.257457489843408,0.7967121601104736,0.36572787165641785,-0.025495970621705055
Body,Body_random_full_02_mean,12345,339,0.22312331360939275,0.3748447755634316,0.7361010909080505,0.7328716516494751,0.6440697908401489
Body,Body_random_full_02_mean,12345,355,-0.16673169804698743,0.5170252735059208,0.7225835919380188,0.631892740726471,0.6527777314186096
Body,Body_random_full_02_mean,12345,366,-0.06152516057012678,0.4265911026667888,0.7436931729316711,0.5604169964790344,0.09316278249025345
Body,Body_random_full_02_mean,12345,474,0.16815711691808874,0.2429802553103722,0.6665452122688293,0.42438599467277527,0.05928906053304672
Body,Body_random_full_02_mean,12345,492,-0.07033442020272157,0.3994543351079583,0.6975963711738586,0.6942859292030334,0.34062883257865906
Body,Body_random_full_02_mean,12345,527,0.3807517710824962,0.30218181445923525,0.7348309755325317,0.5380411148071289,0.2233356535434723
Body,Body_random_full_02_mean,12345,530,-0.11924328609426926,0.4954522578657667,0.6746698617935181,0.7392165064811707,0.5162595510482788
Body,Body_random_full_02_mean,12345,542,-0.1435085229846005,0.31733169907878467,0.6321845054626465,0.5555586218833923,0.3346206545829773
Body,Body_random_full_02_mean,12345,574,-0.15648540148949813,0.7043544181247576,0.7969009280204773,0.35977795720100403,-0.03238452225923538
Body,Body_random_full_02_mean,12345,597,-0.06648713899963211,0.27926697881685525,0.7390307188034058,0.5600165724754333,0.09144120663404465
Body,Body_random_full_02_mean,12345,619,-0.00773153358057056,0.23073876612057634,0.7191672921180725,0.7753152847290039,0.6669248938560486
Body,Body_random_full_02_mean,12345,656,0.06367934294505836,0.20117054433732776,0.7124922871589661,0.4734070599079132,-0.007091080769896507
Body,Body_random_full_02_mean,12345,661,-0.07225149806827377,0.3010501792201182,0.6995992660522461,0.5887969732284546,0.1364767849445343
Body,Body_random_full_02_mean,12345,664,0.09335613271324603,0.4421118348196421,0.7280219197273254,0.8309061527252197,0.6006602048873901
Body,Body_random_full_02_mean,12345,698,-0.11443872738359431,0.28228746957438267,0.7584225535392761,0.5755975842475891,0.05690878629684448
Body,Body_random_full_02_mean,12345,700,0.14682047292440933,0.2610486692145532,0.7492631077766418,0.4346078634262085,0.15720444917678833
Body,Body_random_full_02_mean,12345,716,-0.026192472681998577,0.26000837492702844,0.7052800059318542,0.5072001814842224,-0.005003118887543678
Body,Body_random_full_02_mean,12345,765,0.16524679166325207,0.3455200665091167,0.6734668016433716,0.687524676322937,0.25705385208129883
Body,Body_random_full_02_mean,12345,771,0.04252945100383952,0.38822758737525903,0.7156955003738403,0.6762451529502869,0.37437859177589417
Body,Body_random_full_02_mean,12345,786,0.00573989909499396,0.07971344747404784,0.850629985332489,0.6270818710327148,0.40027520060539246
Body,Body_random_full_02_mean,12345,806,-0.03468287848460327,0.21166627870073274,0.6385451555252075,0.5626696348190308,0.15653882920742035
Body,Body_random_full_02_mean,12345,813,0.0996422188705682,0.20100669734725404,0.7088360786437988,0.5072599649429321,0.05258677527308464
Body,Body_random_full_02_mean,12345,816,-0.1098534032509136,0.19084132797203618,0.6692377328872681,0.5734683871269226,0.1833929568529129
Body,Body_random_full_02_mean,12345,822,0.32268038586922176,0.33993223152639085,0.6415748000144958,0.438518226146698,0.045435454696416855
Body,Body_random_full_02_mean,12345,826,0.5121176707301733,0.4049923898978963,0.6748398542404175,0.35198187828063965,0.01852291077375412
Body,Body_random_full_02_mean,12345,847,-0.06622785211904335,0.2988928359229467,0.6889929175376892,0.6785722970962524,0.19371727108955383
Body,Body_random_full_02_mean,12345,876,-0.07271456777136957,0.1267707628019767,0.7390354871749878,0.6885627508163452,-0.029240019619464874
Body,Body_random_full_02_mean,12345,891,-0.07400291020676661,0.06411365508221244,0.8776291012763977,0.41551440954208374,0.027299227192997932
Body,Body_random_full_02_mean,12345,919,-0.05388289022388359,0.11245236297430752,0.6923521757125854,0.4353356957435608,0.061936940997838974
Body,Body_random_full_02_mean,12345,931,0.09306692345263119,0.2902081116149229,0.6763466000556946,0.7120288014411926,0.7087029814720154
Body,Body_random_full_02_mean,12345,933,0.04378626821948092,0.3745429021329013,0.7710182070732117,0.479534775018692,0.174314945936203
Body,Body_random_full_02_mean,12345,941,-0.037039255193182505,0.30099593165328875,0.6340978145599365,0.5257740020751953,0.08967600017786026
Body,Body_random_full_02_mean,12345,960,0.03537497322132679,0.43833905563604186,0.834896445274353,0.33794379234313965,-0.054057423025369644
Body,Body_random_full_02_mean,12345,968,-0.05493924593727624,0.12537791953989838,0.7096157073974609,0.568932294845581,0.23591190576553345
Body,Body_random_full_02_mean,12345,989,0.06254154309955706,0.5200924907550846,0.6711505651473999,0.7924953103065491,0.5026522874832153
Body,Body_random_full_03_mean,12345,21,0.06776649416564288,0.2169251201871706,0.6609218716621399,0.746531069278717,0.5877071619033813
Body,Body_random_full_03_mean,12345,38,-0.023791767489958073,0.2640141747446718,0.677462100982666,0.7563554644584656,0.3917241096496582
Body,Body_random_full_03_mean,12345,40,0.23771074489547636,0.7048174053763733,0.5782132148742676,0.6984638571739197,0.262970507144928
Body,Body_random_full_03_mean,12345,59,0.039284530441443616,0.30443966533002903,0.6598620414733887,0.43971508741378784,0.012113947421312332
Body,Body_random_full_03_mean,12345,88,0.1805555722903479,0.25731944210700847,0.8119434714317322,0.4923604726791382,-0.04329498112201691
Body,Body_random_full_03_mean,12345,116,0.0363600522795584,0.19381044772947015,0.7698875069618225,0.5373694896697998,0.34432369470596313
Body,Body_random_full_03_mean,12345,133,-0.06259488169510435,0.6063342832978809,0.6868857145309448,0.45236146450042725,0.018362514674663544
Body,Body_random_full_03_mean,12345,161,0.08055987951454315,0.3511205639532505,0.6363967061042786,0.7123059034347534,0.6250216960906982
Body,Body_random_full_03_mean,12345,170,-0.11155713243926674,0.2627652113190472,0.6446563005447388,0.6390436291694641,0.01260441541671753
Body,Body_random_full_03_mean,12345,179,-0.2161116588597494,0.24288820661206503,0.7302052974700928,0.5518779754638672,0.06656000018119812
Body,Body_random_full_03_mean,12345,220,-0.09597386807494504,0.32825260666132544,0.7180724740028381,0.4641879200935364,0.06889964640140533
Body,Body_random_full_03_mean,12345,233,0.10475915020769137,0.16197805857516065,0.6953403949737549,0.444578617811203,0.05402570217847824
Body,Body_random_full_03_mean,12345,257,-0.05523166035091464,0.233875941989863,0.6640914082527161,0.46011510491371155,-0.05434460937976837
Body,Body_random_full_03_mean,12345,290,-0.08004791291909341,0.25936379650084385,0.7560463547706604,0.5243366360664368,0.1956528276205063
Body,Body_random_full_03_mean,12345,331,0.18069798969258238,0.23688458424170136,0.7651949524879456,0.5004482269287109,0.009159162640571594
Body,Body_random_full_03_mean,12345,339,0.07728961717975497,0.3898247631841518,0.668408215045929,0.7261319160461426,0.6730904579162598
Body,Body_random_full_03_mean,12345,355,-0.05260926864403527,0.45203831095413916,0.7590022087097168,0.7036408185958862,0.6935686469078064
Body,Body_random_full_03_mean,12345,366,-0.09707056747360616,0.37111127718221554,0.7244818806648254,0.7483031749725342,0.1990918517112732
Body,Body_random_full_03_mean,12345,474,0.2176871490017877,0.23601701796754954,0.6638476848602295,0.42633822560310364,0.08347108215093613
Body,Body_random_full_03_mean,12345,492,0.2902358751119371,0.43483223165853324,0.62040776014328,0.657896101474762,0.3450239300727844
Body,Body_random_full_03_mean,12345,527,0.23581627902259486,0.195174061540197,0.7723304033279419,0.387530118227005,0.13768823444843292
Body,Body_random_full_03_mean,12345,530,-0.16289433601082792,0.4346253375381601,0.7081922292709351,0.553104043006897,0.1481798142194748
Body,Body_random_full_03_mean,12345,542,-0.1321976696334268,0.31094029822865726,0.6601911187171936,0.6149722337722778,0.22927148640155792
Body,Body_random_full_03_mean,12345,574,0.004858343353998469,0.5471730551538206,0.6517636179924011,0.646137535572052,0.7182586789131165
Body,Body_random_full_03_mean,12345,597,-0.08445374768736297,0.28510338808754804,0.7277995347976685,0.6406397819519043,0.10546982288360596
Body,Body_random_full_03_mean,12345,619,-0.004580198136721013,0.19039468521910885,0.7035371661186218,0.6940551996231079,0.606705904006958
Body,Body_random_full_03_mean,12345,656,0.07135535049246072,0.21224254309508161,0.6403276324272156,0.528654932975769,0.0603167861700058
Body,Body_random_full_03_mean,12345,661,-0.1591192619245629,0.3224403072516313,0.7001941204071045,0.5997339487075806,0.41223248839378357
Body,Body_random_full_03_mean,12345,664,0.06301245126580289,0.4772769290985182,0.7169232964515686,0.8258507251739502,0.5839436650276184
Body,Body_random_full_03_mean,12345,698,-0.1437788381001258,0.26454032998383087,0.7654522657394409,0.5429021120071411,0.033760108053684235
Body,Body_random_full_03_mean,12345,700,0.1950972658394614,0.27712781313188806,0.6933330297470093,0.41852113604545593,0.16468121111392975
Body,Body_random_full_03_mean,12345,716,-0.07564076995890379,0.2061952249500721,0.6800854206085205,0.43455955386161804,0.013502267189323902
Body,Body_random_full_03_mean,12345,765,-0.014951662099951501,0.3083368774343797,0.7088468074798584,0.5880578756332397,0.1968090534210205
Body,Body_random_full_03_mean,12345,771,0.047119715013722925,0.38442958086917667,0.706353485584259,0.6483945846557617,0.17256180942058563
Body,Body_random_full_03_mean,12345,786,0.0021225745495868603,0.07984722300868971,0.8553250432014465,0.5862577557563782,0.28563907742500305
Body,Body_random_full_03_mean,12345,806,-0.0380150521023573,0.22346536474982695,0.6630533337593079,0.46603313088417053,0.08438326418399811
Body,Body_random_full_03_mean,12345,813,0.09486952272716258,0.21389444129109855,0.7251323461532593,0.5916788578033447,0.19401484727859497
Body,Body_random_full_03_mean,12345,816,-0.09251657399358065,0.18358364024441348,0.6704933047294617,0.4207697808742523,0.1295529156923294
Body,Body_random_full_03_mean,12345,822,0.330918765640475,0.33259819843435307,0.6258209347724915,0.41405707597732544,0.06548888981342316
Body,Body_random_full_03_mean,12345,826,0.0615037144189634,0.24720752071395644,0.7339977025985718,0.4007834494113922,0.048907291144132614
Body,Body_random_full_03_mean,12345,847,0.004675384435110733,0.3474614434963392,0.7306516766548157,0.6685392260551453,0.10310277342796326
Body,Body_random_full_03_mean,12345,876,-0.08940274013136677,0.11888930883412462,0.7363770008087158,0.36522823572158813,0.016230124980211258
Body,Body_random_full_03_mean,12345,891,-0.12146474680797889,0.06903356704018784,0.8069196939468384,0.5373347997665405,0.10390064120292664
Body,Body_random_full_03_mean,12345,919,-0.04065823269130149,0.14749058919002908,0.7522290945053101,0.4392421245574951,0.08271957188844681
Body,Body_random_full_03_mean,12345,931,0.1879160719906793,0.2733893256979256,0.6499467492103577,0.7518823742866516,0.761908769607544
Body,Body_random_full_03_mean,12345,933,-0.06246037885916454,0.34515944503036244,0.728866457939148,0.6105573773384094,0.2183011770248413
Body,Body_random_full_03_mean,12345,941,-0.19189603353975074,0.21095919581089054,0.6697012186050415,0.48038703203201294,0.12416576594114304
Body,Body_random_full_03_mean,12345,960,0.06017568070360867,0.3102510871542841,0.7125368714332581,0.6516276597976685,0.13369746506214142
Body,Body_random_full_03_mean,12345,968,0.06881139174518792,0.11870881882555487,0.6864670515060425,0.7128962278366089,0.1774311512708664
Body,Body_random_full_03_mean,12345,989,0.02167251025673422,0.4809379917934917,0.749779224395752,0.7766744494438171,0.7925118207931519
Body,Body_random_full_04_mean,12345,21,0.12228716581672025,0.23082559793129906,0.6534900665283203,0.7201027870178223,0.627781331539154
Body,Body_random_full_04_mean,12345,38,-0.04320285888676655,0.2373108224282199,0.685905933380127,0.676335871219635,0.35259953141212463
Body,Body_random_full_04_mean,12345,40,0.3463955748300401,0.7266091819830928,0.5813950300216675,0.8215125203132629,0.6573449373245239
Body,Body_random_full_04_mean,12345,59,-0.08325203492746322,0.33846460945518,0.6723515391349792,0.4178076982498169,0.05783410742878914
Body,Body_random_full_04_mean,12345,88,0.041293476471799595,0.3424961369116228,0.7944296598434448,0.39714348316192627,-0.01127792801707983
Body,Body_random_full_04_mean,12345,116,0.0718149833344968,0.23825905210162068,0.7688331007957458,0.530064582824707,0.5559602379798889
Body,Body_random_full_04_mean,12345,133,-0.04329375691183233,0.6401024215090417,0.6874693036079407,0.4580014646053314,0.00656578503549099
Body,Body_random_full_04_mean,12345,161,-0.10230139570511629,0.33343684941905843,0.6837506890296936,0.7068668603897095,0.445246160030365
Body,Body_random_full_04_mean,12345,170,-0.0324366788481607,0.2535249129390904,0.6480053067207336,0.640615701675415,0.15912513434886932
Body,Body_random_full_04_mean,12345,179,-0.09802389561073664,0.3031942717120121,0.7957421541213989,0.6542625427246094,0.16327346861362457
Body,Body_random_full_04_mean,12345,220,-0.05510939118642116,0.391542769116657,0.734541118144989,0.5204681158065796,0.1858287900686264
Body,Body_random_full_04_mean,12345,233,0.10405397866477545,0.1996276890624664,0.674379289150238,0.41985729336738586,0.14989154040813446
Body,Body_random_full_04_mean,12345,257,-0.06086557912519861,0.26515663447021764,0.6651068925857544,0.450368195772171,0.023047076538205147
Body,Body_random_full_04_mean,12345,290,-0.08411277208340316,0.31576996670363267,0.7758635878562927,0.5933258533477783,0.3201465308666229
Body,Body_random_full_04_mean,12345,331,0.2291553303622489,0.2573791272276566,0.779254674911499,0.38986319303512573,-0.011468673124909401
Body,Body_random_full_04_mean,12345,339,0.22684457739317015,0.3627713756965088,0.7423145771026611,0.6948413252830505,0.6070753931999207
Body,Body_random_full_04_mean,12345,355,-0.11580461635454926,0.550008213374204,0.7000881433486938,0.5889655351638794,0.5578582286834717
Body,Body_random_full_04_mean,12345,366,-0.033862801071445965,0.4256215132861095,0.7194997072219849,0.6268653273582458,0.08609404414892197
Body,Body_random_full_04_mean,12345,474,0.1727579705909988,0.25448112422965147,0.6726526021957397,0.3931030035018921,0.11320559680461884
Body,Body_random_full_04_mean,12345,492,0.05959950748305502,0.40152721523925783,0.6434719562530518,0.6926867365837097,0.33054712414741516
Body,Body_random_full_04_mean,12345,527,0.40188876942979257,0.3235625419814046,0.7306295037269592,0.6355905532836914,0.21619732677936554
Body,Body_random_full_04_mean,12345,530,-0.056367935001609006,0.502783699024076,0.6619933843612671,0.7272478342056274,0.4466378092765808
Body,Body_random_full_04_mean,12345,542,-0.12346838408418792,0.32036108202322494,0.6299959421157837,0.5081871151924133,0.31228986382484436
Body,Body_random_full_04_mean,12345,574,-0.10558803472176657,0.6492930332206801,0.7326439619064331,0.4049719572067261,0.1990182250738144
Body,Body_random_full_04_mean,12345,597,-0.08158015008731902,0.2615331190318561,0.7430742383003235,0.5342893004417419,0.09321168065071106
Body,Body_random_full_04_mean,12345,619,-0.06353149639777997,0.2323051306895671,0.7224334478378296,0.7808845043182373,0.6030844449996948
Body,Body_random_full_04_mean,12345,656,0.01704512844981576,0.2052691169117117,0.7006198167800903,0.46302494406700134,-0.04695749282836914
Body,Body_random_full_04_mean,12345,661,-0.03503672399414375,0.31058845800468987,0.7385194301605225,0.5989699363708496,0.15800201892852783
Body,Body_random_full_04_mean,12345,664,0.13247921014015177,0.4716900926073805,0.7206615209579468,0.7792980670928955,0.4961412847042084
Body,Body_random_full_04_mean,12345,698,-0.11004190361017356,0.2779842192317138,0.7514756321907043,0.5937278270721436,0.039992280304431915
Body,Body_random_full_04_mean,12345,700,0.14709030006595278,0.2599456663827759,0.7558721899986267,0.4552169144153595,0.23380158841609955
Body,Body_random_full_04_mean,12345,716,-0.051818163554232584,0.2305906205609154,0.7036067247390747,0.479153573513031,0.1445460468530655
Body,Body_random_full_04_mean,12345,765,0.12817266847448994,0.35905008328950017,0.7195419073104858,0.547556459903717,0.11417609453201294
Body,Body_random_full_04_mean,12345,771,0.023127658688118946,0.3984897272953759,0.7297940254211426,0.6511127352714539,0.13366718590259552
Body,Body_random_full_04_mean,12345,786,0.015406275295968053,0.07943834977752492,0.8606414198875427,0.6539565324783325,0.35790660977363586
Body,Body_random_full_04_mean,12345,806,-0.01961477713476008,0.21384369277637635,0.6247113943099976,0.5449862480163574,0.07566142082214355
Body,Body_random_full_04_mean,12345,813,0.10181791110914917,0.2074736288527718,0.7251696586608887,0.5508764386177063,0.058688849210739136
Body,Body_random_full_04_mean,12345,816,-0.13536290655923336,0.14463908122019878,0.6921343803405762,0.5770289301872253,0.0981212705373764
Body,Body_random_full_04_mean,12345,822,0.33445773805775225,0.3470509297929091,0.6574746370315552,0.3979700207710266,0.02752736210823059
Body,Body_random_full_04_mean,12345,826,0.5169292461451067,0.40517628340725803,0.6699017286300659,0.3757766783237457,0.0810946524143219
Body,Body_random_full_04_mean,12345,847,-0.010727288927177248,0.2985222015389962,0.6598598957061768,0.5758927464485168,0.10915306955575943
Body,Body_random_full_04_mean,12345,876,-0.043080155461810724,0.1402248902827606,0.7328606247901917,0.6094967126846313,0.024131791666150093
Body,Body_random_full_04_mean,12345,891,-0.12144793416211844,0.08074769096896794,0.7184702754020691,0.4863562285900116,0.049226224422454834
Body,Body_random_full_04_mean,12345,919,-0.11043796118226142,0.1276052608921653,0.7328389286994934,0.44983312487602234,0.09346003830432892
Body,Body_random_full_04_mean,12345,931,0.1271377396800459,0.28688896123820706,0.6683206558227539,0.6872692704200745,0.6882337927818298
Body,Body_random_full_04_mean,12345,933,0.1523917763294994,0.3670466326693746,0.7176601886749268,0.6117343902587891,0.356877863407135
Body,Body_random_full_04_mean,12345,941,-0.04618916931769762,0.2994218494536227,0.6353648900985718,0.5832139849662781,0.10555677115917206
Body,Body_random_full_04_mean,12345,960,0.0511120693639852,0.41658412822318847,0.8612158894538879,0.41551336646080017,-0.01893571950495243
Body,Body_random_full_04_mean,12345,968,-0.04384091227123597,0.12450391298333294,0.7198864221572876,0.6103808879852295,0.14014139771461487
Body,Body_random_full_04_mean,12345,989,-0.07131711403554405,0.5131607867909672,0.7294073104858398,0.8223603963851929,0.7017996311187744
Body,Body_random_full_05_mean,12345,21,0.06893178590436762,0.2203039731148446,0.6546537280082703,0.7391099333763123,0.6169201135635376
Body,Body_random_full_05_mean,12345,38,-0.03175286459046517,0.25686144136109884,0.6817010641098022,0.7371398210525513,0.37425869703292847
Body,Body_random_full_05_mean,12345,40,0.24805860674954675,0.7017231854160811,0.5847703218460083,0.7021946310997009,0.19992169737815857
Body,Body_random_full_05_mean,12345,59,0.031256958047190364,0.30325022693675,0.6598171591758728,0.43514448404312134,0.03170226514339447
Body,Body_random_full_05_mean,12345,88,0.09130170894583778,0.24471331426998405,0.6689876317977905,0.48275575041770935,0.05494435876607895
Body,Body_random_full_05_mean,12345,116,0.03752930133333918,0.23738211312967047,0.7639025449752808,0.41438764333724976,0.09848179668188095
Body,Body_random_full_05_mean,12345,133,-0.04251413579615392,0.5989720709364378,0.6980258226394653,0.4525051712989807,0.19430455565452576
Body,Body_random_full_05_mean,12345,161,0.12322851349105343,0.35535316973880765,0.6527139544487,0.6963270306587219,0.6108991503715515
Body,Body_random_full_05_mean,12345,170,-0.07933250160337471,0.22653018200045544,0.6185641884803772,0.5890359282493591,0.03002144955098629
Body,Body_random_full_05_mean,12345,179,-0.05679563754839589,0.28706741612180275,0.7989495992660522,0.6142380833625793,0.1652345359325409
Body,Body_random_full_05_mean,12345,220,-0.1467161318574872,0.4000793933091048,0.7147547006607056,0.42644762992858887,0.0858372151851654
Body,Body_random_full_05_mean,12345,233,0.07751634501343696,0.15694191565117077,0.6943576335906982,0.5013635158538818,0.0033371364697813988
Body,Body_random_full_05_mean,12345,257,-0.06811098421007604,0.23754588457427475,0.6849172115325928,0.5647222399711609,0.19666922092437744
Body,Body_random_full_05_mean,12345,290,-0.08164119260057684,0.2719917905611844,0.7619904279708862,0.5139325857162476,0.2500118017196655
Body,Body_random_full_05_mean,12345,331,0.1877849388381605,0.26999268716230396,0.7651827931404114,0.4402114748954773,-0.023132354021072388
Body,Body_random_full_05_mean,12345,339,0.026091786654114484,0.3364899681488338,0.6727014183998108,0.7245047092437744,0.6511592864990234
Body,Body_random_full_05_mean,12345,355,-0.02639091013605277,0.4828301310385763,0.7243255376815796,0.6731139421463013,0.5389794707298279
Body,Body_random_full_05_mean,12345,366,-0.13202589965293718,0.3866468579577852,0.7375395894050598,0.6943637132644653,0.23936156928539276
Body,Body_random_full_05_mean,12345,474,0.22440457736795852,0.22554873697066768,0.667242705821991,0.39709603786468506,0.11653147637844086
Body,Body_random_full_05_mean,12345,492,0.19858047067520637,0.4020278885761202,0.6105939745903015,0.7602269649505615,0.46227794885635376
Body,Body_random_full_05_mean,12345,527,0.250618889584269,0.22920507778064791,0.7664284706115723,0.47104835510253906,0.26697787642478943
Body,Body_random_full_05_mean,12345,530,-0.10172373908109637,0.46812725734421123,0.6544864773750305,0.6924792528152466,0.38145044445991516
Body,Body_random_full_05_mean,12345,542,-0.16267466283415818,0.29835608772664024,0.6362839937210083,0.5902228355407715,0.3409416675567627
Body,Body_random_full_05_mean,12345,574,0.030591140206917382,0.5776908265290274,0.6594355702400208,0.6492612957954407,0.7180856466293335
Body,Body_random_full_05_mean,12345,597,-0.0585521475448559,0.27159273106910997,0.7358585596084595,0.5682300925254822,0.10499472916126251
Body,Body_random_full_05_mean,12345,619,-0.04051949066612993,0.22792937844110403,0.7182544469833374,0.6943368911743164,0.7115006446838379
Body,Body_random_full_05_mean,12345,656,0.06219112722970981,0.21616256384811625,0.6728872656822205,0.48239001631736755,0.08040160685777664
Body,Body_random_full_05_mean,12345,661,-0.14571990606285332,0.32038687598167703,0.6985735297203064,0.5895167589187622,0.25999337434768677
Body,Body_random_full_05_mean,12345,664,0.08407053869003922,0.47636330501683294,0.7308852672576904,0.858501136302948,0.6069188117980957
Body,Body_random_full_05_mean,12345,698,-0.12988999072651453,0.27162034758265224,0.7729611396789551,0.542173445224762,-0.008005006238818169
Body,Body_random_full_05_mean,12345,700,0.2469008060836486,0.3077040345385427,0.6950057148933411,0.42348504066467285,0.22995778918266296
Body,Body_random_full_05_mean,12345,716,0.010069024242615228,0.25058128543425645,0.6881592273712158,0.4694438576698303,0.021393613889813423
Body,Body_random_full_05_mean,12345,765,-0.008377876918424107,0.3133701123175914,0.707614004611969,0.5909521579742432,0.29783982038497925
Body,Body_random_full_05_mean,12345,771,0.058984816463799286,0.38513809724931375,0.7079799771308899,0.6428529024124146,0.15153609216213226
Body,Body_random_full_05_mean,12345,786,0.008397937785557932,0.07875262983039949,0.8431205153465271,0.649612545967102,0.3685721755027771
Body,Body_random_full_05_mean,12345,806,-0.0472415157797684,0.21270249539495606,0.6238247156143188,0.5787766575813293,0.23048079013824463
Body,Body_random_full_05_mean,12345,813,0.10713511118194814,0.21187342283888544,0.7226999402046204,0.5558642148971558,0.028073962777853012
Body,Body_random_full_05_mean,12345,816,-0.13572688748888656,0.16647978072039327,0.7391248345375061,0.5162444710731506,0.03872576355934143
Body,Body_random_full_05_mean,12345,822,0.32149464613484113,0.35517913203388574,0.6360808610916138,0.44841769337654114,0.07709582895040512
Body,Body_random_full_05_mean,12345,826,0.4746712287026818,0.3853890874637568,0.6566054821014404,0.38087794184684753,0.04660573601722717
Body,Body_random_full_05_mean,12345,847,-0.01957105329442646,0.308182603824161,0.666789174079895,0.6708483695983887,0.17360489070415497
Body,Body_random_full_05_mean,12345,876,-0.09592432802642561,0.11895998190370308,0.7221328020095825,0.4960358142852783,0.08878202736377716
Body,Body_random_full_05_mean,12345,891,-0.10193303869741913,0.09191165129587674,0.729572057723999,0.5337222218513489,0.042871054261922836
Body,Body_random_full_05_mean,12345,919,-0.03149383241253287,0.15254740323631769,0.7275035381317139,0.5473116040229797,0.19385766983032227
Body,Body_random_full_05_mean,12345,931,0.13567300993064813,0.28752879071668463,0.6565148234367371,0.7524920701980591,0.7567284107208252
Body,Body_random_full_05_mean,12345,933,0.20933337752388018,0.3565715055858045,0.6412129998207092,0.6816877126693726,0.40119051933288574
Body,Body_random_full_05_mean,12345,941,-0.012382678244972273,0.33892272730956124,0.6518716812133789,0.5264732241630554,0.12404677271842957
Body,Body_random_full_05_mean,12345,960,0.04614169179742139,0.37585978749566695,0.79231858253479,0.6463763117790222,0.4279766082763672
Body,Body_random_full_05_mean,12345,968,0.03994213447529014,0.12433837251549276,0.6833806037902832,0.6525493264198303,0.18549558520317078
Body,Body_random_full_05_mean,12345,989,0.08649639037649196,0.5163922717345556,0.6587868928909302,0.8207017183303833,0.7662343382835388
Body,Scene_unrelated_equal4_mean,12345,21,0.05897660864057087,0.2274299078121038,0.6633747816085815,0.7409607172012329,0.592312753200531
Body,Scene_unrelated_equal4_mean,12345,38,-0.03431318655036837,0.2583067417474511,0.6723061800003052,0.7511613368988037,0.3258259892463684
Body,Scene_unrelated_equal4_mean,12345,40,0.2665076199139619,0.6910243725197416,0.5755731463432312,0.6445479393005371,0.1841716170310974
Body,Scene_unrelated_equal4_mean,12345,59,0.024280486971032158,0.3013579414305663,0.6604195237159729,0.4195982813835144,0.01751966029405594
Body,Scene_unrelated_equal4_mean,12345,88,0.08694090841843716,0.26042876330231374,0.7581682205200195,0.4492928385734558,0.036730196326971054
Body,Scene_unrelated_equal4_mean,12345,116,0.029985552456288846,0.24161211527874452,0.7791711091995239,0.43988072872161865,0.230707585811615
Body,Scene_unrelated_equal4_mean,12345,133,-0.08790381673151625,0.6089946746231372,0.6565138101577759,0.42483121156692505,0.23880180716514587
Body,Scene_unrelated_equal4_mean,12345,161,0.03415979866122672,0.376181893795976,0.6306362152099609,0.6349335312843323,0.5536371469497681
Body,Scene_unrelated_equal4_mean,12345,170,-0.06784621789061444,0.244136969545693,0.6275449395179749,0.6668962240219116,0.10226458311080933
Body,Scene_unrelated_equal4_mean,12345,179,-0.3280050909304263,0.19758030335535795,0.7549153566360474,0.562811017036438,0.09032754600048065
Body,Scene_unrelated_equal4_mean,12345,220,-0.1789505056841843,0.4101545594257534,0.7084124088287354,0.45640331506729126,0.11856937408447266
Body,Scene_unrelated_equal4_mean,12345,233,0.07587498211722378,0.15527708848610092,0.6904823780059814,0.48854780197143555,-0.001946987584233284
Body,Scene_unrelated_equal4_mean,12345,257,-0.05329155462486101,0.239182514032438,0.6591637134552002,0.5034134387969971,-0.0035135112702846527
Body,Scene_unrelated_equal4_mean,12345,290,-0.10360316971844359,0.25953935871605416,0.7525588274002075,0.5046065449714661,0.1917874664068222
Body,Scene_unrelated_equal4_mean,12345,331,0.21152521482086487,0.27799998190436165,0.767608106136322,0.44070354104042053,-0.028997980058193207
Body,Scene_unrelated_equal4_mean,12345,339,0.06010204674158932,0.3563855835709769,0.6691105365753174,0.7492972612380981,0.6120796203613281
Body,Scene_unrelated_equal4_mean,12345,355,-0.08268718897412429,0.47650763981330996,0.7498645782470703,0.6300245523452759,0.6402960419654846
Body,Scene_unrelated_equal4_mean,12345,366,-0.12068765379620891,0.3797992023981908,0.7197554111480713,0.5665982961654663,0.015118054114282131
Body,Scene_unrelated_equal4_mean,12345,474,0.2148628920362806,0.2436658052753629,0.6641937494277954,0.4039001166820526,0.10375672578811646
Body,Scene_unrelated_equal4_mean,12345,492,0.15000051572703385,0.40318923284505137,0.6404908895492554,0.6887236833572388,0.33171483874320984
Body,Scene_unrelated_equal4_mean,12345,527,0.2468031973480121,0.23740269555012397,0.7689189910888672,0.4901663661003113,0.20137692987918854
Body,Scene_unrelated_equal4_mean,12345,530,-0.1587490289091172,0.47318533099170096,0.6720031499862671,0.6213120818138123,0.2839236855506897
Body,Scene_unrelated_equal4_mean,12345,542,-0.10690796000018855,0.32366975994642067,0.6400167942047119,0.6383011341094971,0.15792915225028992
Body,Scene_unrelated_equal4_mean,12345,574,-0.0029633697603838774,0.551872999824362,0.6563498377799988,0.7306739091873169,0.6886125802993774
Body,Scene_unrelated_equal4_mean,12345,597,-0.09212328381887526,0.27265059838083217,0.7336904406547546,0.599141001701355,0.06969785690307617
Body,Scene_unrelated_equal4_mean,12345,619,0.04721408510712217,0.19519330767056087,0.6805529594421387,0.6294517517089844,0.5794080495834351
Body,Scene_unrelated_equal4_mean,12345,656,0.08802487459757403,0.21631695399008222,0.6692169904708862,0.5220118761062622,0.05497230961918831
Body,Scene_unrelated_equal4_mean,12345,661,-0.13647747531712923,0.3230388715519664,0.6948033571243286,0.6729440093040466,0.3993712365627289
Body,Scene_unrelated_equal4_mean,12345,664,0.06031337816164778,0.481513095295324,0.7566826343536377,0.8434310555458069,0.5355598330497742
Body,Scene_unrelated_equal4_mean,12345,698,-0.1276068203224033,0.2682705103462854,0.7649427652359009,0.6006694436073303,0.09601452201604843
Body,Scene_unrelated_equal4_mean,12345,700,0.20344836517289633,0.2798178735191471,0.7040780186653137,0.4246344566345215,0.12986190617084503
Body,Scene_unrelated_equal4_mean,12345,716,-0.12957104378630022,0.2236111128071708,0.6713861227035522,0.41425690054893494,0.032429419457912445
Body,Scene_unrelated_equal4_mean,12345,765,-0.008101577384503513,0.3203477096399921,0.7228134870529175,0.5703662633895874,0.25462982058525085
Body,Scene_unrelated_equal4_mean,12345,771,0.03572517566159559,0.3859683958268932,0.7068133354187012,0.6519528031349182,0.3715677857398987
Body,Scene_unrelated_equal4_mean,12345,786,0.029469873028858617,0.08004007832287598,0.8236585855484009,0.690900444984436,0.3913833498954773
Body,Scene_unrelated_equal4_mean,12345,806,-0.0595368152556973,0.2369474819528782,0.6654219031333923,0.46388480067253113,0.1322745531797409
Body,Scene_unrelated_equal4_mean,12345,813,0.09862702022899934,0.20003002769369138,0.7120941877365112,0.5104199051856995,0.05703585967421532
Body,Scene_unrelated_equal4_mean,12345,816,-0.06794776896701658,0.20387142780851067,0.6749891638755798,0.3595898151397705,0.12380050122737885
Body,Scene_unrelated_equal4_mean,12345,822,0.32648896144645073,0.35216423982809886,0.6321446895599365,0.4453277587890625,0.04519880563020706
Body,Scene_unrelated_equal4_mean,12345,826,0.46739826558644887,0.39361762590298627,0.6617512702941895,0.3649997413158417,0.06066577136516571
Body,Scene_unrelated_equal4_mean,12345,847,-0.03831845759862727,0.2869914992843986,0.6925254464149475,0.5877816081047058,0.11665261536836624
Body,Scene_unrelated_equal4_mean,12345,876,-0.08798904977961135,0.11901840313470077,0.7301239371299744,0.3859787583351135,-0.022990746423602104
Body,Scene_unrelated_equal4_mean,12345,891,-0.1426653683446607,0.0827346946105161,0.7366829514503479,0.5509700179100037,-0.0027905460447072983
Body,Scene_unrelated_equal4_mean,12345,919,-0.09404902179427488,0.15388381984465546,0.7515131831169128,0.4257565140724182,0.078990638256073
Body,Scene_unrelated_equal4_mean,12345,931,0.08349216590135451,0.2924415772418156,0.6711206436157227,0.7297967076301575,0.7426401376724243
Body,Scene_unrelated_equal4_mean,12345,933,-0.09961321553635216,0.3401870453301064,0.7443928122520447,0.5175265669822693,0.4432775378227234
Body,Scene_unrelated_equal4_mean,12345,941,-0.04518907286872604,0.3412606151551367,0.6675047874450684,0.49627572298049927,0.14129196107387543
Body,Scene_unrelated_equal4_mean,12345,960,0.019765482129515993,0.31566361882971444,0.7325464487075806,0.6530265212059021,0.06959552317857742
Body,Scene_unrelated_equal4_mean,12345,968,0.04860573264336539,0.12127102860142933,0.6797342300415039,0.6518391370773315,0.1724582016468048
Body,Scene_unrelated_equal4_mean,12345,989,0.004112088222786176,0.48535129839032193,0.738166093826294,0.7796332240104675,0.7623299360275269
Body,no_mask,12345,21,0.06432817153643916,0.22534238281676572,0.652892529964447,0.7512772083282471,0.6236371994018555
Body,no_mask,12345,38,-0.031954056505539424,0.2554743913290706,0.6729453206062317,0.7254163026809692,0.3653178811073303
Body,no_mask,12345,40,0.24723432861012945,0.7038116787554429,0.5782890915870667,0.7060604691505432,0.2515607178211212
Body,no_mask,12345,59,0.03037590225857392,0.3000475705161679,0.6574432253837585,0.43306830525398254,0.028376983478665352
Body,no_mask,12345,88,0.11888339311972301,0.23529035856341415,0.7378708720207214,0.4822532534599304,0.02737046778202057
Body,no_mask,12345,116,0.024581808538868318,0.2391027142976287,0.7804334163665771,0.42185497283935547,0.26546403765678406
Body,no_mask,12345,133,-0.06371674304067095,0.603746820375917,0.6709417700767517,0.44113537669181824,0.04505659267306328
Body,no_mask,12345,161,0.04306475657115125,0.40452192718502356,0.6531692743301392,0.7885518670082092,0.6598889231681824
Body,no_mask,12345,170,-0.06421037835000086,0.23449127408977918,0.6417778730392456,0.6529359221458435,-0.026197336614131927
Body,no_mask,12345,179,0.028118104160087993,0.23916724150256646,0.8203951120376587,0.5625260472297668,0.04571094363927841
Body,no_mask,12345,220,-0.14297189321554613,0.42146190484882085,0.7014921307563782,0.351481556892395,0.04091636836528778
Body,no_mask,12345,233,0.04725166163340347,0.16425734784643486,0.6772648692131042,0.486245334148407,0.007623892277479172
Body,no_mask,12345,257,-0.0607924318169207,0.24116473286515205,0.6505736112594604,0.5142500400543213,0.07969033718109131
Body,no_mask,12345,290,-0.09464517909074686,0.25797669243154364,0.747632622718811,0.5759487152099609,0.2075788527727127
Body,no_mask,12345,331,0.20512696371692887,0.2800670539741242,0.7684375047683716,0.4536316692829132,-0.023038627579808235
Body,no_mask,12345,339,0.05610000801263703,0.36463105759145226,0.6785686016082764,0.7915146946907043,0.6338706612586975
Body,no_mask,12345,355,-0.011754393028901642,0.5209839967582658,0.7402209043502808,0.6542731523513794,0.6421633362770081
Body,no_mask,12345,366,-0.11337976758929498,0.3868244767957292,0.7353141903877258,0.6390030384063721,0.08386708050966263
Body,no_mask,12345,474,0.22105794913997762,0.24491002211627344,0.6690241098403931,0.4086611270904541,0.11467700451612473
Body,no_mask,12345,492,0.18048212591226945,0.40492418857962476,0.620682418346405,0.695453941822052,0.42187416553497314
Body,no_mask,12345,527,0.24552224144816945,0.19509567861245022,0.7690573930740356,0.41599220037460327,0.18440620601177216
Body,no_mask,12345,530,-0.15181597689292356,0.48389765843877913,0.6670783162117004,0.624317467212677,0.40191957354545593
Body,no_mask,12345,542,-0.11575846340979563,0.32768969033642303,0.633335530757904,0.6512351036071777,0.1676298975944519
Body,no_mask,12345,574,0.007482610744070733,0.5206485612968139,0.6592316627502441,0.6159826517105103,0.6896016001701355
Body,no_mask,12345,597,-0.08907741186378429,0.28616519801528534,0.7220290303230286,0.590685248374939,0.07273103296756744
Body,no_mask,12345,619,0.011543495332864305,0.21476406562109632,0.7006860375404358,0.7600942254066467,0.5891944169998169
Body,no_mask,12345,656,0.0838643361301589,0.21717405427715297,0.6645705103874207,0.5282119512557983,0.056149713695049286
Body,no_mask,12345,661,-0.14426655786133616,0.30670941731343593,0.6812126040458679,0.6143410801887512,0.2679508328437805
Body,no_mask,12345,664,0.06015430702979642,0.47960431897826483,0.7342092990875244,0.8445079326629639,0.5669963955879211
Body,no_mask,12345,698,-0.12124843067761672,0.268730141859327,0.7632567286491394,0.5960744619369507,0.0773366391658783
Body,no_mask,12345,700,0.20078273108688002,0.2735359316000171,0.7033413648605347,0.44415000081062317,0.2522929310798645
Body,no_mask,12345,716,-0.07003514056428942,0.21290676922549093,0.6629226207733154,0.4358534812927246,0.030892297625541687
Body,no_mask,12345,765,-0.026273636487619424,0.3310981035354057,0.7063998579978943,0.5840675234794617,0.24759423732757568
Body,no_mask,12345,771,0.03806084223457584,0.38657296212366016,0.7077710628509521,0.696764349937439,0.4475964307785034
Body,no_mask,12345,786,0.019808239228558108,0.07967965891567606,0.829561173915863,0.642591655254364,0.33925676345825195
Body,no_mask,12345,806,-0.04858421934225812,0.21518035759478574,0.6400416493415833,0.5367088913917542,0.11849969625473022
Body,no_mask,12345,813,0.0987551372903709,0.19966292358387597,0.7147595286369324,0.5046048760414124,0.06130495294928551
Body,no_mask,12345,816,-0.09309153741046627,0.20060213993855072,0.681126058101654,0.3805235028266907,0.14463265240192413
Body,no_mask,12345,822,0.32536163054325806,0.3485066982359283,0.6209126710891724,0.420137494802475,0.05845510959625244
Body,no_mask,12345,826,0.47674123370851934,0.3968455842639964,0.6637207269668579,0.37562695145606995,0.051272764801979065
Body,no_mask,12345,847,-0.023023453779171848,0.31483713112392436,0.6723765730857849,0.6331427097320557,0.17545495927333832
Body,no_mask,12345,876,-0.08450439699437841,0.12190822274038017,0.7351834774017334,0.3775905668735504,-0.016902975738048553
Body,no_mask,12345,891,-0.12938142293403318,0.0784048993724378,0.7438279986381531,0.5456652641296387,0.1083904281258583
Body,no_mask,12345,919,-0.0880634607437725,0.15268013203948083,0.7461941838264465,0.427316814661026,0.08305824548006058
Body,no_mask,12345,931,0.08554160568597433,0.29313692928289525,0.6719454526901245,0.7325503826141357,0.7382659912109375
Body,no_mask,12345,933,-0.04444449621561852,0.34413892438326477,0.7317396402359009,0.5935055613517761,0.2679370045661926
Body,no_mask,12345,941,-0.04325136720696574,0.34315618454296487,0.6690236330032349,0.5137518644332886,0.15443821251392365
Body,no_mask,12345,960,0.03659237068461235,0.3107759800539414,0.7234494090080261,0.6417356133460999,0.057781435549259186
Body,no_mask,12345,968,0.05072750929401608,0.1202716957430395,0.6815416216850281,0.664040744304657,0.1632532775402069
Body,no_mask,12345,989,0.09003199043525532,0.5233157448091921,0.6820672750473022,0.8161075115203857,0.776313304901123
Body,no_mask_repeat,12345,21,0.06432817153643916,0.22534238281676572,0.652892529964447,0.7512772083282471,0.6236371994018555
Body,no_mask_repeat,12345,38,-0.031954056505539424,0.2554743913290706,0.6729453206062317,0.7254163026809692,0.3653178811073303
Body,no_mask_repeat,12345,40,0.24723432861012945,0.7038116787554429,0.5782890915870667,0.7060604691505432,0.2515607178211212
Body,no_mask_repeat,12345,59,0.03037590225857392,0.3000475705161679,0.6574432253837585,0.43306830525398254,0.028376983478665352
Body,no_mask_repeat,12345,88,0.11888339311972301,0.23529035856341415,0.7378708720207214,0.4822532534599304,0.02737046778202057
Body,no_mask_repeat,12345,116,0.024581808538868318,0.2391027142976287,0.7804334163665771,0.42185497283935547,0.26546403765678406
Body,no_mask_repeat,12345,133,-0.06371674304067095,0.603746820375917,0.6709417700767517,0.44113537669181824,0.04505659267306328
Body,no_mask_repeat,12345,161,0.04306475657115125,0.40452192718502356,0.6531692743301392,0.7885518670082092,0.6598889231681824
Body,no_mask_repeat,12345,170,-0.06421037835000086,0.23449127408977918,0.6417778730392456,0.6529359221458435,-0.026197336614131927
Body,no_mask_repeat,12345,179,0.028118104160087993,0.23916724150256646,0.8203951120376587,0.5625260472297668,0.04571094363927841
Body,no_mask_repeat,12345,220,-0.14297189321554613,0.42146190484882085,0.7014921307563782,0.351481556892395,0.04091636836528778
Body,no_mask_repeat,12345,233,0.04725166163340347,0.16425734784643486,0.6772648692131042,0.486245334148407,0.007623892277479172
Body,no_mask_repeat,12345,257,-0.0607924318169207,0.24116473286515205,0.6505736112594604,0.5142500400543213,0.07969033718109131
Body,no_mask_repeat,12345,290,-0.09464517909074686,0.25797669243154364,0.747632622718811,0.5759487152099609,0.2075788527727127
Body,no_mask_repeat,12345,331,0.20512696371692887,0.2800670539741242,0.7684375047683716,0.4536316692829132,-0.023038627579808235
Body,no_mask_repeat,12345,339,0.05610000801263703,0.36463105759145226,0.6785686016082764,0.7915146946907043,0.6338706612586975
Body,no_mask_repeat,12345,355,-0.011754393028901642,0.5209839967582658,0.7402209043502808,0.6542731523513794,0.6421633362770081
Body,no_mask_repeat,12345,366,-0.11337976758929498,0.3868244767957292,0.7353141903877258,0.6390030384063721,0.08386708050966263
Body,no_mask_repeat,12345,474,0.22105794913997762,0.24491002211627344,0.6690241098403931,0.4086611270904541,0.11467700451612473
Body,no_mask_repeat,12345,492,0.18048212591226945,0.40492418857962476,0.620682418346405,0.695453941822052,0.42187416553497314
Body,no_mask_repeat,12345,527,0.24552224144816945,0.19509567861245022,0.7690573930740356,0.41599220037460327,0.18440620601177216
Body,no_mask_repeat,12345,530,-0.15181597689292356,0.48389765843877913,0.6670783162117004,0.624317467212677,0.40191957354545593
Body,no_mask_repeat,12345,542,-0.11575846340979563,0.32768969033642303,0.633335530757904,0.6512351036071777,0.1676298975944519
Body,no_mask_repeat,12345,574,0.007482610744070733,0.5206485612968139,0.6592316627502441,0.6159826517105103,0.6896016001701355
Body,no_mask_repeat,12345,597,-0.08907741186378429,0.28616519801528534,0.7220290303230286,0.590685248374939,0.07273103296756744
Body,no_mask_repeat,12345,619,0.011543495332864305,0.21476406562109632,0.7006860375404358,0.7600942254066467,0.5891944169998169
Body,no_mask_repeat,12345,656,0.0838643361301589,0.21717405427715297,0.6645705103874207,0.5282119512557983,0.056149713695049286
Body,no_mask_repeat,12345,661,-0.14426655786133616,0.30670941731343593,0.6812126040458679,0.6143410801887512,0.2679508328437805
Body,no_mask_repeat,12345,664,0.06015430702979642,0.47960431897826483,0.7342092990875244,0.8445079326629639,0.5669963955879211
Body,no_mask_repeat,12345,698,-0.12124843067761672,0.268730141859327,0.7632567286491394,0.5960744619369507,0.0773366391658783
Body,no_mask_repeat,12345,700,0.20078273108688002,0.2735359316000171,0.7033413648605347,0.44415000081062317,0.2522929310798645
Body,no_mask_repeat,12345,716,-0.07003514056428942,0.21290676922549093,0.6629226207733154,0.4358534812927246,0.030892297625541687
Body,no_mask_repeat,12345,765,-0.026273636487619424,0.3310981035354057,0.7063998579978943,0.5840675234794617,0.24759423732757568
Body,no_mask_repeat,12345,771,0.03806084223457584,0.38657296212366016,0.7077710628509521,0.696764349937439,0.4475964307785034
Body,no_mask_repeat,12345,786,0.019808239228558108,0.07967965891567606,0.829561173915863,0.642591655254364,0.33925676345825195
Body,no_mask_repeat,12345,806,-0.04858421934225812,0.21518035759478574,0.6400416493415833,0.5367088913917542,0.11849969625473022
Body,no_mask_repeat,12345,813,0.0987551372903709,0.19966292358387597,0.7147595286369324,0.5046048760414124,0.06130495294928551
Body,no_mask_repeat,12345,816,-0.09309153741046627,0.20060213993855072,0.681126058101654,0.3805235028266907,0.14463265240192413
Body,no_mask_repeat,12345,822,0.32536163054325806,0.3485066982359283,0.6209126710891724,0.420137494802475,0.05845510959625244
Body,no_mask_repeat,12345,826,0.47674123370851934,0.3968455842639964,0.6637207269668579,0.37562695145606995,0.051272764801979065
Body,no_mask_repeat,12345,847,-0.023023453779171848,0.31483713112392436,0.6723765730857849,0.6331427097320557,0.17545495927333832
Body,no_mask_repeat,12345,876,-0.08450439699437841,0.12190822274038017,0.7351834774017334,0.3775905668735504,-0.016902975738048553
Body,no_mask_repeat,12345,891,-0.12938142293403318,0.0784048993724378,0.7438279986381531,0.5456652641296387,0.1083904281258583
Body,no_mask_repeat,12345,919,-0.0880634607437725,0.15268013203948083,0.7461941838264465,0.427316814661026,0.08305824548006058
Body,no_mask_repeat,12345,931,0.08554160568597433,0.29313692928289525,0.6719454526901245,0.7325503826141357,0.7382659912109375
Body,no_mask_repeat,12345,933,-0.04444449621561852,0.34413892438326477,0.7317396402359009,0.5935055613517761,0.2679370045661926
Body,no_mask_repeat,12345,941,-0.04325136720696574,0.34315618454296487,0.6690236330032349,0.5137518644332886,0.15443821251392365
Body,no_mask_repeat,12345,960,0.03659237068461235,0.3107759800539414,0.7234494090080261,0.6417356133460999,0.057781435549259186
Body,no_mask_repeat,12345,968,0.05072750929401608,0.1202716957430395,0.6815416216850281,0.664040744304657,0.1632532775402069
Body,no_mask_repeat,12345,989,0.09003199043525532,0.5233157448091921,0.6820672750473022,0.8161075115203857,0.776313304901123
Body,Body_equal4_mean,23456,21,-0.1591262460046499,0.2597735406078505,0.7162525653839111,0.6701275706291199,0.5223457217216492
Body,Body_equal4_mean,23456,38,0.29261044239574474,0.29322740443623635,0.6331613063812256,0.8311389088630676,0.2901531755924225
Body,Body_equal4_mean,23456,40,0.3438687761233122,0.7190597816501214,0.5182030200958252,0.7115835547447205,0.3675096035003662
Body,Body_equal4_mean,23456,59,-0.018780470827265174,0.21619837826011193,0.6862043142318726,0.784770131111145,0.683241605758667
Body,Body_equal4_mean,23456,88,-0.3375089661706741,0.2572550884845594,0.7587735056877136,0.4005400538444519,0.03540100157260895
Body,Body_equal4_mean,23456,116,-0.049385677382921316,0.24998408700830374,0.7079910635948181,0.7202719449996948,0.7995753288269043
Body,Body_equal4_mean,23456,133,-0.1358538004638766,0.6257672312738215,0.6922096014022827,0.42574775218963623,0.02770642749965191
Body,Body_equal4_mean,23456,161,-0.27319363646679734,0.3628980465101264,0.647801399230957,0.6563678979873657,0.5047907829284668
Body,Body_equal4_mean,23456,170,0.03084820325044325,0.3119114566681499,0.6501932144165039,0.5303571820259094,-0.02401791885495186
Body,Body_equal4_mean,23456,179,0.19850456791016105,0.25860305288402274,0.7153611183166504,0.5980930328369141,0.2147573083639145
Body,Body_equal4_mean,23456,220,0.27391388265202427,0.43374308301850106,0.6547173857688904,0.6450931429862976,0.49111807346343994
Body,Body_equal4_mean,23456,233,0.012208833555981638,0.21870684181398753,0.6999118328094482,0.5251946449279785,0.25201332569122314
Body,Body_equal4_mean,23456,257,0.12333065605254573,0.2370847562189203,0.6464657187461853,0.5199571847915649,0.0729791447520256
Body,Body_equal4_mean,23456,290,0.3295749038664816,0.30618125795355716,0.7703196406364441,0.7781631946563721,0.6402041912078857
Body,Body_equal4_mean,23456,331,0.06558228727928941,0.22140281150538582,0.7505569458007812,0.5326091051101685,0.06202248856425285
Body,Body_equal4_mean,23456,339,0.11275202286267656,0.24776597962288213,0.6792513132095337,0.747290849685669,0.39552631974220276
Body,Body_equal4_mean,23456,355,-0.18155386267375148,0.5898964615938052,0.600943386554718,0.7642843127250671,0.8070869445800781
Body,Body_equal4_mean,23456,366,0.21748183564173784,0.3404497235671594,0.7017091512680054,0.7509225010871887,0.23360568284988403
Body,Body_equal4_mean,23456,474,-0.2959616358161653,0.17215656322924328,0.6655431985855103,0.4654323160648346,0.1678510457277298
Body,Body_equal4_mean,23456,492,-0.18875755990446638,0.38491141505362514,0.633720338344574,0.8049832582473755,0.5860484838485718
Body,Body_equal4_mean,23456,527,0.04398889337779333,0.33306244644002875,0.7551374435424805,0.5854747295379639,0.25859004259109497
Body,Body_equal4_mean,23456,530,0.2886899673367387,0.44255543176273576,0.6538560390472412,0.5936787128448486,0.14790785312652588
Body,Body_equal4_mean,23456,542,0.03017946194953677,0.31459189219989836,0.6826726198196411,0.5778799057006836,0.3076702654361725
Body,Body_equal4_mean,23456,574,-0.01866382604803167,0.549499189394555,0.6238752007484436,0.5785279273986816,0.7413346767425537
Body,Body_equal4_mean,23456,597,0.11749485900990606,0.312302724814077,0.7841028571128845,0.6026096343994141,0.0978592038154602
Body,Body_equal4_mean,23456,619,-0.08660825798418774,0.2108572860497109,0.7545175552368164,0.4794650375843048,-0.10026423633098602
Body,Body_equal4_mean,23456,656,-0.050192993067918544,0.2153801186298083,0.692510724067688,0.7244947552680969,0.3211248219013214
Body,Body_equal4_mean,23456,661,-0.0607633507380038,0.28312776072078166,0.6414925456047058,0.5301886200904846,0.23200538754463196
Body,Body_equal4_mean,23456,664,0.21704080191998634,0.43290981602023626,0.6427404880523682,0.8698703646659851,0.8198763728141785
Body,Body_equal4_mean,23456,698,0.1457741296444755,0.2278868100199592,0.6690758466720581,0.5249835848808289,0.15168993175029755
Body,Body_equal4_mean,23456,700,0.18796162421115334,0.2875424294131035,0.7938553690910339,0.3963020145893097,0.2792026698589325
Body,Body_equal4_mean,23456,716,-0.1296603773244635,0.2587154170018516,0.6794389486312866,0.6270330548286438,0.19033946096897125
Body,Body_equal4_mean,23456,765,0.09131000854080235,0.3243338942772002,0.7278873920440674,0.7057604789733887,0.20550383627414703
Body,Body_equal4_mean,23456,771,0.034253381736330274,0.2913872873156899,0.6663945913314819,0.6229466795921326,0.15108543634414673
Body,Body_equal4_mean,23456,786,0.012033985096190011,0.07668504836799091,0.8593740463256836,0.5950769186019897,0.29968369007110596
Body,Body_equal4_mean,23456,806,-0.09825525655992999,0.21102741172026537,0.6501858234405518,0.6531773209571838,0.28653931617736816
Body,Body_equal4_mean,23456,813,0.0969549911406729,0.2630302459942234,0.7424739599227905,0.540972888469696,0.10520166158676147
Body,Body_equal4_mean,23456,816,0.18880934927764753,0.22726834761151016,0.6400273442268372,0.42993035912513733,0.1757771372795105
Body,Body_equal4_mean,23456,822,0.11687894659192243,0.2510221490427538,0.6126195192337036,0.7540355324745178,0.7429840564727783
Body,Body_equal4_mean,23456,826,0.546788520564829,0.4288369668239154,0.7522898316383362,0.4711909890174866,0.07191868871450424
Body,Body_equal4_mean,23456,847,-0.017107466494484535,0.38445651659361474,0.6650170683860779,0.6086088418960571,0.33127695322036743
Body,Body_equal4_mean,23456,876,0.08569486542967533,0.15389336617198104,0.7812063694000244,0.6234380006790161,0.1795448213815689
Body,Body_equal4_mean,23456,891,0.12473418207895232,0.12407634407018252,0.6461378335952759,0.5183590650558472,0.026539647951722145
Body,Body_equal4_mean,23456,919,0.2105162803830166,0.1738639649809782,0.7014495730400085,0.49074387550354004,0.04591123014688492
Body,Body_equal4_mean,23456,931,-0.04279706463595179,0.21079426730532747,0.6860165596008301,0.7425975203514099,0.7278628945350647
Body,Body_equal4_mean,23456,933,0.21454006488291744,0.2807867013808383,0.5925174951553345,0.5251197814941406,0.34871095418930054
Body,Body_equal4_mean,23456,941,0.10859812200690373,0.22498305898056517,0.6564210653305054,0.5606070756912231,0.08232823759317398
Body,Body_equal4_mean,23456,960,-0.1491981268911989,0.2802275484039042,0.7099254727363586,0.6479917764663696,0.0753086730837822
Body,Body_equal4_mean,23456,968,0.21813909604033888,0.15527670089985132,0.7470430135726929,0.5003451704978943,0.07976339012384415
Body,Body_equal4_mean,23456,989,0.1966819668507999,0.5314390183223215,0.670182466506958,0.861746072769165,0.5357838273048401
Body,Body_full_mean,23456,21,-0.16724611753371105,0.28272735742544536,0.7804945111274719,0.6238596439361572,0.24514618515968323
Body,Body_full_mean,23456,38,0.28284971177227364,0.2836080886183205,0.6019847989082336,0.787344217300415,0.5497738122940063
Body,Body_full_mean,23456,40,0.3713007499662528,0.7183245411564234,0.5193812251091003,0.7449722290039062,0.3937123119831085
Body,Body_full_mean,23456,59,-0.05828099250776315,0.20546347797918582,0.663160502910614,0.3332369029521942,0.13942846655845642
Body,Body_full_mean,23456,88,-0.3809697388339161,0.21700258850714058,0.7502357363700867,0.3872588574886322,0.050633836537599564
Body,Body_full_mean,23456,116,-0.19924493345994357,0.17345586232467833,0.7141770124435425,0.46167030930519104,0.3795800805091858
Body,Body_full_mean,23456,133,-0.07820923704711709,0.629947856881856,0.6648764610290527,0.45984768867492676,0.030312135815620422
Body,Body_full_mean,23456,161,-0.14399555959857985,0.42451490372456613,0.6160901188850403,0.7048922181129456,0.4116339087486267
Body,Body_full_mean,23456,170,0.12680810152313618,0.2716265168542163,0.6059686541557312,0.6154857277870178,0.20983275771141052
Body,Body_full_mean,23456,179,0.2476155197123459,0.3044447133632388,0.7350351214408875,0.5410150289535522,0.17278166115283966
Body,Body_full_mean,23456,220,0.31887489741982755,0.4592376135671054,0.6734367609024048,0.5276365876197815,0.35150274634361267
Body,Body_full_mean,23456,233,-0.06006298703148347,0.19851662710779489,0.7226835489273071,0.435334712266922,0.1958722174167633
Body,Body_full_mean,23456,257,0.11632871484755282,0.25721084671866506,0.6608405709266663,0.48439496755599976,0.04796206206083298
Body,Body_full_mean,23456,290,0.22158369720606808,0.2783760273313872,0.7999902367591858,0.4899616241455078,0.18899764120578766
Body,Body_full_mean,23456,331,-0.07616492420316692,0.2318447244264226,0.7412593364715576,0.439219206571579,0.01785486564040184
Body,Body_full_mean,23456,339,0.13186776255037,0.29482271676152855,0.707250714302063,0.7155848741531372,0.37463122606277466
Body,Body_full_mean,23456,355,0.1912513557048738,0.6991005981575558,0.6549954414367676,0.660550057888031,0.5684225559234619
Body,Body_full_mean,23456,366,0.04447611356785547,0.28528891728784783,0.7229911088943481,0.4961421489715576,0.23842298984527588
Body,Body_full_mean,23456,474,-0.24477008291388838,0.19019659300153616,0.6702929735183716,0.43672287464141846,0.10417997092008591
Body,Body_full_mean,23456,492,0.02415308092870623,0.4191591714274303,0.6286272406578064,0.6054674983024597,0.4216356575489044
Body,Body_full_mean,23456,527,0.15915911274436234,0.32295891517006686,0.7309017181396484,0.5885089635848999,0.2024480700492859
Body,Body_full_mean,23456,530,0.15649743079797843,0.4176800456180995,0.6940593123435974,0.47505784034729004,-0.024312179535627365
Body,Body_full_mean,23456,542,-0.025314777517288223,0.3308793059437758,0.6609187126159668,0.6170785427093506,0.1552802324295044
Body,Body_full_mean,23456,574,-0.026045427316790014,0.46129846091215193,0.7227941751480103,0.5391393303871155,0.45333153009414673
Body,Body_full_mean,23456,597,0.08402053945707136,0.2891116241510941,0.768588662147522,0.6429731249809265,0.08203213661909103
Body,Body_full_mean,23456,619,-0.13448701041187366,0.19677265300595542,0.7274317741394043,0.4465712904930115,0.0873134583234787
Body,Body_full_mean,23456,656,-0.04594497604719356,0.21500987526040688,0.7131713628768921,0.7762698531150818,0.33132243156433105
Body,Body_full_mean,23456,661,0.012713130590204104,0.29860683697442597,0.661591112613678,0.5036313533782959,0.34466564655303955
Body,Body_full_mean,23456,664,0.22938914094690963,0.43077346669821875,0.6421578526496887,0.8574248552322388,0.8018240928649902
Body,Body_full_mean,23456,698,0.1594893289841447,0.24024867561862953,0.6839728951454163,0.5520462989807129,0.2473439872264862
Body,Body_full_mean,23456,700,0.21561060617777597,0.2658014833301937,0.768923282623291,0.4144086539745331,0.004746065475046635
Body,Body_full_mean,23456,716,-0.09918909270855154,0.22436123941403263,0.6529667377471924,0.5048239231109619,0.10830874741077423
Body,Body_full_mean,23456,765,0.07186754098101075,0.3338983731535619,0.7189699411392212,0.6902934908866882,0.20429226756095886
Body,Body_full_mean,23456,771,-0.03390899845890131,0.2621990991250253,0.667652428150177,0.5940965414047241,0.1639876514673233
Body,Body_full_mean,23456,786,-0.08857373044873007,0.07593551334025653,0.8479244709014893,0.60298752784729,0.35467997193336487
Body,Body_full_mean,23456,806,-0.08359987349025376,0.2473433457099963,0.6641224026679993,0.6687691807746887,0.3501887321472168
Body,Body_full_mean,23456,813,0.09150662624403723,0.25181725836188457,0.7208680510520935,0.6497193574905396,0.11382114142179489
Body,Body_full_mean,23456,816,0.19089189916262128,0.2293218359443867,0.6494228839874268,0.3356987535953522,0.15546604990959167
Body,Body_full_mean,23456,822,0.07567827815563405,0.29082116399830255,0.6403136849403381,0.7459692358970642,0.7604520916938782
Body,Body_full_mean,23456,826,0.6363692716697318,0.4327577060839327,0.758254885673523,0.3171541094779968,0.022796601057052612
Body,Body_full_mean,23456,847,0.008214103460403905,0.34870708303041037,0.6757910251617432,0.6092661023139954,0.1988723874092102
Body,Body_full_mean,23456,876,0.05758127756717806,0.14380923567034484,0.771964967250824,0.6115553379058838,0.06684893369674683
Body,Body_full_mean,23456,891,0.11987306011723409,0.14037235294889558,0.6726772785186768,0.44288140535354614,0.27864450216293335
Body,Body_full_mean,23456,919,0.2364775175964829,0.15892227275982618,0.7219105958938599,0.5099000930786133,0.0022506974637508392
Body,Body_full_mean,23456,931,0.027123201984621467,0.22626447367280483,0.6979355216026306,0.7991297841072083,0.7763552665710449
Body,Body_full_mean,23456,933,0.20503782338399337,0.2993699068229132,0.5816983580589294,0.5525816679000854,0.2775700092315674
Body,Body_full_mean,23456,941,0.11064248717927742,0.3219372979406605,0.6261427402496338,0.5888925194740295,0.10083505511283875
Body,Body_full_mean,23456,960,-0.27500617225142615,0.38302951191294593,0.7851262092590332,0.44471538066864014,0.09290602058172226
Body,Body_full_mean,23456,968,0.20055005340158763,0.150201156732732,0.7969622015953064,0.5374624729156494,0.010569682344794273
Body,Body_full_mean,23456,989,0.1431781037847255,0.5289078470636048,0.6709481477737427,0.8041560053825378,0.513523519039154
Body,Body_random_equal4_01_mean,23456,21,-0.15585922960092452,0.2574421086234132,0.7136532068252563,0.6624045372009277,0.5191569924354553
Body,Body_random_equal4_01_mean,23456,38,0.321455734871567,0.2979096472661869,0.6246376633644104,0.7738957405090332,0.4073199927806854
Body,Body_random_equal4_01_mean,23456,40,0.3562831295908959,0.7202106820733357,0.5267870426177979,0.6930435299873352,0.3205946683883667
Body,Body_random_equal4_01_mean,23456,59,-0.025893659723640366,0.21070611752382218,0.642133355140686,0.7967298030853271,0.734143853187561
Body,Body_random_equal4_01_mean,23456,88,-0.37749416082708437,0.23313139897186147,0.7589112520217896,0.3246730864048004,0.09508250653743744
Body,Body_random_equal4_01_mean,23456,116,-0.0631832155965793,0.2461262676092675,0.7173256874084473,0.6353286504745483,0.7853325605392456
Body,Body_random_equal4_01_mean,23456,133,-0.05816718943492663,0.6400236201073769,0.6477605104446411,0.43053531646728516,0.05026690289378166
Body,Body_random_equal4_01_mean,23456,161,-0.2768571852373539,0.37168968776475214,0.6314718723297119,0.6199257373809814,0.47917699813842773
Body,Body_random_equal4_01_mean,23456,170,0.03581900722518217,0.313011436546809,0.6495770215988159,0.540659487247467,-0.047977618873119354
Body,Body_random_equal4_01_mean,23456,179,0.22010814840101528,0.26347088749188385,0.7253149151802063,0.5997905731201172,0.22816073894500732
Body,Body_random_equal4_01_mean,23456,220,0.2723609626957357,0.43773375430765854,0.653287410736084,0.6126340627670288,0.5226731300354004
Body,Body_random_equal4_01_mean,23456,233,0.008065803320408392,0.21916779154997781,0.6961038708686829,0.5275806784629822,0.29137319326400757
Body,Body_random_equal4_01_mean,23456,257,0.0917785836851952,0.2487364206128189,0.6592468023300171,0.48123350739479065,0.11294354498386383
Body,Body_random_equal4_01_mean,23456,290,0.39645110705422043,0.31911701547395005,0.7805683612823486,0.5056507587432861,0.48603102564811707
Body,Body_random_equal4_01_mean,23456,331,-0.03078726688240453,0.22279333386946504,0.7497479915618896,0.48439833521842957,0.07422251999378204
Body,Body_random_equal4_01_mean,23456,339,0.1038861106981405,0.269122743047263,0.6692122220993042,0.7626913785934448,0.3505404591560364
Body,Body_random_equal4_01_mean,23456,355,-0.1800769452143917,0.5906222199863689,0.604098379611969,0.7582208514213562,0.8052273392677307
Body,Body_random_equal4_01_mean,23456,366,0.20365768665446657,0.3473815640926344,0.724510669708252,0.605338454246521,0.21544909477233887
Body,Body_random_equal4_01_mean,23456,474,-0.25560488741441567,0.17953582545626168,0.6774730682373047,0.3819696605205536,0.08758921921253204
Body,Body_random_equal4_01_mean,23456,492,-0.18810126977800576,0.38309707260217907,0.6445462107658386,0.7701457738876343,0.5684714913368225
Body,Body_random_equal4_01_mean,23456,527,0.03311655692179629,0.3001068169739623,0.7558740377426147,0.607910692691803,0.25259649753570557
Body,Body_random_equal4_01_mean,23456,530,0.30382876911303297,0.4458747379003313,0.6564672589302063,0.5573955178260803,0.18521901965141296
Body,Body_random_equal4_01_mean,23456,542,0.03024433775566004,0.2941020069370678,0.6696085929870605,0.5735272765159607,0.3388979434967041
Body,Body_random_equal4_01_mean,23456,574,-0.02149244133788207,0.5718784551306845,0.629500150680542,0.5817375183105469,0.749237596988678
Body,Body_random_equal4_01_mean,23456,597,0.10626021212361109,0.3267835536907296,0.7707889080047607,0.6342005729675293,0.10876893997192383
Body,Body_random_equal4_01_mean,23456,619,-0.07930993951722477,0.21254596795650776,0.7640736699104309,0.4834648668766022,-0.06519965082406998
Body,Body_random_equal4_01_mean,23456,656,-0.041284534157432676,0.2205379714910948,0.6879991292953491,0.7094189524650574,0.37182527780532837
Body,Body_random_equal4_01_mean,23456,661,-0.0058704536428835,0.26640597869114874,0.6466009616851807,0.4663422107696533,0.13387833535671234
Body,Body_random_equal4_01_mean,23456,664,0.22806760359088454,0.4239786900557874,0.6520044803619385,0.8374171257019043,0.7965267300605774
Body,Body_random_equal4_01_mean,23456,698,0.1464165757639406,0.22824389045445062,0.674897313117981,0.5864194631576538,0.2672358453273773
Body,Body_random_equal4_01_mean,23456,700,0.19582514108507518,0.28631528971888875,0.7896981835365295,0.39188143610954285,0.24510222673416138
Body,Body_random_equal4_01_mean,23456,716,-0.14047011657462086,0.26475349401526216,0.6928620338439941,0.5987950563430786,0.17905433475971222
Body,Body_random_equal4_01_mean,23456,765,0.08780057981829913,0.3177358279308774,0.7052039504051208,0.7107685208320618,0.19498400390148163
Body,Body_random_equal4_01_mean,23456,771,0.02571580644812506,0.2903770636632568,0.6751880645751953,0.6100695729255676,0.09895965456962585
Body,Body_random_equal4_01_mean,23456,786,0.009472339655875819,0.07664096846132223,0.8579975366592407,0.6045799851417542,0.34860390424728394
Body,Body_random_equal4_01_mean,23456,806,-0.09335503080961276,0.23096372071098148,0.6463520526885986,0.6261730790138245,0.19379962980747223
Body,Body_random_equal4_01_mean,23456,813,0.11005577164252757,0.2600644391635498,0.7392495274543762,0.5788570046424866,0.05173956975340843
Body,Body_random_equal4_01_mean,23456,816,0.18643775703279997,0.22441490666668076,0.645517885684967,0.4195707440376282,0.1995684951543808
Body,Body_random_equal4_01_mean,23456,822,0.10677596577208229,0.2502499207200561,0.6169207096099854,0.7434840202331543,0.7785672545433044
Body,Body_random_equal4_01_mean,23456,826,0.49198407629469504,0.41457644255572224,0.7211903929710388,0.46080896258354187,0.06321778893470764
Body,Body_random_equal4_01_mean,23456,847,-0.02505052900849968,0.397824591480257,0.6738362312316895,0.665337324142456,0.2991942763328552
Body,Body_random_equal4_01_mean,23456,876,0.08370350203297537,0.15454831496690963,0.7904038429260254,0.5506755709648132,0.10717085748910904
Body,Body_random_equal4_01_mean,23456,891,0.10161064796856376,0.12006292542074996,0.6551762223243713,0.5301210284233093,0.10407579690217972
Body,Body_random_equal4_01_mean,23456,919,0.23809259869427266,0.1697859472442442,0.7020381689071655,0.503064751625061,0.04651710391044617
Body,Body_random_equal4_01_mean,23456,931,-0.06367499788060699,0.21031179591966714,0.6964986324310303,0.8168482780456543,0.7294060587882996
Body,Body_random_equal4_01_mean,23456,933,0.24121843833368617,0.2828438087408325,0.5830073952674866,0.6015942096710205,0.3716321289539337
Body,Body_random_equal4_01_mean,23456,941,0.10267742094355191,0.2227425027762507,0.6511361598968506,0.5366470217704773,0.08029460906982422
Body,Body_random_equal4_01_mean,23456,960,-0.14170738715706171,0.24850949860496932,0.7028775811195374,0.5817235708236694,0.1442626714706421
Body,Body_random_equal4_01_mean,23456,968,0.2121030180887266,0.1567858942962016,0.7484688758850098,0.5626291036605835,0.08841736614704132
Body,Body_random_equal4_01_mean,23456,989,0.19878118345000284,0.5308469572796518,0.6540327668190002,0.8021506667137146,0.7811956405639648
Body,Body_random_equal4_02_mean,23456,21,-0.1550030437224506,0.262771166320875,0.7186603546142578,0.664963960647583,0.5141401886940002
Body,Body_random_equal4_02_mean,23456,38,0.3152398785373073,0.2970770571001504,0.6385930776596069,0.8208885192871094,0.32489410042762756
Body,Body_random_equal4_02_mean,23456,40,0.3425955447086752,0.7175170787651786,0.5175786018371582,0.7073425650596619,0.3585551977157593
Body,Body_random_equal4_02_mean,23456,59,-0.01760136170501876,0.21939927840132353,0.6830435991287231,0.7952665090560913,0.6899927854537964
Body,Body_random_equal4_02_mean,23456,88,-0.3331848008727004,0.2532984193727535,0.7750385999679565,0.41139543056488037,0.0033002644777297974
Body,Body_random_equal4_02_mean,23456,116,-0.04139469705052469,0.2641306595664989,0.723366379737854,0.6091670989990234,0.7936043739318848
Body,Body_random_equal4_02_mean,23456,133,-0.10920474572594872,0.616979864121601,0.6765720248222351,0.4202318489551544,0.0467337965965271
Body,Body_random_equal4_02_mean,23456,161,-0.265758316024521,0.3701020766238163,0.6299110651016235,0.7348860502243042,0.518482506275177
Body,Body_random_equal4_02_mean,23456,170,0.029780229804372244,0.31403270049867965,0.6510993242263794,0.5153318643569946,-0.03334414213895798
Body,Body_random_equal4_02_mean,23456,179,0.21231418611897288,0.25902987117257514,0.7293303608894348,0.578862726688385,0.20794683694839478
Body,Body_random_equal4_02_mean,23456,220,0.27311662044935386,0.4367015970170645,0.6541404724121094,0.6178152561187744,0.5895299911499023
Body,Body_random_equal4_02_mean,23456,233,0.01974065276693428,0.22082649001812119,0.7043834924697876,0.5380536317825317,0.21644897758960724
Body,Body_random_equal4_02_mean,23456,257,0.10661291932822559,0.23187795776835923,0.6350088715553284,0.5205596685409546,0.12022534012794495
Body,Body_random_equal4_02_mean,23456,290,0.38313710144095015,0.31157162047930664,0.7673237323760986,0.719222903251648,0.4929725229740143
Body,Body_random_equal4_02_mean,23456,331,0.03828403089383064,0.2301318740226714,0.7665109038352966,0.5149693489074707,0.033554282039403915
Body,Body_random_equal4_02_mean,23456,339,0.11359233910788644,0.24662008494008475,0.6738786697387695,0.6997411251068115,0.4276006817817688
Body,Body_random_equal4_02_mean,23456,355,-0.18412989556461642,0.586845515093849,0.6056042909622192,0.7591115832328796,0.7957066297531128
Body,Body_random_equal4_02_mean,23456,366,0.29364893951142523,0.3427998851495172,0.7359808683395386,0.6223194599151611,0.2914426922798157
Body,Body_random_equal4_02_mean,23456,474,-0.2658287640167319,0.18386324382808863,0.6678107976913452,0.46324142813682556,0.12298108637332916
Body,Body_random_equal4_02_mean,23456,492,-0.19459431012193987,0.38684642627430754,0.6327378749847412,0.7448515295982361,0.5141381621360779
Body,Body_random_equal4_02_mean,23456,527,0.033712294215636644,0.31308494315024965,0.7558346390724182,0.5730864405632019,0.19104014337062836
Body,Body_random_equal4_02_mean,23456,530,0.302429765253773,0.4473000886377167,0.65093594789505,0.5526254177093506,0.14048850536346436
Body,Body_random_equal4_02_mean,23456,542,0.04595418845913951,0.29971434856513157,0.6645553708076477,0.6161394119262695,0.3948529362678528
Body,Body_random_equal4_02_mean,23456,574,-0.013959890883898122,0.5771861149495288,0.6197853088378906,0.5032753944396973,0.7390064001083374
Body,Body_random_equal4_02_mean,23456,597,0.12309351395058638,0.3127035281940015,0.7665528059005737,0.6248564124107361,0.14366526901721954
Body,Body_random_equal4_02_mean,23456,619,-0.08542683750544983,0.21355630812199006,0.7506942749023438,0.4586051106452942,-0.07105425000190735
Body,Body_random_equal4_02_mean,23456,656,-0.04437397184854209,0.21783445369264295,0.6879552006721497,0.7413797974586487,0.34796005487442017
Body,Body_random_equal4_02_mean,23456,661,-0.023463907908653246,0.27300212800480556,0.6744163036346436,0.5383093953132629,0.2877787947654724
Body,Body_random_equal4_02_mean,23456,664,0.22148268746614733,0.4341282207950152,0.6441078186035156,0.8649617433547974,0.8270034193992615
Body,Body_random_equal4_02_mean,23456,698,0.15124380072459825,0.22668444154059697,0.6699643731117249,0.6042703986167908,0.20071978867053986
Body,Body_random_equal4_02_mean,23456,700,0.1953812800235616,0.2889149992273844,0.7918713688850403,0.3788302540779114,0.24208907783031464
Body,Body_random_equal4_02_mean,23456,716,-0.10644531344549236,0.260493787327678,0.6700537800788879,0.5533838272094727,0.16905495524406433
Body,Body_random_equal4_02_mean,23456,765,0.08477353837058901,0.35037449298467466,0.7176540493965149,0.6014702320098877,0.29641610383987427
Body,Body_random_equal4_02_mean,23456,771,0.03971402990684412,0.29288479463430234,0.6696097254753113,0.6245315670967102,0.11373229324817657
Body,Body_random_equal4_02_mean,23456,786,0.016403920236578367,0.07631624272786426,0.8601906895637512,0.5744673609733582,0.3345738351345062
Body,Body_random_equal4_02_mean,23456,806,-0.10352221803454963,0.20926688287017373,0.6542850136756897,0.62098628282547,0.19656014442443848
Body,Body_random_equal4_02_mean,23456,813,0.1015825420438548,0.2635187910418273,0.7360207438468933,0.528556227684021,0.029351891949772835
Body,Body_random_equal4_02_mean,23456,816,0.18637642457804035,0.22578063396843231,0.6388704776763916,0.4219561219215393,0.18424522876739502
Body,Body_random_equal4_02_mean,23456,822,0.10922601698484864,0.2698303894336267,0.6054146885871887,0.7715743780136108,0.726899266242981
Body,Body_random_equal4_02_mean,23456,826,0.5362060241124629,0.42634525578266863,0.7331189513206482,0.4672849476337433,0.07444342225790024
Body,Body_random_equal4_02_mean,23456,847,-0.026541458024938788,0.3922062363655847,0.6717004179954529,0.6795796751976013,0.36306798458099365
Body,Body_random_equal4_02_mean,23456,876,0.08115884727668007,0.15296345407960024,0.7753204703330994,0.6074498295783997,0.12234701216220856
Body,Body_random_equal4_02_mean,23456,891,0.11785233420808702,0.12744795804618095,0.6514175534248352,0.5085411071777344,0.02245696634054184
Body,Body_random_equal4_02_mean,23456,919,0.23654849340426062,0.15865151195600036,0.70024573802948,0.48932528495788574,0.03636161610484123
Body,Body_random_equal4_02_mean,23456,931,-0.04055334532005439,0.21292324153743922,0.6796936988830566,0.7651476263999939,0.7211630344390869
Body,Body_random_equal4_02_mean,23456,933,0.22660632567311667,0.2815902120306674,0.5845301151275635,0.5330333113670349,0.36915791034698486
Body,Body_random_equal4_02_mean,23456,941,0.0941730649206103,0.23315222464964472,0.6539177298545837,0.5552756786346436,0.08118989318609238
Body,Body_random_equal4_02_mean,23456,960,-0.11593723312277039,0.2621521089131457,0.7185091972351074,0.6105865240097046,0.015257947146892548
Body,Body_random_equal4_02_mean,23456,968,0.21339250606697907,0.15697993882287928,0.7437084913253784,0.5083193182945251,0.06917064636945724
Body,Body_random_equal4_02_mean,23456,989,0.21075396317247935,0.5315477211719958,0.6531241536140442,0.8816463947296143,0.8200463056564331
Body,Body_random_equal4_03_mean,23456,21,-0.1688297445714554,0.27336435072238685,0.7305276989936829,0.6425366997718811,0.47984185814857483
Body,Body_random_equal4_03_mean,23456,38,0.3274296749438634,0.30210137278058996,0.6233417987823486,0.7995140552520752,0.3496425747871399
Body,Body_random_equal4_03_mean,23456,40,0.33619668206578973,0.7115192970757546,0.5363459587097168,0.6337595582008362,0.09949761629104614
Body,Body_random_equal4_03_mean,23456,59,-0.009316002693895159,0.20449925309681277,0.6522407531738281,0.743864893913269,0.6862567663192749
Body,Body_random_equal4_03_mean,23456,88,-0.37587151015208636,0.23964730943790594,0.7578961849212646,0.3357040286064148,0.06463364511728287
Body,Body_random_equal4_03_mean,23456,116,-0.034899365355449345,0.2810460017773342,0.7127928137779236,0.7780320644378662,0.667306125164032
Body,Body_random_equal4_03_mean,23456,133,0.018000555260545538,0.6360823589785051,0.6587029099464417,0.36651861667633057,0.07588494569063187
Body,Body_random_equal4_03_mean,23456,161,-0.279480209324499,0.37348960242879364,0.632286012172699,0.646379828453064,0.5097163915634155
Body,Body_random_equal4_03_mean,23456,170,0.0561792542875244,0.30613959759956483,0.656044065952301,0.5399267673492432,-0.024440741166472435
Body,Body_random_equal4_03_mean,23456,179,0.18385860738367818,0.2565303769503477,0.7089114785194397,0.5967662334442139,0.2178173065185547
Body,Body_random_equal4_03_mean,23456,220,0.27680503097565584,0.43209027159682933,0.6479966044425964,0.576072633266449,0.6004841327667236
Body,Body_random_equal4_03_mean,23456,233,-0.00603802420044094,0.2168308994957567,0.6973069310188293,0.5382168292999268,0.22427041828632355
Body,Body_random_equal4_03_mean,23456,257,0.09009830263375244,0.24883974438486597,0.6570159196853638,0.5020829439163208,0.13582506775856018
Body,Body_random_equal4_03_mean,23456,290,0.21569824745281405,0.28235641960087793,0.8028047680854797,0.4926410913467407,0.1575021743774414
Body,Body_random_equal4_03_mean,23456,331,-0.020807622795104903,0.21906914183629292,0.7418543100357056,0.5379291772842407,0.11283113062381744
Body,Body_random_equal4_03_mean,23456,339,0.1028975306615812,0.26726219594855705,0.665215253829956,0.7538356184959412,0.406185507774353
Body,Body_random_equal4_03_mean,23456,355,-0.22662338636786744,0.5987520970802812,0.5910083651542664,0.7223473191261292,0.7799648642539978
Body,Body_random_equal4_03_mean,23456,366,0.3265900848287081,0.3131982105795034,0.699090301990509,0.745769739151001,0.4784865975379944
Body,Body_random_equal4_03_mean,23456,474,-0.2720969045883837,0.17767780311510858,0.6853705644607544,0.3998277485370636,0.11236117780208588
Body,Body_random_equal4_03_mean,23456,492,-0.21822786182224183,0.3642498429605253,0.6309077143669128,0.7636470198631287,0.5018751621246338
Body,Body_random_equal4_03_mean,23456,527,0.017883869645227413,0.3184684947747193,0.7716354131698608,0.5289403796195984,0.29225850105285645
Body,Body_random_equal4_03_mean,23456,530,0.25507784266401107,0.42443266602306073,0.6699874401092529,0.5990849733352661,0.2005375474691391
Body,Body_random_equal4_03_mean,23456,542,0.03531509447067087,0.3034090515758139,0.6752742528915405,0.5677692294120789,0.2784300148487091
Body,Body_random_equal4_03_mean,23456,574,-0.04960428840940285,0.4909570365970539,0.6988145112991333,0.5832494497299194,0.6676698923110962
Body,Body_random_equal4_03_mean,23456,597,0.07759136040123732,0.32048150666609265,0.7661974430084229,0.6166597604751587,0.1441560685634613
Body,Body_random_equal4_03_mean,23456,619,-0.08609654969664773,0.20403229824749558,0.7650454640388489,0.389289915561676,-0.08358825743198395
Body,Body_random_equal4_03_mean,23456,656,-0.03621077152252353,0.22797461942466155,0.6910221576690674,0.7518643736839294,0.34778738021850586
Body,Body_random_equal4_03_mean,23456,661,-0.010292998312114526,0.2849768775690803,0.669429361820221,0.393996924161911,0.1493287980556488
Body,Body_random_equal4_03_mean,23456,664,0.2458475344389228,0.4282716030322048,0.6344432234764099,0.840704619884491,0.7868210673332214
Body,Body_random_equal4_03_mean,23456,698,0.1351122093973224,0.23622046395411425,0.6765055656433105,0.47602519392967224,0.21308040618896484
Body,Body_random_equal4_03_mean,23456,700,0.198188261347292,0.2875332519907304,0.7891719341278076,0.38543063402175903,0.24851080775260925
Body,Body_random_equal4_03_mean,23456,716,-0.13321553399957825,0.23175062456550505,0.6785598993301392,0.5183407664299011,0.051195498555898666
Body,Body_random_equal4_03_mean,23456,765,0.07798132226448048,0.3214538181262824,0.7199360132217407,0.7061931490898132,0.2723797857761383
Body,Body_random_equal4_03_mean,23456,771,0.03740474015581917,0.2945323098051452,0.6670212745666504,0.6156442761421204,0.14825545251369476
Body,Body_random_equal4_03_mean,23456,786,0.014821225801929334,0.07638633347179241,0.8691468238830566,0.5722394585609436,0.3279453217983246
Body,Body_random_equal4_03_mean,23456,806,-0.09527374652116333,0.2625384724986232,0.6640479564666748,0.4049973785877228,0.11291137337684631
Body,Body_random_equal4_03_mean,23456,813,0.10724284982749295,0.25997489674948365,0.7471912503242493,0.5604904890060425,0.05549895018339157
Body,Body_random_equal4_03_mean,23456,816,0.1992212871149769,0.22121734082467429,0.6402617692947388,0.5007514357566833,0.2768726646900177
Body,Body_random_equal4_03_mean,23456,822,0.10096017198976323,0.2745236565320065,0.6267715692520142,0.7721778154373169,0.7780791521072388
Body,Body_random_equal4_03_mean,23456,826,0.4859577779055782,0.4105716035887528,0.7159320116043091,0.4658140540122986,0.06193451210856438
Body,Body_random_equal4_03_mean,23456,847,-0.01423083710068954,0.377913662332005,0.6789157390594482,0.6503584384918213,0.20127590000629425
Body,Body_random_equal4_03_mean,23456,876,0.07087993511340993,0.14828193046583166,0.78294438123703,0.5875633955001831,0.12718509137630463
Body,Body_random_equal4_03_mean,23456,891,0.13167813854655397,0.11029747435034924,0.6806747913360596,0.5284897089004517,0.02852807752788067
Body,Body_random_equal4_03_mean,23456,919,0.24020800831053507,0.16956395417704895,0.6984046101570129,0.497562050819397,0.05437200143933296
Body,Body_random_equal4_03_mean,23456,931,-0.0573204769370543,0.21045241571408949,0.6942448019981384,0.7632251381874084,0.7527328133583069
Body,Body_random_equal4_03_mean,23456,933,0.249834763808751,0.2852785418816399,0.5887112617492676,0.5842232704162598,0.3064850866794586
Body,Body_random_equal4_03_mean,23456,941,0.1057160510211878,0.22308590576833637,0.6623848080635071,0.5500678420066833,0.08042056858539581
Body,Body_random_equal4_03_mean,23456,960,-0.1598134583588962,0.24961988187549694,0.7137168645858765,0.6543005108833313,0.08168007433414459
Body,Body_random_equal4_03_mean,23456,968,0.21117070113679484,0.15489127090534835,0.7492687702178955,0.5340460538864136,0.06229148805141449
Body,Body_random_equal4_03_mean,23456,989,0.18344868623219476,0.519145489425564,0.6801355481147766,0.8640763759613037,0.5563561916351318
Body,Body_random_equal4_04_mean,23456,21,-0.15489651022881307,0.2570955751442895,0.717417299747467,0.6708453297615051,0.5527180433273315
Body,Body_random_equal4_04_mean,23456,38,0.32899856379259074,0.3014303814886368,0.6258221864700317,0.8126064538955688,0.3473500907421112
Body,Body_random_equal4_04_mean,23456,40,0.3576193371507676,0.7199824078571527,0.5193474292755127,0.702894389629364,0.3244185149669647
Body,Body_random_equal4_04_mean,23456,59,-0.03130256466338471,0.21512272381987704,0.6474280953407288,0.801995575428009,0.7481338381767273
Body,Body_random_equal4_04_mean,23456,88,-0.37893581354199907,0.2359519394332735,0.7587069272994995,0.32904016971588135,0.09654289484024048
Body,Body_random_equal4_04_mean,23456,116,-0.07484041684927994,0.25008476159810145,0.7264041304588318,0.6615575551986694,0.7645221948623657
Body,Body_random_equal4_04_mean,23456,133,-0.04847177024438462,0.6438403062349014,0.6501268744468689,0.4310225248336792,0.052827417850494385
Body,Body_random_equal4_04_mean,23456,161,-0.2319709190339891,0.2797441882659274,0.7153636813163757,0.7390714883804321,0.4401039779186249
Body,Body_random_equal4_04_mean,23456,170,0.0296347852099812,0.318747937639,0.6585302948951721,0.5295435190200806,-0.04204307496547699
Body,Body_random_equal4_04_mean,23456,179,0.2050773547018759,0.26375864611891037,0.7387778759002686,0.6196308732032776,0.23458977043628693
Body,Body_random_equal4_04_mean,23456,220,0.27966513256174275,0.42970686295911986,0.6510241031646729,0.62346351146698,0.5897614359855652
Body,Body_random_equal4_04_mean,23456,233,0.005445575966797277,0.219609602019722,0.6967937350273132,0.49947184324264526,0.2983357012271881
Body,Body_random_equal4_04_mean,23456,257,0.097666548855225,0.2519065790620609,0.6589535474777222,0.4876745343208313,0.11236269772052765
Body,Body_random_equal4_04_mean,23456,290,0.37821618564589204,0.3088455896970082,0.7680050134658813,0.6066136956214905,0.46167823672294617
Body,Body_random_equal4_04_mean,23456,331,-0.027233044101152834,0.22346380808295258,0.7484712600708008,0.5007613301277161,0.06784333288669586
Body,Body_random_equal4_04_mean,23456,339,0.09996865421007255,0.2702264938193758,0.6640437245368958,0.7515532374382019,0.37517616152763367
Body,Body_random_equal4_04_mean,23456,355,-0.20050257237990327,0.5094040932807655,0.636853814125061,0.6839969158172607,0.7511857151985168
Body,Body_random_equal4_04_mean,23456,366,0.22872981173075085,0.357483288656199,0.6938095092773438,0.6099175214767456,0.14846046268939972
Body,Body_random_equal4_04_mean,23456,474,-0.3171136844081226,0.19031938565921172,0.6825910806655884,0.4093056321144104,0.06429338455200195
Body,Body_random_equal4_04_mean,23456,492,-0.24071843199394077,0.3207248842355628,0.6740535497665405,0.6709559559822083,0.49885058403015137
Body,Body_random_equal4_04_mean,23456,527,0.040132795884189706,0.301074673013998,0.7557961344718933,0.6021285057067871,0.26305779814720154
Body,Body_random_equal4_04_mean,23456,530,0.29182477297809195,0.38922645997619415,0.6623535752296448,0.666168212890625,0.10716162621974945
Body,Body_random_equal4_04_mean,23456,542,0.031624873927037264,0.30471911898361437,0.6788474917411804,0.5736304521560669,0.2955920696258545
Body,Body_random_equal4_04_mean,23456,574,-0.02041969476958444,0.5763941149606784,0.629920244216919,0.5106116533279419,0.5601275563240051
Body,Body_random_equal4_04_mean,23456,597,0.0695710790761992,0.3018308210966555,0.7737789154052734,0.6149761080741882,0.06251418590545654
Body,Body_random_equal4_04_mean,23456,619,-0.07932197117314342,0.21166217391045744,0.7608175873756409,0.4578844904899597,-0.06795872747898102
Body,Body_random_equal4_04_mean,23456,656,-0.04087174294176919,0.21688379745730504,0.6817847490310669,0.7396220564842224,0.35714757442474365
Body,Body_random_equal4_04_mean,23456,661,-0.01616483972694839,0.26995310681569945,0.6449261903762817,0.438284307718277,0.14647650718688965
Body,Body_random_equal4_04_mean,23456,664,0.22956763668927663,0.4226277605570593,0.6548072695732117,0.8396510481834412,0.8019442558288574
Body,Body_random_equal4_04_mean,23456,698,0.14384059471224275,0.22690759879838543,0.6741511821746826,0.5824029445648193,0.23220258951187134
Body,Body_random_equal4_04_mean,23456,700,0.19629989921621416,0.28580673495331654,0.7906215786933899,0.3998272716999054,0.2442207783460617
Body,Body_random_equal4_04_mean,23456,716,-0.1343021957147236,0.2636658392815091,0.6829515099525452,0.6579107642173767,0.15324389934539795
Body,Body_random_equal4_04_mean,23456,765,0.04306710744240264,0.3416584879511105,0.708648145198822,0.6848541498184204,0.25708597898483276
Body,Body_random_equal4_04_mean,23456,771,0.021477668650023787,0.291128787387376,0.674854040145874,0.6089956164360046,0.1518096923828125
Body,Body_random_equal4_04_mean,23456,786,0.010926853778167487,0.07645769495993539,0.8583409190177917,0.5916852951049805,0.3464791476726532
Body,Body_random_equal4_04_mean,23456,806,-0.0858713724879528,0.23726008286350284,0.6473933458328247,0.5844062566757202,0.1949022114276886
Body,Body_random_equal4_04_mean,23456,813,0.05174896261741791,0.24212097385048975,0.7479689121246338,0.599887490272522,0.17956572771072388
Body,Body_random_equal4_04_mean,23456,816,0.19568358746906545,0.22206626203381108,0.6478967666625977,0.407460480928421,0.19967959821224213
Body,Body_random_equal4_04_mean,23456,822,0.11015978244208237,0.27235005981129173,0.6053975224494934,0.7924118041992188,0.6830968856811523
Body,Body_random_equal4_04_mean,23456,826,0.43625164998487154,0.4014771820925897,0.712746262550354,0.3586033284664154,0.03909626603126526
Body,Body_random_equal4_04_mean,23456,847,-0.025711512881889838,0.3991971243825544,0.6759439706802368,0.6585489511489868,0.3466006815433502
Body,Body_random_equal4_04_mean,23456,876,0.08206514588330224,0.15436808150027856,0.7926976084709167,0.5645809173583984,0.10740133374929428
Body,Body_random_equal4_04_mean,23456,891,0.11184300392327304,0.1160569210105969,0.6557931303977966,0.553766131401062,0.05568761005997658
Body,Body_random_equal4_04_mean,23456,919,0.24064863439035858,0.17035237316831747,0.7004269361495972,0.4939069449901581,0.043945446610450745
Body,Body_random_equal4_04_mean,23456,931,-0.05798495109903434,0.21272870028957916,0.6991215944290161,0.7643376588821411,0.7347108721733093
Body,Body_random_equal4_04_mean,23456,933,0.24875811167903453,0.2808571704035458,0.5785684585571289,0.5775245428085327,0.40987348556518555
Body,Body_random_equal4_04_mean,23456,941,0.005633018999326737,0.2551167914490404,0.6586299538612366,0.5183003544807434,0.12751705944538116
Body,Body_random_equal4_04_mean,23456,960,-0.14847615799336172,0.2424961084054824,0.7084452509880066,0.6259521245956421,0.08362002670764923
Body,Body_random_equal4_04_mean,23456,968,0.21517423383209505,0.15719798251115974,0.7521242499351501,0.5568811297416687,0.09543441981077194
Body,Body_random_equal4_04_mean,23456,989,0.16810465779736844,0.523419904739864,0.6763671040534973,0.8853187561035156,0.5710399746894836
Body,Body_random_equal4_05_mean,23456,21,-0.1281069401003293,0.28083406758185175,0.769073486328125,0.5546841621398926,0.3424077033996582
Body,Body_random_equal4_05_mean,23456,38,0.24422755532721216,0.2583053533153857,0.6565386652946472,0.7755919694900513,0.5009325742721558
Body,Body_random_equal4_05_mean,23456,40,0.3451182804785909,0.7192897340349224,0.5232151746749878,0.6826058030128479,0.271961510181427
Body,Body_random_equal4_05_mean,23456,59,-0.06272562882486889,0.20958744594884277,0.6504050493240356,0.7967879176139832,0.6184438467025757
Body,Body_random_equal4_05_mean,23456,88,-0.36461987434464993,0.2835569618497993,0.7919913530349731,0.399062842130661,0.022511716932058334
Body,Body_random_equal4_05_mean,23456,116,-0.11175085061582225,0.23639769154204432,0.7629407048225403,0.5542385578155518,0.7145699262619019
Body,Body_random_equal4_05_mean,23456,133,-0.05366974131239044,0.640338758243438,0.6674439311027527,0.4414215385913849,0.03423570841550827
Body,Body_random_equal4_05_mean,23456,161,-0.10347920622675946,0.4603852610142201,0.7412011027336121,0.740651547908783,0.3297252058982849
Body,Body_random_equal4_05_mean,23456,170,0.020029229932147376,0.2556434785916312,0.6250737905502319,0.6230711936950684,0.07336778938770294
Body,Body_random_equal4_05_mean,23456,179,0.24886126217929713,0.3137140752460734,0.7331066131591797,0.5370444059371948,0.20995938777923584
Body,Body_random_equal4_05_mean,23456,220,0.33229992417556903,0.5130138826713623,0.694360077381134,0.5444724559783936,0.17122584581375122
Body,Body_random_equal4_05_mean,23456,233,-0.032733964400143076,0.20794966619989505,0.6981231570243835,0.7112364768981934,0.33307260274887085
Body,Body_random_equal4_05_mean,23456,257,0.11125540744316138,0.26985177063098614,0.69325852394104,0.6015058159828186,0.112949900329113
Body,Body_random_equal4_05_mean,23456,290,0.2612878429149587,0.2825648303899778,0.7561467289924622,0.7316607236862183,0.5355454683303833
Body,Body_random_equal4_05_mean,23456,331,0.048315787130366765,0.20120516796155216,0.7675114274024963,0.42229902744293213,-0.012674998492002487
Body,Body_random_equal4_05_mean,23456,339,0.10854200678682688,0.2658832453954015,0.6726840734481812,0.7093737721443176,0.3404017686843872
Body,Body_random_equal4_05_mean,23456,355,0.18882028153004018,0.7594286460341574,0.579757809638977,0.7236452698707581,0.7850103378295898
Body,Body_random_equal4_05_mean,23456,366,0.173102556073176,0.3138010974803859,0.7122339010238647,0.5405750870704651,0.14888083934783936
Body,Body_random_equal4_05_mean,23456,474,-0.30422378540664036,0.20842593476663682,0.6710516214370728,0.3313627541065216,0.18156495690345764
Body,Body_random_equal4_05_mean,23456,492,-0.020548760158473445,0.44179203998092903,0.644915759563446,0.6766003370285034,0.4474215507507324
Body,Body_random_equal4_05_mean,23456,527,0.2375922986020206,0.3672203122562783,0.7803928256034851,0.5808395743370056,0.25760164856910706
Body,Body_random_equal4_05_mean,23456,530,0.20242848087032025,0.41748148859381384,0.6533511877059937,0.5060898661613464,-0.005207568872720003
Body,Body_random_equal4_05_mean,23456,542,-0.13443782731683734,0.3398998899739804,0.7103465795516968,0.5674545764923096,0.16429634392261505
Body,Body_random_equal4_05_mean,23456,574,0.025080109842250554,0.5247401197012898,0.7907302379608154,0.3935581147670746,0.007148775737732649
Body,Body_random_equal4_05_mean,23456,597,0.028242714635226044,0.321886564709368,0.8058397769927979,0.5689295530319214,0.08723927289247513
Body,Body_random_equal4_05_mean,23456,619,-0.14282114980128083,0.16890677105372212,0.7395792007446289,0.3971809148788452,-0.05929079279303551
Body,Body_random_equal4_05_mean,23456,656,-0.056799410708718225,0.22816509515115843,0.6849940419197083,0.7480635046958923,0.3067987263202667
Body,Body_random_equal4_05_mean,23456,661,0.013406158707612335,0.25106035853711745,0.6805647611618042,0.5071426033973694,-0.0067063081078231335
Body,Body_random_equal4_05_mean,23456,664,0.2121886321666597,0.4293220310307537,0.6389108896255493,0.8909018635749817,0.8215433955192566
Body,Body_random_equal4_05_mean,23456,698,0.04801436820283355,0.24556751766794516,0.7026974558830261,0.5171663165092468,0.08559845387935638
Body,Body_random_equal4_05_mean,23456,700,0.1654062006667028,0.2557903418517852,0.8093882203102112,0.3240641951560974,0.25843241810798645
Body,Body_random_equal4_05_mean,23456,716,-0.1225127090709238,0.21870435697771912,0.6918918490409851,0.5426024198532104,0.04901536926627159
Body,Body_random_equal4_05_mean,23456,765,0.07878212972885999,0.3422097412641504,0.7222143411636353,0.6723605394363403,0.20124280452728271
Body,Body_random_equal4_05_mean,23456,771,0.012458387263837096,0.30805226037487854,0.7015883922576904,0.60983806848526,0.25548794865608215
Body,Body_random_equal4_05_mean,23456,786,-0.04303433115813305,0.07624739920464918,0.8342432975769043,0.5223131775856018,0.1416039615869522
Body,Body_random_equal4_05_mean,23456,806,-0.08902739406582999,0.18999722836889482,0.6409623622894287,0.5350010991096497,0.2501450181007385
Body,Body_random_equal4_05_mean,23456,813,0.09715817099916148,0.275782796508155,0.7201298475265503,0.6259378790855408,0.17259369790554047
Body,Body_random_equal4_05_mean,23456,816,0.20013857276035527,0.21210653007304373,0.6696028709411621,0.5152058601379395,0.3014068305492401
Body,Body_random_equal4_05_mean,23456,822,0.11853238815991997,0.26694164448350705,0.644986629486084,0.7102226614952087,0.6173256635665894
Body,Body_random_equal4_05_mean,23456,826,0.5883243310116505,0.43113067837425817,0.738953709602356,0.4075283408164978,0.04362635314464569
Body,Body_random_equal4_05_mean,23456,847,-0.0015613318683989805,0.3515731057529466,0.6819653511047363,0.5401025414466858,0.08445561677217484
Body,Body_random_equal4_05_mean,23456,876,0.05240461861710329,0.14400271449980048,0.7839688658714294,0.5898518562316895,0.1605779230594635
Body,Body_random_equal4_05_mean,23456,891,0.14935882563510064,0.16790024714864007,0.6659355163574219,0.5057487487792969,0.008530468679964542
Body,Body_random_equal4_05_mean,23456,919,0.16127538179648118,0.1271665065645395,0.695559024810791,0.37251347303390503,-0.010526927188038826
Body,Body_random_equal4_05_mean,23456,931,-0.06395962917939364,0.2839366716267731,0.7177709341049194,0.7780427932739258,0.7708995938301086
Body,Body_random_equal4_05_mean,23456,933,0.25261873254114925,0.32936563548852205,0.5611173510551453,0.6225855946540833,0.431474894285202
Body,Body_random_equal4_05_mean,23456,941,0.14515190394975488,0.29908191223597835,0.656265139579773,0.5196857452392578,0.13642889261245728
Body,Body_random_equal4_05_mean,23456,960,-0.3219776994974475,0.307698590743343,0.6605520844459534,0.5810700058937073,0.5119646191596985
Body,Body_random_equal4_05_mean,23456,968,0.23087863491496655,0.14902440422431562,0.7396959066390991,0.5765529274940491,0.14508450031280518
Body,Body_random_equal4_05_mean,23456,989,0.10565020521984249,0.5307911110513334,0.6789073348045349,0.811217188835144,0.7383663058280945
Body,Body_random_full_01_mean,23456,21,-0.16008708629437388,0.2729400723464305,0.745843768119812,0.6681108474731445,0.42804819345474243
Body,Body_random_full_01_mean,23456,38,0.2586729312825389,0.266224574014014,0.6528468728065491,0.769507884979248,0.2594931721687317
Body,Body_random_full_01_mean,23456,40,0.3583073779443014,0.7278179233551336,0.5336061716079712,0.7020499110221863,0.24139559268951416
Body,Body_random_full_01_mean,23456,59,-0.061718765548110746,0.22173194013527034,0.6639761924743652,0.7507805824279785,0.6001814603805542
Body,Body_random_full_01_mean,23456,88,-0.34420842555898906,0.2546768143646041,0.7933911085128784,0.42578643560409546,0.045524273067712784
Body,Body_random_full_01_mean,23456,116,-0.11963949791714003,0.24348850117267198,0.7467430830001831,0.5981930494308472,0.7760564088821411
Body,Body_random_full_01_mean,23456,133,-0.10413020140380534,0.6111545316985999,0.6906375885009766,0.35364192724227905,0.06796934455633163
Body,Body_random_full_01_mean,23456,161,-0.1851879727459679,0.46283858666307404,0.6236703395843506,0.7321081757545471,0.4706941545009613
Body,Body_random_full_01_mean,23456,170,0.02443026957489136,0.2455323687119113,0.6395372748374939,0.6465576887130737,0.05358379706740379
Body,Body_random_full_01_mean,23456,179,0.22216525326879358,0.2823028025661078,0.7301785945892334,0.5405208468437195,0.15380753576755524
Body,Body_random_full_01_mean,23456,220,0.34144336047430834,0.48135848289985966,0.659877359867096,0.5394566059112549,0.2294948697090149
Body,Body_random_full_01_mean,23456,233,-0.03583696654378244,0.2062299436580693,0.7057652473449707,0.5389155149459839,0.17939984798431396
Body,Body_random_full_01_mean,23456,257,0.13842405946643163,0.27901475729963926,0.6664631962776184,0.45911848545074463,0.02741188183426857
Body,Body_random_full_01_mean,23456,290,0.13168136872538158,0.2446598094972732,0.8150865435600281,0.5016955137252808,0.11316706240177155
Body,Body_random_full_01_mean,23456,331,0.03920234811794884,0.21823089236403295,0.7226029634475708,0.2486385554075241,-0.012937340885400772
Body,Body_random_full_01_mean,23456,339,0.1345414933253802,0.2873691106266928,0.6757035851478577,0.7513208985328674,0.41590383648872375
Body,Body_random_full_01_mean,23456,355,-0.008921648450747756,0.6276323696384651,0.575941801071167,0.7836959362030029,0.791846752166748
Body,Body_random_full_01_mean,23456,366,0.3209967152393915,0.32412304537893105,0.7054135799407959,0.7971189022064209,0.29577261209487915
Body,Body_random_full_01_mean,23456,474,-0.2629308691457369,0.16900264189464603,0.6703703999519348,0.33658865094184875,0.08232320100069046
Body,Body_random_full_01_mean,23456,492,-0.0379709348999559,0.4352018979490421,0.6361175179481506,0.6497191786766052,0.3749684691429138
Body,Body_random_full_01_mean,23456,527,0.32432980848685694,0.39087208758899755,0.7575777173042297,0.6128806471824646,0.10968908667564392
Body,Body_random_full_01_mean,23456,530,0.22495264651349003,0.43270346922504765,0.6687803268432617,0.5462594628334045,0.14233310520648956
Body,Body_random_full_01_mean,23456,542,0.03948001006276795,0.33620354607351394,0.6890410780906677,0.5960149168968201,0.32221758365631104
Body,Body_random_full_01_mean,23456,574,0.009903882402351937,0.49272063136205313,0.7400440573692322,0.45267876982688904,0.15429802238941193
Body,Body_random_full_01_mean,23456,597,0.10485560714010453,0.32130068312408167,0.8161979913711548,0.5955600142478943,0.11033771187067032
Body,Body_random_full_01_mean,23456,619,-0.0034879297494900836,0.20261167750340006,0.7173358201980591,0.500533938407898,0.053021956235170364
Body,Body_random_full_01_mean,23456,656,-0.05942352542775511,0.23080233551868354,0.6910330653190613,0.7516055703163147,0.42588651180267334
Body,Body_random_full_01_mean,23456,661,0.00035760948719658987,0.2959634168004535,0.671133279800415,0.42976251244544983,0.18989083170890808
Body,Body_random_full_01_mean,23456,664,0.22636617294615036,0.4158921265791947,0.6423801183700562,0.8793238401412964,0.8052310943603516
Body,Body_random_full_01_mean,23456,698,0.09277216081389908,0.20601434809044517,0.6777538061141968,0.5949198007583618,0.15529558062553406
Body,Body_random_full_01_mean,23456,700,0.35470343798001375,0.3911432476688493,0.7030686736106873,0.46576476097106934,0.2852536141872406
Body,Body_random_full_01_mean,23456,716,-0.09963126932353321,0.26690098670098583,0.650497555732727,0.6106423139572144,0.08972684293985367
Body,Body_random_full_01_mean,23456,765,0.09572104032738515,0.3257968723710064,0.7141310572624207,0.6854611039161682,0.23672379553318024
Body,Body_random_full_01_mean,23456,771,-0.035965097627582536,0.2767670170214615,0.6761125326156616,0.627328097820282,0.11688996851444244
Body,Body_random_full_01_mean,23456,786,-0.03544549386902323,0.07674142244154107,0.8444404006004333,0.5320838689804077,0.2693932056427002
Body,Body_random_full_01_mean,23456,806,-0.08412631381229435,0.2701820679421806,0.6782610416412354,0.40461307764053345,0.15387089550495148
Body,Body_random_full_01_mean,23456,813,0.06520869490802844,0.2688664816180737,0.7150905728340149,0.5605307817459106,0.11683911830186844
Body,Body_random_full_01_mean,23456,816,0.19188945475498467,0.20775145286611074,0.6581772565841675,0.4292163848876953,0.2523607909679413
Body,Body_random_full_01_mean,23456,822,0.11493199029441112,0.2798066289126835,0.6415168046951294,0.7113996148109436,0.7945554256439209
Body,Body_random_full_01_mean,23456,826,0.5314932581223858,0.41044253144329806,0.70164954662323,0.3839317560195923,0.057109348475933075
Body,Body_random_full_01_mean,23456,847,-0.05871306068087264,0.3664598008800992,0.712265133857727,0.583289384841919,0.055307935923337936
Body,Body_random_full_01_mean,23456,876,0.06127225042342326,0.15066000462060516,0.7704855799674988,0.5902398228645325,0.06697258353233337
Body,Body_random_full_01_mean,23456,891,0.19067482266060526,0.15293465435946157,0.6228752136230469,0.44606178998947144,0.009877802804112434
Body,Body_random_full_01_mean,23456,919,0.2520803646882998,0.19459077413600107,0.7180838584899902,0.4981784224510193,0.04183516278862953
Body,Body_random_full_01_mean,23456,931,0.006065228648706362,0.2782502252916029,0.7065148949623108,0.6719216704368591,0.7678250670433044
Body,Body_random_full_01_mean,23456,933,0.25772702438527434,0.31298521723342376,0.5285069942474365,0.6472115516662598,0.32186052203178406
Body,Body_random_full_01_mean,23456,941,0.1270247381143364,0.34798105863348205,0.6414203643798828,0.45886027812957764,0.07284270226955414
Body,Body_random_full_01_mean,23456,960,-0.3491965315251069,0.36345117336203064,0.763731062412262,0.4443283677101135,0.0872199535369873
Body,Body_random_full_01_mean,23456,968,0.22500238305691678,0.15929438057311676,0.7701861262321472,0.5620269775390625,0.057569462805986404
Body,Body_random_full_01_mean,23456,989,0.136433783949008,0.5413312662483316,0.6655592918395996,0.8080419301986694,0.48476576805114746
Body,Body_random_full_02_mean,23456,21,-0.15226030119000647,0.2805199368204069,0.7829189300537109,0.5881713628768921,0.42409902811050415
Body,Body_random_full_02_mean,23456,38,0.26785813404141245,0.2592224125452511,0.6490539312362671,0.7560027241706848,0.3932623267173767
Body,Body_random_full_02_mean,23456,40,0.328613741344423,0.7171957171147633,0.5365539789199829,0.6618502736091614,0.11453472822904587
Body,Body_random_full_02_mean,23456,59,-0.07101468151637676,0.19970312632244624,0.6894711256027222,0.7827401161193848,0.6553325057029724
Body,Body_random_full_02_mean,23456,88,-0.31826769979824565,0.23658992039385843,0.7355734705924988,0.3272538483142853,-0.016827866435050964
Body,Body_random_full_02_mean,23456,116,-0.16021355754134292,0.17468184368147197,0.770820677280426,0.7006109356880188,0.697805643081665
Body,Body_random_full_02_mean,23456,133,-0.04576224600574834,0.6409988828723926,0.6702231764793396,0.43518948554992676,0.03816661983728409
Body,Body_random_full_02_mean,23456,161,-0.0597988161582457,0.4922169452914033,0.6249465942382812,0.7243942022323608,0.47590693831443787
Body,Body_random_full_02_mean,23456,170,-0.007595520154607898,0.2698163510614266,0.6525962352752686,0.6861498355865479,-0.014602810144424438
Body,Body_random_full_02_mean,23456,179,0.2564575629433972,0.28492184342420707,0.7332819104194641,0.5816217660903931,0.1621180921792984
Body,Body_random_full_02_mean,23456,220,0.24408375165996354,0.45426276768074375,0.7354843616485596,0.5146282911300659,0.2699512541294098
Body,Body_random_full_02_mean,23456,233,-0.03769908521879058,0.20834433064889993,0.7036653757095337,0.6934404969215393,0.30471181869506836
Body,Body_random_full_02_mean,23456,257,0.1201174134125879,0.29091723652568835,0.681986927986145,0.5692836046218872,0.08117681741714478
Body,Body_random_full_02_mean,23456,290,0.23872623234043192,0.2556200275813293,0.8038696050643921,0.6665334701538086,0.7235018014907837
Body,Body_random_full_02_mean,23456,331,0.061130346868004275,0.2293549867235121,0.7545958757400513,0.5526230335235596,0.09185953438282013
Body,Body_random_full_02_mean,23456,339,0.10610481294377815,0.2594557146532751,0.6804095506668091,0.7023553252220154,0.2859346270561218
Body,Body_random_full_02_mean,23456,355,0.1922481928450703,0.7506639407600177,0.5883430242538452,0.7212916612625122,0.786173939704895
Body,Body_random_full_02_mean,23456,366,0.05688654850936745,0.2747456492529484,0.7262910008430481,0.5955712795257568,0.3351588845252991
Body,Body_random_full_02_mean,23456,474,-0.2864997712539911,0.20952111334933526,0.671299397945404,0.416492760181427,0.216243714094162
Body,Body_random_full_02_mean,23456,492,-0.06480354766713661,0.44802706637411904,0.6478773951530457,0.7372779846191406,0.36915281414985657
Body,Body_random_full_02_mean,23456,527,0.217525971616842,0.3660328870917064,0.788834810256958,0.5748365521430969,0.23804381489753723
Body,Body_random_full_02_mean,23456,530,0.25273094097949816,0.4399210809371441,0.6636426448822021,0.5658113956451416,0.1306164264678955
Body,Body_random_full_02_mean,23456,542,-0.1120083600466413,0.31856822373301463,0.7079032063484192,0.5732781887054443,0.1256926953792572
Body,Body_random_full_02_mean,23456,574,0.007673227023496793,0.4940672146243479,0.7478333115577698,0.37150758504867554,0.05007728934288025
Body,Body_random_full_02_mean,23456,597,0.003717061585130169,0.3210404119214959,0.8287287950515747,0.4980088174343109,0.11843571066856384
Body,Body_random_full_02_mean,23456,619,-0.1557649695395528,0.17870619323453274,0.7414970397949219,0.5284790992736816,-0.027110112830996513
Body,Body_random_full_02_mean,23456,656,-0.055540197548081136,0.23508062006530803,0.6956987977027893,0.7096897959709167,0.21766293048858643
Body,Body_random_full_02_mean,23456,661,0.001784869794679212,0.28788973724475725,0.6757447123527527,0.4955458343029022,0.15045088529586792
Body,Body_random_full_02_mean,23456,664,0.21430038718391128,0.42968827646830515,0.6457763910293579,0.8808568716049194,0.8100235462188721
Body,Body_random_full_02_mean,23456,698,0.03687053833953815,0.2593743340660123,0.6934882402420044,0.5248207449913025,0.07794728875160217
Body,Body_random_full_02_mean,23456,700,0.23326532368682418,0.2764990846110114,0.7247193455696106,0.4288851022720337,0.1989184468984604
Body,Body_random_full_02_mean,23456,716,-0.15360367123216345,0.25186354949475415,0.6887080073356628,0.6154785752296448,0.13096736371517181
Body,Body_random_full_02_mean,23456,765,0.05562543681409574,0.33942246244255375,0.7098311185836792,0.6341351866722107,0.22370614111423492
Body,Body_random_full_02_mean,23456,771,-0.022681025560803175,0.2776006045301394,0.6637552380561829,0.5884279012680054,0.1734733283519745
Body,Body_random_full_02_mean,23456,786,-0.046586205059793766,0.07587407477252014,0.8423125743865967,0.5341933369636536,0.10192345082759857
Body,Body_random_full_02_mean,23456,806,-0.08601027936467844,0.21165630942932537,0.6526268720626831,0.5399913191795349,0.30430054664611816
Body,Body_random_full_02_mean,23456,813,0.08452302894056561,0.2729235671552499,0.719057559967041,0.6322152614593506,0.13310706615447998
Body,Body_random_full_02_mean,23456,816,0.18131580240860884,0.2071659190169738,0.6818357706069946,0.4901837706565857,0.34827566146850586
Body,Body_random_full_02_mean,23456,822,0.12568551537522327,0.27205548687701664,0.6229990124702454,0.6590896248817444,0.6358489394187927
Body,Body_random_full_02_mean,23456,826,0.5847567929760118,0.4300984139267013,0.7370717525482178,0.3908369243144989,0.04596807062625885
Body,Body_random_full_02_mean,23456,847,0.01102558238240281,0.3481171002114418,0.6641425490379333,0.5569720268249512,0.32761910557746887
Body,Body_random_full_02_mean,23456,876,0.03617231547826688,0.14679366855739973,0.7906123399734497,0.5694153904914856,0.0586371012032032
Body,Body_random_full_02_mean,23456,891,0.12494860833702341,0.16155435916014121,0.6760642528533936,0.5447030663490295,0.019293775781989098
Body,Body_random_full_02_mean,23456,919,0.14490658258767553,0.11677096127987725,0.6753194332122803,0.4392879903316498,0.05619087442755699
Body,Body_random_full_02_mean,23456,931,-0.03524681513780823,0.27882206664681425,0.7186861038208008,0.7525920271873474,0.7734101414680481
Body,Body_random_full_02_mean,23456,933,0.22431521747912458,0.32543947389602385,0.5638744831085205,0.6247162818908691,0.4057970345020294
Body,Body_random_full_02_mean,23456,941,0.14876889164867016,0.31815854729784476,0.6658592820167542,0.4947284460067749,0.10909870266914368
Body,Body_random_full_02_mean,23456,960,-0.36198290689213525,0.3348500353199547,0.7402816414833069,0.4568985402584076,0.04331860691308975
Body,Body_random_full_02_mean,23456,968,0.24318955938479797,0.1539502355906255,0.7529265880584717,0.49712708592414856,0.1079409122467041
Body,Body_random_full_02_mean,23456,989,0.1424440758170544,0.5290220991254646,0.6729766130447388,0.8738808631896973,0.7386265993118286
Body,Body_random_full_03_mean,23456,21,-0.17942594993526761,0.2705185734354604,0.7267805933952332,0.6734734177589417,0.517583966255188
Body,Body_random_full_03_mean,23456,38,0.3737333572480754,0.3135439331720598,0.6453091502189636,0.7789783477783203,0.44745489954948425
Body,Body_random_full_03_mean,23456,40,0.13308168742777293,0.6107704281052798,0.56886887550354,0.555316150188446,0.01744731515645981
Body,Body_random_full_03_mean,23456,59,-0.026262749062474736,0.21425725685827363,0.6831505298614502,0.8015966415405273,0.656629741191864
Body,Body_random_full_03_mean,23456,88,-0.3823269750867046,0.25083105219743296,0.768976092338562,0.4004620313644409,0.07451702654361725
Body,Body_random_full_03_mean,23456,116,-0.052193224355526445,0.2524112096860567,0.7190991640090942,0.672031044960022,0.8040580153465271
Body,Body_random_full_03_mean,23456,133,-0.05009662029053022,0.6537464275566442,0.6623336672782898,0.4233035147190094,0.049765802919864655
Body,Body_random_full_03_mean,23456,161,-0.2706063952453347,0.3046100905054804,0.6893738508224487,0.7060232758522034,0.5427297949790955
Body,Body_random_full_03_mean,23456,170,0.04983669523804845,0.3111185598880482,0.6312954425811768,0.5717021226882935,-0.04971711337566376
Body,Body_random_full_03_mean,23456,179,0.03171325923749941,0.2797655748989854,0.7180435657501221,0.5663352608680725,0.20018698275089264
Body,Body_random_full_03_mean,23456,220,0.2959070238286767,0.44267032269712503,0.6583667993545532,0.6994530558586121,0.4831615388393402
Body,Body_random_full_03_mean,23456,233,0.002460271505733033,0.21830480143653283,0.6978206038475037,0.6006617546081543,0.38133561611175537
Body,Body_random_full_03_mean,23456,257,0.1123213115016623,0.23715850832180732,0.6574744582176208,0.5256491899490356,0.16471125185489655
Body,Body_random_full_03_mean,23456,290,0.16072785685147573,0.2905919045336106,0.8523584604263306,0.4597002863883972,0.1276525855064392
Body,Body_random_full_03_mean,23456,331,0.01571953614145697,0.25017843831944625,0.7987093329429626,0.5119917392730713,0.008942574262619019
Body,Body_random_full_03_mean,23456,339,0.10509640680308414,0.2646251326982588,0.6744245886802673,0.7227846384048462,0.41112107038497925
Body,Body_random_full_03_mean,23456,355,-0.142082148769687,0.5560892361961658,0.6208250522613525,0.7611784934997559,0.6084233522415161
Body,Body_random_full_03_mean,23456,366,0.19878415303263144,0.3210568127188228,0.7156786918640137,0.6138412952423096,0.13639722764492035
Body,Body_random_full_03_mean,23456,474,-0.3268883938588035,0.17524917509610494,0.6613200306892395,0.39501020312309265,0.1307975798845291
Body,Body_random_full_03_mean,23456,492,-0.22260718898554102,0.3263487314921892,0.6793823838233948,0.6879106760025024,0.39186811447143555
Body,Body_random_full_03_mean,23456,527,0.04305562658690725,0.31120001378504947,0.7476781010627747,0.6139097213745117,0.201096311211586
Body,Body_random_full_03_mean,23456,530,0.2864422995692716,0.4012975492576301,0.657160222530365,0.6173443794250488,0.10430771112442017
Body,Body_random_full_03_mean,23456,542,0.003979780689575928,0.3003070265869647,0.6560551524162292,0.5805824995040894,0.34574106335639954
Body,Body_random_full_03_mean,23456,574,-0.009078823642596346,0.5784776349097035,0.6485894918441772,0.5353299379348755,0.7339446544647217
Body,Body_random_full_03_mean,23456,597,0.11311186454637315,0.29579344028272236,0.778278648853302,0.4920024871826172,0.07426376640796661
Body,Body_random_full_03_mean,23456,619,-0.10645203719857624,0.22478268714525662,0.7271060347557068,0.5505196452140808,-0.03762722760438919
Body,Body_random_full_03_mean,23456,656,-0.03607414291570447,0.21683950846429953,0.6892009973526001,0.716995120048523,0.38375231623649597
Body,Body_random_full_03_mean,23456,661,-0.04564443496362698,0.2658482774455237,0.6373863220214844,0.4877491593360901,0.25745800137519836
Body,Body_random_full_03_mean,23456,664,0.22879393856424876,0.42849671879161605,0.6526197195053101,0.8928622007369995,0.8059260845184326
Body,Body_random_full_03_mean,23456,698,0.12744836458109893,0.2433483622091052,0.6875137090682983,0.5580371618270874,0.10658005625009537
Body,Body_random_full_03_mean,23456,700,0.21393214536404004,0.2943347683712684,0.7792791724205017,0.3659764230251312,0.26375532150268555
Body,Body_random_full_03_mean,23456,716,-0.11899296582901872,0.2680401107385705,0.6950512528419495,0.6414054036140442,0.11712516099214554
Body,Body_random_full_03_mean,23456,765,0.10971699195628021,0.3155788105228011,0.7099257707595825,0.6927836537361145,0.21573425829410553
Body,Body_random_full_03_mean,23456,771,0.008099740920047928,0.2929674386069429,0.6583245396614075,0.6196993589401245,0.26516619324684143
Body,Body_random_full_03_mean,23456,786,0.04867634819527054,0.0765869900370384,0.8491982221603394,0.5529618859291077,0.1987362802028656
Body,Body_random_full_03_mean,23456,806,-0.10280299226379501,0.2704842484681552,0.6959028840065002,0.4326123297214508,0.17738497257232666
Body,Body_random_full_03_mean,23456,813,0.041997176726193255,0.22832989158743716,0.751909613609314,0.526692271232605,0.009508243761956692
Body,Body_random_full_03_mean,23456,816,0.18028867116051575,0.1989429283332895,0.6328933835029602,0.5016864538192749,0.19739410281181335
Body,Body_random_full_03_mean,23456,822,0.06865937784091922,0.2596185344415227,0.6133370995521545,0.7676407098770142,0.7171839475631714
Body,Body_random_full_03_mean,23456,826,0.409863312739636,0.4000212592993141,0.7309190630912781,0.39005476236343384,0.049559712409973145
Body,Body_random_full_03_mean,23456,847,0.003268124119811846,0.37052436585299225,0.6783193349838257,0.628661036491394,0.20372477173805237
Body,Body_random_full_03_mean,23456,876,0.062377882718898194,0.14630149623051775,0.763845682144165,0.5173709988594055,0.07185248285531998
Body,Body_random_full_03_mean,23456,891,0.11665158568440417,0.10933458943100871,0.6565244793891907,0.5281130075454712,-0.0031856056302785873
Body,Body_random_full_03_mean,23456,919,0.2373074298780171,0.17127120982466026,0.6907169818878174,0.49755415320396423,0.049971286207437515
Body,Body_random_full_03_mean,23456,931,-0.03758786343962982,0.2151023573409853,0.6963759660720825,0.7674105763435364,0.7527149319648743
Body,Body_random_full_03_mean,23456,933,0.21583286150397935,0.2786505292321923,0.599478542804718,0.5843878984451294,0.2631751000881195
Body,Body_random_full_03_mean,23456,941,0.005679085433667819,0.2517699035515433,0.6549718379974365,0.5350443124771118,0.17967741191387177
Body,Body_random_full_03_mean,23456,960,-0.14309947473825554,0.24381662808905824,0.7111332416534424,0.6405847668647766,0.05363859981298447
Body,Body_random_full_03_mean,23456,968,0.21014850405804394,0.1560846484134624,0.7806490659713745,0.5804124474525452,0.05471532791852951
Body,Body_random_full_03_mean,23456,989,0.22566797616049375,0.5345737841131982,0.5861543416976929,0.8504681587219238,0.7987075448036194
Body,Body_random_full_04_mean,23456,21,-0.11812016093212574,0.27303567757863495,0.7820603847503662,0.5765444040298462,0.4378858506679535
Body,Body_random_full_04_mean,23456,38,0.2689341083759152,0.26289867350968604,0.6624171137809753,0.7473329305648804,0.37108314037323
Body,Body_random_full_04_mean,23456,40,0.3530849113885722,0.7224760490229849,0.5211636424064636,0.6876302361488342,0.30019548535346985
Body,Body_random_full_04_mean,23456,59,-0.10143470045617486,0.19961295491914205,0.6828556060791016,0.3937751352787018,0.11306139826774597
Body,Body_random_full_04_mean,23456,88,-0.3585605056881769,0.2659146040739761,0.7925913333892822,0.3972257375717163,0.03912416100502014
Body,Body_random_full_04_mean,23456,116,-0.17906968147323937,0.2730425573712566,0.7543822526931763,0.23038336634635925,0.052752405405044556
Body,Body_random_full_04_mean,23456,133,-0.04448704842568416,0.6448722517561036,0.6744377613067627,0.41738811135292053,-4.5103952288627625e-05
Body,Body_random_full_04_mean,23456,161,-0.03910610084690417,0.4582686456840945,0.6676266193389893,0.8034595847129822,0.5825530290603638
Body,Body_random_full_04_mean,23456,170,0.1311582107171266,0.3242733317976448,0.639563798904419,0.6642691493034363,0.11813181638717651
Body,Body_random_full_04_mean,23456,179,0.2885435289355384,0.3067264158780145,0.7877376079559326,0.4999770522117615,0.17316000163555145
Body,Body_random_full_04_mean,23456,220,0.25805204228115547,0.4573053394100913,0.7326858639717102,0.5133357644081116,0.162103533744812
Body,Body_random_full_04_mean,23456,233,-0.05457128666955534,0.20734250393418455,0.7133147716522217,0.6272725462913513,0.26741522550582886
Body,Body_random_full_04_mean,23456,257,0.11259845837716564,0.28568991145174455,0.6821268796920776,0.5619921088218689,0.02246633544564247
Body,Body_random_full_04_mean,23456,290,0.3927488551926102,0.29848415545240975,0.6948583126068115,0.7561107277870178,0.7907076478004456
Body,Body_random_full_04_mean,23456,331,0.06610869269970188,0.213565536537507,0.7410159707069397,0.5325053930282593,-0.009209632873535156
Body,Body_random_full_04_mean,23456,339,0.1125245548649252,0.2623638011089773,0.6717612147331238,0.7126415371894836,0.34757915139198303
Body,Body_random_full_04_mean,23456,355,0.0803824426700104,0.7503010083625702,0.6267254948616028,0.6928471922874451,0.5860244035720825
Body,Body_random_full_04_mean,23456,366,0.16002077717314772,0.32417952721075854,0.7030162811279297,0.45575425028800964,0.07650718092918396
Body,Body_random_full_04_mean,23456,474,-0.31185502643633206,0.20396882937756086,0.687160313129425,0.330965518951416,0.19835039973258972
Body,Body_random_full_04_mean,23456,492,-0.01834524196214963,0.4315953783906101,0.6390352845191956,0.6047673225402832,0.49775782227516174
Body,Body_random_full_04_mean,23456,527,0.32992248046755945,0.44385764504375064,0.7860007882118225,0.5840520858764648,0.3515852391719818
Body,Body_random_full_04_mean,23456,530,0.2824226259251893,0.4531098188217155,0.6493269801139832,0.5652878880500793,0.16070246696472168
Body,Body_random_full_04_mean,23456,542,-0.1160462973913283,0.3414146711802755,0.6931673288345337,0.5229775905609131,0.187837615609169
Body,Body_random_full_04_mean,23456,574,0.009057204955601979,0.4901756477878129,0.7463327646255493,0.41781526803970337,0.014181777834892273
Body,Body_random_full_04_mean,23456,597,0.08735204172357647,0.30873741318010284,0.7690945863723755,0.5885741710662842,0.0997927337884903
Body,Body_random_full_04_mean,23456,619,-0.13688994497925913,0.17004438885024362,0.7367918491363525,0.4750886857509613,0.012243315577507019
Body,Body_random_full_04_mean,23456,656,-0.05709767141297427,0.2320966951198817,0.6905516386032104,0.7022298574447632,0.24325869977474213
Body,Body_random_full_04_mean,23456,661,0.00843760382753126,0.2252213581446798,0.6962762475013733,0.418487548828125,0.06302583962678909
Body,Body_random_full_04_mean,23456,664,0.20739432841360408,0.4258144088529328,0.6304786205291748,0.8908373713493347,0.768395721912384
Body,Body_random_full_04_mean,23456,698,0.015626104698212254,0.24882561060156094,0.7055407762527466,0.5424330234527588,0.06105634197592735
Body,Body_random_full_04_mean,23456,700,0.2114826252956896,0.26857881411926143,0.7759285569190979,0.4468265771865845,0.22319400310516357
Body,Body_random_full_04_mean,23456,716,-0.1342664345044397,0.2136654719522456,0.6953586339950562,0.5607244372367859,0.006208640523254871
Body,Body_random_full_04_mean,23456,765,0.10470711187347237,0.34267062645787866,0.7250384092330933,0.5828582644462585,0.2189917266368866
Body,Body_random_full_04_mean,23456,771,-0.011190022075076715,0.2988612955380211,0.6659702658653259,0.7021019458770752,0.2979033589363098
Body,Body_random_full_04_mean,23456,786,-0.025431675485730464,0.07786934544891809,0.8869099617004395,0.5541483759880066,-0.013470050878822803
Body,Body_random_full_04_mean,23456,806,-0.09410416476932902,0.19083309385892913,0.6316778659820557,0.5435235500335693,0.18139539659023285
Body,Body_random_full_04_mean,23456,813,0.07534773289185781,0.274388164579252,0.724563717842102,0.5556615591049194,0.0966915488243103
Body,Body_random_full_04_mean,23456,816,-0.03994656556453347,0.2594661957917966,0.6872586011886597,0.5152010917663574,-0.010572227649390697
Body,Body_random_full_04_mean,23456,822,0.1250648563218557,0.28749231044651474,0.6401537656784058,0.7282710671424866,0.7499991059303284
Body,Body_random_full_04_mean,23456,826,0.600808757601568,0.4275490596295954,0.7521226406097412,0.3554176986217499,0.06108251214027405
Body,Body_random_full_04_mean,23456,847,0.00763665662934433,0.3413710283774635,0.6782259345054626,0.5747659206390381,0.11737541854381561
Body,Body_random_full_04_mean,23456,876,0.04853609486400599,0.14930947845481735,0.7802674770355225,0.5969478487968445,0.12268345057964325
Body,Body_random_full_04_mean,23456,891,0.23651147035367262,0.1505732266264618,0.6524675488471985,0.4539474844932556,0.0014197109267115593
Body,Body_random_full_04_mean,23456,919,0.1560141845744609,0.12187266174375537,0.6922851800918579,0.4463370144367218,0.026062477380037308
Body,Body_random_full_04_mean,23456,931,0.06731895851004231,0.23039018718554613,0.720162034034729,0.7348247766494751,0.7788593769073486
Body,Body_random_full_04_mean,23456,933,0.326501221186724,0.3413113840471975,0.5032737255096436,0.6708506941795349,0.5119507312774658
Body,Body_random_full_04_mean,23456,941,0.14124028929021645,0.2832374165973292,0.6612731218338013,0.4464467763900757,0.166122168302536
Body,Body_random_full_04_mean,23456,960,-0.31936708967850724,0.32247862928944154,0.6679549217224121,0.6636900901794434,0.5139723420143127
Body,Body_random_full_04_mean,23456,968,0.24174012334925504,0.15151002118366402,0.741169810295105,0.5472894310951233,0.09304686635732651
Body,Body_random_full_04_mean,23456,989,0.10756796874362214,0.5432742686875484,0.6982999444007874,0.7848848700523376,0.6672630310058594
Body,Body_random_full_05_mean,23456,21,-0.15308270854453213,0.2622013268580069,0.7103960514068604,0.7222506403923035,0.5851088166236877
Body,Body_random_full_05_mean,23456,38,0.3981244409266761,0.313580327102088,0.6242907047271729,0.8017132878303528,0.4373999834060669
Body,Body_random_full_05_mean,23456,40,0.3741932610915921,0.7245320676148255,0.5202857851982117,0.6808663606643677,0.22106948494911194
Body,Body_random_full_05_mean,23456,59,-0.008753117054411763,0.2361967073583802,0.6634600162506104,0.827549159526825,0.7520855069160461
Body,Body_random_full_05_mean,23456,88,-0.3535909723121358,0.24469053480111647,0.7421771287918091,0.40589702129364014,0.12108549475669861
Body,Body_random_full_05_mean,23456,116,-0.053214102506141975,0.25555536201745893,0.7148221731185913,0.6369836926460266,0.8086019158363342
Body,Body_random_full_05_mean,23456,133,-0.13420688127709235,0.6100335989059116,0.6945875287055969,0.4215313196182251,0.09274111688137054
Body,Body_random_full_05_mean,23456,161,-0.2334144571042557,0.3792410626928109,0.6716251373291016,0.741325855255127,0.5134351849555969
Body,Body_random_full_05_mean,23456,170,0.020213493590653674,0.31558127048712004,0.6679471731185913,0.5322644710540771,-0.03956066444516182
Body,Body_random_full_05_mean,23456,179,0.207249275473269,0.2796335276778299,0.7514239549636841,0.5984665751457214,0.1295071840286255
Body,Body_random_full_05_mean,23456,220,0.2600976809140717,0.43201290221475425,0.6636466383934021,0.6957165002822876,0.4988197386264801
Body,Body_random_full_05_mean,23456,233,0.010591359578290764,0.21708478248708563,0.6926512718200684,0.5503844022750854,0.31673115491867065
Body,Body_random_full_05_mean,23456,257,0.11349115264655589,0.23644029497009397,0.6664201617240906,0.5015995502471924,0.002171451225876808
Body,Body_random_full_05_mean,23456,290,0.4462491445719048,0.3043760735863958,0.7032350301742554,0.7232164740562439,0.7954686880111694
Body,Body_random_full_05_mean,23456,331,0.03914234705729842,0.21750291248895795,0.7508969306945801,0.5551542043685913,-0.027675149962306023
Body,Body_random_full_05_mean,23456,339,0.07966384397702754,0.2532907975415426,0.681204080581665,0.7273322343826294,0.42526090145111084
Body,Body_random_full_05_mean,23456,355,-0.16574862707399374,0.5841773004688484,0.6067498922348022,0.771618664264679,0.8076611757278442
Body,Body_random_full_05_mean,23456,366,0.23459019567091477,0.3209193037690435,0.7001198530197144,0.5312406420707703,0.09874469041824341
Body,Body_random_full_05_mean,23456,474,-0.30744405502938654,0.18390579880837737,0.680962860584259,0.35163336992263794,0.19621513783931732
Body,Body_random_full_05_mean,23456,492,-0.15764207419071655,0.39859970562546954,0.6191684603691101,0.8009507656097412,0.6614301204681396
Body,Body_random_full_05_mean,23456,527,0.03205929856958898,0.3237501857684977,0.7460770606994629,0.5575100779533386,0.18366913497447968
Body,Body_random_full_05_mean,23456,530,0.2710305231978554,0.4298622258328363,0.6648931503295898,0.5630378723144531,0.09292657673358917
Body,Body_random_full_05_mean,23456,542,0.02933905531789328,0.30442058234198216,0.6781928539276123,0.5744014382362366,0.26610976457595825
Body,Body_random_full_05_mean,23456,574,-0.010659817679791225,0.4991208143081381,0.6327410936355591,0.4952378273010254,0.6038018465042114
Body,Body_random_full_05_mean,23456,597,0.116435853977875,0.27315871641124245,0.7606085538864136,0.5381253361701965,0.025327861309051514
Body,Body_random_full_05_mean,23456,619,-0.08063431596738159,0.20496379248121874,0.742373526096344,0.5189342498779297,-0.027205612510442734
Body,Body_random_full_05_mean,23456,656,-0.04034667874932849,0.21596172051000825,0.6816601753234863,0.6898722052574158,0.2333117127418518
Body,Body_random_full_05_mean,23456,661,-0.04939326770574517,0.27743023180555726,0.6730150580406189,0.7100437879562378,0.3650963008403778
Body,Body_random_full_05_mean,23456,664,0.22557222145615496,0.4310147298522031,0.6409989595413208,0.8943189978599548,0.8140242695808411
Body,Body_random_full_05_mean,23456,698,0.14573770367229055,0.24049774898534373,0.6894258260726929,0.49177783727645874,0.12863153219223022
Body,Body_random_full_05_mean,23456,700,0.2743245790424013,0.30139318527623415,0.738440990447998,0.49680787324905396,0.288471519947052
Body,Body_random_full_05_mean,23456,716,-0.1445418222777626,0.26515054833022006,0.7147309184074402,0.5420242547988892,0.3289910852909088
Body,Body_random_full_05_mean,23456,765,0.08983919730926222,0.36578179119814763,0.7144026756286621,0.6757374405860901,0.3108973205089569
Body,Body_random_full_05_mean,23456,771,0.004035243442731916,0.27125697511298097,0.6643620729446411,0.6394175291061401,0.17066459357738495
Body,Body_random_full_05_mean,23456,786,0.007482385876140761,0.07782596414892136,0.8662501573562622,0.5728920102119446,0.23424053192138672
Body,Body_random_full_05_mean,23456,806,-0.0585606296513264,0.24097327996065182,0.6616950035095215,0.41912782192230225,0.1103217750787735
Body,Body_random_full_05_mean,23456,813,0.08783104009853132,0.2611009610428054,0.7191736102104187,0.5346031188964844,0.07742762565612793
Body,Body_random_full_05_mean,23456,816,-0.035424009884890355,0.2643077171869153,0.6898922324180603,0.4809902012348175,-0.021095115691423416
Body,Body_random_full_05_mean,23456,822,0.09191071790615882,0.2526406050425409,0.6098299622535706,0.7838352918624878,0.7756078839302063
Body,Body_random_full_05_mean,23456,826,0.5673796538507396,0.4241233006865238,0.7038953900337219,0.3925001323223114,0.05106671527028084
Body,Body_random_full_05_mean,23456,847,-0.023520748328278458,0.3843231571956184,0.6667243838310242,0.6282655000686646,0.2912253439426422
Body,Body_random_full_05_mean,23456,876,0.05785004726159399,0.1484934855761371,0.7949566841125488,0.6816858053207397,0.2121003270149231
Body,Body_random_full_05_mean,23456,891,0.15093073992766587,0.09597057139461398,0.6398754119873047,0.4974665641784668,0.12012573331594467
Body,Body_random_full_05_mean,23456,919,0.2026002326496886,0.1879148294106909,0.7097219824790955,0.50666344165802,0.0002743266522884369
Body,Body_random_full_05_mean,23456,931,0.07562560901055665,0.22829322305430721,0.7060832977294922,0.767669141292572,0.7668929696083069
Body,Body_random_full_05_mean,23456,933,0.296602134592574,0.3304816093948701,0.5395680069923401,0.5650085210800171,0.36373504996299744
Body,Body_random_full_05_mean,23456,941,0.08821743891036149,0.235040143373777,0.6568149924278259,0.5568749904632568,0.1574072688817978
Body,Body_random_full_05_mean,23456,960,-0.11246051615864129,0.30381483797836206,0.765551745891571,0.6315746307373047,0.011338130570948124
Body,Body_random_full_05_mean,23456,968,0.22972473099575433,0.1576086052649725,0.7379099130630493,0.5171526074409485,0.09680788218975067
Body,Body_random_full_05_mean,23456,989,0.2541449379410118,0.5080364658790132,0.6320969462394714,0.8850455284118652,0.7553501129150391
Body,Scene_unrelated_equal4_mean,23456,21,-0.1607054526712242,0.2806361240239989,0.7649116516113281,0.6486762762069702,0.41326847672462463
Body,Scene_unrelated_equal4_mean,23456,38,0.3148679266533157,0.30824109399529404,0.6271687150001526,0.7951034903526306,0.24429552257061005
Body,Scene_unrelated_equal4_mean,23456,40,0.17689932589560817,0.66775391268991,0.5579270124435425,0.5424118638038635,0.02194472774863243
Body,Scene_unrelated_equal4_mean,23456,59,-0.018697494748974024,0.21111973971222134,0.6895319819450378,0.7909607291221619,0.6632877588272095
Body,Scene_unrelated_equal4_mean,23456,88,-0.34607367495593777,0.26582824168541513,0.7578901052474976,0.3791483938694,0.08632504194974899
Body,Scene_unrelated_equal4_mean,23456,116,-0.038082718999883684,0.2673006909412865,0.7099971771240234,0.59063720703125,0.7939295768737793
Body,Scene_unrelated_equal4_mean,23456,133,-0.1447513881304303,0.619605767687292,0.6889205574989319,0.43299180269241333,0.07010883092880249
Body,Scene_unrelated_equal4_mean,23456,161,-0.2681413819683619,0.36653042838282596,0.6373928189277649,0.6711398959159851,0.5126360058784485
Body,Scene_unrelated_equal4_mean,23456,170,0.030599269232875943,0.3040351707226816,0.6403273940086365,0.4801096022129059,-0.04360645264387131
Body,Scene_unrelated_equal4_mean,23456,179,0.18309035694439404,0.25912021044452743,0.720401406288147,0.616815447807312,0.25044259428977966
Body,Scene_unrelated_equal4_mean,23456,220,0.27501976393205735,0.43494916706420006,0.6577409505844116,0.6433709263801575,0.5239776372909546
Body,Scene_unrelated_equal4_mean,23456,233,0.03197602288483634,0.21905665354258752,0.7037746906280518,0.5597130060195923,0.23243090510368347
Body,Scene_unrelated_equal4_mean,23456,257,0.11252236652902863,0.23347150194643146,0.634666919708252,0.5176944136619568,0.08945851027965546
Body,Scene_unrelated_equal4_mean,23456,290,0.171457411401622,0.26196941448108324,0.8344584703445435,0.49817875027656555,0.11897127330303192
Body,Scene_unrelated_equal4_mean,23456,331,0.05643082904863584,0.22295251365162427,0.7632283568382263,0.5507826805114746,0.05270225927233696
Body,Scene_unrelated_equal4_mean,23456,339,0.10204037808865461,0.25031186780814807,0.6755483150482178,0.7145986557006836,0.38126957416534424
Body,Scene_unrelated_equal4_mean,23456,355,-0.2411075113097074,0.6036598509947795,0.6002063751220703,0.7232913970947266,0.7667184472084045
Body,Scene_unrelated_equal4_mean,23456,366,0.2777936734018753,0.36349243115457197,0.722440779209137,0.5622894167900085,0.21378624439239502
Body,Scene_unrelated_equal4_mean,23456,474,-0.30320210439805245,0.16846923658757038,0.6729353666305542,0.43884384632110596,0.13909851014614105
Body,Scene_unrelated_equal4_mean,23456,492,-0.11108653251205242,0.42524928904666115,0.659561812877655,0.7331459522247314,0.40588974952697754
Body,Scene_unrelated_equal4_mean,23456,527,0.024406873536635267,0.3195969514712084,0.7610503435134888,0.5948504209518433,0.2735316753387451
Body,Scene_unrelated_equal4_mean,23456,530,0.27329189695245065,0.4295451506332993,0.6569851040840149,0.5942472815513611,0.14994944632053375
Body,Scene_unrelated_equal4_mean,23456,542,0.03212669079056405,0.3045112191245998,0.67271888256073,0.5450069308280945,0.3123183250427246
Body,Scene_unrelated_equal4_mean,23456,574,-0.04942897303718771,0.49260498881890674,0.6961240768432617,0.5754621028900146,0.6250302791595459
Body,Scene_unrelated_equal4_mean,23456,597,0.11194779261607593,0.31061210090165875,0.7747047543525696,0.5653538703918457,0.10212688893079758
Body,Scene_unrelated_equal4_mean,23456,619,-0.07872867331209867,0.2175753824345631,0.752136766910553,0.4922741651535034,-0.08556573837995529
Body,Scene_unrelated_equal4_mean,23456,656,-0.0422502765471566,0.21805712950069495,0.687759518623352,0.7380853295326233,0.3246347904205322
Body,Scene_unrelated_equal4_mean,23456,661,-0.010497755476345811,0.2686881975048228,0.6438760161399841,0.40422043204307556,0.20913845300674438
Body,Scene_unrelated_equal4_mean,23456,664,0.22019756616971667,0.4165021595402886,0.640839695930481,0.8867952227592468,0.8023127317428589
Body,Scene_unrelated_equal4_mean,23456,698,0.1445188321942265,0.21687088886418196,0.6663116216659546,0.5439777374267578,0.2245236039161682
Body,Scene_unrelated_equal4_mean,23456,700,0.19976267211727144,0.297305538725006,0.7653496265411377,0.35408106446266174,0.23886264860630035
Body,Scene_unrelated_equal4_mean,23456,716,-0.1252189391044703,0.271149789694954,0.6881790161132812,0.6064931154251099,0.1512441188097
Body,Scene_unrelated_equal4_mean,23456,765,0.08313677347881097,0.3753660827430417,0.7135942578315735,0.6881114840507507,0.19579070806503296
Body,Scene_unrelated_equal4_mean,23456,771,0.0504494709649527,0.2946805498877955,0.6715556979179382,0.6222829818725586,0.14987178146839142
Body,Scene_unrelated_equal4_mean,23456,786,0.01775808066818668,0.07623070474133647,0.8635071516036987,0.5645597577095032,0.3370906710624695
Body,Scene_unrelated_equal4_mean,23456,806,-0.08271309768315437,0.2583296757271371,0.6732668876647949,0.42562973499298096,0.1197507455945015
Body,Scene_unrelated_equal4_mean,23456,813,0.10885716830963314,0.25665449789110734,0.7335923314094543,0.5538259744644165,0.08446390181779861
Body,Scene_unrelated_equal4_mean,23456,816,0.20266569198547507,0.21901124898228416,0.6419281959533691,0.471433162689209,0.24483489990234375
Body,Scene_unrelated_equal4_mean,23456,822,0.1306003710719838,0.28462016805706397,0.6150444746017456,0.7675656676292419,0.7206690907478333
Body,Scene_unrelated_equal4_mean,23456,826,0.5109920902379442,0.42102385664299985,0.7212342023849487,0.5062544941902161,0.06312333792448044
Body,Scene_unrelated_equal4_mean,23456,847,-0.005771663938951877,0.3726209334204165,0.6679199934005737,0.6168951392173767,0.3042920231819153
Body,Scene_unrelated_equal4_mean,23456,876,0.0780793338992195,0.14894991241746688,0.7805485725402832,0.5667657256126404,0.1262814849615097
Body,Scene_unrelated_equal4_mean,23456,891,0.11706972522011241,0.12343854796146031,0.6498633623123169,0.5245934724807739,0.03775041922926903
Body,Scene_unrelated_equal4_mean,23456,919,0.2134413513672785,0.17420013595641123,0.68882155418396,0.5049667358398438,0.03472282737493515
Body,Scene_unrelated_equal4_mean,23456,931,-0.024824995782954107,0.21200335823001074,0.687930166721344,0.7738192677497864,0.7292639017105103
Body,Scene_unrelated_equal4_mean,23456,933,0.23998856878254698,0.2854490588688878,0.6003884077072144,0.6061108112335205,0.18823525309562683
Body,Scene_unrelated_equal4_mean,23456,941,0.09637976535419661,0.23740112804559066,0.6402117013931274,0.5217422246932983,0.05741555243730545
Body,Scene_unrelated_equal4_mean,23456,960,-0.15823160042935322,0.26229907703732774,0.7233522534370422,0.6538348197937012,0.09118267893791199
Body,Scene_unrelated_equal4_mean,23456,968,0.21429994375033662,0.15712065498414987,0.7431979179382324,0.4955528974533081,0.06990635395050049
Body,Scene_unrelated_equal4_mean,23456,989,0.1994489901482366,0.5247476810744124,0.6736589670181274,0.8528250455856323,0.41169023513793945
Body,no_mask,23456,21,-0.15508205665915906,0.26249854844362813,0.7188042998313904,0.6592303514480591,0.5102735757827759
Body,no_mask,23456,38,0.3138882167189092,0.2984740764587738,0.6341217160224915,0.8162499666213989,0.3113470673561096
Body,no_mask,23456,40,0.3456500956709051,0.7175004409643526,0.5201047658920288,0.7163571715354919,0.36675992608070374
Body,no_mask,23456,59,-0.02284971516285536,0.2214100158907296,0.681124210357666,0.789306640625,0.69697505235672
Body,no_mask,23456,88,-0.33342669980519635,0.2532871001348271,0.7748019099235535,0.4148753881454468,0.025698434561491013
Body,no_mask,23456,116,-0.04060957148574976,0.26491061227322915,0.7250807881355286,0.6138709187507629,0.7970066666603088
Body,no_mask,23456,133,-0.11630363160675067,0.6172682982272514,0.6759281754493713,0.4212968945503235,0.03834541141986847
Body,no_mask,23456,161,-0.27058358594756526,0.3803646132850106,0.6184635162353516,0.7347497940063477,0.493450790643692
Body,no_mask,23456,170,0.030971186775728902,0.31361895046123456,0.6515687108039856,0.5224315524101257,-0.031227650120854378
Body,no_mask,23456,179,0.2134356672857847,0.25993709504537393,0.7268695831298828,0.5827999711036682,0.21091167628765106
Body,no_mask,23456,220,0.2725585907757032,0.43617986030067224,0.6544661521911621,0.6355367302894592,0.5871004462242126
Body,no_mask,23456,233,0.02163619021638197,0.22075525878383678,0.7032084465026855,0.557226836681366,0.20667220652103424
Body,no_mask,23456,257,0.10708483864100343,0.2360490563521946,0.6296736598014832,0.5086485147476196,0.08761545270681381
Body,no_mask,23456,290,0.36704529656265406,0.3096137424020326,0.7654430866241455,0.6612749695777893,0.53592848777771
Body,no_mask,23456,331,0.04171543878662649,0.22894027844028889,0.7662493586540222,0.5368734002113342,0.041443709284067154
Body,no_mask,23456,339,0.11313333827795725,0.25004903796795497,0.6787357926368713,0.7264622449874878,0.36872583627700806
Body,no_mask,23456,355,-0.17976705781985886,0.5897984037945881,0.6082326173782349,0.7564800977706909,0.8004634380340576
Body,no_mask,23456,366,0.26458339156249383,0.3688079715896316,0.715015709400177,0.629006564617157,0.1860843300819397
Body,no_mask,23456,474,-0.2751595514239798,0.18512762601137214,0.672565221786499,0.41190585494041443,0.15846367180347443
Body,no_mask,23456,492,-0.19437662654997398,0.3832509108763778,0.6312993168830872,0.7673267722129822,0.5153633952140808
Body,no_mask,23456,527,0.033932006355952934,0.31283431384442023,0.7560448050498962,0.5643237829208374,0.18838834762573242
Body,no_mask,23456,530,0.30117038970206556,0.44686096184240115,0.6546828746795654,0.5457164645195007,0.1335459053516388
Body,no_mask,23456,542,0.048381884230772956,0.30070518768089577,0.663449764251709,0.6136230230331421,0.41981613636016846
Body,no_mask,23456,574,-0.017132866232445094,0.585613979765812,0.6238064765930176,0.5624293088912964,0.7241427898406982
Body,no_mask,23456,597,0.12160317964792701,0.31449183707774664,0.765762984752655,0.6384101510047913,0.15173423290252686
Body,no_mask,23456,619,-0.07922836824864396,0.21793000161943824,0.7437306642532349,0.5203510522842407,-0.08433057367801666
Body,no_mask,23456,656,-0.04340782664623735,0.21804984478705242,0.686693012714386,0.7448999285697937,0.3440963625907898
Body,no_mask,23456,661,-0.02399658187557526,0.272689472063145,0.673879861831665,0.5340566039085388,0.29506951570510864
Body,no_mask,23456,664,0.22157145005289766,0.4340781690461013,0.644762396812439,0.8664945363998413,0.8300919532775879
Body,no_mask,23456,698,0.1513454369080283,0.22607611108195927,0.6693300604820251,0.5986212491989136,0.20575815439224243
Body,no_mask,23456,700,0.19493231228348254,0.28870368226413007,0.7919354438781738,0.3785364627838135,0.23995715379714966
Body,no_mask,23456,716,-0.10878123236426171,0.2592821877392592,0.6738319396972656,0.5452401041984558,0.1654157191514969
Body,no_mask,23456,765,0.08541845927884237,0.36056647028226946,0.7182580828666687,0.6298313736915588,0.2865617871284485
Body,no_mask,23456,771,0.039686201409841255,0.29333482702606284,0.6733182668685913,0.6323280334472656,0.08911024034023285
Body,no_mask,23456,786,0.015996175646053202,0.07627468356316998,0.8595392107963562,0.5703039169311523,0.3299572169780731
Body,no_mask,23456,806,-0.10554213413372694,0.20744841889603888,0.6491572260856628,0.5684308409690857,0.16115929186344147
Body,no_mask,23456,813,0.10127401308045832,0.2595164882123295,0.7308310270309448,0.5465196371078491,0.0020717671141028404
Body,no_mask,23456,816,0.18624222662649495,0.22504159483860353,0.6390358209609985,0.41598036885261536,0.19316108524799347
Body,no_mask,23456,822,0.1128097151237575,0.27069487095556266,0.6072521805763245,0.7865087389945984,0.7061911225318909
Body,no_mask,23456,826,0.5374107462625989,0.42693401946348014,0.7355814576148987,0.494781494140625,0.07920922338962555
Body,no_mask,23456,847,-0.028442778663876334,0.3921329782760495,0.6785087585449219,0.6717997193336487,0.29763779044151306
Body,no_mask,23456,876,0.07870706669367593,0.15239406103533373,0.7764145135879517,0.6005072593688965,0.08640255033969879
Body,no_mask,23456,891,0.11988593239905823,0.1267597436645301,0.650413990020752,0.49991416931152344,0.017486542463302612
Body,no_mask,23456,919,0.2340283557083595,0.15826395426157594,0.6997009515762329,0.4921278655529022,0.031069381162524223
Body,no_mask,23456,931,-0.04225675714571603,0.2137041124251707,0.679610550403595,0.7570170760154724,0.7169149518013
Body,no_mask,23456,933,0.22182396249270556,0.277697476120924,0.5861908793449402,0.5616767406463623,0.3688977360725403
Body,no_mask,23456,941,0.09373021075255064,0.2334082499736036,0.6558504104614258,0.5543326139450073,0.08192156255245209
Body,no_mask,23456,960,-0.12998226005397842,0.2644850889129926,0.7323607802391052,0.5867748856544495,0.04822902753949165
Body,no_mask,23456,968,0.2128332421492289,0.1571179142563065,0.7435870170593262,0.5080306529998779,0.06984151154756546
Body,no_mask,23456,989,0.21100552289547111,0.5312757028147329,0.6527262330055237,0.8638750314712524,0.8144433498382568
Body,no_mask_repeat,23456,21,-0.15508205665915906,0.26249854844362813,0.7188042998313904,0.6592303514480591,0.5102735757827759
Body,no_mask_repeat,23456,38,0.3138882167189092,0.2984740764587738,0.6341217160224915,0.8162499666213989,0.3113470673561096
Body,no_mask_repeat,23456,40,0.3456500956709051,0.7175004409643526,0.5201047658920288,0.7163571715354919,0.36675992608070374
Body,no_mask_repeat,23456,59,-0.02284971516285536,0.2214100158907296,0.681124210357666,0.789306640625,0.69697505235672
Body,no_mask_repeat,23456,88,-0.33342669980519635,0.2532871001348271,0.7748019099235535,0.4148753881454468,0.025698434561491013
Body,no_mask_repeat,23456,116,-0.04060957148574976,0.26491061227322915,0.7250807881355286,0.6138709187507629,0.7970066666603088
Body,no_mask_repeat,23456,133,-0.11630363160675067,0.6172682982272514,0.6759281754493713,0.4212968945503235,0.03834541141986847
Body,no_mask_repeat,23456,161,-0.27058358594756526,0.3803646132850106,0.6184635162353516,0.7347497940063477,0.493450790643692
Body,no_mask_repeat,23456,170,0.030971186775728902,0.31361895046123456,0.6515687108039856,0.5224315524101257,-0.031227650120854378
Body,no_mask_repeat,23456,179,0.2134356672857847,0.25993709504537393,0.7268695831298828,0.5827999711036682,0.21091167628765106
Body,no_mask_repeat,23456,220,0.2725585907757032,0.43617986030067224,0.6544661521911621,0.6355367302894592,0.5871004462242126
Body,no_mask_repeat,23456,233,0.02163619021638197,0.22075525878383678,0.7032084465026855,0.557226836681366,0.20667220652103424
Body,no_mask_repeat,23456,257,0.10708483864100343,0.2360490563521946,0.6296736598014832,0.5086485147476196,0.08761545270681381
Body,no_mask_repeat,23456,290,0.36704529656265406,0.3096137424020326,0.7654430866241455,0.6612749695777893,0.53592848777771
Body,no_mask_repeat,23456,331,0.04171543878662649,0.22894027844028889,0.7662493586540222,0.5368734002113342,0.041443709284067154
Body,no_mask_repeat,23456,339,0.11313333827795725,0.25004903796795497,0.6787357926368713,0.7264622449874878,0.36872583627700806
Body,no_mask_repeat,23456,355,-0.17976705781985886,0.5897984037945881,0.6082326173782349,0.7564800977706909,0.8004634380340576
Body,no_mask_repeat,23456,366,0.26458339156249383,0.3688079715896316,0.715015709400177,0.629006564617157,0.1860843300819397
Body,no_mask_repeat,23456,474,-0.2751595514239798,0.18512762601137214,0.672565221786499,0.41190585494041443,0.15846367180347443
Body,no_mask_repeat,23456,492,-0.19437662654997398,0.3832509108763778,0.6312993168830872,0.7673267722129822,0.5153633952140808
Body,no_mask_repeat,23456,527,0.033932006355952934,0.31283431384442023,0.7560448050498962,0.5643237829208374,0.18838834762573242
Body,no_mask_repeat,23456,530,0.30117038970206556,0.44686096184240115,0.6546828746795654,0.5457164645195007,0.1335459053516388
Body,no_mask_repeat,23456,542,0.048381884230772956,0.30070518768089577,0.663449764251709,0.6136230230331421,0.41981613636016846
Body,no_mask_repeat,23456,574,-0.017132866232445094,0.585613979765812,0.6238064765930176,0.5624293088912964,0.7241427898406982
Body,no_mask_repeat,23456,597,0.12160317964792701,0.31449183707774664,0.765762984752655,0.6384101510047913,0.15173423290252686
Body,no_mask_repeat,23456,619,-0.07922836824864396,0.21793000161943824,0.7437306642532349,0.5203510522842407,-0.08433057367801666
Body,no_mask_repeat,23456,656,-0.04340782664623735,0.21804984478705242,0.686693012714386,0.7448999285697937,0.3440963625907898
Body,no_mask_repeat,23456,661,-0.02399658187557526,0.272689472063145,0.673879861831665,0.5340566039085388,0.29506951570510864
Body,no_mask_repeat,23456,664,0.22157145005289766,0.4340781690461013,0.644762396812439,0.8664945363998413,0.8300919532775879
Body,no_mask_repeat,23456,698,0.1513454369080283,0.22607611108195927,0.6693300604820251,0.5986212491989136,0.20575815439224243
Body,no_mask_repeat,23456,700,0.19493231228348254,0.28870368226413007,0.7919354438781738,0.3785364627838135,0.23995715379714966
Body,no_mask_repeat,23456,716,-0.10878123236426171,0.2592821877392592,0.6738319396972656,0.5452401041984558,0.1654157191514969
Body,no_mask_repeat,23456,765,0.08541845927884237,0.36056647028226946,0.7182580828666687,0.6298313736915588,0.2865617871284485
Body,no_mask_repeat,23456,771,0.039686201409841255,0.29333482702606284,0.6733182668685913,0.6323280334472656,0.08911024034023285
Body,no_mask_repeat,23456,786,0.015996175646053202,0.07627468356316998,0.8595392107963562,0.5703039169311523,0.3299572169780731
Body,no_mask_repeat,23456,806,-0.10554213413372694,0.20744841889603888,0.6491572260856628,0.5684308409690857,0.16115929186344147
Body,no_mask_repeat,23456,813,0.10127401308045832,0.2595164882123295,0.7308310270309448,0.5465196371078491,0.0020717671141028404
Body,no_mask_repeat,23456,816,0.18624222662649495,0.22504159483860353,0.6390358209609985,0.41598036885261536,0.19316108524799347
Body,no_mask_repeat,23456,822,0.1128097151237575,0.27069487095556266,0.6072521805763245,0.7865087389945984,0.7061911225318909
Body,no_mask_repeat,23456,826,0.5374107462625989,0.42693401946348014,0.7355814576148987,0.494781494140625,0.07920922338962555
Body,no_mask_repeat,23456,847,-0.028442778663876334,0.3921329782760495,0.6785087585449219,0.6717997193336487,0.29763779044151306
Body,no_mask_repeat,23456,876,0.07870706669367593,0.15239406103533373,0.7764145135879517,0.6005072593688965,0.08640255033969879
Body,no_mask_repeat,23456,891,0.11988593239905823,0.1267597436645301,0.650413990020752,0.49991416931152344,0.017486542463302612
Body,no_mask_repeat,23456,919,0.2340283557083595,0.15826395426157594,0.6997009515762329,0.4921278655529022,0.031069381162524223
Body,no_mask_repeat,23456,931,-0.04225675714571603,0.2137041124251707,0.679610550403595,0.7570170760154724,0.7169149518013
Body,no_mask_repeat,23456,933,0.22182396249270556,0.277697476120924,0.5861908793449402,0.5616767406463623,0.3688977360725403
Body,no_mask_repeat,23456,941,0.09373021075255064,0.2334082499736036,0.6558504104614258,0.5543326139450073,0.08192156255245209
Body,no_mask_repeat,23456,960,-0.12998226005397842,0.2644850889129926,0.7323607802391052,0.5867748856544495,0.04822902753949165
Body,no_mask_repeat,23456,968,0.2128332421492289,0.1571179142563065,0.7435870170593262,0.5080306529998779,0.06984151154756546
Body,no_mask_repeat,23456,989,0.21100552289547111,0.5312757028147329,0.6527262330055237,0.8638750314712524,0.8144433498382568
Body,Body_equal4_mean,34567,21,0.011535404798073424,0.2823883223932016,0.6946306228637695,0.49643799662590027,0.13077406585216522
Body,Body_equal4_mean,34567,38,0.06377197947149109,0.2740188731606317,0.6817244291305542,0.7267334461212158,0.3884781301021576
Body,Body_equal4_mean,34567,40,0.3963749423845742,0.7238761517146297,0.5547506809234619,0.812936007976532,0.46353206038475037
Body,Body_equal4_mean,34567,59,0.11644795505127639,0.2585637241069937,0.6303837895393372,0.7556545734405518,0.5850750803947449
Body,Body_equal4_mean,34567,88,0.18197368977602044,0.28213334214327074,0.6921818852424622,0.4034629762172699,0.053931258618831635
Body,Body_equal4_mean,34567,116,-0.05543271818115885,0.24597239944921864,0.759718656539917,0.2534082233905792,0.04598763585090637
Body,Body_equal4_mean,34567,133,-0.07094236068862673,0.5324775050765391,0.7029720544815063,0.42284807562828064,0.09255523234605789
Body,Body_equal4_mean,34567,161,-0.1716958881344579,0.47786881132200143,0.6048886775970459,0.6475296020507812,0.7347562313079834
Body,Body_equal4_mean,34567,170,0.002076621434996044,0.28651684592048454,0.632585346698761,0.5498213171958923,0.0712340846657753
Body,Body_equal4_mean,34567,179,-0.048165000519503384,0.23641295888919298,0.6598668694496155,0.6422134041786194,0.18682797253131866
Body,Body_equal4_mean,34567,220,0.078337633475632,0.38096773406589185,0.714033842086792,0.4600788354873657,0.09964026510715485
Body,Body_equal4_mean,34567,233,-0.14990635586797557,0.15754326307434713,0.7241225838661194,0.502569854259491,0.17942866683006287
Body,Body_equal4_mean,34567,257,0.06439018113111886,0.30200121815834197,0.6862690448760986,0.5280061364173889,0.07787614315748215
Body,Body_equal4_mean,34567,290,-0.33123303616158306,0.28081688916139036,0.8153043389320374,0.5677989721298218,0.40920090675354004
Body,Body_equal4_mean,34567,331,0.27750255877200297,0.2695246691432898,0.7869465947151184,0.6151666641235352,0.04236997663974762
Body,Body_equal4_mean,34567,339,0.10964175974701834,0.28767295760746925,0.6710269451141357,0.689864993095398,0.3367100954055786
Body,Body_equal4_mean,34567,355,-0.054385727064277814,0.5940041165225649,0.7358897924423218,0.6801337003707886,0.6118370294570923
Body,Body_equal4_mean,34567,366,0.18841652281538881,0.28005713728858644,0.7698749303817749,0.5835484862327576,0.1550564169883728
Body,Body_equal4_mean,34567,474,0.17575419553741417,0.22295346106225974,0.6538199186325073,0.4956923723220825,0.23564039170742035
Body,Body_equal4_mean,34567,492,-0.01948367786196393,0.47188582788102024,0.718602180480957,0.6987666487693787,0.37453269958496094
Body,Body_equal4_mean,34567,527,-0.07966867745409392,0.2320272733870353,0.7586450576782227,0.6394201517105103,0.2971552312374115
Body,Body_equal4_mean,34567,530,0.12431715578463154,0.4812418806331157,0.5824300050735474,0.6191554665565491,0.4916452169418335
Body,Body_equal4_mean,34567,542,0.040662438983362664,0.3465159098836538,0.7183626294136047,0.5916900038719177,0.1815679967403412
Body,Body_equal4_mean,34567,574,-0.03569185694481688,0.4970389499079192,0.6322630643844604,0.40731847286224365,0.13968239724636078
Body,Body_equal4_mean,34567,597,0.09923401149790664,0.3174790046449463,0.7657507658004761,0.514218807220459,0.08414335548877716
Body,Body_equal4_mean,34567,619,0.0019084737200911078,0.17566245310055814,0.7259814739227295,0.5566281080245972,0.0180974043905735
Body,Body_equal4_mean,34567,656,-0.01773859748123311,0.20660143571268128,0.66758131980896,0.6290896534919739,0.14714647829532623
Body,Body_equal4_mean,34567,661,-0.008936812859117033,0.2590602944059291,0.6542061567306519,0.6501871943473816,0.38991501927375793
Body,Body_equal4_mean,34567,664,0.06169028454070953,0.4095639287189069,0.7140665650367737,0.7733073234558105,0.6235852837562561
Body,Body_equal4_mean,34567,698,-0.22083075555650336,0.2122941895361588,0.6760947704315186,0.5155884623527527,0.050668999552726746
Body,Body_equal4_mean,34567,700,0.055628150134746,0.3245028385137564,0.7736905813217163,0.4213249087333679,0.35222312808036804
Body,Body_equal4_mean,34567,716,-0.013837923559393736,0.26925492612641294,0.6652259826660156,0.5431780219078064,0.08401269465684891
Body,Body_equal4_mean,34567,765,-0.19994812458374858,0.29724483917068695,0.717119574546814,0.6475363969802856,0.2760266661643982
Body,Body_equal4_mean,34567,771,-0.0867915244314284,0.36732360265717884,0.7231623530387878,0.5854946970939636,0.25872093439102173
Body,Body_equal4_mean,34567,786,-0.08288305352487146,0.06214414751506551,0.7624834775924683,0.6947736740112305,0.5131044387817383
Body,Body_equal4_mean,34567,806,0.00962408597279429,0.3005587062177191,0.6604962944984436,0.39182355999946594,0.1288720965385437
Body,Body_equal4_mean,34567,813,0.1052190469281925,0.2336454817541731,0.6778227090835571,0.49746114015579224,0.11855912953615189
Body,Body_equal4_mean,34567,816,0.02977326381584592,0.28159728832095665,0.6841057538986206,0.6781712770462036,0.35206758975982666
Body,Body_equal4_mean,34567,822,0.23847915731304337,0.3692656598775903,0.7370682954788208,0.5545499324798584,0.20043012499809265
Body,Body_equal4_mean,34567,826,0.39549082443911643,0.4112761496450887,0.7377179265022278,0.44365110993385315,0.07472438365221024
Body,Body_equal4_mean,34567,847,0.3145095313617847,0.41017687371545364,0.6821222305297852,0.48998281359672546,-0.021388869732618332
Body,Body_equal4_mean,34567,876,0.07075861651426353,0.1211202756457332,0.7412059903144836,0.5721985101699829,0.040616750717163086
Body,Body_equal4_mean,34567,891,0.023933193641615023,0.17063297531006769,0.6814467310905457,0.5343471765518188,-0.003531333990395069
Body,Body_equal4_mean,34567,919,0.012223266117030784,0.175758288876435,0.7670338153839111,0.5232779383659363,0.052827782928943634
Body,Body_equal4_mean,34567,931,0.2128734499185769,0.26724841590139914,0.6467851996421814,0.8396641612052917,0.6886502504348755
Body,Body_equal4_mean,34567,933,-0.2170659132065432,0.22380577666366128,0.6758841872215271,0.4588622450828552,0.11141934245824814
Body,Body_equal4_mean,34567,941,-0.2785670062152668,0.26948425175874496,0.6854642629623413,0.4624381363391876,0.1304924041032791
Body,Body_equal4_mean,34567,960,0.18689421922001503,0.35456723963740744,0.654464840888977,0.5969991087913513,-0.01316746510565281
Body,Body_equal4_mean,34567,968,0.2956868166934658,0.1423173856534201,0.6762805581092834,0.5281693339347839,0.150223046541214
Body,Body_equal4_mean,34567,989,-0.07224580068190159,0.4237042205272755,0.7744535803794861,0.7375791072845459,0.5882100462913513
Body,Body_full_mean,34567,21,-0.06501198585780293,0.25241262665831826,0.6710002422332764,0.334839403629303,0.021010199561715126
Body,Body_full_mean,34567,38,0.046796463479303,0.2582577911525424,0.6778782606124878,0.669732928276062,0.4616153836250305
Body,Body_full_mean,34567,40,0.38978411028737153,0.7071346423117677,0.5503329634666443,0.7852050065994263,0.3736773431301117
Body,Body_full_mean,34567,59,0.17625486527962564,0.2640767500012128,0.7130727171897888,0.5086570382118225,0.18664103746414185
Body,Body_full_mean,34567,88,0.2750058349594202,0.31349960600989685,0.7276485562324524,0.4692261815071106,0.03817715495824814
Body,Body_full_mean,34567,116,0.012467490738632856,0.21855342421262403,0.7962220907211304,0.305950403213501,0.043923232704401016
Body,Body_full_mean,34567,133,-0.043201566565525734,0.5324766777285896,0.7064348459243774,0.45056772232055664,0.11498843878507614
Body,Body_full_mean,34567,161,-0.17916181837303916,0.46526612746323326,0.6092745661735535,0.5757120847702026,0.4261833429336548
Body,Body_full_mean,34567,170,0.024177099937574872,0.29631716851451206,0.6098054647445679,0.5392553210258484,-0.0365535132586956
Body,Body_full_mean,34567,179,0.05070240247528185,0.27323200835687295,0.7404749989509583,0.5800977349281311,0.06753116101026535
Body,Body_full_mean,34567,220,0.07419494848587897,0.40913349880015776,0.7308522462844849,0.4883900284767151,0.16524991393089294
Body,Body_full_mean,34567,233,-0.1718601771965615,0.15652574813370668,0.659225344657898,0.6615341305732727,0.08728432655334473
Body,Body_full_mean,34567,257,0.052694217958317933,0.3340157292201977,0.6984039545059204,0.47393810749053955,0.07644587755203247
Body,Body_full_mean,34567,290,-0.2731158335918414,0.30539437313281725,0.8541018962860107,0.45552343130111694,-0.018774203956127167
Body,Body_full_mean,34567,331,0.27947370859731385,0.2706450692111842,0.8037953972816467,0.43386027216911316,-0.038894493132829666
Body,Body_full_mean,34567,339,0.1464893120174249,0.28830591440362646,0.690531313419342,0.6638364791870117,0.32148343324661255
Body,Body_full_mean,34567,355,0.05894678369144513,0.6739462354315474,0.7673869729042053,0.4950329661369324,0.05711784213781357
Body,Body_full_mean,34567,366,0.19357204261844893,0.2941433034122984,0.7740600109100342,0.5061953663825989,0.2061312198638916
Body,Body_full_mean,34567,474,0.25661018131406466,0.2169055861025453,0.6677679419517517,0.4326481223106384,0.12797868251800537
Body,Body_full_mean,34567,492,-0.060413120882965576,0.45382436373610063,0.7127118110656738,0.6709299087524414,0.4209032952785492
Body,Body_full_mean,34567,527,-0.07541723056814736,0.22576738314984682,0.7767102718353271,0.6410866975784302,0.2560226023197174
Body,Body_full_mean,34567,530,0.13454849501495603,0.48475074290780656,0.5875515341758728,0.5608882308006287,0.41230276226997375
Body,Body_full_mean,34567,542,-0.024037178169103182,0.34803641727429546,0.7293493151664734,0.5219612121582031,0.161546528339386
Body,Body_full_mean,34567,574,-0.01735277757637615,0.5711279951121269,0.6819326877593994,0.4171982705593109,0.1534244269132614
Body,Body_full_mean,34567,597,0.06839688207327191,0.31206309115404357,0.7587850093841553,0.5813746452331543,0.1202620267868042
Body,Body_full_mean,34567,619,-0.01656569760366788,0.1741391547276013,0.744499921798706,0.4474676251411438,0.04814288765192032
Body,Body_full_mean,34567,656,-0.03167703885321017,0.18047551641763038,0.673271656036377,0.5559691786766052,0.11524022370576859
Body,Body_full_mean,34567,661,-0.07244958516877174,0.2538021197718368,0.6595326662063599,0.6441456079483032,0.4596831798553467
Body,Body_full_mean,34567,664,-0.02747921923337273,0.4122438260507641,0.6937475204467773,0.7853825688362122,0.6089500188827515
Body,Body_full_mean,34567,698,-0.2096448316772957,0.2258080308384166,0.7121224999427795,0.5104618072509766,0.02399405464529991
Body,Body_full_mean,34567,700,0.013252181664550444,0.2977280925304188,0.7606946229934692,0.3748302757740021,0.2201932966709137
Body,Body_full_mean,34567,716,0.07028506571146013,0.2520669366744313,0.6764257550239563,0.4583064317703247,0.012327726930379868
Body,Body_full_mean,34567,765,-0.22241532874292982,0.25577976589387785,0.7204569578170776,0.6339076161384583,0.10639932751655579
Body,Body_full_mean,34567,771,-0.04878753478511577,0.3896397494538674,0.7137705683708191,0.6366956830024719,0.3955330550670624
Body,Body_full_mean,34567,786,-0.1213110677578221,0.056009946750839826,0.8027428984642029,0.6173027753829956,0.4926750063896179
Body,Body_full_mean,34567,806,0.005932527893887103,0.3360435940268339,0.6823208332061768,0.4864468276500702,0.15279509127140045
Body,Body_full_mean,34567,813,0.0709519979482191,0.23952009940786043,0.6746158599853516,0.4980558753013611,0.02030344121158123
Body,Body_full_mean,34567,816,-0.05296560419720754,0.260771521358873,0.6523224711418152,0.5781831741333008,0.2583763301372528
Body,Body_full_mean,34567,822,0.22438459770160074,0.3695823616831087,0.7112415432929993,0.48214223980903625,0.21778109669685364
Body,Body_full_mean,34567,826,0.5044201653695644,0.42257500050719266,0.7612204551696777,0.4264657497406006,0.062004439532756805
Body,Body_full_mean,34567,847,0.30179978629536297,0.4269960800375704,0.6799842119216919,0.46786364912986755,0.018252920359373093
Body,Body_full_mean,34567,876,0.12200159727323809,0.13247723580627227,0.7419403195381165,0.5987423658370972,0.03196124732494354
Body,Body_full_mean,34567,891,-0.030100452554431067,0.15074403489645044,0.6826648712158203,0.48945486545562744,0.06330659240484238
Body,Body_full_mean,34567,919,0.0045992661929515994,0.18032304459842877,0.759833812713623,0.5018672347068787,0.08824632316827774
Body,Body_full_mean,34567,931,0.1890182044294242,0.2667468510608696,0.6339295506477356,0.7835490703582764,0.7425879836082458
Body,Body_full_mean,34567,933,-0.014295447634809286,0.36819684340925185,0.6247672438621521,0.5187137126922607,0.2236359864473343
Body,Body_full_mean,34567,941,-0.26348688206371745,0.23970145941298532,0.6654013395309448,0.48062407970428467,0.2041730433702469
Body,Body_full_mean,34567,960,0.15064079148548484,0.36478872639498516,0.64973384141922,0.7240856885910034,0.4285486042499542
Body,Body_full_mean,34567,968,0.2536191818267377,0.13260488380897983,0.6871603727340698,0.5193074941635132,0.10066308081150055
Body,Body_full_mean,34567,989,-0.08159220535259484,0.4133434216269714,0.7314901351928711,0.7357614040374756,0.2941126823425293
Body,Body_random_equal4_01_mean,34567,21,-0.005790588841868161,0.2806088192776923,0.7053954005241394,0.4873734712600708,0.10535003244876862
Body,Body_random_equal4_01_mean,34567,38,0.06624376813168502,0.2704669224120474,0.6683716177940369,0.7614706158638,0.4416358470916748
Body,Body_random_equal4_01_mean,34567,40,0.41810601323076024,0.714738272572053,0.5639855861663818,0.7974973917007446,0.45797020196914673
Body,Body_random_equal4_01_mean,34567,59,0.11667325469649786,0.27085373393196854,0.6211158633232117,0.6654279232025146,0.3247740864753723
Body,Body_random_equal4_01_mean,34567,88,0.19142729696238425,0.27697979461105754,0.6626086831092834,0.3222789466381073,0.11303863674402237
Body,Body_random_equal4_01_mean,34567,116,-0.04558960657522136,0.25306314669588026,0.7621572017669678,0.24481143057346344,0.2246929258108139
Body,Body_random_equal4_01_mean,34567,133,-0.05892542499703555,0.5249708107304863,0.7053541541099548,0.4418632984161377,0.10121853649616241
Body,Body_random_equal4_01_mean,34567,161,-0.1726495124781443,0.47348429077192816,0.5973607897758484,0.5877426266670227,0.4140901565551758
Body,Body_random_equal4_01_mean,34567,170,0.0037603203696053495,0.27951830134081457,0.6418056488037109,0.5462853312492371,0.0620129257440567
Body,Body_random_equal4_01_mean,34567,179,-0.03126717713576951,0.2575865588995637,0.6137822270393372,0.6111042499542236,0.30342933535575867
Body,Body_random_equal4_01_mean,34567,220,0.05834529648470033,0.3926152846512094,0.7433519959449768,0.45650312304496765,0.16078618168830872
Body,Body_random_equal4_01_mean,34567,233,-0.15697607755311804,0.18659141866652418,0.7417715787887573,0.39598432183265686,0.08583827316761017
Body,Body_random_equal4_01_mean,34567,257,0.07256084074985479,0.3077304141865063,0.7195553183555603,0.4669843316078186,0.09605547785758972
Body,Body_random_equal4_01_mean,34567,290,-0.1804917392891641,0.3087427313932698,0.7866637706756592,0.5304934978485107,0.07116703689098358
Body,Body_random_equal4_01_mean,34567,331,0.2522303230584158,0.2535414033315904,0.750390887260437,0.6370362639427185,0.019072504714131355
Body,Body_random_equal4_01_mean,34567,339,0.11775019964729508,0.30316301194525946,0.6590896844863892,0.6579258441925049,0.3364035189151764
Body,Body_random_equal4_01_mean,34567,355,-0.03666684394309982,0.5987362335490211,0.734769880771637,0.706406831741333,0.5806707739830017
Body,Body_random_equal4_01_mean,34567,366,0.1996034036483938,0.3046980498842416,0.7551332116127014,0.594419002532959,0.17162582278251648
Body,Body_random_equal4_01_mean,34567,474,0.19936164568782633,0.2213393298492894,0.6488475799560547,0.44616639614105225,0.1319182813167572
Body,Body_random_equal4_01_mean,34567,492,0.01142380550085649,0.47145589044578856,0.7166368365287781,0.706777811050415,0.3535486161708832
Body,Body_random_equal4_01_mean,34567,527,-0.08976651586277215,0.2285829812807663,0.763013482093811,0.6530997157096863,0.2647804617881775
Body,Body_random_equal4_01_mean,34567,530,0.12321519592906698,0.48455035584989803,0.5929657816886902,0.591806173324585,0.4415608048439026
Body,Body_random_equal4_01_mean,34567,542,0.05801345444090921,0.35385169424615637,0.7189334630966187,0.5655020475387573,0.2910618782043457
Body,Body_random_equal4_01_mean,34567,574,-0.037992240176183655,0.4932638655719212,0.6366310715675354,0.4156912565231323,0.1327013075351715
Body,Body_random_equal4_01_mean,34567,597,0.08924613205989473,0.3311286118041094,0.7690151929855347,0.5490630269050598,0.07015584409236908
Body,Body_random_equal4_01_mean,34567,619,0.033362800407658794,0.1661734000521312,0.7325873970985413,0.5421051979064941,0.002196439541876316
Body,Body_random_equal4_01_mean,34567,656,-0.01744980388843222,0.20368748251793212,0.6657243967056274,0.6323819756507874,0.21653366088867188
Body,Body_random_equal4_01_mean,34567,661,0.016685757652597517,0.2385865352104734,0.6634415984153748,0.7524200677871704,0.46196427941322327
Body,Body_random_equal4_01_mean,34567,664,0.060019699480919474,0.40891367821195285,0.7088696956634521,0.7972539663314819,0.6860320568084717
Body,Body_random_equal4_01_mean,34567,698,-0.24389985825351104,0.230879949893392,0.7042743563652039,0.5331451296806335,0.03701908886432648
Body,Body_random_equal4_01_mean,34567,700,0.025228022284356413,0.32269973998218787,0.7489114999771118,0.40587177872657776,0.3461516201496124
Body,Body_random_equal4_01_mean,34567,716,0.03397841300671103,0.26627207156221155,0.6904563307762146,0.5771491527557373,0.07279444485902786
Body,Body_random_equal4_01_mean,34567,765,-0.14697093467191602,0.3807903742480468,0.7144862413406372,0.6191034913063049,0.19819872081279755
Body,Body_random_equal4_01_mean,34567,771,-0.06684244568906159,0.376375590325059,0.7225313186645508,0.6676111221313477,0.3119153380393982
Body,Body_random_equal4_01_mean,34567,786,-0.07138431518193154,0.06208903637095108,0.751514196395874,0.7119641304016113,0.5941480398178101
Body,Body_random_equal4_01_mean,34567,806,0.007953849562811765,0.2909064714169877,0.659322202205658,0.41503721475601196,0.09197778254747391
Body,Body_random_equal4_01_mean,34567,813,0.08409960848863988,0.24614074933343744,0.6793358325958252,0.5116279721260071,0.11964472383260727
Body,Body_random_equal4_01_mean,34567,816,0.030023627080181896,0.2796011101385228,0.68289715051651,0.6723664999008179,0.3235594630241394
Body,Body_random_equal4_01_mean,34567,822,0.259549325514244,0.34806564379791405,0.6525655388832092,0.42233115434646606,0.03551105782389641
Body,Body_random_equal4_01_mean,34567,826,0.3889704947160039,0.4119016809348575,0.7567755579948425,0.4466436505317688,0.031987495720386505
Body,Body_random_equal4_01_mean,34567,847,0.3083883761771001,0.41323534277670537,0.6751934289932251,0.45787423849105835,0.0032475912012159824
Body,Body_random_equal4_01_mean,34567,876,0.06972945667561223,0.12013340677964464,0.7518339157104492,0.5555547475814819,0.07193087041378021
Body,Body_random_equal4_01_mean,34567,891,0.0211459711634672,0.16357888191553863,0.695191502571106,0.5249840021133423,0.06988441199064255
Body,Body_random_equal4_01_mean,34567,919,-0.0010380657810349554,0.18431198527476564,0.7582640647888184,0.5302760601043701,0.03254576772451401
Body,Body_random_equal4_01_mean,34567,931,0.21004169731984257,0.2600079243031094,0.634178102016449,0.7773607969284058,0.6988627314567566
Body,Body_random_equal4_01_mean,34567,933,-0.22091371838004012,0.23587382718205038,0.6947177648544312,0.3279052972793579,0.038817763328552246
Body,Body_random_equal4_01_mean,34567,941,-0.28371355700922435,0.267139570524607,0.6834686994552612,0.4655938148498535,0.15074574947357178
Body,Body_random_equal4_01_mean,34567,960,0.1273028594052279,0.377380219347541,0.6231774091720581,0.7156663537025452,0.15681110322475433
Body,Body_random_equal4_01_mean,34567,968,0.2796855148202935,0.13860122285604004,0.6846336722373962,0.5505407452583313,0.1321771740913391
Body,Body_random_equal4_01_mean,34567,989,-0.10311036361760467,0.4130513631052788,0.7686789631843567,0.6797513365745544,0.3757927715778351
Body,Body_random_equal4_02_mean,34567,21,0.009109066854443286,0.28320530808541033,0.6890836954116821,0.4814043939113617,0.10833146423101425
Body,Body_random_equal4_02_mean,34567,38,0.0746634523090757,0.26810650198634595,0.6641837954521179,0.7317737340927124,0.4107147753238678
Body,Body_random_equal4_02_mean,34567,40,0.43433511381734946,0.7225137603734134,0.55421382188797,0.8089860677719116,0.6320935487747192
Body,Body_random_equal4_02_mean,34567,59,0.12455763336516633,0.28790021393039555,0.6425870656967163,0.7120943069458008,0.5438188314437866
Body,Body_random_equal4_02_mean,34567,88,0.14129235839835777,0.26574876661249275,0.6948093175888062,0.3464357852935791,0.03146759420633316
Body,Body_random_equal4_02_mean,34567,116,-0.05804239686573549,0.23352882873697228,0.7643598318099976,0.26554474234580994,0.039597898721694946
Body,Body_random_equal4_02_mean,34567,133,-0.0798747632059153,0.5284006161609086,0.6983211636543274,0.4169468581676483,0.13146305084228516
Body,Body_random_equal4_02_mean,34567,161,-0.1758935201637865,0.47838721395524403,0.6064960360527039,0.6448419094085693,0.7373810410499573
Body,Body_random_equal4_02_mean,34567,170,0.010131040316994112,0.2790605011838783,0.6235296726226807,0.604853093624115,0.12807005643844604
Body,Body_random_equal4_02_mean,34567,179,-0.04463691394149095,0.23886115609740885,0.6568715572357178,0.65814208984375,0.18143944442272186
Body,Body_random_equal4_02_mean,34567,220,0.05441898818894752,0.3616988442583922,0.7306309342384338,0.45284920930862427,0.17159903049468994
Body,Body_random_equal4_02_mean,34567,233,-0.07196782305799464,0.19784255538787585,0.696710467338562,0.5156457424163818,0.156216099858284
Body,Body_random_equal4_02_mean,34567,257,0.054382315145314795,0.29857204432707823,0.686921238899231,0.5583153367042542,0.049400694668293
Body,Body_random_equal4_02_mean,34567,290,-0.21390714356661092,0.21675676674834835,0.7978360056877136,0.7102891206741333,0.6799202561378479
Body,Body_random_equal4_02_mean,34567,331,0.28214653380832344,0.2535514090889116,0.7516825199127197,0.6208564043045044,0.058646634221076965
Body,Body_random_equal4_02_mean,34567,339,0.0955330864867237,0.28448165436861284,0.6735924482345581,0.6631495952606201,0.30466192960739136
Body,Body_random_equal4_02_mean,34567,355,-0.04246361392353937,0.6021678064902876,0.7280141711235046,0.6970533132553101,0.6507488489151001
Body,Body_random_equal4_02_mean,34567,366,0.274773498700035,0.35559564765022994,0.7432635426521301,0.6801590919494629,0.1897071897983551
Body,Body_random_equal4_02_mean,34567,474,0.17843391179960622,0.22282056039391812,0.6442772150039673,0.45307913422584534,0.24838432669639587
Body,Body_random_equal4_02_mean,34567,492,-0.012078870130866374,0.46131722675025993,0.7153242826461792,0.6944416165351868,0.35752376914024353
Body,Body_random_equal4_02_mean,34567,527,-0.08797007862814826,0.23114580205869018,0.7701032161712646,0.6509767770767212,0.2955872118473053
Body,Body_random_equal4_02_mean,34567,530,0.12442172821059412,0.48232088209026863,0.5861697196960449,0.6698563694953918,0.4759874939918518
Body,Body_random_equal4_02_mean,34567,542,0.04873549136425489,0.34994290635111375,0.7168530225753784,0.5926491618156433,0.1727903187274933
Body,Body_random_equal4_02_mean,34567,574,-0.036631301555581454,0.4892475942188417,0.6384420394897461,0.3647012710571289,0.20595234632492065
Body,Body_random_equal4_02_mean,34567,597,0.09518844021326715,0.31814175817649243,0.7616236209869385,0.5291700959205627,0.07264519482851028
Body,Body_random_equal4_02_mean,34567,619,0.0003637196148382305,0.17029462678577936,0.7112065553665161,0.5693556070327759,0.02457440458238125
Body,Body_random_equal4_02_mean,34567,656,-0.019524245906261766,0.21209324936132484,0.665836751461029,0.6271008849143982,0.13265559077262878
Body,Body_random_equal4_02_mean,34567,661,0.021297000797587114,0.25173528344090756,0.662845253944397,0.6695729494094849,0.4146745800971985
Body,Body_random_equal4_02_mean,34567,664,0.031216442821087646,0.40919061205976603,0.7025831937789917,0.844914972782135,0.7100180983543396
Body,Body_random_equal4_02_mean,34567,698,-0.22545241847819328,0.21707900888093565,0.7011376619338989,0.55266273021698,0.05124559998512268
Body,Body_random_equal4_02_mean,34567,700,0.021048754460265977,0.31722347683558544,0.7865952253341675,0.4002780616283417,0.2966682016849518
Body,Body_random_equal4_02_mean,34567,716,0.0262247691909794,0.26325369672097876,0.6795257925987244,0.5628979802131653,0.06378054618835449
Body,Body_random_equal4_02_mean,34567,765,-0.12815353281643957,0.3804705654729969,0.7112269401550293,0.6155868768692017,0.1538427770137787
Body,Body_random_equal4_02_mean,34567,771,-0.07174165966199185,0.374490021134256,0.7181753516197205,0.6547248959541321,0.2901970148086548
Body,Body_random_equal4_02_mean,34567,786,-0.07169104993536544,0.06230000199840288,0.7643715739250183,0.7181926965713501,0.5520913600921631
Body,Body_random_equal4_02_mean,34567,806,0.007354509181134772,0.2978891172488305,0.6671637296676636,0.42869237065315247,0.13257621228694916
Body,Body_random_equal4_02_mean,34567,813,0.11831991789300682,0.24641947512280868,0.6742925643920898,0.5519801378250122,0.09758651256561279
Body,Body_random_equal4_02_mean,34567,816,0.03251148947318402,0.2801173813460505,0.6832722425460815,0.6527997851371765,0.34574639797210693
Body,Body_random_equal4_02_mean,34567,822,0.2628115175258375,0.36992349566578653,0.6838642358779907,0.5306733846664429,0.14050723612308502
Body,Body_random_equal4_02_mean,34567,826,0.39714969150860874,0.4122053969786735,0.7587124705314636,0.4448656737804413,0.06753545254468918
Body,Body_random_equal4_02_mean,34567,847,0.31575597507937037,0.41165919897674674,0.6800337433815002,0.4848964810371399,0.023451363667845726
Body,Body_random_equal4_02_mean,34567,876,0.07147249889704338,0.12206933278234476,0.7511084079742432,0.564228355884552,0.03524678200483322
Body,Body_random_equal4_02_mean,34567,891,0.03454079057243299,0.1770516862464729,0.6773961782455444,0.5316365361213684,0.02562676928937435
Body,Body_random_equal4_02_mean,34567,919,0.0058303729091839914,0.16813364216781956,0.7549607157707214,0.5278431177139282,0.050416674464941025
Body,Body_random_equal4_02_mean,34567,931,0.2261521556758839,0.26827294365379295,0.642894983291626,0.8271640539169312,0.6852391362190247
Body,Body_random_equal4_02_mean,34567,933,-0.2214782258502613,0.2916696060950359,0.6189201474189758,0.3755251169204712,0.03228756785392761
Body,Body_random_equal4_02_mean,34567,941,-0.27907661569131653,0.2639095258027444,0.6807319521903992,0.5778483152389526,0.11510362476110458
Body,Body_random_equal4_02_mean,34567,960,0.19251589767331206,0.33664448273461395,0.6493927836418152,0.5939070582389832,0.001356532797217369
Body,Body_random_equal4_02_mean,34567,968,0.299725377216044,0.14283946826807714,0.676372766494751,0.5188661813735962,0.1472061276435852
Body,Body_random_equal4_02_mean,34567,989,-0.06332161467257445,0.43609597155220037,0.7595475912094116,0.7496963143348694,0.47821179032325745
Body,Body_random_equal4_03_mean,34567,21,0.07473504459619527,0.2767987232745732,0.7154763340950012,0.35076525807380676,0.07873952388763428
Body,Body_random_equal4_03_mean,34567,38,0.07122486912553007,0.27054035914446767,0.6716426014900208,0.6901741623878479,0.3983248770236969
Body,Body_random_equal4_03_mean,34567,40,0.4050789567522389,0.6990983478581697,0.5790127515792847,0.7524699568748474,0.3889356851577759
Body,Body_random_equal4_03_mean,34567,59,0.10797605586558547,0.2535018278578988,0.6290836930274963,0.6677807569503784,0.2802581787109375
Body,Body_random_equal4_03_mean,34567,88,0.1317245231630635,0.2823260482112272,0.6864107847213745,0.4194587767124176,0.10034678876399994
Body,Body_random_equal4_03_mean,34567,116,-0.05122517816306338,0.23173063501279537,0.772093653678894,0.3313763439655304,0.4339970648288727
Body,Body_random_equal4_03_mean,34567,133,-0.059930261245576585,0.5602058721056944,0.7106605768203735,0.431050568819046,0.055561888962984085
Body,Body_random_equal4_03_mean,34567,161,-0.19075977306899758,0.46918640175756426,0.599899172782898,0.6082353591918945,0.5019505620002747
Body,Body_random_equal4_03_mean,34567,170,0.003765556077420045,0.27333592323788747,0.6343055963516235,0.5860787034034729,0.07133689522743225
Body,Body_random_equal4_03_mean,34567,179,-0.0788316475849834,0.2105721051713314,0.672017514705658,0.6723503470420837,0.24797169864177704
Body,Body_random_equal4_03_mean,34567,220,0.05897358320327513,0.40097594858195595,0.7391154170036316,0.43029987812042236,0.09757527709007263
Body,Body_random_equal4_03_mean,34567,233,-0.10378919461100113,0.19691050788694747,0.7073606252670288,0.37675410509109497,0.0902295932173729
Body,Body_random_equal4_03_mean,34567,257,0.0891570513313054,0.32875712529776,0.6987541317939758,0.43631476163864136,0.04109995439648628
Body,Body_random_equal4_03_mean,34567,290,0.017315994905084064,0.33264422733895355,0.8206747174263,0.3744632601737976,0.21270301938056946
Body,Body_random_equal4_03_mean,34567,331,0.268499808336782,0.25139417939299935,0.7533447742462158,0.5914082527160645,0.011174561455845833
Body,Body_random_equal4_03_mean,34567,339,0.1207806587908606,0.2883965592741777,0.6521473526954651,0.6869370937347412,0.3628160059452057
Body,Body_random_equal4_03_mean,34567,355,-0.08929885815979861,0.5852062886969109,0.7306617498397827,0.7026419639587402,0.6396285891532898
Body,Body_random_equal4_03_mean,34567,366,0.167523173521905,0.32977829849719215,0.7357302308082581,0.5900360941886902,0.1101892963051796
Body,Body_random_equal4_03_mean,34567,474,0.1981787304418808,0.2193520180881092,0.6479810476303101,0.4532097280025482,0.13369664549827576
Body,Body_random_equal4_03_mean,34567,492,-0.14721042048361796,0.5010084373003644,0.7623108625411987,0.6126279830932617,0.3140588700771332
Body,Body_random_equal4_03_mean,34567,527,-0.08795954301544419,0.22656264895126701,0.7580580115318298,0.6511226296424866,0.2549035847187042
Body,Body_random_equal4_03_mean,34567,530,0.1159593962455592,0.4864901708749026,0.5957683324813843,0.5225491523742676,0.4322226345539093
Body,Body_random_equal4_03_mean,34567,542,0.06081408180291096,0.35431675763022896,0.7252407670021057,0.5856564044952393,0.28277668356895447
Body,Body_random_equal4_03_mean,34567,574,-0.02836430738689609,0.48973371327766585,0.6504665017127991,0.4713246524333954,0.11297186464071274
Body,Body_random_equal4_03_mean,34567,597,0.10095308901911605,0.30657464821238817,0.7694998383522034,0.5487110614776611,0.13129907846450806
Body,Body_random_equal4_03_mean,34567,619,0.03372362501774682,0.16049284823835086,0.7036696672439575,0.5734046101570129,0.05018351599574089
Body,Body_random_equal4_03_mean,34567,656,-0.01943679410352708,0.1997874637904874,0.6602006554603577,0.604701042175293,0.1512615829706192
Body,Body_random_equal4_03_mean,34567,661,0.0304926355687518,0.24853126090695923,0.6627699732780457,0.6845380067825317,0.48955968022346497
Body,Body_random_equal4_03_mean,34567,664,0.04518569930839088,0.40990299466512137,0.7053736448287964,0.8259051442146301,0.7592414617538452
Body,Body_random_equal4_03_mean,34567,698,-0.24780148653287415,0.23944401508767807,0.728950023651123,0.5522878766059875,0.054520849138498306
Body,Body_random_equal4_03_mean,34567,700,0.04289645926164833,0.3230211101991046,0.7656246423721313,0.410476952791214,0.2870226502418518
Body,Body_random_equal4_03_mean,34567,716,0.03958467063399464,0.2691946092335284,0.6862139701843262,0.5967665910720825,0.13270355761051178
Body,Body_random_equal4_03_mean,34567,765,-0.13895534749576502,0.3699204320333788,0.7165495753288269,0.6061097979545593,0.28729355335235596
Body,Body_random_equal4_03_mean,34567,771,-0.06687845904937399,0.3765858630668415,0.7222048044204712,0.6732377409934998,0.3041376769542694
Body,Body_random_equal4_03_mean,34567,786,-0.14828180724793139,0.06286428239263293,0.749333381652832,0.7395493388175964,0.6387210488319397
Body,Body_random_equal4_03_mean,34567,806,0.01186108172016708,0.2977880057840861,0.6589162945747375,0.4184253215789795,0.10641087591648102
Body,Body_random_equal4_03_mean,34567,813,0.08845691600347856,0.24643686100136117,0.6816293001174927,0.5303927659988403,0.10887106508016586
Body,Body_random_equal4_03_mean,34567,816,0.03065990219698968,0.2847469528399367,0.6643846035003662,0.6519182920455933,0.3051879405975342
Body,Body_random_equal4_03_mean,34567,822,0.3206201220418729,0.35541723879531967,0.5879639983177185,0.5866410136222839,0.21685916185379028
Body,Body_random_equal4_03_mean,34567,826,0.4077252645648955,0.4125778861560392,0.7533326148986816,0.46961140632629395,0.06355985254049301
Body,Body_random_equal4_03_mean,34567,847,0.31796903427247414,0.42117914994212474,0.6847979426383972,0.5159685015678406,0.010331323370337486
Body,Body_random_equal4_03_mean,34567,876,0.07451793909313838,0.12133278510064117,0.7436068654060364,0.5311883687973022,0.03952702134847641
Body,Body_random_equal4_03_mean,34567,891,0.021627063597845053,0.15690452935831384,0.6867316961288452,0.5340655446052551,0.08185557276010513
Body,Body_random_equal4_03_mean,34567,919,0.0055292668596126065,0.18613450060251935,0.7726304531097412,0.534479022026062,0.03331673517823219
Body,Body_random_equal4_03_mean,34567,931,0.2000032032582637,0.26213500789439936,0.6304740309715271,0.8033724427223206,0.6993395090103149
Body,Body_random_equal4_03_mean,34567,933,-0.18267858833570813,0.2095702381886726,0.7208272218704224,0.3384176194667816,0.04566013440489769
Body,Body_random_equal4_03_mean,34567,941,-0.28429303522290056,0.2743861897459715,0.6905983686447144,0.4524642825126648,0.13545909523963928
Body,Body_random_equal4_03_mean,34567,960,0.12096450547246464,0.37498853095246565,0.6131297945976257,0.7198895812034607,0.11969436705112457
Body,Body_random_equal4_03_mean,34567,968,0.28033677989369127,0.13867008823428387,0.6840617656707764,0.5521515011787415,0.09769989550113678
Body,Body_random_equal4_03_mean,34567,989,-0.0844642115968537,0.3947582720185648,0.7718942761421204,0.7310448288917542,0.5941211581230164
Body,Body_random_equal4_04_mean,34567,21,0.06418190575306558,0.2828005950673958,0.7212828993797302,0.3301227390766144,0.10179340839385986
Body,Body_random_equal4_04_mean,34567,38,0.06768293468100628,0.26704970572300973,0.6719219088554382,0.7590850591659546,0.4534929096698761
Body,Body_random_equal4_04_mean,34567,40,0.401006115083278,0.7096076050498273,0.5742745399475098,0.8073756098747253,0.45487114787101746
Body,Body_random_equal4_04_mean,34567,59,0.11985128157105629,0.2810712896119761,0.6390950679779053,0.6427772045135498,0.37198126316070557
Body,Body_random_equal4_04_mean,34567,88,0.19309283597543625,0.27516637629859014,0.660635232925415,0.36552658677101135,0.10093903541564941
Body,Body_random_equal4_04_mean,34567,116,-0.03827376138706109,0.2584093600733386,0.7739160656929016,0.2532576620578766,0.30927574634552
Body,Body_random_equal4_04_mean,34567,133,-0.02418523020881119,0.5478127565160792,0.7016745209693909,0.4045979976654053,0.2842802405357361
Body,Body_random_equal4_04_mean,34567,161,-0.3708932479287107,0.3303995212372177,0.6566228270530701,0.7019794583320618,0.6001863479614258
Body,Body_random_equal4_04_mean,34567,170,-0.004896518945680535,0.2740912683752426,0.6389752626419067,0.5743789672851562,0.06587929278612137
Body,Body_random_equal4_04_mean,34567,179,-0.04136181576427847,0.25792439257742805,0.6209233403205872,0.6280850172042847,0.3326195776462555
Body,Body_random_equal4_04_mean,34567,220,0.06453820544646229,0.39440784476407176,0.7417159080505371,0.46655240654945374,0.15674224495887756
Body,Body_random_equal4_04_mean,34567,233,-0.14513651481793088,0.1833416959074919,0.7305172681808472,0.43253234028816223,0.08623429387807846
Body,Body_random_equal4_04_mean,34567,257,0.08853390690713903,0.3135485999976956,0.7282014489173889,0.4716182351112366,0.0323285311460495
Body,Body_random_equal4_04_mean,34567,290,-0.18297666378495223,0.30929508271419603,0.7893205881118774,0.5296695232391357,0.09126517176628113
Body,Body_random_equal4_04_mean,34567,331,0.2536022705137104,0.25336325564694956,0.750853955745697,0.6381428241729736,0.025601252913475037
Body,Body_random_equal4_04_mean,34567,339,0.11225407177185505,0.2890538280618777,0.6607095003128052,0.6405235528945923,0.28262460231781006
Body,Body_random_equal4_04_mean,34567,355,-0.08711551668771061,0.5988911868637031,0.7241910696029663,0.635224461555481,0.7032815217971802
Body,Body_random_equal4_04_mean,34567,366,0.18925738589931984,0.2950449160866893,0.7650792002677917,0.5844307541847229,0.16264963150024414
Body,Body_random_equal4_04_mean,34567,474,0.19817702443409593,0.22061084255399022,0.6509531736373901,0.4551675617694855,0.12963031232357025
Body,Body_random_equal4_04_mean,34567,492,-0.10550051117408835,0.47304616021142926,0.7775750160217285,0.6444867849349976,0.26066872477531433
Body,Body_random_equal4_04_mean,34567,527,-0.0978645457211431,0.2263108942408789,0.7611885070800781,0.6700536012649536,0.2615884244441986
Body,Body_random_equal4_04_mean,34567,530,0.07393163320774587,0.4783137426422392,0.5665293335914612,0.7851377725601196,0.6043702363967896
Body,Body_random_equal4_04_mean,34567,542,0.0655227204701367,0.35606857195879327,0.7226037383079529,0.593093752861023,0.27846136689186096
Body,Body_random_equal4_04_mean,34567,574,-0.0313815410464457,0.5068635226915431,0.6401960253715515,0.39090028405189514,0.14294619858264923
Body,Body_random_equal4_04_mean,34567,597,0.09920346337001988,0.32533046239884306,0.7557107210159302,0.5602569580078125,0.09714166074991226
Body,Body_random_equal4_04_mean,34567,619,0.027909062199925196,0.16660324732740994,0.7334482669830322,0.5456902980804443,0.01321726106107235
Body,Body_random_equal4_04_mean,34567,656,-0.02229717192315848,0.19158919360361673,0.6631889343261719,0.5914161205291748,0.17075195908546448
Body,Body_random_equal4_04_mean,34567,661,0.017372517451797208,0.23925297786862607,0.665395975112915,0.7439261078834534,0.47243955731391907
Body,Body_random_equal4_04_mean,34567,664,0.05592956966608871,0.4087955571652607,0.7072089910507202,0.7582634091377258,0.6835508346557617
Body,Body_random_equal4_04_mean,34567,698,-0.24998723054451077,0.23704315210255864,0.7174049615859985,0.5109111070632935,0.0683596283197403
Body,Body_random_equal4_04_mean,34567,700,0.023695248491609828,0.3240336655558551,0.747775137424469,0.3994514048099518,0.35071104764938354
Body,Body_random_equal4_04_mean,34567,716,0.04388089867512321,0.2685398108948211,0.6910701990127563,0.5687999725341797,0.1338903307914734
Body,Body_random_equal4_04_mean,34567,765,-0.12699742591652535,0.331342439959913,0.6994799375534058,0.5728570818901062,0.15544547140598297
Body,Body_random_equal4_04_mean,34567,771,-0.06975034224692035,0.3762841626758996,0.7233619093894958,0.639289140701294,0.2856041193008423
Body,Body_random_equal4_04_mean,34567,786,-0.14343176075381836,0.0648232740273883,0.7481091022491455,0.7556163668632507,0.6226259469985962
Body,Body_random_equal4_04_mean,34567,806,0.008144472193221642,0.290007093421641,0.6593252420425415,0.42340895533561707,0.08441659808158875
Body,Body_random_equal4_04_mean,34567,813,0.10042904269708604,0.22781557629391283,0.6914936304092407,0.5414555072784424,0.13088543713092804
Body,Body_random_equal4_04_mean,34567,816,0.027154949099596423,0.27946849040074495,0.6838794946670532,0.6753354072570801,0.3371714949607849
Body,Body_random_equal4_04_mean,34567,822,0.3246109265270614,0.35044287910444283,0.6125078201293945,0.4448730945587158,0.08225411176681519
Body,Body_random_equal4_04_mean,34567,826,-0.10300265193058233,0.1977078297010606,0.7507771253585815,0.3724762201309204,0.07729679346084595
Body,Body_random_equal4_04_mean,34567,847,0.30790486563770225,0.4108025087095991,0.6853080987930298,0.4737747609615326,-0.006453205831348896
Body,Body_random_equal4_04_mean,34567,876,0.07378322569962127,0.12226851135494916,0.764304518699646,0.5664576888084412,0.054651983082294464
Body,Body_random_equal4_04_mean,34567,891,0.018344568593911547,0.15855840166080754,0.6896287202835083,0.5356276035308838,0.07686521857976913
Body,Body_random_equal4_04_mean,34567,919,0.006253059711503445,0.18692338121383992,0.7666758894920349,0.5260319113731384,0.03079792857170105
Body,Body_random_equal4_04_mean,34567,931,0.21576923463057945,0.26254505036305675,0.6305373907089233,0.7949355840682983,0.6977037787437439
Body,Body_random_equal4_04_mean,34567,933,-0.25860064173715924,0.21448255028654484,0.7156885862350464,0.3973665237426758,0.023375507444143295
Body,Body_random_equal4_04_mean,34567,941,-0.2937616845212927,0.23357552699740028,0.6892349720001221,0.7416139245033264,0.2776767611503601
Body,Body_random_equal4_04_mean,34567,960,0.1595155579115652,0.37248246997393647,0.6219053864479065,0.6383861303329468,0.12584152817726135
Body,Body_random_equal4_04_mean,34567,968,0.2782817809031579,0.13957621111858018,0.6868348717689514,0.5730032324790955,0.11309591680765152
Body,Body_random_equal4_04_mean,34567,989,-0.0627240068017802,0.4413315546613676,0.7693136930465698,0.7588019371032715,0.35573315620422363
Body,Body_random_equal4_05_mean,34567,21,0.012957144205687728,0.25844953097204254,0.6829801201820374,0.4289434254169464,0.17073899507522583
Body,Body_random_equal4_05_mean,34567,38,0.03381904054782168,0.26784121694117885,0.6938420534133911,0.6352657675743103,0.3759332001209259
Body,Body_random_equal4_05_mean,34567,40,0.3805997987794352,0.7095428457647195,0.5638004541397095,0.7828997373580933,0.3687273859977722
Body,Body_random_equal4_05_mean,34567,59,0.08635456992373496,0.23631446081306934,0.6260924339294434,0.6127060055732727,0.2272946834564209
Body,Body_random_equal4_05_mean,34567,88,0.3449088507219818,0.3448310820595828,0.716654896736145,0.4233493208885193,0.07133395224809647
Body,Body_random_equal4_05_mean,34567,116,0.01212734187086668,0.23275914277646273,0.795031726360321,0.2603808641433716,0.03839099407196045
Body,Body_random_equal4_05_mean,34567,133,-0.06610251373803842,0.5558366194714229,0.7077236771583557,0.42584657669067383,0.23353108763694763
Body,Body_random_equal4_05_mean,34567,161,-0.26425491820563324,0.46632550933733663,0.5919939279556274,0.6487860083580017,0.6510431170463562
Body,Body_random_equal4_05_mean,34567,170,0.03618061618267313,0.234946005622023,0.6239545941352844,0.7568119168281555,0.2522009015083313
Body,Body_random_equal4_05_mean,34567,179,-0.08767962315978448,0.23798287406818452,0.6636218428611755,0.6764491200447083,0.2259005755186081
Body,Body_random_equal4_05_mean,34567,220,0.0534587032403016,0.39156184549169387,0.7337657809257507,0.5317680239677429,0.26282867789268494
Body,Body_random_equal4_05_mean,34567,233,-0.10058921339485548,0.17079334058018691,0.684628427028656,0.4927772283554077,0.03202370926737785
Body,Body_random_equal4_05_mean,34567,257,0.03583699754535203,0.3146396275175733,0.7194429636001587,0.45807814598083496,0.025914451107382774
Body,Body_random_equal4_05_mean,34567,290,0.020688639673379923,0.3041492966205246,0.8141433000564575,0.5452170968055725,0.017919423058629036
Body,Body_random_equal4_05_mean,34567,331,0.2015652653574347,0.2537724281002154,0.7810595631599426,0.5184292793273926,0.035952452570199966
Body,Body_random_equal4_05_mean,34567,339,0.088788899953626,0.31255445058936054,0.6401169896125793,0.6825205683708191,0.32142290472984314
Body,Body_random_equal4_05_mean,34567,355,0.07023621967673216,0.739854715766591,0.7020667195320129,0.5972800850868225,0.12321863323450089
Body,Body_random_equal4_05_mean,34567,366,0.19631046884820755,0.28986130261959603,0.7661889791488647,0.5587018728256226,0.1585521399974823
Body,Body_random_equal4_05_mean,34567,474,0.20269550623384486,0.22109029339668132,0.638252854347229,0.4055245518684387,0.13338090479373932
Body,Body_random_equal4_05_mean,34567,492,-0.02999297749054242,0.48981306447116224,0.7346479296684265,0.6518296003341675,0.4074510335922241
Body,Body_random_equal4_05_mean,34567,527,-0.09464659289773401,0.24816693775378895,0.7981876730918884,0.6470863819122314,0.46526604890823364
Body,Body_random_equal4_05_mean,34567,530,0.13761279126885775,0.483258086102646,0.580203652381897,0.6165534257888794,0.4805111885070801
Body,Body_random_equal4_05_mean,34567,542,0.024459253370562956,0.33504507536502853,0.7143845558166504,0.6122667789459229,0.1407615691423416
Body,Body_random_equal4_05_mean,34567,574,0.019065050033086048,0.6103537030664736,0.7095320820808411,0.37429818511009216,-0.008507663384079933
Body,Body_random_equal4_05_mean,34567,597,0.09260264166279791,0.3107323613579063,0.7619228959083557,0.6050830483436584,0.08442413061857224
Body,Body_random_equal4_05_mean,34567,619,-0.010680264433490393,0.14974284432290366,0.7376973628997803,0.5376941561698914,0.07136306166648865
Body,Body_random_equal4_05_mean,34567,656,-0.015880963281514126,0.20233362590336934,0.653461217880249,0.5815110802650452,0.09831573814153671
Body,Body_random_equal4_05_mean,34567,661,-0.11523300133248865,0.2717339006185414,0.6674917340278625,0.6635008454322815,0.43275025486946106
Body,Body_random_equal4_05_mean,34567,664,0.03298884652226957,0.39297657900077215,0.7322544455528259,0.7897456288337708,0.4536285698413849
Body,Body_random_equal4_05_mean,34567,698,-0.27016738863367906,0.2187362262645203,0.7344616055488586,0.5968145728111267,0.07838764786720276
Body,Body_random_equal4_05_mean,34567,700,-0.22160216628219861,0.31245449937202197,0.8338631391525269,0.41773298382759094,0.014376668259501457
Body,Body_random_equal4_05_mean,34567,716,0.08746381036017566,0.23680629973016232,0.7126742005348206,0.4217461347579956,0.018901554867625237
Body,Body_random_equal4_05_mean,34567,765,-0.2391638376516209,0.2815667625731132,0.7165217995643616,0.6526340842247009,0.11951110512018204
Body,Body_random_equal4_05_mean,34567,771,-0.06512274273600134,0.3899766411069626,0.7197930216789246,0.6828725934028625,0.3854694962501526
Body,Body_random_equal4_05_mean,34567,786,-0.08531568333236675,0.061454071682564025,0.7595847845077515,0.7324020266532898,0.5435447096824646
Body,Body_random_equal4_05_mean,34567,806,-0.004795339496957798,0.27181917812368106,0.639223575592041,0.48950785398483276,0.184268519282341
Body,Body_random_equal4_05_mean,34567,813,0.07846922287298684,0.2517573323199199,0.6888453364372253,0.4363802969455719,0.007041629403829575
Body,Body_random_equal4_05_mean,34567,816,0.04855206364538713,0.26117159164342324,0.6496533155441284,0.6323844790458679,0.3488163948059082
Body,Body_random_equal4_05_mean,34567,822,0.16616046955344443,0.3599511669338893,0.7516235113143921,0.4785231649875641,0.045137107372283936
Body,Body_random_equal4_05_mean,34567,826,0.40921560448263317,0.4144764721271043,0.7596489787101746,0.41369545459747314,0.10329626500606537
Body,Body_random_equal4_05_mean,34567,847,0.36312552531642894,0.4187437869246056,0.6516361832618713,0.5362846851348877,0.019580498337745667
Body,Body_random_equal4_05_mean,34567,876,0.20447302002510528,0.13763109289424935,0.7308802604675293,0.5432661771774292,-0.005038966424763203
Body,Body_random_equal4_05_mean,34567,891,-0.05920874410659371,0.14334393436822968,0.7155849933624268,0.4622347950935364,-0.0003482736647129059
Body,Body_random_equal4_05_mean,34567,919,0.03094832424232414,0.19175153390207572,0.7350893020629883,0.46317070722579956,0.08156739920377731
Body,Body_random_equal4_05_mean,34567,931,0.20956864861382873,0.27585143898123926,0.6576852798461914,0.8035544753074646,0.7757225632667542
Body,Body_random_equal4_05_mean,34567,933,-0.20146520080519378,0.21341640939538625,0.6908666491508484,0.49604517221450806,0.05952535197138786
Body,Body_random_equal4_05_mean,34567,941,-0.34022432727127794,0.2879784132893354,0.7316814661026001,0.5552704334259033,0.05846452713012695
Body,Body_random_equal4_05_mean,34567,960,0.16059827240503818,0.34113725112781784,0.6692163348197937,0.604371190071106,0.18511560559272766
Body,Body_random_equal4_05_mean,34567,968,0.22867899549761783,0.1321944057469997,0.7115180492401123,0.5482419729232788,0.059824153780937195
Body,Body_random_equal4_05_mean,34567,989,0.0792373806175415,0.5546404748645137,0.6898237466812134,0.82639479637146,0.4815405607223511
Body,Body_random_full_01_mean,34567,21,-0.016347374274815543,0.25849871341827285,0.7005957961082458,0.4797556400299072,0.16987740993499756
Body,Body_random_full_01_mean,34567,38,0.03615776997640154,0.25356231799365414,0.68996262550354,0.6685416102409363,0.3075903654098511
Body,Body_random_full_01_mean,34567,40,0.37995320070788163,0.7055561512698251,0.5808275938034058,0.7476418018341064,0.42286956310272217
Body,Body_random_full_01_mean,34567,59,0.1414169995520966,0.21807338010777005,0.6562072038650513,0.6972206234931946,0.4796243906021118
Body,Body_random_full_01_mean,34567,88,0.23495858052909419,0.2732842719306112,0.7100086808204651,0.3730451464653015,-0.001612640917301178
Body,Body_random_full_01_mean,34567,116,0.01028853973114387,0.2648640708725809,0.7913472056388855,0.20319584012031555,0.05711647495627403
Body,Body_random_full_01_mean,34567,133,-0.05941557263760376,0.5405474874021897,0.7115381360054016,0.43369001150131226,0.045348159968853
Body,Body_random_full_01_mean,34567,161,-0.15886026021086283,0.49417090493577875,0.5842766165733337,0.669287919998169,0.69077467918396
Body,Body_random_full_01_mean,34567,170,0.050858445155592936,0.24263411319759756,0.6162899136543274,0.6736751198768616,0.2291911542415619
Body,Body_random_full_01_mean,34567,179,-0.05588595604906378,0.2507449535001866,0.6433690786361694,0.6870313286781311,0.3249116539955139
Body,Body_random_full_01_mean,34567,220,0.06892722748802106,0.3963155238095484,0.7394767999649048,0.40803927183151245,0.11844051629304886
Body,Body_random_full_01_mean,34567,233,-0.14109060934320974,0.14336645001294576,0.7048423886299133,0.44322672486305237,0.024123752489686012
Body,Body_random_full_01_mean,34567,257,0.09249473883987439,0.3266239068840497,0.7095775604248047,0.5007815957069397,0.0948658138513565
Body,Body_random_full_01_mean,34567,290,-0.030875919769842983,0.30551712942273124,0.8388139009475708,0.4400026202201843,-0.046760402619838715
Body,Body_random_full_01_mean,34567,331,0.203794755891798,0.25581177114617315,0.7846227884292603,0.5171459913253784,0.013033024035394192
Body,Body_random_full_01_mean,34567,339,0.1553889517432327,0.30332885246493074,0.6467828750610352,0.7142146229743958,0.3573763370513916
Body,Body_random_full_01_mean,34567,355,0.1381275459454702,0.6115067035611216,0.75115966796875,0.6534835696220398,0.6597071290016174
Body,Body_random_full_01_mean,34567,366,0.2545116397032092,0.31593628757185416,0.7781471610069275,0.6237412691116333,0.14738431572914124
Body,Body_random_full_01_mean,34567,474,0.19595558329890495,0.2056354442098456,0.6360283493995667,0.4527645707130432,0.12886373698711395
Body,Body_random_full_01_mean,34567,492,-0.12897508694677234,0.45739239647944174,0.7396141290664673,0.6242920160293579,0.3019813001155853
Body,Body_random_full_01_mean,34567,527,-0.05671901997198438,0.18351136049024766,0.7878880500793457,0.6427055597305298,0.21679697930812836
Body,Body_random_full_01_mean,34567,530,0.12263452566858482,0.48222170701913986,0.5940499305725098,0.6625003218650818,0.4414861798286438
Body,Body_random_full_01_mean,34567,542,0.013904621072231265,0.3590572788980988,0.7048963308334351,0.5387616753578186,0.1796690672636032
Body,Body_random_full_01_mean,34567,574,-0.05462968788110899,0.5821259749118751,0.6783676743507385,0.46199363470077515,0.09591871500015259
Body,Body_random_full_01_mean,34567,597,0.10135775044399617,0.3217192563486585,0.7798155546188354,0.5761498212814331,0.07693473249673843
Body,Body_random_full_01_mean,34567,619,-0.01986679121448504,0.19858321370974666,0.7235442996025085,0.4934413731098175,0.0659320279955864
Body,Body_random_full_01_mean,34567,656,-0.020334747071145548,0.18981901185950095,0.6649065017700195,0.5140423774719238,0.14259496331214905
Body,Body_random_full_01_mean,34567,661,-0.02794080306608056,0.22024120434220812,0.6454361081123352,0.604131281375885,0.4681130051612854
Body,Body_random_full_01_mean,34567,664,0.04048628500237789,0.3956311423271837,0.7312792539596558,0.5982353091239929,0.3557266891002655
Body,Body_random_full_01_mean,34567,698,-0.25366018296974524,0.23160604720521122,0.7086539268493652,0.5026015043258667,0.058985233306884766
Body,Body_random_full_01_mean,34567,700,0.04909468911554259,0.34294512362947904,0.7395148873329163,0.3844606280326843,0.3428204655647278
Body,Body_random_full_01_mean,34567,716,-0.02084149068553214,0.26101379558734056,0.6762555837631226,0.5771602392196655,0.06801462918519974
Body,Body_random_full_01_mean,34567,765,-0.18458235577423818,0.3739306434830666,0.7297956943511963,0.6448826789855957,0.2288413941860199
Body,Body_random_full_01_mean,34567,771,-0.048605398187001304,0.3922680909727888,0.7067477703094482,0.6170401573181152,0.338257372379303
Body,Body_random_full_01_mean,34567,786,-0.09160909990832677,0.060792648625348056,0.7711324095726013,0.7029581069946289,0.4696168303489685
Body,Body_random_full_01_mean,34567,806,0.01776383010571996,0.2803470264316623,0.6531170606613159,0.3906835615634918,0.1330304592847824
Body,Body_random_full_01_mean,34567,813,0.08878688728464719,0.25002786615624023,0.6872235536575317,0.4713989198207855,-0.0022759907878935337
Body,Body_random_full_01_mean,34567,816,0.05627092005643623,0.2711132158833481,0.6635607481002808,0.6566554307937622,0.25981831550598145
Body,Body_random_full_01_mean,34567,822,0.27176762277766686,0.3694626342996771,0.7131069302558899,0.40186068415641785,0.022636648267507553
Body,Body_random_full_01_mean,34567,826,0.3607200699952871,0.41505107209139686,0.7460495233535767,0.38859137892723083,0.07439999282360077
Body,Body_random_full_01_mean,34567,847,0.326862595351808,0.42387138924014345,0.6748007535934448,0.5085617303848267,0.03598928451538086
Body,Body_random_full_01_mean,34567,876,0.21547888654342182,0.13702240821929298,0.7257683873176575,0.54864901304245,-0.025521155446767807
Body,Body_random_full_01_mean,34567,891,-0.1326239798461012,0.1276520514652652,0.6977605223655701,0.46363720297813416,0.045672498643398285
Body,Body_random_full_01_mean,34567,919,0.010637829553570692,0.18610292309314094,0.7559807300567627,0.5391061305999756,0.04105096310377121
Body,Body_random_full_01_mean,34567,931,0.2039911094314112,0.25007289214036355,0.617922306060791,0.8098310232162476,0.7312704920768738
Body,Body_random_full_01_mean,34567,933,-0.14827417740688126,0.2440195478114069,0.6796644330024719,0.4848565459251404,0.11004399508237839
Body,Body_random_full_01_mean,34567,941,-0.24670861902889568,0.30548626680299884,0.6964905261993408,0.5216350555419922,0.06420523673295975
Body,Body_random_full_01_mean,34567,960,0.17497530659363913,0.3799750165244845,0.6635827422142029,0.6150956153869629,0.21645982563495636
Body,Body_random_full_01_mean,34567,968,0.2778660551909132,0.1338000230067138,0.6820651292800903,0.5424889922142029,0.09018029272556305
Body,Body_random_full_01_mean,34567,989,0.004062421853900126,0.5364333787558467,0.7030154466629028,0.6530566811561584,0.04000801593065262
Body,Body_random_full_02_mean,34567,21,-0.014891541579788994,0.2556456288198918,0.6963959336280823,0.4792877435684204,0.14871114492416382
Body,Body_random_full_02_mean,34567,38,0.033048971338131436,0.26402784882851255,0.6935186982154846,0.6311997771263123,0.3521203398704529
Body,Body_random_full_02_mean,34567,40,0.36780757595482877,0.7140039052389222,0.5870004892349243,0.7937731742858887,0.5113021731376648
Body,Body_random_full_02_mean,34567,59,0.10875019083916193,0.24263609877979972,0.6319869160652161,0.6141754388809204,0.2086647003889084
Body,Body_random_full_02_mean,34567,88,0.3564220948997307,0.367326006696197,0.7501600384712219,0.4685957729816437,0.045739736407995224
Body,Body_random_full_02_mean,34567,116,0.012450204477038146,0.23368425707489326,0.7950502634048462,0.26767340302467346,0.03325826674699783
Body,Body_random_full_02_mean,34567,133,-0.0677492241691023,0.5618659723018768,0.7032353281974792,0.42782461643218994,0.04094250872731209
Body,Body_random_full_02_mean,34567,161,-0.19724372570981777,0.45573361997646594,0.5688424110412598,0.5790412425994873,0.6619489789009094
Body,Body_random_full_02_mean,34567,170,0.040345864282370476,0.2707976550312181,0.6072984933853149,0.6298258900642395,0.0306103378534317
Body,Body_random_full_02_mean,34567,179,0.09476968870756286,0.28729547238866326,0.689185619354248,0.6521958112716675,0.27366721630096436
Body,Body_random_full_02_mean,34567,220,0.061618626894297014,0.3889324974298628,0.7344304919242859,0.544084906578064,0.2510678470134735
Body,Body_random_full_02_mean,34567,233,-0.1508180094771438,0.14777836834177466,0.7172303795814514,0.47539806365966797,0.07960603386163712
Body,Body_random_full_02_mean,34567,257,0.07389792408282451,0.3156052886275006,0.7073572278022766,0.5013513565063477,0.02086867392063141
Body,Body_random_full_02_mean,34567,290,0.0039890183168591635,0.3042949940811184,0.8207572102546692,0.49258503317832947,-0.030227113515138626
Body,Body_random_full_02_mean,34567,331,0.17094429495933372,0.24946468395469243,0.772834837436676,0.5062195658683777,0.025775760412216187
Body,Body_random_full_02_mean,34567,339,0.1104392916537723,0.33226825066835813,0.5891109704971313,0.8137537837028503,0.7745350003242493
Body,Body_random_full_02_mean,34567,355,0.07402117450688071,0.7338991603107395,0.7030802965164185,0.6027827262878418,0.22213025391101837
Body,Body_random_full_02_mean,34567,366,0.3308907234053626,0.33330840145482993,0.7228618860244751,0.602766752243042,0.12617792189121246
Body,Body_random_full_02_mean,34567,474,0.21464268553205526,0.2228856239636737,0.6319465637207031,0.4148506224155426,0.11432823538780212
Body,Body_random_full_02_mean,34567,492,-0.10541633622033444,0.46838867662454414,0.7482556104660034,0.6241382360458374,0.20284344255924225
Body,Body_random_full_02_mean,34567,527,-0.10632303700348583,0.2436984262533009,0.805354118347168,0.6268303990364075,0.45873764157295227
Body,Body_random_full_02_mean,34567,530,0.1367458272710849,0.4765900809162142,0.5774198770523071,0.6579944491386414,0.4772171378135681
Body,Body_random_full_02_mean,34567,542,0.026891481574801528,0.3424163924134063,0.7075588703155518,0.6108322739601135,0.15876087546348572
Body,Body_random_full_02_mean,34567,574,-0.04888125891991407,0.5774657297395059,0.620267391204834,0.5297194719314575,0.2141641080379486
Body,Body_random_full_02_mean,34567,597,0.12634798544200496,0.32468923777151387,0.7719854116439819,0.6459101438522339,0.0757453441619873
Body,Body_random_full_02_mean,34567,619,0.012839546503013546,0.15429856966134026,0.7293277382850647,0.5075557827949524,-0.019965939223766327
Body,Body_random_full_02_mean,34567,656,-0.03588207317409195,0.17180766593016186,0.6599291563034058,0.6165746450424194,0.163069948554039
Body,Body_random_full_02_mean,34567,661,-0.09692120058397416,0.24621222120454045,0.6569808721542358,0.5888576507568359,0.445435106754303
Body,Body_random_full_02_mean,34567,664,0.049739668962817264,0.3980114154131842,0.728618323802948,0.6764070987701416,0.3848389685153961
Body,Body_random_full_02_mean,34567,698,-0.2789850636864608,0.22138316633231933,0.7334071397781372,0.5570886135101318,0.13608381152153015
Body,Body_random_full_02_mean,34567,700,-0.2176229654432975,0.33631403036647795,0.8666848540306091,0.4124377965927124,0.20109179615974426
Body,Body_random_full_02_mean,34567,716,0.10048503747317605,0.24284550463405186,0.6993377208709717,0.4222029149532318,0.020764080807566643
Body,Body_random_full_02_mean,34567,765,-0.22086140306993018,0.2630295528875305,0.707358717918396,0.6600034236907959,0.09998331218957901
Body,Body_random_full_02_mean,34567,771,-0.07632118716668294,0.38166884678201596,0.7223806977272034,0.6926977634429932,0.3590702712535858
Body,Body_random_full_02_mean,34567,786,-0.08508577533268707,0.06205608578422589,0.7779945135116577,0.695468008518219,0.48705217242240906
Body,Body_random_full_02_mean,34567,806,-0.049938880343582716,0.25264405045388205,0.6693443655967712,0.46034857630729675,0.016729680821299553
Body,Body_random_full_02_mean,34567,813,0.06525059150916587,0.24492560430936314,0.6849299669265747,0.4237859845161438,0.038679733872413635
Body,Body_random_full_02_mean,34567,816,-0.0010118350972926648,0.25883029674222297,0.6384010314941406,0.649223268032074,0.3004266023635864
Body,Body_random_full_02_mean,34567,822,0.22165475254982742,0.3748965708761094,0.7907397150993347,0.5066585540771484,0.04506576806306839
Body,Body_random_full_02_mean,34567,826,0.4062876888601651,0.4153704976096728,0.7539073824882507,0.39056405425071716,0.09255009889602661
Body,Body_random_full_02_mean,34567,847,0.28151767670389954,0.39938612606849216,0.7027616500854492,0.650565505027771,0.041517455130815506
Body,Body_random_full_02_mean,34567,876,0.12938221608360267,0.13342596539109902,0.7446890473365784,0.6371421813964844,0.005821669474244118
Body,Body_random_full_02_mean,34567,891,-0.0340315406175472,0.15402045648920454,0.6743003129959106,0.4913003742694855,0.03241230547428131
Body,Body_random_full_02_mean,34567,919,0.06715269326803396,0.18540540152943918,0.731428861618042,0.3927960693836212,0.05254876986145973
Body,Body_random_full_02_mean,34567,931,0.20575001584795866,0.28597623227186986,0.6599758863449097,0.77399080991745,0.4291113018989563
Body,Body_random_full_02_mean,34567,933,-0.1369782653484897,0.2260104111941606,0.6946560144424438,0.35324811935424805,0.03235718235373497
Body,Body_random_full_02_mean,34567,941,-0.34360679193358534,0.2944655378086172,0.7308439612388611,0.5285899043083191,0.07183721661567688
Body,Body_random_full_02_mean,34567,960,0.10987175682036505,0.34640478052603374,0.620551347732544,0.6824942827224731,0.30702826380729675
Body,Body_random_full_02_mean,34567,968,0.2371236658606593,0.1398916666642496,0.7248188257217407,0.5429437160491943,0.08013572543859482
Body,Body_random_full_02_mean,34567,989,0.017434633023621512,0.5391663612523487,0.7095279693603516,0.809956967830658,0.5209751129150391
Body,Body_random_full_03_mean,34567,21,0.04922512744641778,0.26834070060766346,0.7105621099472046,0.3392409682273865,0.11041176319122314
Body,Body_random_full_03_mean,34567,38,0.09576506575043264,0.27111514699180433,0.7014856934547424,0.698589563369751,0.3559510111808777
Body,Body_random_full_03_mean,34567,40,0.08800136137948608,0.5985974038231706,0.5892027020454407,0.5188446044921875,0.07178076356649399
Body,Body_random_full_03_mean,34567,59,0.14315099130892356,0.28805592120588114,0.6437232494354248,0.7453628778457642,0.4038512110710144
Body,Body_random_full_03_mean,34567,88,0.21013985979555957,0.26591666411296033,0.710128903388977,0.30459439754486084,0.020676134154200554
Body,Body_random_full_03_mean,34567,116,-0.04653602670666843,0.2379581319300162,0.7774957418441772,0.4956643581390381,0.2192123383283615
Body,Body_random_full_03_mean,34567,133,-0.04914724101596858,0.5528087991916031,0.682266116142273,0.3821496069431305,0.024437282234430313
Body,Body_random_full_03_mean,34567,161,-0.37694926199220974,0.3357451790014012,0.6484800577163696,0.6898376941680908,0.6072906255722046
Body,Body_random_full_03_mean,34567,170,-0.028180785841465123,0.29559146068326136,0.62309730052948,0.5900858044624329,0.13652729988098145
Body,Body_random_full_03_mean,34567,179,-0.09541646431998269,0.20418937118845734,0.6773666143417358,0.6077902317047119,0.15901079773902893
Body,Body_random_full_03_mean,34567,220,0.06538427467331076,0.36068021224843977,0.7178952097892761,0.4487597644329071,0.0795002430677414
Body,Body_random_full_03_mean,34567,233,-0.1278491054065615,0.15217186017226758,0.7433729767799377,0.5972446203231812,0.10662603378295898
Body,Body_random_full_03_mean,34567,257,0.07439536567181018,0.3209022771572359,0.6920508146286011,0.45419639348983765,0.11067983508110046
Body,Body_random_full_03_mean,34567,290,-0.17786033370343668,0.31599142973886535,0.7692818641662598,0.5291441679000854,0.10996226966381073
Body,Body_random_full_03_mean,34567,331,0.16002009421021202,0.2514130846924494,0.758428156375885,0.5581623315811157,0.030553657561540604
Body,Body_random_full_03_mean,34567,339,0.13473258698368717,0.31556460470015657,0.6531127691268921,0.6978607177734375,0.3962530791759491
Body,Body_random_full_03_mean,34567,355,-0.11325028904467603,0.598068234431953,0.659295380115509,0.672137975692749,0.6193673610687256
Body,Body_random_full_03_mean,34567,366,0.21697047619683538,0.3099114908971029,0.7653475403785706,0.5280236005783081,0.13002650439739227
Body,Body_random_full_03_mean,34567,474,0.19052279932221772,0.2178336974058934,0.6451656818389893,0.39487600326538086,0.09591621160507202
Body,Body_random_full_03_mean,34567,492,-0.23167419750381404,0.4683645765768596,0.7792068719863892,0.7245665788650513,0.2983282208442688
Body,Body_random_full_03_mean,34567,527,-0.12494887540567909,0.2126395678326868,0.7825230360031128,0.636561393737793,0.20964272320270538
Body,Body_random_full_03_mean,34567,530,0.05871229997407618,0.395885704073071,0.6312038898468018,0.6687968373298645,0.2764808237552643
Body,Body_random_full_03_mean,34567,542,0.01180529328175452,0.35164762327317023,0.7125247716903687,0.5439426898956299,0.20133720338344574
Body,Body_random_full_03_mean,34567,574,-0.020613242098501305,0.5524168767702591,0.5808347463607788,0.5847809314727783,0.5337721109390259
Body,Body_random_full_03_mean,34567,597,0.0787591848158238,0.30857373422200185,0.761257529258728,0.5062335133552551,0.11822855472564697
Body,Body_random_full_03_mean,34567,619,0.04813075161910879,0.15665711499958035,0.7419894337654114,0.553802490234375,-0.020274680107831955
Body,Body_random_full_03_mean,34567,656,-0.007488122359451456,0.19596290635228364,0.6614514589309692,0.5726327300071716,0.18638715147972107
Body,Body_random_full_03_mean,34567,661,0.05382184628451559,0.25029668607762623,0.6576524972915649,0.6765945553779602,0.3930590748786926
Body,Body_random_full_03_mean,34567,664,-0.01601033505315178,0.41356933606415747,0.7094987630844116,0.8340440392494202,0.7050358057022095
Body,Body_random_full_03_mean,34567,698,-0.23849119157146947,0.22528272155000975,0.7137175798416138,0.5360231399536133,0.005359384696930647
Body,Body_random_full_03_mean,34567,700,-0.04444091138044269,0.29773293487830427,0.757909893989563,0.43810054659843445,0.27988168597221375
Body,Body_random_full_03_mean,34567,716,-0.0056924435497106764,0.271141714381811,0.6944231986999512,0.45981600880622864,0.06102887541055679
Body,Body_random_full_03_mean,34567,765,-0.16182523104644936,0.37258518656175593,0.7215597629547119,0.6483216881752014,0.16723006963729858
Body,Body_random_full_03_mean,34567,771,-0.06528782549176365,0.37381520401902296,0.7224656939506531,0.6771642565727234,0.30641302466392517
Body,Body_random_full_03_mean,34567,786,-0.07644797064585182,0.06032212258361081,0.7922396063804626,0.6902363300323486,0.4914582073688507
Body,Body_random_full_03_mean,34567,806,-0.0032112190539708716,0.27082668264203635,0.6596757769584656,0.4730217456817627,0.11805148422718048
Body,Body_random_full_03_mean,34567,813,0.14669617250295447,0.2435067676022158,0.6953611969947815,0.4973989725112915,0.1132253035902977
Body,Body_random_full_03_mean,34567,816,0.05015968598830912,0.26540485830714616,0.661736011505127,0.6444092392921448,0.26301294565200806
Body,Body_random_full_03_mean,34567,822,0.33618314444125846,0.3501130739499938,0.6363574266433716,0.5178231596946716,0.030447734519839287
Body,Body_random_full_03_mean,34567,826,-0.014231897990063292,0.18174773882483822,0.7468121647834778,0.40858107805252075,0.013824287801980972
Body,Body_random_full_03_mean,34567,847,0.3271882483440733,0.41569288103589774,0.6674787998199463,0.5062863826751709,0.05248572677373886
Body,Body_random_full_03_mean,34567,876,0.07090758583139915,0.12262590309185882,0.754892110824585,0.5433553457260132,0.052538663148880005
Body,Body_random_full_03_mean,34567,891,0.005391985797945645,0.15638177548946142,0.693626880645752,0.5041943788528442,0.042614903301000595
Body,Body_random_full_03_mean,34567,919,0.011628669388200582,0.17549623745895274,0.7642496228218079,0.5145673155784607,0.06443388760089874
Body,Body_random_full_03_mean,34567,931,0.21241043077057825,0.2540794738503505,0.6574573516845703,0.8221060037612915,0.655382513999939
Body,Body_random_full_03_mean,34567,933,-0.23337411766911847,0.22161715731946158,0.6722965836524963,0.3440326154232025,0.03246559575200081
Body,Body_random_full_03_mean,34567,941,-0.26606714927610375,0.2305025992546508,0.6742070913314819,0.565920889377594,0.21640948951244354
Body,Body_random_full_03_mean,34567,960,0.1936089862280762,0.33949805323815424,0.6527960300445557,0.5886130928993225,0.044014956802129745
Body,Body_random_full_03_mean,34567,968,0.26919358269556726,0.13548184823345485,0.6854303479194641,0.5287237763404846,0.10576555877923965
Body,Body_random_full_03_mean,34567,989,-0.07417758667730494,0.36212670439537364,0.7884806394577026,0.682644248008728,0.4046475887298584
Body,Body_random_full_04_mean,34567,21,0.010151424032590813,0.22470865996906994,0.6660376787185669,0.6991248726844788,0.5873555541038513
Body,Body_random_full_04_mean,34567,38,0.02368786629073524,0.2645017640757051,0.6801732778549194,0.6178209185600281,0.4190196692943573
Body,Body_random_full_04_mean,34567,40,0.35368931265867537,0.7127756448158526,0.5348919630050659,0.7958457469940186,0.48641684651374817
Body,Body_random_full_04_mean,34567,59,0.13183156301623286,0.21228562667520248,0.6430103778839111,0.5486544966697693,0.07840201258659363
Body,Body_random_full_04_mean,34567,88,0.24204255976369768,0.34678496501723766,0.7456386089324951,0.5238764882087708,0.040416277945041656
Body,Body_random_full_04_mean,34567,116,0.006351122182250351,0.24873604068751248,0.7816388607025146,0.21761220693588257,0.04553548991680145
Body,Body_random_full_04_mean,34567,133,-0.08801049008312882,0.5326533523522826,0.6997504234313965,0.45330649614334106,0.07931001484394073
Body,Body_random_full_04_mean,34567,161,-0.3052039069175836,0.4527841191003749,0.5443712472915649,0.8127293586730957,0.6679067611694336
Body,Body_random_full_04_mean,34567,170,0.051675593774138065,0.2735864367969188,0.6303117275238037,0.5565484166145325,0.010776395909488201
Body,Body_random_full_04_mean,34567,179,-0.010340966260853771,0.28164208536230106,0.754035472869873,0.6549495458602905,0.3565613329410553
Body,Body_random_full_04_mean,34567,220,0.06447427440127808,0.3799187578233279,0.7328296303749084,0.4679640829563141,0.19302736222743988
Body,Body_random_full_04_mean,34567,233,-0.11950802459135919,0.13966886437671208,0.6893631219863892,0.4972406029701233,0.0418364442884922
Body,Body_random_full_04_mean,34567,257,0.11162873375744896,0.30859435008389885,0.6989884376525879,0.5291547775268555,0.06255804747343063
Body,Body_random_full_04_mean,34567,290,0.03926768440749341,0.3044107835857069,0.8146176338195801,0.4779803156852722,0.04856829345226288
Body,Body_random_full_04_mean,34567,331,0.1920300767861115,0.24461153921329903,0.7764183282852173,0.5230746269226074,0.020343557000160217
Body,Body_random_full_04_mean,34567,339,0.08450971646946363,0.3328697380126585,0.612702488899231,0.7599056959152222,0.34856176376342773
Body,Body_random_full_04_mean,34567,355,-0.08459218025086188,0.7616098037291313,0.742024838924408,0.6860482692718506,0.4931531250476837
Body,Body_random_full_04_mean,34567,366,0.3060000560913121,0.33953515228309733,0.7311789989471436,0.577414333820343,0.16369731724262238
Body,Body_random_full_04_mean,34567,474,0.20031077452413806,0.21225976337933022,0.6367461681365967,0.4087747037410736,0.07653749734163284
Body,Body_random_full_04_mean,34567,492,-0.11161257313300647,0.4721322533178778,0.74540114402771,0.6347740888595581,0.2732066512107849
Body,Body_random_full_04_mean,34567,527,-0.1957561639047177,0.23869799942344155,0.8471389412879944,0.6156910061836243,0.26908496022224426
Body,Body_random_full_04_mean,34567,530,0.15064237357829116,0.49841107048510663,0.5772498846054077,0.6838877201080322,0.47710251808166504
Body,Body_random_full_04_mean,34567,542,0.025775809819175523,0.3413311623600943,0.7166200280189514,0.595790684223175,0.20477396249771118
Body,Body_random_full_04_mean,34567,574,-0.03563122706218187,0.5719084467351276,0.6519124507904053,0.34516698122024536,0.06803348660469055
Body,Body_random_full_04_mean,34567,597,0.11584419262274011,0.32771311108997214,0.7775843143463135,0.5815005898475647,0.08531608432531357
Body,Body_random_full_04_mean,34567,619,-0.00552577879555355,0.16763214589312866,0.7377781867980957,0.5021963119506836,0.021322796121239662
Body,Body_random_full_04_mean,34567,656,-0.03136145696486303,0.1926781888520719,0.6613168716430664,0.6219823956489563,0.056127093732357025
Body,Body_random_full_04_mean,34567,661,-0.06696315869042552,0.310695499009347,0.6954364776611328,0.596701979637146,0.2875223755836487
Body,Body_random_full_04_mean,34567,664,0.047805550535211544,0.4028415341641166,0.715890645980835,0.6108339428901672,0.3070482313632965
Body,Body_random_full_04_mean,34567,698,-0.2602324369401335,0.2307947876289206,0.7193193435668945,0.582900881767273,0.033210381865501404
Body,Body_random_full_04_mean,34567,700,-0.21033117569132584,0.33174394069420404,0.8570075035095215,0.41326332092285156,0.0974745824933052
Body,Body_random_full_04_mean,34567,716,0.08939312051693925,0.2323776202232197,0.702327311038971,0.4396090805530548,0.02510729432106018
Body,Body_random_full_04_mean,34567,765,-0.18770288831678839,0.26757678715335276,0.698613703250885,0.7338860034942627,0.20264019072055817
Body,Body_random_full_04_mean,34567,771,-0.08379758126665764,0.379302712510621,0.7215821743011475,0.7203549742698669,0.38640621304512024
Body,Body_random_full_04_mean,34567,786,-0.06357340977700979,0.06024971950166934,0.7606929540634155,0.65010666847229,0.43955886363983154
Body,Body_random_full_04_mean,34567,806,-0.008749044833669851,0.2459957975156712,0.6615422368049622,0.4471357762813568,0.04824533313512802
Body,Body_random_full_04_mean,34567,813,0.0468378582988744,0.26606108711170334,0.7246503233909607,0.519275963306427,0.03909436613321304
Body,Body_random_full_04_mean,34567,816,0.02956690287345353,0.25648755481108615,0.667908787727356,0.7084037661552429,0.2792757749557495
Body,Body_random_full_04_mean,34567,822,0.2741985941141042,0.3640058371626287,0.722872793674469,0.4013028144836426,0.02488693781197071
Body,Body_random_full_04_mean,34567,826,0.5561064174879524,0.41757101579330247,0.766217052936554,0.3794320523738861,0.023008743301033974
Body,Body_random_full_04_mean,34567,847,0.33728248041884906,0.4016812189248097,0.6459603309631348,0.46172666549682617,0.08199930936098099
Body,Body_random_full_04_mean,34567,876,0.1275085013500268,0.13678679184539613,0.7498046159744263,0.5887129306793213,0.009031488560140133
Body,Body_random_full_04_mean,34567,891,-0.011117222273054936,0.16765895956660795,0.6859381198883057,0.4348834753036499,0.0414159931242466
Body,Body_random_full_04_mean,34567,919,0.04936686855608424,0.18905797356087298,0.7398977875709534,0.46097052097320557,0.05412568151950836
Body,Body_random_full_04_mean,34567,931,0.12747846779081676,0.24393519451859366,0.7645450830459595,0.8024779558181763,0.6744592189788818
Body,Body_random_full_04_mean,34567,933,-0.03363605685685751,0.34909570588509137,0.6816540956497192,0.5857218503952026,0.3144596815109253
Body,Body_random_full_04_mean,34567,941,-0.3139245772186768,0.29490524798459655,0.7062702178955078,0.5495898127555847,0.07219047844409943
Body,Body_random_full_04_mean,34567,960,0.14642651437257376,0.37585162347731715,0.6016567945480347,0.6267008781433105,0.27167782187461853
Body,Body_random_full_04_mean,34567,968,0.2552759938609817,0.14583670896643827,0.7075387239456177,0.5692082047462463,0.06889861077070236
Body,Body_random_full_04_mean,34567,989,0.09589587350299697,0.5600061390086242,0.6822291612625122,0.8467429876327515,0.5873668193817139
Body,Body_random_full_05_mean,34567,21,0.012538916628393341,0.27504112785024837,0.7082985043525696,0.4950810670852661,0.13189782202243805
Body,Body_random_full_05_mean,34567,38,0.06062253808249053,0.2628107723264936,0.66339111328125,0.7937804460525513,0.513938844203949
Body,Body_random_full_05_mean,34567,40,0.3960452765338757,0.7111165120815814,0.547122061252594,0.7691543102264404,0.49141672253608704
Body,Body_random_full_05_mean,34567,59,0.12667000833312886,0.29977745820690394,0.6306331157684326,0.683739960193634,0.3777705430984497
Body,Body_random_full_05_mean,34567,88,0.1699515409134537,0.3029528027529637,0.6941813826560974,0.3815145194530487,0.012449712492525578
Body,Body_random_full_05_mean,34567,116,-0.010041314235249777,0.2117829262021853,0.7483963370323181,0.1648058444261551,0.04289201647043228
Body,Body_random_full_05_mean,34567,133,-0.08198792234529477,0.5574897767281213,0.703275203704834,0.4533854126930237,0.06452727317810059
Body,Body_random_full_05_mean,34567,161,-0.11712163331886953,0.501094472243075,0.5918660759925842,0.6790567636489868,0.6977351307868958
Body,Body_random_full_05_mean,34567,170,0.027960422683606732,0.2915338732240382,0.626402735710144,0.5156230330467224,0.07718738913536072
Body,Body_random_full_05_mean,34567,179,0.2532335746478979,0.29268661034214827,0.6764784455299377,0.6902564764022827,0.2716614603996277
Body,Body_random_full_05_mean,34567,220,0.019611624422438072,0.39320907624798346,0.6987051367759705,0.5012795329093933,0.0960320383310318
Body,Body_random_full_05_mean,34567,233,-1.8393834016150766e-05,0.19464746846923922,0.6737334728240967,0.4492335319519043,0.21107438206672668
Body,Body_random_full_05_mean,34567,257,0.048499134771090704,0.29136298652128495,0.6707194447517395,0.4745345711708069,0.14294612407684326
Body,Body_random_full_05_mean,34567,290,-0.165071970716575,0.18204939994633684,0.8428943753242493,0.5675294399261475,0.2766430974006653
Body,Body_random_full_05_mean,34567,331,0.26335140142818436,0.24899492532495032,0.741376519203186,0.627102792263031,0.023947741836309433
Body,Body_random_full_05_mean,34567,339,0.11993326905413719,0.29439750552593913,0.655109703540802,0.7004045844078064,0.28342515230178833
Body,Body_random_full_05_mean,34567,355,0.00234296650880222,0.5903114926673904,0.7422230243682861,0.6375178098678589,0.6065307259559631
Body,Body_random_full_05_mean,34567,366,0.20136666402981623,0.2889319465578694,0.7602779865264893,0.5649092197418213,0.16613799333572388
Body,Body_random_full_05_mean,34567,474,0.19906484262531934,0.21775035851042476,0.6434322595596313,0.4481402635574341,0.11300816386938095
Body,Body_random_full_05_mean,34567,492,-0.04834950819341999,0.4659988739954459,0.721259355545044,0.7047362327575684,0.4485049247741699
Body,Body_random_full_05_mean,34567,527,-0.10768714073318218,0.23550361285765695,0.7601616382598877,0.5795441269874573,0.24905696511268616
Body,Body_random_full_05_mean,34567,530,0.14225319126885794,0.495086389894528,0.565805196762085,0.6856486797332764,0.43200331926345825
Body,Body_random_full_05_mean,34567,542,0.04767156560065367,0.3482966409833276,0.7157226204872131,0.593897819519043,0.23494437336921692
Body,Body_random_full_05_mean,34567,574,-0.023155479196227537,0.5327468435449315,0.6174504160881042,0.36777013540267944,0.18713213503360748
Body,Body_random_full_05_mean,34567,597,0.08569135522114604,0.31206569246092314,0.7899515628814697,0.6666594743728638,0.12426996976137161
Body,Body_random_full_05_mean,34567,619,0.025337119984713007,0.16094928492620572,0.7312874794006348,0.4913519024848938,-0.014381883665919304
Body,Body_random_full_05_mean,34567,656,-0.02650760663804887,0.2044824058824752,0.6814809441566467,0.6343022584915161,0.16567155718803406
Body,Body_random_full_05_mean,34567,661,0.030710656059579837,0.23341621882224747,0.6595621705055237,0.6894059181213379,0.42882663011550903
Body,Body_random_full_05_mean,34567,664,0.04725406817224037,0.4049285666351245,0.7222568988800049,0.7836139798164368,0.48051127791404724
Body,Body_random_full_05_mean,34567,698,-0.23359002005120375,0.21916978750432822,0.7160977721214294,0.5573728084564209,0.06770796328783035
Body,Body_random_full_05_mean,34567,700,0.04357968153083816,0.35102832001035905,0.7184441089630127,0.4162086248397827,0.36662113666534424
Body,Body_random_full_05_mean,34567,716,-0.009461972677504678,0.2694858153579206,0.7010151147842407,0.4518098533153534,0.04046403616666794
Body,Body_random_full_05_mean,34567,765,-0.10515946757192217,0.37195120721376235,0.7137410640716553,0.6177369356155396,0.12045949697494507
Body,Body_random_full_05_mean,34567,771,-0.08627335622165855,0.3630445481448092,0.7128240466117859,0.6371215581893921,0.30380260944366455
Body,Body_random_full_05_mean,34567,786,-0.12923640709431342,0.06581324648798735,0.7652279138565063,0.7417807579040527,0.6375707983970642
Body,Body_random_full_05_mean,34567,806,0.022604718190308494,0.30099848679022917,0.6684159636497498,0.4530091881752014,0.08167455345392227
Body,Body_random_full_05_mean,34567,813,0.12037350762096499,0.24522896347831194,0.7089685797691345,0.5321078300476074,0.15947319567203522
Body,Body_random_full_05_mean,34567,816,0.018155203888817303,0.28160491629524126,0.6558184623718262,0.682714581489563,0.16962526738643646
Body,Body_random_full_05_mean,34567,822,0.2911517983343595,0.35763854885765256,0.6436671614646912,0.48720747232437134,0.15566539764404297
Body,Body_random_full_05_mean,34567,826,0.3713442981463803,0.4081594002818961,0.7238472104072571,0.39484360814094543,0.11229322850704193
Body,Body_random_full_05_mean,34567,847,0.33940501292193626,0.3866311302469649,0.6609869003295898,0.5381351709365845,0.07740554958581924
Body,Body_random_full_05_mean,34567,876,0.06270582072529807,0.12253582919409454,0.731702983379364,0.5408799648284912,0.03641008213162422
Body,Body_random_full_05_mean,34567,891,-0.03876297379653426,0.15927081410386054,0.6991685628890991,0.48971810936927795,0.03346540406346321
Body,Body_random_full_05_mean,34567,919,0.019468844243551206,0.17399153449062615,0.7511058449745178,0.5118747353553772,0.046717457473278046
Body,Body_random_full_05_mean,34567,931,0.12404491214099252,0.2390135290172577,0.7442198991775513,0.7856370806694031,0.6702288389205933
Body,Body_random_full_05_mean,34567,933,-0.24759699769011698,0.20722914495687325,0.6911196112632751,0.49378299713134766,0.04858382046222687
Body,Body_random_full_05_mean,34567,941,-0.2640669303820986,0.2663797561540253,0.6814703941345215,0.5822198987007141,0.14918145537376404
Body,Body_random_full_05_mean,34567,960,0.2410819074649876,0.3341618704799027,0.6736401915550232,0.575090765953064,0.050837982445955276
Body,Body_random_full_05_mean,34567,968,0.2963856205594342,0.14804600998796444,0.6796296238899231,0.4876585006713867,0.1389051228761673
Body,Body_random_full_05_mean,34567,989,-0.0878608648720988,0.4012156216415416,0.7628076076507568,0.6931883096694946,0.3126582205295563
Body,Scene_unrelated_equal4_mean,34567,21,0.00794288649310667,0.2635023310162838,0.6897068619728088,0.45828723907470703,0.17343764007091522
Body,Scene_unrelated_equal4_mean,34567,38,0.07083284566500486,0.27119846558545385,0.6711576581001282,0.7301962375640869,0.3966708183288574
Body,Scene_unrelated_equal4_mean,34567,40,0.40467382043993544,0.7037522928137739,0.581026554107666,0.8177924752235413,0.5256957411766052
Body,Scene_unrelated_equal4_mean,34567,59,0.13447233236317377,0.2610057067803038,0.6437233686447144,0.7411320805549622,0.6049666404724121
Body,Scene_unrelated_equal4_mean,34567,88,0.12109628387301807,0.27329518920239365,0.6842867136001587,0.3616696000099182,0.04064079746603966
Body,Scene_unrelated_equal4_mean,34567,116,-0.06517966711923212,0.2237521289335501,0.7643750905990601,0.21953880786895752,0.2673145830631256
Body,Scene_unrelated_equal4_mean,34567,133,-0.05800409624940462,0.5518248452710305,0.7094832062721252,0.4311990439891815,0.05245070531964302
Body,Scene_unrelated_equal4_mean,34567,161,-0.17475611423368936,0.4759587685368125,0.5997699499130249,0.6352460980415344,0.7493582367897034
Body,Scene_unrelated_equal4_mean,34567,170,-0.006999187451448245,0.315312532106424,0.6470422744750977,0.5638049244880676,0.04237985238432884
Body,Scene_unrelated_equal4_mean,34567,179,-0.09683996085360244,0.24038013429246313,0.6594078540802002,0.6324374675750732,0.17446163296699524
Body,Scene_unrelated_equal4_mean,34567,220,0.06645709220141137,0.3697030341473506,0.7217826247215271,0.47225862741470337,0.1071467250585556
Body,Scene_unrelated_equal4_mean,34567,233,-0.08020560319172342,0.19591070561056298,0.711764931678772,0.43906980752944946,0.12949170172214508
Body,Scene_unrelated_equal4_mean,34567,257,0.05165691681747393,0.29855661938048234,0.688730776309967,0.5483402013778687,0.05754578858613968
Body,Scene_unrelated_equal4_mean,34567,290,-0.006802583074043804,0.33231864875170175,0.8166890144348145,0.4538835287094116,0.18337172269821167
Body,Scene_unrelated_equal4_mean,34567,331,0.28372220563441414,0.27123370613522035,0.7831149101257324,0.584792971611023,0.02232932299375534
Body,Scene_unrelated_equal4_mean,34567,339,0.11561814619630428,0.2922714748799527,0.6567389369010925,0.6911097764968872,0.36967694759368896
Body,Scene_unrelated_equal4_mean,34567,355,-0.03273216631308453,0.5729076797582215,0.7784805297851562,0.6539801359176636,0.7650819420814514
Body,Scene_unrelated_equal4_mean,34567,366,0.1747239228456305,0.32687553697320687,0.7598300576210022,0.5914550423622131,0.15577156841754913
Body,Scene_unrelated_equal4_mean,34567,474,0.1810300748521914,0.2210122526040162,0.6411089301109314,0.44254881143569946,0.26912254095077515
Body,Scene_unrelated_equal4_mean,34567,492,-0.1394074045036445,0.4770824274754385,0.7625455856323242,0.6258819699287415,0.24655874073505402
Body,Scene_unrelated_equal4_mean,34567,527,-0.08702826334925198,0.2243570993837155,0.7683725953102112,0.6410356760025024,0.2620556950569153
Body,Scene_unrelated_equal4_mean,34567,530,0.11790249181650118,0.48319072959947557,0.5907232761383057,0.516811192035675,0.45264381170272827
Body,Scene_unrelated_equal4_mean,34567,542,0.04036086043273679,0.3465366689741704,0.7190789580345154,0.5791666507720947,0.1866685450077057
Body,Scene_unrelated_equal4_mean,34567,574,-0.015039003178290366,0.5784279927503734,0.6533641815185547,0.262974351644516,0.04907812178134918
Body,Scene_unrelated_equal4_mean,34567,597,0.08501465465461855,0.31144375795991774,0.7565481662750244,0.518631100654602,0.11469850689172745
Body,Scene_unrelated_equal4_mean,34567,619,0.03145237798136416,0.15858666054046217,0.7331644892692566,0.5119913816452026,-0.012469743378460407
Body,Scene_unrelated_equal4_mean,34567,656,-0.018282466939205502,0.20950803188729997,0.661715567111969,0.6051558256149292,0.1529664695262909
Body,Scene_unrelated_equal4_mean,34567,661,0.03546347599102664,0.23363758506226473,0.6674944162368774,0.6566327214241028,0.418398380279541
Body,Scene_unrelated_equal4_mean,34567,664,0.05462932898540421,0.4087034626193418,0.7217450141906738,0.8478702902793884,0.765900731086731
Body,Scene_unrelated_equal4_mean,34567,698,-0.2351605638161921,0.23239499168119612,0.7131408452987671,0.5105494260787964,0.05320826172828674
Body,Scene_unrelated_equal4_mean,34567,700,-0.006212151510850603,0.3064245458373172,0.7614433765411377,0.3997235894203186,0.21108102798461914
Body,Scene_unrelated_equal4_mean,34567,716,0.025953598332956525,0.2663762195453096,0.6766449213027954,0.5833882093429565,0.09696054458618164
Body,Scene_unrelated_equal4_mean,34567,765,-0.10776503486498289,0.37847499300175563,0.7094888687133789,0.5983380079269409,0.14808447659015656
Body,Scene_unrelated_equal4_mean,34567,771,-0.08578331689995544,0.36622807892234177,0.7164698839187622,0.6232635974884033,0.3286419212818146
Body,Scene_unrelated_equal4_mean,34567,786,-0.08014358250893,0.06294855782316357,0.7562414407730103,0.7034966945648193,0.5590205788612366
Body,Scene_unrelated_equal4_mean,34567,806,0.004352351778453536,0.3045661168646071,0.6723213791847229,0.3810725212097168,0.11926492303609848
Body,Scene_unrelated_equal4_mean,34567,813,0.08868133627959371,0.24657099967105572,0.684719443321228,0.5420214533805847,0.10693444311618805
Body,Scene_unrelated_equal4_mean,34567,816,0.02726541946640595,0.2769715644636098,0.6833001971244812,0.6453225016593933,0.3002701699733734
Body,Scene_unrelated_equal4_mean,34567,822,0.2747423672824754,0.35971901693455377,0.6773701906204224,0.5405183434486389,0.12092433869838715
Body,Scene_unrelated_equal4_mean,34567,826,0.3904962531478498,0.41178869776959887,0.7207444310188293,0.454123318195343,0.17474843561649323
Body,Scene_unrelated_equal4_mean,34567,847,0.3356057051136818,0.4050062072852824,0.6861371994018555,0.48889192938804626,0.1109735518693924
Body,Scene_unrelated_equal4_mean,34567,876,0.07063692646089285,0.12255912209230044,0.7469399571418762,0.5623692870140076,0.04137116298079491
Body,Scene_unrelated_equal4_mean,34567,891,0.02918238198400833,0.1678940454466341,0.6737709045410156,0.5368075370788574,-0.014066513627767563
Body,Scene_unrelated_equal4_mean,34567,919,0.011720250114476942,0.16845770845771832,0.7552529573440552,0.5275939702987671,0.060890860855579376
Body,Scene_unrelated_equal4_mean,34567,931,0.2199408673959473,0.27047386018901876,0.6456366777420044,0.8330870866775513,0.6912543773651123
Body,Scene_unrelated_equal4_mean,34567,933,-0.14928887606757846,0.2336698608524213,0.6668491363525391,0.37082818150520325,0.15353010594844818
Body,Scene_unrelated_equal4_mean,34567,941,-0.27304567911188704,0.26414555685212304,0.6782398223876953,0.531830906867981,0.10845042765140533
Body,Scene_unrelated_equal4_mean,34567,960,0.19210067087915864,0.3380887491945994,0.6465727090835571,0.5873370170593262,-0.015860406681895256
Body,Scene_unrelated_equal4_mean,34567,968,0.30166856979711476,0.1425735917774751,0.676903247833252,0.5278643369674683,0.1500719040632248
Body,Scene_unrelated_equal4_mean,34567,989,-0.049437504303911826,0.42846270639982953,0.7710200548171997,0.7060031294822693,0.4381454586982727
Body,no_mask,34567,21,0.008636470791784166,0.28272175196249216,0.6885226964950562,0.4651954770088196,0.11137035489082336
Body,no_mask,34567,38,0.0716304554364295,0.26802089215483216,0.6663544178009033,0.7371595501899719,0.41214537620544434
Body,no_mask,34567,40,0.4447875792837692,0.7206424861402513,0.5588082075119019,0.779302179813385,0.5798676609992981
Body,no_mask,34567,59,0.12709720848946537,0.28817954164234305,0.632141649723053,0.7579442262649536,0.5525961518287659
Body,no_mask,34567,88,0.1374166995728046,0.2674686553229919,0.6927903294563293,0.35072124004364014,0.04324008524417877
Body,no_mask,34567,116,-0.05780422119555832,0.23232788882904964,0.7662174105644226,0.2656778395175934,0.07156184315681458
Body,no_mask,34567,133,-0.09290879521793001,0.5516388991416095,0.6987707018852234,0.42851319909095764,0.3061456084251404
Body,no_mask,34567,161,-0.17657330871314314,0.47832181651701305,0.6059693098068237,0.6541584730148315,0.7428233623504639
Body,no_mask,34567,170,0.0033290249134751513,0.28020008510775246,0.623814046382904,0.5565778613090515,0.1346570998430252
Body,no_mask,34567,179,-0.044027561832481486,0.23857470840863979,0.6557168364524841,0.6605005264282227,0.1779313087463379
Body,no_mask,34567,220,0.048252726504016755,0.35882692068304034,0.7304255962371826,0.4438226819038391,0.1783670037984848
Body,no_mask,34567,233,-0.07154044501519222,0.19673527477321562,0.6882297992706299,0.4898604452610016,0.14721499383449554
Body,no_mask,34567,257,0.054877107455889466,0.2981267860964125,0.6869672536849976,0.5618809461593628,0.046619001775979996
Body,no_mask,34567,290,-0.26134129670544837,0.23217075334542617,0.8207594156265259,0.57294762134552,0.3804219663143158
Body,no_mask,34567,331,0.28148568540976987,0.25377284520253285,0.7494157552719116,0.6177509427070618,0.0627041906118393
Body,no_mask,34567,339,0.09702414274263743,0.2872247550941451,0.6745808720588684,0.6784194707870483,0.340122789144516
Body,no_mask,34567,355,-0.045089561017431105,0.5998714896446639,0.7266886234283447,0.6553033590316772,0.6720914840698242
Body,no_mask,34567,366,0.2032100565514793,0.3186932489936426,0.7602540254592896,0.5768211483955383,0.12861938774585724
Body,no_mask,34567,474,0.1733577548564764,0.21648508682762999,0.645641028881073,0.4342700242996216,0.2561911344528198
Body,no_mask,34567,492,-0.013346647126331665,0.4609245927571133,0.7152025103569031,0.6986270546913147,0.3636937439441681
Body,no_mask,34567,527,-0.08754790556447255,0.2309328791077983,0.7684210538864136,0.6550806164741516,0.3004888892173767
Body,no_mask,34567,530,0.12481573480792751,0.4817173697348612,0.5838487148284912,0.6064479351043701,0.48764604330062866
Body,no_mask,34567,542,0.049326905068052644,0.3496435216415029,0.7187045216560364,0.5958930850028992,0.15313437581062317
Body,no_mask,34567,574,-0.03368031390340948,0.49496265518757965,0.6375983357429504,0.37824350595474243,0.14970722794532776
Body,no_mask,34567,597,0.09104991318486054,0.3173336219985339,0.7618575096130371,0.5016185641288757,0.08013273030519485
Body,no_mask,34567,619,0.006158806975715323,0.18046510681737257,0.7226614356040955,0.5741344690322876,0.03630474954843521
Body,no_mask,34567,656,-0.02257351807327569,0.21121980944910404,0.6650726795196533,0.6297111511230469,0.15268273651599884
Body,no_mask,34567,661,0.018139539032718043,0.2505001592234954,0.6624292135238647,0.6730101108551025,0.43177330493927
Body,no_mask,34567,664,0.030471683600078996,0.4092218565848967,0.7015507817268372,0.8426032066345215,0.7178186178207397
Body,no_mask,34567,698,-0.21415299051152822,0.22377085809046504,0.6977958679199219,0.4804684519767761,0.11924055963754654
Body,no_mask,34567,700,0.022214804895629135,0.31854741865275304,0.7885891199111938,0.40042591094970703,0.2879636585712433
Body,no_mask,34567,716,0.027763296230928724,0.2627934904157878,0.6789810657501221,0.5654770135879517,0.07531125098466873
Body,no_mask,34567,765,-0.12854613751500196,0.380613297323773,0.7113591432571411,0.6164294481277466,0.1395072191953659
Body,no_mask,34567,771,-0.08553300633272007,0.36546285280781293,0.7184182405471802,0.5877867937088013,0.2739963233470917
Body,no_mask,34567,786,-0.07412146329794986,0.06227542377791415,0.7517979145050049,0.7315208315849304,0.5031687021255493
Body,no_mask,34567,806,0.008059879637888234,0.2981927779641201,0.6665326356887817,0.42275774478912354,0.13208633661270142
Body,no_mask,34567,813,0.10336319779957868,0.24171422205828877,0.6948314309120178,0.5290245413780212,0.116840660572052
Body,no_mask,34567,816,0.0329274436094238,0.28035274604351096,0.6830458641052246,0.6518860459327698,0.35312482714653015
Body,no_mask,34567,822,0.2600704157196027,0.3684578277760819,0.6884070038795471,0.5066918730735779,0.1731681376695633
Body,no_mask,34567,826,0.3914763125421374,0.41174417603304103,0.7238124012947083,0.4666738510131836,0.14578446745872498
Body,no_mask,34567,847,0.31594829834709676,0.4135872179295732,0.6766771078109741,0.4790083169937134,0.00761459581553936
Body,no_mask,34567,876,0.07074380088987248,0.12257139319764726,0.7499054670333862,0.5658455491065979,0.032858364284038544
Body,no_mask,34567,891,0.03600179762319646,0.17662918237060013,0.6763088703155518,0.543515682220459,0.02383938804268837
Body,no_mask,34567,919,0.005745556131362525,0.16761405738001756,0.7555243372917175,0.5295116305351257,0.04694119468331337
Body,no_mask,34567,931,0.2267603298377475,0.2689563580376975,0.6413977146148682,0.820906937122345,0.6912712454795837
Body,no_mask,34567,933,-0.22244932948675478,0.2932083338712697,0.6206744313240051,0.3860623240470886,0.03241261839866638
Body,no_mask,34567,941,-0.28252757504807385,0.2599372344236261,0.6811640858650208,0.4932904839515686,0.09064017236232758
Body,no_mask,34567,960,0.19014703586126136,0.339216402788233,0.643257200717926,0.5771356821060181,-0.0013863667845726013
Body,no_mask,34567,968,0.2995623782168831,0.14289248248366393,0.6753823757171631,0.5236632227897644,0.14423078298568726
Body,no_mask,34567,989,-0.05295915112893201,0.4435939992904277,0.761430025100708,0.7193899750709534,0.560489296913147
Body,no_mask_repeat,34567,21,0.008636470791784166,0.28272175196249216,0.6885226964950562,0.4651954770088196,0.11137035489082336
Body,no_mask_repeat,34567,38,0.0716304554364295,0.26802089215483216,0.6663544178009033,0.7371595501899719,0.41214537620544434
Body,no_mask_repeat,34567,40,0.4447875792837692,0.7206424861402513,0.5588082075119019,0.779302179813385,0.5798676609992981
Body,no_mask_repeat,34567,59,0.12709720848946537,0.28817954164234305,0.632141649723053,0.7579442262649536,0.5525961518287659
Body,no_mask_repeat,34567,88,0.1374166995728046,0.2674686553229919,0.6927903294563293,0.35072124004364014,0.04324008524417877
Body,no_mask_repeat,34567,116,-0.05780422119555832,0.23232788882904964,0.7662174105644226,0.2656778395175934,0.07156184315681458
Body,no_mask_repeat,34567,133,-0.09290879521793001,0.5516388991416095,0.6987707018852234,0.42851319909095764,0.3061456084251404
Body,no_mask_repeat,34567,161,-0.17657330871314314,0.47832181651701305,0.6059693098068237,0.6541584730148315,0.7428233623504639
Body,no_mask_repeat,34567,170,0.0033290249134751513,0.28020008510775246,0.623814046382904,0.5565778613090515,0.1346570998430252
Body,no_mask_repeat,34567,179,-0.044027561832481486,0.23857470840863979,0.6557168364524841,0.6605005264282227,0.1779313087463379
Body,no_mask_repeat,34567,220,0.048252726504016755,0.35882692068304034,0.7304255962371826,0.4438226819038391,0.1783670037984848
Body,no_mask_repeat,34567,233,-0.07154044501519222,0.19673527477321562,0.6882297992706299,0.4898604452610016,0.14721499383449554
Body,no_mask_repeat,34567,257,0.054877107455889466,0.2981267860964125,0.6869672536849976,0.5618809461593628,0.046619001775979996
Body,no_mask_repeat,34567,290,-0.26134129670544837,0.23217075334542617,0.8207594156265259,0.57294762134552,0.3804219663143158
Body,no_mask_repeat,34567,331,0.28148568540976987,0.25377284520253285,0.7494157552719116,0.6177509427070618,0.0627041906118393
Body,no_mask_repeat,34567,339,0.09702414274263743,0.2872247550941451,0.6745808720588684,0.6784194707870483,0.340122789144516
Body,no_mask_repeat,34567,355,-0.045089561017431105,0.5998714896446639,0.7266886234283447,0.6553033590316772,0.6720914840698242
Body,no_mask_repeat,34567,366,0.2032100565514793,0.3186932489936426,0.7602540254592896,0.5768211483955383,0.12861938774585724
Body,no_mask_repeat,34567,474,0.1733577548564764,0.21648508682762999,0.645641028881073,0.4342700242996216,0.2561911344528198
Body,no_mask_repeat,34567,492,-0.013346647126331665,0.4609245927571133,0.7152025103569031,0.6986270546913147,0.3636937439441681
Body,no_mask_repeat,34567,527,-0.08754790556447255,0.2309328791077983,0.7684210538864136,0.6550806164741516,0.3004888892173767
Body,no_mask_repeat,34567,530,0.12481573480792751,0.4817173697348612,0.5838487148284912,0.6064479351043701,0.48764604330062866
Body,no_mask_repeat,34567,542,0.049326905068052644,0.3496435216415029,0.7187045216560364,0.5958930850028992,0.15313437581062317
Body,no_mask_repeat,34567,574,-0.03368031390340948,0.49496265518757965,0.6375983357429504,0.37824350595474243,0.14970722794532776
Body,no_mask_repeat,34567,597,0.09104991318486054,0.3173336219985339,0.7618575096130371,0.5016185641288757,0.08013273030519485
Body,no_mask_repeat,34567,619,0.006158806975715323,0.18046510681737257,0.7226614356040955,0.5741344690322876,0.03630474954843521
Body,no_mask_repeat,34567,656,-0.02257351807327569,0.21121980944910404,0.6650726795196533,0.6297111511230469,0.15268273651599884
Body,no_mask_repeat,34567,661,0.018139539032718043,0.2505001592234954,0.6624292135238647,0.6730101108551025,0.43177330493927
Body,no_mask_repeat,34567,664,0.030471683600078996,0.4092218565848967,0.7015507817268372,0.8426032066345215,0.7178186178207397
Body,no_mask_repeat,34567,698,-0.21415299051152822,0.22377085809046504,0.6977958679199219,0.4804684519767761,0.11924055963754654
Body,no_mask_repeat,34567,700,0.022214804895629135,0.31854741865275304,0.7885891199111938,0.40042591094970703,0.2879636585712433
Body,no_mask_repeat,34567,716,0.027763296230928724,0.2627934904157878,0.6789810657501221,0.5654770135879517,0.07531125098466873
Body,no_mask_repeat,34567,765,-0.12854613751500196,0.380613297323773,0.7113591432571411,0.6164294481277466,0.1395072191953659
Body,no_mask_repeat,34567,771,-0.08553300633272007,0.36546285280781293,0.7184182405471802,0.5877867937088013,0.2739963233470917
Body,no_mask_repeat,34567,786,-0.07412146329794986,0.06227542377791415,0.7517979145050049,0.7315208315849304,0.5031687021255493
Body,no_mask_repeat,34567,806,0.008059879637888234,0.2981927779641201,0.6665326356887817,0.42275774478912354,0.13208633661270142
Body,no_mask_repeat,34567,813,0.10336319779957868,0.24171422205828877,0.6948314309120178,0.5290245413780212,0.116840660572052
Body,no_mask_repeat,34567,816,0.0329274436094238,0.28035274604351096,0.6830458641052246,0.6518860459327698,0.35312482714653015
Body,no_mask_repeat,34567,822,0.2600704157196027,0.3684578277760819,0.6884070038795471,0.5066918730735779,0.1731681376695633
Body,no_mask_repeat,34567,826,0.3914763125421374,0.41174417603304103,0.7238124012947083,0.4666738510131836,0.14578446745872498
Body,no_mask_repeat,34567,847,0.31594829834709676,0.4135872179295732,0.6766771078109741,0.4790083169937134,0.00761459581553936
Body,no_mask_repeat,34567,876,0.07074380088987248,0.12257139319764726,0.7499054670333862,0.5658455491065979,0.032858364284038544
Body,no_mask_repeat,34567,891,0.03600179762319646,0.17662918237060013,0.6763088703155518,0.543515682220459,0.02383938804268837
Body,no_mask_repeat,34567,919,0.005745556131362525,0.16761405738001756,0.7555243372917175,0.5295116305351257,0.04694119468331337
Body,no_mask_repeat,34567,931,0.2267603298377475,0.2689563580376975,0.6413977146148682,0.820906937122345,0.6912712454795837
Body,no_mask_repeat,34567,933,-0.22244932948675478,0.2932083338712697,0.6206744313240051,0.3860623240470886,0.03241261839866638
Body,no_mask_repeat,34567,941,-0.28252757504807385,0.2599372344236261,0.6811640858650208,0.4932904839515686,0.09064017236232758
Body,no_mask_repeat,34567,960,0.19014703586126136,0.339216402788233,0.643257200717926,0.5771356821060181,-0.0013863667845726013
Body,no_mask_repeat,34567,968,0.2995623782168831,0.14289248248366393,0.6753823757171631,0.5236632227897644,0.14423078298568726
Body,no_mask_repeat,34567,989,-0.05295915112893201,0.4435939992904277,0.761430025100708,0.7193899750709534,0.560489296913147
