category,condition,seed,dataset_idx,pixel_corr,ssim,lpips,clip,dino
Face,Body_unrelated_equal4_mean,12345,1,-0.01032645651354778,0.21820447680059943,0.7036441564559937,0.6811003684997559,0.4352653920650482
Face,Body_unrelated_equal4_mean,12345,16,0.061613137456893584,0.18931751637981775,0.7094069123268127,0.3725232481956482,0.12337061762809753
Face,Body_unrelated_equal4_mean,12345,20,-0.07562060933310304,0.2581415979628775,0.6378514766693115,0.6443234086036682,0.4135573208332062
Face,Body_unrelated_equal4_mean,12345,51,-0.004576172254200376,0.2734375590715137,0.7904097437858582,0.4341292679309845,0.05516739934682846
Face,Body_unrelated_equal4_mean,12345,77,-0.10213716333586664,0.23387470462125104,0.7035567760467529,0.5059041976928711,-0.0029452480375766754
Face,Body_unrelated_equal4_mean,12345,135,0.04220207847698202,0.2939717157486933,0.7494766116142273,0.48363661766052246,0.18681153655052185
Face,Body_unrelated_equal4_mean,12345,158,-0.13794981804167453,0.25005492642115074,0.781381368637085,0.45661112666130066,0.19884739816188812
Face,Body_unrelated_equal4_mean,12345,177,0.26983707426065123,0.3044995883775001,0.6283085346221924,0.6451790928840637,0.24647250771522522
Face,Body_unrelated_equal4_mean,12345,188,0.13268917055413834,0.4870625318186452,0.7090888023376465,0.47358086705207825,0.010881507769227028
Face,Body_unrelated_equal4_mean,12345,218,0.13724404599854859,0.12833694676971608,0.6937292218208313,0.5941107869148254,0.4784228801727295
Face,Body_unrelated_equal4_mean,12345,287,0.035855419783208185,0.35297018731148416,0.7341105341911316,0.495088130235672,0.1839127391576767
Face,Body_unrelated_equal4_mean,12345,292,0.17075313386609456,0.3178346394894489,0.6814098358154297,0.48009994626045227,0.271061509847641
Face,Body_unrelated_equal4_mean,12345,295,-0.17702527732574408,0.4759518641841216,0.6252779960632324,0.27887725830078125,-0.015533621422946453
Face,Body_unrelated_equal4_mean,12345,340,-0.04457742140009034,0.19902145254618328,0.6592110395431519,0.4452170729637146,0.3503415286540985
Face,Body_unrelated_equal4_mean,12345,375,0.06994961939025197,0.11852904737587476,0.7175261974334717,0.4917173385620117,0.06188756600022316
Face,Body_unrelated_equal4_mean,12345,384,0.19089008032182117,0.3255200857992962,0.7840814590454102,0.6736243963241577,0.3377552926540375
Face,Body_unrelated_equal4_mean,12345,415,-0.07092506196226019,0.5310913572875771,0.6591772437095642,0.5484523773193359,0.18113580346107483
Face,Body_unrelated_equal4_mean,12345,434,0.18291716925159837,0.2748666330303452,0.7353101968765259,0.5193135738372803,0.18373902142047882
Face,Body_unrelated_equal4_mean,12345,465,-0.13985649270693223,0.23187394754840143,0.6903324127197266,0.3571892976760864,0.22610455751419067
Face,Body_unrelated_equal4_mean,12345,498,0.029386442229311922,0.43063272612870435,0.6909501552581787,0.7394046187400818,0.7778494358062744
Face,Body_unrelated_equal4_mean,12345,507,0.1997657402258773,0.36801214851476,0.6621341705322266,0.4796276390552521,0.17528675496578217
Face,Body_unrelated_equal4_mean,12345,529,0.05971498966665167,0.4107017584843525,0.6691676378250122,0.6142095327377319,0.25740283727645874
Face,Body_unrelated_equal4_mean,12345,561,0.13463100907749792,0.1538438053786745,0.6523774862289429,0.4210270047187805,0.16321523487567902
Face,Body_unrelated_equal4_mean,12345,588,0.09017174258961225,0.18067292928011208,0.697172224521637,0.547056257724762,0.11237422376871109
Face,Body_unrelated_equal4_mean,12345,606,-0.019994306554260283,0.2878263359547389,0.679378867149353,0.45910632610321045,0.08436085283756256
Face,Body_unrelated_equal4_mean,12345,678,-0.041634921397072096,0.2485281548016417,0.6965265274047852,0.5907868146896362,0.15342934429645538
Face,Body_unrelated_equal4_mean,12345,708,0.23759938974023032,0.3252419368821397,0.8065605163574219,0.5743880271911621,0.2201833724975586
Face,Body_unrelated_equal4_mean,12345,756,-0.11302540161920117,0.4500910286984809,0.7411273121833801,0.7024124264717102,0.2993625998497009
Face,Body_unrelated_equal4_mean,12345,762,0.014948088589825305,0.16757087267860252,0.6572879552841187,0.7042293548583984,0.3308044373989105
Face,Body_unrelated_equal4_mean,12345,781,0.0024291925018531304,0.40061079090316154,0.6584280133247375,0.6901196241378784,0.3309195041656494
Face,Body_unrelated_equal4_mean,12345,789,0.1253278903739222,0.223398555800704,0.6831609606742859,0.5166947245597839,0.09718756377696991
Face,Body_unrelated_equal4_mean,12345,817,-0.30951714029747296,0.2589851265807473,0.7748015522956848,0.6124453544616699,0.5586471557617188
Face,Body_unrelated_equal4_mean,12345,820,-0.021519085105536805,0.2194207809924741,0.696652889251709,0.5223178863525391,0.15092189610004425
Face,Body_unrelated_equal4_mean,12345,838,0.15895460722604585,0.3721600287425757,0.664965808391571,0.46036800742149353,0.059872377663850784
Face,Body_unrelated_equal4_mean,12345,877,-0.01734192433928023,0.19757138223778584,0.7747122049331665,0.605268120765686,0.6992533206939697
Face,Body_unrelated_equal4_mean,12345,887,0.04385852297686829,0.19629398051646277,0.6555125713348389,0.5577065348625183,0.27365997433662415
Face,Body_unrelated_equal4_mean,12345,973,-0.06306790664611867,0.3706459649921555,0.7408263087272644,0.5446893572807312,0.26803290843963623
Face,Face_full_mean,12345,1,-0.0434672247861863,0.21357802012459887,0.7208386659622192,0.5710133910179138,0.32840496301651
Face,Face_full_mean,12345,16,0.07723849007768752,0.1929547251990698,0.6964817047119141,0.3881230354309082,0.15347765386104584
Face,Face_full_mean,12345,20,-0.08466608703596343,0.2437561904809712,0.631345808506012,0.692276656627655,0.3775443434715271
Face,Face_full_mean,12345,51,-0.0008526670673383915,0.2665316161857421,0.7799858450889587,0.40665295720100403,0.037066392600536346
Face,Face_full_mean,12345,77,-0.12118658680685888,0.23090828279690198,0.721630334854126,0.5464946031570435,0.038080040365457535
Face,Face_full_mean,12345,135,0.010871850199278908,0.3387002288794085,0.6846446990966797,0.5334687232971191,0.24722391366958618
Face,Face_full_mean,12345,158,-0.17368017189873813,0.2208327914741584,0.7718361616134644,0.4134334325790405,0.141388401389122
Face,Face_full_mean,12345,177,0.030933143012474875,0.3127908015892824,0.6702103018760681,0.6083082556724548,0.20413315296173096
Face,Face_full_mean,12345,188,0.13095596438252388,0.485561485662838,0.7272160053253174,0.4294252395629883,0.005995342507958412
Face,Face_full_mean,12345,218,0.10950983621168923,0.13026054935387724,0.6956223845481873,0.5452994108200073,0.4192773103713989
Face,Face_full_mean,12345,287,0.05034493295868015,0.35825076837874453,0.7246325016021729,0.4976150095462799,0.1376868337392807
Face,Face_full_mean,12345,292,0.161250252171405,0.3221781955417442,0.6860053539276123,0.46960222721099854,0.14019763469696045
Face,Face_full_mean,12345,295,-0.1826922328645218,0.4763796350545534,0.634653627872467,0.26634278893470764,0.005716400686651468
Face,Face_full_mean,12345,340,-0.055294089478733315,0.22010692519830463,0.6704300045967102,0.523997962474823,0.26526015996932983
Face,Face_full_mean,12345,375,0.06751173787120672,0.12016777680747416,0.6932810544967651,0.5317848920822144,0.02696540206670761
Face,Face_full_mean,12345,384,0.19602757188907244,0.3265959256696137,0.7869020700454712,0.6700856685638428,0.3547767102718353
Face,Face_full_mean,12345,415,-0.0968839359354801,0.5376330881383393,0.6504877209663391,0.5386171936988831,0.2429235875606537
Face,Face_full_mean,12345,434,0.2065608817157804,0.2768431820979058,0.7109355926513672,0.5594882369041443,0.19465912878513336
Face,Face_full_mean,12345,465,-0.13081975193070947,0.236011079933342,0.6966612935066223,0.42064523696899414,0.20173127949237823
Face,Face_full_mean,12345,498,0.04443465727039531,0.4332925704490548,0.7319883704185486,0.7586833238601685,0.8340634703636169
Face,Face_full_mean,12345,507,0.18904708762519257,0.4025904826647335,0.6585158109664917,0.5336089730262756,0.17128220200538635
Face,Face_full_mean,12345,529,0.03506362737952926,0.4240288470218234,0.6741673350334167,0.6241698861122131,0.23413045704364777
Face,Face_full_mean,12345,561,0.12219978500377922,0.15820024778384345,0.6546236872673035,0.36679744720458984,0.14675453305244446
Face,Face_full_mean,12345,588,0.11557010267940197,0.17654431291286046,0.7194079756736755,0.5208219289779663,0.03378322347998619
Face,Face_full_mean,12345,606,-0.01618220919980029,0.2997505019230508,0.6793299317359924,0.3994390368461609,0.024159764871001244
Face,Face_full_mean,12345,678,-0.04992702254004846,0.25806370181103827,0.6987826824188232,0.5938095450401306,0.08686614036560059
Face,Face_full_mean,12345,708,0.21620334288610374,0.3286008961006273,0.8013328909873962,0.583881676197052,0.1895187497138977
Face,Face_full_mean,12345,756,-0.11929986430619614,0.43869675791605844,0.7368431091308594,0.6228634119033813,0.38821107149124146
Face,Face_full_mean,12345,762,0.032144071323926146,0.17262725567732295,0.6736948490142822,0.6336606740951538,0.4235082268714905
Face,Face_full_mean,12345,781,0.0011466228632083697,0.3970448882304001,0.6459342837333679,0.7322779893875122,0.32926222681999207
Face,Face_full_mean,12345,789,0.14090948900513853,0.2291334815628003,0.6770800948143005,0.5110636353492737,0.0888046845793724
Face,Face_full_mean,12345,817,-0.3166067403215787,0.2689482047921827,0.7952151298522949,0.633486270904541,0.5096137523651123
Face,Face_full_mean,12345,820,-0.03551272223397413,0.19596996909532483,0.7000841498374939,0.41493284702301025,0.13938337564468384
Face,Face_full_mean,12345,838,0.17028891817126363,0.38130431298288064,0.6878446340560913,0.5145677924156189,0.15095944702625275
Face,Face_full_mean,12345,877,-0.041222956765070456,0.17872408341749688,0.7469611763954163,0.7670234441757202,0.7994222044944763
Face,Face_full_mean,12345,887,0.04324124736050427,0.2124108627951356,0.6559743285179138,0.5581903457641602,0.2988937199115753
Face,Face_full_mean,12345,973,-0.0715910020271136,0.3662513096775326,0.7446771860122681,0.5389006733894348,0.26758313179016113
Face,Face_random_full_01_mean,12345,1,-0.04214948940427571,0.22213948037463646,0.7219988703727722,0.5216558575630188,0.26526951789855957
Face,Face_random_full_01_mean,12345,16,0.06985378340045263,0.1988839470430422,0.7083930969238281,0.37703680992126465,0.1536763459444046
Face,Face_random_full_01_mean,12345,20,-0.0820460615645217,0.23280283696193907,0.6317870616912842,0.6882554292678833,0.3552912473678589
Face,Face_random_full_01_mean,12345,51,-0.002822144369262563,0.26566650353364046,0.7795872092247009,0.40660080313682556,0.04471895098686218
Face,Face_random_full_01_mean,12345,77,-0.11385092549297983,0.22399344199343338,0.7243146300315857,0.53752601146698,0.027360644191503525
Face,Face_random_full_01_mean,12345,135,0.22304036966686835,0.3492011929110139,0.6973356604576111,0.47734227776527405,0.2055913209915161
Face,Face_random_full_01_mean,12345,158,-0.13819596291535255,0.23473424091610207,0.7785648107528687,0.4005420207977295,0.17448417842388153
Face,Face_random_full_01_mean,12345,177,0.08559069471247865,0.3353003057343527,0.699232816696167,0.6492012739181519,0.2390548586845398
Face,Face_random_full_01_mean,12345,188,0.11839746946851787,0.4850913304058158,0.7300959825515747,0.43759685754776,0.03586617112159729
Face,Face_random_full_01_mean,12345,218,0.10191473962222258,0.12975835687254839,0.7107976675033569,0.5850971937179565,0.4282093346118927
Face,Face_random_full_01_mean,12345,287,0.046449308442652576,0.35808806944807225,0.727217972278595,0.49292153120040894,0.13889490067958832
Face,Face_random_full_01_mean,12345,292,0.17431565596123297,0.3106264121142565,0.665205180644989,0.5219489336013794,0.3077394366264343
Face,Face_random_full_01_mean,12345,295,-0.17787367136462792,0.47822688487396675,0.6340215802192688,0.29957056045532227,0.010654394514858723
Face,Face_random_full_01_mean,12345,340,-0.06280967826866074,0.21998846862441016,0.670653223991394,0.4598524868488312,0.2803456783294678
Face,Face_random_full_01_mean,12345,375,0.0666599738968115,0.12020902841160609,0.6982300877571106,0.5208826661109924,0.030075091868638992
Face,Face_random_full_01_mean,12345,384,0.19377601570031602,0.3266320920080068,0.7882664203643799,0.6718916296958923,0.3724994361400604
Face,Face_random_full_01_mean,12345,415,-0.09960750103590975,0.5372987833281307,0.6402766108512878,0.595747709274292,0.2315315455198288
Face,Face_random_full_01_mean,12345,434,0.20827718517327742,0.27526963596154624,0.708389401435852,0.5572335720062256,0.1768326759338379
Face,Face_random_full_01_mean,12345,465,-0.14088767875343788,0.23107572199291146,0.6952127814292908,0.42831212282180786,0.1796887069940567
Face,Face_random_full_01_mean,12345,498,0.043303989059429136,0.4374862936779888,0.7165326476097107,0.7544761896133423,0.8179307579994202
Face,Face_random_full_01_mean,12345,507,0.18357798656404456,0.4097453151299622,0.661175012588501,0.5418939590454102,0.18157850205898285
Face,Face_random_full_01_mean,12345,529,0.03422908283554533,0.4209304457884195,0.6687031984329224,0.6274857521057129,0.2512882947921753
Face,Face_random_full_01_mean,12345,561,0.14020296428475593,0.16643796165598,0.6747604012489319,0.5202372074127197,0.30075234174728394
Face,Face_random_full_01_mean,12345,588,0.13904144589026188,0.19282915702818573,0.7070184350013733,0.5145921111106873,0.0745331197977066
Face,Face_random_full_01_mean,12345,606,0.017612488528976827,0.29590791614604567,0.6840064525604248,0.4232300817966461,0.030129678547382355
Face,Face_random_full_01_mean,12345,678,-0.044585886149680815,0.2609315701571245,0.695542573928833,0.6091748476028442,0.1529272496700287
Face,Face_random_full_01_mean,12345,708,0.24068020001023083,0.3331678369714571,0.7913383841514587,0.6073476076126099,0.2166619449853897
Face,Face_random_full_01_mean,12345,756,-0.11388199186647048,0.43995567188004503,0.7225387692451477,0.616856575012207,0.4156224727630615
Face,Face_random_full_01_mean,12345,762,0.032642348494853396,0.1706073243777049,0.6705744862556458,0.6238899230957031,0.3928753733634949
Face,Face_random_full_01_mean,12345,781,0.014031855153375844,0.3975618570025145,0.665685772895813,0.7155954241752625,0.2811186909675598
Face,Face_random_full_01_mean,12345,789,0.14246102557764886,0.23034619251328783,0.678037166595459,0.485099196434021,0.10372503846883774
Face,Face_random_full_01_mean,12345,817,-0.32233054964888624,0.2705314241295551,0.7958909273147583,0.6531418561935425,0.5193641185760498
Face,Face_random_full_01_mean,12345,820,-0.04507647422907781,0.200078492635283,0.704427182674408,0.43372011184692383,0.12018103152513504
Face,Face_random_full_01_mean,12345,838,0.1719877634610242,0.381559760154529,0.6872483491897583,0.5223255753517151,0.13885459303855896
Face,Face_random_full_01_mean,12345,877,-0.04569047617629815,0.18753620670483523,0.7572243213653564,0.6965283751487732,0.8028141260147095
Face,Face_random_full_01_mean,12345,887,0.013481102959350878,0.1944585542897584,0.6676592230796814,0.5524626970291138,0.37661972641944885
Face,Face_random_full_01_mean,12345,973,-0.06433651379027522,0.3777593222466614,0.7441238760948181,0.5512821674346924,0.2524234652519226
Face,Face_random_full_02_mean,12345,1,-0.044033320148666316,0.21182220909814353,0.7219066619873047,0.5580207109451294,0.33723127841949463
Face,Face_random_full_02_mean,12345,16,0.08047135557718266,0.20013169133663478,0.7093884944915771,0.3320680260658264,0.04449634253978729
Face,Face_random_full_02_mean,12345,20,-0.07703281928259585,0.25989273874217583,0.6322759389877319,0.6646174788475037,0.3236261308193207
Face,Face_random_full_02_mean,12345,51,-0.014460154152587789,0.27309826467344084,0.7840970754623413,0.44449901580810547,0.03853996843099594
Face,Face_random_full_02_mean,12345,77,-0.11711895022116774,0.22382744664543902,0.7216367125511169,0.5397644639015198,0.05837694928050041
Face,Face_random_full_02_mean,12345,135,0.07737265865685226,0.34529620075160017,0.6859010457992554,0.6070606708526611,0.3737469017505646
Face,Face_random_full_02_mean,12345,158,-0.15170713837301522,0.24177708376747853,0.7762080430984497,0.4611242711544037,0.14554409682750702
Face,Face_random_full_02_mean,12345,177,0.034901382491225,0.3162962004115627,0.6743110418319702,0.6092312932014465,0.17716994881629944
Face,Face_random_full_02_mean,12345,188,0.11819918969409456,0.4834533281247521,0.7374522686004639,0.4582151174545288,-0.011453688144683838
Face,Face_random_full_02_mean,12345,218,0.12558175778146743,0.13610663700875278,0.6978672742843628,0.5650069713592529,0.37779662013053894
Face,Face_random_full_02_mean,12345,287,0.05149710239554086,0.3525253617787444,0.729729175567627,0.4461589455604553,0.1896851807832718
Face,Face_random_full_02_mean,12345,292,0.14826919725806006,0.33003379612661315,0.6949337124824524,0.48029688000679016,0.08930736035108566
Face,Face_random_full_02_mean,12345,295,-0.20921021917145988,0.48941172996463467,0.6815800666809082,0.3303947150707245,0.0863393023610115
Face,Face_random_full_02_mean,12345,340,-0.06917811443713658,0.22509320506511052,0.6789966225624084,0.5207123756408691,0.31917455792427063
Face,Face_random_full_02_mean,12345,375,0.07730424232799654,0.11925850146009283,0.6978745460510254,0.5260305404663086,0.04299052059650421
Face,Face_random_full_02_mean,12345,384,0.19550163077383936,0.32635152268623185,0.7841920852661133,0.6684687733650208,0.38243627548217773
Face,Face_random_full_02_mean,12345,415,-0.09795751389212674,0.5374499676916591,0.632908046245575,0.5866913795471191,0.24342386424541473
Face,Face_random_full_02_mean,12345,434,0.20925633025624404,0.27540937138250554,0.7204054594039917,0.5628894567489624,0.20230571925640106
Face,Face_random_full_02_mean,12345,465,-0.13852212911525738,0.2393193447003333,0.6950987577438354,0.42846885323524475,0.22297722101211548
Face,Face_random_full_02_mean,12345,498,0.046232506875956564,0.42959164856379073,0.7236505746841431,0.7503594160079956,0.8181543946266174
Face,Face_random_full_02_mean,12345,507,0.2367703013289751,0.4084816793018494,0.6774086356163025,0.5004078149795532,0.1954805552959442
Face,Face_random_full_02_mean,12345,529,0.038618406117328426,0.4318599185737338,0.6750315427780151,0.6079978942871094,0.25146183371543884
Face,Face_random_full_02_mean,12345,561,0.12831660879875373,0.15432743295523274,0.6502968072891235,0.40583768486976624,0.040356140583753586
Face,Face_random_full_02_mean,12345,588,0.13168465859186448,0.17998627705337683,0.7109450101852417,0.5485249161720276,0.07226070761680603
Face,Face_random_full_02_mean,12345,606,-0.010978560744310535,0.2973482826065743,0.6830897927284241,0.3966446816921234,0.017379485070705414
Face,Face_random_full_02_mean,12345,678,-0.046276745169079286,0.2578533015056983,0.6930068731307983,0.5655298233032227,0.16240185499191284
Face,Face_random_full_02_mean,12345,708,0.23573908789643638,0.3315192712511414,0.7871552109718323,0.6290123462677002,0.20714056491851807
Face,Face_random_full_02_mean,12345,756,-0.11175159682022895,0.4459320807946365,0.737001895904541,0.6551108360290527,0.32624611258506775
Face,Face_random_full_02_mean,12345,762,0.03592419962234051,0.16751544808690932,0.6620824337005615,0.617088258266449,0.41029027104377747
Face,Face_random_full_02_mean,12345,781,-0.012799086461957597,0.3936177782658705,0.6366250514984131,0.7006828188896179,0.2837977707386017
Face,Face_random_full_02_mean,12345,789,0.141171904848627,0.23006692139155363,0.6785610914230347,0.5047059655189514,0.0852760598063469
Face,Face_random_full_02_mean,12345,817,-0.3238539146015751,0.26801533663067706,0.7913426160812378,0.6441406011581421,0.5585992932319641
Face,Face_random_full_02_mean,12345,820,-0.05575967057966755,0.2331989782064844,0.6870619058609009,0.46176257729530334,0.1701248437166214
Face,Face_random_full_02_mean,12345,838,0.17527562677427086,0.37926947791331567,0.6770332455635071,0.49569883942604065,0.05876960605382919
Face,Face_random_full_02_mean,12345,877,-0.038524035556737085,0.1758478556561755,0.7262135744094849,0.6870615482330322,0.8242781162261963
Face,Face_random_full_02_mean,12345,887,0.04499178394012435,0.20943328758773763,0.6677640676498413,0.5773532390594482,0.28110289573669434
Face,Face_random_full_02_mean,12345,973,-0.06978794032813551,0.34935757219058605,0.7388824224472046,0.5834793448448181,0.35681965947151184
Face,Face_random_full_03_mean,12345,1,-0.04096510415497567,0.22255709416098515,0.7132477164268494,0.4996853768825531,0.2606913447380066
Face,Face_random_full_03_mean,12345,16,0.07670161053610636,0.19630104487718497,0.7091220617294312,0.3985106647014618,0.12345346808433533
Face,Face_random_full_03_mean,12345,20,-0.07907638433799359,0.24446505963728224,0.6361693739891052,0.7112120389938354,0.3477647304534912
Face,Face_random_full_03_mean,12345,51,-0.005190289384239309,0.26211786573782936,0.7737927436828613,0.4178146421909332,0.04865541309118271
Face,Face_random_full_03_mean,12345,77,-0.11801634964490514,0.23297984963420937,0.7149339318275452,0.5529974699020386,0.0352780744433403
Face,Face_random_full_03_mean,12345,135,0.07149495684998183,0.34634847456137796,0.673839807510376,0.6225152611732483,0.26099324226379395
Face,Face_random_full_03_mean,12345,158,-0.14029848841159714,0.2225126873737116,0.7738495469093323,0.4358639121055603,0.16875435411930084
Face,Face_random_full_03_mean,12345,177,0.028952413402079775,0.3051303931766712,0.6667060256004333,0.6171644330024719,0.19481778144836426
Face,Face_random_full_03_mean,12345,188,0.13874190259221342,0.4829302230230762,0.7330321073532104,0.5412346720695496,0.037969641387462616
Face,Face_random_full_03_mean,12345,218,0.10983468564606078,0.13107401150900488,0.6960139870643616,0.5485691428184509,0.36478736996650696
Face,Face_random_full_03_mean,12345,287,0.049564919639523766,0.3580101860668475,0.725766122341156,0.48900195956230164,0.12492357939481735
Face,Face_random_full_03_mean,12345,292,0.17335062895783046,0.3320407121129565,0.6749862432479858,0.4977115988731384,0.2391430139541626
Face,Face_random_full_03_mean,12345,295,-0.18483145550300129,0.48476340085293074,0.635366678237915,0.2939443290233612,-0.018720027059316635
Face,Face_random_full_03_mean,12345,340,-0.057119963914924105,0.21985030814301915,0.6685059666633606,0.4931122958660126,0.31673580408096313
Face,Face_random_full_03_mean,12345,375,0.027337859313779165,0.11761208512662483,0.7173970937728882,0.4826221764087677,0.021873462945222855
Face,Face_random_full_03_mean,12345,384,0.19696711601834974,0.32620173592391505,0.7848514318466187,0.6671555638313293,0.3795429766178131
Face,Face_random_full_03_mean,12345,415,-0.09378964639559552,0.5370106708330038,0.6499923467636108,0.5471875667572021,0.1975536197423935
Face,Face_random_full_03_mean,12345,434,0.20699416985312433,0.2745078549099389,0.7091241478919983,0.5617349147796631,0.17842428386211395
Face,Face_random_full_03_mean,12345,465,-0.10684110154704553,0.23142424871497125,0.7016180753707886,0.43406763672828674,0.16745612025260925
Face,Face_random_full_03_mean,12345,498,0.05682283060265184,0.44121869975771727,0.7295910716056824,0.7738137245178223,0.809521496295929
Face,Face_random_full_03_mean,12345,507,0.19446403874143248,0.3989363255650644,0.6662647128105164,0.4813871383666992,0.18469104170799255
Face,Face_random_full_03_mean,12345,529,0.036949802015497336,0.42531292465999065,0.6810869574546814,0.5959857702255249,0.22791582345962524
Face,Face_random_full_03_mean,12345,561,0.1116614005787495,0.15718287700234168,0.6645857095718384,0.34128832817077637,0.07508933544158936
Face,Face_random_full_03_mean,12345,588,0.12304561401604348,0.17736687616382202,0.7144815921783447,0.5324839949607849,0.02371126413345337
Face,Face_random_full_03_mean,12345,606,-0.006419647833062001,0.30624122904400913,0.6734723448753357,0.3956422805786133,0.059040144085884094
Face,Face_random_full_03_mean,12345,678,-0.05385945798643007,0.2554184873876696,0.7001441717147827,0.5952925682067871,0.11798417568206787
Face,Face_random_full_03_mean,12345,708,0.22308959169581738,0.32852398049273834,0.7940709590911865,0.5968138575553894,0.18639402091503143
Face,Face_random_full_03_mean,12345,756,-0.11757106849095561,0.4448913840318194,0.7368364334106445,0.639884352684021,0.3050050735473633
Face,Face_random_full_03_mean,12345,762,0.03247570057018474,0.17185434038367592,0.6690251231193542,0.5944424271583557,0.3744572401046753
Face,Face_random_full_03_mean,12345,781,0.010731889734764693,0.39911254466074375,0.6420098543167114,0.7117607593536377,0.33473771810531616
Face,Face_random_full_03_mean,12345,789,0.13740312401271676,0.22770835797563801,0.6788821220397949,0.4874102473258972,0.0888001024723053
Face,Face_random_full_03_mean,12345,817,-0.3182125929329368,0.26851777096072194,0.7959347367286682,0.6330598592758179,0.47500377893447876
Face,Face_random_full_03_mean,12345,820,-0.053190923045338116,0.2354437490053586,0.7038324475288391,0.48697683215141296,0.21206152439117432
Face,Face_random_full_03_mean,12345,838,0.16739273018294284,0.37906287627431823,0.673197865486145,0.5095620155334473,0.10893204808235168
Face,Face_random_full_03_mean,12345,877,-0.05645937622985515,0.18099795624390355,0.7470337152481079,0.7044945359230042,0.7783582210540771
Face,Face_random_full_03_mean,12345,887,0.03339260566140003,0.20658791458076065,0.6559360027313232,0.5365432500839233,0.31348249316215515
Face,Face_random_full_03_mean,12345,973,-0.07350616794934339,0.36685155380637563,0.7448276281356812,0.544421374797821,0.27050551772117615
Face,Face_random_full_04_mean,12345,1,-0.050041977941725546,0.2096041695285088,0.7134098410606384,0.6013754606246948,0.38987642526626587
Face,Face_random_full_04_mean,12345,16,0.07082826531142586,0.20165753265241293,0.7043269276618958,0.41650325059890747,0.15054196119308472
Face,Face_random_full_04_mean,12345,20,-0.08180053997234533,0.23679755652246695,0.6294969916343689,0.6599489450454712,0.15804482996463776
Face,Face_random_full_04_mean,12345,51,-0.0009371583146917661,0.26746647019465336,0.7819262742996216,0.4092027544975281,0.03767186403274536
Face,Face_random_full_04_mean,12345,77,-0.1214818332823258,0.22670629027242925,0.7157479524612427,0.5433381795883179,0.0424179807305336
Face,Face_random_full_04_mean,12345,135,0.06809923621087222,0.34783212542169795,0.6771132946014404,0.6142679452896118,0.28940388560295105
Face,Face_random_full_04_mean,12345,158,-0.17469510305550925,0.24299425956516454,0.7775580883026123,0.40970608592033386,0.15663665533065796
Face,Face_random_full_04_mean,12345,177,0.28351916934182864,0.33025261006985235,0.6223609447479248,0.6752132177352905,0.335385799407959
Face,Face_random_full_04_mean,12345,188,0.1160549912635985,0.48513146318751954,0.7301380038261414,0.43111956119537354,0.003635382279753685
Face,Face_random_full_04_mean,12345,218,0.11453914861607331,0.14639651325726885,0.7174578905105591,0.48134472966194153,0.23017491400241852
Face,Face_random_full_04_mean,12345,287,0.049031489647797584,0.3576889619679749,0.7249100208282471,0.49546676874160767,0.1381153017282486
Face,Face_random_full_04_mean,12345,292,0.1754781683062013,0.31819250170775837,0.6747804284095764,0.46956172585487366,0.22807079553604126
Face,Face_random_full_04_mean,12345,295,-0.23712816417231364,0.4922329895582486,0.680018424987793,0.3045191466808319,0.026367442682385445
Face,Face_random_full_04_mean,12345,340,-0.053474632712620214,0.21858342803115494,0.6730735301971436,0.4836287498474121,0.2910282015800476
Face,Face_random_full_04_mean,12345,375,0.06789686934436316,0.12009327401016333,0.6939675211906433,0.5360490083694458,0.018150828778743744
Face,Face_random_full_04_mean,12345,384,0.19394281979754607,0.3264946067146241,0.7855111360549927,0.6696698665618896,0.38904765248298645
Face,Face_random_full_04_mean,12345,415,-0.09092360098361556,0.5357222437598975,0.6478108167648315,0.5728558897972107,0.23133698105812073
Face,Face_random_full_04_mean,12345,434,0.20687716681590004,0.2742376042281982,0.7095484137535095,0.5595250725746155,0.18600434064865112
Face,Face_random_full_04_mean,12345,465,-0.11649931019827005,0.23707450331402025,0.6919573545455933,0.45511162281036377,0.24382533133029938
Face,Face_random_full_04_mean,12345,498,0.04877456571359986,0.43375991131161934,0.7305017709732056,0.7486009001731873,0.8059826493263245
Face,Face_random_full_04_mean,12345,507,0.19341620682911959,0.41035048188630635,0.6560457348823547,0.5875784754753113,0.17592830955982208
Face,Face_random_full_04_mean,12345,529,0.03340045408168839,0.42566258021079,0.6781706213951111,0.6090853214263916,0.26050522923469543
Face,Face_random_full_04_mean,12345,561,0.12535025704302719,0.15071799028129249,0.6578510403633118,0.3804711103439331,0.06149779260158539
Face,Face_random_full_04_mean,12345,588,0.1184253476165969,0.17744763193145524,0.7227393388748169,0.5108081102371216,0.019369052723050117
Face,Face_random_full_04_mean,12345,606,-0.009434231527009443,0.3007180329602111,0.6789331436157227,0.4054010510444641,0.014679506421089172
Face,Face_random_full_04_mean,12345,678,-0.05601992480161144,0.2612611764767183,0.6940550804138184,0.5807300209999084,0.12171056866645813
Face,Face_random_full_04_mean,12345,708,0.22059742289901865,0.32859862586482014,0.8110783100128174,0.650510847568512,0.18153253197669983
Face,Face_random_full_04_mean,12345,756,-0.10018823557298956,0.4402470517396424,0.7255241870880127,0.7432096600532532,0.425913542509079
Face,Face_random_full_04_mean,12345,762,0.033511180518105345,0.173753844183593,0.6738605499267578,0.6545149087905884,0.42903605103492737
Face,Face_random_full_04_mean,12345,781,-0.0009439605746458686,0.3960528343235,0.6473237872123718,0.7143133878707886,0.3348783552646637
Face,Face_random_full_04_mean,12345,789,0.14059623061502569,0.22517575126981065,0.6979306936264038,0.4961906671524048,0.10005665570497513
Face,Face_random_full_04_mean,12345,817,-0.32378525399984737,0.27013680472676566,0.7978069186210632,0.6412379741668701,0.4841803312301636
Face,Face_random_full_04_mean,12345,820,-0.05259183395776575,0.22761924859620225,0.6831055879592896,0.5288376808166504,0.15831539034843445
Face,Face_random_full_04_mean,12345,838,0.17206101061996942,0.38188812590366983,0.6855127811431885,0.5280530452728271,0.13109630346298218
Face,Face_random_full_04_mean,12345,877,-0.03838430792439255,0.18302792291553346,0.7516402006149292,0.6779090166091919,0.7999027967453003
Face,Face_random_full_04_mean,12345,887,0.04331149316271603,0.215753141722691,0.6600642204284668,0.5594687461853027,0.314578652381897
Face,Face_random_full_04_mean,12345,973,-0.07988210215631508,0.3761692854840561,0.7457605600357056,0.5964817404747009,0.2817940413951874
Face,Face_random_full_05_mean,12345,1,-0.050787444021093205,0.2132519509236408,0.7078043222427368,0.5866041779518127,0.2906079888343811
Face,Face_random_full_05_mean,12345,16,0.06625645442667673,0.20345864197124128,0.7079846262931824,0.3901154100894928,0.199048712849617
Face,Face_random_full_05_mean,12345,20,-0.0889336564967256,0.23931981653070408,0.6329808831214905,0.6984090209007263,0.30663833022117615
Face,Face_random_full_05_mean,12345,51,-0.004925663139011797,0.2727290447131576,0.7767859697341919,0.36084848642349243,0.053941670805215836
Face,Face_random_full_05_mean,12345,77,-0.12045673387131552,0.22625376466430247,0.7198874950408936,0.5306095480918884,0.032974183559417725
Face,Face_random_full_05_mean,12345,135,0.04325519914246369,0.35912877497193924,0.676387369632721,0.5171793699264526,0.23367176949977875
Face,Face_random_full_05_mean,12345,158,-0.1770073442392167,0.21609579810813706,0.7739170789718628,0.4182654321193695,0.18126340210437775
Face,Face_random_full_05_mean,12345,177,0.028741148117023232,0.3101063393943428,0.6688962578773499,0.6099501848220825,0.22461263835430145
Face,Face_random_full_05_mean,12345,188,0.15903286110201323,0.4895193247811087,0.7403889894485474,0.480604887008667,-0.028539540246129036
Face,Face_random_full_05_mean,12345,218,0.11033622844362652,0.1318961946051365,0.6968741416931152,0.6101653575897217,0.42711392045021057
Face,Face_random_full_05_mean,12345,287,0.04436832366160482,0.35808120853999764,0.7267026305198669,0.48754122853279114,0.12859214842319489
Face,Face_random_full_05_mean,12345,292,0.15016505757288678,0.3110765650604288,0.6771702766418457,0.385111927986145,0.21107657253742218
Face,Face_random_full_05_mean,12345,295,-0.17602304685344394,0.47851663931367816,0.6280401945114136,0.3221156597137451,0.0011334437876939774
Face,Face_random_full_05_mean,12345,340,-0.05659564703383787,0.2209123744131267,0.6704073548316956,0.508830726146698,0.29601284861564636
Face,Face_random_full_05_mean,12345,375,0.027149308035952967,0.11832784397938773,0.7130423784255981,0.5001680850982666,0.03605068475008011
Face,Face_random_full_05_mean,12345,384,0.19177406425632623,0.3225156362330379,0.7969714999198914,0.7090993523597717,0.3621050715446472
Face,Face_random_full_05_mean,12345,415,-0.09340209091426714,0.5349133592412026,0.6573517918586731,0.5421461462974548,0.21930834650993347
Face,Face_random_full_05_mean,12345,434,0.2089947476733963,0.27681433135423994,0.7089186310768127,0.5597152709960938,0.17430062592029572
Face,Face_random_full_05_mean,12345,465,-0.1359606316189003,0.23498526840646633,0.6977131962776184,0.4225059151649475,0.18065671622753143
Face,Face_random_full_05_mean,12345,498,0.03907603970982,0.4429919426683725,0.7429951429367065,0.7367411851882935,0.8262915015220642
Face,Face_random_full_05_mean,12345,507,0.1998441436980234,0.40024212005994314,0.6625909209251404,0.40715694427490234,0.16850385069847107
Face,Face_random_full_05_mean,12345,529,0.03517597984498075,0.4239097684231965,0.6726037859916687,0.6230072975158691,0.24491839110851288
Face,Face_random_full_05_mean,12345,561,0.1305851162857926,0.15979918541684776,0.6605197787284851,0.3572880029678345,0.13310810923576355
Face,Face_random_full_05_mean,12345,588,0.11620480337559494,0.17626272771825338,0.7124170660972595,0.5088205933570862,0.06286083906888962
Face,Face_random_full_05_mean,12345,606,-0.019692419223601144,0.29963272280708697,0.680389940738678,0.41132652759552,0.05144358053803444
Face,Face_random_full_05_mean,12345,678,-0.052388952835518025,0.2569613018184694,0.6971920132637024,0.5985477566719055,0.0994035080075264
Face,Face_random_full_05_mean,12345,708,0.21229562118509795,0.32677665057417377,0.7982087731361389,0.6095256805419922,0.19100886583328247
Face,Face_random_full_05_mean,12345,756,-0.11402083632908415,0.4409948709202875,0.7246443629264832,0.6289141774177551,0.3544132709503174
Face,Face_random_full_05_mean,12345,762,0.03298082028724655,0.1710220452858991,0.671032190322876,0.5897693634033203,0.3753203749656677
Face,Face_random_full_05_mean,12345,781,0.04148146024136855,0.4085397337612512,0.6622049808502197,0.7052932977676392,0.28572723269462585
Face,Face_random_full_05_mean,12345,789,0.1460289050720334,0.2282767160742512,0.6733004450798035,0.5055127143859863,0.08988139033317566
Face,Face_random_full_05_mean,12345,817,-0.31635400155055404,0.2700526366061734,0.793949544429779,0.645997166633606,0.4791232645511627
Face,Face_random_full_05_mean,12345,820,-0.07659861753751543,0.22489906823272537,0.7075625061988831,0.6004568934440613,0.2185116857290268
Face,Face_random_full_05_mean,12345,838,0.11681701328288847,0.3836766739533029,0.6835960745811462,0.46619734168052673,0.03998448699712753
Face,Face_random_full_05_mean,12345,877,-0.044588354775186315,0.18278352396041145,0.7474045157432556,0.7029367685317993,0.7803834080696106
Face,Face_random_full_05_mean,12345,887,0.037488400363065506,0.20808956748838234,0.6576318740844727,0.5867870450019836,0.30404528975486755
Face,Face_random_full_05_mean,12345,973,-0.07275513908846817,0.37375494371900264,0.7442793846130371,0.5108119249343872,0.24055786430835724
Face,no_mask,12345,1,-0.04395451322965924,0.2161964614707037,0.7146731615066528,0.5936561822891235,0.32633641362190247
Face,no_mask,12345,16,0.07779380733619302,0.19600958681825734,0.7087083458900452,0.4034900665283203,0.1443396806716919
Face,no_mask,12345,20,-0.08456760776982174,0.24340113715869902,0.632149875164032,0.6984044909477234,0.3841046690940857
Face,no_mask,12345,51,0.001820123739348242,0.2669879641183563,0.77805095911026,0.3979191482067108,0.043638743460178375
Face,no_mask,12345,77,-0.12219896260464645,0.23222461144690315,0.7230132818222046,0.5480671525001526,0.0328008234500885
Face,no_mask,12345,135,-0.016037027041872414,0.33803331903394707,0.6892762780189514,0.49641987681388855,0.3055543899536133
Face,no_mask,12345,158,-0.17304165666007998,0.22128520713083988,0.7729016542434692,0.4155861735343933,0.12675678730010986
Face,no_mask,12345,177,0.03026959795056424,0.31218419998618874,0.6709370613098145,0.6106639504432678,0.22451618313789368
Face,no_mask,12345,188,0.11904011981142779,0.4838277419303739,0.7477112412452698,0.5984903573989868,0.06485415995121002
Face,no_mask,12345,218,0.1132293281568149,0.13271810427128633,0.7010596394538879,0.5273829102516174,0.4150574505329132
Face,no_mask,12345,287,0.04858096490553917,0.3577018346179279,0.7255535125732422,0.49426043033599854,0.14112772047519684
Face,no_mask,12345,292,0.15242494939772502,0.3437982738309851,0.6861467361450195,0.5226438045501709,0.259972482919693
Face,no_mask,12345,295,-0.18311978978573645,0.476358937626982,0.634443461894989,0.2851365804672241,0.013587531633675098
Face,no_mask,12345,340,-0.055702611948940474,0.21828599015037883,0.6748545169830322,0.4930063784122467,0.29820162057876587
Face,no_mask,12345,375,0.06704975717331053,0.12002877067181028,0.6938502192497253,0.5314881801605225,0.0254044309258461
Face,no_mask,12345,384,0.19627376819190864,0.32663284250979546,0.7857558727264404,0.6727379560470581,0.36709272861480713
Face,no_mask,12345,415,-0.09667515178340398,0.5372379786546028,0.6506620049476624,0.5286333560943604,0.250287264585495
Face,no_mask,12345,434,0.20695853442338352,0.2760743690422005,0.7102218270301819,0.5728259086608887,0.19128218293190002
Face,no_mask,12345,465,-0.12671766509080643,0.2376999399621919,0.6966588497161865,0.4359135031700134,0.232976034283638
Face,no_mask,12345,498,0.04454743027201457,0.42941243284909547,0.728997528553009,0.7199793457984924,0.8249735832214355
Face,no_mask,12345,507,0.18738695193861735,0.40551784552120124,0.6589236259460449,0.5359641909599304,0.17705035209655762
Face,no_mask,12345,529,0.03488391632792293,0.425594475209944,0.6784005165100098,0.6299589276313782,0.23512956500053406
Face,no_mask,12345,561,0.12221721750943484,0.16423032093411752,0.6542686820030212,0.3962451219558716,0.1310853511095047
Face,no_mask,12345,588,0.11630872074618072,0.17678616694430707,0.7198365330696106,0.5263265371322632,0.033104777336120605
Face,no_mask,12345,606,-0.013000489849772649,0.29770963860762706,0.6791297793388367,0.4111306667327881,0.00483290571719408
Face,no_mask,12345,678,-0.04671807676319623,0.25916465226883734,0.697950541973114,0.5726999044418335,0.10372084379196167
Face,no_mask,12345,708,0.21606972689526235,0.3283708847314518,0.8024046421051025,0.5833074450492859,0.1967707723379135
Face,no_mask,12345,756,-0.11654148346446937,0.4405715666995325,0.7360385060310364,0.6528425812721252,0.35810741782188416
Face,no_mask,12345,762,0.03382125039750404,0.1709985095842809,0.6724199652671814,0.6048308610916138,0.39003103971481323
Face,no_mask,12345,781,0.005920772639721124,0.4000028935713823,0.6471988558769226,0.7278693318367004,0.3291642665863037
Face,no_mask,12345,789,0.14141374178490626,0.22854812889963716,0.6766179800033569,0.4892393946647644,0.09410572052001953
Face,no_mask,12345,817,-0.3208356629249489,0.27111532786282705,0.7946653962135315,0.6646302342414856,0.5258978009223938
Face,no_mask,12345,820,-0.04051667300493889,0.2024146291295394,0.6987141370773315,0.4021185636520386,0.11233559250831604
Face,no_mask,12345,838,0.17008105248369348,0.3813279401200951,0.6864601373672485,0.5149394273757935,0.14431479573249817
Face,no_mask,12345,877,-0.03494754260564883,0.1816704117905085,0.7491003274917603,0.7919163703918457,0.8042439222335815
Face,no_mask,12345,887,0.044699963744076934,0.20975892335292798,0.6506704092025757,0.5705056190490723,0.3217933475971222
Face,no_mask,12345,973,-0.07107759013264661,0.3655005521876332,0.7436922192573547,0.5470852255821228,0.26016777753829956
Face,no_mask_repeat,12345,1,-0.04395451322965924,0.2161964614707037,0.7146731615066528,0.5936561822891235,0.32633641362190247
Face,no_mask_repeat,12345,16,0.07779380733619302,0.19600958681825734,0.7087083458900452,0.4034900665283203,0.1443396806716919
Face,no_mask_repeat,12345,20,-0.08456760776982174,0.24340113715869902,0.632149875164032,0.6984044909477234,0.3841046690940857
Face,no_mask_repeat,12345,51,0.001820123739348242,0.2669879641183563,0.77805095911026,0.3979191482067108,0.043638743460178375
Face,no_mask_repeat,12345,77,-0.12219896260464645,0.23222461144690315,0.7230132818222046,0.5480671525001526,0.0328008234500885
Face,no_mask_repeat,12345,135,-0.016037027041872414,0.33803331903394707,0.6892762780189514,0.49641987681388855,0.3055543899536133
Face,no_mask_repeat,12345,158,-0.17304165666007998,0.22128520713083988,0.7729016542434692,0.4155861735343933,0.12675678730010986
Face,no_mask_repeat,12345,177,0.03026959795056424,0.31218419998618874,0.6709370613098145,0.6106639504432678,0.22451618313789368
Face,no_mask_repeat,12345,188,0.11904011981142779,0.4838277419303739,0.7477112412452698,0.5984903573989868,0.06485415995121002
Face,no_mask_repeat,12345,218,0.1132293281568149,0.13271810427128633,0.7010596394538879,0.5273829102516174,0.4150574505329132
Face,no_mask_repeat,12345,287,0.04858096490553917,0.3577018346179279,0.7255535125732422,0.49426043033599854,0.14112772047519684
Face,no_mask_repeat,12345,292,0.15242494939772502,0.3437982738309851,0.6861467361450195,0.5226438045501709,0.259972482919693
Face,no_mask_repeat,12345,295,-0.18311978978573645,0.476358937626982,0.634443461894989,0.2851365804672241,0.013587531633675098
Face,no_mask_repeat,12345,340,-0.055702611948940474,0.21828599015037883,0.6748545169830322,0.4930063784122467,0.29820162057876587
Face,no_mask_repeat,12345,375,0.06704975717331053,0.12002877067181028,0.6938502192497253,0.5314881801605225,0.0254044309258461
Face,no_mask_repeat,12345,384,0.19627376819190864,0.32663284250979546,0.7857558727264404,0.6727379560470581,0.36709272861480713
Face,no_mask_repeat,12345,415,-0.09667515178340398,0.5372379786546028,0.6506620049476624,0.5286333560943604,0.250287264585495
Face,no_mask_repeat,12345,434,0.20695853442338352,0.2760743690422005,0.7102218270301819,0.5728259086608887,0.19128218293190002
Face,no_mask_repeat,12345,465,-0.12671766509080643,0.2376999399621919,0.6966588497161865,0.4359135031700134,0.232976034283638
Face,no_mask_repeat,12345,498,0.04454743027201457,0.42941243284909547,0.728997528553009,0.7199793457984924,0.8249735832214355
Face,no_mask_repeat,12345,507,0.18738695193861735,0.40551784552120124,0.6589236259460449,0.5359641909599304,0.17705035209655762
Face,no_mask_repeat,12345,529,0.03488391632792293,0.425594475209944,0.6784005165100098,0.6299589276313782,0.23512956500053406
Face,no_mask_repeat,12345,561,0.12221721750943484,0.16423032093411752,0.6542686820030212,0.3962451219558716,0.1310853511095047
Face,no_mask_repeat,12345,588,0.11630872074618072,0.17678616694430707,0.7198365330696106,0.5263265371322632,0.033104777336120605
Face,no_mask_repeat,12345,606,-0.013000489849772649,0.29770963860762706,0.6791297793388367,0.4111306667327881,0.00483290571719408
Face,no_mask_repeat,12345,678,-0.04671807676319623,0.25916465226883734,0.697950541973114,0.5726999044418335,0.10372084379196167
Face,no_mask_repeat,12345,708,0.21606972689526235,0.3283708847314518,0.8024046421051025,0.5833074450492859,0.1967707723379135
Face,no_mask_repeat,12345,756,-0.11654148346446937,0.4405715666995325,0.7360385060310364,0.6528425812721252,0.35810741782188416
Face,no_mask_repeat,12345,762,0.03382125039750404,0.1709985095842809,0.6724199652671814,0.6048308610916138,0.39003103971481323
Face,no_mask_repeat,12345,781,0.005920772639721124,0.4000028935713823,0.6471988558769226,0.7278693318367004,0.3291642665863037
Face,no_mask_repeat,12345,789,0.14141374178490626,0.22854812889963716,0.6766179800033569,0.4892393946647644,0.09410572052001953
Face,no_mask_repeat,12345,817,-0.3208356629249489,0.27111532786282705,0.7946653962135315,0.6646302342414856,0.5258978009223938
Face,no_mask_repeat,12345,820,-0.04051667300493889,0.2024146291295394,0.6987141370773315,0.4021185636520386,0.11233559250831604
Face,no_mask_repeat,12345,838,0.17008105248369348,0.3813279401200951,0.6864601373672485,0.5149394273757935,0.14431479573249817
Face,no_mask_repeat,12345,877,-0.03494754260564883,0.1816704117905085,0.7491003274917603,0.7919163703918457,0.8042439222335815
Face,no_mask_repeat,12345,887,0.044699963744076934,0.20975892335292798,0.6506704092025757,0.5705056190490723,0.3217933475971222
Face,no_mask_repeat,12345,973,-0.07107759013264661,0.3655005521876332,0.7436922192573547,0.5470852255821228,0.26016777753829956
Face,Body_unrelated_equal4_mean,23456,1,-0.07755495729959691,0.1762914143565802,0.6463083028793335,0.7452560067176819,0.4866253435611725
Face,Body_unrelated_equal4_mean,23456,16,-0.22880229530239057,0.2441027384311262,0.6937336921691895,0.2657798230648041,-0.004917385056614876
Face,Body_unrelated_equal4_mean,23456,20,0.14137874285303337,0.27012118402348134,0.6332988142967224,0.7132335901260376,0.35778969526290894
Face,Body_unrelated_equal4_mean,23456,51,0.28359762522003856,0.29033307556284016,0.6901965737342834,0.4405447244644165,0.00883097667247057
Face,Body_unrelated_equal4_mean,23456,77,-0.1753340874354855,0.21071102878695233,0.7025148868560791,0.46391281485557556,0.019324801862239838
Face,Body_unrelated_equal4_mean,23456,135,0.061427506908421824,0.3598109092123332,0.7012775540351868,0.4118773341178894,0.35627448558807373
Face,Body_unrelated_equal4_mean,23456,158,-0.2524254480709257,0.24463028051381122,0.8035162687301636,0.4924094080924988,0.2770712375640869
Face,Body_unrelated_equal4_mean,23456,177,-0.005397102683977293,0.3581695284534104,0.735885739326477,0.6571152806282043,0.2884042263031006
Face,Body_unrelated_equal4_mean,23456,188,-0.09279353155987882,0.4660084502365184,0.8105474710464478,0.37382742762565613,-0.012873665429651737
Face,Body_unrelated_equal4_mean,23456,218,0.11836311271089471,0.16344537919571103,0.7205754518508911,0.5858493447303772,0.1305994689464569
Face,Body_unrelated_equal4_mean,23456,287,-0.09486122745344631,0.30816552988553636,0.6850432753562927,0.5095614194869995,0.17230385541915894
Face,Body_unrelated_equal4_mean,23456,292,0.0181315685143255,0.30095888619928285,0.6917673945426941,0.4616160988807678,0.21894952654838562
Face,Body_unrelated_equal4_mean,23456,295,-0.2626298321094318,0.41225527423262004,0.7415268421173096,0.30534443259239197,0.10213739424943924
Face,Body_unrelated_equal4_mean,23456,340,0.04386993856364714,0.2071975244139283,0.6794041395187378,0.473345547914505,0.27316826581954956
Face,Body_unrelated_equal4_mean,23456,375,-0.04350373656214534,0.11592010696139957,0.906041145324707,0.5695212483406067,0.019478611648082733
Face,Body_unrelated_equal4_mean,23456,384,0.328154646874257,0.30372664106221076,0.7000712752342224,0.8636064529418945,0.7657933235168457
Face,Body_unrelated_equal4_mean,23456,415,0.07198318410448003,0.4696553240626149,0.5567370057106018,0.6285406351089478,0.4013998508453369
Face,Body_unrelated_equal4_mean,23456,434,0.23386848299062624,0.25982231738552547,0.6351758241653442,0.41699689626693726,0.0930090993642807
Face,Body_unrelated_equal4_mean,23456,465,-0.26513185136882556,0.2469754897243352,0.7005746364593506,0.408972829580307,0.20217573642730713
Face,Body_unrelated_equal4_mean,23456,498,-0.08581556443025343,0.3592416138222659,0.7106851935386658,0.47279566526412964,0.6193804740905762
Face,Body_unrelated_equal4_mean,23456,507,-0.08371083491065334,0.38075324058679616,0.803669810295105,0.5215860605239868,0.25315073132514954
Face,Body_unrelated_equal4_mean,23456,529,0.13760412294118102,0.4087586441518157,0.6165986061096191,0.7226023077964783,0.33196938037872314
Face,Body_unrelated_equal4_mean,23456,561,0.24665068563989553,0.18278439277485073,0.6451432704925537,0.4938755929470062,0.277544766664505
Face,Body_unrelated_equal4_mean,23456,588,0.09213160385938837,0.19256704897679353,0.7253047227859497,0.45270299911499023,0.05153298005461693
Face,Body_unrelated_equal4_mean,23456,606,0.22972074174326987,0.289061105355976,0.6085529327392578,0.5576847791671753,0.09726819396018982
Face,Body_unrelated_equal4_mean,23456,678,0.03759488056537504,0.280630740881288,0.7796812653541565,0.5676228404045105,0.13471658527851105
Face,Body_unrelated_equal4_mean,23456,708,0.005385756984971178,0.15716362588940713,0.8135874271392822,0.5889571309089661,0.24709226191043854
Face,Body_unrelated_equal4_mean,23456,756,-0.09327961185158937,0.4027158302229305,0.7185461521148682,0.5478949546813965,0.17344647645950317
Face,Body_unrelated_equal4_mean,23456,762,0.10837591620764382,0.16837796500735955,0.6872041821479797,0.6753146648406982,0.4445042610168457
Face,Body_unrelated_equal4_mean,23456,781,-0.11393698537054167,0.33149954748023625,0.743992805480957,0.6963990330696106,0.39083588123321533
Face,Body_unrelated_equal4_mean,23456,789,0.1778049489968033,0.21595461757020812,0.6809525489807129,0.6048310995101929,0.15776404738426208
Face,Body_unrelated_equal4_mean,23456,817,0.15734208405165245,0.31316649302778504,0.8010805249214172,0.6430752873420715,0.3701471984386444
Face,Body_unrelated_equal4_mean,23456,820,0.05420996734044325,0.30289423116626074,0.7163739800453186,0.5094343423843384,0.3174215853214264
Face,Body_unrelated_equal4_mean,23456,838,0.04030806127754735,0.29958517371519316,0.7079225778579712,0.5517080426216125,0.14226612448692322
Face,Body_unrelated_equal4_mean,23456,877,0.015364022332570317,0.17656528568027002,0.7282018661499023,0.759348452091217,0.7759771943092346
Face,Body_unrelated_equal4_mean,23456,887,0.12812713302218887,0.23088800884622393,0.725795567035675,0.7367125749588013,0.2572055757045746
Face,Body_unrelated_equal4_mean,23456,973,0.135541442657797,0.3189910906735369,0.6743188500404358,0.5507175326347351,0.19136938452720642
Face,Face_full_mean,23456,1,-0.11348049808764411,0.17435067571279017,0.6580899953842163,0.734758734703064,0.4406929016113281
Face,Face_full_mean,23456,16,-0.25737274690574913,0.2430494093292553,0.7013576626777649,0.2962837219238281,0.020902026444673538
Face,Face_full_mean,23456,20,0.17024428658548266,0.27550902179304737,0.6349259614944458,0.6928349733352661,0.43370482325553894
Face,Face_full_mean,23456,51,0.3095410134601121,0.30008665292472986,0.6985267400741577,0.49190425872802734,0.04602569341659546
Face,Face_full_mean,23456,77,-0.14168722351545376,0.22437382762545632,0.7028527855873108,0.46522432565689087,-0.00973945390433073
Face,Face_full_mean,23456,135,0.14758853537312153,0.3959186650199628,0.6954232454299927,0.5396674871444702,0.32327014207839966
Face,Face_full_mean,23456,158,-0.2640147081533026,0.2347086027580591,0.8112044334411621,0.5089380741119385,0.2776355743408203
Face,Face_full_mean,23456,177,0.010038805798426479,0.3579641747213547,0.7381314635276794,0.6626284718513489,0.3010301887989044
Face,Face_full_mean,23456,188,-0.10784447587986587,0.4654486134890008,0.8085986971855164,0.37517496943473816,0.009058995172381401
Face,Face_full_mean,23456,218,0.06968293719911443,0.1684054560024619,0.7087452411651611,0.3857124149799347,0.058291323482990265
Face,Face_full_mean,23456,287,-0.08528070580028209,0.31157605757767665,0.6847742795944214,0.4835257828235626,0.10265316814184189
Face,Face_full_mean,23456,292,0.0029700226219531926,0.2797595478122412,0.6968486905097961,0.5017029047012329,0.19729873538017273
Face,Face_full_mean,23456,295,-0.2414789022723399,0.40969320757395195,0.7552927136421204,0.30299657583236694,0.052083954215049744
Face,Face_full_mean,23456,340,0.03308589659850548,0.21088501778963056,0.6694287061691284,0.5071521997451782,0.32044321298599243
Face,Face_full_mean,23456,375,-0.040130562885498856,0.11788734772850715,0.8958930373191833,0.5567827224731445,0.023702960461378098
Face,Face_full_mean,23456,384,0.2429416768421749,0.28246883513137794,0.75520920753479,0.6924246549606323,0.48448508977890015
Face,Face_full_mean,23456,415,-0.05669242586925883,0.4922539495769299,0.5656862258911133,0.6290991306304932,0.35925617814064026
Face,Face_full_mean,23456,434,0.21842606144354226,0.23509641936845246,0.6283621788024902,0.5979759097099304,0.3131813704967499
Face,Face_full_mean,23456,465,-0.2629036607888922,0.2548533847350041,0.6931267976760864,0.40249744057655334,0.17828670144081116
Face,Face_full_mean,23456,498,-0.08435851174695168,0.3716333695373028,0.6839810013771057,0.5409804582595825,0.3778991103172302
Face,Face_full_mean,23456,507,-0.0896870017562239,0.42478594310924933,0.7779868245124817,0.4888087511062622,0.16902658343315125
Face,Face_full_mean,23456,529,0.14695081084589603,0.43616340324412817,0.6260030269622803,0.705970287322998,0.37355315685272217
Face,Face_full_mean,23456,561,0.25131368407287025,0.18761791132250027,0.6446906924247742,0.4786885976791382,0.27192583680152893
Face,Face_full_mean,23456,588,0.09166690680211693,0.1970890560919032,0.7288253903388977,0.44638603925704956,0.05308401584625244
Face,Face_full_mean,23456,606,0.22228445971921698,0.3188069631559591,0.6133529543876648,0.5881518125534058,0.12015920877456665
Face,Face_full_mean,23456,678,0.051693441877077535,0.2955506926264806,0.7696670293807983,0.5157301425933838,0.12338221073150635
Face,Face_full_mean,23456,708,0.0015647216921647104,0.15639818634924274,0.8125124573707581,0.6270877718925476,0.37135714292526245
Face,Face_full_mean,23456,756,-0.07813889797347835,0.39900426651254745,0.7299832105636597,0.4787590801715851,0.192583829164505
Face,Face_full_mean,23456,762,0.1046795016712073,0.17245396749805042,0.6858234405517578,0.6710644960403442,0.532366156578064
Face,Face_full_mean,23456,781,-0.12054420382862624,0.3426247535464766,0.7407218217849731,0.6449094414710999,0.2796110510826111
Face,Face_full_mean,23456,789,0.1935504261625122,0.2332582945363139,0.6785386800765991,0.6360244750976562,0.21913516521453857
Face,Face_full_mean,23456,817,0.13771900096887318,0.33016752159062007,0.8215704560279846,0.5929478406906128,0.16436798870563507
Face,Face_full_mean,23456,820,0.045254835799798124,0.34712132950774127,0.701467752456665,0.4864128828048706,0.3641381859779358
Face,Face_full_mean,23456,838,0.03993328450959503,0.3028945670419341,0.705103874206543,0.6523471474647522,0.15504062175750732
Face,Face_full_mean,23456,877,0.02353544570163582,0.17938332514815974,0.7455191016197205,0.7863799333572388,0.799020528793335
Face,Face_full_mean,23456,887,0.10584877493498919,0.2228175905840723,0.7077590227127075,0.4810379147529602,0.1488082855939865
Face,Face_full_mean,23456,973,0.1403008435298474,0.33283796692738854,0.6769554615020752,0.551351010799408,0.3293501138687134
Face,Face_random_full_01_mean,23456,1,-0.11471907705194692,0.17030010187499597,0.6639122366905212,0.703766405582428,0.47024405002593994
Face,Face_random_full_01_mean,23456,16,-0.22587762900692962,0.24779615533406926,0.6891164779663086,0.2882886230945587,0.025560682639479637
Face,Face_random_full_01_mean,23456,20,0.2155110301421682,0.2998041604016137,0.6197956204414368,0.6885360479354858,0.5794011950492859
Face,Face_random_full_01_mean,23456,51,0.30795978961746023,0.2974881876719963,0.6862958669662476,0.46969833970069885,-0.01289138849824667
Face,Face_random_full_01_mean,23456,77,-0.14374694179957567,0.22307954299248392,0.7018675804138184,0.4700127840042114,-0.006584617309272289
Face,Face_random_full_01_mean,23456,135,0.16818654509688513,0.37914968516366054,0.7063876986503601,0.5211842656135559,0.2341133952140808
Face,Face_random_full_01_mean,23456,158,-0.2654151662714457,0.24111981606218072,0.8077607154846191,0.49441105127334595,0.2687532603740692
Face,Face_random_full_01_mean,23456,177,-0.039963191107956715,0.4110922437735326,0.7401358485221863,0.7185862064361572,0.30870145559310913
Face,Face_random_full_01_mean,23456,188,-0.10851265737029682,0.46537802164030084,0.8087530136108398,0.36543798446655273,0.008929071947932243
Face,Face_random_full_01_mean,23456,218,0.08148712318612221,0.1675148495744105,0.720526933670044,0.37011629343032837,0.12117725610733032
Face,Face_random_full_01_mean,23456,287,-0.08924171764533419,0.31379756649189355,0.6813233494758606,0.5233832597732544,0.12704338133335114
Face,Face_random_full_01_mean,23456,292,-0.0024289403120895904,0.2731392576691473,0.693783164024353,0.3736009895801544,0.16493409872055054
Face,Face_random_full_01_mean,23456,295,-0.24100289725432505,0.4078950899528335,0.7379024624824524,0.2329360395669937,0.04796735942363739
Face,Face_random_full_01_mean,23456,340,0.03360357316254356,0.2112642253734096,0.6724897027015686,0.5011579990386963,0.2887437343597412
Face,Face_random_full_01_mean,23456,375,-0.042692447629346965,0.117749753827014,0.9212086200714111,0.5505360960960388,0.02482326328754425
Face,Face_random_full_01_mean,23456,384,0.24272287030450804,0.2826161544857447,0.7548984885215759,0.6944692730903625,0.4948919415473938
Face,Face_random_full_01_mean,23456,415,0.026976645895064467,0.5004766462380269,0.5458524227142334,0.6488094925880432,0.2540896534919739
Face,Face_random_full_01_mean,23456,434,0.22057367317956905,0.23629700797336503,0.6275532245635986,0.5657042264938354,0.2821458578109741
Face,Face_random_full_01_mean,23456,465,-0.25004628644921023,0.24659921630946696,0.6980798244476318,0.3765348196029663,0.18619410693645477
Face,Face_random_full_01_mean,23456,498,-0.09753844205258994,0.36310130133572616,0.704082727432251,0.5650860071182251,0.6247187256813049
Face,Face_random_full_01_mean,23456,507,-0.06528622224827776,0.4123714355662706,0.7902094125747681,0.505394458770752,0.13370315730571747
Face,Face_random_full_01_mean,23456,529,0.14449544203445933,0.4354376247606787,0.6193053722381592,0.6860498785972595,0.3458550274372101
Face,Face_random_full_01_mean,23456,561,0.2549851808913902,0.19811675618111046,0.6421560049057007,0.4887595772743225,0.17847129702568054
Face,Face_random_full_01_mean,23456,588,0.10764998749665772,0.19557064097398022,0.7172550559043884,0.460479736328125,0.0781584233045578
Face,Face_random_full_01_mean,23456,606,0.21078444558721635,0.313358837133525,0.6080528497695923,0.5126637816429138,0.20576351881027222
Face,Face_random_full_01_mean,23456,678,0.04875078102903271,0.2861323471140318,0.7615495920181274,0.49247264862060547,0.1242959052324295
Face,Face_random_full_01_mean,23456,708,-0.0043363710006475336,0.154562526985402,0.8068879246711731,0.732616126537323,0.3271870017051697
Face,Face_random_full_01_mean,23456,756,-0.06281363507562486,0.4029567921750471,0.6916976571083069,0.4964469373226166,0.25312554836273193
Face,Face_random_full_01_mean,23456,762,0.09678766642576392,0.16998130359547028,0.6866987347602844,0.6432543992996216,0.5475758910179138
Face,Face_random_full_01_mean,23456,781,-0.0968879802569272,0.30509087361368,0.7430503368377686,0.6653710603713989,0.27786538004875183
Face,Face_random_full_01_mean,23456,789,0.19368935127375747,0.23329513059915888,0.6880970001220703,0.6343616843223572,0.20815125107765198
Face,Face_random_full_01_mean,23456,817,0.14299964193326467,0.3317032296770058,0.8219395875930786,0.599105715751648,0.1469811350107193
Face,Face_random_full_01_mean,23456,820,0.04680001649364111,0.351683584606434,0.7088693380355835,0.46081554889678955,0.363299161195755
Face,Face_random_full_01_mean,23456,838,0.05555534378596269,0.3031865927342194,0.7021429538726807,0.6165382862091064,0.16645029187202454
Face,Face_random_full_01_mean,23456,877,0.02702112373483464,0.1767675732107343,0.7461178302764893,0.7788535356521606,0.7667142152786255
Face,Face_random_full_01_mean,23456,887,0.12804337083332942,0.2273017094101133,0.6888198852539062,0.6108618974685669,0.13992421329021454
Face,Face_random_full_01_mean,23456,973,0.14153113651849336,0.32734116199887775,0.6946220397949219,0.5653970241546631,0.2530798316001892
Face,Face_random_full_02_mean,23456,1,-0.102279424201652,0.17258053207419824,0.6542240381240845,0.6864988803863525,0.4175545275211334
Face,Face_random_full_02_mean,23456,16,-0.26472196628010464,0.23385323496761,0.6717678308486938,0.29225748777389526,0.02722240798175335
Face,Face_random_full_02_mean,23456,20,0.1786523777625673,0.2787188609197175,0.6351150274276733,0.675007700920105,0.3013021945953369
Face,Face_random_full_02_mean,23456,51,0.29951146852069704,0.2993972026004449,0.6914557218551636,0.4566214978694916,-0.00983918085694313
Face,Face_random_full_02_mean,23456,77,-0.14939081720758784,0.21895967187233306,0.694329023361206,0.47175121307373047,-0.01875959150493145
Face,Face_random_full_02_mean,23456,135,0.09063762649964519,0.38640403809072127,0.6863987445831299,0.6242557168006897,0.32245883345603943
Face,Face_random_full_02_mean,23456,158,-0.24403955089050633,0.23158667746348216,0.8313034772872925,0.5164806246757507,0.27824118733406067
Face,Face_random_full_02_mean,23456,177,0.011231183797946777,0.359701711571983,0.7375242114067078,0.6620162725448608,0.30705955624580383
Face,Face_random_full_02_mean,23456,188,-0.11010533854097669,0.46472434153632275,0.8064804673194885,0.3778448700904846,0.009140947833657265
Face,Face_random_full_02_mean,23456,218,0.06919398351416906,0.1700134543874943,0.7216413617134094,0.3325165808200836,0.03766430541872978
Face,Face_random_full_02_mean,23456,287,-0.0508545129516577,0.3229281662680665,0.6925898790359497,0.5705865025520325,0.1277512162923813
Face,Face_random_full_02_mean,23456,292,0.0027407541419198077,0.2797461370871924,0.7009267807006836,0.5373913049697876,0.18267939984798431
Face,Face_random_full_02_mean,23456,295,-0.22897755181311197,0.4363921401531797,0.727465033531189,0.2952382266521454,0.08266022056341171
Face,Face_random_full_02_mean,23456,340,0.045201484342818225,0.2040414806107023,0.6852459907531738,0.41528505086898804,0.3105296790599823
Face,Face_random_full_02_mean,23456,375,-0.03824907674844322,0.11771061968999483,0.8879933953285217,0.5527112483978271,0.027023613452911377
Face,Face_random_full_02_mean,23456,384,0.24048397186953424,0.285021623154955,0.7542096376419067,0.6554735898971558,0.49716901779174805
Face,Face_random_full_02_mean,23456,415,0.03443935828795505,0.47619052330009576,0.5740479230880737,0.6471548676490784,0.4205012619495392
Face,Face_random_full_02_mean,23456,434,0.2186940093431076,0.23823774013797058,0.6273930072784424,0.570393443107605,0.21581918001174927
Face,Face_random_full_02_mean,23456,465,-0.20010444011808587,0.2575782212178716,0.6935705542564392,0.36875560879707336,0.15678943693637848
Face,Face_random_full_02_mean,23456,498,-0.07273779608751167,0.37396628950594846,0.6948578953742981,0.43704384565353394,0.15192380547523499
Face,Face_random_full_02_mean,23456,507,-0.09034606471095129,0.41582368366661737,0.8135374188423157,0.47512200474739075,0.24996311962604523
Face,Face_random_full_02_mean,23456,529,0.1473727036258294,0.4370412196510544,0.6279968023300171,0.6743708848953247,0.2853914499282837
Face,Face_random_full_02_mean,23456,561,0.2741301471807766,0.20587299556825006,0.644115149974823,0.46662795543670654,0.179970383644104
Face,Face_random_full_02_mean,23456,588,0.11993364975222626,0.19388967614345654,0.7084357738494873,0.4332413673400879,0.06767784804105759
Face,Face_random_full_02_mean,23456,606,0.22629928066068672,0.32831479103864236,0.6129618883132935,0.5676895380020142,0.18473000824451447
Face,Face_random_full_02_mean,23456,678,0.049434461424823835,0.29249874600792236,0.7811664938926697,0.5188619494438171,0.18163549900054932
Face,Face_random_full_02_mean,23456,708,-0.005845653758337725,0.15333144020593242,0.8156791925430298,0.6254370808601379,0.3600764870643616
Face,Face_random_full_02_mean,23456,756,-0.1352013013774119,0.3849661244437369,0.7047134041786194,0.5249968767166138,0.2351236492395401
Face,Face_random_full_02_mean,23456,762,0.09936459155990798,0.17847005457608767,0.6909318566322327,0.7115535736083984,0.5384664535522461
Face,Face_random_full_02_mean,23456,781,-0.12312046585204187,0.33371530969938806,0.7349838018417358,0.6154022216796875,0.22645212709903717
Face,Face_random_full_02_mean,23456,789,0.18960791932249646,0.23037394083951535,0.6762519478797913,0.6021460294723511,0.2718280255794525
Face,Face_random_full_02_mean,23456,817,0.1442080951343722,0.3258549941098752,0.8231544494628906,0.6066694259643555,0.14442408084869385
Face,Face_random_full_02_mean,23456,820,0.036531931964652646,0.33521686845736615,0.726104736328125,0.4762575030326843,0.2713640630245209
Face,Face_random_full_02_mean,23456,838,0.04601548472395601,0.3081177163053058,0.7085829973220825,0.5970693230628967,0.16997948288917542
Face,Face_random_full_02_mean,23456,877,0.04706957768067115,0.18293882267308034,0.7641746997833252,0.8025849461555481,0.6331109404563904
Face,Face_random_full_02_mean,23456,887,0.13612601505362865,0.23290941172736493,0.7227168083190918,0.6643821001052856,0.1423884779214859
Face,Face_random_full_02_mean,23456,973,0.14174503178267384,0.33642913093092797,0.6666625738143921,0.6210494637489319,0.19301411509513855
Face,Face_random_full_03_mean,23456,1,-0.11326084401333589,0.17018755823044912,0.6653842926025391,0.7258936166763306,0.43785786628723145
Face,Face_random_full_03_mean,23456,16,-0.25859457319334506,0.23821830748791664,0.704161524772644,0.2973400354385376,0.03649691864848137
Face,Face_random_full_03_mean,23456,20,0.1892361777681605,0.2843981927694377,0.6359934210777283,0.6463437676429749,0.4649651348590851
Face,Face_random_full_03_mean,23456,51,0.3148750444306297,0.299498652013404,0.6885994672775269,0.47979429364204407,0.03668002784252167
Face,Face_random_full_03_mean,23456,77,-0.1446078978396019,0.22589301073248527,0.7042267322540283,0.468070387840271,-0.007706142030656338
Face,Face_random_full_03_mean,23456,135,0.10317250767567764,0.38664350266993536,0.7043612599372864,0.6033753752708435,0.4228399991989136
Face,Face_random_full_03_mean,23456,158,-0.2740653427633927,0.23617279146411316,0.8127700686454773,0.5078199505805969,0.283050537109375
Face,Face_random_full_03_mean,23456,177,0.013664114063574513,0.35827923513795107,0.7325716018676758,0.634280800819397,0.3131345510482788
Face,Face_random_full_03_mean,23456,188,-0.11141086834185848,0.4651705646185482,0.8078266978263855,0.3876669704914093,0.011086673475801945
Face,Face_random_full_03_mean,23456,218,0.06505967231001626,0.15425697051177123,0.7021726369857788,0.24938389658927917,0.1018468514084816
Face,Face_random_full_03_mean,23456,287,-0.06027579402705709,0.3309379401455687,0.684851884841919,0.49255239963531494,0.13143596053123474
Face,Face_random_full_03_mean,23456,292,0.007611719625849864,0.27752410611855505,0.7028582692146301,0.5009127855300903,0.18819928169250488
Face,Face_random_full_03_mean,23456,295,-0.220948613235287,0.4064699947415332,0.7377608418464661,0.2639603912830353,-0.014373916201293468
Face,Face_random_full_03_mean,23456,340,0.033928995973060476,0.211064765912237,0.6677495241165161,0.5068331956863403,0.32176896929740906
Face,Face_random_full_03_mean,23456,375,-0.04535167582175496,0.11710227348822481,0.9029524922370911,0.571028470993042,0.03230499103665352
Face,Face_random_full_03_mean,23456,384,0.2508642755512622,0.2765112004866862,0.760635256767273,0.6947609186172485,0.49728572368621826
Face,Face_random_full_03_mean,23456,415,0.056449168928731114,0.44500091393340085,0.5718659162521362,0.663077712059021,0.26748865842819214
Face,Face_random_full_03_mean,23456,434,0.22265627549304598,0.23629999616559108,0.6248430013656616,0.5516243577003479,0.2661496102809906
Face,Face_random_full_03_mean,23456,465,-0.2657196383642591,0.24771597626400765,0.6910098195075989,0.39031875133514404,0.18612302839756012
Face,Face_random_full_03_mean,23456,498,-0.09729770420285541,0.35092335262203844,0.7087488770484924,0.5574098825454712,0.6060125827789307
Face,Face_random_full_03_mean,23456,507,-0.05458212437349533,0.41623796271228125,0.8003614544868469,0.48323556780815125,0.170480415225029
Face,Face_random_full_03_mean,23456,529,0.1452945811070952,0.4388651569456461,0.6228761672973633,0.6424497365951538,0.3745374381542206
Face,Face_random_full_03_mean,23456,561,0.24793278094363846,0.19398683669049455,0.6445723176002502,0.4694564938545227,0.24131949245929718
Face,Face_random_full_03_mean,23456,588,0.10331409540843596,0.19499292995315848,0.7191436290740967,0.48909318447113037,0.07483644783496857
Face,Face_random_full_03_mean,23456,606,0.22068023456289032,0.33305228074936005,0.6240061521530151,0.5900904536247253,0.2039315551519394
Face,Face_random_full_03_mean,23456,678,0.04239444799502295,0.298301484876319,0.7734004259109497,0.5464768409729004,0.16088759899139404
Face,Face_random_full_03_mean,23456,708,0.014449368822241371,0.17600153726386583,0.8032805323600769,0.6573060750961304,0.32123464345932007
Face,Face_random_full_03_mean,23456,756,-0.06304160354281156,0.4066626952109218,0.722874104976654,0.4907437860965729,0.2268499732017517
Face,Face_random_full_03_mean,23456,762,0.09780629302285299,0.17142201740282684,0.6847375631332397,0.6799560189247131,0.5513281226158142
Face,Face_random_full_03_mean,23456,781,-0.12053835585099205,0.30804502672472645,0.7479802966117859,0.6798570156097412,0.36666834354400635
Face,Face_random_full_03_mean,23456,789,0.18865743796919382,0.23523204386339705,0.6848043203353882,0.633491039276123,0.2631925046443939
Face,Face_random_full_03_mean,23456,817,0.12742742109801014,0.32196713115877157,0.8073970079421997,0.602218747138977,0.14119327068328857
Face,Face_random_full_03_mean,23456,820,0.043408983036715164,0.3334657783686564,0.7076439261436462,0.46038976311683655,0.3274161219596863
Face,Face_random_full_03_mean,23456,838,0.03572312137044421,0.30594600485763,0.7121538519859314,0.6196649670600891,0.1324184387922287
Face,Face_random_full_03_mean,23456,877,0.020072441109038747,0.17825685486522785,0.7389516234397888,0.7704648375511169,0.7588708996772766
Face,Face_random_full_03_mean,23456,887,0.10804378700129827,0.22597328848632794,0.7182689905166626,0.5958187580108643,0.22144128382205963
Face,Face_random_full_03_mean,23456,973,0.12875083274176125,0.32369192031997884,0.6809612512588501,0.5835067629814148,0.24324959516525269
Face,Face_random_full_04_mean,23456,1,-0.11716642154429796,0.1687194703727282,0.6669559478759766,0.7004131078720093,0.49838024377822876
Face,Face_random_full_04_mean,23456,16,-0.2583048896040544,0.24268581266110392,0.6929248571395874,0.3071478307247162,0.01226264052093029
Face,Face_random_full_04_mean,23456,20,0.17813900915347328,0.2856396854711284,0.6305309534072876,0.6841458678245544,0.4406035244464874
Face,Face_random_full_04_mean,23456,51,0.30642635434268617,0.2975429990999935,0.6928591728210449,0.4664327800273895,-0.006536031141877174
Face,Face_random_full_04_mean,23456,77,-0.14070994186350316,0.2227774563450434,0.7029945254325867,0.46675267815589905,0.0012997519224882126
Face,Face_random_full_04_mean,23456,135,0.09106213398255754,0.38274871129635163,0.6838305592536926,0.6600858569145203,0.32387351989746094
Face,Face_random_full_04_mean,23456,158,-0.25314627717792226,0.24015433003978062,0.80864417552948,0.4761819541454315,0.29761773347854614
Face,Face_random_full_04_mean,23456,177,0.0021348703292759993,0.35498501859062537,0.7327530980110168,0.6235447525978088,0.23817551136016846
Face,Face_random_full_04_mean,23456,188,-0.110477407582611,0.46539031313155477,0.8076067566871643,0.3780920207500458,0.007706999778747559
Face,Face_random_full_04_mean,23456,218,0.05951046366756304,0.16294336597635026,0.7232101559638977,0.22285327315330505,0.021759048104286194
Face,Face_random_full_04_mean,23456,287,-0.08574375555915434,0.3156233248957359,0.6878517270088196,0.4959493577480316,0.08327659219503403
Face,Face_random_full_04_mean,23456,292,-0.003703384052461739,0.2953735892957856,0.7054247856140137,0.5242230892181396,0.2111850529909134
Face,Face_random_full_04_mean,23456,295,-0.2279460303318436,0.4445145323925714,0.7261683940887451,0.2683815360069275,0.20710864663124084
Face,Face_random_full_04_mean,23456,340,0.03380188298346233,0.21094913510494107,0.6704469919204712,0.47502967715263367,0.3204957842826843
Face,Face_random_full_04_mean,23456,375,-0.04045744980418884,0.11795003999277354,0.8958629369735718,0.5560804009437561,0.021331949159502983
Face,Face_random_full_04_mean,23456,384,0.24593958237358532,0.28412982386649144,0.7539269328117371,0.6820659041404724,0.4847010374069214
Face,Face_random_full_04_mean,23456,415,0.05320586617242344,0.45747186326425027,0.5496644973754883,0.6604031324386597,0.4656522572040558
Face,Face_random_full_04_mean,23456,434,0.22026358932960713,0.23514469472389737,0.6237184405326843,0.5608187317848206,0.30903199315071106
Face,Face_random_full_04_mean,23456,465,-0.2461035725137005,0.23929948278062238,0.7144468426704407,0.3864862322807312,0.2308814525604248
Face,Face_random_full_04_mean,23456,498,-0.10368648946865511,0.3641273107610737,0.7049384713172913,0.6627278327941895,0.6916479468345642
Face,Face_random_full_04_mean,23456,507,-0.08617813019516893,0.41768963701639367,0.7789721488952637,0.47259941697120667,0.21804818511009216
Face,Face_random_full_04_mean,23456,529,0.14469808472556775,0.4402475282428774,0.6240096092224121,0.6906408667564392,0.35595783591270447
Face,Face_random_full_04_mean,23456,561,0.2598967758499226,0.1987052995074008,0.6433219909667969,0.43589144945144653,0.29800206422805786
Face,Face_random_full_04_mean,23456,588,0.10008954516823082,0.19541365323575347,0.7237847447395325,0.48918336629867554,0.05911484360694885
Face,Face_random_full_04_mean,23456,606,0.22388080992002743,0.32617558265188795,0.6106865406036377,0.5831758975982666,0.16221921145915985
Face,Face_random_full_04_mean,23456,678,0.05624156206620978,0.2833165413495772,0.7795966863632202,0.5135148763656616,0.15387225151062012
Face,Face_random_full_04_mean,23456,708,0.00850364899529326,0.15760519000259687,0.8039858937263489,0.6666425466537476,0.3850961923599243
Face,Face_random_full_04_mean,23456,756,-0.07075887474689876,0.4044033963665187,0.7051700353622437,0.4737793505191803,0.18971838057041168
Face,Face_random_full_04_mean,23456,762,0.09077132702271805,0.16888071682057132,0.6794686317443848,0.6631889343261719,0.5525709986686707
Face,Face_random_full_04_mean,23456,781,-0.12133345875231566,0.34544017051468917,0.7379388809204102,0.6590264439582825,0.2659657895565033
Face,Face_random_full_04_mean,23456,789,0.19812414178394422,0.23941839034516427,0.7076308727264404,0.6243826746940613,0.20305019617080688
Face,Face_random_full_04_mean,23456,817,0.13751343400920119,0.328646458265421,0.8189830183982849,0.5929490923881531,0.1609443575143814
Face,Face_random_full_04_mean,23456,820,0.03530557827753673,0.334352542681352,0.7283498048782349,0.49890103936195374,0.2733577489852905
Face,Face_random_full_04_mean,23456,838,0.03956518555961023,0.30330054491052144,0.7019632458686829,0.6334922909736633,0.16713999211788177
Face,Face_random_full_04_mean,23456,877,0.024797453908604102,0.17929458838841122,0.746436357498169,0.8087190389633179,0.7971086502075195
Face,Face_random_full_04_mean,23456,887,0.13519916915457394,0.22510679244069404,0.6865416169166565,0.707592785358429,0.20278175175189972
Face,Face_random_full_04_mean,23456,973,0.1331468252448319,0.33115570716615034,0.6795676946640015,0.5958073735237122,0.23982034623622894
Face,Face_random_full_05_mean,23456,1,-0.10666852406361381,0.17023039302893933,0.6552116274833679,0.7152475714683533,0.45203137397766113
Face,Face_random_full_05_mean,23456,16,-0.23269845276095857,0.2418013365821483,0.6930954456329346,0.3044726550579071,0.002273458056151867
Face,Face_random_full_05_mean,23456,20,0.17648705141638904,0.276708895105622,0.6291642189025879,0.6880528330802917,0.4352814555168152
Face,Face_random_full_05_mean,23456,51,0.30916033296261963,0.29764821439164824,0.695070743560791,0.4556318521499634,-0.009402249939739704
Face,Face_random_full_05_mean,23456,77,-0.1465875101820178,0.2232551641865315,0.6971368789672852,0.48060792684555054,0.014561979100108147
Face,Face_random_full_05_mean,23456,135,0.15697670503295696,0.3966679666307583,0.7104594707489014,0.4194636940956116,0.2825683653354645
Face,Face_random_full_05_mean,23456,158,-0.268161902928642,0.2379295962054144,0.8064073324203491,0.4944703280925751,0.28019285202026367
Face,Face_random_full_05_mean,23456,177,0.01175195248788939,0.3575076506118476,0.7370683550834656,0.6554743051528931,0.272703617811203
Face,Face_random_full_05_mean,23456,188,-0.11078297165919207,0.4650141221709822,0.8097809553146362,0.3762812912464142,0.012142958119511604
Face,Face_random_full_05_mean,23456,218,0.07752286759326603,0.16379383533323424,0.712334156036377,0.41163188219070435,0.15989473462104797
Face,Face_random_full_05_mean,23456,287,-0.08708552872081324,0.311828001297683,0.6850149631500244,0.5026193857192993,0.06841032207012177
Face,Face_random_full_05_mean,23456,292,-0.013884225223352418,0.2690694093007056,0.7038238644599915,0.4990480840206146,0.17122338712215424
Face,Face_random_full_05_mean,23456,295,-0.24160721317135742,0.40475943006954873,0.724293053150177,0.23002567887306213,-0.00042130984365940094
Face,Face_random_full_05_mean,23456,340,0.03493931486973441,0.21174799281522527,0.6712033748626709,0.49485158920288086,0.31953856348991394
Face,Face_random_full_05_mean,23456,375,-0.04669160022788009,0.11764558634222154,0.9072033762931824,0.5655003786087036,0.034399282187223434
Face,Face_random_full_05_mean,23456,384,0.2422254253583255,0.28416377458483194,0.7565580010414124,0.6932967305183411,0.4930318295955658
Face,Face_random_full_05_mean,23456,415,0.05595930397168854,0.5197614359874068,0.6059336066246033,0.6645199656486511,0.28861135244369507
Face,Face_random_full_05_mean,23456,434,0.21983280668936808,0.23586985528537713,0.6273702383041382,0.5742900371551514,0.2921057343482971
Face,Face_random_full_05_mean,23456,465,-0.26653418825664366,0.2510229388391246,0.6969882249832153,0.3878375291824341,0.14949604868888855
Face,Face_random_full_05_mean,23456,498,-0.09737582597467963,0.36634976005634556,0.698005199432373,0.3340115249156952,0.14785243570804596
Face,Face_random_full_05_mean,23456,507,-0.07044131005795409,0.42559741253506883,0.790369987487793,0.47778815031051636,0.15575455129146576
Face,Face_random_full_05_mean,23456,529,0.14380713354019642,0.4354857738479158,0.627968966960907,0.6986942887306213,0.3754643201828003
Face,Face_random_full_05_mean,23456,561,0.25300303063297097,0.18957145527310262,0.6419131755828857,0.44048377871513367,0.2896212637424469
Face,Face_random_full_05_mean,23456,588,0.11279302155803075,0.19535575409064082,0.7208342552185059,0.48318013548851013,0.076470747590065
Face,Face_random_full_05_mean,23456,606,0.2233389302554829,0.3180838233503362,0.6089553833007812,0.5799578428268433,0.11103948950767517
Face,Face_random_full_05_mean,23456,678,0.04841948493717112,0.2858553034033265,0.7673859596252441,0.5107783675193787,0.13120153546333313
Face,Face_random_full_05_mean,23456,708,-0.0004753785972270386,0.15412466320682286,0.8147767186164856,0.64652419090271,0.36526185274124146
Face,Face_random_full_05_mean,23456,756,-0.0732702847903941,0.41095426875539204,0.70417720079422,0.502318263053894,0.24551910161972046
Face,Face_random_full_05_mean,23456,762,0.0974987434917559,0.1675962023160236,0.6879292130470276,0.644366443157196,0.5432652831077576
Face,Face_random_full_05_mean,23456,781,-0.10922750842576487,0.31671740906168155,0.7392007112503052,0.683205783367157,0.2560654878616333
Face,Face_random_full_05_mean,23456,789,0.19411670089627706,0.23443571389351642,0.6813499927520752,0.6408387422561646,0.23352578282356262
Face,Face_random_full_05_mean,23456,817,0.1421848266093643,0.3303204162019644,0.8213870525360107,0.5987091064453125,0.15429535508155823
Face,Face_random_full_05_mean,23456,820,0.0426156599819303,0.33996673632876856,0.7094647288322449,0.4463176727294922,0.29293885827064514
Face,Face_random_full_05_mean,23456,838,0.041945584375399,0.30523353351100035,0.7006416320800781,0.614942729473114,0.1677885353565216
Face,Face_random_full_05_mean,23456,877,0.07340065978455083,0.18374113320479604,0.7573999166488647,0.8015474081039429,0.7103925347328186
Face,Face_random_full_05_mean,23456,887,0.10541961128186794,0.22597928765357406,0.7021440267562866,0.6385699510574341,0.15039975941181183
Face,Face_random_full_05_mean,23456,973,0.13762863670749945,0.32595452771035716,0.6738040447235107,0.5500125288963318,0.2622274160385132
Face,no_mask,23456,1,-0.11476644064249837,0.1690242643769176,0.6580406427383423,0.7099741101264954,0.4602189362049103
Face,no_mask,23456,16,-0.2569221893115044,0.24259876884287565,0.7021023035049438,0.30868420004844666,0.024456478655338287
Face,no_mask,23456,20,0.15157159674181664,0.27471437609564175,0.6433501243591309,0.7495420575141907,0.4614407420158386
Face,no_mask,23456,51,0.30538520504581845,0.2957821103232922,0.6921014785766602,0.44287922978401184,-0.008457927964627743
Face,no_mask,23456,77,-0.14191125356728457,0.22433477836055102,0.7022069096565247,0.46249252557754517,-0.008135294541716576
Face,no_mask,23456,135,0.14423749377929876,0.39600042755420267,0.7174974083900452,0.5486689805984497,0.3609493672847748
Face,no_mask,23456,158,-0.2645626987065635,0.23453994373165474,0.8145337104797363,0.5098157525062561,0.27614015340805054
Face,no_mask,23456,177,0.01072325169862659,0.35739888017158367,0.7380583882331848,0.655960202217102,0.3093335032463074
Face,no_mask,23456,188,-0.10885448150351884,0.465508612861614,0.8078761696815491,0.37870165705680847,0.006027338095009327
Face,no_mask,23456,218,0.06900546894420231,0.16537844219830594,0.714582085609436,0.39650195837020874,0.1275690793991089
Face,no_mask,23456,287,-0.08487783253015832,0.31233976606333375,0.6842281818389893,0.492418497800827,0.10300680249929428
Face,no_mask,23456,292,0.004968587852311689,0.2765512002687273,0.7032899260520935,0.5201716423034668,0.17433466017246246
Face,no_mask,23456,295,-0.24204612686841354,0.4104511684944815,0.7587061524391174,0.33427873253822327,0.05644757300615311
Face,no_mask,23456,340,0.03350432815912351,0.21113616335271868,0.6707050800323486,0.4762227535247803,0.32801997661590576
Face,no_mask,23456,375,-0.039865723675565345,0.11772990833071793,0.8963269591331482,0.5548664331436157,0.024099141359329224
Face,no_mask,23456,384,0.24326992837085837,0.2792134023253621,0.7580951452255249,0.6878092288970947,0.48877766728401184
Face,no_mask,23456,415,-0.05509911849476637,0.4838711655406093,0.5655245184898376,0.6351816654205322,0.2715051770210266
Face,no_mask,23456,434,0.21999179207973893,0.23667577551796512,0.627421498298645,0.5804285407066345,0.2785986363887787
Face,no_mask,23456,465,-0.26185180566849175,0.25376635526277724,0.6909180879592896,0.4172815680503845,0.19005441665649414
Face,no_mask,23456,498,-0.09827080276343417,0.36302959292950704,0.6971679925918579,0.4974979758262634,0.4112841486930847
Face,no_mask,23456,507,-0.08830763713841198,0.42238484911767316,0.7832732200622559,0.49136680364608765,0.17527958750724792
Face,no_mask,23456,529,0.14550764545799072,0.43534017901303834,0.6264057755470276,0.7014161348342896,0.3746725022792816
Face,no_mask,23456,561,0.2496090172168845,0.18600652560642025,0.6463881731033325,0.48994380235671997,0.25678813457489014
Face,no_mask,23456,588,0.09252975020090766,0.1969034294157411,0.7208109498023987,0.4504275619983673,0.045496128499507904
Face,no_mask,23456,606,0.22353276182124987,0.3238223793197822,0.6165356040000916,0.5277535319328308,0.09381549805402756
Face,no_mask,23456,678,0.04959864324485696,0.29347765323560093,0.768110454082489,0.5412991642951965,0.13832759857177734
Face,no_mask,23456,708,0.002005270720972045,0.154315807829144,0.8123711943626404,0.5943241119384766,0.36485564708709717
Face,no_mask,23456,756,-0.0652215300155944,0.40611404899262865,0.7263005971908569,0.4961755871772766,0.23267993330955505
Face,no_mask,23456,762,0.09709325523855605,0.1708951331728269,0.6789796948432922,0.6746671199798584,0.5576552748680115
Face,no_mask,23456,781,-0.12073069703006295,0.33955207183906744,0.7394054532051086,0.6308696269989014,0.24746254086494446
Face,no_mask,23456,789,0.1927258194845411,0.23317832247288311,0.6788968443870544,0.6441705822944641,0.22557806968688965
Face,no_mask,23456,817,0.13770521667788593,0.3290948254665668,0.8206324577331543,0.592598021030426,0.17577259242534637
Face,no_mask,23456,820,0.045180635617497515,0.34724322453470313,0.7016265392303467,0.4855695366859436,0.3636639416217804
Face,no_mask,23456,838,0.04108272778303398,0.3026708976945416,0.7041263580322266,0.6512019634246826,0.16391022503376007
Face,no_mask,23456,877,0.024574783892140163,0.17695330937381726,0.7388306260108948,0.8012778759002686,0.8124334812164307
Face,no_mask,23456,887,0.10499220172241594,0.22249950848823416,0.7051870822906494,0.4973738193511963,0.13058003783226013
Face,no_mask,23456,973,0.1364344935711245,0.3291750528902449,0.6767652630805969,0.560070276260376,0.2977537214756012
Face,no_mask_repeat,23456,1,-0.11476644064249837,0.1690242643769176,0.6580406427383423,0.7099741101264954,0.4602189362049103
Face,no_mask_repeat,23456,16,-0.2569221893115044,0.24259876884287565,0.7021023035049438,0.30868420004844666,0.024456478655338287
Face,no_mask_repeat,23456,20,0.15157159674181664,0.27471437609564175,0.6433501243591309,0.7495420575141907,0.4614407420158386
Face,no_mask_repeat,23456,51,0.30538520504581845,0.2957821103232922,0.6921014785766602,0.44287922978401184,-0.008457927964627743
Face,no_mask_repeat,23456,77,-0.14191125356728457,0.22433477836055102,0.7022069096565247,0.46249252557754517,-0.008135294541716576
Face,no_mask_repeat,23456,135,0.14423749377929876,0.39600042755420267,0.7174974083900452,0.5486689805984497,0.3609493672847748
Face,no_mask_repeat,23456,158,-0.2645626987065635,0.23453994373165474,0.8145337104797363,0.5098157525062561,0.27614015340805054
Face,no_mask_repeat,23456,177,0.01072325169862659,0.35739888017158367,0.7380583882331848,0.655960202217102,0.3093335032463074
Face,no_mask_repeat,23456,188,-0.10885448150351884,0.465508612861614,0.8078761696815491,0.37870165705680847,0.006027338095009327
Face,no_mask_repeat,23456,218,0.06900546894420231,0.16537844219830594,0.714582085609436,0.39650195837020874,0.1275690793991089
Face,no_mask_repeat,23456,287,-0.08487783253015832,0.31233976606333375,0.6842281818389893,0.492418497800827,0.10300680249929428
Face,no_mask_repeat,23456,292,0.004968587852311689,0.2765512002687273,0.7032899260520935,0.5201716423034668,0.17433466017246246
Face,no_mask_repeat,23456,295,-0.24204612686841354,0.4104511684944815,0.7587061524391174,0.33427873253822327,0.05644757300615311
Face,no_mask_repeat,23456,340,0.03350432815912351,0.21113616335271868,0.6707050800323486,0.4762227535247803,0.32801997661590576
Face,no_mask_repeat,23456,375,-0.039865723675565345,0.11772990833071793,0.8963269591331482,0.5548664331436157,0.024099141359329224
Face,no_mask_repeat,23456,384,0.24326992837085837,0.2792134023253621,0.7580951452255249,0.6878092288970947,0.48877766728401184
Face,no_mask_repeat,23456,415,-0.05509911849476637,0.4838711655406093,0.5655245184898376,0.6351816654205322,0.2715051770210266
Face,no_mask_repeat,23456,434,0.21999179207973893,0.23667577551796512,0.627421498298645,0.5804285407066345,0.2785986363887787
Face,no_mask_repeat,23456,465,-0.26185180566849175,0.25376635526277724,0.6909180879592896,0.4172815680503845,0.19005441665649414
Face,no_mask_repeat,23456,498,-0.09827080276343417,0.36302959292950704,0.6971679925918579,0.4974979758262634,0.4112841486930847
Face,no_mask_repeat,23456,507,-0.08830763713841198,0.42238484911767316,0.7832732200622559,0.49136680364608765,0.17527958750724792
Face,no_mask_repeat,23456,529,0.14550764545799072,0.43534017901303834,0.6264057755470276,0.7014161348342896,0.3746725022792816
Face,no_mask_repeat,23456,561,0.2496090172168845,0.18600652560642025,0.6463881731033325,0.48994380235671997,0.25678813457489014
Face,no_mask_repeat,23456,588,0.09252975020090766,0.1969034294157411,0.7208109498023987,0.4504275619983673,0.045496128499507904
Face,no_mask_repeat,23456,606,0.22353276182124987,0.3238223793197822,0.6165356040000916,0.5277535319328308,0.09381549805402756
Face,no_mask_repeat,23456,678,0.04959864324485696,0.29347765323560093,0.768110454082489,0.5412991642951965,0.13832759857177734
Face,no_mask_repeat,23456,708,0.002005270720972045,0.154315807829144,0.8123711943626404,0.5943241119384766,0.36485564708709717
Face,no_mask_repeat,23456,756,-0.0652215300155944,0.40611404899262865,0.7263005971908569,0.4961755871772766,0.23267993330955505
Face,no_mask_repeat,23456,762,0.09709325523855605,0.1708951331728269,0.6789796948432922,0.6746671199798584,0.5576552748680115
Face,no_mask_repeat,23456,781,-0.12073069703006295,0.33955207183906744,0.7394054532051086,0.6308696269989014,0.24746254086494446
Face,no_mask_repeat,23456,789,0.1927258194845411,0.23317832247288311,0.6788968443870544,0.6441705822944641,0.22557806968688965
Face,no_mask_repeat,23456,817,0.13770521667788593,0.3290948254665668,0.8206324577331543,0.592598021030426,0.17577259242534637
Face,no_mask_repeat,23456,820,0.045180635617497515,0.34724322453470313,0.7016265392303467,0.4855695366859436,0.3636639416217804
Face,no_mask_repeat,23456,838,0.04108272778303398,0.3026708976945416,0.7041263580322266,0.6512019634246826,0.16391022503376007
Face,no_mask_repeat,23456,877,0.024574783892140163,0.17695330937381726,0.7388306260108948,0.8012778759002686,0.8124334812164307
Face,no_mask_repeat,23456,887,0.10499220172241594,0.22249950848823416,0.7051870822906494,0.4973738193511963,0.13058003783226013
Face,no_mask_repeat,23456,973,0.1364344935711245,0.3291750528902449,0.6767652630805969,0.560070276260376,0.2977537214756012
Face,Body_unrelated_equal4_mean,34567,1,0.0911431141826627,0.2022234115938048,0.6747509241104126,0.7633304595947266,0.5271911025047302
Face,Body_unrelated_equal4_mean,34567,16,-0.16809711086050336,0.206707493084013,0.6667441725730896,0.3147708475589752,0.060471124947071075
Face,Body_unrelated_equal4_mean,34567,20,0.06216232850952113,0.20334090805694374,0.6254174709320068,0.6530644297599792,0.2269986867904663
Face,Body_unrelated_equal4_mean,34567,51,-0.26124741614181823,0.26026927289900553,0.7931736707687378,0.4266694486141205,0.00204351544380188
Face,Body_unrelated_equal4_mean,34567,77,-0.05018986664553992,0.2507941298712894,0.7376490235328674,0.5601094961166382,0.17969435453414917
Face,Body_unrelated_equal4_mean,34567,135,-0.03271137102507787,0.468163627030306,0.6584362387657166,0.5366983413696289,0.09408688545227051
Face,Body_unrelated_equal4_mean,34567,158,-0.12966883150296535,0.27061022404508805,0.8429526686668396,0.46899181604385376,0.09113677591085434
Face,Body_unrelated_equal4_mean,34567,177,0.2496076560743432,0.2634916648176712,0.6346054077148438,0.5738998651504517,0.1332564502954483
Face,Body_unrelated_equal4_mean,34567,188,0.047345725213194224,0.34468289536165614,0.7360121011734009,0.4233456254005432,0.019783249124884605
Face,Body_unrelated_equal4_mean,34567,218,0.08845468718566646,0.17035595974155548,0.7106955051422119,0.6683383584022522,0.4668370485305786
Face,Body_unrelated_equal4_mean,34567,287,-0.11816193466876997,0.2693973374373037,0.7052723169326782,0.4839627742767334,0.09418310225009918
Face,Body_unrelated_equal4_mean,34567,292,-0.13640318871793264,0.27530517224507345,0.674174427986145,0.3604607582092285,0.02591557428240776
Face,Body_unrelated_equal4_mean,34567,295,-0.06548091379421309,0.4091881778251383,0.6922252178192139,0.6424365639686584,0.643449068069458
Face,Body_unrelated_equal4_mean,34567,340,0.2581710182077823,0.1859020842049017,0.6438714265823364,0.5766241550445557,0.2961715757846832
Face,Body_unrelated_equal4_mean,34567,375,-0.0219071031561343,0.12412983716681451,0.834764301776886,0.559170126914978,0.06181202828884125
Face,Body_unrelated_equal4_mean,34567,384,-0.23743480804028966,0.2681306499390093,0.8140502572059631,0.621374249458313,0.3464704155921936
Face,Body_unrelated_equal4_mean,34567,415,0.04665242913185126,0.40773324534517064,0.637813150882721,0.5594328045845032,0.08228731155395508
Face,Body_unrelated_equal4_mean,34567,434,-0.15253549523864793,0.20281907114889555,0.6318145394325256,0.5185308456420898,0.15102724730968475
Face,Body_unrelated_equal4_mean,34567,465,0.07385480472298407,0.24526195779899695,0.6257598996162415,0.44520631432533264,0.1636289656162262
Face,Body_unrelated_equal4_mean,34567,498,0.047505028503555195,0.3532496898636297,0.7120311856269836,0.48824381828308105,0.4163551330566406
Face,Body_unrelated_equal4_mean,34567,507,-0.05278285584963241,0.3911709208902137,0.7533653974533081,0.47805196046829224,0.1612442582845688
Face,Body_unrelated_equal4_mean,34567,529,0.25969386168531183,0.3828859676218949,0.7013881802558899,0.6140464544296265,0.1777888536453247
Face,Body_unrelated_equal4_mean,34567,561,0.0837610114835868,0.16755647312239663,0.6837674975395203,0.5693851709365845,0.40750664472579956
Face,Body_unrelated_equal4_mean,34567,588,0.03255620558685529,0.15898919893573876,0.7263822555541992,0.3590792119503021,0.005922159180045128
Face,Body_unrelated_equal4_mean,34567,606,0.10859279539333769,0.29452673575684807,0.6456918716430664,0.41878199577331543,0.06838254630565643
Face,Body_unrelated_equal4_mean,34567,678,-0.0577763862073652,0.3334291635053109,0.7166920304298401,0.6077895760536194,0.23972481489181519
Face,Body_unrelated_equal4_mean,34567,708,-0.21032141415875577,0.20246782266634009,0.8364856243133545,0.6254047155380249,0.27423804998397827
Face,Body_unrelated_equal4_mean,34567,756,-0.071064502901336,0.4555730169940301,0.7561272382736206,0.6004571318626404,0.27627378702163696
Face,Body_unrelated_equal4_mean,34567,762,-0.04590832365802794,0.19854071313432628,0.6594430208206177,0.7178241610527039,0.36457690596580505
Face,Body_unrelated_equal4_mean,34567,781,-0.01639208591835801,0.42155081878556905,0.6239403486251831,0.7471104860305786,0.39058762788772583
Face,Body_unrelated_equal4_mean,34567,789,0.08260816601218367,0.2174582815241876,0.6580396890640259,0.4712606370449066,0.1531418114900589
Face,Body_unrelated_equal4_mean,34567,817,0.15963252868379932,0.24053665289853665,0.7854551672935486,0.7755294442176819,0.6179666519165039
Face,Body_unrelated_equal4_mean,34567,820,-0.11279023364867337,0.33867170004492686,0.6876177787780762,0.4310886859893799,0.24272416532039642
Face,Body_unrelated_equal4_mean,34567,838,-0.02333869647119418,0.3032598876059354,0.7240639328956604,0.5307206511497498,0.21723991632461548
Face,Body_unrelated_equal4_mean,34567,877,-0.07997800468919739,0.22295839131046363,0.7550246715545654,0.7108284831047058,0.7324197888374329
Face,Body_unrelated_equal4_mean,34567,887,0.10417829109071619,0.19603354224350467,0.6693628430366516,0.6126483678817749,0.34016358852386475
Face,Body_unrelated_equal4_mean,34567,973,0.10303498330447403,0.33406852608229864,0.7527577877044678,0.5072433352470398,0.15369628369808197
Face,Face_full_mean,34567,1,0.09470302309613828,0.2115161246798579,0.6701897382736206,0.7456870079040527,0.5493574142456055
Face,Face_full_mean,34567,16,-0.17773904387675957,0.2018654880840362,0.678152322769165,0.354337602853775,0.03999682515859604
Face,Face_full_mean,34567,20,-0.03591448938682267,0.22224808719078543,0.5733440518379211,0.7206943035125732,0.47335559129714966
Face,Face_full_mean,34567,51,-0.24758641560356698,0.2845551119781321,0.7761911153793335,0.4064384996891022,0.013156330212950706
Face,Face_full_mean,34567,77,-0.0802125338584329,0.23336510302650232,0.7264881730079651,0.5340495109558105,0.19294512271881104
Face,Face_full_mean,34567,135,-0.04081269515875423,0.4634621034380182,0.656390905380249,0.5385811924934387,0.0964612066745758
Face,Face_full_mean,34567,158,-0.12847235181797595,0.27497563813698817,0.8064932227134705,0.45014244318008423,0.2541674077510834
Face,Face_full_mean,34567,177,0.2509386687160783,0.3025496773131297,0.5982792973518372,0.6094368696212769,0.1724664866924286
Face,Face_full_mean,34567,188,0.028123118107570264,0.37025826125540384,0.8110737204551697,0.3989497423171997,0.08255652338266373
Face,Face_full_mean,34567,218,0.09436006355387659,0.17286490041052555,0.7004737854003906,0.6234794855117798,0.4470460116863251
Face,Face_full_mean,34567,287,-0.12478504226864594,0.27941580086533424,0.7056460380554199,0.5451245307922363,0.16231036186218262
Face,Face_full_mean,34567,292,-0.0799325953036615,0.3296139067531317,0.7634081244468689,0.5116347670555115,0.05171218514442444
Face,Face_full_mean,34567,295,-0.062490707626151956,0.4443137870229554,0.723029613494873,0.5246269702911377,0.31206637620925903
Face,Face_full_mean,34567,340,0.25395050864761826,0.19142497133750033,0.6574357151985168,0.5319353342056274,0.34732717275619507
Face,Face_full_mean,34567,375,-0.018228663101549244,0.1251111528465502,0.8435668349266052,0.570652186870575,0.05651108920574188
Face,Face_full_mean,34567,384,-0.19575164963383682,0.29150769207027033,0.803433895111084,0.6753714680671692,0.37256014347076416
Face,Face_full_mean,34567,415,0.03593699731571063,0.4187874245637107,0.6354076862335205,0.5864313840866089,0.10805991291999817
Face,Face_full_mean,34567,434,-0.08679574470565048,0.20464552284186224,0.6153225898742676,0.42440855503082275,0.14667542278766632
Face,Face_full_mean,34567,465,0.08047472236785343,0.2550673203918674,0.6269887685775757,0.43608659505844116,0.16802442073822021
Face,Face_full_mean,34567,498,0.03914991892209538,0.31927286936858335,0.7212700247764587,0.5466678142547607,0.21410030126571655
Face,Face_full_mean,34567,507,0.01695685323481379,0.3609200521389268,0.7070562839508057,0.5543045401573181,0.2788599133491516
Face,Face_full_mean,34567,529,0.2640633496283354,0.41017976488626995,0.6846029758453369,0.6184166669845581,0.23440606892108917
Face,Face_full_mean,34567,561,0.0801817881760977,0.1680045844948008,0.6774954795837402,0.5105288028717041,0.39614352583885193
Face,Face_full_mean,34567,588,0.03355741118833468,0.16239192872575442,0.7467520236968994,0.4057462811470032,0.020567990839481354
Face,Face_full_mean,34567,606,0.11267224679784485,0.3076357922953385,0.6466137170791626,0.41674157977104187,0.06275985389947891
Face,Face_full_mean,34567,678,0.021333059423273164,0.35778503587781046,0.7160438299179077,0.5852845907211304,0.2182185798883438
Face,Face_full_mean,34567,708,-0.219485210909289,0.20769400760665288,0.8204567432403564,0.6894517540931702,0.24001413583755493
Face,Face_full_mean,34567,756,-0.00017570506681705128,0.47625427507952095,0.7209453582763672,0.5730987787246704,0.21659760177135468
Face,Face_full_mean,34567,762,-0.033263387971843916,0.21645273212428356,0.6613012552261353,0.7046581506729126,0.37182050943374634
Face,Face_full_mean,34567,781,-0.010601264784954153,0.44818153385439435,0.660137951374054,0.7368569374084473,0.19838443398475647
Face,Face_full_mean,34567,789,0.0952527059369492,0.22596704959865524,0.6789582967758179,0.40487492084503174,0.15654730796813965
Face,Face_full_mean,34567,817,0.11095583020995037,0.1825553727559073,0.7785561084747314,0.7571207880973816,0.546642005443573
Face,Face_full_mean,34567,820,-0.1485611622568355,0.3486698161849009,0.6955345273017883,0.45668530464172363,0.30769431591033936
Face,Face_full_mean,34567,838,0.029637759964062666,0.3035663845652683,0.6994391679763794,0.612194836139679,0.2629849314689636
Face,Face_full_mean,34567,877,-0.08423140869608317,0.20065058647666353,0.7433225512504578,0.807456374168396,0.7598333954811096
Face,Face_full_mean,34567,887,0.0891161237839547,0.20177358162895906,0.6669076681137085,0.5457673072814941,0.28911903500556946
Face,Face_full_mean,34567,973,0.08953366877337599,0.33484315563600947,0.7589157819747925,0.49170592427253723,0.16033969819545746
Face,Face_random_full_01_mean,34567,1,0.10306889638835288,0.20563236470354845,0.6889450550079346,0.7569233775138855,0.5526995062828064
Face,Face_random_full_01_mean,34567,16,-0.16186451889133735,0.20364511808164354,0.6775850057601929,0.34769177436828613,0.06051448732614517
Face,Face_random_full_01_mean,34567,20,-0.03468127251188007,0.22734803503208692,0.5722626447677612,0.6980818510055542,0.4340555667877197
Face,Face_random_full_01_mean,34567,51,-0.2618102601622261,0.26694337371834,0.760629415512085,0.4134349524974823,0.011608228087425232
Face,Face_random_full_01_mean,34567,77,-0.08638517160491964,0.22637069597707815,0.712699830532074,0.5591068267822266,0.23030127584934235
Face,Face_random_full_01_mean,34567,135,-0.033819271546308385,0.4586974743834407,0.6614134311676025,0.5619431734085083,0.08416733145713806
Face,Face_random_full_01_mean,34567,158,-0.1394451314408144,0.2609313593204301,0.8026838302612305,0.3916284143924713,0.1315358430147171
Face,Face_random_full_01_mean,34567,177,0.2815896766716657,0.3075319793304792,0.6068075895309448,0.6216835379600525,0.22434821724891663
Face,Face_random_full_01_mean,34567,188,0.042915453806161324,0.36342965180834114,0.7821752429008484,0.34427371621131897,0.06770335137844086
Face,Face_random_full_01_mean,34567,218,0.09790078685103448,0.16833380212504181,0.6821571588516235,0.6650829315185547,0.4897204339504242
Face,Face_random_full_01_mean,34567,287,-0.12431839866339305,0.2804950641726647,0.7008064389228821,0.5279654264450073,0.1615593135356903
Face,Face_random_full_01_mean,34567,292,-0.07809525972407208,0.31461600747727925,0.7114576101303101,0.37498989701271057,0.02862069383263588
Face,Face_random_full_01_mean,34567,295,-0.06769150325398193,0.41880025645425173,0.7025781869888306,0.539474368095398,0.28780198097229004
Face,Face_random_full_01_mean,34567,340,0.25764666258130514,0.19597422856883,0.6479108333587646,0.5413497090339661,0.36983203887939453
Face,Face_random_full_01_mean,34567,375,-0.025462897924602653,0.12315899225424694,0.8358129858970642,0.5846123099327087,0.02175271511077881
Face,Face_random_full_01_mean,34567,384,-0.20162497466109996,0.2905241681443714,0.8060252666473389,0.6821895837783813,0.3459630608558655
Face,Face_random_full_01_mean,34567,415,0.05156927051648549,0.4047721627283297,0.654198944568634,0.5495550036430359,0.06886935979127884
Face,Face_random_full_01_mean,34567,434,-0.09786468717868436,0.20477060348151982,0.6203173995018005,0.46742814779281616,0.19471876323223114
Face,Face_random_full_01_mean,34567,465,0.061270942605642954,0.26168924422608175,0.6386928558349609,0.3635298013687134,0.04696355760097504
Face,Face_random_full_01_mean,34567,498,0.04387282980781656,0.3247921524757112,0.7149801254272461,0.5733641982078552,0.1258549839258194
Face,Face_random_full_01_mean,34567,507,0.03302101555410387,0.3662759957110905,0.7220563888549805,0.522559642791748,0.20229114592075348
Face,Face_random_full_01_mean,34567,529,0.25204558666205973,0.3955149045533615,0.6755171418190002,0.6227207183837891,0.1742369383573532
Face,Face_random_full_01_mean,34567,561,0.09175454059116488,0.1724581708558143,0.6862305998802185,0.6047730445861816,0.4069215655326843
Face,Face_random_full_01_mean,34567,588,0.0598924917910413,0.15582056369954136,0.7513543367385864,0.464283287525177,0.03514636307954788
Face,Face_random_full_01_mean,34567,606,0.1355614294489813,0.31530899105842025,0.6426191329956055,0.43772637844085693,0.06626418232917786
Face,Face_random_full_01_mean,34567,678,0.029639905222594368,0.363825793525886,0.7178787589073181,0.5912387371063232,0.2438858300447464
Face,Face_random_full_01_mean,34567,708,-0.21235522802777013,0.20772444646604613,0.8219640254974365,0.6926645636558533,0.2390928566455841
Face,Face_random_full_01_mean,34567,756,0.0007066388545855207,0.48075550372293074,0.7232159376144409,0.5706394910812378,0.2182522714138031
Face,Face_random_full_01_mean,34567,762,-0.0333639034797052,0.21212029368446825,0.6574981212615967,0.6850906610488892,0.35080066323280334
Face,Face_random_full_01_mean,34567,781,-0.014132054104469055,0.4521145853528127,0.6527373194694519,0.722303569316864,0.3244871497154236
Face,Face_random_full_01_mean,34567,789,0.09586314513389758,0.22301624664675662,0.6713820695877075,0.41659826040267944,0.15208691358566284
Face,Face_random_full_01_mean,34567,817,0.12692133212078613,0.18061357848094703,0.7953299283981323,0.7554313540458679,0.4768452048301697
Face,Face_random_full_01_mean,34567,820,-0.14453421575313746,0.3496231884969351,0.6952745318412781,0.4437313973903656,0.25884419679641724
Face,Face_random_full_01_mean,34567,838,-0.013912918967409782,0.3175863747330369,0.7183679938316345,0.5663666129112244,0.27997714281082153
Face,Face_random_full_01_mean,34567,877,-0.07252844812986599,0.20223774833514238,0.7439733743667603,0.817743718624115,0.7823469638824463
Face,Face_random_full_01_mean,34567,887,0.09483077322168282,0.20370807698389748,0.6623375415802002,0.7107473611831665,0.2345808446407318
Face,Face_random_full_01_mean,34567,973,0.09048943581404734,0.3378006898245374,0.7570328712463379,0.5005614161491394,0.1500750482082367
Face,Face_random_full_02_mean,34567,1,0.10202184514209678,0.20444051279602551,0.6819946765899658,0.7197911739349365,0.4671497941017151
Face,Face_random_full_02_mean,34567,16,-0.1688294859990726,0.1974427868498759,0.6780103445053101,0.3359200358390808,0.04919811710715294
Face,Face_random_full_02_mean,34567,20,-0.008631761273604118,0.20975471116418837,0.5831561088562012,0.6607311964035034,0.29475876688957214
Face,Face_random_full_02_mean,34567,51,-0.2831382925404253,0.28199015427078855,0.7711412906646729,0.4269808530807495,-0.04291476309299469
Face,Face_random_full_02_mean,34567,77,-0.07235183325108159,0.22715846186508593,0.7151111960411072,0.5747647285461426,0.2721988558769226
Face,Face_random_full_02_mean,34567,135,-0.03503273389152257,0.460445988628496,0.6618354916572571,0.5254197120666504,0.0578099749982357
Face,Face_random_full_02_mean,34567,158,-0.13327390719773982,0.26694157209679364,0.7920963168144226,0.5128310322761536,0.18946079909801483
Face,Face_random_full_02_mean,34567,177,0.2509743081849053,0.3037286890051047,0.5920379161834717,0.6079241037368774,0.17876972258090973
Face,Face_random_full_02_mean,34567,188,0.022019333564614718,0.36678053203494443,0.7914352416992188,0.43018436431884766,0.0325106680393219
Face,Face_random_full_02_mean,34567,218,0.09489633309237745,0.1762932195754229,0.6957885026931763,0.49943989515304565,0.48193156719207764
Face,Face_random_full_02_mean,34567,287,-0.13554499126889363,0.2815181632309719,0.7014471888542175,0.5476005673408508,0.1780390441417694
Face,Face_random_full_02_mean,34567,292,-0.12579754706284296,0.32145396537895854,0.6947324872016907,0.5307328701019287,0.07065147161483765
Face,Face_random_full_02_mean,34567,295,-0.048935750875073326,0.4587634347779402,0.736158013343811,0.5677533149719238,0.434718519449234
Face,Face_random_full_02_mean,34567,340,0.2505095921400914,0.18744529953121147,0.6585626602172852,0.6430662870407104,0.37309491634368896
Face,Face_random_full_02_mean,34567,375,-0.019325739057612423,0.12482206798711347,0.8309491872787476,0.574376106262207,0.04365153983235359
Face,Face_random_full_02_mean,34567,384,-0.20870028197688265,0.2893593953913209,0.8028604388237,0.6708337664604187,0.34742146730422974
Face,Face_random_full_02_mean,34567,415,0.020565147281259737,0.41982343072399836,0.6344505548477173,0.5451459884643555,0.03957138955593109
Face,Face_random_full_02_mean,34567,434,-0.07762964697078284,0.20958245071331985,0.6128703951835632,0.34491443634033203,0.13153201341629028
Face,Face_random_full_02_mean,34567,465,0.05544930640690688,0.25951616638463315,0.6423451900482178,0.40414857864379883,0.12046626955270767
Face,Face_random_full_02_mean,34567,498,0.022731127171334194,0.3305117732816777,0.7140501737594604,0.38502538204193115,0.29945799708366394
Face,Face_random_full_02_mean,34567,507,0.07279988156018453,0.3799148543787678,0.6928125619888306,0.4628984332084656,0.16964735090732574
Face,Face_random_full_02_mean,34567,529,0.2633747496090882,0.401151366331791,0.692046046257019,0.6127104163169861,0.26140502095222473
Face,Face_random_full_02_mean,34567,561,0.09290379862726686,0.17764276607642737,0.6799126863479614,0.5350237488746643,0.34460127353668213
Face,Face_random_full_02_mean,34567,588,0.035287623728774,0.16248798387623697,0.7475979328155518,0.4116625189781189,0.026937590911984444
Face,Face_random_full_02_mean,34567,606,0.1033252020879573,0.3027888127888186,0.6531991958618164,0.3411235809326172,-0.018452491611242294
Face,Face_random_full_02_mean,34567,678,0.02987337404365209,0.35746436154875416,0.7162947058677673,0.5699688196182251,0.22976072132587433
Face,Face_random_full_02_mean,34567,708,-0.21981511756514036,0.20636973654906854,0.8309746384620667,0.7263009548187256,0.31699180603027344
Face,Face_random_full_02_mean,34567,756,0.011506121568855656,0.4732959824632388,0.7243343591690063,0.5852120518684387,0.19827178120613098
Face,Face_random_full_02_mean,34567,762,-0.0244471509427089,0.21848347173697819,0.6603614091873169,0.6763674020767212,0.30360108613967896
Face,Face_random_full_02_mean,34567,781,-0.003095150895918798,0.4454014084207645,0.6217259764671326,0.7867173552513123,0.2624017298221588
Face,Face_random_full_02_mean,34567,789,0.07900822059216214,0.2263418981919604,0.6972904205322266,0.48073703050613403,0.13062918186187744
Face,Face_random_full_02_mean,34567,817,0.1369409102252499,0.20832090217882546,0.786279022693634,0.773949146270752,0.484169065952301
Face,Face_random_full_02_mean,34567,820,-0.12905526528302771,0.3584359874637347,0.6988315582275391,0.5273414850234985,0.3184612989425659
Face,Face_random_full_02_mean,34567,838,-0.034450791352522984,0.3042842573189996,0.7223817110061646,0.5624894499778748,0.1777108609676361
Face,Face_random_full_02_mean,34567,877,-0.0854650640518373,0.1985392742811632,0.7445676326751709,0.804072380065918,0.7635296583175659
Face,Face_random_full_02_mean,34567,887,0.08646859408836197,0.19794083737760648,0.6853687763214111,0.5118613243103027,0.10432171821594238
Face,Face_random_full_02_mean,34567,973,0.09356060867212425,0.3439318597737129,0.7836770415306091,0.49740785360336304,0.1921512484550476
Face,Face_random_full_03_mean,34567,1,0.10496129357910458,0.213595780276331,0.6755548715591431,0.7812917828559875,0.5029515027999878
Face,Face_random_full_03_mean,34567,16,-0.17437472493786066,0.20212942729527306,0.677130937576294,0.35813623666763306,0.03324316069483757
Face,Face_random_full_03_mean,34567,20,-0.016173702836280713,0.228688346386373,0.5881017446517944,0.651267409324646,0.2548668682575226
Face,Face_random_full_03_mean,34567,51,-0.2599484992919768,0.26697202112439333,0.765253484249115,0.4248771667480469,0.0073700775392353535
Face,Face_random_full_03_mean,34567,77,-0.08784517017375655,0.22896735580490693,0.7200733423233032,0.5564063787460327,0.3325377106666565
Face,Face_random_full_03_mean,34567,135,-0.03396919079870045,0.4634002255629665,0.664260745048523,0.5365555882453918,0.08119217306375504
Face,Face_random_full_03_mean,34567,158,-0.13795852448012128,0.26139540021823787,0.7998396754264832,0.4619448781013489,0.20150862634181976
Face,Face_random_full_03_mean,34567,177,0.25390845128060874,0.30075657780274445,0.5994359254837036,0.625166118144989,0.19941872358322144
Face,Face_random_full_03_mean,34567,188,0.03074525993358718,0.3680235006986534,0.803821325302124,0.42422083020210266,0.09148585051298141
Face,Face_random_full_03_mean,34567,218,0.09095263643924362,0.17601680255276936,0.6889153718948364,0.6114041209220886,0.3942630887031555
Face,Face_random_full_03_mean,34567,287,-0.12667147844026808,0.28322559411850967,0.701491117477417,0.5284985303878784,0.14952903985977173
Face,Face_random_full_03_mean,34567,292,-0.10085555128680106,0.32633592410055523,0.7698698043823242,0.48417988419532776,0.0734827071428299
Face,Face_random_full_03_mean,34567,295,-0.050102936193675215,0.44976590071198513,0.7301498651504517,0.5338220596313477,0.5000340342521667
Face,Face_random_full_03_mean,34567,340,0.2552925891405654,0.19300535078283573,0.6563852429389954,0.5397403836250305,0.328058660030365
Face,Face_random_full_03_mean,34567,375,-0.02506737355259868,0.12127869227203543,0.8303706049919128,0.5815775394439697,0.028590839356184006
Face,Face_random_full_03_mean,34567,384,-0.1975733384231066,0.29126011926473727,0.8036463856697083,0.6876333951950073,0.3529840409755707
Face,Face_random_full_03_mean,34567,415,0.027888587980958605,0.41754520721863453,0.6413783431053162,0.5576788187026978,0.07466483116149902
Face,Face_random_full_03_mean,34567,434,-0.07591425698652783,0.209157179405007,0.6186879873275757,0.32749471068382263,0.058682881295681
Face,Face_random_full_03_mean,34567,465,0.03340319612711942,0.23802474123648587,0.6267232894897461,0.40716850757598877,0.14737093448638916
Face,Face_random_full_03_mean,34567,498,0.04088615770960301,0.33047777577018433,0.717673659324646,0.5308087468147278,0.12355118244886398
Face,Face_random_full_03_mean,34567,507,-0.0349622200136066,0.4002846919011356,0.7517444491386414,0.4723615348339081,0.12156123667955399
Face,Face_random_full_03_mean,34567,529,0.2752002019798806,0.41406803079685095,0.6768714785575867,0.6082893013954163,0.23881159722805023
Face,Face_random_full_03_mean,34567,561,0.08076035016115034,0.16689364069588247,0.6764574646949768,0.5354781746864319,0.36449530720710754
Face,Face_random_full_03_mean,34567,588,0.04501014202977297,0.15674912982310352,0.7401033639907837,0.3988257944583893,0.0264974907040596
Face,Face_random_full_03_mean,34567,606,0.11054751907896423,0.3113932742375199,0.6443485021591187,0.35467854142189026,0.004928043577820063
Face,Face_random_full_03_mean,34567,678,0.027292822947940613,0.3585830870922866,0.718237042427063,0.5887827277183533,0.2238849550485611
Face,Face_random_full_03_mean,34567,708,-0.2018746123947185,0.20832838353661182,0.8394629955291748,0.6008564829826355,0.2020120471715927
Face,Face_random_full_03_mean,34567,756,-0.007898805745524255,0.4652511675111216,0.7217445373535156,0.5835612416267395,0.2075335532426834
Face,Face_random_full_03_mean,34567,762,-0.03536779808486485,0.20774631255633674,0.6627827286720276,0.6907824277877808,0.4004613161087036
Face,Face_random_full_03_mean,34567,781,-0.027347348035307056,0.4417103008953158,0.6449439525604248,0.7278713583946228,0.31178608536720276
Face,Face_random_full_03_mean,34567,789,0.08878535032437804,0.2308069493759472,0.6817255616188049,0.476875364780426,0.28719258308410645
Face,Face_random_full_03_mean,34567,817,0.12191385478485896,0.2159503571435163,0.7824411988258362,0.7261446118354797,0.4888429045677185
Face,Face_random_full_03_mean,34567,820,-0.14476617662348135,0.34640835017359517,0.6967033743858337,0.4410431385040283,0.28366243839263916
Face,Face_random_full_03_mean,34567,838,0.044503135638949885,0.3043934350330738,0.6982742547988892,0.5955439209938049,0.23617719113826752
Face,Face_random_full_03_mean,34567,877,-0.08892281050560526,0.2000370374130007,0.7393457889556885,0.8187307119369507,0.7564179301261902
Face,Face_random_full_03_mean,34567,887,0.08404888840523662,0.20350040266510352,0.659650444984436,0.6838095188140869,0.21241037547588348
Face,Face_random_full_03_mean,34567,973,0.09498297056114034,0.34241874413829587,0.7615675330162048,0.46263280510902405,0.17218619585037231
Face,Face_random_full_04_mean,34567,1,0.10441871958093767,0.21717960403890815,0.6726000308990479,0.7841464281082153,0.5536952018737793
Face,Face_random_full_04_mean,34567,16,-0.1833569026899349,0.20406289050315563,0.6772289276123047,0.34227240085601807,0.04737318307161331
Face,Face_random_full_04_mean,34567,20,0.011097373291983915,0.23038546981569577,0.5791608691215515,0.7106741070747375,0.419198215007782
Face,Face_random_full_04_mean,34567,51,-0.24606865464487837,0.27946403054618574,0.7855719327926636,0.43552830815315247,0.002142876386642456
Face,Face_random_full_04_mean,34567,77,-0.08650250088048846,0.23313344893200652,0.7255135774612427,0.6078436374664307,0.22920849919319153
Face,Face_random_full_04_mean,34567,135,-0.04169128201277194,0.46517841288172956,0.6571112871170044,0.5166893601417542,0.06221507117152214
Face,Face_random_full_04_mean,34567,158,-0.14608534880621216,0.2640310063757351,0.8083521127700806,0.4251403212547302,0.1833973228931427
Face,Face_random_full_04_mean,34567,177,0.20940350223001125,0.2976191261874792,0.6257107257843018,0.5795010924339294,0.08405197411775589
Face,Face_random_full_04_mean,34567,188,0.026193561940571125,0.36980489515801285,0.8116375207901001,0.41455572843551636,0.09782546758651733
Face,Face_random_full_04_mean,34567,218,0.10785891821114468,0.17471640790002937,0.7023575901985168,0.6063377857208252,0.48630815744400024
Face,Face_random_full_04_mean,34567,287,-0.12430574858286575,0.280163745759532,0.7025026679039001,0.5521870851516724,0.16559496521949768
Face,Face_random_full_04_mean,34567,292,-0.1429300546885017,0.2443285135928119,0.6697176098823547,0.30616164207458496,0.05909771844744682
Face,Face_random_full_04_mean,34567,295,-0.037766495380890885,0.4387586593226111,0.7114040851593018,0.49281513690948486,0.5054045915603638
Face,Face_random_full_04_mean,34567,340,0.251096356306524,0.19494466872459343,0.6502222418785095,0.567887008190155,0.34265562891960144
Face,Face_random_full_04_mean,34567,375,-0.01940471593563039,0.12502592435745985,0.8482680916786194,0.5806574821472168,0.04246535152196884
Face,Face_random_full_04_mean,34567,384,-0.19534497342866397,0.29155826010443375,0.8039065599441528,0.6772059202194214,0.3711744546890259
Face,Face_random_full_04_mean,34567,415,0.02027294048546114,0.41852054339213984,0.6380721926689148,0.5709081888198853,0.06773646920919418
Face,Face_random_full_04_mean,34567,434,-0.08410724044994226,0.21419470615471098,0.6198056936264038,0.45040732622146606,0.15445855259895325
Face,Face_random_full_04_mean,34567,465,0.06221836087313745,0.24718301644705568,0.619408369064331,0.4095039367675781,0.18978163599967957
Face,Face_random_full_04_mean,34567,498,0.04458451152270458,0.31638257222103,0.7200815677642822,0.5525029301643372,0.17102651298046112
Face,Face_random_full_04_mean,34567,507,0.038163317353134954,0.403349381406961,0.7563568353652954,0.5096540451049805,0.26607418060302734
Face,Face_random_full_04_mean,34567,529,0.24493014417091463,0.4040962196450815,0.6830694675445557,0.5901879072189331,0.1351843923330307
Face,Face_random_full_04_mean,34567,561,0.08756616690626215,0.16378068283809302,0.6788172125816345,0.48802492022514343,0.37906426191329956
Face,Face_random_full_04_mean,34567,588,0.03320397219905765,0.1623865633967474,0.7446941137313843,0.4074981212615967,0.017222989350557327
Face,Face_random_full_04_mean,34567,606,0.12324288728143061,0.30768125257099194,0.6493797302246094,0.4141857624053955,0.05836010351777077
Face,Face_random_full_04_mean,34567,678,0.030421304885169698,0.353435014470691,0.7306299805641174,0.6001719236373901,0.24816042184829712
Face,Face_random_full_04_mean,34567,708,-0.2058257953748695,0.20733967041999352,0.8350179195404053,0.6905218958854675,0.31883013248443604
Face,Face_random_full_04_mean,34567,756,-0.006899561094038356,0.4477554652702171,0.7151119112968445,0.5791202783584595,0.22825169563293457
Face,Face_random_full_04_mean,34567,762,-0.040875761906673296,0.20979860056549957,0.6609828472137451,0.7145974636077881,0.3616073429584503
Face,Face_random_full_04_mean,34567,781,-0.024709126422111646,0.44927694424734954,0.6587387323379517,0.7532053589820862,0.22105970978736877
Face,Face_random_full_04_mean,34567,789,0.0935846619228754,0.21314477102987217,0.6914992332458496,0.36598479747772217,0.12538786232471466
Face,Face_random_full_04_mean,34567,817,0.12679187162201164,0.20507183137637,0.7782295346260071,0.7721896171569824,0.49745097756385803
Face,Face_random_full_04_mean,34567,820,-0.11144627838675543,0.35619916626917936,0.6939115524291992,0.5124106407165527,0.250357061624527
Face,Face_random_full_04_mean,34567,838,0.028616837840161048,0.3021623561206725,0.6944526433944702,0.5903018712997437,0.30513784289360046
Face,Face_random_full_04_mean,34567,877,-0.08549872987327464,0.2004641954506199,0.7445101737976074,0.8023394346237183,0.7613316774368286
Face,Face_random_full_04_mean,34567,887,0.0888531797037079,0.208778941973012,0.6649121642112732,0.6190788745880127,0.280062735080719
Face,Face_random_full_04_mean,34567,973,0.08327532819914235,0.33849926532065094,0.7640782594680786,0.4403056800365448,0.17413118481636047
Face,Face_random_full_05_mean,34567,1,0.09143089411270303,0.2120111566271765,0.6997032165527344,0.6554006934165955,0.49388623237609863
Face,Face_random_full_05_mean,34567,16,-0.161905214988227,0.2029173810633271,0.6827546954154968,0.3278256058692932,0.04066626727581024
Face,Face_random_full_05_mean,34567,20,-0.04333793046744508,0.2186488275058435,0.5805087089538574,0.7274507880210876,0.5454156398773193
Face,Face_random_full_05_mean,34567,51,-0.2651886587314501,0.2805350663539612,0.7718842029571533,0.44651222229003906,-0.026992492377758026
Face,Face_random_full_05_mean,34567,77,-0.0829875408373126,0.23295669822943155,0.7203360795974731,0.5630610585212708,0.22994768619537354
Face,Face_random_full_05_mean,34567,135,-0.039817730596473186,0.4641937811037292,0.6578465104103088,0.5355538129806519,0.09325207024812698
Face,Face_random_full_05_mean,34567,158,-0.13797934229829964,0.25848133376530036,0.794425904750824,0.4742407500743866,0.22218801081180573
Face,Face_random_full_05_mean,34567,177,0.24739633723534596,0.3003573242969331,0.5977988243103027,0.6262659430503845,0.17983482778072357
Face,Face_random_full_05_mean,34567,188,0.044016343682896586,0.3634646735484268,0.7842419147491455,0.3511549234390259,0.05356672406196594
Face,Face_random_full_05_mean,34567,218,0.09323513068206651,0.17332216017431437,0.7008759379386902,0.6242026090621948,0.42133647203445435
Face,Face_random_full_05_mean,34567,287,-0.12329211376412541,0.28138539484637326,0.7008242011070251,0.5414994955062866,0.16236047446727753
Face,Face_random_full_05_mean,34567,292,-0.09907991720226189,0.3147846606475877,0.6874126195907593,0.5090910792350769,0.1261671483516693
Face,Face_random_full_05_mean,34567,295,-0.06591026588737539,0.45051893300725776,0.7150274515151978,0.469057559967041,0.4547710120677948
Face,Face_random_full_05_mean,34567,340,0.2600431870354352,0.19436588007543942,0.6538646817207336,0.5359058976173401,0.3225964307785034
Face,Face_random_full_05_mean,34567,375,-0.02892231984998208,0.12353088484564587,0.8477098345756531,0.5937157273292542,0.01883064955472946
Face,Face_random_full_05_mean,34567,384,-0.19551604474464046,0.2915029142306046,0.8035323619842529,0.6876958012580872,0.35964348912239075
Face,Face_random_full_05_mean,34567,415,0.047288408060445764,0.409070876216444,0.6459226012229919,0.5505525469779968,0.0596640408039093
Face,Face_random_full_05_mean,34567,434,-0.09236091843307238,0.2052727822412691,0.618111252784729,0.45189473032951355,0.13992969691753387
Face,Face_random_full_05_mean,34567,465,0.09196781223048536,0.25617581759894054,0.6305158138275146,0.43417584896087646,0.13082735240459442
Face,Face_random_full_05_mean,34567,498,0.042034486206278816,0.32043346405424117,0.7189701199531555,0.5324550271034241,0.18919730186462402
Face,Face_random_full_05_mean,34567,507,0.007367554329544502,0.36595193397727577,0.7369215488433838,0.5693408846855164,0.19041436910629272
Face,Face_random_full_05_mean,34567,529,0.27171203441711184,0.40958394574442303,0.6850261092185974,0.6293140053749084,0.22839635610580444
Face,Face_random_full_05_mean,34567,561,0.09207886424723971,0.16493342414995818,0.6873981952667236,0.5243715047836304,0.407656729221344
Face,Face_random_full_05_mean,34567,588,0.04652826739227579,0.15855365780195782,0.7433393597602844,0.42701172828674316,0.02257368341088295
Face,Face_random_full_05_mean,34567,606,0.11428518598995976,0.3057239599408807,0.6492835283279419,0.4101783335208893,0.08818338066339493
Face,Face_random_full_05_mean,34567,678,0.020553560756568424,0.3578354664631573,0.7223236560821533,0.5724102258682251,0.23398523032665253
Face,Face_random_full_05_mean,34567,708,-0.21627010508813835,0.20740216671127712,0.823814868927002,0.6749894022941589,0.20112550258636475
Face,Face_random_full_05_mean,34567,756,-0.007854769791601879,0.47944879873994234,0.7250597476959229,0.5818774700164795,0.1979340761899948
Face,Face_random_full_05_mean,34567,762,-0.035736009292720215,0.21013012619726676,0.661245584487915,0.6752846837043762,0.37784409523010254
Face,Face_random_full_05_mean,34567,781,-0.02976484145420215,0.4560182042607302,0.657723605632782,0.6970285177230835,0.2233234941959381
Face,Face_random_full_05_mean,34567,789,0.09552831950789467,0.22122062509772075,0.673818826675415,0.4520209729671478,0.1532101184129715
Face,Face_random_full_05_mean,34567,817,0.13154479676177783,0.18645620169022792,0.7961364388465881,0.7459958791732788,0.48889055848121643
Face,Face_random_full_05_mean,34567,820,-0.140486949868417,0.3492502350393776,0.6987147331237793,0.5577406883239746,0.31743329763412476
Face,Face_random_full_05_mean,34567,838,-0.021735716291052996,0.30197785674627803,0.7269518971443176,0.5246223211288452,0.25219443440437317
Face,Face_random_full_05_mean,34567,877,-0.08255779582979911,0.19890210064621572,0.738722562789917,0.8058010339736938,0.7573777437210083
Face,Face_random_full_05_mean,34567,887,0.08209129358411298,0.20298232409901945,0.6579558849334717,0.6809174418449402,0.1657010167837143
Face,Face_random_full_05_mean,34567,973,0.08908566225608303,0.33571002089928875,0.7596580982208252,0.4786975085735321,0.16252851486206055
Face,no_mask,34567,1,0.1024456741827645,0.20914581256546227,0.6923397779464722,0.7224452495574951,0.48573827743530273
Face,no_mask,34567,16,-0.17688144523123706,0.20171178726018182,0.6773844361305237,0.3559524714946747,0.038785047829151154
Face,no_mask,34567,20,-0.037125000725152554,0.22263059599400783,0.5739489793777466,0.7146111130714417,0.48076361417770386
Face,no_mask,34567,51,-0.24372798457188707,0.28152243136953214,0.7973416447639465,0.4623473286628723,-0.0042759720236063
Face,no_mask,34567,77,-0.08030588490435141,0.23144823903713424,0.7091432213783264,0.5517546534538269,0.27159199118614197
Face,no_mask,34567,135,-0.041712741873515494,0.46410987390319636,0.655367374420166,0.5385628342628479,0.09764724969863892
Face,no_mask,34567,158,-0.12620107674049363,0.2762777649785577,0.7870047092437744,0.4216075539588928,0.1962929368019104
Face,no_mask,34567,177,0.2515246856992744,0.3020513482813852,0.5973324179649353,0.6069460511207581,0.17439284920692444
Face,no_mask,34567,188,0.02739241980922744,0.3698050330627303,0.8140438795089722,0.40053412318229675,0.0982201024889946
Face,no_mask,34567,218,0.0942596431792189,0.17328143965501008,0.6976746320724487,0.6167203783988953,0.42864862084388733
Face,no_mask,34567,287,-0.12444032425696307,0.2799429836632121,0.7049635648727417,0.5591989755630493,0.16477908194065094
Face,no_mask,34567,292,-0.07608491357546941,0.32808156761960483,0.7691208720207214,0.5294288992881775,0.10890181362628937
Face,no_mask,34567,295,-0.04870909196765384,0.4473933761078396,0.7251892685890198,0.48505812883377075,0.29960736632347107
Face,no_mask,34567,340,0.254499080905405,0.19434120782421285,0.6557472944259644,0.543179988861084,0.35180845856666565
Face,no_mask,34567,375,-0.017988154884320047,0.1250513453913028,0.8431023359298706,0.5715622901916504,0.05265463888645172
Face,no_mask,34567,384,-0.19687867492855765,0.2915474177816654,0.8029112219810486,0.679635226726532,0.36627721786499023
Face,no_mask,34567,415,0.03459398858008989,0.41743454219316345,0.6367781162261963,0.5775073766708374,0.08671477437019348
Face,no_mask,34567,434,-0.09447624373157006,0.20557022804199293,0.6186440587043762,0.36713579297065735,0.14602428674697876
Face,no_mask,34567,465,0.08048137944149675,0.25361302338927516,0.6275853514671326,0.43396151065826416,0.16216233372688293
Face,no_mask,34567,498,0.04074180941273256,0.3213986298004868,0.7193872332572937,0.5454612970352173,0.20220521092414856
Face,no_mask,34567,507,0.01077077276731916,0.367435727561499,0.7433004379272461,0.571529746055603,0.1753365844488144
Face,no_mask,34567,529,0.26346231726886343,0.413145524622763,0.6743854284286499,0.5809304714202881,0.20883381366729736
Face,no_mask,34567,561,0.08092667848855051,0.1652864407488614,0.6830594539642334,0.5351282358169556,0.40057581663131714
Face,no_mask,34567,588,0.03272603144125307,0.16220442581165234,0.7471323609352112,0.40661364793777466,0.025367919355630875
Face,no_mask,34567,606,0.11108175585116573,0.30618961079710755,0.6496425867080688,0.3946153521537781,0.06133906543254852
Face,no_mask,34567,678,0.026849204349729767,0.3609678822087654,0.7189731001853943,0.6038037538528442,0.2339385747909546
Face,no_mask,34567,708,-0.2180387078274543,0.20812355398987062,0.8162322044372559,0.6870741248130798,0.2437773048877716
Face,no_mask,34567,756,-0.0014283970263664657,0.4774543414199938,0.719894289970398,0.5656377077102661,0.20463202893733978
Face,no_mask,34567,762,-0.03634634646867908,0.2110664221348561,0.660152018070221,0.6963114738464355,0.3805307447910309
Face,no_mask,34567,781,-0.013561715868424938,0.4462852165989869,0.6603132486343384,0.7222123146057129,0.24492239952087402
Face,no_mask,34567,789,0.09540327283716277,0.22632754662061214,0.6773108839988708,0.4333076477050781,0.17755696177482605
Face,no_mask,34567,817,0.11432635668201488,0.18040883797358967,0.7789018750190735,0.765031099319458,0.5105631351470947
Face,no_mask,34567,820,-0.14846437923809475,0.34789747265267545,0.6968416571617126,0.44946786761283875,0.2877890467643738
Face,no_mask,34567,838,0.030047614849702593,0.3020743041592121,0.6942983865737915,0.5950341820716858,0.20615938305854797
Face,no_mask,34567,877,-0.08365511240648249,0.20076569896313765,0.7435387372970581,0.8095281720161438,0.7602210640907288
Face,no_mask,34567,887,0.08733809249235662,0.20164805370946665,0.6667295694351196,0.5843790769577026,0.19005858898162842
Face,no_mask,34567,973,0.09017458640963504,0.3358896829302577,0.7589414119720459,0.48688164353370667,0.15748989582061768
Face,no_mask_repeat,34567,1,0.1024456741827645,0.20914581256546227,0.6923397779464722,0.7224452495574951,0.48573827743530273
Face,no_mask_repeat,34567,16,-0.17688144523123706,0.20171178726018182,0.6773844361305237,0.3559524714946747,0.038785047829151154
Face,no_mask_repeat,34567,20,-0.037125000725152554,0.22263059599400783,0.5739489793777466,0.7146111130714417,0.48076361417770386
Face,no_mask_repeat,34567,51,-0.24372798457188707,0.28152243136953214,0.7973416447639465,0.4623473286628723,-0.0042759720236063
Face,no_mask_repeat,34567,77,-0.08030588490435141,0.23144823903713424,0.7091432213783264,0.5517546534538269,0.27159199118614197
Face,no_mask_repeat,34567,135,-0.041712741873515494,0.46410987390319636,0.655367374420166,0.5385628342628479,0.09764724969863892
Face,no_mask_repeat,34567,158,-0.12620107674049363,0.2762777649785577,0.7870047092437744,0.4216075539588928,0.1962929368019104
Face,no_mask_repeat,34567,177,0.2515246856992744,0.3020513482813852,0.5973324179649353,0.6069460511207581,0.17439284920692444
Face,no_mask_repeat,34567,188,0.02739241980922744,0.3698050330627303,0.8140438795089722,0.40053412318229675,0.0982201024889946
Face,no_mask_repeat,34567,218,0.0942596431792189,0.17328143965501008,0.6976746320724487,0.6167203783988953,0.42864862084388733
Face,no_mask_repeat,34567,287,-0.12444032425696307,0.2799429836632121,0.7049635648727417,0.5591989755630493,0.16477908194065094
Face,no_mask_repeat,34567,292,-0.07608491357546941,0.32808156761960483,0.7691208720207214,0.5294288992881775,0.10890181362628937
Face,no_mask_repeat,34567,295,-0.04870909196765384,0.4473933761078396,0.7251892685890198,0.48505812883377075,0.29960736632347107
Face,no_mask_repeat,34567,340,0.254499080905405,0.19434120782421285,0.6557472944259644,0.543179988861084,0.35180845856666565
Face,no_mask_repeat,34567,375,-0.017988154884320047,0.1250513453913028,0.8431023359298706,0.5715622901916504,0.05265463888645172
Face,no_mask_repeat,34567,384,-0.19687867492855765,0.2915474177816654,0.8029112219810486,0.679635226726532,0.36627721786499023
Face,no_mask_repeat,34567,415,0.03459398858008989,0.41743454219316345,0.6367781162261963,0.5775073766708374,0.08671477437019348
Face,no_mask_repeat,34567,434,-0.09447624373157006,0.20557022804199293,0.6186440587043762,0.36713579297065735,0.14602428674697876
Face,no_mask_repeat,34567,465,0.08048137944149675,0.25361302338927516,0.6275853514671326,0.43396151065826416,0.16216233372688293
Face,no_mask_repeat,34567,498,0.04074180941273256,0.3213986298004868,0.7193872332572937,0.5454612970352173,0.20220521092414856
Face,no_mask_repeat,34567,507,0.01077077276731916,0.367435727561499,0.7433004379272461,0.571529746055603,0.1753365844488144
Face,no_mask_repeat,34567,529,0.26346231726886343,0.413145524622763,0.6743854284286499,0.5809304714202881,0.20883381366729736
Face,no_mask_repeat,34567,561,0.08092667848855051,0.1652864407488614,0.6830594539642334,0.5351282358169556,0.40057581663131714
Face,no_mask_repeat,34567,588,0.03272603144125307,0.16220442581165234,0.7471323609352112,0.40661364793777466,0.025367919355630875
Face,no_mask_repeat,34567,606,0.11108175585116573,0.30618961079710755,0.6496425867080688,0.3946153521537781,0.06133906543254852
Face,no_mask_repeat,34567,678,0.026849204349729767,0.3609678822087654,0.7189731001853943,0.6038037538528442,0.2339385747909546
Face,no_mask_repeat,34567,708,-0.2180387078274543,0.20812355398987062,0.8162322044372559,0.6870741248130798,0.2437773048877716
Face,no_mask_repeat,34567,756,-0.0014283970263664657,0.4774543414199938,0.719894289970398,0.5656377077102661,0.20463202893733978
Face,no_mask_repeat,34567,762,-0.03634634646867908,0.2110664221348561,0.660152018070221,0.6963114738464355,0.3805307447910309
Face,no_mask_repeat,34567,781,-0.013561715868424938,0.4462852165989869,0.6603132486343384,0.7222123146057129,0.24492239952087402
Face,no_mask_repeat,34567,789,0.09540327283716277,0.22632754662061214,0.6773108839988708,0.4333076477050781,0.17755696177482605
Face,no_mask_repeat,34567,817,0.11432635668201488,0.18040883797358967,0.7789018750190735,0.765031099319458,0.5105631351470947
Face,no_mask_repeat,34567,820,-0.14846437923809475,0.34789747265267545,0.6968416571617126,0.44946786761283875,0.2877890467643738
Face,no_mask_repeat,34567,838,0.030047614849702593,0.3020743041592121,0.6942983865737915,0.5950341820716858,0.20615938305854797
Face,no_mask_repeat,34567,877,-0.08365511240648249,0.20076569896313765,0.7435387372970581,0.8095281720161438,0.7602210640907288
Face,no_mask_repeat,34567,887,0.08733809249235662,0.20164805370946665,0.6667295694351196,0.5843790769577026,0.19005858898162842
Face,no_mask_repeat,34567,973,0.09017458640963504,0.3358896829302577,0.7589414119720459,0.48688164353370667,0.15748989582061768
