category,condition,seed,dataset_idx,pixel_corr,ssim,lpips,clip,dino
Scene,Body_unrelated_equal4_mean,12345,14,0.6702025030211475,0.5533245161634488,0.5079728960990906,0.4531836211681366,0.05949446186423302
Scene,Body_unrelated_equal4_mean,12345,15,-0.0512262755753684,0.35984940898574985,0.8190327286720276,0.7351449131965637,0.06953853368759155
Scene,Body_unrelated_equal4_mean,12345,36,0.17222014456461418,0.25694045747069716,0.6770449280738831,0.42875126004219055,0.05379021540284157
Scene,Body_unrelated_equal4_mean,12345,39,-0.5302399845402463,0.2875648999950455,0.5487427711486816,0.7092034220695496,0.3833145797252655
Scene,Body_unrelated_equal4_mean,12345,126,-0.18053236382465088,0.4219899399892422,0.7359869480133057,0.9032724499702454,0.33744388818740845
Scene,Body_unrelated_equal4_mean,12345,132,0.0842831637935939,0.10237759450815624,0.6905491948127747,0.5345216989517212,0.13631485402584076
Scene,Body_unrelated_equal4_mean,12345,167,0.19394653580859075,0.10231948834439386,0.7156355381011963,0.4611940383911133,0.021526344120502472
Scene,Body_unrelated_equal4_mean,12345,196,0.11355683905806385,0.2759239418216304,0.6548080444335938,0.7449617981910706,0.10757962614297867
Scene,Body_unrelated_equal4_mean,12345,199,0.1661389736170071,0.20372650783493232,0.6921867728233337,0.6677765846252441,0.20449306070804596
Scene,Body_unrelated_equal4_mean,12345,214,-0.0879652728532436,0.3264636695088553,0.6865075826644897,0.6602350473403931,0.12066331505775452
Scene,Body_unrelated_equal4_mean,12345,241,0.14335096025196167,0.34710028566825957,0.6997126936912537,0.49575600028038025,0.04987907409667969
Scene,Body_unrelated_equal4_mean,12345,242,-0.06654743067336505,0.4675579525996695,0.8214057087898254,0.5074624419212341,0.01452808827161789
Scene,Body_unrelated_equal4_mean,12345,245,-0.06992593146196907,0.4223277223556004,0.6751328110694885,0.5737082958221436,0.010532276704907417
Scene,Body_unrelated_equal4_mean,12345,249,-0.023566658538688844,0.3761085180060929,0.8279891610145569,0.4539026916027069,0.016002345830202103
Scene,Body_unrelated_equal4_mean,12345,282,0.09126912771049382,0.3286871760188569,0.6806634664535522,0.4374227523803711,0.010309947654604912
Scene,Body_unrelated_equal4_mean,12345,289,-0.16714954818559416,0.3601644370910643,0.7577924728393555,0.6658031344413757,0.1591186374425888
Scene,Body_unrelated_equal4_mean,12345,303,0.13083083114740784,0.4499679685238654,0.7446925044059753,0.6291041374206543,0.005552173592150211
Scene,Body_unrelated_equal4_mean,12345,314,-0.07335588387489453,0.19148203105953257,0.8147017955780029,0.609743595123291,0.047060586512088776
Scene,Body_unrelated_equal4_mean,12345,393,0.35896330445360375,0.3911200491230185,0.6549845933914185,0.8172191977500916,0.362011581659317
Scene,Body_unrelated_equal4_mean,12345,412,0.592289787871193,0.5068505799782497,0.5777455568313599,0.5370004773139954,0.17530739307403564
Scene,Body_unrelated_equal4_mean,12345,442,-0.034139349129377425,0.3075647021594822,0.7279201745986938,0.6224271059036255,0.04021023213863373
Scene,Body_unrelated_equal4_mean,12345,463,-0.18018357731115794,0.10148101236212713,0.8104002475738525,0.4129163324832916,0.0438334122300148
Scene,Body_unrelated_equal4_mean,12345,469,0.01122087878387119,0.2325618459278563,0.768388032913208,0.4289027154445648,0.004831199999898672
Scene,Body_unrelated_equal4_mean,12345,486,0.09995179555382692,0.08274701860605349,0.7268973588943481,0.5618616342544556,0.06272165477275848
Scene,Body_unrelated_equal4_mean,12345,491,0.5893458046556381,0.3994296455841617,0.5607966184616089,0.7497497200965881,0.13367854058742523
Scene,Body_unrelated_equal4_mean,12345,518,0.22964480887137675,0.5178097698440323,0.7227693200111389,0.658919095993042,0.39056363701820374
Scene,Body_unrelated_equal4_mean,12345,523,-0.024503152299023678,0.09211659317136572,0.6339340806007385,0.4797845482826233,0.1251964122056961
Scene,Body_unrelated_equal4_mean,12345,545,0.0791351300185334,0.4272291697766462,0.7506388425827026,0.7294312119483948,0.07022778689861298
Scene,Body_unrelated_equal4_mean,12345,551,0.026903046101039624,0.05909623180853063,0.8319597244262695,0.42711883783340454,-0.019496336579322815
Scene,Body_unrelated_equal4_mean,12345,568,0.10148944535268155,0.4042157136432422,0.7370781302452087,0.6986740231513977,0.3403836488723755
Scene,Body_unrelated_equal4_mean,12345,620,0.7731325629309578,0.5421540682073094,0.5703929662704468,0.6207104325294495,0.21269431710243225
Scene,Body_unrelated_equal4_mean,12345,640,-0.06228620294129192,0.1638543773702414,0.6427585482597351,0.8315556049346924,0.5785536170005798
Scene,Body_unrelated_equal4_mean,12345,648,0.0746107829647206,0.2526483746863791,0.744666576385498,0.6207963824272156,0.019665604457259178
Scene,Body_unrelated_equal4_mean,12345,671,0.13212029061958458,0.40004047271949594,0.619807779788971,0.7760564088821411,0.370785117149353
Scene,Body_unrelated_equal4_mean,12345,755,0.41039910684142406,0.39617037961801715,0.6482342481613159,0.524122416973114,0.1647188514471054
Scene,Body_unrelated_equal4_mean,12345,811,0.2249337784792553,0.25470042869820253,0.7319541573524475,0.4875727891921997,0.014369092881679535
Scene,Body_unrelated_equal4_mean,12345,821,0.05765846661710621,0.23589746363557831,0.6288880109786987,0.804201602935791,0.7106703519821167
Scene,Body_unrelated_equal4_mean,12345,824,-0.07381091353603664,0.09246604434987189,0.7439441680908203,0.5926219820976257,0.2979830801486969
Scene,Body_unrelated_equal4_mean,12345,841,0.11466002658379318,0.2967797765080085,0.7748765349388123,0.6156445145606995,0.11342431604862213
Scene,Body_unrelated_equal4_mean,12345,842,0.04818557140304475,0.2608321503202221,0.7834168672561646,0.6894799470901489,0.0785117819905281
Scene,Body_unrelated_equal4_mean,12345,850,0.07332565455467227,0.28986240498812044,0.7173210382461548,0.7023996114730835,0.3049277365207672
Scene,Body_unrelated_equal4_mean,12345,855,0.05296357624220089,0.45492178351024154,0.6918416023254395,0.7256966233253479,0.05473031476140022
Scene,Body_unrelated_equal4_mean,12345,872,0.007346443338946397,0.09495908645669486,0.7468138933181763,0.3093714714050293,0.024634962901473045
Scene,Body_unrelated_equal4_mean,12345,873,0.5450531651717043,0.5528816134283157,0.6190221309661865,0.393563836812973,0.09518539905548096
Scene,Body_unrelated_equal4_mean,12345,893,0.33602545135571,0.28255357558904104,0.8045780062675476,0.5702634453773499,0.07092244923114777
Scene,Body_unrelated_equal4_mean,12345,894,0.04706545099646312,0.31064926705462703,0.7694299817085266,0.5375434160232544,0.008300981484353542
Scene,Body_unrelated_equal4_mean,12345,918,0.024533800119879604,0.31010686223351586,0.7049805521965027,0.7300814986228943,0.20190584659576416
Scene,Body_unrelated_equal4_mean,12345,943,0.06265789520655098,0.539515888727207,0.7568336725234985,0.5941963791847229,0.32921910285949707
Scene,Body_unrelated_equal4_mean,12345,978,0.6352455150242486,0.5842448595481642,0.5487641096115112,0.8305084705352783,0.8307938575744629
Scene,Body_unrelated_equal4_mean,12345,999,0.12737495280353622,0.32732739205462186,0.7221181988716125,0.6775361895561218,-0.03771306574344635
Scene,Scene_equal4_mean,12345,14,0.686452785572646,0.5571615876521839,0.5209649801254272,0.45113492012023926,0.0655493289232254
Scene,Scene_equal4_mean,12345,15,-0.048585740397719415,0.3386155718233116,0.758634090423584,0.5857700705528259,0.04943929985165596
Scene,Scene_equal4_mean,12345,36,0.12633784773448095,0.23096516678915158,0.6570006608963013,0.4070073068141937,-0.003956548869609833
Scene,Scene_equal4_mean,12345,39,-0.5214185330813395,0.28386778219582776,0.5314564108848572,0.6925532817840576,0.3979848027229309
Scene,Scene_equal4_mean,12345,126,-0.15024122078793695,0.4045873511904838,0.7013711929321289,0.8601059317588806,0.2593982219696045
Scene,Scene_equal4_mean,12345,132,0.08495390624283147,0.10358169466999574,0.6865853071212769,0.5388742089271545,0.143301323056221
Scene,Scene_equal4_mean,12345,167,0.1958522171155329,0.10163801261071527,0.714470386505127,0.4117567241191864,-0.01853940449655056
Scene,Scene_equal4_mean,12345,196,0.1158168575013522,0.2818775362122991,0.6632460355758667,0.7357804775238037,0.19083939492702484
Scene,Scene_equal4_mean,12345,199,0.14563304655229917,0.20214462889186816,0.6787251830101013,0.6481634974479675,0.13588082790374756
Scene,Scene_equal4_mean,12345,214,-0.0986887537905755,0.3044035307980611,0.6780993342399597,0.7276948690414429,0.12087717652320862
Scene,Scene_equal4_mean,12345,241,0.15634789964397472,0.35196043320325465,0.6956403255462646,0.5076508522033691,0.06142963096499443
Scene,Scene_equal4_mean,12345,242,-0.020025510701744024,0.512805939331627,0.796707808971405,0.533757746219635,0.008444428443908691
Scene,Scene_equal4_mean,12345,245,-0.06650074124717201,0.4404267437607595,0.672801673412323,0.5672032833099365,0.013686716556549072
Scene,Scene_equal4_mean,12345,249,-0.025066888146814268,0.3785408066019135,0.8335828185081482,0.43868938088417053,0.013878530822694302
Scene,Scene_equal4_mean,12345,282,0.11123486597230767,0.3133549564281905,0.674446702003479,0.4688378870487213,-0.004773774184286594
Scene,Scene_equal4_mean,12345,289,-0.1567099547392997,0.3637162852095949,0.7323436737060547,0.63007652759552,0.14580117166042328
Scene,Scene_equal4_mean,12345,303,0.12604060367188738,0.4411438234002232,0.7344662547111511,0.6257253289222717,0.05957138538360596
Scene,Scene_equal4_mean,12345,314,-0.07308250810992427,0.19069270158879023,0.8113629221916199,0.589867353439331,0.0515790730714798
Scene,Scene_equal4_mean,12345,393,0.36499634347160925,0.3950598642420386,0.6657218337059021,0.8558267951011658,0.39804866909980774
Scene,Scene_equal4_mean,12345,412,0.42866245694481053,0.5073027453267906,0.5465723276138306,0.4440089166164398,0.019046559929847717
Scene,Scene_equal4_mean,12345,442,-0.017348759935218797,0.2849918284056538,0.718023419380188,0.582809329032898,0.12494676560163498
Scene,Scene_equal4_mean,12345,463,-0.18739542400202375,0.09815608900031339,0.8090674877166748,0.40330299735069275,0.07110197842121124
Scene,Scene_equal4_mean,12345,469,-0.005453029695137682,0.2313021976510817,0.7714633941650391,0.44571220874786377,-0.006958432029932737
Scene,Scene_equal4_mean,12345,486,0.11499737800206392,0.08712519278620938,0.7326872944831848,0.5359015464782715,0.07455917447805405
Scene,Scene_equal4_mean,12345,491,0.5872925896185958,0.40336861969794763,0.5734155774116516,0.7182604670524597,0.12654180824756622
Scene,Scene_equal4_mean,12345,518,0.006932706490225683,0.5318635918504476,0.7349525690078735,0.44662749767303467,0.04887530207633972
Scene,Scene_equal4_mean,12345,523,-0.02959789222416043,0.09125365204820059,0.6409779787063599,0.4837024509906769,0.0419570729136467
Scene,Scene_equal4_mean,12345,545,0.09166243120910818,0.42645579081661517,0.7478418350219727,0.6778945326805115,0.028947148472070694
Scene,Scene_equal4_mean,12345,551,0.013355503162556596,0.058229024446891806,0.8210167288780212,0.42337292432785034,-0.02045704610645771
Scene,Scene_equal4_mean,12345,568,0.08817219283372249,0.40986569156007235,0.7500419616699219,0.762736976146698,0.46438121795654297
Scene,Scene_equal4_mean,12345,620,0.7723403565703963,0.5386151816325284,0.5706009268760681,0.6291744709014893,0.3455720841884613
Scene,Scene_equal4_mean,12345,640,-0.08610519605346191,0.1721763301281441,0.6433476209640503,0.8490949273109436,0.6439964771270752
Scene,Scene_equal4_mean,12345,648,0.06545987375255644,0.25614530396291596,0.7396240234375,0.6561884880065918,0.015880823135375977
Scene,Scene_equal4_mean,12345,671,0.11471177862778051,0.39891828411355496,0.6332035064697266,0.7653753161430359,0.3928471803665161
Scene,Scene_equal4_mean,12345,755,0.38983893798810154,0.39699802152162117,0.6488960385322571,0.6396318674087524,0.4179357886314392
Scene,Scene_equal4_mean,12345,811,0.22924299804883155,0.2546236262956624,0.7297523021697998,0.47399699687957764,0.02690025232732296
Scene,Scene_equal4_mean,12345,821,0.04684861318299117,0.248951852480412,0.6545392274856567,0.7962143421173096,0.7329047918319702
Scene,Scene_equal4_mean,12345,824,-0.058304715673741896,0.09717703141704397,0.7206453680992126,0.5429006814956665,0.2163785845041275
Scene,Scene_equal4_mean,12345,841,0.12938695721683463,0.2973325367509004,0.7839481830596924,0.598148763179779,0.1370898336172104
Scene,Scene_equal4_mean,12345,842,0.03783859215320934,0.26320651559001235,0.7877382040023804,0.6987105011940002,0.07043564319610596
Scene,Scene_equal4_mean,12345,850,0.07511999059402442,0.2894722666694303,0.7156422734260559,0.7018782496452332,0.3114488124847412
Scene,Scene_equal4_mean,12345,855,0.0427387479554786,0.4527034808174812,0.6883060336112976,0.7186996340751648,0.0601382851600647
Scene,Scene_equal4_mean,12345,872,-0.007943897534943229,0.0921697813432378,0.7342553734779358,0.3424873948097229,0.03438904508948326
Scene,Scene_equal4_mean,12345,873,0.5457633493684785,0.5532104054426881,0.6104400157928467,0.4078909456729889,0.08679959177970886
Scene,Scene_equal4_mean,12345,893,0.3410133481245163,0.28384914611771045,0.7970570921897888,0.5245329737663269,0.11280085146427155
Scene,Scene_equal4_mean,12345,894,0.01070584818959648,0.32848659781895784,0.7533048391342163,0.5467303991317749,0.03250020742416382
Scene,Scene_equal4_mean,12345,918,-0.01424521110142578,0.3099219700134332,0.7147982120513916,0.7520615458488464,0.33471134305000305
Scene,Scene_equal4_mean,12345,943,0.07374486480809421,0.5374801060342491,0.760587215423584,0.5971306562423706,0.3414545953273773
Scene,Scene_equal4_mean,12345,978,0.559147469173634,0.5737359525624053,0.5977195501327515,0.7401467561721802,0.6311864852905273
Scene,Scene_equal4_mean,12345,999,0.07960490071287,0.3184786867498725,0.7258210182189941,0.6559444069862366,0.028422456234693527
Scene,Scene_full_mean,12345,14,0.6479660847339647,0.54736081184292,0.5053322315216064,0.46650320291519165,0.07227964699268341
Scene,Scene_full_mean,12345,15,-0.11588847967712074,0.3149970808640642,0.7668206095695496,0.6672596335411072,0.06002601236104965
Scene,Scene_full_mean,12345,36,0.00903476384667062,0.17651015318556057,0.6191149353981018,0.5788362622261047,0.0380873903632164
Scene,Scene_full_mean,12345,39,-0.5234742468603445,0.28693464071385005,0.5304378867149353,0.692716658115387,0.35686200857162476
Scene,Scene_full_mean,12345,126,-0.20388129260995969,0.3952586530357838,0.732840895652771,0.9043882489204407,0.5241104364395142
Scene,Scene_full_mean,12345,132,0.07934082620764499,0.10121419801738053,0.6726769804954529,0.523982048034668,0.11153873801231384
Scene,Scene_full_mean,12345,167,0.20533406927965916,0.09942421891958246,0.7195852398872375,0.44444960355758667,0.024753689765930176
Scene,Scene_full_mean,12345,196,0.12988137012222148,0.27755522364202423,0.6523309946060181,0.7134788632392883,0.19763773679733276
Scene,Scene_full_mean,12345,199,0.07891743313912497,0.19849793638099703,0.7053114175796509,0.6401363015174866,0.14249545335769653
Scene,Scene_full_mean,12345,214,-0.15135214427236374,0.3087703252036557,0.6955364346504211,0.7336190938949585,0.1692146211862564
Scene,Scene_full_mean,12345,241,0.16716811859327624,0.34831746122164814,0.6945052742958069,0.5347344279289246,0.0020726053044199944
Scene,Scene_full_mean,12345,242,0.4323540325816299,0.5775797076922384,0.698575496673584,0.6148187518119812,0.09798241406679153
Scene,Scene_full_mean,12345,245,-0.09218609212157505,0.43058058221775813,0.6897884607315063,0.5853283405303955,0.030526649206876755
Scene,Scene_full_mean,12345,249,-0.03543246286481811,0.3715873494240015,0.8309521675109863,0.4135308861732483,0.015652824193239212
Scene,Scene_full_mean,12345,282,0.09934908537498101,0.32453895295275953,0.6583850383758545,0.4392766058444977,0.03304332122206688
Scene,Scene_full_mean,12345,289,-0.1796384861572806,0.36857213559422375,0.7279889583587646,0.7090812921524048,0.14923229813575745
Scene,Scene_full_mean,12345,303,0.1156508268025967,0.4314498328351964,0.7492742538452148,0.5988348126411438,0.04049063101410866
Scene,Scene_full_mean,12345,314,-0.07988187147622236,0.19397789113543581,0.8155959248542786,0.5655667185783386,0.027952376753091812
Scene,Scene_full_mean,12345,393,0.32889087615175105,0.3899342287712982,0.6441125273704529,0.7833945751190186,0.4081258177757263
Scene,Scene_full_mean,12345,412,0.423429799465728,0.5041863512678155,0.54906165599823,0.43754684925079346,0.02855442650616169
Scene,Scene_full_mean,12345,442,-0.07619449728362843,0.29383409704803287,0.6918005347251892,0.7394938468933105,0.1877145767211914
Scene,Scene_full_mean,12345,463,-0.14550502525484407,0.10568479549070271,0.7832348346710205,0.38675060868263245,0.04790719598531723
Scene,Scene_full_mean,12345,469,-0.0011858610109678586,0.22791588329383913,0.7570955753326416,0.43175891041755676,0.007755173370242119
Scene,Scene_full_mean,12345,486,0.0640901496180045,0.0704095301303695,0.73960280418396,0.49736088514328003,0.013132231310009956
Scene,Scene_full_mean,12345,491,0.5801447200234836,0.40178527924581803,0.5942157506942749,0.6850380301475525,0.09778468310832977
Scene,Scene_full_mean,12345,518,0.01791148790503158,0.5316049370243378,0.7343891263008118,0.45297348499298096,0.08388354629278183
Scene,Scene_full_mean,12345,523,-0.03347783983074918,0.09286707617038797,0.6605476140975952,0.48424583673477173,-0.005034099332988262
Scene,Scene_full_mean,12345,545,0.07920826183715349,0.42546541555331807,0.7514081001281738,0.7352062463760376,0.0478433221578598
Scene,Scene_full_mean,12345,551,-0.0045851705298872916,0.054322693472872934,0.8450664281845093,0.46193617582321167,-0.007794196251779795
Scene,Scene_full_mean,12345,568,0.11164955407731157,0.39741518353894684,0.750241756439209,0.7611182332038879,0.3300657868385315
Scene,Scene_full_mean,12345,620,0.7854238736961423,0.5463478949579675,0.5932614803314209,0.5646671652793884,0.21187669038772583
Scene,Scene_full_mean,12345,640,-0.023514555727056137,0.1709062105466068,0.626182496547699,0.8263125419616699,0.6483215689659119
Scene,Scene_full_mean,12345,648,0.13465211886480824,0.263983845527923,0.7341614961624146,0.6194317936897278,0.0715535432100296
Scene,Scene_full_mean,12345,671,0.16653353674580446,0.4051538122065519,0.6390427947044373,0.7607499957084656,0.36680588126182556
Scene,Scene_full_mean,12345,755,0.3804828889340619,0.3860868242914531,0.6618192791938782,0.5171251893043518,0.09006773680448532
Scene,Scene_full_mean,12345,811,0.22898992740128676,0.238065657129429,0.740818440914154,0.48570409417152405,0.023800095543265343
Scene,Scene_full_mean,12345,821,0.15078193669269496,0.3018584792646513,0.630460798740387,0.6326455473899841,0.2354123890399933
Scene,Scene_full_mean,12345,824,-0.04359483085785227,0.08759780802528308,0.7636219263076782,0.4017198085784912,0.0057026902213692665
Scene,Scene_full_mean,12345,841,-0.23747495191856954,0.35339528610959103,0.8455100655555725,0.4635433554649353,0.023971088230609894
Scene,Scene_full_mean,12345,842,0.06371254854144344,0.27015940783307435,0.7949777245521545,0.734551191329956,0.013045412488281727
Scene,Scene_full_mean,12345,850,0.052329779857805576,0.3020674954030174,0.7280157804489136,0.7147006988525391,0.3110353350639343
Scene,Scene_full_mean,12345,855,0.05694326726176963,0.4491178535824357,0.7079796195030212,0.664471447467804,0.03557009622454643
Scene,Scene_full_mean,12345,872,0.10200341449310406,0.10044060955691145,0.803499698638916,0.41044580936431885,0.013200631365180016
Scene,Scene_full_mean,12345,873,0.5887417821222249,0.5631735391750816,0.6334072947502136,0.3629641830921173,0.07115144282579422
Scene,Scene_full_mean,12345,893,0.2631067042344521,0.2709819605924407,0.7752895355224609,0.34872016310691833,0.1264531910419464
Scene,Scene_full_mean,12345,894,0.030315257353124084,0.3302690932864331,0.751922607421875,0.5432972311973572,-0.014883402734994888
Scene,Scene_full_mean,12345,918,0.07757582617103799,0.31516654206766803,0.6864616870880127,0.6619987487792969,0.1501801609992981
Scene,Scene_full_mean,12345,943,0.2425788234884897,0.5255394097329869,0.7213938236236572,0.5814325213432312,0.2164999544620514
Scene,Scene_full_mean,12345,978,0.645249562922829,0.5690785853211663,0.5757766366004944,0.5173475742340088,0.09734266251325607
Scene,Scene_full_mean,12345,999,0.16430411970823341,0.3280201949282402,0.7146658301353455,0.6824910044670105,0.02647816762328148
Scene,Scene_random_equal4_01_mean,12345,14,0.688570712033178,0.5597344230342394,0.5304124355316162,0.44858115911483765,0.06153694912791252
Scene,Scene_random_equal4_01_mean,12345,15,-0.05213727942536554,0.3306482303426557,0.7356992959976196,0.6271547675132751,0.06590332090854645
Scene,Scene_random_equal4_01_mean,12345,36,0.10959748204705949,0.23450352601970645,0.6743171811103821,0.36838358640670776,0.01592586189508438
Scene,Scene_random_equal4_01_mean,12345,39,-0.530326907947843,0.2846070055293906,0.5396434664726257,0.7194541096687317,0.4023677110671997
Scene,Scene_random_equal4_01_mean,12345,126,-0.15649049333767492,0.4138557813607455,0.7298059463500977,0.8552225828170776,0.2820437550544739
Scene,Scene_random_equal4_01_mean,12345,132,0.09276641931440344,0.10893596945975663,0.6720294952392578,0.5404954552650452,0.11227846145629883
Scene,Scene_random_equal4_01_mean,12345,167,0.21122853414089632,0.10330578353867807,0.7293240427970886,0.40174564719200134,0.02966054528951645
Scene,Scene_random_equal4_01_mean,12345,196,0.09226682870531164,0.2643140459044056,0.6688176989555359,0.7447490096092224,0.17538243532180786
Scene,Scene_random_equal4_01_mean,12345,199,0.11419816317063917,0.19912510014711848,0.7090786099433899,0.6230875253677368,0.0884048342704773
Scene,Scene_random_equal4_01_mean,12345,214,-0.12295025724826394,0.31467458250462393,0.6626855134963989,0.7085506916046143,0.17932255566120148
Scene,Scene_random_equal4_01_mean,12345,241,0.15418483313159362,0.3533989417313015,0.6963648796081543,0.5401212573051453,0.055245108902454376
Scene,Scene_random_equal4_01_mean,12345,242,-0.010297109361709352,0.5057162203148018,0.8100214600563049,0.5387120246887207,0.02246122434735298
Scene,Scene_random_equal4_01_mean,12345,245,-0.08023063328388774,0.4258826721652199,0.7018874883651733,0.5685076713562012,0.04914708063006401
Scene,Scene_random_equal4_01_mean,12345,249,-0.02332872946541988,0.37797456958918263,0.8269332647323608,0.4529241621494293,0.019047094509005547
Scene,Scene_random_equal4_01_mean,12345,282,0.09601096072768402,0.3270109507731191,0.6862857341766357,0.5060722827911377,0.014154739677906036
Scene,Scene_random_equal4_01_mean,12345,289,-0.16515437182628556,0.36622915560068176,0.7627623081207275,0.6541764736175537,0.11319343745708466
Scene,Scene_random_equal4_01_mean,12345,303,0.13457180485779333,0.4457274574138917,0.7321211695671082,0.6254041194915771,0.10100701451301575
Scene,Scene_random_equal4_01_mean,12345,314,-0.0747978582277344,0.1947497717684128,0.819501519203186,0.6006698608398438,0.039699506014585495
Scene,Scene_random_equal4_01_mean,12345,393,0.3706161445819165,0.3916063676560934,0.6507112979888916,0.8552104234695435,0.41553258895874023
Scene,Scene_random_equal4_01_mean,12345,412,0.42842085379600564,0.5084917983684369,0.5578609704971313,0.4495502710342407,-0.004014043137431145
Scene,Scene_random_equal4_01_mean,12345,442,-0.039873312340970114,0.29866609660567806,0.7240455746650696,0.6234995126724243,0.06070968136191368
Scene,Scene_random_equal4_01_mean,12345,463,-0.187895349091474,0.09567867556093083,0.8298202753067017,0.4260087311267853,0.05538754165172577
Scene,Scene_random_equal4_01_mean,12345,469,0.00508377013420832,0.23348305543888306,0.7746621370315552,0.4433237314224243,-0.021765869110822678
Scene,Scene_random_equal4_01_mean,12345,486,0.12501501907312995,0.10290904302954217,0.7082641124725342,0.6615344285964966,0.14726820588111877
Scene,Scene_random_equal4_01_mean,12345,491,0.5859390430798918,0.4038161207870562,0.575206458568573,0.7190970182418823,0.10395979881286621
Scene,Scene_random_equal4_01_mean,12345,518,0.16834389546508816,0.337607086282817,0.7493410706520081,0.4543840289115906,0.0948667973279953
Scene,Scene_random_equal4_01_mean,12345,523,-0.03622673014769076,0.11608765902219882,0.614848792552948,0.7019776105880737,0.22248190641403198
Scene,Scene_random_equal4_01_mean,12345,545,0.09930422238564653,0.43455213641715384,0.7648663520812988,0.6830757260322571,0.04572228714823723
Scene,Scene_random_equal4_01_mean,12345,551,0.026747412754724163,0.0638882821711846,0.810093879699707,0.47317928075790405,0.0670531839132309
Scene,Scene_random_equal4_01_mean,12345,568,0.09627761863818665,0.40296779121867227,0.7496343851089478,0.7664977312088013,0.44640594720840454
Scene,Scene_random_equal4_01_mean,12345,620,0.7501790543102302,0.5247634822028118,0.5679323077201843,0.5617267489433289,0.1504647433757782
Scene,Scene_random_equal4_01_mean,12345,640,-0.04632571289041497,0.1676312287308132,0.6319441795349121,0.8262872099876404,0.5830612778663635
Scene,Scene_random_equal4_01_mean,12345,648,0.06626160574237162,0.2503035979748836,0.7465947866439819,0.6399096250534058,0.018593544140458107
Scene,Scene_random_equal4_01_mean,12345,671,0.14223956800546056,0.39105077702703406,0.600782036781311,0.7860257029533386,0.4282967746257782
Scene,Scene_random_equal4_01_mean,12345,755,0.38675966789073984,0.4012711432627457,0.6549338698387146,0.636925220489502,0.38878968358039856
Scene,Scene_random_equal4_01_mean,12345,811,0.23792190631719198,0.246084102200742,0.7149308919906616,0.5159422159194946,0.060293048620224
Scene,Scene_random_equal4_01_mean,12345,821,0.05913231442394717,0.23447951289464292,0.6461747884750366,0.7597523927688599,0.70461505651474
Scene,Scene_random_equal4_01_mean,12345,824,-0.0625601732159823,0.10094368375008347,0.7261227369308472,0.5182364583015442,0.023310333490371704
Scene,Scene_random_equal4_01_mean,12345,841,0.13124078547112042,0.2986625702926177,0.785648763179779,0.6068440675735474,0.07782219350337982
Scene,Scene_random_equal4_01_mean,12345,842,0.041025973216680896,0.2669445266894386,0.787992000579834,0.6814704537391663,0.07718409597873688
Scene,Scene_random_equal4_01_mean,12345,850,0.07536924923326017,0.2879496515443687,0.7121590971946716,0.6892901659011841,0.2708966135978699
Scene,Scene_random_equal4_01_mean,12345,855,0.026275828119254135,0.4459494521956805,0.7019977569580078,0.7401116490364075,0.05924249067902565
Scene,Scene_random_equal4_01_mean,12345,872,-0.015215338358703662,0.09293076205791014,0.7230923771858215,0.33702558279037476,0.023865383118391037
Scene,Scene_random_equal4_01_mean,12345,873,0.5490698778901675,0.5559189160490428,0.6079730987548828,0.4186572730541229,0.07587730884552002
Scene,Scene_random_equal4_01_mean,12345,893,0.34209183804012133,0.2841462848409177,0.7865087985992432,0.520537793636322,0.10800255089998245
Scene,Scene_random_equal4_01_mean,12345,894,0.03812745365606011,0.33005043184964167,0.7568153738975525,0.5547913312911987,0.043241553008556366
Scene,Scene_random_equal4_01_mean,12345,918,0.015515172853190932,0.3141005985591136,0.6942907571792603,0.6051440238952637,0.24191871285438538
Scene,Scene_random_equal4_01_mean,12345,943,0.0836394176252315,0.5344954124216055,0.7471979260444641,0.6264035701751709,0.3277716338634491
Scene,Scene_random_equal4_01_mean,12345,978,0.5739168490891493,0.5791061352882001,0.6026051640510559,0.8126653432846069,0.7503061294555664
Scene,Scene_random_equal4_01_mean,12345,999,0.07951057366850474,0.3385665879580846,0.7372276186943054,0.6353545784950256,0.02294636331498623
Scene,Scene_random_equal4_02_mean,12345,14,0.6824312693908627,0.5550202730945352,0.510928213596344,0.46221697330474854,0.05587219074368477
Scene,Scene_random_equal4_02_mean,12345,15,-0.025065343338431408,0.35981204069373063,0.7510828971862793,0.8120471835136414,0.1484956294298172
Scene,Scene_random_equal4_02_mean,12345,36,0.18849039793760927,0.26299840937826324,0.6712245345115662,0.38285988569259644,0.04426075890660286
Scene,Scene_random_equal4_02_mean,12345,39,-0.5200258339467008,0.2834890054954291,0.5305680632591248,0.6878095865249634,0.3810065686702728
Scene,Scene_random_equal4_02_mean,12345,126,-0.1728396840845927,0.42785711661068065,0.7392946481704712,0.9081041216850281,0.3244233727455139
Scene,Scene_random_equal4_02_mean,12345,132,0.0857514423382583,0.10294037156290656,0.6878863573074341,0.5226924419403076,0.14366589486598969
Scene,Scene_random_equal4_02_mean,12345,167,0.19776391565735543,0.10133726566090054,0.7151240110397339,0.4283628761768341,-0.010132651776075363
Scene,Scene_random_equal4_02_mean,12345,196,0.11216878828134666,0.27147310244138845,0.685465395450592,0.7206705212593079,0.1320490539073944
Scene,Scene_random_equal4_02_mean,12345,199,0.1467577806029335,0.2029779036515951,0.677570641040802,0.6165360808372498,0.12789154052734375
Scene,Scene_random_equal4_02_mean,12345,214,-0.08769256819097945,0.284173913974039,0.6612943410873413,0.8233786225318909,0.18034304678440094
Scene,Scene_random_equal4_02_mean,12345,241,0.15690037903707066,0.3503633393741037,0.6943254470825195,0.5165671110153198,0.0350002646446228
Scene,Scene_random_equal4_02_mean,12345,242,-0.0577288421061032,0.5042967158931317,0.81285560131073,0.5154222846031189,-0.00953962467610836
Scene,Scene_random_equal4_02_mean,12345,245,-0.07837607497160513,0.4314130977879365,0.677787721157074,0.5302969813346863,0.047935716807842255
Scene,Scene_random_equal4_02_mean,12345,249,-0.021154432586773433,0.3798798518959448,0.8264456987380981,0.4359206259250641,0.01220359094440937
Scene,Scene_random_equal4_02_mean,12345,282,0.11983909262879613,0.32116508509066094,0.6882442235946655,0.4698115885257721,0.0018749348819255829
Scene,Scene_random_equal4_02_mean,12345,289,-0.15224747153407536,0.3935909727031144,0.7739481329917908,0.7278072834014893,0.05608793720602989
Scene,Scene_random_equal4_02_mean,12345,303,0.10423156353541985,0.47107536140373024,0.7772809267044067,0.6944996118545532,0.08358089625835419
Scene,Scene_random_equal4_02_mean,12345,314,-0.07514606580193256,0.19035509787263838,0.820846676826477,0.5774497985839844,0.06175144761800766
Scene,Scene_random_equal4_02_mean,12345,393,0.3148838537333644,0.3861280273750447,0.6780381202697754,0.8148695826530457,0.32423529028892517
Scene,Scene_random_equal4_02_mean,12345,412,0.42770800072288906,0.507359815737646,0.547073483467102,0.4395100474357605,0.02038738504052162
Scene,Scene_random_equal4_02_mean,12345,442,-0.033820415728684175,0.30752868329289756,0.7277507781982422,0.630879282951355,0.08687186241149902
Scene,Scene_random_equal4_02_mean,12345,463,-0.17366544288942584,0.09885643961656031,0.8078708648681641,0.4307577610015869,0.05639839172363281
Scene,Scene_random_equal4_02_mean,12345,469,0.006355472907106661,0.2352753468168206,0.7552934885025024,0.4560861885547638,0.00535790016874671
Scene,Scene_random_equal4_02_mean,12345,486,0.11636755827861657,0.09060700138451311,0.7320599555969238,0.5639561414718628,0.11426995694637299
Scene,Scene_random_equal4_02_mean,12345,491,0.5899930331707217,0.407906130603301,0.576837420463562,0.7201606035232544,0.1374426931142807
Scene,Scene_random_equal4_02_mean,12345,518,0.007472675898456546,0.5323587106989619,0.7594122886657715,0.4973520338535309,0.10219171643257141
Scene,Scene_random_equal4_02_mean,12345,523,-0.03585726730729681,0.09317934922754872,0.6336395144462585,0.4549984931945801,0.13790646195411682
Scene,Scene_random_equal4_02_mean,12345,545,0.1672183898297252,0.4404121351371197,0.7709646821022034,0.7248440384864807,0.044118061661720276
Scene,Scene_random_equal4_02_mean,12345,551,0.011061663668962569,0.059816037875599595,0.8214213252067566,0.37539541721343994,0.008888142183423042
Scene,Scene_random_equal4_02_mean,12345,568,0.07572107047548991,0.41877734604650274,0.7518801689147949,0.7372850179672241,0.2879776060581207
Scene,Scene_random_equal4_02_mean,12345,620,0.7799215317938551,0.5331345633846528,0.5699516534805298,0.6475175619125366,0.1986307054758072
Scene,Scene_random_equal4_02_mean,12345,640,-0.06079664721490781,0.16475054024752916,0.641404390335083,0.8025477528572083,0.6618513464927673
Scene,Scene_random_equal4_02_mean,12345,648,0.06259546887931858,0.2565865653733944,0.7429591417312622,0.6274722218513489,-0.0005075406515970826
Scene,Scene_random_equal4_02_mean,12345,671,0.12684834256958794,0.39940599186946363,0.6184126138687134,0.7842777967453003,0.37207067012786865
Scene,Scene_random_equal4_02_mean,12345,755,0.3996651786707036,0.39623108454124584,0.6468794345855713,0.6581165790557861,0.43662989139556885
Scene,Scene_random_equal4_02_mean,12345,811,0.22611126571982423,0.2549900108813482,0.7309513092041016,0.4766804873943329,0.013301841914653778
Scene,Scene_random_equal4_02_mean,12345,821,0.024616974405839886,0.23029604740802934,0.6424106955528259,0.7481598854064941,0.7011791467666626
Scene,Scene_random_equal4_02_mean,12345,824,-0.05141269953438698,0.0985759067013755,0.7347161769866943,0.5378541350364685,0.28792160749435425
Scene,Scene_random_equal4_02_mean,12345,841,0.13619674071495846,0.29749494612412747,0.7851110100746155,0.5926844477653503,0.16768382489681244
Scene,Scene_random_equal4_02_mean,12345,842,0.08182334814959975,0.27937773115633086,0.8086737394332886,0.6802884340286255,0.06126617640256882
Scene,Scene_random_equal4_02_mean,12345,850,0.06421700905094335,0.28955892701949315,0.7162570357322693,0.6941773891448975,0.3007217049598694
Scene,Scene_random_equal4_02_mean,12345,855,0.023902199850816513,0.45238967675941294,0.6974431276321411,0.6895559430122375,-0.0010420596227049828
Scene,Scene_random_equal4_02_mean,12345,872,-0.03588190581994579,0.09095205340949297,0.7253518104553223,0.3201391398906708,0.039705321192741394
Scene,Scene_random_equal4_02_mean,12345,873,0.545814056474363,0.5533981081114023,0.607832133769989,0.40659642219543457,0.0878259614109993
Scene,Scene_random_equal4_02_mean,12345,893,0.34143453306407834,0.2812405918712336,0.8030667901039124,0.3982797861099243,0.0547114834189415
Scene,Scene_random_equal4_02_mean,12345,894,0.008344206826034081,0.3275355714117537,0.7506767511367798,0.5500944256782532,0.036012597382068634
Scene,Scene_random_equal4_02_mean,12345,918,0.07801640293861632,0.31751124381955936,0.6772058010101318,0.6928307414054871,0.07989422231912613
Scene,Scene_random_equal4_02_mean,12345,943,0.06474754546820859,0.5392319556007334,0.7608372569084167,0.5925898551940918,0.3299797773361206
Scene,Scene_random_equal4_02_mean,12345,978,0.5551238448687335,0.5690841660651559,0.6002727746963501,0.7790579795837402,0.30777686834335327
Scene,Scene_random_equal4_02_mean,12345,999,0.06693093718105014,0.31870642452965836,0.7346256971359253,0.6716038584709167,-0.03000953234732151
Scene,Scene_random_equal4_03_mean,12345,14,0.6734931679181804,0.5558821964885119,0.5257588028907776,0.4506221115589142,0.046913228929042816
Scene,Scene_random_equal4_03_mean,12345,15,-0.05066880384956643,0.34112143352365687,0.7563271522521973,0.6088671088218689,0.04780563712120056
Scene,Scene_random_equal4_03_mean,12345,36,0.1971702094842174,0.26398465036182095,0.6784852743148804,0.40970128774642944,0.047030553221702576
Scene,Scene_random_equal4_03_mean,12345,39,-0.5203561782735991,0.2840838319057656,0.5332284569740295,0.6916464567184448,0.4018975496292114
Scene,Scene_random_equal4_03_mean,12345,126,-0.1379605487750384,0.4124326521616904,0.7131780982017517,0.8581907749176025,0.3775772452354431
Scene,Scene_random_equal4_03_mean,12345,132,0.08595273448927558,0.10301048390992897,0.6891888380050659,0.549436092376709,0.13502614200115204
Scene,Scene_random_equal4_03_mean,12345,167,0.200048768268354,0.10223421811621192,0.7326847314834595,0.4448281526565552,0.010765384882688522
Scene,Scene_random_equal4_03_mean,12345,196,0.10960709969646613,0.27394592288702896,0.6524166464805603,0.7281069755554199,0.19254985451698303
Scene,Scene_random_equal4_03_mean,12345,199,0.154240791185376,0.20632227730430588,0.6961096525192261,0.5368913412094116,0.0732334777712822
Scene,Scene_random_equal4_03_mean,12345,214,-0.12625688650616354,0.29781584848391873,0.6640909910202026,0.8618043065071106,0.2160184681415558
Scene,Scene_random_equal4_03_mean,12345,241,0.15524930766787579,0.3503151284901013,0.6937089562416077,0.5528175830841064,0.04966108500957489
Scene,Scene_random_equal4_03_mean,12345,242,-0.051066842825697685,0.5102867736042024,0.8135183453559875,0.5177825093269348,0.017831681296229362
Scene,Scene_random_equal4_03_mean,12345,245,-0.09279544646579022,0.4403846391774111,0.6795742511749268,0.5674149990081787,0.047178495675325394
Scene,Scene_random_equal4_03_mean,12345,249,-0.02242838919219687,0.38159405078175235,0.8289965391159058,0.4420350193977356,0.013436196371912956
Scene,Scene_random_equal4_03_mean,12345,282,0.12117935670645678,0.29715240732166154,0.6701363325119019,0.49190619587898254,0.05269932746887207
Scene,Scene_random_equal4_03_mean,12345,289,-0.18689215171769,0.3704081915264022,0.7622998952865601,0.7135835886001587,0.09891169518232346
Scene,Scene_random_equal4_03_mean,12345,303,0.1295620835628672,0.4367391035433273,0.7282634377479553,0.6185921430587769,0.08167117089033127
Scene,Scene_random_equal4_03_mean,12345,314,-0.07564795669611082,0.19259461399757846,0.8235368132591248,0.5963737964630127,0.0390491783618927
Scene,Scene_random_equal4_03_mean,12345,393,0.368086084358446,0.4007731629428809,0.6652715802192688,0.8200607299804688,0.4308253526687622
Scene,Scene_random_equal4_03_mean,12345,412,0.4203397611693775,0.5062129150027144,0.5636153817176819,0.4634459614753723,-0.012360574677586555
Scene,Scene_random_equal4_03_mean,12345,442,-0.04002984590156556,0.29016410752984023,0.7126389741897583,0.581034243106842,0.08631731569766998
Scene,Scene_random_equal4_03_mean,12345,463,-0.1644122859770529,0.09761911980906508,0.8093254566192627,0.39301905035972595,0.025161871686577797
Scene,Scene_random_equal4_03_mean,12345,469,-0.004210185957547099,0.23386897664104123,0.7579007148742676,0.4568396508693695,-0.011339286342263222
Scene,Scene_random_equal4_03_mean,12345,486,0.1353045326407531,0.09850017716172774,0.7145935893058777,0.6653681397438049,0.20467734336853027
Scene,Scene_random_equal4_03_mean,12345,491,0.5861908023022537,0.4029095163100508,0.5760237574577332,0.7226420044898987,0.11497274786233902
Scene,Scene_random_equal4_03_mean,12345,518,0.023293115835918882,0.5272802028484,0.7517380714416504,0.5065304040908813,0.07102664560079575
Scene,Scene_random_equal4_03_mean,12345,523,-0.03382209225893513,0.08998211471633774,0.6299254894256592,0.514155924320221,0.13785797357559204
Scene,Scene_random_equal4_03_mean,12345,545,0.10759501151876351,0.4475857990353404,0.774376630783081,0.7345173954963684,0.052520751953125
Scene,Scene_random_equal4_03_mean,12345,551,0.010653214307894846,0.05262911636075053,0.8309618234634399,0.4196629524230957,-0.003037123940885067
Scene,Scene_random_equal4_03_mean,12345,568,0.12074842448060627,0.4290506024547324,0.7395415306091309,0.7630354166030884,0.2751728594303131
Scene,Scene_random_equal4_03_mean,12345,620,0.7829367437598559,0.5414746631588699,0.5958935022354126,0.613427996635437,0.26724281907081604
Scene,Scene_random_equal4_03_mean,12345,640,-0.05211364291540776,0.16740437663874572,0.6289392709732056,0.8207557201385498,0.6246805191040039
Scene,Scene_random_equal4_03_mean,12345,648,0.0896690119286426,0.25784238524932174,0.7410776615142822,0.5924151539802551,0.03179433196783066
Scene,Scene_random_equal4_03_mean,12345,671,0.1261314769256952,0.4000730729267099,0.6196551322937012,0.7722352743148804,0.37316960096359253
Scene,Scene_random_equal4_03_mean,12345,755,0.3991345323157645,0.3871249017385686,0.641808807849884,0.7063227891921997,0.381603479385376
Scene,Scene_random_equal4_03_mean,12345,811,0.2220089687662687,0.2554692869930429,0.7401481866836548,0.483848512172699,0.015006110072135925
Scene,Scene_random_equal4_03_mean,12345,821,0.016471622805374894,0.22427422151075818,0.6448695063591003,0.7547910213470459,0.6958274841308594
Scene,Scene_random_equal4_03_mean,12345,824,-0.06836126070498606,0.09524023513368612,0.7233608961105347,0.5604519844055176,0.18986403942108154
Scene,Scene_random_equal4_03_mean,12345,841,0.14828716598383831,0.29738716258224973,0.7880846858024597,0.5893770456314087,0.020139247179031372
Scene,Scene_random_equal4_03_mean,12345,842,0.030261447798787814,0.26157133794028403,0.7702934145927429,0.710645318031311,0.03301558643579483
Scene,Scene_random_equal4_03_mean,12345,850,0.07826158510058226,0.28987434895167385,0.7143042087554932,0.7019224762916565,0.3132702708244324
Scene,Scene_random_equal4_03_mean,12345,855,0.04300385399329672,0.45037621635699954,0.6797400712966919,0.7248719930648804,0.050320252776145935
Scene,Scene_random_equal4_03_mean,12345,872,-0.022344570300400463,0.09220684185961525,0.7334603667259216,0.26332229375839233,0.017384907230734825
Scene,Scene_random_equal4_03_mean,12345,873,0.5363967657327073,0.5495109280835089,0.6143248081207275,0.3900187015533447,0.07958325743675232
Scene,Scene_random_equal4_03_mean,12345,893,0.3440520898624774,0.28348564086218564,0.7757921814918518,0.529303789138794,0.07754956930875778
Scene,Scene_random_equal4_03_mean,12345,894,0.015225697682564562,0.32880303066387145,0.7526360750198364,0.5528388023376465,0.03578827530145645
Scene,Scene_random_equal4_03_mean,12345,918,-0.011038085548390392,0.30702533352391476,0.7006913423538208,0.7293012738227844,0.2094077169895172
Scene,Scene_random_equal4_03_mean,12345,943,0.06939882724933849,0.5383762616964948,0.7609097361564636,0.6078156232833862,0.335783988237381
Scene,Scene_random_equal4_03_mean,12345,978,0.5489651335498661,0.5689150210803385,0.6020107269287109,0.7624194025993347,0.429188072681427
Scene,Scene_random_equal4_03_mean,12345,999,0.051925716961622265,0.31807338119481837,0.7300878763198853,0.6798901557922363,-0.0054628197103738785
Scene,Scene_random_equal4_04_mean,12345,14,0.6860770042102298,0.5596170043167705,0.5285425186157227,0.44559893012046814,0.05485948920249939
Scene,Scene_random_equal4_04_mean,12345,15,-0.048727003869535525,0.3274418233147132,0.734792172908783,0.6419904828071594,0.07281625270843506
Scene,Scene_random_equal4_04_mean,12345,36,0.10555937243952726,0.2336760837553931,0.6584095358848572,0.4204810559749603,0.029569895938038826
Scene,Scene_random_equal4_04_mean,12345,39,-0.5308062725764343,0.2840122196574515,0.5420786738395691,0.7059521675109863,0.4069972038269043
Scene,Scene_random_equal4_04_mean,12345,126,-0.1639182302195485,0.4117299538982743,0.7353232502937317,0.8298794627189636,0.23428231477737427
Scene,Scene_random_equal4_04_mean,12345,132,0.09275853487784917,0.10824691101962436,0.6706522703170776,0.5371178388595581,0.10887163132429123
Scene,Scene_random_equal4_04_mean,12345,167,0.2109374145785387,0.10343954674716742,0.7292370200157166,0.399772047996521,0.028388509526848793
Scene,Scene_random_equal4_04_mean,12345,196,0.09827932014457938,0.2666611682727275,0.6730368137359619,0.7366270422935486,0.16514402627944946
Scene,Scene_random_equal4_04_mean,12345,199,0.11481452604737856,0.19927370322486085,0.7101650834083557,0.6110372543334961,0.07799604535102844
Scene,Scene_random_equal4_04_mean,12345,214,-0.12303894035183546,0.3144739399859399,0.6630340218544006,0.7130317687988281,0.18959856033325195
Scene,Scene_random_equal4_04_mean,12345,241,0.15406400993953837,0.35379651182702676,0.6967858672142029,0.5312829613685608,0.06578902155160904
Scene,Scene_random_equal4_04_mean,12345,242,-0.005997346319860184,0.5063853112849899,0.8091711401939392,0.5303225517272949,0.022809451445937157
Scene,Scene_random_equal4_04_mean,12345,245,-0.07344309695126665,0.4286002605195683,0.699184775352478,0.5560773015022278,0.03631850332021713
Scene,Scene_random_equal4_04_mean,12345,249,-0.02312353826171076,0.37789438194888036,0.8295955061912537,0.45809343457221985,0.01700020022690296
Scene,Scene_random_equal4_04_mean,12345,282,0.09623741731092955,0.32753504548607476,0.6863570213317871,0.5009945631027222,0.01812375709414482
Scene,Scene_random_equal4_04_mean,12345,289,-0.16562837430468116,0.366269357714704,0.7635007500648499,0.6413850784301758,0.11544761806726456
Scene,Scene_random_equal4_04_mean,12345,303,0.1379219808217835,0.457083987490538,0.7432489395141602,0.6885032653808594,0.11615199595689774
Scene,Scene_random_equal4_04_mean,12345,314,-0.07470343218481115,0.19470216970123938,0.8170967698097229,0.5713149905204773,0.02141178771853447
Scene,Scene_random_equal4_04_mean,12345,393,0.3701501251765582,0.3922874618066574,0.6513372659683228,0.8589473366737366,0.4300363063812256
Scene,Scene_random_equal4_04_mean,12345,412,0.42802402565439374,0.5086081782497571,0.5640960931777954,0.43673738837242126,0.01642007939517498
Scene,Scene_random_equal4_04_mean,12345,442,-0.03428812455287791,0.30043293823915224,0.724927544593811,0.6250631213188171,0.054584652185440063
Scene,Scene_random_equal4_04_mean,12345,463,-0.1880302970208787,0.0949922835538835,0.8288179039955139,0.41958433389663696,0.056871768087148666
Scene,Scene_random_equal4_04_mean,12345,469,0.01312485398581772,0.23335418273226338,0.7671886682510376,0.45427900552749634,-0.024363286793231964
Scene,Scene_random_equal4_04_mean,12345,486,0.12514312763996593,0.10295406785319361,0.7090000510215759,0.6707894206047058,0.14137962460517883
Scene,Scene_random_equal4_04_mean,12345,491,0.5856416832009416,0.40377968178068213,0.5768338441848755,0.7280784249305725,0.11894763261079788
Scene,Scene_random_equal4_04_mean,12345,518,0.1750901997042817,0.33999852347203213,0.7462260127067566,0.4679660499095917,0.07845302671194077
Scene,Scene_random_equal4_04_mean,12345,523,-0.03538498782092636,0.11547558980651068,0.6215594410896301,0.702525794506073,0.2043440341949463
Scene,Scene_random_equal4_04_mean,12345,545,0.09951224896367769,0.43368147890934994,0.7633091807365417,0.6788148880004883,0.05192502588033676
Scene,Scene_random_equal4_04_mean,12345,551,0.027611147685955365,0.0643083110243486,0.8126295804977417,0.4993569254875183,0.07418346405029297
Scene,Scene_random_equal4_04_mean,12345,568,0.09168863887023863,0.4056763992323612,0.748636782169342,0.7381770610809326,0.4319309890270233
Scene,Scene_random_equal4_04_mean,12345,620,0.75003304885051,0.5265371570513016,0.5657126307487488,0.521133303642273,0.2316485047340393
Scene,Scene_random_equal4_04_mean,12345,640,-0.04668945741049605,0.16748621284277243,0.6320130228996277,0.8256257772445679,0.5805370211601257
Scene,Scene_random_equal4_04_mean,12345,648,0.06549923105896625,0.24989570671661376,0.7467392086982727,0.6371715664863586,0.01579122431576252
Scene,Scene_random_equal4_04_mean,12345,671,0.14145387128871567,0.3909659043983954,0.6003729104995728,0.7918177843093872,0.43254053592681885
Scene,Scene_random_equal4_04_mean,12345,755,0.38579496272397085,0.39931600244799526,0.6532878875732422,0.6487405896186829,0.3814432621002197
Scene,Scene_random_equal4_04_mean,12345,811,0.23852397085946853,0.24612890363954185,0.7149049639701843,0.519554615020752,0.05669208616018295
Scene,Scene_random_equal4_04_mean,12345,821,0.0589602851288592,0.23427967963335403,0.6455450057983398,0.7601222991943359,0.7050010561943054
Scene,Scene_random_equal4_04_mean,12345,824,-0.06128144329508551,0.10125808881091941,0.7270485162734985,0.5019518136978149,0.030760712921619415
Scene,Scene_random_equal4_04_mean,12345,841,0.13161473933550924,0.29874289251200925,0.78443443775177,0.6180353164672852,0.07239764928817749
Scene,Scene_random_equal4_04_mean,12345,842,0.039288766236287374,0.2672227320208228,0.7868215441703796,0.6848710179328918,0.07160545885562897
Scene,Scene_random_equal4_04_mean,12345,850,0.0730631980774866,0.2937381638137536,0.7025333642959595,0.6165676116943359,0.16619029641151428
Scene,Scene_random_equal4_04_mean,12345,855,0.02646113161199762,0.4463334566163897,0.701984167098999,0.7350445985794067,0.05879732221364975
Scene,Scene_random_equal4_04_mean,12345,872,-0.014808405708924633,0.09295898486881103,0.7245303392410278,0.3374814987182617,0.029145078733563423
Scene,Scene_random_equal4_04_mean,12345,873,0.5483550674881793,0.5564092836018144,0.6067841649055481,0.4318808913230896,0.04403947293758392
Scene,Scene_random_equal4_04_mean,12345,893,0.34227019953511106,0.28413677148066513,0.7866983413696289,0.5287119150161743,0.09959132969379425
Scene,Scene_random_equal4_04_mean,12345,894,0.038492822050646754,0.3305960751715489,0.7561006546020508,0.5547763109207153,0.04321669787168503
Scene,Scene_random_equal4_04_mean,12345,918,0.01586151670985432,0.31392964690111475,0.6962921023368835,0.6441256403923035,0.26447662711143494
Scene,Scene_random_equal4_04_mean,12345,943,0.08224534228224284,0.5389024748936438,0.7505866289138794,0.6097478270530701,0.32296136021614075
Scene,Scene_random_equal4_04_mean,12345,978,0.5733165774281394,0.5792856963900765,0.6011217832565308,0.8185551166534424,0.7275912761688232
Scene,Scene_random_equal4_04_mean,12345,999,0.07819635705219971,0.33813985710397265,0.7361763119697571,0.632773220539093,0.026085570454597473
Scene,Scene_random_equal4_05_mean,12345,14,0.696713745565079,0.5122425127504756,0.5064858794212341,0.5723575949668884,0.1576077938079834
Scene,Scene_random_equal4_05_mean,12345,15,-0.05241544438173936,0.3369379659107581,0.745555579662323,0.5927549600601196,0.04005562886595726
Scene,Scene_random_equal4_05_mean,12345,36,-0.016883979357703423,0.16499549297615215,0.6141655445098877,0.5471212267875671,0.035617660731077194
Scene,Scene_random_equal4_05_mean,12345,39,-0.4220444801193479,0.25502876967480503,0.5963485240936279,0.698004961013794,0.4753601551055908
Scene,Scene_random_equal4_05_mean,12345,126,-0.1877159408796737,0.3844025045416188,0.7375039458274841,0.9030201435089111,0.23556749522686005
Scene,Scene_random_equal4_05_mean,12345,132,0.08452075358446022,0.10158396666308536,0.6741824150085449,0.4933273196220398,0.18423424661159515
Scene,Scene_random_equal4_05_mean,12345,167,0.1936928467748916,0.10021115801837112,0.7296134829521179,0.4526808261871338,0.06302839517593384
Scene,Scene_random_equal4_05_mean,12345,196,0.12803587619243154,0.28795847334298613,0.6588689088821411,0.7178575992584229,0.141312375664711
Scene,Scene_random_equal4_05_mean,12345,199,0.16737928920343173,0.20270234035114668,0.6911249160766602,0.5671411752700806,0.12407952547073364
Scene,Scene_random_equal4_05_mean,12345,214,-0.04671203499467603,0.28144292004879284,0.6578007340431213,0.7850324511528015,0.4458088278770447
Scene,Scene_random_equal4_05_mean,12345,241,0.14076697449830058,0.3456732168947242,0.705951452255249,0.536618709564209,-0.0022332773078233004
Scene,Scene_random_equal4_05_mean,12345,242,-0.05798297358796131,0.4208255819046319,0.8187792897224426,0.5521793365478516,0.02825862169265747
Scene,Scene_random_equal4_05_mean,12345,245,-0.04829236878326636,0.44420106876089827,0.6851444840431213,0.5898316502571106,0.03194022923707962
Scene,Scene_random_equal4_05_mean,12345,249,-0.022470884187400505,0.37249846798081915,0.8349653482437134,0.4195713400840759,0.026753602549433708
Scene,Scene_random_equal4_05_mean,12345,282,-0.03817127651084398,0.26819257590122686,0.6574600338935852,0.31453585624694824,0.0627375990152359
Scene,Scene_random_equal4_05_mean,12345,289,-0.14725672087732494,0.3677011889960756,0.7403316497802734,0.6968091726303101,0.18295755982398987
Scene,Scene_random_equal4_05_mean,12345,303,0.14071125855775815,0.44868415623733715,0.7620004415512085,0.6852561235427856,0.027098938822746277
Scene,Scene_random_equal4_05_mean,12345,314,-0.03583258033807489,0.19495460081244062,0.8355941772460938,0.4021400511264801,-0.0109415203332901
Scene,Scene_random_equal4_05_mean,12345,393,0.37803592163530747,0.3929543449934023,0.6422470808029175,0.8376150131225586,0.3312928378582001
Scene,Scene_random_equal4_05_mean,12345,412,0.3585316782976676,0.48668847143520483,0.6169893741607666,0.4882870018482208,0.07293395698070526
Scene,Scene_random_equal4_05_mean,12345,442,-0.026493447531044503,0.29530536591218204,0.7038977742195129,0.6224031448364258,0.09917847812175751
Scene,Scene_random_equal4_05_mean,12345,463,-0.18057145237405062,0.1032363954079866,0.8152727484703064,0.534417450428009,0.07621043175458908
Scene,Scene_random_equal4_05_mean,12345,469,0.011872079262792086,0.23324355179477732,0.7935156226158142,0.4334164261817932,0.004594275262206793
Scene,Scene_random_equal4_05_mean,12345,486,0.10707719547172767,0.08895316157294754,0.7163038849830627,0.5737724304199219,0.030760930851101875
Scene,Scene_random_equal4_05_mean,12345,491,0.5929691311121946,0.4029574671253836,0.5867992043495178,0.6557441353797913,0.08350673317909241
Scene,Scene_random_equal4_05_mean,12345,518,0.14778795259864244,0.3842441993996631,0.7739711999893188,0.5376392602920532,0.12700232863426208
Scene,Scene_random_equal4_05_mean,12345,523,-0.022405517745657733,0.09714858225209977,0.6398584842681885,0.5036884546279907,0.03147032856941223
Scene,Scene_random_equal4_05_mean,12345,545,0.10348465059105669,0.43410983563260597,0.7588064074516296,0.7040281891822815,0.03853965178132057
Scene,Scene_random_equal4_05_mean,12345,551,0.029729381903567997,0.057006208993034865,0.8306899666786194,0.4432286024093628,-0.013182294555008411
Scene,Scene_random_equal4_05_mean,12345,568,0.10172293881713665,0.3820032152173252,0.7352632880210876,0.8248236775398254,0.39699965715408325
Scene,Scene_random_equal4_05_mean,12345,620,0.7713678694399464,0.5425494055349025,0.5676072239875793,0.6466320753097534,0.3230055272579193
Scene,Scene_random_equal4_05_mean,12345,640,-0.05008211753265849,0.1668745307769402,0.6332027316093445,0.8320281505584717,0.6357474327087402
Scene,Scene_random_equal4_05_mean,12345,648,0.04279932735455099,0.24891189451480422,0.7304395437240601,0.6506544351577759,0.04301076754927635
Scene,Scene_random_equal4_05_mean,12345,671,0.12443063902928626,0.3914813596920341,0.6009156703948975,0.764275074005127,0.42911073565483093
Scene,Scene_random_equal4_05_mean,12345,755,0.3680671827293978,0.3845701711831062,0.6373845934867859,0.657019853591919,0.21442857384681702
Scene,Scene_random_equal4_05_mean,12345,811,0.21161672109977403,0.2302046964951484,0.7196027636528015,0.45597827434539795,0.03025083988904953
Scene,Scene_random_equal4_05_mean,12345,821,0.10946962112056252,0.2964429456641886,0.6956944465637207,0.5404578447341919,0.32128462195396423
Scene,Scene_random_equal4_05_mean,12345,824,-0.0706768946373691,0.09586326211482768,0.7342932224273682,0.4878714978694916,0.19142045080661774
Scene,Scene_random_equal4_05_mean,12345,841,0.10329672030533545,0.26229688869745976,0.7971518039703369,0.4981151223182678,0.039140090346336365
Scene,Scene_random_equal4_05_mean,12345,842,0.05490961867130522,0.2624991956425597,0.7933332920074463,0.7033097147941589,0.055740319192409515
Scene,Scene_random_equal4_05_mean,12345,850,0.09483325674375369,0.28628157290840717,0.7045093774795532,0.5992544889450073,0.1793765425682068
Scene,Scene_random_equal4_05_mean,12345,855,0.06398163430161352,0.43662507745059453,0.7058854103088379,0.7192719578742981,-0.06082449480891228
Scene,Scene_random_equal4_05_mean,12345,872,0.0018192739731900975,0.0911635173058322,0.7411797642707825,0.44486212730407715,0.08524090051651001
Scene,Scene_random_equal4_05_mean,12345,873,0.5954348906401143,0.5166345483618687,0.6194815039634705,0.4168083071708679,0.06776820123195648
Scene,Scene_random_equal4_05_mean,12345,893,0.34216390265423746,0.2813314559407875,0.7822966575622559,0.5346369743347168,0.08960781991481781
Scene,Scene_random_equal4_05_mean,12345,894,0.008861269291959115,0.32825766106897397,0.7530280351638794,0.54414963722229,0.036958422511816025
Scene,Scene_random_equal4_05_mean,12345,918,0.07016362845543513,0.3152436491058395,0.6683710813522339,0.6856933832168579,0.06582605093717575
Scene,Scene_random_equal4_05_mean,12345,943,0.06582691136013673,0.5392197764068286,0.7574182748794556,0.5938472151756287,0.34509462118148804
Scene,Scene_random_equal4_05_mean,12345,978,0.5041773289679479,0.5705705798911802,0.6204836964607239,0.7485711574554443,0.3033566176891327
Scene,Scene_random_equal4_05_mean,12345,999,0.11692138016084663,0.3461060720783112,0.7323570251464844,0.6496807336807251,-0.012378532439470291
Scene,Scene_random_full_01_mean,12345,14,0.6536922349869788,0.5538533632713056,0.5212423205375671,0.44943946599960327,0.05408351868391037
Scene,Scene_random_full_01_mean,12345,15,-0.1279865005517291,0.3068178282048486,0.7890489101409912,0.75966876745224,0.2268400490283966
Scene,Scene_random_full_01_mean,12345,36,0.082622020505522,0.23857282190728282,0.6904988288879395,0.4035009741783142,0.03473306819796562
Scene,Scene_random_full_01_mean,12345,39,-0.5148217630210511,0.2761579043030031,0.5388405919075012,0.6601837873458862,0.17276182770729065
Scene,Scene_random_full_01_mean,12345,126,-0.18370924462829408,0.3996763011400491,0.7314967513084412,0.7998915910720825,0.2473439872264862
Scene,Scene_random_full_01_mean,12345,132,0.09266767013546695,0.11454225824246482,0.6742573380470276,0.5533100962638855,0.10169565677642822
Scene,Scene_random_full_01_mean,12345,167,0.16456339223763136,0.10016281337273941,0.7402058839797974,0.52740079164505,0.01103330496698618
Scene,Scene_random_full_01_mean,12345,196,0.10237385835963342,0.2980853803249575,0.6993757486343384,0.7331780195236206,0.11284215748310089
Scene,Scene_random_full_01_mean,12345,199,0.08262107028291571,0.198309262247269,0.7228193283081055,0.5761593580245972,0.05196792259812355
Scene,Scene_random_full_01_mean,12345,214,-0.05067387006871722,0.2773686810451425,0.682443380355835,0.8231207728385925,0.26683831214904785
Scene,Scene_random_full_01_mean,12345,241,0.15639346142818106,0.34630526793910393,0.6930635571479797,0.5499555468559265,0.04273230955004692
Scene,Scene_random_full_01_mean,12345,242,-0.13914996042832942,0.4596602055344631,0.8339378833770752,0.5222908854484558,0.03338875249028206
Scene,Scene_random_full_01_mean,12345,245,0.15323075138967293,0.41479436980305573,0.6386097073554993,0.49115774035453796,0.054198600351810455
Scene,Scene_random_full_01_mean,12345,249,-0.007902576298537764,0.3973158529535556,0.8142255544662476,0.40565136075019836,0.03239268809556961
Scene,Scene_random_full_01_mean,12345,282,0.10308265892563356,0.33910056138563893,0.6695796251296997,0.3706340193748474,0.034499943256378174
Scene,Scene_random_full_01_mean,12345,289,-0.10655440336632874,0.39364782550994937,0.7731700539588928,0.622409999370575,0.09371252357959747
Scene,Scene_random_full_01_mean,12345,303,0.1762478226048035,0.42080059183091756,0.7584503889083862,0.6143496036529541,0.04789741709828377
Scene,Scene_random_full_01_mean,12345,314,-0.07781991833387525,0.19295976497521247,0.8152493834495544,0.6013811826705933,0.07355047762393951
Scene,Scene_random_full_01_mean,12345,393,0.2565903373795384,0.36274515714662076,0.6513120532035828,0.7611631751060486,0.44592732191085815
Scene,Scene_random_full_01_mean,12345,412,0.4430544416320025,0.493189375902924,0.5574802160263062,0.4846919775009155,0.028223413974046707
Scene,Scene_random_full_01_mean,12345,442,-0.07279356731583779,0.30242115224796956,0.7032493948936462,0.7340653538703918,0.16739675402641296
Scene,Scene_random_full_01_mean,12345,463,-0.10418218892476093,0.09445404828834593,0.7964723706245422,0.5147129893302917,0.133832186460495
Scene,Scene_random_full_01_mean,12345,469,0.016280109133861406,0.23439614583079285,0.7773928642272949,0.43067383766174316,-0.004041311331093311
Scene,Scene_random_full_01_mean,12345,486,0.24393374979064514,0.11486028486206795,0.8057805895805359,0.5033199191093445,-0.007807426620274782
Scene,Scene_random_full_01_mean,12345,491,0.5535288189851636,0.4017667896900395,0.6007790565490723,0.6191502213478088,0.0647554025053978
Scene,Scene_random_full_01_mean,12345,518,0.2701819738703494,0.40278396444032794,0.6855760812759399,0.4337371289730072,0.03675380349159241
Scene,Scene_random_full_01_mean,12345,523,-0.45084721492753194,0.1195710926932425,0.7537107467651367,0.40625807642936707,0.031532011926174164
Scene,Scene_random_full_01_mean,12345,545,0.08398374613539339,0.40039134069309384,0.7534838914871216,0.7422103881835938,0.02546931989490986
Scene,Scene_random_full_01_mean,12345,551,0.003495231986555839,0.07111262162939756,0.7972541451454163,0.40407875180244446,-0.0024261705111712217
Scene,Scene_random_full_01_mean,12345,568,0.09323594804643448,0.4102595173588118,0.7422252893447876,0.8105986714363098,0.20582398772239685
Scene,Scene_random_full_01_mean,12345,620,0.7388145793449492,0.5211807482569054,0.6085882782936096,0.6351345777511597,0.3187938630580902
Scene,Scene_random_full_01_mean,12345,640,0.09675444605174827,0.20144969115372657,0.6985622644424438,0.494389146566391,0.09903279691934586
Scene,Scene_random_full_01_mean,12345,648,-0.0019520387439488133,0.24797043581087747,0.7194342613220215,0.6610962152481079,0.04022696986794472
Scene,Scene_random_full_01_mean,12345,671,0.11301989322193846,0.3196523242284778,0.6642091274261475,0.5924733281135559,0.07596554607152939
Scene,Scene_random_full_01_mean,12345,755,0.33284711458587246,0.395308504369828,0.6987202167510986,0.5587484836578369,0.12018934637308121
Scene,Scene_random_full_01_mean,12345,811,0.22781865654993116,0.24610666793796884,0.7526295781135559,0.5104088187217712,0.04433201998472214
Scene,Scene_random_full_01_mean,12345,821,0.0695904883644597,0.23314281658601313,0.6504063606262207,0.763213038444519,0.6967940330505371
Scene,Scene_random_full_01_mean,12345,824,-0.08507908458500908,0.07741890894835902,0.709759533405304,0.5364212393760681,0.1300015151500702
Scene,Scene_random_full_01_mean,12345,841,-0.07539226397135765,0.2435888481615235,0.7682396173477173,0.45893043279647827,0.04131489247083664
Scene,Scene_random_full_01_mean,12345,842,0.027597244452339634,0.2706676089189553,0.7960217595100403,0.7041202783584595,0.06606646627187729
Scene,Scene_random_full_01_mean,12345,850,0.07302807331261063,0.29429202834449364,0.7324579358100891,0.6433892250061035,0.07385554164648056
Scene,Scene_random_full_01_mean,12345,855,-0.0025665135022784643,0.4457975895262703,0.7180113792419434,0.6752074360847473,0.07865288108587265
Scene,Scene_random_full_01_mean,12345,872,-0.048380265833646144,0.09184790896062563,0.7979048490524292,0.4162336587905884,-0.019467107951641083
Scene,Scene_random_full_01_mean,12345,873,0.6127121549838447,0.5477993307852492,0.621051549911499,0.40851861238479614,0.06270985305309296
Scene,Scene_random_full_01_mean,12345,893,0.21492505183705268,0.27030957734816236,0.7361968755722046,0.708775520324707,0.13448446989059448
Scene,Scene_random_full_01_mean,12345,894,0.08107108004567257,0.32462608773960056,0.7623692154884338,0.5557023882865906,0.05110400170087814
Scene,Scene_random_full_01_mean,12345,918,0.04681893882763058,0.3083172435998586,0.7006473541259766,0.6399422287940979,0.08508536219596863
Scene,Scene_random_full_01_mean,12345,943,0.43198282553786815,0.5644401259775048,0.650982677936554,0.7024593949317932,0.49032601714134216
Scene,Scene_random_full_01_mean,12345,978,0.5354216569782358,0.5772069547626997,0.6068317294120789,0.8065482974052429,0.7157036066055298
Scene,Scene_random_full_01_mean,12345,999,0.07646711164322757,0.34364537199961603,0.7360395193099976,0.6283649206161499,0.06503232568502426
Scene,Scene_random_full_02_mean,12345,14,0.7322920951297359,0.5377604505656434,0.484191358089447,0.5401520729064941,0.08091873675584793
Scene,Scene_random_full_02_mean,12345,15,0.04102209510194128,0.3362693129872063,0.843448281288147,0.7253285646438599,0.10248596966266632
Scene,Scene_random_full_02_mean,12345,36,0.12669150717117897,0.2558859564167681,0.7126374244689941,0.3675500452518463,0.056956276297569275
Scene,Scene_random_full_02_mean,12345,39,-0.5321881499143617,0.288779985463606,0.5498368144035339,0.6840909123420715,0.3910059928894043
Scene,Scene_random_full_02_mean,12345,126,-0.21047824969961113,0.4411488788090405,0.7158459424972534,0.8375664353370667,0.4146997332572937
Scene,Scene_random_full_02_mean,12345,132,0.07716864059997094,0.10801591590595944,0.6864741444587708,0.6084555387496948,0.20275095105171204
Scene,Scene_random_full_02_mean,12345,167,0.13764656938273387,0.09386348105212423,0.7497347593307495,0.4113965630531311,0.048186637461185455
Scene,Scene_random_full_02_mean,12345,196,0.11987428822037621,0.2843068177708869,0.6704391241073608,0.7652708888053894,0.15006329119205475
Scene,Scene_random_full_02_mean,12345,199,0.1288761655177889,0.2022090826984679,0.6983133554458618,0.5879878401756287,0.03261494264006615
Scene,Scene_random_full_02_mean,12345,214,-0.07805448232818568,0.28046612944230503,0.6887633800506592,0.7448506355285645,0.25419995188713074
Scene,Scene_random_full_02_mean,12345,241,0.13745749060117282,0.35348260583946545,0.7353044748306274,0.5450152158737183,0.08432161062955856
Scene,Scene_random_full_02_mean,12345,242,-0.12455421618890163,0.4565126053853322,0.850578248500824,0.511501133441925,0.0558244027197361
Scene,Scene_random_full_02_mean,12345,245,0.09694916995607054,0.4203020602404113,0.6631145477294922,0.5638387799263,0.05195286124944687
Scene,Scene_random_full_02_mean,12345,249,-0.03251333496234429,0.37687856215984855,0.8360798954963684,0.41954025626182556,0.03190506994724274
Scene,Scene_random_full_02_mean,12345,282,0.0022789506067285178,0.29828001643739316,0.6289068460464478,0.3081704378128052,0.04335121065378189
Scene,Scene_random_full_02_mean,12345,289,-0.09673466539801615,0.38924125046551905,0.7466176152229309,0.5948275327682495,0.06171584129333496
Scene,Scene_random_full_02_mean,12345,303,0.09523948410661098,0.43724742237919123,0.7842657566070557,0.6443331837654114,0.07232494652271271
Scene,Scene_random_full_02_mean,12345,314,-0.04645139988534246,0.1903529957639574,0.8393954634666443,0.4032304883003235,0.006302854977548122
Scene,Scene_random_full_02_mean,12345,393,0.2630575494901242,0.3411537221162515,0.6768556237220764,0.8021310567855835,0.2438967376947403
Scene,Scene_random_full_02_mean,12345,412,0.4000527597177234,0.49088823116190194,0.5651062726974487,0.47455018758773804,0.16999709606170654
Scene,Scene_random_full_02_mean,12345,442,0.04026360421406766,0.33233782242411863,0.7009939551353455,0.6486822366714478,0.06894024461507797
Scene,Scene_random_full_02_mean,12345,463,-0.15792137687239502,0.10428799588159816,0.7869530916213989,0.4904474914073944,0.12895159423351288
Scene,Scene_random_full_02_mean,12345,469,-0.0393819133977131,0.22690779052459903,0.7418550252914429,0.4639483094215393,-0.030217254534363747
Scene,Scene_random_full_02_mean,12345,486,0.2415207032128727,0.10817341456758084,0.724353015422821,0.592143177986145,0.08369085192680359
Scene,Scene_random_full_02_mean,12345,491,0.5527114542784834,0.35616297916319983,0.5777198076248169,0.7078741192817688,0.04309292137622833
Scene,Scene_random_full_02_mean,12345,518,0.28815254757746084,0.41807454574062186,0.7675466537475586,0.8022909760475159,0.41914287209510803
Scene,Scene_random_full_02_mean,12345,523,-0.14256961590118708,0.09750068165197123,0.6552413105964661,0.41059184074401855,0.0651041641831398
Scene,Scene_random_full_02_mean,12345,545,0.08002259696598349,0.37261578055768385,0.7534677982330322,0.7339039444923401,0.16310128569602966
Scene,Scene_random_full_02_mean,12345,551,0.10200623559805783,0.0842543843619488,0.7306838035583496,0.5409877300262451,0.03157075494527817
Scene,Scene_random_full_02_mean,12345,568,0.08074364527810271,0.39803724698078824,0.7141613960266113,0.7905746698379517,0.0821809396147728
Scene,Scene_random_full_02_mean,12345,620,0.7852799400315821,0.5257638675284289,0.5643152594566345,0.6645920872688293,0.15948379039764404
Scene,Scene_random_full_02_mean,12345,640,-0.04521247203015728,0.16566412286455703,0.6352003812789917,0.8295118808746338,0.5213890075683594
Scene,Scene_random_full_02_mean,12345,648,0.06677349241366892,0.24662972702970548,0.7201854586601257,0.6806127429008484,0.026011735200881958
Scene,Scene_random_full_02_mean,12345,671,0.0009377367972787658,0.3761235040458462,0.7136747241020203,0.5194276571273804,0.009404242038726807
Scene,Scene_random_full_02_mean,12345,755,0.3273801439212657,0.39146064845968415,0.6708546280860901,0.67733234167099,0.335771381855011
Scene,Scene_random_full_02_mean,12345,811,0.2463440998749471,0.25706654509682475,0.7330883145332336,0.5187864899635315,0.005298001691699028
Scene,Scene_random_full_02_mean,12345,821,0.12652406040178674,0.26681674839194575,0.6433468461036682,0.6371029019355774,0.41689637303352356
Scene,Scene_random_full_02_mean,12345,824,-0.10706109655456285,0.07701763644821231,0.7219839096069336,0.49597853422164917,0.09096898883581161
Scene,Scene_random_full_02_mean,12345,841,-0.22362828624250045,0.33571407384669033,0.7942953109741211,0.4474477171897888,0.050728727132081985
Scene,Scene_random_full_02_mean,12345,842,0.05777834386687934,0.26626942744224513,0.7655286192893982,0.7028307914733887,-0.008217588998377323
Scene,Scene_random_full_02_mean,12345,850,0.0626768719271543,0.2986449059992344,0.7169422507286072,0.5447525978088379,0.13382352888584137
Scene,Scene_random_full_02_mean,12345,855,0.026767382655494273,0.450473843133688,0.6796635985374451,0.6602675318717957,0.0373135581612587
Scene,Scene_random_full_02_mean,12345,872,-0.002430640601245683,0.09679429630102174,0.7617759704589844,0.36136147379875183,0.009497134014964104
Scene,Scene_random_full_02_mean,12345,873,0.5694506554155816,0.5231521071379628,0.651309609413147,0.41189491748809814,0.06667681783437729
Scene,Scene_random_full_02_mean,12345,893,0.2368079701274569,0.2695059290690971,0.755897045135498,0.5819224119186401,0.16760383546352386
Scene,Scene_random_full_02_mean,12345,894,0.07613038946809145,0.3200576995616686,0.7578101754188538,0.5626016855239868,-0.00829231459647417
Scene,Scene_random_full_02_mean,12345,918,0.044005767527039635,0.28317807961266617,0.6734312176704407,0.8068270683288574,0.2670295536518097
Scene,Scene_random_full_02_mean,12345,943,0.17474419853385126,0.5372877567182206,0.7342528700828552,0.6679098010063171,0.3079431653022766
Scene,Scene_random_full_02_mean,12345,978,0.43398522241471393,0.5418518251030306,0.5947559475898743,0.6820429563522339,0.17766673862934113
Scene,Scene_random_full_02_mean,12345,999,0.0655331626159621,0.29107352304782574,0.7362038493156433,0.6711590886116028,0.031802982091903687
Scene,Scene_random_full_03_mean,12345,14,0.6723890529164281,0.549631208245913,0.5080904960632324,0.4222826361656189,0.07947223633527756
Scene,Scene_random_full_03_mean,12345,15,-0.0770070286838182,0.2770004739231549,0.7540546655654907,0.697260856628418,0.10824503749608994
Scene,Scene_random_full_03_mean,12345,36,0.1084784151474162,0.23733078303905217,0.6949901580810547,0.393618106842041,0.017413318157196045
Scene,Scene_random_full_03_mean,12345,39,-0.48570788068558646,0.2723029641599579,0.5073966979980469,0.7035519480705261,0.4054987132549286
Scene,Scene_random_full_03_mean,12345,126,-0.19635749211615736,0.3859098551201587,0.7019039988517761,0.9132013320922852,0.3630659878253937
Scene,Scene_random_full_03_mean,12345,132,0.08363671159251333,0.10371119740368961,0.6889573335647583,0.5899091958999634,0.1260325014591217
Scene,Scene_random_full_03_mean,12345,167,0.28266534239868424,0.07425475662221835,0.7579032778739929,0.5956929326057434,0.06051487475633621
Scene,Scene_random_full_03_mean,12345,196,0.12088705887187316,0.28870363070735006,0.6691485047340393,0.7480491995811462,0.11816680431365967
Scene,Scene_random_full_03_mean,12345,199,0.08423859252143742,0.19584305584735598,0.732459545135498,0.601365864276886,0.14470401406288147
Scene,Scene_random_full_03_mean,12345,214,-0.024456843171825778,0.2305558642132849,0.6417561173439026,0.6099364161491394,0.0980011522769928
Scene,Scene_random_full_03_mean,12345,241,0.13837555419939676,0.3679008229704868,0.701547384262085,0.572513997554779,0.09740322828292847
Scene,Scene_random_full_03_mean,12345,242,0.4027176962612659,0.5834689136312103,0.6772058010101318,0.5985165238380432,0.0835265964269638
Scene,Scene_random_full_03_mean,12345,245,0.011171988668610707,0.4613272017353528,0.6980522871017456,0.5724501013755798,0.021942371502518654
Scene,Scene_random_full_03_mean,12345,249,-0.09798634784079736,0.3211628468364662,0.8050105571746826,0.4535755515098572,0.053166549652814865
Scene,Scene_random_full_03_mean,12345,282,0.12501667111000406,0.2893932954131946,0.6680942177772522,0.4351077079772949,0.07477594166994095
Scene,Scene_random_full_03_mean,12345,289,-0.10853254816970391,0.3634678406739803,0.7300277948379517,0.7075107097625732,0.2071034014225006
Scene,Scene_random_full_03_mean,12345,303,0.10883381397224219,0.4232845678370422,0.6916715502738953,0.5920146703720093,0.0026160688139498234
Scene,Scene_random_full_03_mean,12345,314,-0.05310083513714057,0.19947434922816484,0.823861300945282,0.6111558675765991,0.07348822802305222
Scene,Scene_random_full_03_mean,12345,393,0.3041492401692403,0.3769380702946219,0.6582430005073547,0.7613587379455566,0.4234076738357544
Scene,Scene_random_full_03_mean,12345,412,0.4492341921271456,0.48215446904044706,0.5527483224868774,0.41330018639564514,-0.007165564224123955
Scene,Scene_random_full_03_mean,12345,442,-0.06379101797879559,0.282331261595176,0.7084941267967224,0.6960222721099854,0.1904606819152832
Scene,Scene_random_full_03_mean,12345,463,-0.24314738704703145,0.09830324860114698,0.826580286026001,0.4323006272315979,0.010845612734556198
Scene,Scene_random_full_03_mean,12345,469,-0.10941289754528224,0.19993822439014822,0.7819492816925049,0.43441858887672424,-2.8076115995645523e-05
Scene,Scene_random_full_03_mean,12345,486,0.09883359362980573,0.08599853960952353,0.7422012090682983,0.5173527002334595,0.0546773225069046
Scene,Scene_random_full_03_mean,12345,491,0.5979437021580817,0.3790031410357032,0.5783583521842957,0.62314772605896,0.07083051651716232
Scene,Scene_random_full_03_mean,12345,518,0.25145210680187713,0.34407148658478326,0.7415394186973572,0.6867526769638062,0.37493520975112915
Scene,Scene_random_full_03_mean,12345,523,-0.3614518387929163,0.11862357454782296,0.7436511516571045,0.37616822123527527,0.05677921324968338
Scene,Scene_random_full_03_mean,12345,545,0.10749247965743255,0.3928324027179342,0.7343345880508423,0.7356578707695007,0.08159516751766205
Scene,Scene_random_full_03_mean,12345,551,0.05432945175935037,0.08534665537041142,0.7201747298240662,0.5624061226844788,0.037390466779470444
Scene,Scene_random_full_03_mean,12345,568,0.004698466419763961,0.3403673694948849,0.7151938676834106,0.7542944550514221,0.10989224165678024
Scene,Scene_random_full_03_mean,12345,620,0.795293024820725,0.5492490864793366,0.6047105193138123,0.6021906137466431,0.27073872089385986
Scene,Scene_random_full_03_mean,12345,640,0.059439504954072415,0.16854138146313752,0.6534984111785889,0.7501067519187927,0.4005436897277832
Scene,Scene_random_full_03_mean,12345,648,0.20252723934885491,0.2581936228999947,0.7192468643188477,0.6309929490089417,0.04150175303220749
Scene,Scene_random_full_03_mean,12345,671,0.0158428769473846,0.36687235272510044,0.718656063079834,0.5303369760513306,0.029683249071240425
Scene,Scene_random_full_03_mean,12345,755,0.4571034556437843,0.39719311114242223,0.6296341419219971,0.5063909292221069,0.22843310236930847
Scene,Scene_random_full_03_mean,12345,811,0.24537991252445693,0.24740940618496296,0.7140158414840698,0.5751844644546509,0.05493121221661568
Scene,Scene_random_full_03_mean,12345,821,0.10292516576857193,0.2705071676322431,0.6334221959114075,0.7244648933410645,0.25843071937561035
Scene,Scene_random_full_03_mean,12345,824,-0.0636262508695812,0.09470056664785413,0.7487507462501526,0.5044199228286743,0.19488263130187988
Scene,Scene_random_full_03_mean,12345,841,0.13464388226534946,0.2629714430285322,0.7898483276367188,0.4733971953392029,0.056695789098739624
Scene,Scene_random_full_03_mean,12345,842,0.08162295394051947,0.2634154361829713,0.7358746528625488,0.7331408262252808,0.022940073162317276
Scene,Scene_random_full_03_mean,12345,850,0.028695992798251396,0.30937201521313523,0.7104635238647461,0.6338080167770386,0.23642443120479584
Scene,Scene_random_full_03_mean,12345,855,0.020437867033107016,0.4295395233510865,0.7043654918670654,0.6894025206565857,-0.01628098636865616
Scene,Scene_random_full_03_mean,12345,872,-0.0856038301264204,0.07929381598227009,0.7270212173461914,0.366134911775589,0.09322521835565567
Scene,Scene_random_full_03_mean,12345,873,0.5888448510768568,0.5537445078647026,0.6314583420753479,0.399783730506897,0.03643200173974037
Scene,Scene_random_full_03_mean,12345,893,0.22597612652461185,0.2730184219060757,0.7745177745819092,0.569141149520874,0.17554622888565063
Scene,Scene_random_full_03_mean,12345,894,0.08990223079641703,0.34266683343969107,0.7571431398391724,0.5564318299293518,0.05141612887382507
Scene,Scene_random_full_03_mean,12345,918,0.1393038776541042,0.3055303469944617,0.6814833283424377,0.7624961137771606,0.2100241780281067
Scene,Scene_random_full_03_mean,12345,943,0.3758711229584084,0.5455111285805487,0.6530154347419739,0.6904413104057312,0.46301156282424927
Scene,Scene_random_full_03_mean,12345,978,0.6468489138880821,0.5885148800827824,0.5667802691459656,0.7722123265266418,0.7337491512298584
Scene,Scene_random_full_03_mean,12345,999,0.11983391635294573,0.32778558989397927,0.7152494192123413,0.6427121758460999,0.007121661677956581
Scene,Scene_random_full_04_mean,12345,14,0.7061986848914518,0.5137186605779998,0.4987797737121582,0.6008004546165466,-0.008785717189311981
Scene,Scene_random_full_04_mean,12345,15,-0.06682240287200598,0.3415356921799353,0.7636008262634277,0.6163752675056458,0.06763123720884323
Scene,Scene_random_full_04_mean,12345,36,0.08413745886048497,0.23032200585406717,0.6859442591667175,0.40755730867385864,0.044059932231903076
Scene,Scene_random_full_04_mean,12345,39,-0.22068016647930258,0.2518836685424342,0.7399512529373169,0.48468443751335144,0.07193125039339066
Scene,Scene_random_full_04_mean,12345,126,-0.2524214862469893,0.42617909680697763,0.7393049597740173,0.8739063739776611,0.30060848593711853
Scene,Scene_random_full_04_mean,12345,132,0.0750443573140479,0.10928727824230745,0.6704767942428589,0.6167580485343933,0.23371818661689758
Scene,Scene_random_full_04_mean,12345,167,0.18330770012014588,0.10196083691285077,0.7323818802833557,0.4587860405445099,0.021945632994174957
Scene,Scene_random_full_04_mean,12345,196,0.09224523324770051,0.29248264909815574,0.6694104671478271,0.6848474144935608,0.0972737967967987
Scene,Scene_random_full_04_mean,12345,199,0.16468517413175238,0.20347615262653412,0.7016386985778809,0.5464821457862854,0.03979577124118805
Scene,Scene_random_full_04_mean,12345,214,-0.16089993395139363,0.27943150086698104,0.6780162453651428,0.700804591178894,0.15643450617790222
Scene,Scene_random_full_04_mean,12345,241,0.12660711136348785,0.35020197873235487,0.6944205164909363,0.5160848498344421,0.0342429094016552
Scene,Scene_random_full_04_mean,12345,242,-0.06463032281096136,0.44009138076589766,0.8223636150360107,0.5233255624771118,0.05196350812911987
Scene,Scene_random_full_04_mean,12345,245,-0.01924645137558223,0.45460474927931843,0.6807780861854553,0.6028391718864441,0.06335960328578949
Scene,Scene_random_full_04_mean,12345,249,-0.014026152080261601,0.3829603796250459,0.8367645144462585,0.42420533299446106,0.022791676223278046
Scene,Scene_random_full_04_mean,12345,282,-0.06809459170350386,0.2949430487152498,0.6442127227783203,0.2872146964073181,0.01815519854426384
Scene,Scene_random_full_04_mean,12345,289,-0.11460699935196433,0.3987821092410708,0.7580522894859314,0.6281302571296692,0.09427890926599503
Scene,Scene_random_full_04_mean,12345,303,0.09607827370002996,0.40971918972034804,0.7344443798065186,0.635418176651001,0.049013130366802216
Scene,Scene_random_full_04_mean,12345,314,-0.045001803933473375,0.19441003195629497,0.8424876928329468,0.5841062664985657,0.13132329285144806
Scene,Scene_random_full_04_mean,12345,393,0.2822717260428637,0.3787586155286357,0.6571303009986877,0.8646488785743713,0.39254510402679443
Scene,Scene_random_full_04_mean,12345,412,0.37842086808946884,0.4785734316700106,0.6520072817802429,0.5455455183982849,0.06671273708343506
Scene,Scene_random_full_04_mean,12345,442,-0.11358582448803842,0.28397161461805837,0.6932119131088257,0.6930184364318848,0.15464094281196594
Scene,Scene_random_full_04_mean,12345,463,-0.1010439716315146,0.09933502971215587,0.7985561490058899,0.6116530299186707,0.11649350821971893
Scene,Scene_random_full_04_mean,12345,469,-0.11179672870124885,0.19912352287041224,0.7750580310821533,0.426447331905365,0.02345137670636177
Scene,Scene_random_full_04_mean,12345,486,0.12889364023502836,0.09544408153354929,0.6927198171615601,0.6205743551254272,0.20555981993675232
Scene,Scene_random_full_04_mean,12345,491,0.5703506127007546,0.4056411520589068,0.5977604389190674,0.6460487842559814,0.09252452850341797
Scene,Scene_random_full_04_mean,12345,518,0.0016708750958755437,0.5126146183823082,0.7600361704826355,0.3438640832901001,-0.03061707317829132
Scene,Scene_random_full_04_mean,12345,523,-0.040679348587015024,0.0879766675369166,0.6649506688117981,0.4843551814556122,0.022415315732359886
Scene,Scene_random_full_04_mean,12345,545,0.07970928224954228,0.4167793117010051,0.741724967956543,0.7625768184661865,0.33297643065452576
Scene,Scene_random_full_04_mean,12345,551,0.071435113718932,0.06813144711168914,0.8299990892410278,0.40170547366142273,-0.009000427089631557
Scene,Scene_random_full_04_mean,12345,568,0.19542360282773324,0.35966421117629427,0.697221577167511,0.8331496715545654,0.4097980260848999
Scene,Scene_random_full_04_mean,12345,620,0.7991525168762028,0.5514380447288528,0.5619228482246399,0.6244398355484009,0.1843346357345581
Scene,Scene_random_full_04_mean,12345,640,0.04909862280824735,0.19680653415841437,0.7868877649307251,0.6418480277061462,0.10773874819278717
Scene,Scene_random_full_04_mean,12345,648,0.08772996753253993,0.24272589475767267,0.7073352336883545,0.6573405861854553,0.026711605489253998
Scene,Scene_random_full_04_mean,12345,671,0.1479090272185898,0.3774794951668019,0.6134473085403442,0.8154770135879517,0.43938037753105164
Scene,Scene_random_full_04_mean,12345,755,0.3982503630291822,0.3819315328777775,0.6264376640319824,0.6727446913719177,0.3514736592769623
Scene,Scene_random_full_04_mean,12345,811,0.22342064178412685,0.2457193738316309,0.7482565641403198,0.4805786609649658,0.006275974214076996
Scene,Scene_random_full_04_mean,12345,821,0.09331696715537335,0.23334493758287927,0.6567773222923279,0.7567761540412903,0.7039800882339478
Scene,Scene_random_full_04_mean,12345,824,-0.08071011430892973,0.0909161599115712,0.7109933495521545,0.5651965737342834,0.12187367677688599
Scene,Scene_random_full_04_mean,12345,841,0.11347649929831492,0.29421219615781136,0.7898764610290527,0.5585393309593201,0.06051031872630119
Scene,Scene_random_full_04_mean,12345,842,0.11040508824707485,0.2688219046420631,0.7332578301429749,0.70294189453125,-0.002895132638514042
Scene,Scene_random_full_04_mean,12345,850,0.11549522885888429,0.2820277556593906,0.6896114945411682,0.576359748840332,0.15352684259414673
Scene,Scene_random_full_04_mean,12345,855,0.0341303062779358,0.4414159701034932,0.7044678926467896,0.6537508368492126,0.032355040311813354
Scene,Scene_random_full_04_mean,12345,872,-0.01827694005660118,0.09383241887125181,0.7351994514465332,0.3545973002910614,0.08172180503606796
Scene,Scene_random_full_04_mean,12345,873,0.5567519565487521,0.5139156487431631,0.6185749173164368,0.3215397298336029,0.0720282718539238
Scene,Scene_random_full_04_mean,12345,893,0.35144516888187033,0.2854606829672575,0.779671311378479,0.5769078731536865,0.12228882312774658
Scene,Scene_random_full_04_mean,12345,894,0.07000623940165232,0.30768003862675536,0.7466223835945129,0.5441959500312805,0.02369818650186062
Scene,Scene_random_full_04_mean,12345,918,0.024749552363623053,0.29597097907325165,0.6839816570281982,0.6879448294639587,0.36809372901916504
Scene,Scene_random_full_04_mean,12345,943,0.0278487994530415,0.5353922450965024,0.7369843125343323,0.6466680765151978,0.38167843222618103
Scene,Scene_random_full_04_mean,12345,978,0.5112557608186663,0.5640705028263703,0.6147085428237915,0.6718286275863647,0.3112823963165283
Scene,Scene_random_full_04_mean,12345,999,0.10494669306701675,0.35741795054364583,0.7237502336502075,0.5821892619132996,0.022919822484254837
Scene,Scene_random_full_05_mean,12345,14,0.5633065732621536,0.5148388769463372,0.5240280628204346,0.45347246527671814,0.0855044350028038
Scene,Scene_random_full_05_mean,12345,15,-0.1285479268455528,0.28534302124372213,0.7492357492446899,0.7255330681800842,0.14276179671287537
Scene,Scene_random_full_05_mean,12345,36,0.009980145534339062,0.1754222177954567,0.6219696998596191,0.6197143793106079,0.01619287207722664
Scene,Scene_random_full_05_mean,12345,39,-0.5022567003690771,0.2577709797643556,0.6037845611572266,0.7119960784912109,0.3946465253829956
Scene,Scene_random_full_05_mean,12345,126,-0.21512539899805383,0.3781580379730449,0.7082001566886902,0.8256290555000305,0.33759668469429016
Scene,Scene_random_full_05_mean,12345,132,0.09091919208017304,0.11975732262132296,0.6984730362892151,0.574260413646698,0.25098755955696106
Scene,Scene_random_full_05_mean,12345,167,0.28492130512999,0.07763892624286672,0.7295844554901123,0.4884626269340515,0.10384311527013779
Scene,Scene_random_full_05_mean,12345,196,0.07773027885101334,0.28819518008089157,0.684994637966156,0.7130571603775024,0.12956908345222473
Scene,Scene_random_full_05_mean,12345,199,0.09968329086982924,0.1995351242835548,0.7200878262519836,0.5845415592193604,0.0466584637761116
Scene,Scene_random_full_05_mean,12345,214,-0.13776557044515092,0.25833959469609286,0.7077866792678833,0.7718671560287476,0.1844572126865387
Scene,Scene_random_full_05_mean,12345,241,0.08511399334157978,0.3597175294129469,0.7249709963798523,0.4779433608055115,-0.004509968217462301
Scene,Scene_random_full_05_mean,12345,242,0.3751622514300567,0.5780223640940773,0.6747749447822571,0.5771751403808594,0.08245259523391724
Scene,Scene_random_full_05_mean,12345,245,0.20071175388902995,0.3982591869701302,0.6426706314086914,0.6339677572250366,0.06831854581832886
Scene,Scene_random_full_05_mean,12345,249,-0.13085209519669988,0.3317327001107475,0.8365061283111572,0.4526718258857727,-0.0045350054278969765
Scene,Scene_random_full_05_mean,12345,282,0.10538415097319057,0.33337909854772096,0.6813870072364807,0.4472940266132355,0.004596011713147163
Scene,Scene_random_full_05_mean,12345,289,-0.0899810580200247,0.380721294364864,0.7591786980628967,0.6371084451675415,0.04009569436311722
Scene,Scene_random_full_05_mean,12345,303,0.08906384209956994,0.43929317262511425,0.774019718170166,0.6087491512298584,0.07380317151546478
Scene,Scene_random_full_05_mean,12345,314,-0.09048580685860008,0.19167813403681205,0.8065609931945801,0.49276629090309143,-0.016276920214295387
Scene,Scene_random_full_05_mean,12345,393,0.3405714674710174,0.3736586206630269,0.6236836314201355,0.7939116954803467,0.4050353467464447
Scene,Scene_random_full_05_mean,12345,412,0.4317933104869732,0.4792381412556014,0.5635014772415161,0.3999669551849365,-0.014112262055277824
Scene,Scene_random_full_05_mean,12345,442,-0.04576953181904234,0.27576074820085156,0.7177297472953796,0.47004234790802,0.039797164499759674
Scene,Scene_random_full_05_mean,12345,463,-0.1775111346125041,0.09085009797900298,0.8244757652282715,0.3384082019329071,-0.0011120694689452648
Scene,Scene_random_full_05_mean,12345,469,-0.13291796057129926,0.20872772607382573,0.7749634981155396,0.3951491713523865,0.02223372645676136
Scene,Scene_random_full_05_mean,12345,486,0.09422239772340002,0.0773346715472414,0.7170774340629578,0.48377418518066406,-0.007298754528164864
Scene,Scene_random_full_05_mean,12345,491,0.5815483259108888,0.38055515685042723,0.5783048868179321,0.6513165235519409,0.05290248990058899
Scene,Scene_random_full_05_mean,12345,518,0.23605631020682655,0.5337954689229395,0.6887937784194946,0.5447065830230713,0.08218935132026672
Scene,Scene_random_full_05_mean,12345,523,-0.11954716320007824,0.09823936518380358,0.6462100744247437,0.5902835726737976,0.1368759274482727
Scene,Scene_random_full_05_mean,12345,545,0.15976701261064905,0.4069602915251573,0.7674580216407776,0.7698002457618713,0.19903621077537537
Scene,Scene_random_full_05_mean,12345,551,0.05461756110354018,0.08579814096321843,0.7506384253501892,0.5704401135444641,0.044966138899326324
Scene,Scene_random_full_05_mean,12345,568,0.03617466405820846,0.38308180346768334,0.7255841493606567,0.7409350872039795,0.31196868419647217
Scene,Scene_random_full_05_mean,12345,620,0.7706562471236972,0.5272986569685159,0.5742405652999878,0.572625994682312,0.09546239674091339
Scene,Scene_random_full_05_mean,12345,640,0.017031988615124886,0.1679458055590717,0.6583094000816345,0.69179368019104,0.3356073498725891
Scene,Scene_random_full_05_mean,12345,648,0.07632498732397315,0.2389779283963222,0.7363088130950928,0.6223056316375732,0.0113294068723917
Scene,Scene_random_full_05_mean,12345,671,0.18730974002287876,0.3562149176444282,0.6679823994636536,0.8320142030715942,0.45738881826400757
Scene,Scene_random_full_05_mean,12345,755,0.4023782058013731,0.40631319982365677,0.6387405395507812,0.694734513759613,0.3804934024810791
Scene,Scene_random_full_05_mean,12345,811,0.24326794457304127,0.23904762514751313,0.6814382076263428,0.6410043239593506,0.004569750279188156
Scene,Scene_random_full_05_mean,12345,821,0.1220363659295201,0.22692212187708363,0.6370874643325806,0.796328604221344,0.7256960272789001
Scene,Scene_random_full_05_mean,12345,824,-0.10030798981943358,0.08969285839581612,0.7263215184211731,0.46131160855293274,0.08876268565654755
Scene,Scene_random_full_05_mean,12345,841,0.1709710536624485,0.2992454842353167,0.7810012102127075,0.5619311332702637,0.09730806201696396
Scene,Scene_random_full_05_mean,12345,842,0.06260945433992607,0.2755249789959176,0.8022393584251404,0.6665882468223572,0.01047733798623085
Scene,Scene_random_full_05_mean,12345,850,0.042597304855709166,0.31628470894979965,0.7246963381767273,0.5513457655906677,0.11921776086091995
Scene,Scene_random_full_05_mean,12345,855,0.01840644321834644,0.44165608899337233,0.7227202653884888,0.700116753578186,-0.004483186174184084
Scene,Scene_random_full_05_mean,12345,872,-0.039603781437576195,0.08693939916780664,0.7323607802391052,0.5056941509246826,0.03664792329072952
Scene,Scene_random_full_05_mean,12345,873,0.5302619947441584,0.5174829220853151,0.6558128595352173,0.35788846015930176,0.039397090673446655
Scene,Scene_random_full_05_mean,12345,893,0.230124742772198,0.27052499979605443,0.772789716720581,0.3322612941265106,0.05771567299962044
Scene,Scene_random_full_05_mean,12345,894,0.07620821108083076,0.3273361137262064,0.7596868276596069,0.5555532574653625,0.07394807040691376
Scene,Scene_random_full_05_mean,12345,918,0.05968724739574102,0.32025523635412595,0.6921274065971375,0.7304496169090271,0.17933909595012665
Scene,Scene_random_full_05_mean,12345,943,0.26754782922309756,0.5262660583930355,0.599245548248291,0.7492170929908752,0.4136441946029663
Scene,Scene_random_full_05_mean,12345,978,0.4858361739300116,0.5622335076131894,0.6061506867408752,0.6673038601875305,0.24873420596122742
Scene,Scene_random_full_05_mean,12345,999,0.062212715613524594,0.3278450290543047,0.7521984577178955,0.6461795568466187,-0.018369639292359352
Scene,no_mask,12345,14,0.685975174259179,0.5580410729956963,0.5251792669296265,0.45825815200805664,0.056785136461257935
Scene,no_mask,12345,15,-0.06260073453245994,0.33073906989931,0.7673009634017944,0.7825109362602234,0.1181839182972908
Scene,no_mask,12345,36,0.12717699660686452,0.2313551661305695,0.6570273041725159,0.40388938784599304,0.014171765185892582
Scene,no_mask,12345,39,-0.5213161474294077,0.2839256996492289,0.532111644744873,0.6894248127937317,0.40735718607902527
Scene,no_mask,12345,126,-0.14838557321859241,0.4158273835493046,0.7021559476852417,0.8915132880210876,0.24413707852363586
Scene,no_mask,12345,132,0.08359801283194034,0.10187761130218921,0.6798518300056458,0.5376697182655334,0.15916554629802704
Scene,no_mask,12345,167,0.19649415067076467,0.10236684303388396,0.7173800468444824,0.41096481680870056,-0.023494739085435867
Scene,no_mask,12345,196,0.11205556520626057,0.28121564306216373,0.6608308553695679,0.7381352186203003,0.19835299253463745
Scene,no_mask,12345,199,0.14532005140008,0.2019177690990224,0.6789929270744324,0.6467702984809875,0.13392917811870575
Scene,no_mask,12345,214,-0.11008662854275526,0.31933604677619787,0.7013274431228638,0.7898276448249817,0.1543550193309784
Scene,no_mask,12345,241,0.1566337120100174,0.35113321332799596,0.6935405731201172,0.5054377913475037,0.023484963923692703
Scene,no_mask,12345,242,-0.07370934561908456,0.5072445406725106,0.8133591413497925,0.5250546336174011,0.005057145841419697
Scene,no_mask,12345,245,-0.0671418281911607,0.4377881807221386,0.6708861589431763,0.5604403018951416,0.0018076486885547638
Scene,no_mask,12345,249,-0.023001432910715748,0.3785711912504574,0.8265405893325806,0.4462753236293793,0.014296500943601131
Scene,no_mask,12345,282,0.11080499871876906,0.3168506955410151,0.6777663230895996,0.4800460934638977,0.015670262277126312
Scene,no_mask,12345,289,-0.15802504503851184,0.36535877870474687,0.7352730631828308,0.6354338526725769,0.14928129315376282
Scene,no_mask,12345,303,0.12523300164131781,0.442278232182648,0.7351639866828918,0.6187810897827148,0.06225885450839996
Scene,no_mask,12345,314,-0.07241903045977147,0.1907102292143598,0.8136017322540283,0.5986721515655518,0.05851484090089798
Scene,no_mask,12345,393,0.3514959975710105,0.3986363680405303,0.6652084589004517,0.8490884900093079,0.385073721408844
Scene,no_mask,12345,412,0.4246394490561873,0.5072557638298558,0.5548363924026489,0.4388026297092438,0.01684904843568802
Scene,no_mask,12345,442,-0.01973503070857828,0.3020666313101709,0.7122886776924133,0.6048064231872559,0.10275290906429291
Scene,no_mask,12345,463,-0.1810632644050536,0.09837472282242934,0.8079121112823486,0.4296641945838928,0.06470409035682678
Scene,no_mask,12345,469,-0.003321889838764671,0.23087730725066682,0.7755674719810486,0.47331902384757996,-0.021768439561128616
Scene,no_mask,12345,486,0.1201107558537632,0.08790386848517617,0.7079368829727173,0.6266616582870483,0.17104201018810272
Scene,no_mask,12345,491,0.5878647953671978,0.40364087357424816,0.5725613236427307,0.7205410599708557,0.13003207743167877
Scene,no_mask,12345,518,0.007578306300403006,0.5322087907583826,0.7357903122901917,0.45912855863571167,0.05124531686306
Scene,no_mask,12345,523,-0.02340179648646844,0.09922937565401103,0.6408188343048096,0.5187162160873413,0.05985915660858154
Scene,no_mask,12345,545,0.10486398113400656,0.43409120421961533,0.7464748620986938,0.7139877676963806,-0.014000766910612583
Scene,no_mask,12345,551,0.01973229202599751,0.06064785877135033,0.8146900534629822,0.421905517578125,-0.031375013291835785
Scene,no_mask,12345,568,0.08714891975537832,0.4152453337377321,0.7425122261047363,0.7818264961242676,0.3045913279056549
Scene,no_mask,12345,620,0.7731996298701505,0.5392285423876404,0.5692049860954285,0.6438798904418945,0.3416905999183655
Scene,no_mask,12345,640,-0.05620480625686535,0.1658653806479968,0.6447329521179199,0.8196316957473755,0.6440845727920532
Scene,no_mask,12345,648,0.057241455795072387,0.255773250005114,0.7458839416503906,0.6269647479057312,0.0045401668176054955
Scene,no_mask,12345,671,0.12852897932712318,0.3991328528460893,0.6178188920021057,0.7796332836151123,0.3581286668777466
Scene,no_mask,12345,755,0.39808637460634266,0.39624658833805204,0.6464361548423767,0.6438591480255127,0.43624308705329895
Scene,no_mask,12345,811,0.2196881977102323,0.25441392531447926,0.7400841116905212,0.47873395681381226,0.011639324948191643
Scene,no_mask,12345,821,0.03366252407524394,0.2302868719873208,0.6362751722335815,0.7734400033950806,0.7185112833976746
Scene,no_mask,12345,824,-0.05865592362940989,0.09647574424775382,0.7205261588096619,0.5631834268569946,0.1720113456249237
Scene,no_mask,12345,841,0.13167311292217965,0.29807937806719537,0.784065842628479,0.6026498079299927,0.14087051153182983
Scene,no_mask,12345,842,0.040630952251259886,0.26358187735174887,0.7896345853805542,0.6995631456375122,0.07228440046310425
Scene,no_mask,12345,850,0.06846720433675454,0.2884641328396288,0.7160958051681519,0.7054669857025146,0.2827726900577545
Scene,no_mask,12345,855,0.040777108293038204,0.4513165565065866,0.6866933703422546,0.7184723019599915,0.049060363322496414
Scene,no_mask,12345,872,-0.0133751221276723,0.0952950189353984,0.7112166285514832,0.30536237359046936,0.019408494234085083
Scene,no_mask,12345,873,0.5467698133563323,0.5532542010932304,0.6098306179046631,0.4147999584674835,0.09234873950481415
Scene,no_mask,12345,893,0.3438162126308746,0.2836476508846109,0.7856424450874329,0.5362313389778137,0.09187395125627518
Scene,no_mask,12345,894,0.008972574898510116,0.3275258825022145,0.7523261308670044,0.5518154501914978,0.03667639195919037
Scene,no_mask,12345,918,-0.0025042512010189423,0.3091287693160665,0.7244551777839661,0.7676306962966919,0.29557764530181885
Scene,no_mask,12345,943,0.07133581837256343,0.538945976358406,0.7619567513465881,0.601127028465271,0.32888519763946533
Scene,no_mask,12345,978,0.5511838892246367,0.5697768080954968,0.6018414497375488,0.7867425680160522,0.288662850856781
Scene,no_mask,12345,999,0.07996375783268637,0.3201064312296886,0.7284443974494934,0.6645850539207458,0.030521094799041748
Scene,no_mask_repeat,12345,14,0.685975174259179,0.5580410729956963,0.5251792669296265,0.45825815200805664,0.056785136461257935
Scene,no_mask_repeat,12345,15,-0.06260073453245994,0.33073906989931,0.7673009634017944,0.7825109362602234,0.1181839182972908
Scene,no_mask_repeat,12345,36,0.12717699660686452,0.2313551661305695,0.6570273041725159,0.40388938784599304,0.014171765185892582
Scene,no_mask_repeat,12345,39,-0.5213161474294077,0.2839256996492289,0.532111644744873,0.6894248127937317,0.40735718607902527
Scene,no_mask_repeat,12345,126,-0.14838557321859241,0.4158273835493046,0.7021559476852417,0.8915132880210876,0.24413707852363586
Scene,no_mask_repeat,12345,132,0.08359801283194034,0.10187761130218921,0.6798518300056458,0.5376697182655334,0.15916554629802704
Scene,no_mask_repeat,12345,167,0.19649415067076467,0.10236684303388396,0.7173800468444824,0.41096481680870056,-0.023494739085435867
Scene,no_mask_repeat,12345,196,0.11205556520626057,0.28121564306216373,0.6608308553695679,0.7381352186203003,0.19835299253463745
Scene,no_mask_repeat,12345,199,0.14532005140008,0.2019177690990224,0.6789929270744324,0.6467702984809875,0.13392917811870575
Scene,no_mask_repeat,12345,214,-0.11008662854275526,0.31933604677619787,0.7013274431228638,0.7898276448249817,0.1543550193309784
Scene,no_mask_repeat,12345,241,0.1566337120100174,0.35113321332799596,0.6935405731201172,0.5054377913475037,0.023484963923692703
Scene,no_mask_repeat,12345,242,-0.07370934561908456,0.5072445406725106,0.8133591413497925,0.5250546336174011,0.005057145841419697
Scene,no_mask_repeat,12345,245,-0.0671418281911607,0.4377881807221386,0.6708861589431763,0.5604403018951416,0.0018076486885547638
Scene,no_mask_repeat,12345,249,-0.023001432910715748,0.3785711912504574,0.8265405893325806,0.4462753236293793,0.014296500943601131
Scene,no_mask_repeat,12345,282,0.11080499871876906,0.3168506955410151,0.6777663230895996,0.4800460934638977,0.015670262277126312
Scene,no_mask_repeat,12345,289,-0.15802504503851184,0.36535877870474687,0.7352730631828308,0.6354338526725769,0.14928129315376282
Scene,no_mask_repeat,12345,303,0.12523300164131781,0.442278232182648,0.7351639866828918,0.6187810897827148,0.06225885450839996
Scene,no_mask_repeat,12345,314,-0.07241903045977147,0.1907102292143598,0.8136017322540283,0.5986721515655518,0.05851484090089798
Scene,no_mask_repeat,12345,393,0.3514959975710105,0.3986363680405303,0.6652084589004517,0.8490884900093079,0.385073721408844
Scene,no_mask_repeat,12345,412,0.4246394490561873,0.5072557638298558,0.5548363924026489,0.4388026297092438,0.01684904843568802
Scene,no_mask_repeat,12345,442,-0.01973503070857828,0.3020666313101709,0.7122886776924133,0.6048064231872559,0.10275290906429291
Scene,no_mask_repeat,12345,463,-0.1810632644050536,0.09837472282242934,0.8079121112823486,0.4296641945838928,0.06470409035682678
Scene,no_mask_repeat,12345,469,-0.003321889838764671,0.23087730725066682,0.7755674719810486,0.47331902384757996,-0.021768439561128616
Scene,no_mask_repeat,12345,486,0.1201107558537632,0.08790386848517617,0.7079368829727173,0.6266616582870483,0.17104201018810272
Scene,no_mask_repeat,12345,491,0.5878647953671978,0.40364087357424816,0.5725613236427307,0.7205410599708557,0.13003207743167877
Scene,no_mask_repeat,12345,518,0.007578306300403006,0.5322087907583826,0.7357903122901917,0.45912855863571167,0.05124531686306
Scene,no_mask_repeat,12345,523,-0.02340179648646844,0.09922937565401103,0.6408188343048096,0.5187162160873413,0.05985915660858154
Scene,no_mask_repeat,12345,545,0.10486398113400656,0.43409120421961533,0.7464748620986938,0.7139877676963806,-0.014000766910612583
Scene,no_mask_repeat,12345,551,0.01973229202599751,0.06064785877135033,0.8146900534629822,0.421905517578125,-0.031375013291835785
Scene,no_mask_repeat,12345,568,0.08714891975537832,0.4152453337377321,0.7425122261047363,0.7818264961242676,0.3045913279056549
Scene,no_mask_repeat,12345,620,0.7731996298701505,0.5392285423876404,0.5692049860954285,0.6438798904418945,0.3416905999183655
Scene,no_mask_repeat,12345,640,-0.05620480625686535,0.1658653806479968,0.6447329521179199,0.8196316957473755,0.6440845727920532
Scene,no_mask_repeat,12345,648,0.057241455795072387,0.255773250005114,0.7458839416503906,0.6269647479057312,0.0045401668176054955
Scene,no_mask_repeat,12345,671,0.12852897932712318,0.3991328528460893,0.6178188920021057,0.7796332836151123,0.3581286668777466
Scene,no_mask_repeat,12345,755,0.39808637460634266,0.39624658833805204,0.6464361548423767,0.6438591480255127,0.43624308705329895
Scene,no_mask_repeat,12345,811,0.2196881977102323,0.25441392531447926,0.7400841116905212,0.47873395681381226,0.011639324948191643
Scene,no_mask_repeat,12345,821,0.03366252407524394,0.2302868719873208,0.6362751722335815,0.7734400033950806,0.7185112833976746
Scene,no_mask_repeat,12345,824,-0.05865592362940989,0.09647574424775382,0.7205261588096619,0.5631834268569946,0.1720113456249237
Scene,no_mask_repeat,12345,841,0.13167311292217965,0.29807937806719537,0.784065842628479,0.6026498079299927,0.14087051153182983
Scene,no_mask_repeat,12345,842,0.040630952251259886,0.26358187735174887,0.7896345853805542,0.6995631456375122,0.07228440046310425
Scene,no_mask_repeat,12345,850,0.06846720433675454,0.2884641328396288,0.7160958051681519,0.7054669857025146,0.2827726900577545
Scene,no_mask_repeat,12345,855,0.040777108293038204,0.4513165565065866,0.6866933703422546,0.7184723019599915,0.049060363322496414
Scene,no_mask_repeat,12345,872,-0.0133751221276723,0.0952950189353984,0.7112166285514832,0.30536237359046936,0.019408494234085083
Scene,no_mask_repeat,12345,873,0.5467698133563323,0.5532542010932304,0.6098306179046631,0.4147999584674835,0.09234873950481415
Scene,no_mask_repeat,12345,893,0.3438162126308746,0.2836476508846109,0.7856424450874329,0.5362313389778137,0.09187395125627518
Scene,no_mask_repeat,12345,894,0.008972574898510116,0.3275258825022145,0.7523261308670044,0.5518154501914978,0.03667639195919037
Scene,no_mask_repeat,12345,918,-0.0025042512010189423,0.3091287693160665,0.7244551777839661,0.7676306962966919,0.29557764530181885
Scene,no_mask_repeat,12345,943,0.07133581837256343,0.538945976358406,0.7619567513465881,0.601127028465271,0.32888519763946533
Scene,no_mask_repeat,12345,978,0.5511838892246367,0.5697768080954968,0.6018414497375488,0.7867425680160522,0.288662850856781
Scene,no_mask_repeat,12345,999,0.07996375783268637,0.3201064312296886,0.7284443974494934,0.6645850539207458,0.030521094799041748
Scene,Body_unrelated_equal4_mean,23456,14,0.3247394718587821,0.47378031420425165,0.6724132299423218,0.43245643377304077,0.04119417443871498
Scene,Body_unrelated_equal4_mean,23456,15,-0.001245094863892106,0.4195791294989874,0.7823154926300049,0.7577437162399292,0.5049765706062317
Scene,Body_unrelated_equal4_mean,23456,36,0.26304624720966036,0.22985511292514982,0.6201565861701965,0.6582720875740051,0.025317246094346046
Scene,Body_unrelated_equal4_mean,23456,39,-0.448762945069416,0.3426967364815651,0.5256138443946838,0.6601183414459229,0.28981924057006836
Scene,Body_unrelated_equal4_mean,23456,126,0.08928129885993752,0.4216046374505371,0.6837877035140991,0.8848273754119873,0.33451616764068604
Scene,Body_unrelated_equal4_mean,23456,132,0.015823185018338397,0.11030536928803134,0.6378363370895386,0.6491951942443848,0.3222009837627411
Scene,Body_unrelated_equal4_mean,23456,167,0.08627006886254486,0.11866517698703834,0.6953648924827576,0.6412059664726257,0.24789367616176605
Scene,Body_unrelated_equal4_mean,23456,196,0.044541204232214054,0.34218150655888624,0.7620516419410706,0.7396109104156494,0.01639927551150322
Scene,Body_unrelated_equal4_mean,23456,199,0.163353776399145,0.17539866112889357,0.7202491164207458,0.7669434547424316,0.4725515842437744
Scene,Body_unrelated_equal4_mean,23456,214,0.13033530364140442,0.3762393977371693,0.7083958387374878,0.655787467956543,0.07475372403860092
Scene,Body_unrelated_equal4_mean,23456,241,0.2625301769471496,0.3330433389889412,0.7311012148857117,0.5567110776901245,0.08518336713314056
Scene,Body_unrelated_equal4_mean,23456,242,0.06174986731974841,0.5110921240115974,0.7339443564414978,0.5975939035415649,0.058963142335414886
Scene,Body_unrelated_equal4_mean,23456,245,-0.07923515903231784,0.43481345168437396,0.6763293743133545,0.5699297189712524,0.056383468210697174
Scene,Body_unrelated_equal4_mean,23456,249,0.01998638823641197,0.3715931399283811,0.8004734516143799,0.4001244008541107,0.015087893232703209
Scene,Body_unrelated_equal4_mean,23456,282,0.1956842836790172,0.367211287123493,0.6296548843383789,0.44501763582229614,0.08493654429912567
Scene,Body_unrelated_equal4_mean,23456,289,-0.06004041938031752,0.33431547990178795,0.7776003479957581,0.6644923090934753,0.032365620136260986
Scene,Body_unrelated_equal4_mean,23456,303,0.07107406531341039,0.49842611293866224,0.76500403881073,0.6790496110916138,0.07574383914470673
Scene,Body_unrelated_equal4_mean,23456,314,0.10419739082667417,0.19823931194870104,0.8186790943145752,0.5415301322937012,0.09375011175870895
Scene,Body_unrelated_equal4_mean,23456,393,-0.03947143069919187,0.3693832243604128,0.6972792744636536,0.8121141791343689,0.23548032343387604
Scene,Body_unrelated_equal4_mean,23456,412,0.5328298638473232,0.5395106004949726,0.5584569573402405,0.556057870388031,0.05970928072929382
Scene,Body_unrelated_equal4_mean,23456,442,0.09215196102906228,0.3695912565197935,0.721139132976532,0.682427704334259,-0.01161870639771223
Scene,Body_unrelated_equal4_mean,23456,463,0.22412619578668216,0.09407487956447518,0.7567932605743408,0.5826539993286133,0.12800970673561096
Scene,Body_unrelated_equal4_mean,23456,469,-0.3623770541591513,0.21794452333993422,0.8081063032150269,0.45966699719429016,0.01173102855682373
Scene,Body_unrelated_equal4_mean,23456,486,-0.16154328716005428,0.10588809135138089,0.7452883124351501,0.5637965798377991,0.15752695500850677
Scene,Body_unrelated_equal4_mean,23456,491,0.36948415828444225,0.3234615918372499,0.6250810623168945,0.6666419506072998,0.04729893431067467
Scene,Body_unrelated_equal4_mean,23456,518,0.4921461277566507,0.5843583533222155,0.5020930171012878,0.634512186050415,0.2525181770324707
Scene,Body_unrelated_equal4_mean,23456,523,0.38426237002863256,0.15340696385932048,0.6877175569534302,0.6018580198287964,0.17559164762496948
Scene,Body_unrelated_equal4_mean,23456,545,-0.04464501032578619,0.377464770787714,0.7458752393722534,0.7203813195228577,0.07301990687847137
Scene,Body_unrelated_equal4_mean,23456,551,-0.03293792085548313,0.07761688752559133,0.8008690476417542,0.5065940618515015,0.009907577186822891
Scene,Body_unrelated_equal4_mean,23456,568,0.12524169487705883,0.44879849192678417,0.6807607412338257,0.8066803216934204,0.5509548187255859
Scene,Body_unrelated_equal4_mean,23456,620,-0.28988110269229195,0.22592340926836293,0.78908371925354,0.5783299207687378,0.34055444598197937
Scene,Body_unrelated_equal4_mean,23456,640,-0.13867578329401894,0.12089974327593454,0.7006605267524719,0.42450249195098877,0.03885892406105995
Scene,Body_unrelated_equal4_mean,23456,648,0.35331075831567704,0.30676733204735784,0.7273176312446594,0.5988665223121643,0.016110435128211975
Scene,Body_unrelated_equal4_mean,23456,671,-0.14437433897648463,0.3525407742286967,0.6152603030204773,0.7827813029289246,0.36093777418136597
Scene,Body_unrelated_equal4_mean,23456,755,0.39182452805158496,0.41541607632756267,0.7345597743988037,0.5874255895614624,0.10671040415763855
Scene,Body_unrelated_equal4_mean,23456,811,0.0043430922252195876,0.2535518876443991,0.7526420950889587,0.5602308511734009,-0.012193376198410988
Scene,Body_unrelated_equal4_mean,23456,821,0.34802541403293297,0.2917609402697644,0.6652013659477234,0.42970845103263855,0.047403864562511444
Scene,Body_unrelated_equal4_mean,23456,824,-0.1256070372376192,0.09364893465280244,0.7940815091133118,0.46382811665534973,0.03425807133316994
Scene,Body_unrelated_equal4_mean,23456,841,0.10295950956041491,0.24238964403852914,0.8500325679779053,0.43080776929855347,0.05233347415924072
Scene,Body_unrelated_equal4_mean,23456,842,0.1591968055486844,0.2520159004229749,0.7077215313911438,0.7917473316192627,0.06795269250869751
Scene,Body_unrelated_equal4_mean,23456,850,0.0676438524003788,0.373481538692225,0.7357761859893799,0.7052908539772034,0.32023558020591736
Scene,Body_unrelated_equal4_mean,23456,855,0.16973770082016337,0.4785581808771122,0.7150927782058716,0.694598376750946,0.05572706460952759
Scene,Body_unrelated_equal4_mean,23456,872,-0.125722504919588,0.07610115442419498,0.7145227193832397,0.4018239974975586,-0.010303199291229248
Scene,Body_unrelated_equal4_mean,23456,873,0.46124475271704746,0.5216491180702844,0.571534276008606,0.5069687366485596,0.08491437882184982
Scene,Body_unrelated_equal4_mean,23456,893,0.3944194766329833,0.2840477232709691,0.68595290184021,0.7277613282203674,0.2099836766719818
Scene,Body_unrelated_equal4_mean,23456,894,-0.040546036411602766,0.2427441749467459,0.7507492303848267,0.5711684823036194,0.05443775653839111
Scene,Body_unrelated_equal4_mean,23456,918,0.11106970874998622,0.2899659412525596,0.6703211665153503,0.7409510612487793,0.2008679062128067
Scene,Body_unrelated_equal4_mean,23456,943,0.3433972210721335,0.5703877133673524,0.7108880281448364,0.607597291469574,0.15945033729076385
Scene,Body_unrelated_equal4_mean,23456,978,0.6159577159433396,0.5851894278339296,0.5460922718048096,0.8552289009094238,0.8101979494094849
Scene,Body_unrelated_equal4_mean,23456,999,-0.06810915947687288,0.345330921607309,0.7286036014556885,0.7005327939987183,0.016460634768009186
Scene,Scene_equal4_mean,23456,14,0.3265426723069317,0.4773984564927905,0.6570309996604919,0.45515063405036926,0.07474728673696518
Scene,Scene_equal4_mean,23456,15,-0.12982374314839135,0.4251348439309292,0.7800956964492798,0.7456028461456299,0.10557707399129868
Scene,Scene_equal4_mean,23456,36,0.27898898593261146,0.22979227946558073,0.6155480146408081,0.6643165946006775,0.030216887593269348
Scene,Scene_equal4_mean,23456,39,-0.46983065369077154,0.32909100401229713,0.4838804006576538,0.632649302482605,0.22608762979507446
Scene,Scene_equal4_mean,23456,126,0.1484919779495895,0.42558290743217564,0.6523494124412537,0.8578358292579651,0.39119651913642883
Scene,Scene_equal4_mean,23456,132,0.009524862608133256,0.10917247031793995,0.634661853313446,0.6686789989471436,0.32877835631370544
Scene,Scene_equal4_mean,23456,167,0.07170436793647729,0.1179894749675434,0.715713381767273,0.6252665519714355,0.31037357449531555
Scene,Scene_equal4_mean,23456,196,0.0381289212821082,0.3510131947447134,0.7695631980895996,0.7212726473808289,0.0675954520702362
Scene,Scene_equal4_mean,23456,199,0.14574971873218848,0.17238927062850537,0.7236665487289429,0.7543314695358276,0.4537794291973114
Scene,Scene_equal4_mean,23456,214,0.1289553366941716,0.3760438179390751,0.705100953578949,0.6348281502723694,0.0972403734922409
Scene,Scene_equal4_mean,23456,241,0.26495477807225526,0.33578093657205355,0.7290918827056885,0.5136607885360718,0.06744208186864853
Scene,Scene_equal4_mean,23456,242,0.03868328288604204,0.48256017769212284,0.7579192519187927,0.5952833890914917,0.05014658719301224
Scene,Scene_equal4_mean,23456,245,-0.0866400486456571,0.43750461120212986,0.6795445084571838,0.5903210639953613,0.00867381040006876
Scene,Scene_equal4_mean,23456,249,0.02294702479170312,0.3713135419178632,0.7923601269721985,0.42245808243751526,0.030936526134610176
Scene,Scene_equal4_mean,23456,282,0.1879842371440335,0.3619304204833621,0.6160546541213989,0.42309290170669556,0.06701140850782394
Scene,Scene_equal4_mean,23456,289,-0.07464873055666603,0.3281121145545468,0.7715125679969788,0.5959173440933228,0.04828698933124542
Scene,Scene_equal4_mean,23456,303,0.09593414309955496,0.48185838637680084,0.7357928156852722,0.7435057759284973,0.04344756901264191
Scene,Scene_equal4_mean,23456,314,0.1398805488975011,0.19887357567615122,0.810765266418457,0.4527914226055145,-0.027594566345214844
Scene,Scene_equal4_mean,23456,393,-0.06843602151998025,0.35639206932909073,0.6930510997772217,0.8165673613548279,0.18775957822799683
Scene,Scene_equal4_mean,23456,412,0.5563897950928086,0.5326570457805062,0.5491506457328796,0.495207279920578,0.09639430046081543
Scene,Scene_equal4_mean,23456,442,0.08613653557168774,0.3714784351567653,0.7223717570304871,0.7162147164344788,0.022297289222478867
Scene,Scene_equal4_mean,23456,463,0.22259140508472594,0.09343073266044745,0.7565944194793701,0.5688998103141785,0.1190871074795723
Scene,Scene_equal4_mean,23456,469,-0.3221587535863626,0.21356487826538306,0.7836978435516357,0.44651973247528076,-0.009962551295757294
Scene,Scene_equal4_mean,23456,486,-0.16966501665185127,0.10101273665808783,0.7458503246307373,0.5457729697227478,0.07961840182542801
Scene,Scene_equal4_mean,23456,491,0.36381351918810645,0.32705830361250887,0.6276109218597412,0.6437832713127136,0.004702542908489704
Scene,Scene_equal4_mean,23456,518,0.439394554565731,0.5306173698004166,0.5752489566802979,0.7394568920135498,0.20165304839611053
Scene,Scene_equal4_mean,23456,523,0.37947856999591295,0.15825087990723186,0.6925601363182068,0.5959666967391968,0.12616977095603943
Scene,Scene_equal4_mean,23456,545,-0.049481305177115215,0.3811899104946953,0.7423864603042603,0.7127870321273804,0.06867064535617828
Scene,Scene_equal4_mean,23456,551,-0.023030590821405898,0.07703329811916171,0.7940211892127991,0.47840914130210876,-0.03152163326740265
Scene,Scene_equal4_mean,23456,568,0.1492294439074764,0.4623519770440839,0.698028564453125,0.7935777306556702,0.5503149628639221
Scene,Scene_equal4_mean,23456,620,-0.2803966123058143,0.22814035272451852,0.7877722978591919,0.545086145401001,0.2704884111881256
Scene,Scene_equal4_mean,23456,640,-0.14964860011610906,0.12209665295337505,0.6725383996963501,0.45137301087379456,0.04095059633255005
Scene,Scene_equal4_mean,23456,648,0.4454223984399986,0.2884475901543426,0.7466340065002441,0.5361842513084412,0.003406624309718609
Scene,Scene_equal4_mean,23456,671,-0.16073165478271545,0.35118245774150697,0.6206423044204712,0.7273738384246826,0.41616126894950867
Scene,Scene_equal4_mean,23456,755,0.3970681674056357,0.417203181495829,0.7318540215492249,0.6420891284942627,0.28714844584465027
Scene,Scene_equal4_mean,23456,811,0.005284005350955919,0.2539879936746544,0.7520036697387695,0.5557737350463867,-0.008755744434893131
Scene,Scene_equal4_mean,23456,821,0.35315750329579576,0.29099080257312665,0.6700412034988403,0.44341522455215454,0.05087459459900856
Scene,Scene_equal4_mean,23456,824,-0.10894395944571567,0.09229118933174862,0.7969058752059937,0.4603206515312195,0.03282598778605461
Scene,Scene_equal4_mean,23456,841,0.08538466143526666,0.2483202199292047,0.8475631475448608,0.41218897700309753,0.04003603756427765
Scene,Scene_equal4_mean,23456,842,0.1562940379699776,0.23863579572213944,0.7023509740829468,0.769982099533081,0.11152930557727814
Scene,Scene_equal4_mean,23456,850,0.06721744849765804,0.3732254331940483,0.7371627688407898,0.7164747714996338,0.32024940848350525
Scene,Scene_equal4_mean,23456,855,0.17653514291141695,0.4896384094553461,0.7109070420265198,0.6602483987808228,-0.001134758349508047
Scene,Scene_equal4_mean,23456,872,-0.12353757811265313,0.07653980522882847,0.7149697542190552,0.518142580986023,0.027542555704712868
Scene,Scene_equal4_mean,23456,873,0.4620099545286595,0.517165704590631,0.5751596093177795,0.5100399255752563,0.09182590991258621
Scene,Scene_equal4_mean,23456,893,0.4120042807678949,0.2752339322452822,0.6787778735160828,0.7380750775337219,0.31374865770339966
Scene,Scene_equal4_mean,23456,894,-0.020374410556680125,0.23661940002303497,0.7303162217140198,0.5847960114479065,0.09366152435541153
Scene,Scene_equal4_mean,23456,918,0.027818675416809106,0.27937112336953135,0.6701897382736206,0.7707708477973938,0.21694965660572052
Scene,Scene_equal4_mean,23456,943,0.3416649455519424,0.5699830326486042,0.7148367166519165,0.6157349944114685,0.13454388082027435
Scene,Scene_equal4_mean,23456,978,0.6134572567058747,0.5833777266536692,0.5667183995246887,0.8789209723472595,0.837372362613678
Scene,Scene_equal4_mean,23456,999,-0.05209902245887822,0.33108717734329685,0.6974982023239136,0.7261661887168884,0.024644635617733
Scene,Scene_full_mean,23456,14,0.31709410798289117,0.473884694722594,0.6590160131454468,0.4774000346660614,0.0934065580368042
Scene,Scene_full_mean,23456,15,-0.12129521525018817,0.4285464510886873,0.7627414464950562,0.7415984869003296,0.11319157481193542
Scene,Scene_full_mean,23456,36,0.2749689708669307,0.22977939862283514,0.6101663112640381,0.6945480108261108,0.04066050797700882
Scene,Scene_full_mean,23456,39,-0.46882801980332073,0.3294347535856652,0.4677138924598694,0.6471743583679199,0.28071361780166626
Scene,Scene_full_mean,23456,126,0.02446362274527416,0.4053332593204661,0.6920549869537354,0.8608220815658569,0.4605156183242798
Scene,Scene_full_mean,23456,132,-0.008259374199628983,0.1076575909972529,0.6462457180023193,0.6344151496887207,0.2954578399658203
Scene,Scene_full_mean,23456,167,0.07098492800339576,0.11963766578005404,0.7046594619750977,0.6211037635803223,0.2786388397216797
Scene,Scene_full_mean,23456,196,0.043560299548143715,0.3454509204168029,0.7777612209320068,0.7492086291313171,0.04930422082543373
Scene,Scene_full_mean,23456,199,0.15040668763898396,0.17640881417307827,0.7227611541748047,0.7872697710990906,0.41946670413017273
Scene,Scene_full_mean,23456,214,0.09270621847858686,0.36865569278832405,0.7048899531364441,0.5893489122390747,0.07135831564664841
Scene,Scene_full_mean,23456,241,0.23119166539483324,0.3105551270824854,0.7281484007835388,0.5120389461517334,0.03963610902428627
Scene,Scene_full_mean,23456,242,0.007930369655028528,0.49586822612905285,0.7633180022239685,0.5414408445358276,0.04145068675279617
Scene,Scene_full_mean,23456,245,0.10831512686539772,0.41419357636551424,0.6410337686538696,0.49977245926856995,0.05146413296461105
Scene,Scene_full_mean,23456,249,0.0195211030981889,0.3519076485969812,0.7866954207420349,0.4401644170284271,0.024309545755386353
Scene,Scene_full_mean,23456,282,0.1701078885722227,0.3645106166981738,0.6210622787475586,0.41995367407798767,0.08466065675020218
Scene,Scene_full_mean,23456,289,-0.057492095984354945,0.3105055031693203,0.7557973861694336,0.5686410665512085,0.04410504922270775
Scene,Scene_full_mean,23456,303,0.08745248434604634,0.47870111965633977,0.7560786008834839,0.7390167117118835,0.025591257959604263
Scene,Scene_full_mean,23456,314,0.08322139599804398,0.19583968003379196,0.8086666464805603,0.549435555934906,-0.015342701226472855
Scene,Scene_full_mean,23456,393,-0.04490250200526046,0.32783791101462334,0.686493456363678,0.7902030944824219,0.29443609714508057
Scene,Scene_full_mean,23456,412,0.5524794547827216,0.5297336519077482,0.5303633213043213,0.4579699635505676,0.06392296403646469
Scene,Scene_full_mean,23456,442,0.09730111567375144,0.3651880800669493,0.7244113683700562,0.6755954623222351,0.01680804416537285
Scene,Scene_full_mean,23456,463,0.19521499583213478,0.09209495838808009,0.707453727722168,0.5288676023483276,0.13817313313484192
Scene,Scene_full_mean,23456,469,-0.38812250041476537,0.21398613311582051,0.8158060908317566,0.46757665276527405,-0.008173502050340176
Scene,Scene_full_mean,23456,486,-0.17688156466737642,0.1025167132808896,0.7499748468399048,0.658195436000824,0.22368571162223816
Scene,Scene_full_mean,23456,491,0.4037367570307198,0.3333997166648632,0.6193071007728577,0.6762742400169373,0.07274352759122849
Scene,Scene_full_mean,23456,518,0.4166593895411554,0.5049340514197727,0.5779374241828918,0.7252846956253052,0.237172931432724
Scene,Scene_full_mean,23456,523,0.37560764004093905,0.15670779088836773,0.6777821779251099,0.6285669803619385,0.15291152894496918
Scene,Scene_full_mean,23456,545,-0.09143778616159294,0.2198465062752288,0.7129818797111511,0.6211456060409546,0.02343704178929329
Scene,Scene_full_mean,23456,551,-0.01242130337398507,0.07044450525064695,0.8005676865577698,0.5556919574737549,-0.025083638727664948
Scene,Scene_full_mean,23456,568,0.12748957722231516,0.4489861138330161,0.6920146346092224,0.8098315000534058,0.5080534219741821
Scene,Scene_full_mean,23456,620,-0.2847486189953485,0.23265091695662773,0.7888205051422119,0.6565823554992676,0.3809680938720703
Scene,Scene_full_mean,23456,640,-0.03523933146101191,0.19162238549116872,0.7701338529586792,0.5936750173568726,0.053961820900440216
Scene,Scene_full_mean,23456,648,0.34772888504991045,0.2854778942214169,0.7036994099617004,0.6064869165420532,0.025431113317608833
Scene,Scene_full_mean,23456,671,-0.1386731651633572,0.36300434711213114,0.6277584433555603,0.7570487260818481,0.3764413595199585
Scene,Scene_full_mean,23456,755,0.41273427447795497,0.41830453186891947,0.7262293100357056,0.5571461915969849,0.21296007931232452
Scene,Scene_full_mean,23456,811,0.013049305147521534,0.2521260727321577,0.7488497495651245,0.5623878836631775,0.0020042723044753075
Scene,Scene_full_mean,23456,821,0.38684190688920767,0.2829411368827919,0.6595982909202576,0.48532161116600037,0.019280748441815376
Scene,Scene_full_mean,23456,824,-0.10813812988766522,0.07161699715285073,0.7471609115600586,0.5442419052124023,0.15448804199695587
Scene,Scene_full_mean,23456,841,0.09536742639690321,0.24651487504261024,0.847780168056488,0.3843522369861603,0.04677358269691467
Scene,Scene_full_mean,23456,842,0.19338973742311832,0.24428772404046117,0.6947140693664551,0.8187018036842346,0.11393728107213974
Scene,Scene_full_mean,23456,850,0.08004192618855412,0.3688122694686625,0.7425092458724976,0.694219708442688,0.3665864169597626
Scene,Scene_full_mean,23456,855,0.12355726717536401,0.4484060726265214,0.669129490852356,0.7696366310119629,0.05911051854491234
Scene,Scene_full_mean,23456,872,-0.15059733659196708,0.07272490910282707,0.7147729396820068,0.49933794140815735,0.007676273584365845
Scene,Scene_full_mean,23456,873,0.5187381021539978,0.5259808594134343,0.6256850957870483,0.44854453206062317,0.004225773736834526
Scene,Scene_full_mean,23456,893,0.3567204113576549,0.2970720971463437,0.7147707939147949,0.6373189687728882,0.1553465723991394
Scene,Scene_full_mean,23456,894,-0.013966194658973816,0.2383024388661549,0.7265968322753906,0.5822339057922363,0.11149696260690689
Scene,Scene_full_mean,23456,918,0.0315406672102124,0.27071771354840296,0.6714473962783813,0.7601356506347656,0.20303423702716827
Scene,Scene_full_mean,23456,943,0.2405223760154023,0.56165867105274,0.7327948808670044,0.5520028471946716,0.23475170135498047
Scene,Scene_full_mean,23456,978,0.6355505045210785,0.5641711193922829,0.6136787533760071,0.5821090340614319,0.048631735146045685
Scene,Scene_full_mean,23456,999,-0.03817976063071208,0.33194845174997273,0.7101134061813354,0.7184721231460571,0.02171190269291401
Scene,Scene_random_equal4_01_mean,23456,14,0.583830413995296,0.5520001895131061,0.5356850028038025,0.47477641701698303,0.04697762802243233
Scene,Scene_random_equal4_01_mean,23456,15,-0.11916671175983579,0.43239909557247086,0.7754076719284058,0.7612653970718384,0.1443212926387787
Scene,Scene_random_equal4_01_mean,23456,36,0.30603195329107197,0.22189172345888186,0.6335303783416748,0.6841892600059509,-0.004104343242943287
Scene,Scene_random_equal4_01_mean,23456,39,-0.4732730990583126,0.32770617576518146,0.4862287938594818,0.6324160099029541,0.22270041704177856
Scene,Scene_random_equal4_01_mean,23456,126,0.15040410349503033,0.41953736429094474,0.64298415184021,0.8289483189582825,0.3671025335788727
Scene,Scene_random_equal4_01_mean,23456,132,0.010078217824031855,0.11392498123680682,0.6465972065925598,0.6984151005744934,0.31810200214385986
Scene,Scene_random_equal4_01_mean,23456,167,0.07694365624534788,0.11760760844957692,0.7135764956474304,0.6415512561798096,0.2905257046222687
Scene,Scene_random_equal4_01_mean,23456,196,0.04810782874259502,0.3478359208232495,0.757741391658783,0.712058961391449,0.0004941802471876144
Scene,Scene_random_equal4_01_mean,23456,199,0.15112161950801228,0.17973192638363947,0.7323449850082397,0.7910274267196655,0.43376606702804565
Scene,Scene_random_equal4_01_mean,23456,214,0.14714696571018432,0.37945418263483005,0.7060278654098511,0.6594893336296082,0.08353273570537567
Scene,Scene_random_equal4_01_mean,23456,241,0.27963939970142404,0.34779383340241554,0.7366983294487,0.559052586555481,0.022555265575647354
Scene,Scene_random_equal4_01_mean,23456,242,0.06502373597902866,0.5081672339089297,0.7358915209770203,0.5760596990585327,0.0753680169582367
Scene,Scene_random_equal4_01_mean,23456,245,-0.066790372870406,0.4319894436059028,0.6934963464736938,0.5548293590545654,0.01609523594379425
Scene,Scene_random_equal4_01_mean,23456,249,0.043226160841345486,0.3807364433199012,0.7853694558143616,0.3978707194328308,-0.008927008137106895
Scene,Scene_random_equal4_01_mean,23456,282,0.19134660428872466,0.37311869988173024,0.6139020919799805,0.4173870086669922,0.0956713929772377
Scene,Scene_random_equal4_01_mean,23456,289,-0.04897426902023686,0.3181537675325246,0.7670506834983826,0.57742840051651,0.08696042001247406
Scene,Scene_random_equal4_01_mean,23456,303,0.09603181262069167,0.4834107083950415,0.7349970936775208,0.7374847531318665,0.047483161091804504
Scene,Scene_random_equal4_01_mean,23456,314,0.14985430127425872,0.19871921083938143,0.8234429359436035,0.5065826177597046,-0.033734291791915894
Scene,Scene_random_equal4_01_mean,23456,393,-0.07549735514393899,0.3548977673553709,0.6867872476577759,0.8067624568939209,0.21931985020637512
Scene,Scene_random_equal4_01_mean,23456,412,0.5661596264155457,0.5359791585447787,0.5508213639259338,0.4817715287208557,0.07065033912658691
Scene,Scene_random_equal4_01_mean,23456,442,0.10393497940410215,0.36987343386149135,0.722277045249939,0.7347077131271362,0.07488114386796951
Scene,Scene_random_equal4_01_mean,23456,463,0.2150860179787214,0.09745736096692112,0.734399139881134,0.5751529932022095,0.10369335114955902
Scene,Scene_random_equal4_01_mean,23456,469,-0.38753140698921545,0.21342471293195345,0.8135488033294678,0.44093021750450134,0.0015127942897379398
Scene,Scene_random_equal4_01_mean,23456,486,-0.19310230052691335,0.10449822860536394,0.7369767427444458,0.541892945766449,0.10263583809137344
Scene,Scene_random_equal4_01_mean,23456,491,0.3618101994477348,0.33111351570469394,0.6284615397453308,0.6786512732505798,-0.001406124560162425
Scene,Scene_random_equal4_01_mean,23456,518,0.36944280556213954,0.49507999398954733,0.5503609776496887,0.6123088002204895,0.5808512568473816
Scene,Scene_random_equal4_01_mean,23456,523,0.39786248948551123,0.1637803248705956,0.6916824579238892,0.6517693996429443,0.19333454966545105
Scene,Scene_random_equal4_01_mean,23456,545,-0.03765921240777576,0.38527346712680327,0.726993203163147,0.6864299178123474,0.07725748419761658
Scene,Scene_random_equal4_01_mean,23456,551,-0.04159286971227844,0.07732667751712866,0.7839414477348328,0.5016740560531616,-0.011885499581694603
Scene,Scene_random_equal4_01_mean,23456,568,0.1320560070277568,0.4778968948606253,0.7394983172416687,0.777181088924408,0.5377066135406494
Scene,Scene_random_equal4_01_mean,23456,620,-0.288300425307421,0.2263199095512086,0.7892746925354004,0.591247022151947,0.27122461795806885
Scene,Scene_random_equal4_01_mean,23456,640,-0.12185996680913193,0.14946896462864612,0.7227052450180054,0.4091282784938812,-0.011017895303666592
Scene,Scene_random_equal4_01_mean,23456,648,0.43850557028032644,0.2912219194194823,0.744369626045227,0.5905508995056152,0.0018008581828325987
Scene,Scene_random_equal4_01_mean,23456,671,-0.1493798936714345,0.34887562697949276,0.6253136992454529,0.7488270401954651,0.40113016963005066
Scene,Scene_random_equal4_01_mean,23456,755,0.39891631523468707,0.41961619337699624,0.7281178832054138,0.6551923751831055,0.25898101925849915
Scene,Scene_random_equal4_01_mean,23456,811,-0.008924484205125762,0.25072533649984335,0.7536866068840027,0.5624750256538391,0.015019982121884823
Scene,Scene_random_equal4_01_mean,23456,821,0.363763480527631,0.29898811964726024,0.7117870450019836,0.49033764004707336,0.006029559299349785
Scene,Scene_random_equal4_01_mean,23456,824,-0.11026938961265131,0.09492981602533757,0.7962263822555542,0.44742870330810547,0.022961579263210297
Scene,Scene_random_equal4_01_mean,23456,841,0.04373827794273771,0.23046203694350123,0.8547091484069824,0.3289169669151306,0.04995390400290489
Scene,Scene_random_equal4_01_mean,23456,842,0.1377985550973415,0.23394217236266726,0.7134196758270264,0.7762999534606934,0.10878146439790726
Scene,Scene_random_equal4_01_mean,23456,850,0.07758299558824643,0.37510949921537884,0.7328079342842102,0.712587833404541,0.3399184048175812
Scene,Scene_random_equal4_01_mean,23456,855,0.13443189676224943,0.4589798868138549,0.6934873461723328,0.6981999278068542,0.03505270928144455
Scene,Scene_random_equal4_01_mean,23456,872,-0.06833438776732335,0.08625947991029033,0.7667555809020996,0.5772154331207275,0.1418439745903015
Scene,Scene_random_equal4_01_mean,23456,873,0.4401810605060996,0.5097386891838243,0.5680418014526367,0.5567277073860168,0.133202463388443
Scene,Scene_random_equal4_01_mean,23456,893,0.4067234158562609,0.2832743869270202,0.6776057481765747,0.7439509034156799,0.2639719843864441
Scene,Scene_random_equal4_01_mean,23456,894,-0.03674358778200128,0.23619003240047118,0.7323915362358093,0.6317556500434875,0.0851534754037857
Scene,Scene_random_equal4_01_mean,23456,918,0.019996390366228467,0.26886238505132176,0.661967933177948,0.7474161982536316,0.14369088411331177
Scene,Scene_random_equal4_01_mean,23456,943,0.34766013956117403,0.571202150942277,0.7214686870574951,0.6193267107009888,0.1444254219532013
Scene,Scene_random_equal4_01_mean,23456,978,0.6198999873249914,0.5850401716086787,0.5760009288787842,0.8675864934921265,0.8357788324356079
Scene,Scene_random_equal4_01_mean,23456,999,-0.05089104311204292,0.33625813844760616,0.7068519592285156,0.7350653409957886,0.036699555814266205
Scene,Scene_random_equal4_02_mean,23456,14,0.5792366846517042,0.5541186687603994,0.5267002582550049,0.48398908972740173,0.04231691733002663
Scene,Scene_random_equal4_02_mean,23456,15,-0.12919493460228113,0.419609418036282,0.7704098224639893,0.7660073637962341,0.1029849573969841
Scene,Scene_random_equal4_02_mean,23456,36,0.23750301563810103,0.228471126471297,0.6213550567626953,0.6600422859191895,0.008019937202334404
Scene,Scene_random_equal4_02_mean,23456,39,-0.47057161356856203,0.32914505363598023,0.48385512828826904,0.6306328177452087,0.22576004266738892
Scene,Scene_random_equal4_02_mean,23456,126,0.08832402649365464,0.4148536284018289,0.6743417382240295,0.912032425403595,0.4397932291030884
Scene,Scene_random_equal4_02_mean,23456,132,0.005334989913580972,0.11017896756628072,0.632978618144989,0.6678836941719055,0.3390989899635315
Scene,Scene_random_equal4_02_mean,23456,167,0.06806041774788729,0.11755100032502046,0.7109348773956299,0.6450378894805908,0.3462134599685669
Scene,Scene_random_equal4_02_mean,23456,196,0.04582796712522199,0.3532895222102643,0.7674299478530884,0.7204223275184631,0.05514276400208473
Scene,Scene_random_equal4_02_mean,23456,199,0.14303500603473768,0.17184003789765975,0.7238706946372986,0.7419822216033936,0.4693171977996826
Scene,Scene_random_equal4_02_mean,23456,214,0.1496023999708171,0.3826024540841268,0.70474773645401,0.6305564045906067,0.09642311930656433
Scene,Scene_random_equal4_02_mean,23456,241,0.2719261565300744,0.335875955610934,0.7252612113952637,0.5292710661888123,0.06575927883386612
Scene,Scene_random_equal4_02_mean,23456,242,0.0617013481335469,0.508595391270577,0.732451856136322,0.6038919687271118,0.03955840691924095
Scene,Scene_random_equal4_02_mean,23456,245,-0.08761145864211357,0.4400090232606918,0.6733827590942383,0.6130483150482178,0.035906970500946045
Scene,Scene_random_equal4_02_mean,23456,249,0.02885484732643007,0.3719903074199813,0.7986823320388794,0.4009765684604645,0.017473189160227776
Scene,Scene_random_equal4_02_mean,23456,282,0.19034258546133154,0.3619290750119212,0.6209357380867004,0.40147504210472107,0.03223537653684616
Scene,Scene_random_equal4_02_mean,23456,289,-0.052260170673833733,0.33386253923153036,0.7688477039337158,0.6319087743759155,0.023284751921892166
Scene,Scene_random_equal4_02_mean,23456,303,0.06937354334612912,0.48436031479620933,0.7410503029823303,0.6926257014274597,0.06806984543800354
Scene,Scene_random_equal4_02_mean,23456,314,0.11783471178454652,0.1983685931181374,0.8151034116744995,0.5214910507202148,0.03511594608426094
Scene,Scene_random_equal4_02_mean,23456,393,-0.05573103544174322,0.32370583096358146,0.711138904094696,0.8180113434791565,0.19492407143115997
Scene,Scene_random_equal4_02_mean,23456,412,0.5592242164216156,0.5336192168619318,0.5480049252510071,0.49342602491378784,0.10646172612905502
Scene,Scene_random_equal4_02_mean,23456,442,0.10108518000227903,0.367498468608306,0.7320363521575928,0.7029051184654236,-0.004494782537221909
Scene,Scene_random_equal4_02_mean,23456,463,0.2160320054597626,0.09084428553105284,0.759253978729248,0.575297474861145,0.10482846200466156
Scene,Scene_random_equal4_02_mean,23456,469,-0.3442776237735974,0.21632386182174598,0.770920991897583,0.43353819847106934,0.006868490017950535
Scene,Scene_random_equal4_02_mean,23456,486,-0.17223832782761325,0.10022266963119286,0.7430386543273926,0.5956176519393921,0.08477170765399933
Scene,Scene_random_equal4_02_mean,23456,491,0.37612112086962024,0.33549382194383914,0.631279706954956,0.673743486404419,-0.004236718639731407
Scene,Scene_random_equal4_02_mean,23456,518,0.4424845258140208,0.5308268895171783,0.5825763940811157,0.7129760980606079,0.12705932557582855
Scene,Scene_random_equal4_02_mean,23456,523,0.39449014976914437,0.16030357292324093,0.6939456462860107,0.5739731192588806,0.13545382022857666
Scene,Scene_random_equal4_02_mean,23456,545,-0.08029116505220274,0.3747139204025023,0.7410462498664856,0.6410067677497864,0.028675196692347527
Scene,Scene_random_equal4_02_mean,23456,551,-0.019443885787092552,0.07406532601827094,0.8054777979850769,0.4840797781944275,-0.041729703545570374
Scene,Scene_random_equal4_02_mean,23456,568,0.1623202040569742,0.4885735601537047,0.7439444065093994,0.8420734405517578,0.41638675332069397
Scene,Scene_random_equal4_02_mean,23456,620,-0.27763251737026606,0.22551282532972883,0.791463315486908,0.6364440321922302,0.2902427911758423
Scene,Scene_random_equal4_02_mean,23456,640,-0.14101140031304973,0.13081449918113316,0.6719277501106262,0.40954774618148804,0.022554360330104828
Scene,Scene_random_equal4_02_mean,23456,648,0.44522634944102907,0.28556703599408767,0.7557074427604675,0.5110330581665039,0.005293653812259436
Scene,Scene_random_equal4_02_mean,23456,671,-0.16124870422042098,0.3499447737410857,0.6210295557975769,0.7185912132263184,0.42679357528686523
Scene,Scene_random_equal4_02_mean,23456,755,0.40149074587768635,0.4180021854089109,0.7324995994567871,0.6870267391204834,0.32600340247154236
Scene,Scene_random_equal4_02_mean,23456,811,0.01245469431795725,0.25496501562801543,0.7546214461326599,0.5466341972351074,0.0010249237529933453
Scene,Scene_random_equal4_02_mean,23456,821,0.35311996776493476,0.2902531143739931,0.6698321104049683,0.4370385706424713,0.04356873407959938
Scene,Scene_random_equal4_02_mean,23456,824,-0.11280879225412918,0.094582813622593,0.7884040474891663,0.4701099097728729,0.062316760420799255
Scene,Scene_random_equal4_02_mean,23456,841,0.05333125993745214,0.22797824243883452,0.8509961366653442,0.3477596044540405,0.022681722417473793
Scene,Scene_random_equal4_02_mean,23456,842,0.1683450936064554,0.24072656261138037,0.6921117901802063,0.8237284421920776,0.24129052460193634
Scene,Scene_random_equal4_02_mean,23456,850,0.06766642143224055,0.3724672925122101,0.7318035960197449,0.707607090473175,0.35465455055236816
Scene,Scene_random_equal4_02_mean,23456,855,0.17865935855719986,0.4809454579786772,0.7157653570175171,0.7173792719841003,0.006567910313606262
Scene,Scene_random_equal4_02_mean,23456,872,-0.11645572050735364,0.07660506534578115,0.7136776447296143,0.5217602849006653,0.00919424183666706
Scene,Scene_random_equal4_02_mean,23456,873,0.45920252947530604,0.513564868085679,0.5681999921798706,0.45126843452453613,0.0702156350016594
Scene,Scene_random_equal4_02_mean,23456,893,0.3927709755607356,0.272032498822931,0.6824490427970886,0.689998984336853,0.16162273287773132
Scene,Scene_random_equal4_02_mean,23456,894,-0.006691997044007976,0.23943665668373781,0.7301185727119446,0.5864638686180115,0.11985167115926743
Scene,Scene_random_equal4_02_mean,23456,918,0.001408046311024628,0.28081974315840863,0.6936665773391724,0.7442981004714966,0.14389091730117798
Scene,Scene_random_equal4_02_mean,23456,943,0.33828521850151655,0.5692639091074653,0.7005212306976318,0.5967041254043579,0.15914621949195862
Scene,Scene_random_equal4_02_mean,23456,978,0.6137385486775191,0.5836672546014059,0.5689111948013306,0.8734323978424072,0.8337463140487671
Scene,Scene_random_equal4_02_mean,23456,999,-0.03914378326463424,0.3345284572357056,0.7168859243392944,0.6963774561882019,0.021348632872104645
Scene,Scene_random_equal4_03_mean,23456,14,0.2965128767865502,0.46703819640385436,0.6727099418640137,0.4222087562084198,0.036571647971868515
Scene,Scene_random_equal4_03_mean,23456,15,-0.12372222118320685,0.42962473420190983,0.7567776441574097,0.7297759056091309,0.07411257177591324
Scene,Scene_random_equal4_03_mean,23456,36,0.2526097686738827,0.23590658483995117,0.6175687313079834,0.6722521185874939,-0.0026154164224863052
Scene,Scene_random_equal4_03_mean,23456,39,-0.4720160525535038,0.3291786909025509,0.48630815744400024,0.6306354999542236,0.21502532064914703
Scene,Scene_random_equal4_03_mean,23456,126,0.10582950575321608,0.3977408695505642,0.661489725112915,0.871624767780304,0.4635293781757355
Scene,Scene_random_equal4_03_mean,23456,132,0.007702638364025668,0.11003346224916259,0.6387202739715576,0.6456550359725952,0.3321797847747803
Scene,Scene_random_equal4_03_mean,23456,167,0.0701779215224759,0.11605389271773317,0.7102164030075073,0.6434901356697083,0.3097287118434906
Scene,Scene_random_equal4_03_mean,23456,196,0.036335270338554645,0.3460624957141255,0.77515709400177,0.7456592917442322,0.05242198705673218
Scene,Scene_random_equal4_03_mean,23456,199,0.1822236490789432,0.19579737475179357,0.7326732873916626,0.7582428455352783,0.44706687331199646
Scene,Scene_random_equal4_03_mean,23456,214,0.1430889317377442,0.37766119750990285,0.699918270111084,0.6541433334350586,0.09976460039615631
Scene,Scene_random_equal4_03_mean,23456,241,0.2600918888476656,0.3410850415308892,0.7341517210006714,0.4957883059978485,0.08442095667123795
Scene,Scene_random_equal4_03_mean,23456,242,0.017670486437762128,0.5038882364372039,0.778746485710144,0.5987362861633301,0.05264881253242493
Scene,Scene_random_equal4_03_mean,23456,245,-0.09486799379367418,0.43711778079869035,0.669172465801239,0.5863222479820251,0.01640801690518856
Scene,Scene_random_equal4_03_mean,23456,249,0.028525236147199214,0.3719985672855742,0.7871554493904114,0.43139582872390747,0.023780452087521553
Scene,Scene_random_equal4_03_mean,23456,282,0.21990252384507653,0.3766888960992574,0.6320779323577881,0.5486878156661987,0.366036057472229
Scene,Scene_random_equal4_03_mean,23456,289,-0.06171466321177872,0.31312967639403627,0.7695279121398926,0.5803027749061584,0.03608383983373642
Scene,Scene_random_equal4_03_mean,23456,303,0.09196990569122443,0.4781634020458755,0.7384924292564392,0.7417441606521606,0.05406227707862854
Scene,Scene_random_equal4_03_mean,23456,314,0.15807517231838997,0.1993284670485785,0.8183101415634155,0.48841893672943115,-0.04338408261537552
Scene,Scene_random_equal4_03_mean,23456,393,-0.057592894637196065,0.35322626547573843,0.6969771385192871,0.832058846950531,0.21687662601470947
Scene,Scene_random_equal4_03_mean,23456,412,0.5565285758806285,0.5336779208401068,0.5527438521385193,0.4912540316581726,0.09317425638437271
Scene,Scene_random_equal4_03_mean,23456,442,0.08045801330635072,0.37079076634530916,0.7246936559677124,0.6927555203437805,0.04060690850019455
Scene,Scene_random_equal4_03_mean,23456,463,0.22661495107268412,0.09410342333630786,0.7535526156425476,0.5750449299812317,0.10754077881574631
Scene,Scene_random_equal4_03_mean,23456,469,-0.32285268098986974,0.21513242983411993,0.7818032503128052,0.43803244829177856,0.0030632810667157173
Scene,Scene_random_equal4_03_mean,23456,486,-0.16670485508437918,0.10717750616267348,0.7347259521484375,0.5857890248298645,0.05164303630590439
Scene,Scene_random_equal4_03_mean,23456,491,0.3635619317664212,0.3280288512860468,0.6293920874595642,0.6461783647537231,4.304060712456703e-05
Scene,Scene_random_equal4_03_mean,23456,518,0.41164628439411605,0.5139125315793261,0.5634118318557739,0.7172167301177979,0.28292807936668396
Scene,Scene_random_equal4_03_mean,23456,523,0.364263566787856,0.16186430654749948,0.6871180534362793,0.5307766199111938,0.19704392552375793
Scene,Scene_random_equal4_03_mean,23456,545,-0.04335656131161345,0.3852210618886328,0.7420697808265686,0.7216624021530151,0.07790619879961014
Scene,Scene_random_equal4_03_mean,23456,551,-0.020318200702437287,0.07321595036608136,0.8140580058097839,0.4775054156780243,-0.05879494920372963
Scene,Scene_random_equal4_03_mean,23456,568,0.11156818819172633,0.46014993966867396,0.6673377752304077,0.7911845445632935,0.5573320388793945
Scene,Scene_random_equal4_03_mean,23456,620,-0.2735398844856029,0.21023655818279915,0.7812659740447998,0.565194845199585,0.2904435992240906
Scene,Scene_random_equal4_03_mean,23456,640,-0.1235747278123413,0.15018226235948368,0.7126125693321228,0.3886837959289551,0.013726863078773022
Scene,Scene_random_equal4_03_mean,23456,648,0.33770150502311497,0.2930126944039489,0.7426235675811768,0.5296385288238525,0.00013297819532454014
Scene,Scene_random_equal4_03_mean,23456,671,-0.16414754558710332,0.3520903262100412,0.6149872541427612,0.7906005382537842,0.45352503657341003
Scene,Scene_random_equal4_03_mean,23456,755,0.3988447257454545,0.41258879744575144,0.7308897972106934,0.6029998660087585,0.13225257396697998
Scene,Scene_random_equal4_03_mean,23456,811,0.009117358838597147,0.2538482243639928,0.7550235986709595,0.5704578757286072,-0.003421350847929716
Scene,Scene_random_equal4_03_mean,23456,821,0.36512316987826887,0.2921515541156095,0.6695531010627747,0.45052409172058105,0.046521179378032684
Scene,Scene_random_equal4_03_mean,23456,824,-0.11264200062332096,0.09496098741803533,0.7921580076217651,0.44071412086486816,0.04018111154437065
Scene,Scene_random_equal4_03_mean,23456,841,0.12209201238968531,0.246575112526557,0.8358588218688965,0.42412269115448,0.06028733775019646
Scene,Scene_random_equal4_03_mean,23456,842,0.16371778389747652,0.23883053003169732,0.7087097764015198,0.7885344624519348,0.08633743226528168
Scene,Scene_random_equal4_03_mean,23456,850,0.06824619973417177,0.37272421491950153,0.7356719970703125,0.7234938740730286,0.335561603307724
Scene,Scene_random_equal4_03_mean,23456,855,0.1786352767532118,0.48991585270794097,0.7099401950836182,0.6811661124229431,0.005292127374559641
Scene,Scene_random_equal4_03_mean,23456,872,-0.08476666494578292,0.07741222087717789,0.7165678143501282,0.4707118272781372,0.021074170246720314
Scene,Scene_random_equal4_03_mean,23456,873,0.44600228474523496,0.5160988902703948,0.5680168867111206,0.5055720806121826,0.07339271157979965
Scene,Scene_random_equal4_03_mean,23456,893,0.39436960407749877,0.27250804326460304,0.668393075466156,0.7430538535118103,0.2635876536369324
Scene,Scene_random_equal4_03_mean,23456,894,0.005203929725934236,0.23450192664848468,0.7300494909286499,0.6311819553375244,0.127211332321167
Scene,Scene_random_equal4_03_mean,23456,918,0.001876506501224661,0.29010995089797015,0.6753172874450684,0.7009670734405518,0.17244376242160797
Scene,Scene_random_equal4_03_mean,23456,943,0.3265537821648067,0.5692906043946406,0.7036179304122925,0.5983396172523499,0.1689980924129486
Scene,Scene_random_equal4_03_mean,23456,978,0.6411277523292335,0.5691484606503368,0.6028016805648804,0.554502546787262,0.06565240025520325
Scene,Scene_random_equal4_03_mean,23456,999,-0.04547361189483883,0.3331157555752541,0.699529230594635,0.7295820713043213,0.02045915275812149
Scene,Scene_random_equal4_04_mean,23456,14,0.5863547675357926,0.5522512800250307,0.5372889637947083,0.47012975811958313,0.04723196476697922
Scene,Scene_random_equal4_04_mean,23456,15,-0.119475517421688,0.43236936728295056,0.7752065062522888,0.7709673047065735,0.14746859669685364
Scene,Scene_random_equal4_04_mean,23456,36,0.3078767117555396,0.22195226729561834,0.6334648132324219,0.6864712238311768,-0.0002969703637063503
Scene,Scene_random_equal4_04_mean,23456,39,-0.47566772001554525,0.32799681721504487,0.4867968261241913,0.6354295015335083,0.21873711049556732
Scene,Scene_random_equal4_04_mean,23456,126,0.15145994020884387,0.4221097286398123,0.6404668688774109,0.8312093019485474,0.48139381408691406
Scene,Scene_random_equal4_04_mean,23456,132,0.008423409999453988,0.11289092348254717,0.6503015756607056,0.687795102596283,0.32004398107528687
Scene,Scene_random_equal4_04_mean,23456,167,0.07696480932689635,0.11741557814874375,0.7119192481040955,0.6499088406562805,0.2925140857696533
Scene,Scene_random_equal4_04_mean,23456,196,0.05053228499947793,0.34927628329819305,0.7549771070480347,0.7140454053878784,0.05837520211935043
Scene,Scene_random_equal4_04_mean,23456,199,0.1479530386519833,0.18081684682648264,0.7353094220161438,0.7934000492095947,0.4290775954723358
Scene,Scene_random_equal4_04_mean,23456,214,0.14773828714159654,0.3794289973323932,0.7064459919929504,0.6556429266929626,0.0792003870010376
Scene,Scene_random_equal4_04_mean,23456,241,0.2790962954153564,0.3467932835535117,0.7353460788726807,0.5605079531669617,0.016345031559467316
Scene,Scene_random_equal4_04_mean,23456,242,0.06404856940456564,0.507973578924811,0.7357826232910156,0.5850453972816467,0.070831298828125
Scene,Scene_random_equal4_04_mean,23456,245,-0.06802998907349703,0.43228303013823005,0.6952921152114868,0.5640290379524231,0.010564183816313744
Scene,Scene_random_equal4_04_mean,23456,249,0.04373847816017021,0.3818047256477553,0.7836489677429199,0.403120219707489,0.010490218177437782
Scene,Scene_random_equal4_04_mean,23456,282,0.19129511276874106,0.3726243432225906,0.611518144607544,0.43411117792129517,0.10043786466121674
Scene,Scene_random_equal4_04_mean,23456,289,-0.05049887031259194,0.318479882038856,0.7707445621490479,0.5703386664390564,0.08125460147857666
Scene,Scene_random_equal4_04_mean,23456,303,0.09693051008875882,0.48307859557695954,0.7340372800827026,0.7365291118621826,0.047415003180503845
Scene,Scene_random_equal4_04_mean,23456,314,0.15234776125271993,0.19884864041531353,0.8237258791923523,0.49940189719200134,-0.039187222719192505
Scene,Scene_random_equal4_04_mean,23456,393,-0.07621054385529025,0.3556000961012631,0.6838918328285217,0.809282124042511,0.2099323272705078
Scene,Scene_random_equal4_04_mean,23456,412,0.5655165796374495,0.5353504944848603,0.5524287223815918,0.47962385416030884,0.09048420935869217
Scene,Scene_random_equal4_04_mean,23456,442,0.10126100494060933,0.36773985610607884,0.7177197337150574,0.7272830009460449,0.06178910285234451
Scene,Scene_random_equal4_04_mean,23456,463,0.21402809108893797,0.09795103897831385,0.7367295622825623,0.5725277066230774,0.10437235236167908
Scene,Scene_random_equal4_04_mean,23456,469,-0.38170108059611046,0.21341724761640984,0.8176034092903137,0.42977869510650635,0.0005787645932286978
Scene,Scene_random_equal4_04_mean,23456,486,-0.19302597801193636,0.10332676133522775,0.7369235157966614,0.546066164970398,0.11832606047391891
Scene,Scene_random_equal4_04_mean,23456,491,0.3611407161431548,0.33076646945751287,0.6287625432014465,0.6816980838775635,-0.0015845777234062552
Scene,Scene_random_equal4_04_mean,23456,518,0.37107115448170147,0.4948762602036955,0.5496460795402527,0.6007043123245239,0.5671611428260803
Scene,Scene_random_equal4_04_mean,23456,523,0.3997668334085006,0.16363215144932555,0.7001144289970398,0.6419212818145752,0.17851507663726807
Scene,Scene_random_equal4_04_mean,23456,545,-0.0616273970292897,0.3806760665303477,0.7369863390922546,0.695841372013092,0.05878046527504921
Scene,Scene_random_equal4_04_mean,23456,551,-0.040821997903729576,0.07594211622130134,0.7851787209510803,0.49105387926101685,-0.04068848490715027
Scene,Scene_random_equal4_04_mean,23456,568,0.13212017460200529,0.47935679031159334,0.7371973991394043,0.815433144569397,0.4889679551124573
Scene,Scene_random_equal4_04_mean,23456,620,-0.28852525279775537,0.22691295548386858,0.788857638835907,0.5735207200050354,0.2627219557762146
Scene,Scene_random_equal4_04_mean,23456,640,-0.12046300664032236,0.14873460683143586,0.7208789587020874,0.4115923345088959,-0.008642656728625298
Scene,Scene_random_equal4_04_mean,23456,648,0.4399748505199949,0.2928404648442721,0.7423794269561768,0.5932613611221313,0.006110207177698612
Scene,Scene_random_equal4_04_mean,23456,671,-0.1504003475328405,0.34840608921432764,0.6271811723709106,0.7477846741676331,0.4016193151473999
Scene,Scene_random_equal4_04_mean,23456,755,0.3986614834069803,0.41930728444479737,0.7284016013145447,0.661014199256897,0.2605694532394409
Scene,Scene_random_equal4_04_mean,23456,811,-0.008464454211470114,0.25052154975904656,0.753531813621521,0.5611974000930786,0.013078317977488041
Scene,Scene_random_equal4_04_mean,23456,821,0.3622195013186522,0.29819208844524697,0.7131171822547913,0.47561293840408325,0.0022755588870495558
Scene,Scene_random_equal4_04_mean,23456,824,-0.1102801463897448,0.09505893369018205,0.7962835431098938,0.4511811137199402,0.02679756097495556
Scene,Scene_random_equal4_04_mean,23456,841,0.038300658114869136,0.23215464475528672,0.8536719679832458,0.3259583115577698,0.033103398978710175
Scene,Scene_random_equal4_04_mean,23456,842,0.1377570969632002,0.23413943949440333,0.7118505835533142,0.7794857621192932,0.11091116070747375
Scene,Scene_random_equal4_04_mean,23456,850,0.07657040228625034,0.3748276174464705,0.732414722442627,0.6942638158798218,0.33611586689949036
Scene,Scene_random_equal4_04_mean,23456,855,0.12690988527199326,0.45314568485888074,0.6883987784385681,0.7063236832618713,0.040299177169799805
Scene,Scene_random_equal4_04_mean,23456,872,-0.0686883785089441,0.08622995713858359,0.7675631046295166,0.5743531584739685,0.14209510385990143
Scene,Scene_random_equal4_04_mean,23456,873,0.4423788709494129,0.5111783648853259,0.5676512718200684,0.557900607585907,0.13571137189865112
Scene,Scene_random_equal4_04_mean,23456,893,0.4060542284284589,0.2841062550949447,0.6787998676300049,0.7432575225830078,0.25984126329421997
Scene,Scene_random_equal4_04_mean,23456,894,-0.034134067894806414,0.23780559471249052,0.7339856624603271,0.6251546144485474,0.09213759750127792
Scene,Scene_random_equal4_04_mean,23456,918,0.018314553395718542,0.26883471974387857,0.661956787109375,0.7518191933631897,0.14742180705070496
Scene,Scene_random_equal4_04_mean,23456,943,0.346869418295414,0.5710988140645012,0.7205529808998108,0.6161947250366211,0.14718376100063324
Scene,Scene_random_equal4_04_mean,23456,978,0.6194421880015553,0.5849657597587278,0.5764692425727844,0.863501787185669,0.8267860412597656
Scene,Scene_random_equal4_04_mean,23456,999,-0.050676536132484344,0.33608423971820545,0.7071697115898132,0.7359447479248047,0.03447232395410538
Scene,Scene_random_equal4_05_mean,23456,14,0.362004158735759,0.4663608421450895,0.6327928304672241,0.5558422803878784,0.2623077929019928
Scene,Scene_random_equal4_05_mean,23456,15,-0.13678982686588484,0.43814567151423495,0.8004160523414612,0.758374035358429,0.15312956273555756
Scene,Scene_random_equal4_05_mean,23456,36,0.2849565150705078,0.20441594522935275,0.6323028802871704,0.693654477596283,0.013432995416224003
Scene,Scene_random_equal4_05_mean,23456,39,-0.4303534943891602,0.29887539991483475,0.5485942959785461,0.6999070644378662,0.04530676454305649
Scene,Scene_random_equal4_05_mean,23456,126,0.0895236399472819,0.3895666162008539,0.6499106287956238,0.9048662185668945,0.5396170020103455
Scene,Scene_random_equal4_05_mean,23456,132,0.009867033006880936,0.10953967934298155,0.6323211789131165,0.6584892272949219,0.3234809339046478
Scene,Scene_random_equal4_05_mean,23456,167,0.0854120492651971,0.11982360248115383,0.6973511576652527,0.6415236592292786,0.3565289378166199
Scene,Scene_random_equal4_05_mean,23456,196,0.010120355613222463,0.341564839044722,0.7710270881652832,0.7387769222259521,0.09094204008579254
Scene,Scene_random_equal4_05_mean,23456,199,0.1490633531891666,0.17250578392987276,0.718776524066925,0.728912353515625,0.46989762783050537
Scene,Scene_random_equal4_05_mean,23456,214,0.1607122871938053,0.37586821806094933,0.7060573101043701,0.6496900916099548,0.1116153746843338
Scene,Scene_random_equal4_05_mean,23456,241,0.2691253372827207,0.344615601096675,0.7211376428604126,0.5592217445373535,0.12873098254203796
Scene,Scene_random_equal4_05_mean,23456,242,-0.003907221019379741,0.4591090149306822,0.75144362449646,0.5948252081871033,0.11501313000917435
Scene,Scene_random_equal4_05_mean,23456,245,0.07250316104747866,0.4331655069241187,0.6505938768386841,0.5274444222450256,0.016292309388518333
Scene,Scene_random_equal4_05_mean,23456,249,-0.006323953617713462,0.35304541083989055,0.8031712770462036,0.48768407106399536,0.01870126649737358
Scene,Scene_random_equal4_05_mean,23456,282,0.1813468618417012,0.3327658635464197,0.6334603428840637,0.45680713653564453,-0.01002611592411995
Scene,Scene_random_equal4_05_mean,23456,289,-0.04610867810729198,0.3315693357450918,0.7784368991851807,0.6666682958602905,0.07763812690973282
Scene,Scene_random_equal4_05_mean,23456,303,0.07961437161634002,0.4941020460554932,0.7422455549240112,0.7423868179321289,0.056859251111745834
Scene,Scene_random_equal4_05_mean,23456,314,0.06467623187670694,0.1949866655460687,0.8475295305252075,0.49722591042518616,0.07008156925439835
Scene,Scene_random_equal4_05_mean,23456,393,-0.1035698476627186,0.34294680357763413,0.7107057571411133,0.8095803260803223,0.21523095667362213
Scene,Scene_random_equal4_05_mean,23456,412,0.5203406910446371,0.5289520371432926,0.5932227373123169,0.5291165709495544,0.0752834901213646
Scene,Scene_random_equal4_05_mean,23456,442,0.07707535132827857,0.3691155200892169,0.7371600270271301,0.6853525042533875,0.042129699140787125
Scene,Scene_random_equal4_05_mean,23456,463,0.20045132826684126,0.08648899853410101,0.7610065340995789,0.5320025086402893,0.10423669964075089
Scene,Scene_random_equal4_05_mean,23456,469,-0.3254946405835544,0.21230637843216307,0.7778502106666565,0.4714832305908203,-0.008272670209407806
Scene,Scene_random_equal4_05_mean,23456,486,-0.19965146261748076,0.1050969047297288,0.7480351328849792,0.5566851496696472,0.007988739758729935
Scene,Scene_random_equal4_05_mean,23456,491,0.35479007726948436,0.3244746411342482,0.6253564953804016,0.6557142734527588,0.011988578364253044
Scene,Scene_random_equal4_05_mean,23456,518,0.4257990444972469,0.506995558783328,0.5893136858940125,0.6229836344718933,0.3336118459701538
Scene,Scene_random_equal4_05_mean,23456,523,0.37912773390539906,0.16170053511203264,0.6954789161682129,0.5969451069831848,0.13543015718460083
Scene,Scene_random_equal4_05_mean,23456,545,-0.06293026603949234,0.3895721347306278,0.7480779886245728,0.7019369006156921,0.06034643203020096
Scene,Scene_random_equal4_05_mean,23456,551,-0.015588796052499142,0.07272933064420271,0.8133713006973267,0.4957113564014435,-0.0139350276440382
Scene,Scene_random_equal4_05_mean,23456,568,0.14171261482599448,0.44106683358356347,0.7070648074150085,0.774147093296051,0.032362040132284164
Scene,Scene_random_equal4_05_mean,23456,620,-0.27997466403865456,0.235224075517953,0.7919125556945801,0.5381308197975159,0.2972697615623474
Scene,Scene_random_equal4_05_mean,23456,640,-0.16188547511242196,0.11791974833089312,0.6661994457244873,0.4232741892337799,0.08892445266246796
Scene,Scene_random_equal4_05_mean,23456,648,0.4529944770298723,0.28113775934306856,0.7390576601028442,0.5942531228065491,-0.023310380056500435
Scene,Scene_random_equal4_05_mean,23456,671,-0.13061514393638157,0.34401296788599967,0.6012783050537109,0.7749219536781311,0.4251024127006531
Scene,Scene_random_equal4_05_mean,23456,755,0.37039339916911684,0.36871436580787,0.698093056678772,0.5981714129447937,0.33884644508361816
Scene,Scene_random_equal4_05_mean,23456,811,-0.09897399418457302,0.23052067472204008,0.6875220537185669,0.5614122152328491,0.0196064580231905
Scene,Scene_random_equal4_05_mean,23456,821,0.3036405655252595,0.27965410405250596,0.6512349247932434,0.4345463812351227,0.00011737714521586895
Scene,Scene_random_equal4_05_mean,23456,824,-0.11560997365246291,0.095470297393956,0.7920043468475342,0.4536827504634857,0.033279795199632645
Scene,Scene_random_equal4_05_mean,23456,841,0.04740207481245088,0.2511334677495507,0.8269577026367188,0.35196366906166077,0.017041364684700966
Scene,Scene_random_equal4_05_mean,23456,842,0.18351783723731233,0.2406560683793403,0.6884652972221375,0.804871678352356,0.24686306715011597
Scene,Scene_random_equal4_05_mean,23456,850,0.0675022317809447,0.3732604767731431,0.7340270280838013,0.7006957530975342,0.3221012055873871
Scene,Scene_random_equal4_05_mean,23456,855,0.13483781225090594,0.4665727489252356,0.6915286183357239,0.7291136384010315,0.04559190571308136
Scene,Scene_random_equal4_05_mean,23456,872,-0.08034383346892884,0.08329173551315408,0.7682521343231201,0.5753157138824463,0.11478212475776672
Scene,Scene_random_equal4_05_mean,23456,873,0.49048349248946593,0.4922253759209904,0.5835145711898804,0.5395941734313965,0.08465796709060669
Scene,Scene_random_equal4_05_mean,23456,893,0.3503571007232982,0.2917566021814767,0.7354128956794739,0.7256566882133484,0.10131286829710007
Scene,Scene_random_equal4_05_mean,23456,894,-0.015466247952945083,0.2383560889355784,0.7457906007766724,0.5927284955978394,0.08331261575222015
Scene,Scene_random_equal4_05_mean,23456,918,0.02452227546298209,0.29001123366885373,0.6674431562423706,0.7089262008666992,0.17364248633384705
Scene,Scene_random_equal4_05_mean,23456,943,0.33369467029647804,0.5703569326874509,0.706470787525177,0.6209415793418884,0.12284474074840546
Scene,Scene_random_equal4_05_mean,23456,978,0.6286257887988028,0.5858450730198891,0.5495569109916687,0.8499614000320435,0.7965758442878723
Scene,Scene_random_equal4_05_mean,23456,999,-0.048553548092747846,0.3251743446372153,0.6977961659431458,0.7042139768600464,0.03793364763259888
Scene,Scene_random_full_01_mean,23456,14,0.29139941257638213,0.45108344426215263,0.6817488074302673,0.4095803499221802,0.035800669342279434
Scene,Scene_random_full_01_mean,23456,15,-0.10986562290352625,0.44872275061110695,0.7541727423667908,0.800938606262207,0.17067481577396393
Scene,Scene_random_full_01_mean,23456,36,0.2050904121128935,0.24859138434163305,0.6264075040817261,0.5047630667686462,-0.001852727960795164
Scene,Scene_random_full_01_mean,23456,39,-0.40231280503199174,0.35378346575022107,0.5731632709503174,0.5657475590705872,0.12060870975255966
Scene,Scene_random_full_01_mean,23456,126,0.08113550128675386,0.3638400985156155,0.6668108105659485,0.8666817545890808,0.15592031180858612
Scene,Scene_random_full_01_mean,23456,132,-0.014815255588845538,0.09615336935505622,0.6239378452301025,0.41839689016342163,-0.0104810306802392
Scene,Scene_random_full_01_mean,23456,167,0.10781726821175033,0.10416754177693865,0.6865383386611938,0.6472955346107483,0.08305966854095459
Scene,Scene_random_full_01_mean,23456,196,0.0025206813143362613,0.33075980274940153,0.7846522331237793,0.6882112622261047,0.07564615458250046
Scene,Scene_random_full_01_mean,23456,199,0.13851332101819303,0.17916993536486905,0.744387686252594,0.7648919224739075,0.467171847820282
Scene,Scene_random_full_01_mean,23456,214,0.025161329080131894,0.370213425427413,0.6909293532371521,0.7181006669998169,0.18061788380146027
Scene,Scene_random_full_01_mean,23456,241,0.27004390392351973,0.34539582319288586,0.7054348587989807,0.5854396224021912,0.07038205862045288
Scene,Scene_random_full_01_mean,23456,242,0.10503888825703389,0.5117527183322697,0.6573527455329895,0.5757016539573669,0.16046039760112762
Scene,Scene_random_full_01_mean,23456,245,0.12249403961644258,0.3999096177469307,0.6474644541740417,0.5042408108711243,0.04820726439356804
Scene,Scene_random_full_01_mean,23456,249,-0.02618298226124276,0.3965342567857545,0.815570592880249,0.46620818972587585,-0.008174803107976913
Scene,Scene_random_full_01_mean,23456,282,0.1983335532685158,0.35303417698309697,0.6174511909484863,0.4587829113006592,-0.02131068892776966
Scene,Scene_random_full_01_mean,23456,289,-0.05002323550315206,0.3212021950463392,0.7775557637214661,0.6052176356315613,0.04713459312915802
Scene,Scene_random_full_01_mean,23456,303,0.030618682352859777,0.44535254424937143,0.7551785111427307,0.7104993462562561,0.06130407005548477
Scene,Scene_random_full_01_mean,23456,314,0.1354884493273701,0.188096785921156,0.8277257680892944,0.4740367531776428,0.06189437583088875
Scene,Scene_random_full_01_mean,23456,393,-0.09712983839689832,0.3537225429937719,0.7225393056869507,0.8079408407211304,0.22867514193058014
Scene,Scene_random_full_01_mean,23456,412,0.42324229202181224,0.5317216204428568,0.5422974824905396,0.4607372283935547,0.036682263016700745
Scene,Scene_random_full_01_mean,23456,442,0.09312103881092747,0.3616882305326826,0.6906816959381104,0.6486642956733704,0.0763685330748558
Scene,Scene_random_full_01_mean,23456,463,0.09414030461597518,0.07290780866045389,0.7975461483001709,0.5035635232925415,0.0712730661034584
Scene,Scene_random_full_01_mean,23456,469,-0.3596319316923871,0.2199301581369258,0.7789498567581177,0.46411070227622986,-0.004708704072982073
Scene,Scene_random_full_01_mean,23456,486,-0.12819569864777136,0.10346985196323813,0.7658240795135498,0.5420899391174316,0.06600682437419891
Scene,Scene_random_full_01_mean,23456,491,0.36066930677335074,0.32443172268053727,0.6547777652740479,0.6459676623344421,0.07457540929317474
Scene,Scene_random_full_01_mean,23456,518,0.3901328416848893,0.5237130759559067,0.5427809357643127,0.72196364402771,0.11775234341621399
Scene,Scene_random_full_01_mean,23456,523,0.373882339200735,0.16941052150068106,0.7299373149871826,0.632466197013855,0.1325552612543106
Scene,Scene_random_full_01_mean,23456,545,-0.04240091856972226,0.38410012296054497,0.7336236238479614,0.7120417952537537,0.0671282559633255
Scene,Scene_random_full_01_mean,23456,551,-0.04968272495565377,0.050547992898960274,0.7944771647453308,0.5408156514167786,0.046595942229032516
Scene,Scene_random_full_01_mean,23456,568,0.17527069396078201,0.47151811717425646,0.7258851528167725,0.7603040933609009,0.2717241048812866
Scene,Scene_random_full_01_mean,23456,620,-0.2318426057583222,0.26524103665305165,0.7714486122131348,0.42819780111312866,-0.01089073158800602
Scene,Scene_random_full_01_mean,23456,640,-0.11129651662085803,0.16985420088864256,0.7337494492530823,0.38123828172683716,-0.04639684408903122
Scene,Scene_random_full_01_mean,23456,648,0.3719541941868446,0.30337254214898884,0.7020901441574097,0.6255156993865967,0.010131915099918842
Scene,Scene_random_full_01_mean,23456,671,-0.2036483442844242,0.34016701060115445,0.6187573075294495,0.745688259601593,0.4014216661453247
Scene,Scene_random_full_01_mean,23456,755,0.45011551916098047,0.4147996999054738,0.6708052754402161,0.4670218229293823,-0.008403876796364784
Scene,Scene_random_full_01_mean,23456,811,-0.0009883480744637743,0.24974093775474654,0.751548171043396,0.5368618369102478,0.025342579931020737
Scene,Scene_random_full_01_mean,23456,821,0.37974589715028273,0.2977629256738316,0.6683852672576904,0.45998772978782654,-0.009776623919606209
Scene,Scene_random_full_01_mean,23456,824,-0.15994324792437814,0.06949364785349153,0.7170111536979675,0.47144606709480286,0.09148219227790833
Scene,Scene_random_full_01_mean,23456,841,-0.0005383500155278943,0.22796670913076342,0.8260818123817444,0.4407481551170349,0.017701946198940277
Scene,Scene_random_full_01_mean,23456,842,0.21110151790676812,0.2632536575791696,0.7046798467636108,0.7939141392707825,0.0456371046602726
Scene,Scene_random_full_01_mean,23456,850,0.014779831938770433,0.3872623038736293,0.727018415927887,0.3910096287727356,-0.002720525488257408
Scene,Scene_random_full_01_mean,23456,855,0.15925877285399834,0.4974916854812933,0.7261441946029663,0.6080915331840515,-0.022351842373609543
Scene,Scene_random_full_01_mean,23456,872,-0.08237780367702956,0.05837620240471586,0.7329748868942261,0.43790003657341003,-0.02152290940284729
Scene,Scene_random_full_01_mean,23456,873,0.41015800840273614,0.5104863585715965,0.5895772576332092,0.48967310786247253,0.08313193917274475
Scene,Scene_random_full_01_mean,23456,893,0.3665672251646077,0.29984862468110407,0.7021546959877014,0.7300648093223572,0.4298003315925598
Scene,Scene_random_full_01_mean,23456,894,-0.00928287041299196,0.23709129546759053,0.7448564767837524,0.606036901473999,0.12770810723304749
Scene,Scene_random_full_01_mean,23456,918,0.10322087374182325,0.2752627649895895,0.6723978519439697,0.6678517460823059,0.23166707158088684
Scene,Scene_random_full_01_mean,23456,943,0.39486305736520105,0.5643062259626139,0.661849319934845,0.6926095485687256,0.35702186822891235
Scene,Scene_random_full_01_mean,23456,978,0.5831996810530343,0.5353416092005514,0.625037431716919,0.533481240272522,0.05029914528131485
Scene,Scene_random_full_01_mean,23456,999,-0.044196430397555435,0.3145141072880117,0.6965171098709106,0.7139533162117004,0.012847213074564934
Scene,Scene_random_full_02_mean,23456,14,0.3005839705143449,0.4529912843670643,0.6736705303192139,0.44580382108688354,0.08403332531452179
Scene,Scene_random_full_02_mean,23456,15,-0.028424954694786547,0.4433695214747605,0.8127728700637817,0.7582979798316956,0.2812371850013733
Scene,Scene_random_full_02_mean,23456,36,0.2016200460745818,0.24172044212510416,0.600665271282196,0.549814760684967,0.22554068267345428
Scene,Scene_random_full_02_mean,23456,39,-0.5160003961735266,0.29451459104107947,0.5474917888641357,0.6594181656837463,0.37344586849212646
Scene,Scene_random_full_02_mean,23456,126,0.017689313022496135,0.4102748534415965,0.6925736665725708,0.8420407176017761,0.3788844347000122
Scene,Scene_random_full_02_mean,23456,132,-0.05010625797711597,0.09184821279456629,0.592109203338623,0.4273946285247803,0.05523248389363289
Scene,Scene_random_full_02_mean,23456,167,0.06211998539462871,0.13392292164449793,0.687997579574585,0.5158002376556396,0.26199862360954285
Scene,Scene_random_full_02_mean,23456,196,0.013271542291841529,0.31585733761656515,0.7799441814422607,0.7124126553535461,0.10625847429037094
Scene,Scene_random_full_02_mean,23456,199,0.19963965532862604,0.17458905741115202,0.6874092817306519,0.6349565386772156,0.1850343495607376
Scene,Scene_random_full_02_mean,23456,214,0.14161805836999078,0.37188253212533756,0.7161955833435059,0.6341816186904907,0.0683368667960167
Scene,Scene_random_full_02_mean,23456,241,0.20101562997100386,0.3105264677451374,0.7149707078933716,0.5280033946037292,0.0369906947016716
Scene,Scene_random_full_02_mean,23456,242,0.05171357616971511,0.4974131981203504,0.6957764625549316,0.5556492209434509,0.08401982486248016
Scene,Scene_random_full_02_mean,23456,245,0.16808183811815752,0.4047467110409004,0.614471435546875,0.5688959360122681,0.10045845806598663
Scene,Scene_random_full_02_mean,23456,249,0.041088247705025574,0.38483072015657166,0.7932942509651184,0.4612194299697876,0.020785309374332428
Scene,Scene_random_full_02_mean,23456,282,0.18065986168323264,0.3286912149034848,0.6105824112892151,0.3829697370529175,0.04654299467802048
Scene,Scene_random_full_02_mean,23456,289,-0.10831926881215911,0.3437967961759474,0.7259142398834229,0.6559017896652222,0.03594335913658142
Scene,Scene_random_full_02_mean,23456,303,0.045900501491702606,0.47222557408152116,0.733698844909668,0.6923310160636902,0.04370567202568054
Scene,Scene_random_full_02_mean,23456,314,0.02849379302550026,0.19318239433601714,0.8917133808135986,0.43078067898750305,-0.010234562680125237
Scene,Scene_random_full_02_mean,23456,393,-0.04917856742641322,0.3147236394230349,0.679015040397644,0.7931456565856934,0.1995275914669037
Scene,Scene_random_full_02_mean,23456,412,0.5241361909146685,0.5469975731501158,0.5384246110916138,0.5558047890663147,0.08025939017534256
Scene,Scene_random_full_02_mean,23456,442,0.11321722366521272,0.3554900989442864,0.7264378070831299,0.6108876466751099,0.06559380888938904
Scene,Scene_random_full_02_mean,23456,463,0.2473535519577244,0.0820730625555687,0.7513091564178467,0.5809518098831177,0.10598859935998917
Scene,Scene_random_full_02_mean,23456,469,-0.32101522739012434,0.22113002585461236,0.7914716005325317,0.44798311591148376,0.008606493473052979
Scene,Scene_random_full_02_mean,23456,486,-0.14218383784960137,0.09902684722438201,0.7304409742355347,0.5122606158256531,0.11877619475126266
Scene,Scene_random_full_02_mean,23456,491,0.4360191367625667,0.3143708169377692,0.6172082424163818,0.6737416982650757,0.08648845553398132
Scene,Scene_random_full_02_mean,23456,518,0.40766900033559633,0.5761285615216519,0.5192291140556335,0.6246761083602905,0.1586986631155014
Scene,Scene_random_full_02_mean,23456,523,0.3528789753259479,0.15744602050973014,0.689311683177948,0.5712677836418152,0.14027827978134155
Scene,Scene_random_full_02_mean,23456,545,-0.023580195197470018,0.3687821356794081,0.7072970867156982,0.7582703828811646,0.07216430455446243
Scene,Scene_random_full_02_mean,23456,551,-0.00032439995939796326,0.0603191744408863,0.7589761018753052,0.4686378538608551,-0.022796669974923134
Scene,Scene_random_full_02_mean,23456,568,0.08434043824644899,0.48555497465527386,0.6835299134254456,0.7269465923309326,0.2926388680934906
Scene,Scene_random_full_02_mean,23456,620,-0.29327156874620586,0.20655328797533162,0.7612271308898926,0.5861014127731323,0.2877284288406372
Scene,Scene_random_full_02_mean,23456,640,-0.16092059368532946,0.11834779975398893,0.6667379140853882,0.41947245597839355,0.07312430441379547
Scene,Scene_random_full_02_mean,23456,648,0.38442483854711296,0.30168202486708096,0.6954371929168701,0.5949992537498474,0.3219120502471924
Scene,Scene_random_full_02_mean,23456,671,-0.1485134930674342,0.3283866407193857,0.5841524600982666,0.7380731105804443,0.3903924822807312
Scene,Scene_random_full_02_mean,23456,755,0.3770025875207962,0.3834012319467842,0.7127509713172913,0.5598179697990417,0.16721084713935852
Scene,Scene_random_full_02_mean,23456,811,0.017826543975715727,0.2544985347843905,0.7576934099197388,0.5317769050598145,0.01140495203435421
Scene,Scene_random_full_02_mean,23456,821,0.28080419840704063,0.29200023778126427,0.6635438203811646,0.43914398550987244,-0.00869140774011612
Scene,Scene_random_full_02_mean,23456,824,-0.13261502394684727,0.09306744313286332,0.805561363697052,0.4835275113582611,0.07291679829359055
Scene,Scene_random_full_02_mean,23456,841,0.05272924527129264,0.22172719405422597,0.8335392475128174,0.39037200808525085,0.07011350989341736
Scene,Scene_random_full_02_mean,23456,842,0.26113813678041425,0.2724194863618939,0.7222452163696289,0.7582507133483887,0.0162007138133049
Scene,Scene_random_full_02_mean,23456,850,0.08831035793396826,0.3692244686578565,0.7446087598800659,0.6376990675926208,0.3566306233406067
Scene,Scene_random_full_02_mean,23456,855,0.1735184873062575,0.44991129511285455,0.6802130937576294,0.7433459758758545,0.10101813077926636
Scene,Scene_random_full_02_mean,23456,872,-0.06650161359124088,0.0760935015825986,0.7287243604660034,0.5155401229858398,0.08201920986175537
Scene,Scene_random_full_02_mean,23456,873,0.4421203730919883,0.5033400269352742,0.5795870423316956,0.49134787917137146,0.1003599613904953
Scene,Scene_random_full_02_mean,23456,893,0.3527127980508553,0.3012410435455768,0.7493409514427185,0.36195024847984314,-0.037418875843286514
Scene,Scene_random_full_02_mean,23456,894,0.02363212727569984,0.24510672636843417,0.7181718945503235,0.5653870105743408,0.1309524029493332
Scene,Scene_random_full_02_mean,23456,918,0.03551658817531321,0.2408099647959964,0.6485546827316284,0.7789803147315979,0.22647207975387573
Scene,Scene_random_full_02_mean,23456,943,0.26279367383274616,0.560614275216066,0.751850426197052,0.5493720769882202,0.19291366636753082
Scene,Scene_random_full_02_mean,23456,978,0.6235555807336874,0.5473076400031326,0.5909034013748169,0.5509610176086426,0.054151751101017
Scene,Scene_random_full_02_mean,23456,999,-0.08853250806778169,0.3512242061218056,0.7345551252365112,0.6504444479942322,0.009526591747999191
Scene,Scene_random_full_03_mean,23456,14,0.3049080907099941,0.455187772079347,0.6717614531517029,0.45010679960250854,0.04489758610725403
Scene,Scene_random_full_03_mean,23456,15,-0.12179520535437227,0.40115254654625604,0.756202220916748,0.7544985413551331,0.1303427517414093
Scene,Scene_random_full_03_mean,23456,36,0.1699648211708633,0.21838285549480432,0.6007463335990906,0.755034327507019,0.16267046332359314
Scene,Scene_random_full_03_mean,23456,39,-0.4760564744513794,0.322070495662372,0.45938223600387573,0.7080345153808594,0.26038745045661926
Scene,Scene_random_full_03_mean,23456,126,0.063335531123262,0.40311768329300113,0.6602594256401062,0.8147152066230774,0.33536574244499207
Scene,Scene_random_full_03_mean,23456,132,0.0005448811453229813,0.10621393525342802,0.628887414932251,0.6279077529907227,0.23160956799983978
Scene,Scene_random_full_03_mean,23456,167,0.13815057541536938,0.10359998175071557,0.7051491141319275,0.6304389834403992,0.1480696052312851
Scene,Scene_random_full_03_mean,23456,196,0.014570628306132111,0.328021624964746,0.7596492767333984,0.6964446902275085,0.05655914545059204
Scene,Scene_random_full_03_mean,23456,199,0.15112108535219107,0.1817528808804209,0.7269819974899292,0.7838163375854492,0.44523078203201294
Scene,Scene_random_full_03_mean,23456,214,0.09000847818788318,0.36045828006121644,0.7073327898979187,0.6427186727523804,0.056299563497304916
Scene,Scene_random_full_03_mean,23456,241,0.17517013064485018,0.3121546413147959,0.7755663990974426,0.45551598072052,0.04125993698835373
Scene,Scene_random_full_03_mean,23456,242,0.050143531888921296,0.5090408833547687,0.7709406614303589,0.5590906143188477,0.059585899114608765
Scene,Scene_random_full_03_mean,23456,245,0.08741401753696049,0.38755710488335127,0.628446638584137,0.52010577917099,0.052277907729148865
Scene,Scene_random_full_03_mean,23456,249,0.04292721966995897,0.3562309879087179,0.7986682653427124,0.45339900255203247,0.017009690403938293
Scene,Scene_random_full_03_mean,23456,282,0.24356863362929107,0.36508421742436875,0.6400433778762817,0.4845499098300934,0.2845633327960968
Scene,Scene_random_full_03_mean,23456,289,-0.10115700390024988,0.3290955815041416,0.7657687664031982,0.7148450016975403,0.054639268666505814
Scene,Scene_random_full_03_mean,23456,303,0.11361589939541811,0.4597148647620051,0.7449303269386292,0.6809776425361633,0.03630444407463074
Scene,Scene_random_full_03_mean,23456,314,0.05707430976183642,0.19880289303275542,0.8510870933532715,0.531482458114624,0.08735411614179611
Scene,Scene_random_full_03_mean,23456,393,-0.0673811039012714,0.37924557462856245,0.7036882638931274,0.7753891944885254,0.3796955943107605
Scene,Scene_random_full_03_mean,23456,412,0.5623764861952802,0.5324681699507612,0.5687894821166992,0.4900554418563843,0.09131907671689987
Scene,Scene_random_full_03_mean,23456,442,0.09311525606454359,0.35212745518916105,0.7020972967147827,0.6268460154533386,0.03785267099738121
Scene,Scene_random_full_03_mean,23456,463,0.2806550311970154,0.09258008584801931,0.7556043267250061,0.5480011701583862,0.11870293319225311
Scene,Scene_random_full_03_mean,23456,469,-0.35526152233150204,0.15007692050143545,0.7202814817428589,0.4650454819202423,0.000992750283330679
Scene,Scene_random_full_03_mean,23456,486,-0.21956428612962922,0.09121742794808277,0.7506146430969238,0.5469450354576111,-0.013433212414383888
Scene,Scene_random_full_03_mean,23456,491,0.3688112573015018,0.31954623874724447,0.625368595123291,0.6493518948554993,-0.006637904793024063
Scene,Scene_random_full_03_mean,23456,518,0.38470089780155936,0.4897492078263425,0.5509849190711975,0.678784966468811,0.5787541270256042
Scene,Scene_random_full_03_mean,23456,523,0.3551379332176588,0.15975259838112918,0.6768882274627686,0.548518180847168,0.12505733966827393
Scene,Scene_random_full_03_mean,23456,545,-0.03886507505795834,0.38028127922033944,0.727526843547821,0.735791027545929,0.10153909027576447
Scene,Scene_random_full_03_mean,23456,551,-0.010798307147354611,0.058648835211498954,0.8511531949043274,0.43268099427223206,-0.01914322003722191
Scene,Scene_random_full_03_mean,23456,568,0.15240589125271709,0.46472846491186104,0.715458869934082,0.7987823486328125,0.4485711455345154
Scene,Scene_random_full_03_mean,23456,620,-0.2812289903383842,0.20661486145249494,0.8085094690322876,0.5933235883712769,0.291533499956131
Scene,Scene_random_full_03_mean,23456,640,-0.0988250931060716,0.11194889487378995,0.6776697635650635,0.4747329354286194,0.047280024737119675
Scene,Scene_random_full_03_mean,23456,648,0.4087611586648813,0.30385537795802103,0.7089818120002747,0.6863886713981628,0.4205127954483032
Scene,Scene_random_full_03_mean,23456,671,-0.12774585667703084,0.3521945513073749,0.5934311151504517,0.8416497111320496,0.4623730182647705
Scene,Scene_random_full_03_mean,23456,755,0.41055750414227077,0.3869666476538721,0.7263767719268799,0.6143604516983032,0.12721723318099976
Scene,Scene_random_full_03_mean,23456,811,-0.005548104347517064,0.24815902333730122,0.7559006810188293,0.5981520414352417,0.06573744863271713
Scene,Scene_random_full_03_mean,23456,821,0.364002881406758,0.30088554957726077,0.7113631367683411,0.47817254066467285,0.027685724198818207
Scene,Scene_random_full_03_mean,23456,824,-0.12326686098460239,0.08918542753244128,0.7967137694358826,0.45776963233947754,0.028417818248271942
Scene,Scene_random_full_03_mean,23456,841,0.12126910293961733,0.24708308580293925,0.838604211807251,0.3941487967967987,0.05441645160317421
Scene,Scene_random_full_03_mean,23456,842,0.15494944391605836,0.21026348250179624,0.6754069328308105,0.7884513139724731,0.0842830017209053
Scene,Scene_random_full_03_mean,23456,850,0.07771213725536012,0.37962512944038734,0.7532981038093567,0.6902233958244324,0.3137570321559906
Scene,Scene_random_full_03_mean,23456,855,0.11208599389123425,0.4386030709388176,0.6692454218864441,0.7616305947303772,0.0854092687368393
Scene,Scene_random_full_03_mean,23456,872,-0.11444831841006439,0.07432683519594023,0.7131820321083069,0.4692360758781433,-0.009121593087911606
Scene,Scene_random_full_03_mean,23456,873,0.4664094128674036,0.4938366997470961,0.5737065672874451,0.544071614742279,0.10079621523618698
Scene,Scene_random_full_03_mean,23456,893,0.31724775521865106,0.2454885952427417,0.6562002897262573,0.7198140025138855,0.1540832668542862
Scene,Scene_random_full_03_mean,23456,894,-0.02978520365594169,0.22030967298767412,0.7246073484420776,0.562428891658783,0.07967061549425125
Scene,Scene_random_full_03_mean,23456,918,0.09928690832174762,0.26806175498285556,0.6615608930587769,0.739538848400116,0.2330520749092102
Scene,Scene_random_full_03_mean,23456,943,0.32338904005476704,0.568938740785015,0.7231581807136536,0.6381474137306213,0.30781087279319763
Scene,Scene_random_full_03_mean,23456,978,0.6352817552626043,0.5542720962841857,0.6348896622657776,0.49663734436035156,0.04939470812678337
Scene,Scene_random_full_03_mean,23456,999,-0.07668098982340683,0.347788040383427,0.7386586666107178,0.6394466757774353,0.02024677023291588
Scene,Scene_random_full_04_mean,23456,14,0.3504464851507935,0.4659155147336362,0.6217496395111084,0.5721807479858398,0.27638697624206543
Scene,Scene_random_full_04_mean,23456,15,-0.11244593127236183,0.4320723340478086,0.8040147423744202,0.8136084079742432,0.29076093435287476
Scene,Scene_random_full_04_mean,23456,36,0.16502933600075922,0.23637389326380173,0.6009178161621094,0.7269529700279236,0.18340323865413666
Scene,Scene_random_full_04_mean,23456,39,-0.23965592269682037,0.258864503816898,0.5985416173934937,0.7040137052536011,0.4063229262828827
Scene,Scene_random_full_04_mean,23456,126,-0.017568329697241453,0.41419231136668594,0.7212401628494263,0.8656110167503357,0.5316729545593262
Scene,Scene_random_full_04_mean,23456,132,-0.006609662933221395,0.0950314928269888,0.6094360947608948,0.6095224618911743,0.16923749446868896
Scene,Scene_random_full_04_mean,23456,167,0.05213476800399349,0.11971087368101276,0.7257959246635437,0.5933967232704163,0.26437604427337646
Scene,Scene_random_full_04_mean,23456,196,-0.005868674170623608,0.3357414520731746,0.7859000563621521,0.7145812511444092,0.09379851818084717
Scene,Scene_random_full_04_mean,23456,199,0.17878091720528316,0.1884998321395927,0.7333329319953918,0.7894934415817261,0.4398461580276489
Scene,Scene_random_full_04_mean,23456,214,0.10694183876300083,0.3731447310947986,0.7316561937332153,0.6136312484741211,0.05164601281285286
Scene,Scene_random_full_04_mean,23456,241,0.2979873478825989,0.3358329040649621,0.7249324917793274,0.48937755823135376,0.040636368095874786
Scene,Scene_random_full_04_mean,23456,242,-0.002345367103938473,0.4570639302509461,0.7701677083969116,0.5279392600059509,0.08153820037841797
Scene,Scene_random_full_04_mean,23456,245,0.15084630740078184,0.4058282836295187,0.6260852217674255,0.5314248204231262,0.008145621977746487
Scene,Scene_random_full_04_mean,23456,249,0.05655760795204796,0.3554951612765449,0.802984356880188,0.4322914183139801,0.01125103048980236
Scene,Scene_random_full_04_mean,23456,282,0.19377841626586287,0.3559218879094184,0.6188703775405884,0.5753902792930603,0.39767882227897644
Scene,Scene_random_full_04_mean,23456,289,-0.0557924935878835,0.3295986632854696,0.7856515049934387,0.656445324420929,0.029053308069705963
Scene,Scene_random_full_04_mean,23456,303,0.07684980678657857,0.4569317956442974,0.7415794730186462,0.6889069676399231,0.05488920584321022
Scene,Scene_random_full_04_mean,23456,314,0.03574436631164565,0.19401894576857087,0.8837026357650757,0.43040335178375244,-0.04644929617643356
Scene,Scene_random_full_04_mean,23456,393,-0.12638195163770566,0.3281828109946546,0.6876547336578369,0.8385166525840759,0.22412146627902985
Scene,Scene_random_full_04_mean,23456,412,0.542628621098453,0.5275644620430994,0.6035104393959045,0.5260527729988098,0.02670949324965477
Scene,Scene_random_full_04_mean,23456,442,0.11588951659608394,0.3648054695432119,0.7306414246559143,0.7121761441230774,0.08165805041790009
Scene,Scene_random_full_04_mean,23456,463,0.24081780286300014,0.08815785069564613,0.7052080035209656,0.5107629299163818,0.1118532344698906
Scene,Scene_random_full_04_mean,23456,469,-0.49236717218410325,0.17290993442908162,0.7704046368598938,0.40877217054367065,-0.057891812175512314
Scene,Scene_random_full_04_mean,23456,486,-0.18881744036966988,0.10002769500398864,0.7392594814300537,0.5525915622711182,0.08130710572004318
Scene,Scene_random_full_04_mean,23456,491,0.3602024709848855,0.3207627906492369,0.6258642077445984,0.6346348524093628,0.006826099008321762
Scene,Scene_random_full_04_mean,23456,518,0.3670949615523253,0.5094831807898033,0.6070565581321716,0.6785566210746765,0.2074025571346283
Scene,Scene_random_full_04_mean,23456,523,0.4000098437626965,0.15520669932851117,0.703574538230896,0.44653865694999695,0.08066828548908234
Scene,Scene_random_full_04_mean,23456,545,-0.01725402249534156,0.401869474422065,0.7198324799537659,0.7047210335731506,0.10823481529951096
Scene,Scene_random_full_04_mean,23456,551,-0.010673405821467538,0.07327947851886203,0.7908343076705933,0.4558998942375183,0.008835762739181519
Scene,Scene_random_full_04_mean,23456,568,0.11380297316563044,0.4100246725502019,0.6889947652816772,0.7412229180335999,0.14633725583553314
Scene,Scene_random_full_04_mean,23456,620,-0.25552491481800965,0.21031797951499415,0.766122043132782,0.5822320580482483,0.26071274280548096
Scene,Scene_random_full_04_mean,23456,640,-0.08873007696861643,0.18466478290434277,0.8070545792579651,0.3302745521068573,-0.01633504219353199
Scene,Scene_random_full_04_mean,23456,648,0.352112033620706,0.27092266068932636,0.7304779887199402,0.51899254322052,0.011233745142817497
Scene,Scene_random_full_04_mean,23456,671,-0.14950041969000327,0.3504799067190667,0.5748587846755981,0.8077366948127747,0.39413875341415405
Scene,Scene_random_full_04_mean,23456,755,0.3750209294311909,0.3734749716353546,0.6895416378974915,0.6212130784988403,0.3618493378162384
Scene,Scene_random_full_04_mean,23456,811,-0.07774745892940255,0.23712862794026485,0.7037756443023682,0.574798047542572,0.007483251392841339
Scene,Scene_random_full_04_mean,23456,821,0.27790167862186765,0.2853645034067592,0.6616679430007935,0.4612638056278229,-0.021378612145781517
Scene,Scene_random_full_04_mean,23456,824,-0.1158779776236744,0.10033134759965703,0.8041011095046997,0.5167574286460876,0.10231766104698181
Scene,Scene_random_full_04_mean,23456,841,-0.008968105417126077,0.23182651331962573,0.8065280914306641,0.34394538402557373,0.05564139783382416
Scene,Scene_random_full_04_mean,23456,842,0.12605493904187004,0.22955544187390692,0.71226966381073,0.7632685303688049,0.07153208553791046
Scene,Scene_random_full_04_mean,23456,850,0.08047235546486017,0.3711987831662388,0.732517421245575,0.6595916748046875,0.355092853307724
Scene,Scene_random_full_04_mean,23456,855,0.16220382853536686,0.4446079189090841,0.6844524145126343,0.7495043873786926,-0.010261818766593933
Scene,Scene_random_full_04_mean,23456,872,-0.09085213469753821,0.08522401989630601,0.7605342864990234,0.4014888107776642,-0.002449587918817997
Scene,Scene_random_full_04_mean,23456,873,0.4415851853654902,0.4824730008679905,0.5852878093719482,0.4721733331680298,0.08331622928380966
Scene,Scene_random_full_04_mean,23456,893,0.3992627759029503,0.30163859672135307,0.7242942452430725,0.747662365436554,0.31576812267303467
Scene,Scene_random_full_04_mean,23456,894,-0.022550426323303792,0.23842281136628501,0.7315976023674011,0.5951006412506104,0.08344285935163498
Scene,Scene_random_full_04_mean,23456,918,0.03263278692170041,0.2756989523868901,0.6908571124076843,0.7589274644851685,0.20064032077789307
Scene,Scene_random_full_04_mean,23456,943,0.29306703038156406,0.5619914775534679,0.6899654865264893,0.5668081641197205,0.10018943250179291
Scene,Scene_random_full_04_mean,23456,978,0.6106650989519783,0.5708604982536095,0.5514379143714905,0.7647963762283325,0.4026050269603729
Scene,Scene_random_full_04_mean,23456,999,-0.08996636023131996,0.3231641143715083,0.7058818936347961,0.7122228145599365,0.022601883858442307
Scene,Scene_random_full_05_mean,23456,14,0.3587520113673058,0.47460484101262324,0.6197885274887085,0.5958191156387329,0.1945521980524063
Scene,Scene_random_full_05_mean,23456,15,-0.062600317455156,0.42546946766761284,0.776922881603241,0.7674294710159302,0.15501101315021515
Scene,Scene_random_full_05_mean,23456,36,0.27340307196888436,0.2117023728311495,0.6440763473510742,0.7121392488479614,0.06239503622055054
Scene,Scene_random_full_05_mean,23456,39,-0.493992157299196,0.31312861227120875,0.4731205105781555,0.6533862352371216,0.26141512393951416
Scene,Scene_random_full_05_mean,23456,126,0.04458432161408535,0.3588049128324491,0.6671233773231506,0.8483691811561584,0.21477137506008148
Scene,Scene_random_full_05_mean,23456,132,0.0037295712062470733,0.1127884315154197,0.6632525324821472,0.6426923871040344,0.13054311275482178
Scene,Scene_random_full_05_mean,23456,167,0.14423357884171545,0.12268757757196527,0.704461932182312,0.5889385938644409,0.0762183666229248
Scene,Scene_random_full_05_mean,23456,196,0.05021574149900266,0.34721698184480587,0.7521107196807861,0.6766837239265442,0.024165600538253784
Scene,Scene_random_full_05_mean,23456,199,0.15381561401258326,0.17747406753255776,0.7083219885826111,0.6571701169013977,0.3754110634326935
Scene,Scene_random_full_05_mean,23456,214,0.11564065442812489,0.3591141269925603,0.7141152024269104,0.6413260698318481,0.03016350045800209
Scene,Scene_random_full_05_mean,23456,241,0.12004065775508058,0.2944544949967502,0.750655472278595,0.5363558530807495,0.06092271953821182
Scene,Scene_random_full_05_mean,23456,242,-0.006090527371488406,0.5072492207224579,0.7726202607154846,0.5446575284004211,0.010708319954574108
Scene,Scene_random_full_05_mean,23456,245,0.015468647539210097,0.40102229008994206,0.6520883440971375,0.48769471049308777,0.049330197274684906
Scene,Scene_random_full_05_mean,23456,249,0.0283021973990331,0.36468883927803963,0.807856559753418,0.4499966502189636,0.053492471575737
Scene,Scene_random_full_05_mean,23456,282,0.20693427218972488,0.36941388274724335,0.6129513382911682,0.6174242496490479,0.3320314884185791
Scene,Scene_random_full_05_mean,23456,289,-0.054200477516473,0.3102130354531488,0.7796924710273743,0.6320255994796753,0.017094574868679047
Scene,Scene_random_full_05_mean,23456,303,0.04713862782691148,0.47518890957933235,0.7357038259506226,0.7037162780761719,0.06237952411174774
Scene,Scene_random_full_05_mean,23456,314,0.11969014275687333,0.19837251769065486,0.811307430267334,0.49933701753616333,-0.0007773926481604576
Scene,Scene_random_full_05_mean,23456,393,-0.13556788835537867,0.34470061158084264,0.6974546313285828,0.8497331142425537,0.4131661653518677
Scene,Scene_random_full_05_mean,23456,412,0.5475483734214454,0.5284450136574954,0.5484863519668579,0.47087109088897705,0.07701128721237183
Scene,Scene_random_full_05_mean,23456,442,0.10577484280670241,0.37156344119135415,0.7490262389183044,0.6911702752113342,0.07535386085510254
Scene,Scene_random_full_05_mean,23456,463,0.2636733179905533,0.08424151679057212,0.7676888704299927,0.5976499915122986,0.12003481388092041
Scene,Scene_random_full_05_mean,23456,469,-0.2637511619255036,0.1819520689540057,0.7636923789978027,0.4227832555770874,-0.009979195892810822
Scene,Scene_random_full_05_mean,23456,486,-0.14449991054986583,0.10045167271394385,0.7502827644348145,0.579056978225708,0.1129346415400505
Scene,Scene_random_full_05_mean,23456,491,0.3426153896802294,0.31206767941853975,0.6432816386222839,0.6689401268959045,0.010364919900894165
Scene,Scene_random_full_05_mean,23456,518,0.5150263987212668,0.5672068222593644,0.5289068222045898,0.6219050884246826,0.09745046496391296
Scene,Scene_random_full_05_mean,23456,523,0.38508353903519765,0.1581672391977333,0.688060998916626,0.6426286697387695,0.1242385283112526
Scene,Scene_random_full_05_mean,23456,545,-0.15588472660456745,0.25160055814347543,0.7170065641403198,0.5420149564743042,0.05092576891183853
Scene,Scene_random_full_05_mean,23456,551,0.008870616639110195,0.06418228086706225,0.8200603723526001,0.4575132131576538,-0.002288686577230692
Scene,Scene_random_full_05_mean,23456,568,0.09288017883255899,0.4737239231679446,0.7421879172325134,0.7600957751274109,0.5243538618087769
Scene,Scene_random_full_05_mean,23456,620,-0.30300608131714346,0.23777455027254113,0.790498673915863,0.58058100938797,0.31055811047554016
Scene,Scene_random_full_05_mean,23456,640,-0.11167297100110131,0.11443246733132369,0.6873529553413391,0.48182418942451477,0.026527538895606995
Scene,Scene_random_full_05_mean,23456,648,0.39175905573348924,0.2943571147644096,0.732166051864624,0.6683037877082825,0.1055433601140976
Scene,Scene_random_full_05_mean,23456,671,-0.15499920751142174,0.3532372230648238,0.6186336278915405,0.8375016450881958,0.4126506745815277
Scene,Scene_random_full_05_mean,23456,755,0.4154867400046709,0.42074175677032266,0.6887356638908386,0.5269432067871094,0.16483433544635773
Scene,Scene_random_full_05_mean,23456,811,-0.03369657452378796,0.24601270064191966,0.6798391938209534,0.5185640454292297,0.0012797452509403229
Scene,Scene_random_full_05_mean,23456,821,0.28455096070926045,0.3010009790868222,0.6944718956947327,0.5397173166275024,0.09072770178318024
Scene,Scene_random_full_05_mean,23456,824,-0.14115150170018628,0.08954214608537592,0.7321901321411133,0.5406332015991211,0.03266628086566925
Scene,Scene_random_full_05_mean,23456,841,-0.016533883480440156,0.20709505469080036,0.8467780947685242,0.3355923295021057,0.036640893667936325
Scene,Scene_random_full_05_mean,23456,842,0.2581513339261945,0.25436769851463925,0.6974717974662781,0.7621625661849976,0.08935277909040451
Scene,Scene_random_full_05_mean,23456,850,0.048505492377573366,0.3654716354303117,0.7638286352157593,0.46770647168159485,-0.02725880965590477
Scene,Scene_random_full_05_mean,23456,855,0.1383452513443296,0.48148375898097806,0.7163057923316956,0.6907700300216675,0.05657185986638069
Scene,Scene_random_full_05_mean,23456,872,-0.07303281411366068,0.08311947069726819,0.7568051218986511,0.46385204792022705,0.05086458474397659
Scene,Scene_random_full_05_mean,23456,873,0.4736069323739431,0.4949365127683526,0.5517945289611816,0.5134199857711792,0.14167843759059906
Scene,Scene_random_full_05_mean,23456,893,0.30361542226983695,0.2934770631776661,0.7413961291313171,0.5106114149093628,0.09003535658121109
Scene,Scene_random_full_05_mean,23456,894,0.015443472160568277,0.2788945441789483,0.7460557222366333,0.7905845046043396,0.33675092458724976
Scene,Scene_random_full_05_mean,23456,918,0.05295658334823436,0.2459612694553441,0.675044059753418,0.7875053286552429,0.1547018438577652
Scene,Scene_random_full_05_mean,23456,943,0.2693529982992598,0.5551003487215438,0.7159340381622314,0.517337441444397,0.17927557229995728
Scene,Scene_random_full_05_mean,23456,978,0.6270490129869909,0.5489549553137552,0.6008773446083069,0.5323596596717834,0.04817817732691765
Scene,Scene_random_full_05_mean,23456,999,-0.10058611402612073,0.34904942453113247,0.7441896200180054,0.6629803776741028,0.00534663163125515
Scene,no_mask,23456,14,0.3343923067098191,0.4793325428702501,0.655087947845459,0.45007023215293884,0.07538644224405289
Scene,no_mask,23456,15,-0.121857288667844,0.42159057299390856,0.778836190700531,0.7780036330223083,0.10365459322929382
Scene,no_mask,23456,36,0.276102255329196,0.23206758791576335,0.6126248836517334,0.6708855628967285,0.02156742662191391
Scene,no_mask,23456,39,-0.47044324340659777,0.3285434209153296,0.48402100801467896,0.6306577920913696,0.21750850975513458
Scene,no_mask,23456,126,0.14010391159024074,0.421495344672133,0.6489214897155762,0.8602662682533264,0.3856377601623535
Scene,no_mask,23456,132,0.0048273248235311305,0.10959868596072495,0.635672926902771,0.688029408454895,0.29832038283348083
Scene,no_mask,23456,167,0.06691552863897106,0.11693968814071376,0.7088994979858398,0.6445555090904236,0.27606961131095886
Scene,no_mask,23456,196,0.032416482592526004,0.3488211940740207,0.7706677913665771,0.7043380737304688,0.08174392580986023
Scene,no_mask,23456,199,0.14502208674311795,0.17307124983903005,0.7226812243461609,0.7485586404800415,0.4553203880786896
Scene,no_mask,23456,214,0.12792657868300014,0.37673642372955896,0.7041267156600952,0.6052823066711426,0.09145628660917282
Scene,no_mask,23456,241,0.2698368818821498,0.33680013880717846,0.7214126586914062,0.5472623109817505,0.08687847852706909
Scene,no_mask,23456,242,0.03644468368880794,0.49907262445003286,0.7608157396316528,0.5781328678131104,0.10689855366945267
Scene,no_mask,23456,245,-0.08880286416256826,0.4342672487178009,0.6755828261375427,0.595655620098114,0.0495917908847332
Scene,no_mask,23456,249,0.02583315852094837,0.3743535645879052,0.7992933988571167,0.41481155157089233,0.009025242179632187
Scene,no_mask,23456,282,0.19481729132806794,0.36382110974295623,0.6107159852981567,0.4556821286678314,0.10284233093261719
Scene,no_mask,23456,289,-0.06046647837003465,0.32550386116939545,0.7771056294441223,0.5843499302864075,0.08511083573102951
Scene,no_mask,23456,303,0.09342424887928652,0.48115312115565007,0.7400341033935547,0.7484257221221924,0.04686867818236351
Scene,no_mask,23456,314,0.13996266183401015,0.19892900053733403,0.8107036352157593,0.4521927237510681,-0.026242012158036232
Scene,no_mask,23456,393,-0.06650263937522333,0.35987980162839023,0.68790602684021,0.8175767064094543,0.2010168731212616
Scene,no_mask,23456,412,0.5574916971288751,0.5335314974236702,0.549494743347168,0.49392879009246826,0.10476057231426239
Scene,no_mask,23456,442,0.08338113758316501,0.3715163139384187,0.7263391017913818,0.6914628744125366,0.011443226598203182
Scene,no_mask,23456,463,0.22708940702557776,0.09401851574904316,0.7568784356117249,0.5757009983062744,0.11300966888666153
Scene,no_mask,23456,469,-0.324765573496321,0.21710146453123105,0.7593804597854614,0.46304404735565186,0.005960861220955849
Scene,no_mask,23456,486,-0.17376147906355377,0.10189567626821146,0.7479969263076782,0.5637847781181335,0.056842830032110214
Scene,no_mask,23456,491,0.3664967450191914,0.3282533717955592,0.627242386341095,0.6378249526023865,0.0031527094542980194
Scene,no_mask,23456,518,0.41674611305109466,0.5235205161154529,0.5718395113945007,0.7651863694190979,0.19893711805343628
Scene,no_mask,23456,523,0.38436236702701826,0.1616908649751832,0.6971126794815063,0.5480663776397705,0.11592742800712585
Scene,no_mask,23456,545,-0.03862925903658208,0.38471693166382787,0.7455177307128906,0.7068376541137695,0.07162782549858093
Scene,no_mask,23456,551,-0.023284412437855638,0.07487843055177007,0.7969944477081299,0.47935178875923157,-0.03712562099099159
Scene,no_mask,23456,568,0.1496095670951769,0.4649051175756264,0.694930911064148,0.8144405484199524,0.551353394985199
Scene,no_mask,23456,620,-0.2779717996912015,0.22486257350383979,0.7865769863128662,0.5230374932289124,0.28113284707069397
Scene,no_mask,23456,640,-0.13755214570042082,0.14023366740798054,0.7094775438308716,0.4062846302986145,0.07863476872444153
Scene,no_mask,23456,648,0.45160529674880956,0.28618920891361654,0.7488535046577454,0.49034368991851807,0.001736154779791832
Scene,no_mask,23456,671,-0.1533695901541611,0.3519478977605722,0.6191708445549011,0.7490791082382202,0.33062705397605896
Scene,no_mask,23456,755,0.3968925025390098,0.418125286876471,0.7323104739189148,0.6546165943145752,0.2852691113948822
Scene,no_mask,23456,811,0.006885606440949564,0.25452875275175474,0.7523469924926758,0.5611478090286255,-0.013959928415715694
Scene,no_mask,23456,821,0.3546824126561313,0.2890566442175836,0.6701188683509827,0.43765023350715637,0.04195215180516243
Scene,no_mask,23456,824,-0.10950891799585433,0.09331679763147245,0.7971824407577515,0.44713979959487915,0.032222118228673935
Scene,no_mask,23456,841,0.08781533866318865,0.24380679590043583,0.8403602838516235,0.43671914935112,0.06092875078320503
Scene,no_mask,23456,842,0.1580242540077448,0.24040936942319735,0.7050969004631042,0.7758073210716248,0.09818264096975327
Scene,no_mask,23456,850,0.06852475810575918,0.3729201549585352,0.7328816652297974,0.714592695236206,0.3166550099849701
Scene,no_mask,23456,855,0.18076937742373891,0.49083129430913525,0.7117922306060791,0.6558736562728882,0.0075111608020961285
Scene,no_mask,23456,872,-0.11684610642556242,0.07711285385591723,0.715652585029602,0.5172903537750244,0.02790290303528309
Scene,no_mask,23456,873,0.4586964150692967,0.5145808346873781,0.5739507079124451,0.503475546836853,0.07321871817111969
Scene,no_mask,23456,893,0.4063156898221792,0.2710350708842729,0.6721411347389221,0.7543891072273254,0.34159570932388306
Scene,no_mask,23456,894,-0.019184529524398412,0.2362324057785891,0.7316133975982666,0.5763069987297058,0.10275202989578247
Scene,no_mask,23456,918,0.029928208827679756,0.27896351651879986,0.6713568568229675,0.7571627497673035,0.19958561658859253
Scene,no_mask,23456,943,0.3383118087576867,0.569599149228549,0.7051742076873779,0.6115017533302307,0.14462782442569733
Scene,no_mask,23456,978,0.6139997817931951,0.5841834809092618,0.5653977394104004,0.8675819635391235,0.821709394454956
Scene,no_mask,23456,999,-0.05226904033737206,0.3313020227124965,0.6959894895553589,0.7253957986831665,0.018780674785375595
Scene,no_mask_repeat,23456,14,0.3343923067098191,0.4793325428702501,0.655087947845459,0.45007023215293884,0.07538644224405289
Scene,no_mask_repeat,23456,15,-0.121857288667844,0.42159057299390856,0.778836190700531,0.7780036330223083,0.10365459322929382
Scene,no_mask_repeat,23456,36,0.276102255329196,0.23206758791576335,0.6126248836517334,0.6708855628967285,0.02156742662191391
Scene,no_mask_repeat,23456,39,-0.47044324340659777,0.3285434209153296,0.48402100801467896,0.6306577920913696,0.21750850975513458
Scene,no_mask_repeat,23456,126,0.14010391159024074,0.421495344672133,0.6489214897155762,0.8602662682533264,0.3856377601623535
Scene,no_mask_repeat,23456,132,0.0048273248235311305,0.10959868596072495,0.635672926902771,0.688029408454895,0.29832038283348083
Scene,no_mask_repeat,23456,167,0.06691552863897106,0.11693968814071376,0.7088994979858398,0.6445555090904236,0.27606961131095886
Scene,no_mask_repeat,23456,196,0.032416482592526004,0.3488211940740207,0.7706677913665771,0.7043380737304688,0.08174392580986023
Scene,no_mask_repeat,23456,199,0.14502208674311795,0.17307124983903005,0.7226812243461609,0.7485586404800415,0.4553203880786896
Scene,no_mask_repeat,23456,214,0.12792657868300014,0.37673642372955896,0.7041267156600952,0.6052823066711426,0.09145628660917282
Scene,no_mask_repeat,23456,241,0.2698368818821498,0.33680013880717846,0.7214126586914062,0.5472623109817505,0.08687847852706909
Scene,no_mask_repeat,23456,242,0.03644468368880794,0.49907262445003286,0.7608157396316528,0.5781328678131104,0.10689855366945267
Scene,no_mask_repeat,23456,245,-0.08880286416256826,0.4342672487178009,0.6755828261375427,0.595655620098114,0.0495917908847332
Scene,no_mask_repeat,23456,249,0.02583315852094837,0.3743535645879052,0.7992933988571167,0.41481155157089233,0.009025242179632187
Scene,no_mask_repeat,23456,282,0.19481729132806794,0.36382110974295623,0.6107159852981567,0.4556821286678314,0.10284233093261719
Scene,no_mask_repeat,23456,289,-0.06046647837003465,0.32550386116939545,0.7771056294441223,0.5843499302864075,0.08511083573102951
Scene,no_mask_repeat,23456,303,0.09342424887928652,0.48115312115565007,0.7400341033935547,0.7484257221221924,0.04686867818236351
Scene,no_mask_repeat,23456,314,0.13996266183401015,0.19892900053733403,0.8107036352157593,0.4521927237510681,-0.026242012158036232
Scene,no_mask_repeat,23456,393,-0.06650263937522333,0.35987980162839023,0.68790602684021,0.8175767064094543,0.2010168731212616
Scene,no_mask_repeat,23456,412,0.5574916971288751,0.5335314974236702,0.549494743347168,0.49392879009246826,0.10476057231426239
Scene,no_mask_repeat,23456,442,0.08338113758316501,0.3715163139384187,0.7263391017913818,0.6914628744125366,0.011443226598203182
Scene,no_mask_repeat,23456,463,0.22708940702557776,0.09401851574904316,0.7568784356117249,0.5757009983062744,0.11300966888666153
Scene,no_mask_repeat,23456,469,-0.324765573496321,0.21710146453123105,0.7593804597854614,0.46304404735565186,0.005960861220955849
Scene,no_mask_repeat,23456,486,-0.17376147906355377,0.10189567626821146,0.7479969263076782,0.5637847781181335,0.056842830032110214
Scene,no_mask_repeat,23456,491,0.3664967450191914,0.3282533717955592,0.627242386341095,0.6378249526023865,0.0031527094542980194
Scene,no_mask_repeat,23456,518,0.41674611305109466,0.5235205161154529,0.5718395113945007,0.7651863694190979,0.19893711805343628
Scene,no_mask_repeat,23456,523,0.38436236702701826,0.1616908649751832,0.6971126794815063,0.5480663776397705,0.11592742800712585
Scene,no_mask_repeat,23456,545,-0.03862925903658208,0.38471693166382787,0.7455177307128906,0.7068376541137695,0.07162782549858093
Scene,no_mask_repeat,23456,551,-0.023284412437855638,0.07487843055177007,0.7969944477081299,0.47935178875923157,-0.03712562099099159
Scene,no_mask_repeat,23456,568,0.1496095670951769,0.4649051175756264,0.694930911064148,0.8144405484199524,0.551353394985199
Scene,no_mask_repeat,23456,620,-0.2779717996912015,0.22486257350383979,0.7865769863128662,0.5230374932289124,0.28113284707069397
Scene,no_mask_repeat,23456,640,-0.13755214570042082,0.14023366740798054,0.7094775438308716,0.4062846302986145,0.07863476872444153
Scene,no_mask_repeat,23456,648,0.45160529674880956,0.28618920891361654,0.7488535046577454,0.49034368991851807,0.001736154779791832
Scene,no_mask_repeat,23456,671,-0.1533695901541611,0.3519478977605722,0.6191708445549011,0.7490791082382202,0.33062705397605896
Scene,no_mask_repeat,23456,755,0.3968925025390098,0.418125286876471,0.7323104739189148,0.6546165943145752,0.2852691113948822
Scene,no_mask_repeat,23456,811,0.006885606440949564,0.25452875275175474,0.7523469924926758,0.5611478090286255,-0.013959928415715694
Scene,no_mask_repeat,23456,821,0.3546824126561313,0.2890566442175836,0.6701188683509827,0.43765023350715637,0.04195215180516243
Scene,no_mask_repeat,23456,824,-0.10950891799585433,0.09331679763147245,0.7971824407577515,0.44713979959487915,0.032222118228673935
Scene,no_mask_repeat,23456,841,0.08781533866318865,0.24380679590043583,0.8403602838516235,0.43671914935112,0.06092875078320503
Scene,no_mask_repeat,23456,842,0.1580242540077448,0.24040936942319735,0.7050969004631042,0.7758073210716248,0.09818264096975327
Scene,no_mask_repeat,23456,850,0.06852475810575918,0.3729201549585352,0.7328816652297974,0.714592695236206,0.3166550099849701
Scene,no_mask_repeat,23456,855,0.18076937742373891,0.49083129430913525,0.7117922306060791,0.6558736562728882,0.0075111608020961285
Scene,no_mask_repeat,23456,872,-0.11684610642556242,0.07711285385591723,0.715652585029602,0.5172903537750244,0.02790290303528309
Scene,no_mask_repeat,23456,873,0.4586964150692967,0.5145808346873781,0.5739507079124451,0.503475546836853,0.07321871817111969
Scene,no_mask_repeat,23456,893,0.4063156898221792,0.2710350708842729,0.6721411347389221,0.7543891072273254,0.34159570932388306
Scene,no_mask_repeat,23456,894,-0.019184529524398412,0.2362324057785891,0.7316133975982666,0.5763069987297058,0.10275202989578247
Scene,no_mask_repeat,23456,918,0.029928208827679756,0.27896351651879986,0.6713568568229675,0.7571627497673035,0.19958561658859253
Scene,no_mask_repeat,23456,943,0.3383118087576867,0.569599149228549,0.7051742076873779,0.6115017533302307,0.14462782442569733
Scene,no_mask_repeat,23456,978,0.6139997817931951,0.5841834809092618,0.5653977394104004,0.8675819635391235,0.821709394454956
Scene,no_mask_repeat,23456,999,-0.05226904033737206,0.3313020227124965,0.6959894895553589,0.7253957986831665,0.018780674785375595
Scene,Body_unrelated_equal4_mean,34567,14,0.6892982764225071,0.5676288669048964,0.4964565634727478,0.45719006657600403,0.05892324820160866
Scene,Body_unrelated_equal4_mean,34567,15,0.002040724351124086,0.38105037966121813,0.7708216905593872,0.7915757894515991,0.27977895736694336
Scene,Body_unrelated_equal4_mean,34567,36,0.14468161591605996,0.23960426575377464,0.6688428521156311,0.6962554454803467,0.03909515589475632
Scene,Body_unrelated_equal4_mean,34567,39,-0.26615337606503364,0.32416741429851664,0.5039804577827454,0.7090529799461365,0.2378450632095337
Scene,Body_unrelated_equal4_mean,34567,126,0.15392494568528012,0.42142954761250423,0.6251653432846069,0.7800712585449219,0.3509444296360016
Scene,Body_unrelated_equal4_mean,34567,132,-0.028204253039653945,0.11688712917134415,0.6876225471496582,0.5324594378471375,0.257388174533844
Scene,Body_unrelated_equal4_mean,34567,167,0.246193746730801,0.12215823697313956,0.7275036573410034,0.4996689260005951,0.03132065385580063
Scene,Body_unrelated_equal4_mean,34567,196,-0.0038298205411024335,0.30757826510230196,0.7875765562057495,0.7180741429328918,0.046355441212654114
Scene,Body_unrelated_equal4_mean,34567,199,-0.03083421754034156,0.21377474536105862,0.7888059616088867,0.5560534000396729,0.04345660284161568
Scene,Body_unrelated_equal4_mean,34567,214,0.14410653614085456,0.3466375401074152,0.6885287165641785,0.6225337982177734,0.05693679302930832
Scene,Body_unrelated_equal4_mean,34567,241,-0.0923205159558275,0.20196445272272964,0.7738999128341675,0.44357481598854065,-0.039550185203552246
Scene,Body_unrelated_equal4_mean,34567,242,0.27795965841089953,0.5320812476178027,0.6565201282501221,0.5008130073547363,0.04002281650900841
Scene,Body_unrelated_equal4_mean,34567,245,0.13612985886068193,0.46203574003991377,0.7003400325775146,0.5921329855918884,-0.009673330932855606
Scene,Body_unrelated_equal4_mean,34567,249,-0.1712091376805202,0.35585805092907763,0.8129469752311707,0.41519787907600403,0.0341377854347229
Scene,Body_unrelated_equal4_mean,34567,282,0.1251351960932054,0.31036137408108444,0.644153356552124,0.41095292568206787,0.16530099511146545
Scene,Body_unrelated_equal4_mean,34567,289,0.05278767652029953,0.40878456730879625,0.808777928352356,0.6526415944099426,0.08073316514492035
Scene,Body_unrelated_equal4_mean,34567,303,0.373332480558337,0.503631532269615,0.7354477643966675,0.6903800964355469,0.06501734256744385
Scene,Body_unrelated_equal4_mean,34567,314,-0.37830550319013234,0.16462313925677094,0.8508297204971313,0.6969791650772095,0.23156744241714478
Scene,Body_unrelated_equal4_mean,34567,393,0.11863470916742151,0.3443268960452217,0.7114008665084839,0.7739551067352295,0.4285491108894348
Scene,Body_unrelated_equal4_mean,34567,412,0.45720147626959107,0.5316854987543672,0.6030181050300598,0.428169846534729,0.09801116585731506
Scene,Body_unrelated_equal4_mean,34567,442,0.1815960013133708,0.3250935731976971,0.719854474067688,0.7671465277671814,0.17066988348960876
Scene,Body_unrelated_equal4_mean,34567,463,0.3633719930989375,0.1293549979547087,0.7313461899757385,0.5527753233909607,0.11614280939102173
Scene,Body_unrelated_equal4_mean,34567,469,-0.27711180317304845,0.16936867585233198,0.7778438329696655,0.37189823389053345,-0.03410005569458008
Scene,Body_unrelated_equal4_mean,34567,486,0.07554323380765608,0.1360073419840815,0.8154014348983765,0.5238341689109802,0.03977065160870552
Scene,Body_unrelated_equal4_mean,34567,491,0.3859943403225133,0.3693128662077718,0.617113471031189,0.6989725232124329,0.16705001890659332
Scene,Body_unrelated_equal4_mean,34567,518,0.39484734496168583,0.52148861847581,0.511243462562561,0.7045803666114807,0.3847397267818451
Scene,Body_unrelated_equal4_mean,34567,523,0.3003539138609201,0.13400022232834813,0.6374478340148926,0.5994718074798584,0.14367058873176575
Scene,Body_unrelated_equal4_mean,34567,545,0.13638117033413935,0.4097953932147036,0.680169939994812,0.7818047404289246,0.09382684528827667
Scene,Body_unrelated_equal4_mean,34567,551,0.03490999167887071,0.08763467235718662,0.7352908849716187,0.4553336203098297,0.038249026983976364
Scene,Body_unrelated_equal4_mean,34567,568,0.1766149326442033,0.49242043483639764,0.6753748059272766,0.7536970973014832,0.2562883496284485
Scene,Body_unrelated_equal4_mean,34567,620,0.0855080249115215,0.3338873907422971,0.6930659413337708,0.7747616767883301,0.2888849079608917
Scene,Body_unrelated_equal4_mean,34567,640,-0.046865611987497155,0.19244482356565398,0.7766322493553162,0.6007691025733948,0.08536902070045471
Scene,Body_unrelated_equal4_mean,34567,648,0.390386467939871,0.2493325871696484,0.6892393231391907,0.7755467891693115,0.3535213768482208
Scene,Body_unrelated_equal4_mean,34567,671,-0.1883884820786966,0.3776678368177565,0.6433102488517761,0.7973584532737732,0.4222465753555298
Scene,Body_unrelated_equal4_mean,34567,755,0.06391915519484376,0.2855299056270369,0.7259867191314697,0.7071563601493835,0.41685616970062256
Scene,Body_unrelated_equal4_mean,34567,811,-0.11389723771685886,0.24919087945468424,0.765491783618927,0.6003987193107605,0.11039767414331436
Scene,Body_unrelated_equal4_mean,34567,821,0.09219013440777234,0.3183125817783498,0.7113223075866699,0.466774582862854,0.05777350813150406
Scene,Body_unrelated_equal4_mean,34567,824,-0.14309652168742232,0.1076875498905707,0.8161002993583679,0.5107035636901855,0.1545647531747818
Scene,Body_unrelated_equal4_mean,34567,841,0.21019717660094012,0.2912320761587548,0.8201320767402649,0.3793765902519226,0.03601997345685959
Scene,Body_unrelated_equal4_mean,34567,842,0.2131604905150472,0.30326565883932155,0.7107879519462585,0.7423139214515686,0.0853295773267746
Scene,Body_unrelated_equal4_mean,34567,850,0.04150162419476481,0.27322471701855433,0.7571499347686768,0.561900794506073,0.7009749412536621
Scene,Body_unrelated_equal4_mean,34567,855,0.3150021956124643,0.4443274136497305,0.6749715805053711,0.675277054309845,-0.007087999954819679
Scene,Body_unrelated_equal4_mean,34567,872,-0.05105997538612582,0.08105877069792623,0.7518858313560486,0.6440484523773193,0.23976771533489227
Scene,Body_unrelated_equal4_mean,34567,873,0.4477795453843591,0.5305760151483695,0.5687589049339294,0.3446943163871765,0.015867017209529877
Scene,Body_unrelated_equal4_mean,34567,893,0.13972396435280054,0.22160732362922864,0.7815236449241638,0.35787346959114075,0.06357809901237488
Scene,Body_unrelated_equal4_mean,34567,894,0.0888187568804677,0.36956406061518254,0.7381628155708313,0.5633715391159058,0.022916439920663834
Scene,Body_unrelated_equal4_mean,34567,918,0.0298116071317522,0.27966623648031885,0.6963774561882019,0.7235949635505676,0.30182698369026184
Scene,Body_unrelated_equal4_mean,34567,943,0.08899276545291755,0.4954389901808169,0.698763906955719,0.5332471132278442,0.14942289888858795
Scene,Body_unrelated_equal4_mean,34567,978,0.706091174961393,0.5408833865540673,0.5707855224609375,0.7166399955749512,0.6868816018104553
Scene,Body_unrelated_equal4_mean,34567,999,0.11954117231853456,0.33487699856791436,0.6847963333129883,0.7170891761779785,-0.0043195150792598724
Scene,Scene_equal4_mean,34567,14,0.7432533767702656,0.5825615026594478,0.47635507583618164,0.737304151058197,0.20195937156677246
Scene,Scene_equal4_mean,34567,15,-0.02631049709753623,0.39597658097160315,0.736520528793335,0.8169029355049133,0.13188683986663818
Scene,Scene_equal4_mean,34567,36,0.1402920427834266,0.239616310586813,0.6721919775009155,0.6905096769332886,0.054023582488298416
Scene,Scene_equal4_mean,34567,39,-0.28367192511968314,0.31929969184578383,0.49864834547042847,0.6547664999961853,0.2683188319206238
Scene,Scene_equal4_mean,34567,126,0.2677214609780156,0.4439464412189007,0.6653779745101929,0.7975513339042664,0.3705471456050873
Scene,Scene_equal4_mean,34567,132,-0.02039054827338548,0.11767898567050969,0.6798526048660278,0.5497366786003113,0.2841223478317261
Scene,Scene_equal4_mean,34567,167,0.24554001008725074,0.12747407061573987,0.7390994429588318,0.4553224444389343,0.021406039595603943
Scene,Scene_equal4_mean,34567,196,-0.010977436629867022,0.3087500431725677,0.7784909009933472,0.7272945046424866,0.04111403599381447
Scene,Scene_equal4_mean,34567,199,-0.044072319493497374,0.21546686206306964,0.7898204922676086,0.5248286724090576,0.07600416988134384
Scene,Scene_equal4_mean,34567,214,0.1400272660687122,0.33599069126470854,0.6790517568588257,0.7031962871551514,0.12856411933898926
Scene,Scene_equal4_mean,34567,241,-0.08318514821006062,0.21309552647535063,0.7755961418151855,0.4344061613082886,-0.009396696463227272
Scene,Scene_equal4_mean,34567,242,0.26197343394739253,0.5378274684961991,0.6371645927429199,0.5611040592193604,0.10584035515785217
Scene,Scene_equal4_mean,34567,245,0.13148475379083316,0.4653655290346188,0.6814903616905212,0.5801690816879272,-0.010038948617875576
Scene,Scene_equal4_mean,34567,249,-0.17163818107855855,0.3563895199563656,0.8092551231384277,0.4123096168041229,0.03010818548500538
Scene,Scene_equal4_mean,34567,282,0.12030296379459117,0.2954030396578084,0.6392757296562195,0.5143206119537354,0.11499632149934769
Scene,Scene_equal4_mean,34567,289,0.04811418737904473,0.40726948434408855,0.8127956390380859,0.6556512117385864,-0.0006142826750874519
Scene,Scene_equal4_mean,34567,303,0.37883712768867783,0.4844084456069347,0.7482981085777283,0.7606363892555237,0.029850631952285767
Scene,Scene_equal4_mean,34567,314,-0.37835261627729894,0.16405828545337164,0.8459184765815735,0.6921077370643616,0.2171919196844101
Scene,Scene_equal4_mean,34567,393,0.10944631664258958,0.34193045175220166,0.7093774080276489,0.7677280902862549,0.44975101947784424
Scene,Scene_equal4_mean,34567,412,0.3966836912028544,0.5016956704211263,0.5884953141212463,0.4567837119102478,0.02506365068256855
Scene,Scene_equal4_mean,34567,442,0.20404972498574417,0.32809252334486927,0.7000882625579834,0.8135929107666016,0.18957720696926117
Scene,Scene_equal4_mean,34567,463,0.36240236677151527,0.13099795410384163,0.7346671223640442,0.5468343496322632,0.13087381422519684
Scene,Scene_equal4_mean,34567,469,-0.2867031172735311,0.16955524271114053,0.7738412618637085,0.3589596152305603,-0.04660964757204056
Scene,Scene_equal4_mean,34567,486,0.09341255296971925,0.13779419400767656,0.8039447069168091,0.507175087928772,0.037658967077732086
Scene,Scene_equal4_mean,34567,491,0.3706172197271253,0.3765357311814011,0.6380573511123657,0.6417967677116394,0.09725312143564224
Scene,Scene_equal4_mean,34567,518,0.42776978030377516,0.5187299958067086,0.5113700032234192,0.8003275394439697,0.43261685967445374
Scene,Scene_equal4_mean,34567,523,0.3257006633892832,0.14206091922834105,0.6569494009017944,0.5587913990020752,0.13911420106887817
Scene,Scene_equal4_mean,34567,545,0.10774274123412528,0.40392691381730644,0.6759961843490601,0.7667388916015625,0.08383949100971222
Scene,Scene_equal4_mean,34567,551,0.017173943777868586,0.08901566998443887,0.7316603064537048,0.461380273103714,0.008449969813227654
Scene,Scene_equal4_mean,34567,568,0.18007575216374266,0.4888208204453332,0.6882510185241699,0.7443200945854187,0.28798168897628784
Scene,Scene_equal4_mean,34567,620,0.08367919247855111,0.33403379827556273,0.6994165182113647,0.7850055694580078,0.38550955057144165
Scene,Scene_equal4_mean,34567,640,-0.07840435928520127,0.19386030982462135,0.7517942190170288,0.6590299606323242,0.1756444275379181
Scene,Scene_equal4_mean,34567,648,0.38588512031332933,0.26855767196181723,0.714472770690918,0.7532867193222046,0.3617168664932251
Scene,Scene_equal4_mean,34567,671,-0.19553801257065948,0.3770135490522987,0.6481943130493164,0.7949609160423279,0.4249069392681122
Scene,Scene_equal4_mean,34567,755,0.053636336244183,0.2762604102716821,0.7289237976074219,0.7569822072982788,0.43713119626045227
Scene,Scene_equal4_mean,34567,811,-0.1120406372944784,0.2484404017204792,0.7639288306236267,0.6092784404754639,0.10553544014692307
Scene,Scene_equal4_mean,34567,821,0.12031472984318119,0.3203589599184984,0.7160418629646301,0.46131059527397156,0.013172313570976257
Scene,Scene_equal4_mean,34567,824,-0.14528914611571517,0.09547244970567646,0.7632300853729248,0.5223689079284668,0.0932549387216568
Scene,Scene_equal4_mean,34567,841,0.20122726171810865,0.2950458450436866,0.8139709234237671,0.4050283432006836,0.019404612481594086
Scene,Scene_equal4_mean,34567,842,0.1909600394272066,0.29400251146941636,0.7121855616569519,0.7056101560592651,0.058620866388082504
Scene,Scene_equal4_mean,34567,850,0.04071619286045098,0.27399236313301417,0.7578277587890625,0.5426686406135559,0.6743679046630859
Scene,Scene_equal4_mean,34567,855,0.3091139481821656,0.44259001134678705,0.6626602411270142,0.6877217292785645,-0.012051692232489586
Scene,Scene_equal4_mean,34567,872,-0.12763576062145562,0.09125033615652965,0.773427426815033,0.6505619883537292,0.27668634057044983
Scene,Scene_equal4_mean,34567,873,0.441639341062557,0.5214606353249667,0.5792719721794128,0.35747668147087097,0.01896357163786888
Scene,Scene_equal4_mean,34567,893,0.19054908431241874,0.21227988680157234,0.7577542066574097,0.44331666827201843,0.07255187630653381
Scene,Scene_equal4_mean,34567,894,0.10926394147867732,0.3857862495173852,0.756973147392273,0.6115342378616333,0.06517443805932999
Scene,Scene_equal4_mean,34567,918,0.013529215421292169,0.2755941997383174,0.6722990870475769,0.682209849357605,0.22668901085853577
Scene,Scene_equal4_mean,34567,943,0.09215046572935066,0.4959046708240845,0.6919994950294495,0.5456709861755371,0.16915801167488098
Scene,Scene_equal4_mean,34567,978,0.6831480908727553,0.5460738995553289,0.6244150996208191,0.644550085067749,0.23416033387184143
Scene,Scene_equal4_mean,34567,999,0.13740058427754265,0.34531208685555975,0.7000201940536499,0.6804192662239075,0.033089760690927505
Scene,Scene_full_mean,34567,14,0.6559085731230074,0.5486420257137244,0.5017217397689819,0.45812883973121643,0.055087290704250336
Scene,Scene_full_mean,34567,15,-0.028446309080206927,0.3983695465500815,0.7156824469566345,0.8097778558731079,0.16019216179847717
Scene,Scene_full_mean,34567,36,0.15327446705656744,0.2340205957575647,0.6686217784881592,0.7170036435127258,0.05573321878910065
Scene,Scene_full_mean,34567,39,-0.26934429164053236,0.3274910947422984,0.4882831275463104,0.62319016456604,0.25031378865242004
Scene,Scene_full_mean,34567,126,0.2160177589148724,0.43552489634673375,0.6343778371810913,0.7935286164283752,0.3514089286327362
Scene,Scene_full_mean,34567,132,-0.024742330036063968,0.12496543772772316,0.6652562022209167,0.5717176198959351,0.24031025171279907
Scene,Scene_full_mean,34567,167,0.24903459034663533,0.1246241876718326,0.7344132661819458,0.421903133392334,0.013518882915377617
Scene,Scene_full_mean,34567,196,-0.002803068124493106,0.3121000995439778,0.7729940414428711,0.7119855284690857,0.061788205057382584
Scene,Scene_full_mean,34567,199,-0.05345280535451758,0.21840137534648407,0.8035731315612793,0.5051007270812988,0.08954118937253952
Scene,Scene_full_mean,34567,214,0.10906030994300135,0.35003960866597694,0.7093357443809509,0.6445591449737549,0.0578656867146492
Scene,Scene_full_mean,34567,241,-0.07871544851207933,0.2127310162121291,0.776989221572876,0.4499429166316986,-0.024529382586479187
Scene,Scene_full_mean,34567,242,0.25423129919600623,0.5370865400347777,0.6526105403900146,0.5433111190795898,0.09299112111330032
Scene,Scene_full_mean,34567,245,0.004559819387015974,0.40998350086122787,0.7036648988723755,0.5744060277938843,-0.01105999294668436
Scene,Scene_full_mean,34567,249,-0.17322785001918936,0.34901878747139403,0.8169170022010803,0.4366256594657898,0.03799846023321152
Scene,Scene_full_mean,34567,282,0.12975601996895467,0.2974014445679769,0.638401210308075,0.5549145936965942,0.291410893201828
Scene,Scene_full_mean,34567,289,0.06103479039223858,0.41006854459037334,0.8215639591217041,0.6350252032279968,0.06479399651288986
Scene,Scene_full_mean,34567,303,0.4157073803143242,0.5105084716628134,0.7167954444885254,0.6804999709129333,0.07012700289487839
Scene,Scene_full_mean,34567,314,-0.4140978751033478,0.12230922023773957,0.867907702922821,0.48277750611305237,0.052969999611377716
Scene,Scene_full_mean,34567,393,0.1263186901545915,0.34982210363722005,0.709251880645752,0.7570774555206299,0.41345396637916565
Scene,Scene_full_mean,34567,412,0.37377754258130114,0.4944966659364317,0.5965114235877991,0.4413357377052307,0.07568125426769257
Scene,Scene_full_mean,34567,442,0.24155513172900558,0.34307435686817844,0.7095692157745361,0.7042038440704346,0.04375442862510681
Scene,Scene_full_mean,34567,463,0.30463501863912795,0.12161636858682967,0.7240704298019409,0.523409903049469,0.10625156760215759
Scene,Scene_full_mean,34567,469,-0.2869313345804288,0.16204671859791245,0.783811628818512,0.42702579498291016,-0.03621761500835419
Scene,Scene_full_mean,34567,486,0.07267221131807468,0.1404022488150682,0.8088986277580261,0.541134774684906,0.04477337375283241
Scene,Scene_full_mean,34567,491,0.38656660643331375,0.36488083448493186,0.6604538559913635,0.645517110824585,0.1336580067873001
Scene,Scene_full_mean,34567,518,0.4249700536623176,0.5205453466376924,0.5091789960861206,0.7932459712028503,0.42069658637046814
Scene,Scene_full_mean,34567,523,0.33013649806097856,0.14640111060668531,0.6486325860023499,0.567746639251709,0.13178089261054993
Scene,Scene_full_mean,34567,545,0.18986569162717148,0.25101504572191663,0.67582106590271,0.46257513761520386,0.07727081328630447
Scene,Scene_full_mean,34567,551,0.025952682997845176,0.08572891261723335,0.7417410016059875,0.43996724486351013,0.03235602378845215
Scene,Scene_full_mean,34567,568,0.17993055208242076,0.4867780595164979,0.6906682252883911,0.6971916556358337,0.24538734555244446
Scene,Scene_full_mean,34567,620,0.18806111740701453,0.32891989908902586,0.7004220485687256,0.7106320858001709,0.3071024417877197
Scene,Scene_full_mean,34567,640,-0.03669656752708881,0.19792112242067716,0.7787396907806396,0.6863244771957397,0.28042706847190857
Scene,Scene_full_mean,34567,648,0.3961390768906084,0.27109280788322554,0.6818316578865051,0.7486075162887573,0.5283288359642029
Scene,Scene_full_mean,34567,671,-0.2110054792085437,0.37899986113047107,0.656352162361145,0.7936654686927795,0.3933255970478058
Scene,Scene_full_mean,34567,755,0.11592675845863146,0.2907190377445746,0.7313216924667358,0.7745409607887268,0.5214927196502686
Scene,Scene_full_mean,34567,811,-0.09654436715354978,0.2516142900990918,0.7623279094696045,0.606238067150116,0.11631912738084793
Scene,Scene_full_mean,34567,821,0.21549745223507857,0.3195161602268382,0.6797987818717957,0.44998615980148315,0.011023268103599548
Scene,Scene_full_mean,34567,824,-0.06964688355529555,0.08950555063719813,0.7604973912239075,0.5248565077781677,-0.016237977892160416
Scene,Scene_full_mean,34567,841,0.2496041660253082,0.2906412181777684,0.8198074698448181,0.39925417304039,0.0034056641161441803
Scene,Scene_full_mean,34567,842,0.19547248332105444,0.3049148635311727,0.725299060344696,0.7144458889961243,0.04624683037400246
Scene,Scene_full_mean,34567,850,0.03021038160348629,0.2568264150911158,0.726090133190155,0.6433061361312866,0.6758190989494324
Scene,Scene_full_mean,34567,855,0.2232133089314687,0.4168750698607184,0.683705747127533,0.6826305985450745,0.03794146701693535
Scene,Scene_full_mean,34567,872,-0.07608168968570941,0.08281679787932704,0.7442876100540161,0.6992751359939575,0.281402587890625
Scene,Scene_full_mean,34567,873,0.42684908769435354,0.5204710464942834,0.5871900320053101,0.33769866824150085,0.07286106795072556
Scene,Scene_full_mean,34567,893,0.19943603939827484,0.22206719229899982,0.7609833478927612,0.42898809909820557,0.016487304121255875
Scene,Scene_full_mean,34567,894,0.08964131889149085,0.37540525942375663,0.7540276050567627,0.6121813654899597,0.05634577199816704
Scene,Scene_full_mean,34567,918,0.021884132950306695,0.27259650057763996,0.6806173324584961,0.7114087343215942,0.2232450246810913
Scene,Scene_full_mean,34567,943,0.09068586134258964,0.4958905263490378,0.6968891024589539,0.5071538686752319,0.1526593714952469
Scene,Scene_full_mean,34567,978,0.6773888157001396,0.5333083092837969,0.613961398601532,0.548717737197876,0.125748872756958
Scene,Scene_full_mean,34567,999,0.12232803404407154,0.33640826534509605,0.6635275483131409,0.7093295454978943,0.033537596464157104
Scene,Scene_random_equal4_01_mean,34567,14,0.7562369386868854,0.580823782861731,0.48014721274375916,0.7592814564704895,0.318773090839386
Scene,Scene_random_equal4_01_mean,34567,15,-0.043019496387924044,0.39824935684243323,0.7365620732307434,0.8092275857925415,0.20280134677886963
Scene,Scene_random_equal4_01_mean,34567,36,0.14719260117052724,0.23860331864968765,0.6653279662132263,0.7096104621887207,0.06170850619673729
Scene,Scene_random_equal4_01_mean,34567,39,-0.2761400941953903,0.3203611813448735,0.4828585088253021,0.6743643879890442,0.39737802743911743
Scene,Scene_random_equal4_01_mean,34567,126,0.26541294319841613,0.43576848218928693,0.652103841304779,0.7909287214279175,0.41438302397727966
Scene,Scene_random_equal4_01_mean,34567,132,-0.04420427900286813,0.12104474159832067,0.6734331250190735,0.5770556330680847,0.24039143323898315
Scene,Scene_random_equal4_01_mean,34567,167,0.20878863262216357,0.12064709281991691,0.7147283554077148,0.4529294967651367,0.03019174560904503
Scene,Scene_random_equal4_01_mean,34567,196,-0.015572842706616841,0.30904585935093737,0.7893322706222534,0.717307984828949,0.0684594064950943
Scene,Scene_random_equal4_01_mean,34567,199,-0.05400318076452807,0.21752980646826975,0.7943778038024902,0.5157829523086548,0.06898880749940872
Scene,Scene_random_equal4_01_mean,34567,214,0.11299881370782967,0.3445587515406423,0.6628657579421997,0.6858075857162476,0.11749288439750671
Scene,Scene_random_equal4_01_mean,34567,241,-0.08635270825371666,0.2111549186962981,0.7772971987724304,0.44387704133987427,0.00117886858060956
Scene,Scene_random_equal4_01_mean,34567,242,0.2694522163215501,0.5314766788711806,0.6548596620559692,0.5382032990455627,0.1291741281747818
Scene,Scene_random_equal4_01_mean,34567,245,0.12773473343464367,0.46337893759664,0.6847202181816101,0.5968994498252869,0.027416404336690903
Scene,Scene_random_equal4_01_mean,34567,249,-0.15569011858141205,0.35163562046671293,0.7954559326171875,0.4190593659877777,0.052320316433906555
Scene,Scene_random_equal4_01_mean,34567,282,0.1206635660327346,0.30830619035681456,0.6292375326156616,0.5002350211143494,0.13469038903713226
Scene,Scene_random_equal4_01_mean,34567,289,0.071773569291702,0.41011876236728834,0.8102984428405762,0.676486074924469,0.032775960862636566
Scene,Scene_random_equal4_01_mean,34567,303,0.4008867829571704,0.503626911806711,0.71809321641922,0.7381591796875,0.07585187256336212
Scene,Scene_random_equal4_01_mean,34567,314,-0.3814441177761607,0.16556189920571707,0.852297306060791,0.6918227076530457,0.21124303340911865
Scene,Scene_random_equal4_01_mean,34567,393,0.10225304190007078,0.34109788455035656,0.7148137092590332,0.7475319504737854,0.45185917615890503
Scene,Scene_random_equal4_01_mean,34567,412,0.40048296011894896,0.5095508587009608,0.5822731852531433,0.3961831033229828,0.07434289902448654
Scene,Scene_random_equal4_01_mean,34567,442,0.27942693525108475,0.3419110405604111,0.6959899663925171,0.7627915740013123,0.1626323014497757
Scene,Scene_random_equal4_01_mean,34567,463,0.3692685549148152,0.1338678081815426,0.7331752777099609,0.5726351737976074,0.11664781719446182
Scene,Scene_random_equal4_01_mean,34567,469,-0.29570090279546396,0.16051643683095976,0.7944963574409485,0.40669864416122437,-0.012560594826936722
Scene,Scene_random_equal4_01_mean,34567,486,0.09200011506831274,0.1368842314867139,0.8047307133674622,0.53143310546875,0.02467745915055275
Scene,Scene_random_equal4_01_mean,34567,491,0.37242063632191963,0.3756719301823715,0.6375021934509277,0.6335028409957886,0.10455623269081116
Scene,Scene_random_equal4_01_mean,34567,518,0.35001593263525477,0.38849148515669746,0.5997176170349121,0.7720835208892822,0.5296081900596619
Scene,Scene_random_equal4_01_mean,34567,523,0.3211024458900512,0.13981771215951627,0.6344379782676697,0.6039106249809265,0.18546162545681
Scene,Scene_random_equal4_01_mean,34567,545,0.12770706633122544,0.41219392701515933,0.6744548082351685,0.72847580909729,0.07925612479448318
Scene,Scene_random_equal4_01_mean,34567,551,0.010991411602503182,0.08739039014691415,0.735366702079773,0.4277137219905853,0.01654868572950363
Scene,Scene_random_equal4_01_mean,34567,568,0.17263670313771537,0.48457782111662384,0.6763152480125427,0.7603524923324585,0.23108039796352386
Scene,Scene_random_equal4_01_mean,34567,620,0.08407544572056219,0.35295134679064893,0.6921558380126953,0.7198802828788757,0.3171175718307495
Scene,Scene_random_equal4_01_mean,34567,640,-0.057415738373832764,0.19332784037616396,0.7781776189804077,0.7444286942481995,0.4956820011138916
Scene,Scene_random_equal4_01_mean,34567,648,0.37211746934347906,0.26934026960328555,0.6964912414550781,0.749129056930542,0.37616485357284546
Scene,Scene_random_equal4_01_mean,34567,671,-0.17564467043430237,0.37810034386077296,0.6345691084861755,0.7960169911384583,0.3846781849861145
Scene,Scene_random_equal4_01_mean,34567,755,0.05880058445803778,0.2717233601313381,0.7277027368545532,0.7745728492736816,0.45660701394081116
Scene,Scene_random_equal4_01_mean,34567,811,-0.11475752967478976,0.24712349706000467,0.7611171007156372,0.6013727784156799,0.06563825905323029
Scene,Scene_random_equal4_01_mean,34567,821,0.11427882725760709,0.32077227789573864,0.740550696849823,0.4942660629749298,0.08287006616592407
Scene,Scene_random_equal4_01_mean,34567,824,-0.12336031669045859,0.1039683809801915,0.8139123916625977,0.5154601335525513,0.12260390818119049
Scene,Scene_random_equal4_01_mean,34567,841,0.19064605475193927,0.28990899506220286,0.8063737750053406,0.411965548992157,0.026846792548894882
Scene,Scene_random_equal4_01_mean,34567,842,0.22834557591166849,0.2876231960178291,0.6998283863067627,0.7272810935974121,0.08406493067741394
Scene,Scene_random_equal4_01_mean,34567,850,0.04880302715564532,0.2711069961835684,0.760327160358429,0.5549513101577759,0.6574908494949341
Scene,Scene_random_equal4_01_mean,34567,855,0.263607947431469,0.4504795373433351,0.7060157656669617,0.7096588015556335,0.01236136443912983
Scene,Scene_random_equal4_01_mean,34567,872,-0.08487581256876761,0.08918307558623702,0.7714301943778992,0.6542420983314514,0.1968083679676056
Scene,Scene_random_equal4_01_mean,34567,873,0.48032329937603446,0.5180623980243815,0.5688709616661072,0.33787816762924194,0.04429958760738373
Scene,Scene_random_equal4_01_mean,34567,893,0.0663949444584271,0.20426868306682708,0.7875754237174988,0.38723915815353394,0.056275106966495514
Scene,Scene_random_equal4_01_mean,34567,894,0.1376222057991696,0.39728250827122913,0.7464412450790405,0.5773146748542786,0.05461065471172333
Scene,Scene_random_equal4_01_mean,34567,918,0.04168099715057966,0.28591489044077495,0.6771970987319946,0.6766008138656616,0.2971172332763672
Scene,Scene_random_equal4_01_mean,34567,943,0.08620728305863877,0.4945212364008705,0.699813723564148,0.5300794839859009,0.15363267064094543
Scene,Scene_random_equal4_01_mean,34567,978,0.6902434308038354,0.552298519061858,0.6219426989555359,0.6669117212295532,0.2761562168598175
Scene,Scene_random_equal4_01_mean,34567,999,0.13510876261260543,0.3508157591823808,0.7019535303115845,0.6812176704406738,0.004529787227511406
Scene,Scene_random_equal4_02_mean,34567,14,0.7158353327838085,0.5586594063476895,0.5011404156684875,0.5154754519462585,0.10889820009469986
Scene,Scene_random_equal4_02_mean,34567,15,-0.02676803914273837,0.39620933251563156,0.7440502047538757,0.8277328014373779,0.14819902181625366
Scene,Scene_random_equal4_02_mean,34567,36,0.1404622972545914,0.24195594474275356,0.6761398911476135,0.6733260750770569,0.0516524538397789
Scene,Scene_random_equal4_02_mean,34567,39,-0.28573245746668613,0.319070291442855,0.49083930253982544,0.6543611884117126,0.2901552617549896
Scene,Scene_random_equal4_02_mean,34567,126,0.1662123804356292,0.4279038283128989,0.6339293122291565,0.7995169758796692,0.3367752730846405
Scene,Scene_random_equal4_02_mean,34567,132,-0.022879740069880493,0.11771873921106434,0.6854375600814819,0.5672054290771484,0.2824285626411438
Scene,Scene_random_equal4_02_mean,34567,167,0.24698649478825,0.1271119245612342,0.7269636392593384,0.4635111689567566,0.039887119084596634
Scene,Scene_random_equal4_02_mean,34567,196,-0.007647580001842715,0.3176794366470057,0.7529708743095398,0.7168617248535156,0.009881602600216866
Scene,Scene_random_equal4_02_mean,34567,199,-0.04151858480140097,0.21511549756234033,0.7880831956863403,0.5282480716705322,0.07678414136171341
Scene,Scene_random_equal4_02_mean,34567,214,0.13246703677959915,0.337517235163632,0.6692860722541809,0.7032651305198669,0.1410253345966339
Scene,Scene_random_equal4_02_mean,34567,241,-0.09447217005532124,0.2100000929248363,0.7799405455589294,0.4425387382507324,-0.010602358728647232
Scene,Scene_random_equal4_02_mean,34567,242,0.2774730435142045,0.5318621000468083,0.6466310024261475,0.5071908235549927,0.07995114475488663
Scene,Scene_random_equal4_02_mean,34567,245,0.130931902582138,0.46504151400322946,0.6993874311447144,0.5914802551269531,-0.015340824611485004
Scene,Scene_random_equal4_02_mean,34567,249,-0.1675848646360971,0.35719278395783793,0.8127849102020264,0.41533535718917847,0.02575712464749813
Scene,Scene_random_equal4_02_mean,34567,282,0.12651846855275944,0.3118617864031238,0.6353243589401245,0.6185901761054993,0.4393072724342346
Scene,Scene_random_equal4_02_mean,34567,289,0.07983916897811935,0.40692542418134525,0.7922515869140625,0.673807680606842,0.006852318532764912
Scene,Scene_random_equal4_02_mean,34567,303,0.3772928176996809,0.5020217367850102,0.7296391129493713,0.6542962193489075,0.05312215909361839
Scene,Scene_random_equal4_02_mean,34567,314,-0.373226106364484,0.16643032557373835,0.8427525758743286,0.6881605386734009,0.19729387760162354
Scene,Scene_random_equal4_02_mean,34567,393,0.10801669981055559,0.3490837291796558,0.7053791284561157,0.6955673098564148,0.48506128787994385
Scene,Scene_random_equal4_02_mean,34567,412,0.394203244187931,0.501752482577461,0.5888758301734924,0.43908751010894775,0.023858005180954933
Scene,Scene_random_equal4_02_mean,34567,442,0.2271802520909567,0.31816459606060743,0.7103339433670044,0.8318281173706055,0.16963811218738556
Scene,Scene_random_equal4_02_mean,34567,463,0.361618906048177,0.13245609051095492,0.7309345602989197,0.5598123669624329,0.10300812125205994
Scene,Scene_random_equal4_02_mean,34567,469,-0.279347529347128,0.16776980782048476,0.7771804332733154,0.37721318006515503,-0.04929818585515022
Scene,Scene_random_equal4_02_mean,34567,486,0.08866015139614744,0.14187742530184713,0.8088169097900391,0.5236201882362366,0.04906158149242401
Scene,Scene_random_equal4_02_mean,34567,491,0.3758901844189098,0.3791952558720242,0.6366528272628784,0.7146755456924438,0.12665726244449615
Scene,Scene_random_equal4_02_mean,34567,518,0.4283861975074689,0.5195860310592544,0.5136816501617432,0.786150336265564,0.4320216774940491
Scene,Scene_random_equal4_02_mean,34567,523,0.3103647893879403,0.13828107108008345,0.6574252843856812,0.5660161375999451,0.13198693096637726
Scene,Scene_random_equal4_02_mean,34567,545,0.1587285622087964,0.4228907130587233,0.7264589071273804,0.7285311222076416,0.06727099418640137
Scene,Scene_random_equal4_02_mean,34567,551,0.016512527382491964,0.08886760292214113,0.7294676899909973,0.46535253524780273,0.011944398283958435
Scene,Scene_random_equal4_02_mean,34567,568,0.16300773250634243,0.48960739194132136,0.6792675256729126,0.6434938311576843,0.282556414604187
Scene,Scene_random_equal4_02_mean,34567,620,0.06513644929926118,0.32723597360472007,0.6926202774047852,0.7716377973556519,0.34961816668510437
Scene,Scene_random_equal4_02_mean,34567,640,-0.05686968213080876,0.19538028721387393,0.7487483024597168,0.683160662651062,0.09010094404220581
Scene,Scene_random_equal4_02_mean,34567,648,0.3838856190348209,0.2647185468340535,0.7057803273200989,0.7805739045143127,0.3673233687877655
Scene,Scene_random_equal4_02_mean,34567,671,-0.21724675873515953,0.37057442767885906,0.6107542514801025,0.7710859775543213,0.4108373820781708
Scene,Scene_random_equal4_02_mean,34567,755,0.045352976884335545,0.28083563749182955,0.7250595092773438,0.7496095895767212,0.4387872815132141
Scene,Scene_random_equal4_02_mean,34567,811,-0.11155990860408889,0.25121200492676476,0.7657474279403687,0.6112477779388428,0.10887034237384796
Scene,Scene_random_equal4_02_mean,34567,821,0.11229197976821652,0.31952979308584056,0.719802737236023,0.46075743436813354,0.01666431687772274
Scene,Scene_random_equal4_02_mean,34567,824,-0.12373442278616348,0.10476501599308001,0.8104537129402161,0.5389354825019836,0.12009821087121964
Scene,Scene_random_equal4_02_mean,34567,841,0.19631917931272033,0.27645858254782996,0.7924449443817139,0.4060279428958893,0.06592673063278198
Scene,Scene_random_equal4_02_mean,34567,842,0.20790140650519087,0.27541187195515265,0.6902281641960144,0.7300368547439575,0.046562887728214264
Scene,Scene_random_equal4_02_mean,34567,850,0.04005789885943746,0.27479373455286277,0.7541690468788147,0.5512183308601379,0.6886542439460754
Scene,Scene_random_equal4_02_mean,34567,855,0.2942421117969327,0.4322438952988982,0.685291051864624,0.7146982550621033,-0.00899281445890665
Scene,Scene_random_equal4_02_mean,34567,872,-0.10544542048657883,0.08309419177081412,0.7664915323257446,0.7097727656364441,0.24104207754135132
Scene,Scene_random_equal4_02_mean,34567,873,0.44722822643902754,0.5196693896004101,0.575027585029602,0.34546005725860596,0.0256134532392025
Scene,Scene_random_equal4_02_mean,34567,893,0.14644821125052834,0.2309218522302872,0.78602135181427,0.409061998128891,0.08430807292461395
Scene,Scene_random_equal4_02_mean,34567,894,0.12157274192219089,0.37739072115704797,0.7479602694511414,0.615531325340271,0.0599634125828743
Scene,Scene_random_equal4_02_mean,34567,918,0.003538074759463601,0.28175175408540315,0.6929132342338562,0.7112918496131897,0.21372979879379272
Scene,Scene_random_equal4_02_mean,34567,943,0.08869537616348386,0.4964420460637682,0.6943642497062683,0.5241061449050903,0.15273045003414154
Scene,Scene_random_equal4_02_mean,34567,978,0.6834032713402294,0.5444060607672936,0.6211875081062317,0.6571834683418274,0.5959787964820862
Scene,Scene_random_equal4_02_mean,34567,999,0.1365396904027747,0.3443814954640252,0.7035019397735596,0.7064337730407715,0.03774632140994072
Scene,Scene_random_equal4_03_mean,34567,14,0.7172150482760937,0.5549200759769668,0.5025694370269775,0.5421903729438782,0.1507817655801773
Scene,Scene_random_equal4_03_mean,34567,15,-0.032105026072397146,0.3968213005257773,0.7305330634117126,0.7985072731971741,0.21647171676158905
Scene,Scene_random_equal4_03_mean,34567,36,0.1431151429344243,0.2412814965736795,0.6761962175369263,0.6947715282440186,0.06637097895145416
Scene,Scene_random_equal4_03_mean,34567,39,-0.2820005333812245,0.32029334438215357,0.4995177984237671,0.6509184241294861,0.2608015537261963
Scene,Scene_random_equal4_03_mean,34567,126,0.26464256720397433,0.435899939948199,0.6613255739212036,0.7533789277076721,0.351948082447052
Scene,Scene_random_equal4_03_mean,34567,132,-0.028761579862469848,0.11665191572309203,0.6785930395126343,0.525017261505127,0.2280541956424713
Scene,Scene_random_equal4_03_mean,34567,167,0.24320083478329244,0.12471653736076561,0.7398748993873596,0.486164391040802,0.021868664771318436
Scene,Scene_random_equal4_03_mean,34567,196,-0.012665918316729924,0.31362555494744027,0.7890726327896118,0.7154732942581177,0.06147616356611252
Scene,Scene_random_equal4_03_mean,34567,199,-0.04193411079992349,0.21677025012899662,0.7906409502029419,0.5138434767723083,0.08667819201946259
Scene,Scene_random_equal4_03_mean,34567,214,0.13483929348502718,0.3402366769991722,0.674077033996582,0.6945195198059082,0.1005735844373703
Scene,Scene_random_equal4_03_mean,34567,241,-0.08703196030920977,0.21824301538068364,0.7820836305618286,0.4185633957386017,0.01048894040286541
Scene,Scene_random_equal4_03_mean,34567,242,0.2640572066190364,0.5354153911124028,0.642418622970581,0.5219144225120544,0.09528079628944397
Scene,Scene_random_equal4_03_mean,34567,245,0.12099069961341367,0.46059631738568874,0.705532431602478,0.601864218711853,0.006836600136011839
Scene,Scene_random_equal4_03_mean,34567,249,-0.17061317516483393,0.35608541368115687,0.814647376537323,0.4134255349636078,0.02807047963142395
Scene,Scene_random_equal4_03_mean,34567,282,0.1312151717576909,0.3048331183397495,0.634157121181488,0.45471882820129395,0.10953518748283386
Scene,Scene_random_equal4_03_mean,34567,289,0.03827828598966889,0.412347265064534,0.8103139996528625,0.6851632595062256,0.0416843555867672
Scene,Scene_random_equal4_03_mean,34567,303,0.3672533189304148,0.49554400575346524,0.7699047327041626,0.6874761581420898,0.032033272087574005
Scene,Scene_random_equal4_03_mean,34567,314,-0.34290571587306906,0.17712929139618167,0.7996112108230591,0.5951602458953857,0.17703908681869507
Scene,Scene_random_equal4_03_mean,34567,393,0.10934077182700518,0.33812460231799546,0.7041820287704468,0.7787431478500366,0.46784859895706177
Scene,Scene_random_equal4_03_mean,34567,412,0.3978056393419102,0.5031632556357849,0.5875465869903564,0.430976003408432,0.02713703364133835
Scene,Scene_random_equal4_03_mean,34567,442,0.1957667925366892,0.3229108905026258,0.7039406299591064,0.8263050317764282,0.18296106159687042
Scene,Scene_random_equal4_03_mean,34567,463,0.36489081036179316,0.13258717257776806,0.7301816344261169,0.5453094840049744,0.10079340636730194
Scene,Scene_random_equal4_03_mean,34567,469,-0.292971464266258,0.1689774540061479,0.7727071046829224,0.4167494475841522,-0.049550529569387436
Scene,Scene_random_equal4_03_mean,34567,486,0.08554726411304735,0.1364754360802291,0.8117887377738953,0.5339959263801575,0.0379352830350399
Scene,Scene_random_equal4_03_mean,34567,491,0.3661866420204359,0.37709207017199065,0.6393705606460571,0.668958842754364,0.07870397716760635
Scene,Scene_random_equal4_03_mean,34567,518,0.43000948598859134,0.5247283883920575,0.5087658166885376,0.7641892433166504,0.40443846583366394
Scene,Scene_random_equal4_03_mean,34567,523,0.33265999598096585,0.14548749221167104,0.6415880918502808,0.5760898590087891,0.13666442036628723
Scene,Scene_random_equal4_03_mean,34567,545,0.13218373955051693,0.40815133102883744,0.675699770450592,0.7367066740989685,0.07652245461940765
Scene,Scene_random_equal4_03_mean,34567,551,0.013982174807750741,0.08684495673869018,0.731277346611023,0.4342593848705292,0.0015191116835922003
Scene,Scene_random_equal4_03_mean,34567,568,0.16773203317246613,0.47944654740406173,0.6820999979972839,0.6700072884559631,0.29695406556129456
Scene,Scene_random_equal4_03_mean,34567,620,0.04759832262342677,0.36136840521117053,0.7030461430549622,0.7531429529190063,0.29353171586990356
Scene,Scene_random_equal4_03_mean,34567,640,-0.062010348757980255,0.2002465128779809,0.7670521140098572,0.6144890785217285,0.11747674643993378
Scene,Scene_random_equal4_03_mean,34567,648,0.39441829488302593,0.26503866211943694,0.7135865688323975,0.7295408844947815,0.4566017687320709
Scene,Scene_random_equal4_03_mean,34567,671,-0.19091758691167854,0.3789488727470973,0.6486089825630188,0.8084934949874878,0.434810608625412
Scene,Scene_random_equal4_03_mean,34567,755,0.03892039121465284,0.2674496919064921,0.7330121397972107,0.7649381160736084,0.44663259387016296
Scene,Scene_random_equal4_03_mean,34567,811,-0.11034125377222767,0.2500444394668258,0.7597464323043823,0.5943905711174011,0.10725961625576019
Scene,Scene_random_equal4_03_mean,34567,821,0.10119206341797655,0.3190104048518665,0.7049025297164917,0.48486584424972534,0.007832374423742294
Scene,Scene_random_equal4_03_mean,34567,824,-0.12462397267816223,0.10489723590731533,0.8216016888618469,0.5065163969993591,0.11375488340854645
Scene,Scene_random_equal4_03_mean,34567,841,0.2624844049504076,0.3032720465537581,0.8107209801673889,0.3638664484024048,0.020239531993865967
Scene,Scene_random_equal4_03_mean,34567,842,0.17778908608726451,0.2909315727800357,0.7007797956466675,0.6566680073738098,0.0642734095454216
Scene,Scene_random_equal4_03_mean,34567,850,0.040180454171867455,0.2715858329054412,0.7582020163536072,0.5644088387489319,0.7152153849601746
Scene,Scene_random_equal4_03_mean,34567,855,0.30049455396796865,0.44352912363643465,0.6818803548812866,0.7242579460144043,-0.015499422326683998
Scene,Scene_random_equal4_03_mean,34567,872,-0.030822675314470284,0.08086354111526575,0.7592605352401733,0.6634616255760193,0.10935523360967636
Scene,Scene_random_equal4_03_mean,34567,873,0.4403931283272579,0.522961068174284,0.5643130540847778,0.3570992648601532,0.0805121660232544
Scene,Scene_random_equal4_03_mean,34567,893,0.1273921846312194,0.21496990145743436,0.8007013201713562,0.3645017445087433,0.1050388365983963
Scene,Scene_random_equal4_03_mean,34567,894,0.09588685863994799,0.37233352878024434,0.7566849589347839,0.5950914621353149,0.042125266045331955
Scene,Scene_random_equal4_03_mean,34567,918,0.009875854296537563,0.2746357038151999,0.6720143556594849,0.7023017406463623,0.21793463826179504
Scene,Scene_random_equal4_03_mean,34567,943,0.08896275605103755,0.4960924123163904,0.694597601890564,0.5225500464439392,0.15460821986198425
Scene,Scene_random_equal4_03_mean,34567,978,0.6832888957342842,0.5467441479533286,0.6322680711746216,0.7210832834243774,0.6442362070083618
Scene,Scene_random_equal4_03_mean,34567,999,0.13353706231765722,0.34639435087737064,0.6981039643287659,0.6768370270729065,0.026794852688908577
Scene,Scene_random_equal4_04_mean,34567,14,0.7542418065905637,0.5806671595912758,0.4818561375141144,0.7534952163696289,0.31653428077697754
Scene,Scene_random_equal4_04_mean,34567,15,-0.04248046873963557,0.39914920102300017,0.7386606335639954,0.8184921145439148,0.2054242193698883
Scene,Scene_random_equal4_04_mean,34567,36,0.146624310053581,0.2387150647632036,0.6637568473815918,0.7069129347801208,0.06049594283103943
Scene,Scene_random_equal4_04_mean,34567,39,-0.2759000462657566,0.32049744865532237,0.48439133167266846,0.6612086892127991,0.3248614966869354
Scene,Scene_random_equal4_04_mean,34567,126,0.26611718669130585,0.43679482614133763,0.6531582474708557,0.7812104225158691,0.4131683111190796
Scene,Scene_random_equal4_04_mean,34567,132,-0.04575562392498835,0.11963904702673613,0.673226535320282,0.533284068107605,0.1937582641839981
Scene,Scene_random_equal4_04_mean,34567,167,0.21028854535256467,0.12147142212188246,0.7164214253425598,0.45618629455566406,0.0243351012468338
Scene,Scene_random_equal4_04_mean,34567,196,-0.00818545980472261,0.31079911957202455,0.7835045456886292,0.6915360689163208,0.03931630402803421
Scene,Scene_random_equal4_04_mean,34567,199,-0.05413077227077638,0.217349710762618,0.7939621806144714,0.524941623210907,0.06386776268482208
Scene,Scene_random_equal4_04_mean,34567,214,0.10940630102366153,0.3442754703537509,0.6623587012290955,0.7063902020454407,0.1091322973370552
Scene,Scene_random_equal4_04_mean,34567,241,-0.08629470950811072,0.2119587924007237,0.7751767635345459,0.43602028489112854,-0.00022967718541622162
Scene,Scene_random_equal4_04_mean,34567,242,0.2703142378603319,0.532485379490436,0.6574325561523438,0.5333505272865295,0.10143190622329712
Scene,Scene_random_equal4_04_mean,34567,245,0.13217185640822018,0.465448428368998,0.6906787157058716,0.5804277658462524,0.0036733001470565796
Scene,Scene_random_equal4_04_mean,34567,249,-0.1555903628009912,0.35408894009404474,0.7966724038124084,0.4234774112701416,0.04869167506694794
Scene,Scene_random_equal4_04_mean,34567,282,0.12102476257744729,0.3089595214264033,0.6292905807495117,0.5017966628074646,0.1434950977563858
Scene,Scene_random_equal4_04_mean,34567,289,0.06709778075994227,0.40901960799600495,0.8137258291244507,0.6661309599876404,0.011579042300581932
Scene,Scene_random_equal4_04_mean,34567,303,0.4002688140055036,0.5049805166311704,0.7178491950035095,0.7359130382537842,0.07095282524824142
Scene,Scene_random_equal4_04_mean,34567,314,-0.3783914335358994,0.16621485958057755,0.851448655128479,0.6968448758125305,0.21943363547325134
Scene,Scene_random_equal4_04_mean,34567,393,0.09934670650043799,0.3397848042144256,0.7178571820259094,0.7569696307182312,0.45259809494018555
Scene,Scene_random_equal4_04_mean,34567,412,0.3931002817551065,0.49624538119594847,0.5908371210098267,0.40038445591926575,0.09744136035442352
Scene,Scene_random_equal4_04_mean,34567,442,0.24816515687780824,0.332676006766469,0.7001155018806458,0.7598298788070679,0.17270272970199585
Scene,Scene_random_equal4_04_mean,34567,463,0.36942296088481946,0.13392242562858991,0.7335693836212158,0.5704975128173828,0.12011808902025223
Scene,Scene_random_equal4_04_mean,34567,469,-0.28491165007904456,0.15910964242506495,0.7908812165260315,0.4522595703601837,-0.012499712407588959
Scene,Scene_random_equal4_04_mean,34567,486,0.09142475720203072,0.13636344226343655,0.8033007383346558,0.5316296219825745,0.02454974688589573
Scene,Scene_random_equal4_04_mean,34567,491,0.3722710725697979,0.37543078361123805,0.6366997957229614,0.6332833766937256,0.10513737052679062
Scene,Scene_random_equal4_04_mean,34567,518,0.35144590965079314,0.3885336818092641,0.5984203219413757,0.7641603350639343,0.5243352651596069
Scene,Scene_random_equal4_04_mean,34567,523,0.32581730661969677,0.14202883261999902,0.6339894533157349,0.5964727401733398,0.17750443518161774
Scene,Scene_random_equal4_04_mean,34567,545,0.1271139401971456,0.4125323974766726,0.6748042106628418,0.7256330847740173,0.07736437022686005
Scene,Scene_random_equal4_04_mean,34567,551,0.012975534407694405,0.08807274525245151,0.7447504997253418,0.46338847279548645,0.026408592239022255
Scene,Scene_random_equal4_04_mean,34567,568,0.16956392524007063,0.48578018701580566,0.6735527515411377,0.7291761636734009,0.26633092761039734
Scene,Scene_random_equal4_04_mean,34567,620,0.08265247267147746,0.351454327957667,0.6923426389694214,0.7147405743598938,0.3295580744743347
Scene,Scene_random_equal4_04_mean,34567,640,-0.05790850925313197,0.1935380436204938,0.7768062353134155,0.7447132468223572,0.5021540522575378
Scene,Scene_random_equal4_04_mean,34567,648,0.37219418878911575,0.27018976643382153,0.6963873505592346,0.7549429535865784,0.3650473952293396
Scene,Scene_random_equal4_04_mean,34567,671,-0.17556756678137483,0.3780020064744522,0.6338186264038086,0.7971367835998535,0.37379971146583557
Scene,Scene_random_equal4_04_mean,34567,755,0.05489180299400006,0.27142449204355446,0.7247966527938843,0.7669524550437927,0.4489668607711792
Scene,Scene_random_equal4_04_mean,34567,811,-0.1033567646845793,0.25485010705490524,0.7426528930664062,0.604304313659668,0.06886900961399078
Scene,Scene_random_equal4_04_mean,34567,821,0.11593631018130086,0.32068019866707487,0.7396619915962219,0.4942835569381714,0.08582111448049545
Scene,Scene_random_equal4_04_mean,34567,824,-0.12357688991940087,0.10445289672114334,0.8149088025093079,0.5170613527297974,0.11794618517160416
Scene,Scene_random_equal4_04_mean,34567,841,0.19756810745863043,0.2897792456200221,0.8072466850280762,0.4118060767650604,0.002059925813227892
Scene,Scene_random_equal4_04_mean,34567,842,0.22700118377634412,0.28710259803952265,0.6996296644210815,0.713269829750061,0.09021797776222229
Scene,Scene_random_equal4_04_mean,34567,850,0.04729318011548892,0.2718339177110022,0.7614841461181641,0.5554658770561218,0.6717113256454468
Scene,Scene_random_equal4_04_mean,34567,855,0.260039129933311,0.44790651039631574,0.7053775787353516,0.7118218541145325,0.022858664393424988
Scene,Scene_random_equal4_04_mean,34567,872,-0.08789028128696198,0.09084463584661157,0.790526270866394,0.6940177083015442,0.26184791326522827
Scene,Scene_random_equal4_04_mean,34567,873,0.4846189705880613,0.5177460570835861,0.5813172459602356,0.3398219347000122,0.06595388799905777
Scene,Scene_random_equal4_04_mean,34567,893,0.06546900095026542,0.2069373354135004,0.7825932502746582,0.39540737867355347,0.059965625405311584
Scene,Scene_random_equal4_04_mean,34567,894,0.13632459967296462,0.3831866086349139,0.7369178533554077,0.5903350710868835,0.095675989985466
Scene,Scene_random_equal4_04_mean,34567,918,0.035584957608926424,0.28011154489480805,0.674889326095581,0.6415680646896362,0.28799760341644287
Scene,Scene_random_equal4_04_mean,34567,943,0.086956679979997,0.4948580843524315,0.6995087265968323,0.5260056853294373,0.14887386560440063
Scene,Scene_random_equal4_04_mean,34567,978,0.6898547587993875,0.5516595364758069,0.6229517459869385,0.6660403609275818,0.26612845063209534
Scene,Scene_random_equal4_04_mean,34567,999,0.13389967161937677,0.35069788719429346,0.7019044756889343,0.6820366978645325,0.005697531625628471
Scene,Scene_random_equal4_05_mean,34567,14,0.7460531047901426,0.5710821394174478,0.46437203884124756,0.6996514797210693,0.2441171556711197
Scene,Scene_random_equal4_05_mean,34567,15,-0.02662762125905603,0.39928291310678865,0.723152756690979,0.8038435578346252,0.1466241329908371
Scene,Scene_random_equal4_05_mean,34567,36,0.12775162598793463,0.21668362013176595,0.6665439605712891,0.7017244100570679,0.08372943103313446
Scene,Scene_random_equal4_05_mean,34567,39,-0.22291468337869097,0.31119888292601083,0.5129286646842957,0.6919599771499634,0.3530615568161011
Scene,Scene_random_equal4_05_mean,34567,126,0.1662599785907128,0.41101315318619486,0.661057710647583,0.8108639717102051,0.3628944754600525
Scene,Scene_random_equal4_05_mean,34567,132,-0.051165445834769986,0.11884874289376188,0.6648181080818176,0.5079365372657776,0.24005001783370972
Scene,Scene_random_equal4_05_mean,34567,167,0.20479596534741207,0.11711996889779652,0.7312453389167786,0.4690258502960205,0.028249923139810562
Scene,Scene_random_equal4_05_mean,34567,196,0.0002912430100616216,0.3084866740219047,0.776848554611206,0.6947624087333679,0.06334123015403748
Scene,Scene_random_equal4_05_mean,34567,199,-0.02300080665188518,0.2135159105072858,0.7788420915603638,0.5393139123916626,0.0820874273777008
Scene,Scene_random_equal4_05_mean,34567,214,0.12061129916714323,0.34150221652921636,0.6630598306655884,0.6676077246665955,0.09715680778026581
Scene,Scene_random_equal4_05_mean,34567,241,-0.0923897564125333,0.21382879584540573,0.7703624367713928,0.4765223562717438,0.07336941361427307
Scene,Scene_random_equal4_05_mean,34567,242,0.26593240691889847,0.5259279473827636,0.6614077091217041,0.5981054902076721,0.044702593237161636
Scene,Scene_random_equal4_05_mean,34567,245,0.16421856531566914,0.441107649733944,0.6590697169303894,0.7522619962692261,0.08155006915330887
Scene,Scene_random_equal4_05_mean,34567,249,-0.1505852053357545,0.3503201651902511,0.795651376247406,0.4204259514808655,0.03594546020030975
Scene,Scene_random_equal4_05_mean,34567,282,0.11680511396624549,0.2943914766560734,0.6286826729774475,0.5758351683616638,0.33259737491607666
Scene,Scene_random_equal4_05_mean,34567,289,0.05833126146910757,0.40668717052540265,0.8074963688850403,0.6649509072303772,0.02222580648958683
Scene,Scene_random_equal4_05_mean,34567,303,0.39076614755853567,0.500736942213122,0.7642908096313477,0.7112278342247009,0.022208373993635178
Scene,Scene_random_equal4_05_mean,34567,314,-0.3767413383117971,0.15750178015638458,0.8420918583869934,0.6693371534347534,0.19271685183048248
Scene,Scene_random_equal4_05_mean,34567,393,0.12025391823220882,0.34520530077851663,0.6759427785873413,0.7360450625419617,0.4878021478652954
Scene,Scene_random_equal4_05_mean,34567,412,0.4118388526107121,0.4979070861779731,0.6067214608192444,0.5082533359527588,0.017842406406998634
Scene,Scene_random_equal4_05_mean,34567,442,0.22871564294602617,0.3372840464163325,0.7334473729133606,0.7533180713653564,0.1394655406475067
Scene,Scene_random_equal4_05_mean,34567,463,0.39263700872897034,0.13045426116674305,0.7265782952308655,0.5635785460472107,0.17540618777275085
Scene,Scene_random_equal4_05_mean,34567,469,-0.22791693651071462,0.17596529656149706,0.7695855498313904,0.43503883481025696,0.052626047283411026
Scene,Scene_random_equal4_05_mean,34567,486,0.09912857720046495,0.14468280540791537,0.7875988483428955,0.5212256908416748,0.0637587159872055
Scene,Scene_random_equal4_05_mean,34567,491,0.36143664439316614,0.3761733913374198,0.6377933621406555,0.662108838558197,0.03871433809399605
Scene,Scene_random_equal4_05_mean,34567,518,0.3208607792633396,0.458436037467411,0.5696318745613098,0.7570388913154602,0.4838915467262268
Scene,Scene_random_equal4_05_mean,34567,523,0.33868909679805376,0.15138700234842842,0.6501525640487671,0.5945907235145569,0.1401454359292984
Scene,Scene_random_equal4_05_mean,34567,545,0.12365344862748524,0.33583538414554576,0.7135887742042542,0.5300210118293762,-0.004292475059628487
Scene,Scene_random_equal4_05_mean,34567,551,0.022393777709599185,0.0885927906628382,0.7339209914207458,0.4455455541610718,0.002297571860253811
Scene,Scene_random_equal4_05_mean,34567,568,0.16309775006733457,0.4800643674612604,0.6972134113311768,0.624075174331665,0.2287667840719223
Scene,Scene_random_equal4_05_mean,34567,620,0.08983978917554707,0.334790332226326,0.6976901292800903,0.7745383381843567,0.3495602607727051
Scene,Scene_random_equal4_05_mean,34567,640,-0.06861971664707837,0.1908410181630777,0.8233410120010376,0.6648625135421753,0.15404562652111053
Scene,Scene_random_equal4_05_mean,34567,648,0.38191941655705575,0.26440150730292195,0.6880277395248413,0.7554699182510376,0.4368663430213928
Scene,Scene_random_equal4_05_mean,34567,671,-0.20356840858006572,0.36551237385414387,0.6084984540939331,0.8042731285095215,0.4776856601238251
Scene,Scene_random_equal4_05_mean,34567,755,0.044658381963169624,0.26502354189506966,0.7692340016365051,0.7872443795204163,0.4582257866859436
Scene,Scene_random_equal4_05_mean,34567,811,-0.10849808398659198,0.2308851139004145,0.7545572519302368,0.5588768720626831,0.10656961053609848
Scene,Scene_random_equal4_05_mean,34567,821,0.05282303746887325,0.30371236732008094,0.73016756772995,0.46179014444351196,-0.04965333268046379
Scene,Scene_random_equal4_05_mean,34567,824,-0.10693341848379603,0.11016566376366782,0.8387320041656494,0.5214512348175049,0.11379899084568024
Scene,Scene_random_equal4_05_mean,34567,841,0.19542469136841897,0.2817157981254932,0.7948539853096008,0.38385796546936035,0.05612007901072502
Scene,Scene_random_equal4_05_mean,34567,842,0.1923358265953756,0.2803679732346679,0.7072380185127258,0.6877481937408447,0.03982659429311752
Scene,Scene_random_equal4_05_mean,34567,850,0.03153336739115007,0.27683988216232847,0.7529563307762146,0.5771646499633789,0.716408371925354
Scene,Scene_random_equal4_05_mean,34567,855,0.27779199769284657,0.42563272639201033,0.6783831715583801,0.690826952457428,0.006184279918670654
Scene,Scene_random_equal4_05_mean,34567,872,-0.07458679359850384,0.08510370032404281,0.7483782768249512,0.5907636880874634,0.12267367541790009
Scene,Scene_random_equal4_05_mean,34567,873,0.4092547067984798,0.48724434805930006,0.6373688578605652,0.34701278805732727,0.03296023607254028
Scene,Scene_random_equal4_05_mean,34567,893,0.13153654846423465,0.21727559842563376,0.8022846579551697,0.38666337728500366,0.05586797744035721
Scene,Scene_random_equal4_05_mean,34567,894,0.13134342574715735,0.38705037482717813,0.7568995356559753,0.6069194078445435,0.03950230032205582
Scene,Scene_random_equal4_05_mean,34567,918,0.017820925150628587,0.2821221038283906,0.6635338068008423,0.705839991569519,0.20505037903785706
Scene,Scene_random_equal4_05_mean,34567,943,0.08915072420608816,0.4967968257435486,0.700215220451355,0.5291292071342468,0.15038540959358215
Scene,Scene_random_equal4_05_mean,34567,978,0.5122462250346419,0.5762013595743831,0.6404271125793457,0.7074484825134277,0.6725932359695435
Scene,Scene_random_equal4_05_mean,34567,999,0.14142712331110396,0.3521601052892045,0.7153218984603882,0.6819421648979187,0.004417832009494305
Scene,Scene_random_full_01_mean,34567,14,0.6162320086882669,0.5663269319177754,0.6065945625305176,0.4736454486846924,0.013495894148945808
Scene,Scene_random_full_01_mean,34567,15,-0.07986744399461104,0.3882363277618098,0.746757984161377,0.8185424208641052,0.21399274468421936
Scene,Scene_random_full_01_mean,34567,36,0.16522474525301242,0.2504156131876085,0.628605842590332,0.728148341178894,0.253499835729599
Scene,Scene_random_full_01_mean,34567,39,-0.3309321488633147,0.33640931365687377,0.5154222249984741,0.5436055660247803,0.1082763522863388
Scene,Scene_random_full_01_mean,34567,126,0.20072787260590352,0.42049755447292736,0.6435883045196533,0.8154271841049194,0.3589513897895813
Scene,Scene_random_full_01_mean,34567,132,-0.03202380603758719,0.11486851284694091,0.6892672777175903,0.41200628876686096,0.1432006061077118
Scene,Scene_random_full_01_mean,34567,167,0.12725056128389148,0.11261248313321162,0.7541302442550659,0.43880540132522583,0.007237345911562443
Scene,Scene_random_full_01_mean,34567,196,0.036569252586780523,0.3145448763357301,0.7675518989562988,0.701579749584198,0.024593535810709
Scene,Scene_random_full_01_mean,34567,199,-0.08817837221236459,0.2237029557533626,0.82231205701828,0.5200772285461426,0.20186713337898254
Scene,Scene_random_full_01_mean,34567,214,0.053697701394646,0.3171573346248919,0.6775227189064026,0.8076418042182922,0.3655073642730713
Scene,Scene_random_full_01_mean,34567,241,-0.10128050004128263,0.20255895581880562,0.7690194249153137,0.4643908143043518,-0.0015588714741170406
Scene,Scene_random_full_01_mean,34567,242,0.35168337955851375,0.5491091560956189,0.6252246499061584,0.5772719979286194,0.03229402005672455
Scene,Scene_random_full_01_mean,34567,245,0.05777087198535423,0.47133916563267114,0.6562896966934204,0.5797788500785828,0.06959544122219086
Scene,Scene_random_full_01_mean,34567,249,-0.12755112170841285,0.3599304860953897,0.8067989349365234,0.4417251944541931,0.015508117154240608
Scene,Scene_random_full_01_mean,34567,282,0.09499264790691278,0.32087091848519805,0.6249277591705322,0.512294352054596,0.314163476228714
Scene,Scene_random_full_01_mean,34567,289,0.10173949247771077,0.39815429547482584,0.8006129264831543,0.6411765813827515,0.02565031126141548
Scene,Scene_random_full_01_mean,34567,303,0.3288204793211027,0.4888521901124815,0.7125986814498901,0.7244499325752258,0.06899824738502502
Scene,Scene_random_full_01_mean,34567,314,-0.3716200383374751,0.12151517408769073,0.8635938167572021,0.485901415348053,0.04174288734793663
Scene,Scene_random_full_01_mean,34567,393,0.11266101940280174,0.3251538143544168,0.699482262134552,0.7176400423049927,0.44750118255615234
Scene,Scene_random_full_01_mean,34567,412,0.45175368157668877,0.5566970512420936,0.5428273677825928,0.43467962741851807,0.044398993253707886
Scene,Scene_random_full_01_mean,34567,442,0.2691698454991642,0.36740644325625343,0.741100013256073,0.6846828460693359,0.03862899914383888
Scene,Scene_random_full_01_mean,34567,463,0.29831227009121286,0.12676667274280962,0.7961755394935608,0.31548628211021423,0.10294497013092041
Scene,Scene_random_full_01_mean,34567,469,-0.2990882151062358,0.16048305873124805,0.7769761085510254,0.40375229716300964,0.012903120368719101
Scene,Scene_random_full_01_mean,34567,486,0.08658139918766969,0.12940854863363865,0.7950438857078552,0.5104513168334961,0.053203001618385315
Scene,Scene_random_full_01_mean,34567,491,0.39310132561192324,0.3710849210220244,0.641812264919281,0.6533182263374329,0.14385561645030975
Scene,Scene_random_full_01_mean,34567,518,0.25276128920386853,0.31877576732600926,0.6796183586120605,0.7063968181610107,0.25543835759162903
Scene,Scene_random_full_01_mean,34567,523,0.36455193821491627,0.15194692082821903,0.6502286195755005,0.6069037318229675,0.20621709525585175
Scene,Scene_random_full_01_mean,34567,545,0.14183694206133413,0.3974310397322765,0.6980561017990112,0.7334531545639038,0.020169293507933617
Scene,Scene_random_full_01_mean,34567,551,-0.0026797247780262086,0.09182687814902345,0.7621233463287354,0.42845842242240906,0.0025433357805013657
Scene,Scene_random_full_01_mean,34567,568,0.15556003044765587,0.4792365446903738,0.6727758646011353,0.7446801066398621,0.3080831468105316
Scene,Scene_random_full_01_mean,34567,620,0.15527030681789297,0.4360865650750346,0.7569862604141235,0.4697969853878021,-0.04535691440105438
Scene,Scene_random_full_01_mean,34567,640,-0.018851808186141277,0.20230012527575944,0.7941477298736572,0.5925713777542114,0.027045149356126785
Scene,Scene_random_full_01_mean,34567,648,0.3638192485707315,0.25570640187366395,0.7013450264930725,0.7407150864601135,0.19887271523475647
Scene,Scene_random_full_01_mean,34567,671,-0.3230601595829769,0.3410913836104146,0.6079081892967224,0.7694264650344849,0.4205973744392395
Scene,Scene_random_full_01_mean,34567,755,0.2666553832401544,0.3729996041150728,0.674160897731781,0.7720260620117188,0.31394147872924805
Scene,Scene_random_full_01_mean,34567,811,-0.11129424185054482,0.2535033358886127,0.7573685050010681,0.6107189059257507,0.0579766184091568
Scene,Scene_random_full_01_mean,34567,821,0.10583108140448402,0.3179028158082973,0.7166886925697327,0.4775809645652771,0.01857719197869301
Scene,Scene_random_full_01_mean,34567,824,-0.16526720769321637,0.0645397194977054,0.6907010674476624,0.5514626502990723,0.05588960275053978
Scene,Scene_random_full_01_mean,34567,841,0.22792191125884292,0.2948445688517521,0.7933870553970337,0.41625067591667175,0.07115554064512253
Scene,Scene_random_full_01_mean,34567,842,0.16714006255854644,0.2895448924812605,0.6974163055419922,0.7670451998710632,0.09708763659000397
Scene,Scene_random_full_01_mean,34567,850,-0.034132325805473915,0.2778873190160136,0.7727247476577759,0.3476949632167816,0.03458107262849808
Scene,Scene_random_full_01_mean,34567,855,0.19255032138435166,0.42645599081812124,0.6960940957069397,0.6672115325927734,0.006545301526784897
Scene,Scene_random_full_01_mean,34567,872,-0.0315895046254056,0.08542555762524554,0.743426501750946,0.46971598267555237,0.016614144667983055
Scene,Scene_random_full_01_mean,34567,873,0.43181127180591045,0.5113649227516152,0.6246597766876221,0.37093403935432434,0.03522463142871857
Scene,Scene_random_full_01_mean,34567,893,0.10625696496453846,0.21759787811139789,0.7725850939750671,0.4084148705005646,0.08140768110752106
Scene,Scene_random_full_01_mean,34567,894,0.1293608364108429,0.3730817153944815,0.7092217803001404,0.6022029519081116,0.056509099900722504
Scene,Scene_random_full_01_mean,34567,918,-0.01643360562410144,0.3012634013937828,0.6976788640022278,0.6926883459091187,0.1998668611049652
Scene,Scene_random_full_01_mean,34567,943,0.0750735729276644,0.49586226892035756,0.6719950437545776,0.5130152106285095,0.19618891179561615
Scene,Scene_random_full_01_mean,34567,978,0.656347927671355,0.5026711499590221,0.621484637260437,0.438243567943573,0.06814518570899963
Scene,Scene_random_full_01_mean,34567,999,0.17462315916230975,0.3630736866430221,0.6904873847961426,0.693103015422821,0.02991427853703499
Scene,Scene_random_full_02_mean,34567,14,0.751422674049265,0.5728460846529762,0.4654843509197235,0.7069999575614929,0.21700072288513184
Scene,Scene_random_full_02_mean,34567,15,0.0408244881592934,0.39192260545078184,0.7729487419128418,0.7458635568618774,0.11476539820432663
Scene,Scene_random_full_02_mean,34567,36,0.16487963878687828,0.25580146563327305,0.6634674668312073,0.7542484998703003,0.12063349783420563
Scene,Scene_random_full_02_mean,34567,39,-0.3191967546493754,0.3158486594154893,0.5043126940727234,0.623880922794342,0.231061190366745
Scene,Scene_random_full_02_mean,34567,126,0.07613326687143647,0.40394937711477025,0.6842461228370667,0.7622674107551575,0.46877381205558777
Scene,Scene_random_full_02_mean,34567,132,-0.03989227542516286,0.12705507311631917,0.6794822812080383,0.504651665687561,0.33982789516448975
Scene,Scene_random_full_02_mean,34567,167,0.1526555475868154,0.11731366239230996,0.7452499270439148,0.37775811553001404,-0.005924835801124573
Scene,Scene_random_full_02_mean,34567,196,0.0025177836711327566,0.3089304753502607,0.7684123516082764,0.6882365942001343,0.03584183007478714
Scene,Scene_random_full_02_mean,34567,199,-0.08075973371318032,0.21633338406569527,0.7934725880622864,0.5671243071556091,0.16793836653232574
Scene,Scene_random_full_02_mean,34567,214,0.03672901875682465,0.3143642099336859,0.7060002684593201,0.7895574569702148,0.18400011956691742
Scene,Scene_random_full_02_mean,34567,241,-0.07537996928929479,0.21318866936858724,0.7548719644546509,0.4451000690460205,-0.02030950039625168
Scene,Scene_random_full_02_mean,34567,242,0.25866527815834084,0.5178779521285528,0.63035649061203,0.571975827217102,0.061396047472953796
Scene,Scene_random_full_02_mean,34567,245,0.010520139790441285,0.4512118738627406,0.6402996182441711,0.5595059394836426,0.09980238229036331
Scene,Scene_random_full_02_mean,34567,249,-0.13659723576525562,0.3672805501453943,0.8012019395828247,0.4423114061355591,0.019693460315465927
Scene,Scene_random_full_02_mean,34567,282,0.11871298252582484,0.3023625898969501,0.6712522506713867,0.49460870027542114,0.18479835987091064
Scene,Scene_random_full_02_mean,34567,289,0.06423368834274944,0.409562263950565,0.8103848695755005,0.7139096856117249,-0.0037297606468200684
Scene,Scene_random_full_02_mean,34567,303,0.2825059566080694,0.49135109122881265,0.7334921956062317,0.6570289134979248,0.007839443162083626
Scene,Scene_random_full_02_mean,34567,314,-0.21921240383700594,0.13907671457088627,0.8491632342338562,0.4245293140411377,0.03718360513448715
Scene,Scene_random_full_02_mean,34567,393,0.28061700060874095,0.3427359599042784,0.6770384907722473,0.6735513806343079,0.457353413105011
Scene,Scene_random_full_02_mean,34567,412,0.4320716078698699,0.5138978777605356,0.6065371036529541,0.413237601518631,0.08102075010538101
Scene,Scene_random_full_02_mean,34567,442,0.31763857770443155,0.3516728884959904,0.704532265663147,0.7725358009338379,0.05965128540992737
Scene,Scene_random_full_02_mean,34567,463,0.38828886528089873,0.13500095026574793,0.7306917905807495,0.5132564306259155,0.25540482997894287
Scene,Scene_random_full_02_mean,34567,469,-0.23259602052384531,0.17418707154113136,0.7564287781715393,0.4530591070652008,-0.006311774253845215
Scene,Scene_random_full_02_mean,34567,486,0.07802671949965319,0.14295582905348372,0.8101003766059875,0.5313658714294434,0.04394065588712692
Scene,Scene_random_full_02_mean,34567,491,0.37731808322819044,0.3611416695902153,0.6263928413391113,0.7367895841598511,0.07929641753435135
Scene,Scene_random_full_02_mean,34567,518,0.23746289946023308,0.37382762117023827,0.6632199883460999,0.5938643217086792,0.23345422744750977
Scene,Scene_random_full_02_mean,34567,523,0.35625884285375053,0.15113919249249316,0.6285728216171265,0.6573079228401184,0.17867735028266907
Scene,Scene_random_full_02_mean,34567,545,0.09754160516015838,0.39133120411784367,0.7580708265304565,0.7251836061477661,0.10480677336454391
Scene,Scene_random_full_02_mean,34567,551,0.02491061487587405,0.08745815538152128,0.7500536441802979,0.4322105944156647,0.03427485376596451
Scene,Scene_random_full_02_mean,34567,568,0.15499810729013686,0.48758363754094247,0.6857447028160095,0.7408091425895691,0.2878183126449585
Scene,Scene_random_full_02_mean,34567,620,0.047105134720452836,0.40986914942343267,0.6845381259918213,0.5979616641998291,0.15875665843486786
Scene,Scene_random_full_02_mean,34567,640,-0.06293490169294494,0.19773306190136616,0.7741180062294006,0.45789816975593567,0.04990306496620178
Scene,Scene_random_full_02_mean,34567,648,0.360547703266139,0.24733437119823465,0.6798501014709473,0.86466383934021,0.31136345863342285
Scene,Scene_random_full_02_mean,34567,671,-0.23816502478215876,0.3589222728219061,0.6072355508804321,0.8172527551651001,0.3808387517929077
Scene,Scene_random_full_02_mean,34567,755,0.14727026616280234,0.2991601242777309,0.7241199016571045,0.692776620388031,0.4430181384086609
Scene,Scene_random_full_02_mean,34567,811,-0.12848929266799666,0.253057189188537,0.7677367925643921,0.5864884853363037,0.1047159731388092
Scene,Scene_random_full_02_mean,34567,821,0.13650157800822607,0.3144200629059401,0.7268292903900146,0.4496341645717621,0.020576145499944687
Scene,Scene_random_full_02_mean,34567,824,-0.17954924279997186,0.10803528048656112,0.8457868099212646,0.491343230009079,0.05220548063516617
Scene,Scene_random_full_02_mean,34567,841,0.18205082910042356,0.25372255935983967,0.8045034408569336,0.4192524254322052,0.031613726168870926
Scene,Scene_random_full_02_mean,34567,842,0.16063075355325326,0.2773847236347394,0.6644336581230164,0.7435393333435059,0.09958241134881973
Scene,Scene_random_full_02_mean,34567,850,0.040975839974813216,0.26054746443665777,0.7502341270446777,0.6168760061264038,0.6999083161354065
Scene,Scene_random_full_02_mean,34567,855,0.24598986158625466,0.45185776466382727,0.6971293687820435,0.7296712398529053,0.04040224105119705
Scene,Scene_random_full_02_mean,34567,872,-0.02317921788181871,0.08199935409772474,0.7601829171180725,0.5910900235176086,0.10695448517799377
Scene,Scene_random_full_02_mean,34567,873,0.4304626572373185,0.4993566625549683,0.6132075786590576,0.34156566858291626,0.0852377712726593
Scene,Scene_random_full_02_mean,34567,893,0.13055191401779534,0.2088528493111694,0.7841213345527649,0.25743797421455383,0.05003800615668297
Scene,Scene_random_full_02_mean,34567,894,0.047249895777661796,0.3642470754313341,0.7291897535324097,0.6066926121711731,0.04882228001952171
Scene,Scene_random_full_02_mean,34567,918,0.05015546610535247,0.2973006401986198,0.6762306690216064,0.7055837512016296,0.2630673050880432
Scene,Scene_random_full_02_mean,34567,943,0.0922033985925008,0.5017212648641144,0.6557227373123169,0.5404106378555298,0.1309189349412918
Scene,Scene_random_full_02_mean,34567,978,0.3628312337673415,0.5333162153777111,0.6327154636383057,0.5527690649032593,0.020819341763854027
Scene,Scene_random_full_02_mean,34567,999,0.053420361205307985,0.3094214280971328,0.6907413601875305,0.7036031484603882,0.008687008172273636
Scene,Scene_random_full_03_mean,34567,14,0.6344452403403806,0.5403822658247864,0.5978261232376099,0.52572101354599,0.042764462530612946
Scene,Scene_random_full_03_mean,34567,15,-0.005024697593759462,0.3814903860116886,0.7519311904907227,0.8100568652153015,0.07449234277009964
Scene,Scene_random_full_03_mean,34567,36,0.056752023261282473,0.22360701756027496,0.6261753439903259,0.7687886357307434,0.2991983890533447
Scene,Scene_random_full_03_mean,34567,39,-0.3735785125684376,0.33794193072872636,0.5166017413139343,0.6535574793815613,0.13006332516670227
Scene,Scene_random_full_03_mean,34567,126,0.14745873486029337,0.41590014057762176,0.6460378766059875,0.7683836817741394,0.38700854778289795
Scene,Scene_random_full_03_mean,34567,132,-0.046039097754912675,0.12309557616292474,0.6855939626693726,0.5657889246940613,0.23777887225151062
Scene,Scene_random_full_03_mean,34567,167,0.26049965478916565,0.12645075956405868,0.7463546991348267,0.4842822551727295,0.012008772231638432
Scene,Scene_random_full_03_mean,34567,196,-0.004634224089058462,0.32785228903669594,0.7476484179496765,0.7222368717193604,0.04007675126194954
Scene,Scene_random_full_03_mean,34567,199,0.030302284433549122,0.22160193219811855,0.7780131101608276,0.4916766881942749,0.07776249945163727
Scene,Scene_random_full_03_mean,34567,214,0.13020805152581139,0.3374643210131932,0.6904032230377197,0.7806296944618225,0.19641268253326416
Scene,Scene_random_full_03_mean,34567,241,-0.0912414314731076,0.21141062934704932,0.7666232585906982,0.5106346607208252,0.05588905140757561
Scene,Scene_random_full_03_mean,34567,242,0.2936279440922356,0.5534562861370808,0.6551856398582458,0.5563288331031799,0.05250931531190872
Scene,Scene_random_full_03_mean,34567,245,0.13136423701634126,0.47156928601170156,0.6549299359321594,0.6525761485099792,0.07521891593933105
Scene,Scene_random_full_03_mean,34567,249,-0.19210767814273796,0.3196975703318426,0.7844164371490479,0.40355509519577026,0.030025895684957504
Scene,Scene_random_full_03_mean,34567,282,0.16596931656685318,0.3008661015422431,0.6452223658561707,0.44385600090026855,0.19199621677398682
Scene,Scene_random_full_03_mean,34567,289,0.1075698417312019,0.3937366044923653,0.7946513891220093,0.5923622846603394,0.1708340048789978
Scene,Scene_random_full_03_mean,34567,303,0.21123184218155422,0.46965136912766725,0.6956512928009033,0.7150133848190308,-0.03136684000492096
Scene,Scene_random_full_03_mean,34567,314,-0.10309232226967414,0.2026288497783605,0.8533296585083008,0.46136176586151123,0.012763340026140213
Scene,Scene_random_full_03_mean,34567,393,0.2603138770372899,0.3687041745984132,0.7360782623291016,0.5884706377983093,0.09517370909452438
Scene,Scene_random_full_03_mean,34567,412,0.382506671801658,0.4813256711593054,0.5857281684875488,0.4102976620197296,-0.003308168612420559
Scene,Scene_random_full_03_mean,34567,442,0.1982148419538195,0.3163292323841827,0.7169122695922852,0.7801771759986877,0.21141600608825684
Scene,Scene_random_full_03_mean,34567,463,0.42815569469206016,0.14132718419032514,0.7199863791465759,0.5590742826461792,0.29621946811676025
Scene,Scene_random_full_03_mean,34567,469,-0.26428025220101925,0.15644680782195391,0.7783123254776001,0.35276907682418823,0.016206614673137665
Scene,Scene_random_full_03_mean,34567,486,0.06445528543866354,0.14357039221619813,0.8030664920806885,0.53176349401474,0.05155523493885994
Scene,Scene_random_full_03_mean,34567,491,0.3710472189368696,0.38121369001246314,0.6356571316719055,0.680684506893158,0.09073887765407562
Scene,Scene_random_full_03_mean,34567,518,0.351486547664103,0.38674470054262683,0.6024456024169922,0.7674525380134583,0.535739541053772
Scene,Scene_random_full_03_mean,34567,523,0.3111037212892186,0.13194670415900722,0.6225410103797913,0.5846759676933289,0.16812120378017426
Scene,Scene_random_full_03_mean,34567,545,0.13772483848869185,0.38144444433880415,0.7128552198410034,0.7449415326118469,0.028238143771886826
Scene,Scene_random_full_03_mean,34567,551,0.05375777672474661,0.07271757823564845,0.7396056056022644,0.47126105427742004,-0.0017107035964727402
Scene,Scene_random_full_03_mean,34567,568,0.12471217498883254,0.478653726016191,0.6781604290008545,0.7688170671463013,0.32231009006500244
Scene,Scene_random_full_03_mean,34567,620,0.08795683911563766,0.3768356525709755,0.6796307563781738,0.7261238098144531,0.3294568657875061
Scene,Scene_random_full_03_mean,34567,640,-0.056040879580122306,0.19674857203051027,0.7880193591117859,0.7072201371192932,0.19366908073425293
Scene,Scene_random_full_03_mean,34567,648,0.3860775699723921,0.2596364722652112,0.681822657585144,0.7436670064926147,0.47763457894325256
Scene,Scene_random_full_03_mean,34567,671,-0.2510709436750321,0.36651641645487537,0.620497465133667,0.7843159437179565,0.39343899488449097
Scene,Scene_random_full_03_mean,34567,755,0.048805860909383235,0.26272506754207714,0.7481959462165833,0.7751762270927429,0.3977053165435791
Scene,Scene_random_full_03_mean,34567,811,-0.10922786642020495,0.2515452838844105,0.7586164474487305,0.5884571075439453,0.12879012525081635
Scene,Scene_random_full_03_mean,34567,821,0.06264823125561364,0.3178132948055377,0.6883299350738525,0.4759065806865692,0.10355308651924133
Scene,Scene_random_full_03_mean,34567,824,-0.14617573429198868,0.07142520515780643,0.731977641582489,0.5049468278884888,0.13404525816440582
Scene,Scene_random_full_03_mean,34567,841,0.14403538923653753,0.25714164802151585,0.8021222352981567,0.3752172887325287,0.04923630505800247
Scene,Scene_random_full_03_mean,34567,842,0.18628335411671731,0.2853822029247904,0.7119280695915222,0.7027910351753235,0.025247706100344658
Scene,Scene_random_full_03_mean,34567,850,-0.0366866265669414,0.29084262330755395,0.7763712406158447,0.35801559686660767,0.07002827525138855
Scene,Scene_random_full_03_mean,34567,855,0.3059540476664745,0.4333130216530169,0.69166100025177,0.708335816860199,0.01698847860097885
Scene,Scene_random_full_03_mean,34567,872,-0.07095216424143992,0.08207501947723041,0.7721750140190125,0.6072924137115479,0.10771611332893372
Scene,Scene_random_full_03_mean,34567,873,0.4395048276399034,0.4998241508165492,0.5724277496337891,0.3597898483276367,0.014867214486002922
Scene,Scene_random_full_03_mean,34567,893,0.2124028412581325,0.220826845001717,0.729091465473175,0.4019131660461426,0.024578485637903214
Scene,Scene_random_full_03_mean,34567,894,0.08770290454665973,0.37879927766167804,0.7406730651855469,0.5646633505821228,0.05752447247505188
Scene,Scene_random_full_03_mean,34567,918,0.06514435340930927,0.2842980434433697,0.6701337099075317,0.722320556640625,0.37492993474006653
Scene,Scene_random_full_03_mean,34567,943,0.07438259814314652,0.48769840018269744,0.7145119905471802,0.4936597943305969,0.16261503100395203
Scene,Scene_random_full_03_mean,34567,978,0.6648246536005297,0.5404789585336823,0.622562825679779,0.5862342715263367,0.33244237303733826
Scene,Scene_random_full_03_mean,34567,999,0.07467817544516617,0.29457996143357723,0.7094869613647461,0.7148370742797852,0.025777023285627365
Scene,Scene_random_full_04_mean,34567,14,0.7466453658179096,0.5759763944377538,0.4681759476661682,0.7361674904823303,0.22112825512886047
Scene,Scene_random_full_04_mean,34567,15,-0.021089178791331733,0.40270575338107284,0.7229987382888794,0.7609151005744934,0.16080307960510254
Scene,Scene_random_full_04_mean,34567,36,0.13792501199396517,0.2400320700953399,0.6447123289108276,0.7689025402069092,0.19953668117523193
Scene,Scene_random_full_04_mean,34567,39,-0.18599974316204618,0.3171071685031963,0.5022196769714355,0.6742686033248901,0.282726526260376
Scene,Scene_random_full_04_mean,34567,126,0.16598724687195673,0.41823671663502515,0.6820615530014038,0.8556864857673645,0.3948151767253876
Scene,Scene_random_full_04_mean,34567,132,-0.04227904309724543,0.12338255969548588,0.6665602922439575,0.5786816477775574,0.2580949664115906
Scene,Scene_random_full_04_mean,34567,167,0.18009141735259965,0.114455385988304,0.7022963166236877,0.4636262059211731,0.011269492097198963
Scene,Scene_random_full_04_mean,34567,196,-0.008166607635845782,0.3126770599856992,0.7703917622566223,0.6742993593215942,0.02934086322784424
Scene,Scene_random_full_04_mean,34567,199,0.33244266107952636,0.21730974188600058,0.7440329194068909,0.6082201600074768,0.06449400633573532
Scene,Scene_random_full_04_mean,34567,214,0.09997009323723881,0.3233266890983706,0.6746567487716675,0.7714177370071411,0.4737420678138733
Scene,Scene_random_full_04_mean,34567,241,-0.11266983822538013,0.20132317313288509,0.7897195816040039,0.4415305554866791,0.031225385144352913
Scene,Scene_random_full_04_mean,34567,242,0.2672604501001446,0.5335384981581406,0.6239885091781616,0.519399106502533,0.10363111644983292
Scene,Scene_random_full_04_mean,34567,245,0.2334960234452234,0.4425995912041874,0.6644720435142517,0.6304140090942383,-0.007796464487910271
Scene,Scene_random_full_04_mean,34567,249,-0.14831153156735657,0.35159211729612017,0.8047053813934326,0.42725664377212524,0.02269861288368702
Scene,Scene_random_full_04_mean,34567,282,0.07988095158815209,0.2682473887981561,0.6927886605262756,0.37420910596847534,0.07005180418491364
Scene,Scene_random_full_04_mean,34567,289,0.030612090468950675,0.4116616471236487,0.809744119644165,0.6823222637176514,0.07272039353847504
Scene,Scene_random_full_04_mean,34567,303,0.3723724416493372,0.4920463331145903,0.7546347379684448,0.7060168385505676,0.036330778151750565
Scene,Scene_random_full_04_mean,34567,314,-0.41942627486353246,0.14552006646751567,0.8251140117645264,0.6828558444976807,0.1625146120786667
Scene,Scene_random_full_04_mean,34567,393,0.11919983682942194,0.3438921777765334,0.6874699592590332,0.7060113549232483,0.39991495013237
Scene,Scene_random_full_04_mean,34567,412,0.40726585219079703,0.4900975800179348,0.6086460947990417,0.4723767936229706,0.07478271424770355
Scene,Scene_random_full_04_mean,34567,442,0.2199708927026833,0.3164969309631115,0.7048013210296631,0.783679187297821,0.23956888914108276
Scene,Scene_random_full_04_mean,34567,463,0.39718522854066785,0.14066021728816,0.7321438193321228,0.580595076084137,0.2115650475025177
Scene,Scene_random_full_04_mean,34567,469,-0.2090307172089965,0.13761921464918644,0.7831618189811707,0.35393211245536804,0.00019280053675174713
Scene,Scene_random_full_04_mean,34567,486,0.11399006640306034,0.1399583394924144,0.7898865938186646,0.5235399007797241,0.07341878116130829
Scene,Scene_random_full_04_mean,34567,491,0.3965450723814325,0.3795220230157648,0.639998197555542,0.6498539447784424,0.030140485614538193
Scene,Scene_random_full_04_mean,34567,518,0.2830083731177065,0.41218757211891666,0.6362870335578918,0.638185441493988,0.24733027815818787
Scene,Scene_random_full_04_mean,34567,523,0.32510327225173014,0.15108230847569437,0.6395691633224487,0.5800496935844421,0.1692139059305191
Scene,Scene_random_full_04_mean,34567,545,0.15847992147328938,0.40995256641654665,0.738046407699585,0.7239526510238647,0.11169306933879852
Scene,Scene_random_full_04_mean,34567,551,0.030874100631106755,0.08818306643908212,0.7280952334403992,0.4232342839241028,0.02647772803902626
Scene,Scene_random_full_04_mean,34567,568,0.16213211946608067,0.4296581419196153,0.6628193855285645,0.7721662521362305,0.28135091066360474
Scene,Scene_random_full_04_mean,34567,620,0.13733883001077044,0.41322869668155,0.6588700413703918,0.6606242060661316,0.2622499167919159
Scene,Scene_random_full_04_mean,34567,640,-0.0457375306737973,0.19641706778358115,0.7417269945144653,0.6146671772003174,0.148289754986763
Scene,Scene_random_full_04_mean,34567,648,0.38215730714031565,0.2554176170734572,0.706548273563385,0.708173394203186,0.1669503152370453
Scene,Scene_random_full_04_mean,34567,671,-0.24516572562657932,0.34991688143074806,0.5919718742370605,0.8077471256256104,0.4135363698005676
Scene,Scene_random_full_04_mean,34567,755,0.03522619502441387,0.27508579445757436,0.7602145671844482,0.7701886296272278,0.5336049199104309
Scene,Scene_random_full_04_mean,34567,811,-0.11500866629409712,0.2466825480646017,0.7630255818367004,0.5425838232040405,0.022258803248405457
Scene,Scene_random_full_04_mean,34567,821,0.04342953730934573,0.3016434767610941,0.736991822719574,0.47415509819984436,0.0018145851790904999
Scene,Scene_random_full_04_mean,34567,824,-0.10129472477680816,0.11378284690482662,0.8593855500221252,0.5171786546707153,0.18838858604431152
Scene,Scene_random_full_04_mean,34567,841,0.18594737590950194,0.2783426322135498,0.7856288552284241,0.37186872959136963,0.0775904655456543
Scene,Scene_random_full_04_mean,34567,842,0.17980172908644731,0.2692887217310845,0.7080816626548767,0.7101196050643921,0.06792251765727997
Scene,Scene_random_full_04_mean,34567,850,0.047192984632474594,0.2638698739347951,0.7573336362838745,0.5198183655738831,0.66368168592453
Scene,Scene_random_full_04_mean,34567,855,0.26462531903084685,0.4288694731601947,0.7032160758972168,0.712300181388855,0.022400883957743645
Scene,Scene_random_full_04_mean,34567,872,-0.009384876367180344,0.08353340523169989,0.7583140134811401,0.5944738984107971,0.09392490983009338
Scene,Scene_random_full_04_mean,34567,873,0.38821507805161776,0.4748477741988162,0.6370697021484375,0.33637088537216187,0.0745028406381607
Scene,Scene_random_full_04_mean,34567,893,0.38292308080868603,0.29874656638249836,0.7443395256996155,0.48612794280052185,0.010470683686435223
Scene,Scene_random_full_04_mean,34567,894,0.13255737988021454,0.38918056293765996,0.7498584389686584,0.5855764150619507,-0.005064058117568493
Scene,Scene_random_full_04_mean,34567,918,0.019012854606337958,0.284820350634616,0.6662780046463013,0.691285252571106,0.14975672960281372
Scene,Scene_random_full_04_mean,34567,943,0.10005813519873126,0.5034352148836774,0.6688912510871887,0.4993469715118408,0.16232667863368988
Scene,Scene_random_full_04_mean,34567,978,0.6694253498747722,0.5119034096501497,0.6095335483551025,0.6293433904647827,0.25631362199783325
Scene,Scene_random_full_04_mean,34567,999,0.13849989836181048,0.35953397317196834,0.6664502620697021,0.699261486530304,-0.0048086196184158325
Scene,Scene_random_full_05_mean,34567,14,0.7329450137934487,0.5800906873705387,0.4994717538356781,0.7757763862609863,0.3786943852901459
Scene,Scene_random_full_05_mean,34567,15,-0.021280718404422756,0.40235805268514635,0.7696952223777771,0.8524388074874878,0.1917077749967575
Scene,Scene_random_full_05_mean,34567,36,0.1294456541357916,0.23735598154450496,0.6706024408340454,0.7231442928314209,0.06715168058872223
Scene,Scene_random_full_05_mean,34567,39,-0.3375354479950096,0.31903737434533885,0.5049317479133606,0.6438782215118408,0.2408401519060135
Scene,Scene_random_full_05_mean,34567,126,0.11946557098940164,0.41917935523331745,0.6626776456832886,0.719456672668457,0.346627414226532
Scene,Scene_random_full_05_mean,34567,132,-0.074488407632109,0.1263855331395671,0.6801597476005554,0.5229008793830872,0.15729771554470062
Scene,Scene_random_full_05_mean,34567,167,0.15775261821662875,0.11531214607276156,0.7267397046089172,0.44597893953323364,-0.007550444453954697
Scene,Scene_random_full_05_mean,34567,196,0.021026287879814712,0.34053282300167403,0.7893191576004028,0.6935378909111023,0.053041957318782806
Scene,Scene_random_full_05_mean,34567,199,0.000611734115225922,0.221648098581594,0.7981745600700378,0.5015914440155029,0.004046882968395948
Scene,Scene_random_full_05_mean,34567,214,0.059586150593459106,0.33825971371469626,0.689651608467102,0.6957120895385742,0.38474494218826294
Scene,Scene_random_full_05_mean,34567,241,-0.09610322243539024,0.19012355447001852,0.7792820930480957,0.3901113271713257,-0.009325872175395489
Scene,Scene_random_full_05_mean,34567,242,0.2567592225511919,0.5324238166813526,0.6185961961746216,0.5816189646720886,0.10258002579212189
Scene,Scene_random_full_05_mean,34567,245,0.01254158206706203,0.47349150269962414,0.6649022698402405,0.6091688275337219,0.06058456376194954
Scene,Scene_random_full_05_mean,34567,249,-0.19239784528997086,0.3295289120261961,0.8218673467636108,0.4389931559562683,0.04270898550748825
Scene,Scene_random_full_05_mean,34567,282,0.16377743477897533,0.3008352955567352,0.6366592049598694,0.5190011262893677,0.2162972092628479
Scene,Scene_random_full_05_mean,34567,289,0.12190380874301367,0.39997177888027147,0.7871536612510681,0.6324906349182129,0.07866612076759338
Scene,Scene_random_full_05_mean,34567,303,0.3077877584980209,0.4828713629626991,0.7130110263824463,0.6840312480926514,0.04807616025209427
Scene,Scene_random_full_05_mean,34567,314,-0.13013482853970998,0.1969116111908259,0.8486195206642151,0.5295402407646179,0.03990621864795685
Scene,Scene_random_full_05_mean,34567,393,0.10763073064552016,0.3421313093780191,0.6971014738082886,0.7719974517822266,0.48660808801651
Scene,Scene_random_full_05_mean,34567,412,0.367120471177664,0.4776950290837975,0.6305983066558838,0.44834354519844055,0.10756941139698029
Scene,Scene_random_full_05_mean,34567,442,0.25121664686988576,0.325282065099751,0.7192364931106567,0.7342280745506287,0.10095866769552231
Scene,Scene_random_full_05_mean,34567,463,0.4005427151368329,0.1395635677468698,0.7195483446121216,0.5477249622344971,0.19547408819198608
Scene,Scene_random_full_05_mean,34567,469,-0.2567644418627638,0.16353848011455738,0.7640001773834229,0.43941983580589294,0.02349674701690674
Scene,Scene_random_full_05_mean,34567,486,0.07758282497685635,0.14394653755864112,0.8131443858146667,0.5406408905982971,0.040584344416856766
Scene,Scene_random_full_05_mean,34567,491,0.363924655351699,0.367543743546872,0.6420157551765442,0.6898008584976196,0.12852130830287933
Scene,Scene_random_full_05_mean,34567,518,0.2540940704834996,0.405259169866555,0.6547988057136536,0.6498731970787048,0.32193151116371155
Scene,Scene_random_full_05_mean,34567,523,0.35476329921252836,0.14013582390634494,0.6344931721687317,0.5921290516853333,0.2708486318588257
Scene,Scene_random_full_05_mean,34567,545,0.07392306031282819,0.28951425190310826,0.7095047831535339,0.4728087782859802,0.00943697802722454
Scene,Scene_random_full_05_mean,34567,551,0.012066136426055632,0.07456871590163026,0.7421947717666626,0.531981885433197,0.03607776015996933
Scene,Scene_random_full_05_mean,34567,568,0.12957515941167036,0.475452741985735,0.6736888289451599,0.7775002717971802,0.25415414571762085
Scene,Scene_random_full_05_mean,34567,620,0.017556205177208066,0.36485890403367677,0.6685594916343689,0.7485116720199585,0.19433924555778503
Scene,Scene_random_full_05_mean,34567,640,-0.08360303553470765,0.18361259171035704,0.7822472453117371,0.5197173953056335,0.060854222625494
Scene,Scene_random_full_05_mean,34567,648,0.34424517788698666,0.25558627560589764,0.6879271268844604,0.7793710231781006,0.3773857653141022
Scene,Scene_random_full_05_mean,34567,671,-0.19715184710923503,0.3527046457339273,0.5996496081352234,0.7894060015678406,0.4164598286151886
Scene,Scene_random_full_05_mean,34567,755,0.11887342724665538,0.30113055835777386,0.7138990163803101,0.8127844929695129,0.4963606297969818
Scene,Scene_random_full_05_mean,34567,811,-0.055701018027533356,0.2367171082123759,0.7913919687271118,0.5740877985954285,0.16641710698604584
Scene,Scene_random_full_05_mean,34567,821,0.053911871437164825,0.31363859832034197,0.706303060054779,0.4809163808822632,0.03205076977610588
Scene,Scene_random_full_05_mean,34567,824,-0.04815079531919894,0.08785270522216575,0.7045783996582031,0.5715641379356384,0.17267514765262604
Scene,Scene_random_full_05_mean,34567,841,0.1663371099125043,0.2647607748575824,0.8018060922622681,0.3907788097858429,0.037437863647937775
Scene,Scene_random_full_05_mean,34567,842,0.16574729179532402,0.29092779062711605,0.7145218253135681,0.740777313709259,0.20337316393852234
Scene,Scene_random_full_05_mean,34567,850,-0.04296366315212119,0.3071955884357434,0.8141571283340454,0.42491480708122253,0.0041726985946297646
Scene,Scene_random_full_05_mean,34567,855,0.23582626669068762,0.42350158787716075,0.6965889930725098,0.6257893443107605,0.009596677497029305
Scene,Scene_random_full_05_mean,34567,872,-0.07834515399186075,0.0811730526319458,0.7742480635643005,0.5823861956596375,0.2014467567205429
Scene,Scene_random_full_05_mean,34567,873,0.41753163839670365,0.4801719477762429,0.6217357516288757,0.3653680682182312,0.09606069326400757
Scene,Scene_random_full_05_mean,34567,893,0.2515030395609735,0.2231594865303988,0.7606356143951416,0.39259153604507446,0.06314806640148163
Scene,Scene_random_full_05_mean,34567,894,0.145442625860891,0.380251535443493,0.7324477434158325,0.5848715305328369,0.023471321910619736
Scene,Scene_random_full_05_mean,34567,918,0.05209981060115235,0.2969575425336425,0.7156118154525757,0.7137776613235474,0.15358194708824158
Scene,Scene_random_full_05_mean,34567,943,0.07568368122519822,0.49403307712726197,0.6597468852996826,0.4882040321826935,0.24974125623703003
Scene,Scene_random_full_05_mean,34567,978,0.3844446693541728,0.5418430749942286,0.6648656725883484,0.5177934765815735,0.05054480582475662
Scene,Scene_random_full_05_mean,34567,999,0.12146591082980879,0.33525202147596056,0.7168371081352234,0.691132664680481,0.02890963666141033
Scene,no_mask,34567,14,0.7449234325283178,0.581030540122983,0.47786638140678406,0.7143715023994446,0.1977957785129547
Scene,no_mask,34567,15,-0.0239447969736945,0.39459125694516467,0.740180492401123,0.814353346824646,0.14145348966121674
Scene,no_mask,34567,36,0.140601719921087,0.24020888151589517,0.6736668348312378,0.6757943034172058,0.051503948867321014
Scene,no_mask,34567,39,-0.2858591966019959,0.3194609188401005,0.49875110387802124,0.6689932346343994,0.2575671672821045
Scene,no_mask,34567,126,0.26769415395142254,0.44271553174434686,0.6631626486778259,0.7971905469894409,0.3674546182155609
Scene,no_mask,34567,132,-0.0257675326988455,0.11781972614227666,0.6832976341247559,0.5886377692222595,0.2795640528202057
Scene,no_mask,34567,167,0.2459814707444606,0.1275226492472528,0.7382755875587463,0.4576857089996338,0.024382632225751877
Scene,no_mask,34567,196,-0.007542121175207417,0.3088139137644055,0.7807803153991699,0.7288667559623718,0.033518142998218536
Scene,no_mask,34567,199,-0.0424388707610303,0.21525289302937617,0.7892484664916992,0.5333157777786255,0.07692565023899078
Scene,no_mask,34567,214,0.13722069221879815,0.33634722152028945,0.6815441250801086,0.7058694958686829,0.1360333412885666
Scene,no_mask,34567,241,-0.08273394450379333,0.2139205130477158,0.773750364780426,0.43414899706840515,0.0022477786988019943
Scene,no_mask,34567,242,0.2671782889638723,0.5388462837477896,0.6333538889884949,0.5356171131134033,0.10945476591587067
Scene,no_mask,34567,245,0.1346805637120879,0.46596676521846025,0.70062655210495,0.6009521484375,-0.02455974370241165
Scene,no_mask,34567,249,-0.16903815724276694,0.3580174744348143,0.8078941106796265,0.4151238203048706,0.029272209852933884
Scene,no_mask,34567,282,0.1252907781108976,0.2944836211226083,0.6351501941680908,0.5165918469429016,0.27082040905952454
Scene,no_mask,34567,289,0.046284948556096696,0.40726564352841743,0.8121790885925293,0.6564860939979553,-0.0016042143106460571
Scene,no_mask,34567,303,0.37654577299331976,0.48346382960126005,0.7486045360565186,0.7640304565429688,0.03002173826098442
Scene,no_mask,34567,314,-0.37512532554080763,0.16489868457133075,0.8487569093704224,0.6952635645866394,0.23611386120319366
Scene,no_mask,34567,393,0.10837349314284506,0.3424599783144392,0.7122893333435059,0.7680835723876953,0.4333040118217468
Scene,no_mask,34567,412,0.39753752006761844,0.5012617782182299,0.5867271423339844,0.43667516112327576,0.025490881875157356
Scene,no_mask,34567,442,0.20105168851953442,0.32667542654866094,0.7031903862953186,0.8198099732398987,0.17555713653564453
Scene,no_mask,34567,463,0.3617552943207443,0.1319586066376656,0.7286036014556885,0.5332790017127991,0.09087003767490387
Scene,no_mask,34567,469,-0.284505564882458,0.16830449088148391,0.7752350568771362,0.36482134461402893,-0.023517362773418427
Scene,no_mask,34567,486,0.08836220895657582,0.14146617395509134,0.8055825233459473,0.5354626774787903,0.04912559688091278
Scene,no_mask,34567,491,0.36513465639242537,0.37618518808620327,0.6361639499664307,0.6336855888366699,0.10527750849723816
Scene,no_mask,34567,518,0.42966768460155913,0.5227434412293189,0.508654773235321,0.7864192128181458,0.4095914959907532
Scene,no_mask,34567,523,0.32306486092768166,0.1414716021009478,0.6588839888572693,0.5291218757629395,0.13681410253047943
Scene,no_mask,34567,545,0.1315377338662871,0.41069682072440866,0.6702713966369629,0.7411129474639893,0.03223376348614693
Scene,no_mask,34567,551,0.02040134833628554,0.08872946865823551,0.7253526449203491,0.465084969997406,0.012418052181601524
Scene,no_mask,34567,568,0.18057772847900014,0.4890555686583525,0.6889300346374512,0.7444524765014648,0.2948651611804962
Scene,no_mask,34567,620,0.09383926036464804,0.33273900874125545,0.7003610730171204,0.7685593962669373,0.3451632857322693
Scene,no_mask,34567,640,-0.06414284791434005,0.19739071793269303,0.7646142840385437,0.630194365978241,0.10088836401700974
Scene,no_mask,34567,648,0.38782926311880617,0.2670702401011238,0.7166673541069031,0.7340497374534607,0.2778931260108948
Scene,no_mask,34567,671,-0.1859820467415334,0.376758321432318,0.6386218667030334,0.7793598175048828,0.39493098855018616
Scene,no_mask,34567,755,0.049341967969084806,0.2765226991164696,0.7269409894943237,0.7351651787757874,0.4526961147785187
Scene,no_mask,34567,811,-0.11295664434276775,0.2502113089218063,0.7640024423599243,0.6096433401107788,0.11540084332227707
Scene,no_mask,34567,821,0.1160302410452527,0.3211743197987067,0.7174336910247803,0.4542608857154846,-0.00018602795898914337
Scene,no_mask,34567,824,-0.11959095281739328,0.10270892872940104,0.791056752204895,0.5604309439659119,0.10364577174186707
Scene,no_mask,34567,841,0.20382558245191953,0.29263636250479924,0.8144407272338867,0.3995521068572998,0.014180398546159267
Scene,no_mask,34567,842,0.18896123263350928,0.29453147403381075,0.7108728885650635,0.709679126739502,0.06393998116254807
Scene,no_mask,34567,850,0.039318580298363874,0.2746642031086039,0.7583333849906921,0.5539767146110535,0.6867596507072449
Scene,no_mask,34567,855,0.30859022684334775,0.4407576625055485,0.6681177616119385,0.6766052842140198,-0.009598007425665855
Scene,no_mask,34567,872,-0.1364011828835953,0.09254300783311581,0.7744659781455994,0.6879885792732239,0.320040225982666
Scene,no_mask,34567,873,0.4323261965487786,0.5193709387505558,0.564950168132782,0.33122044801712036,0.06051017716526985
Scene,no_mask,34567,893,0.1646626580192743,0.21691936559526917,0.7722992897033691,0.4329697787761688,0.07397907972335815
Scene,no_mask,34567,894,0.10851189184443989,0.38453797185518507,0.7618734836578369,0.628442108631134,0.057725656777620316
Scene,no_mask,34567,918,0.007349746847365024,0.27371996825379785,0.6701409816741943,0.6732378005981445,0.24340754747390747
Scene,no_mask,34567,943,0.08912505173362567,0.49606155867960205,0.695337176322937,0.5446749329566956,0.16302162408828735
Scene,no_mask,34567,978,0.6887354867841955,0.5494345363229867,0.6246024370193481,0.6547723412513733,0.2566298842430115
Scene,no_mask,34567,999,0.134202323768255,0.3444636089746848,0.6973420977592468,0.6757045388221741,0.03651464730501175
Scene,no_mask_repeat,34567,14,0.7449234325283178,0.581030540122983,0.47786638140678406,0.7143715023994446,0.1977957785129547
Scene,no_mask_repeat,34567,15,-0.0239447969736945,0.39459125694516467,0.740180492401123,0.814353346824646,0.14145348966121674
Scene,no_mask_repeat,34567,36,0.140601719921087,0.24020888151589517,0.6736668348312378,0.6757943034172058,0.051503948867321014
Scene,no_mask_repeat,34567,39,-0.2858591966019959,0.3194609188401005,0.49875110387802124,0.6689932346343994,0.2575671672821045
Scene,no_mask_repeat,34567,126,0.26769415395142254,0.44271553174434686,0.6631626486778259,0.7971905469894409,0.3674546182155609
Scene,no_mask_repeat,34567,132,-0.0257675326988455,0.11781972614227666,0.6832976341247559,0.5886377692222595,0.2795640528202057
Scene,no_mask_repeat,34567,167,0.2459814707444606,0.1275226492472528,0.7382755875587463,0.4576857089996338,0.024382632225751877
Scene,no_mask_repeat,34567,196,-0.007542121175207417,0.3088139137644055,0.7807803153991699,0.7288667559623718,0.033518142998218536
Scene,no_mask_repeat,34567,199,-0.0424388707610303,0.21525289302937617,0.7892484664916992,0.5333157777786255,0.07692565023899078
Scene,no_mask_repeat,34567,214,0.13722069221879815,0.33634722152028945,0.6815441250801086,0.7058694958686829,0.1360333412885666
Scene,no_mask_repeat,34567,241,-0.08273394450379333,0.2139205130477158,0.773750364780426,0.43414899706840515,0.0022477786988019943
Scene,no_mask_repeat,34567,242,0.2671782889638723,0.5388462837477896,0.6333538889884949,0.5356171131134033,0.10945476591587067
Scene,no_mask_repeat,34567,245,0.1346805637120879,0.46596676521846025,0.70062655210495,0.6009521484375,-0.02455974370241165
Scene,no_mask_repeat,34567,249,-0.16903815724276694,0.3580174744348143,0.8078941106796265,0.4151238203048706,0.029272209852933884
Scene,no_mask_repeat,34567,282,0.1252907781108976,0.2944836211226083,0.6351501941680908,0.5165918469429016,0.27082040905952454
Scene,no_mask_repeat,34567,289,0.046284948556096696,0.40726564352841743,0.8121790885925293,0.6564860939979553,-0.0016042143106460571
Scene,no_mask_repeat,34567,303,0.37654577299331976,0.48346382960126005,0.7486045360565186,0.7640304565429688,0.03002173826098442
Scene,no_mask_repeat,34567,314,-0.37512532554080763,0.16489868457133075,0.8487569093704224,0.6952635645866394,0.23611386120319366
Scene,no_mask_repeat,34567,393,0.10837349314284506,0.3424599783144392,0.7122893333435059,0.7680835723876953,0.4333040118217468
Scene,no_mask_repeat,34567,412,0.39753752006761844,0.5012617782182299,0.5867271423339844,0.43667516112327576,0.025490881875157356
Scene,no_mask_repeat,34567,442,0.20105168851953442,0.32667542654866094,0.7031903862953186,0.8198099732398987,0.17555713653564453
Scene,no_mask_repeat,34567,463,0.3617552943207443,0.1319586066376656,0.7286036014556885,0.5332790017127991,0.09087003767490387
Scene,no_mask_repeat,34567,469,-0.284505564882458,0.16830449088148391,0.7752350568771362,0.36482134461402893,-0.023517362773418427
Scene,no_mask_repeat,34567,486,0.08836220895657582,0.14146617395509134,0.8055825233459473,0.5354626774787903,0.04912559688091278
Scene,no_mask_repeat,34567,491,0.36513465639242537,0.37618518808620327,0.6361639499664307,0.6336855888366699,0.10527750849723816
Scene,no_mask_repeat,34567,518,0.42966768460155913,0.5227434412293189,0.508654773235321,0.7864192128181458,0.4095914959907532
Scene,no_mask_repeat,34567,523,0.32306486092768166,0.1414716021009478,0.6588839888572693,0.5291218757629395,0.13681410253047943
Scene,no_mask_repeat,34567,545,0.1315377338662871,0.41069682072440866,0.6702713966369629,0.7411129474639893,0.03223376348614693
Scene,no_mask_repeat,34567,551,0.02040134833628554,0.08872946865823551,0.7253526449203491,0.465084969997406,0.012418052181601524
Scene,no_mask_repeat,34567,568,0.18057772847900014,0.4890555686583525,0.6889300346374512,0.7444524765014648,0.2948651611804962
Scene,no_mask_repeat,34567,620,0.09383926036464804,0.33273900874125545,0.7003610730171204,0.7685593962669373,0.3451632857322693
Scene,no_mask_repeat,34567,640,-0.06414284791434005,0.19739071793269303,0.7646142840385437,0.630194365978241,0.10088836401700974
Scene,no_mask_repeat,34567,648,0.38782926311880617,0.2670702401011238,0.7166673541069031,0.7340497374534607,0.2778931260108948
Scene,no_mask_repeat,34567,671,-0.1859820467415334,0.376758321432318,0.6386218667030334,0.7793598175048828,0.39493098855018616
Scene,no_mask_repeat,34567,755,0.049341967969084806,0.2765226991164696,0.7269409894943237,0.7351651787757874,0.4526961147785187
Scene,no_mask_repeat,34567,811,-0.11295664434276775,0.2502113089218063,0.7640024423599243,0.6096433401107788,0.11540084332227707
Scene,no_mask_repeat,34567,821,0.1160302410452527,0.3211743197987067,0.7174336910247803,0.4542608857154846,-0.00018602795898914337
Scene,no_mask_repeat,34567,824,-0.11959095281739328,0.10270892872940104,0.791056752204895,0.5604309439659119,0.10364577174186707
Scene,no_mask_repeat,34567,841,0.20382558245191953,0.29263636250479924,0.8144407272338867,0.3995521068572998,0.014180398546159267
Scene,no_mask_repeat,34567,842,0.18896123263350928,0.29453147403381075,0.7108728885650635,0.709679126739502,0.06393998116254807
Scene,no_mask_repeat,34567,850,0.039318580298363874,0.2746642031086039,0.7583333849906921,0.5539767146110535,0.6867596507072449
Scene,no_mask_repeat,34567,855,0.30859022684334775,0.4407576625055485,0.6681177616119385,0.6766052842140198,-0.009598007425665855
Scene,no_mask_repeat,34567,872,-0.1364011828835953,0.09254300783311581,0.7744659781455994,0.6879885792732239,0.320040225982666
Scene,no_mask_repeat,34567,873,0.4323261965487786,0.5193709387505558,0.564950168132782,0.33122044801712036,0.06051017716526985
Scene,no_mask_repeat,34567,893,0.1646626580192743,0.21691936559526917,0.7722992897033691,0.4329697787761688,0.07397907972335815
Scene,no_mask_repeat,34567,894,0.10851189184443989,0.38453797185518507,0.7618734836578369,0.628442108631134,0.057725656777620316
Scene,no_mask_repeat,34567,918,0.007349746847365024,0.27371996825379785,0.6701409816741943,0.6732378005981445,0.24340754747390747
Scene,no_mask_repeat,34567,943,0.08912505173362567,0.49606155867960205,0.695337176322937,0.5446749329566956,0.16302162408828735
Scene,no_mask_repeat,34567,978,0.6887354867841955,0.5494345363229867,0.6246024370193481,0.6547723412513733,0.2566298842430115
Scene,no_mask_repeat,34567,999,0.134202323768255,0.3444636089746848,0.6973420977592468,0.6757045388221741,0.03651464730501175
