background_clip,background_dino,condition,control_type,dataset_idx,experiment,face_detection_success,face_dino,face_lpips,image_category,local_region_pixels,masked_roi,person_dino,person_lpips,person_mask_method,person_region_consistency,scene_class_consistency,seed
,,mask_Body+Scene_mean,target_roi,158,E3_joint_redundancy,1.0,0.13715626299381256,0.6924606561660767,Face,33856,Body+Scene,,,,,,12345
,,mask_Body+Scene_mean,target_roi,287,E3_joint_redundancy,0.0,0.03144918382167816,0.8120236396789551,Face,32761,Body+Scene,,,,,,12345
,,mask_Body+Scene_mean,target_roi,415,E3_joint_redundancy,0.0,0.16007766127586365,0.7049198746681213,Face,30625,Body+Scene,,,,,,12345
,,mask_Body+Scene_mean,target_roi,465,E3_joint_redundancy,1.0,0.3444928526878357,0.7731443047523499,Face,24649,Body+Scene,,,,,,12345
,,mask_Body+Scene_mean,target_roi,529,E3_joint_redundancy,1.0,0.30421483516693115,0.6561019420623779,Face,17161,Body+Scene,,,,,,12345
,,mask_Body+Scene_mean,target_roi,678,E3_joint_redundancy,0.0,0.593859076499939,0.586667537689209,Face,17956,Body+Scene,,,,,,12345
,,mask_Body+Scene_mean,target_roi,756,E3_joint_redundancy,1.0,0.3863130807876587,0.8525712490081787,Face,42025,Body+Scene,,,,,,12345
,,mask_Body+Scene_mean,target_roi,781,E3_joint_redundancy,0.0,0.022076476365327835,0.6932456493377686,Face,16641,Body+Scene,,,,,,12345
,,mask_Body+Scene_mean,target_roi,789,E3_joint_redundancy,0.0,0.2642386257648468,0.6724041700363159,Face,17424,Body+Scene,,,,,,12345
,,mask_Body+Scene_mean,target_roi,973,E3_joint_redundancy,0.0,0.20866431295871735,0.8785285353660583,Face,52900,Body+Scene,,,,,,12345
,,mask_Body+Scene_pure_random_01_mean,pure_matched_random,158,E3_joint_redundancy,1.0,0.08959585428237915,0.7219982147216797,Face,33856,Body+Scene,,,,,,12345
,,mask_Body+Scene_pure_random_01_mean,pure_matched_random,287,E3_joint_redundancy,1.0,0.12732955813407898,0.8327215313911438,Face,32761,Body+Scene,,,,,,12345
,,mask_Body+Scene_pure_random_01_mean,pure_matched_random,415,E3_joint_redundancy,0.0,0.21454450488090515,0.698574423789978,Face,30625,Body+Scene,,,,,,12345
,,mask_Body+Scene_pure_random_01_mean,pure_matched_random,465,E3_joint_redundancy,1.0,0.24944858253002167,0.7993270754814148,Face,24649,Body+Scene,,,,,,12345
,,mask_Body+Scene_pure_random_01_mean,pure_matched_random,529,E3_joint_redundancy,1.0,0.2771041989326477,0.6576921343803406,Face,17161,Body+Scene,,,,,,12345
,,mask_Body+Scene_pure_random_01_mean,pure_matched_random,678,E3_joint_redundancy,1.0,0.4391513764858246,0.558044970035553,Face,17956,Body+Scene,,,,,,12345
,,mask_Body+Scene_pure_random_01_mean,pure_matched_random,756,E3_joint_redundancy,0.0,0.38021302223205566,0.7966274619102478,Face,42025,Body+Scene,,,,,,12345
,,mask_Body+Scene_pure_random_01_mean,pure_matched_random,781,E3_joint_redundancy,0.0,0.02820689044892788,0.6976041793823242,Face,16641,Body+Scene,,,,,,12345
,,mask_Body+Scene_pure_random_01_mean,pure_matched_random,789,E3_joint_redundancy,0.0,0.2907141447067261,0.6731658577919006,Face,17424,Body+Scene,,,,,,12345
,,mask_Body+Scene_pure_random_01_mean,pure_matched_random,973,E3_joint_redundancy,0.0,0.2090497612953186,0.8353604674339294,Face,52900,Body+Scene,,,,,,12345
,,mask_Body+Scene_pure_random_02_mean,pure_matched_random,158,E3_joint_redundancy,1.0,0.10858169198036194,0.7227019667625427,Face,33856,Body+Scene,,,,,,12345
,,mask_Body+Scene_pure_random_02_mean,pure_matched_random,287,E3_joint_redundancy,0.0,0.141463965177536,0.8295783996582031,Face,32761,Body+Scene,,,,,,12345
,,mask_Body+Scene_pure_random_02_mean,pure_matched_random,415,E3_joint_redundancy,0.0,0.21381427347660065,0.7098596692085266,Face,30625,Body+Scene,,,,,,12345
,,mask_Body+Scene_pure_random_02_mean,pure_matched_random,465,E3_joint_redundancy,0.0,0.27450597286224365,0.7924677729606628,Face,24649,Body+Scene,,,,,,12345
,,mask_Body+Scene_pure_random_02_mean,pure_matched_random,529,E3_joint_redundancy,1.0,0.27481865882873535,0.6562975645065308,Face,17161,Body+Scene,,,,,,12345
,,mask_Body+Scene_pure_random_02_mean,pure_matched_random,678,E3_joint_redundancy,1.0,0.44458505511283875,0.5612505674362183,Face,17956,Body+Scene,,,,,,12345
,,mask_Body+Scene_pure_random_02_mean,pure_matched_random,756,E3_joint_redundancy,0.0,0.3940018117427826,0.7999083995819092,Face,42025,Body+Scene,,,,,,12345
,,mask_Body+Scene_pure_random_02_mean,pure_matched_random,781,E3_joint_redundancy,1.0,0.01871425472199917,0.6875620484352112,Face,16641,Body+Scene,,,,,,12345
,,mask_Body+Scene_pure_random_02_mean,pure_matched_random,789,E3_joint_redundancy,0.0,0.29159343242645264,0.6769386529922485,Face,17424,Body+Scene,,,,,,12345
,,mask_Body+Scene_pure_random_02_mean,pure_matched_random,973,E3_joint_redundancy,0.0,0.20729568600654602,0.8325122594833374,Face,52900,Body+Scene,,,,,,12345
,,mask_Body+Scene_pure_random_03_mean,pure_matched_random,158,E3_joint_redundancy,1.0,0.14238262176513672,0.7271323204040527,Face,33856,Body+Scene,,,,,,12345
,,mask_Body+Scene_pure_random_03_mean,pure_matched_random,287,E3_joint_redundancy,0.0,0.07491482049226761,0.8311785459518433,Face,32761,Body+Scene,,,,,,12345
,,mask_Body+Scene_pure_random_03_mean,pure_matched_random,415,E3_joint_redundancy,0.0,0.22412165999412537,0.6938791275024414,Face,30625,Body+Scene,,,,,,12345
,,mask_Body+Scene_pure_random_03_mean,pure_matched_random,465,E3_joint_redundancy,1.0,0.18134060502052307,0.8035033941268921,Face,24649,Body+Scene,,,,,,12345
,,mask_Body+Scene_pure_random_03_mean,pure_matched_random,529,E3_joint_redundancy,1.0,0.30572545528411865,0.65931236743927,Face,17161,Body+Scene,,,,,,12345
,,mask_Body+Scene_pure_random_03_mean,pure_matched_random,678,E3_joint_redundancy,1.0,0.4792592525482178,0.5616002082824707,Face,17956,Body+Scene,,,,,,12345
,,mask_Body+Scene_pure_random_03_mean,pure_matched_random,756,E3_joint_redundancy,0.0,0.43477705121040344,0.8019472360610962,Face,42025,Body+Scene,,,,,,12345
,,mask_Body+Scene_pure_random_03_mean,pure_matched_random,781,E3_joint_redundancy,1.0,0.12034901976585388,0.7144741415977478,Face,16641,Body+Scene,,,,,,12345
,,mask_Body+Scene_pure_random_03_mean,pure_matched_random,789,E3_joint_redundancy,0.0,0.19203688204288483,0.673111081123352,Face,17424,Body+Scene,,,,,,12345
,,mask_Body+Scene_pure_random_03_mean,pure_matched_random,973,E3_joint_redundancy,0.0,0.19494080543518066,0.8271979093551636,Face,52900,Body+Scene,,,,,,12345
,,mask_Body+Scene_pure_random_04_mean,pure_matched_random,158,E3_joint_redundancy,1.0,0.12196952849626541,0.7174925208091736,Face,33856,Body+Scene,,,,,,12345
,,mask_Body+Scene_pure_random_04_mean,pure_matched_random,287,E3_joint_redundancy,1.0,0.12560023367404938,0.8297216296195984,Face,32761,Body+Scene,,,,,,12345
,,mask_Body+Scene_pure_random_04_mean,pure_matched_random,415,E3_joint_redundancy,0.0,0.2268819808959961,0.7078288197517395,Face,30625,Body+Scene,,,,,,12345
,,mask_Body+Scene_pure_random_04_mean,pure_matched_random,465,E3_joint_redundancy,1.0,0.23434127867221832,0.7977795600891113,Face,24649,Body+Scene,,,,,,12345
,,mask_Body+Scene_pure_random_04_mean,pure_matched_random,529,E3_joint_redundancy,1.0,0.28579625487327576,0.6537020206451416,Face,17161,Body+Scene,,,,,,12345
,,mask_Body+Scene_pure_random_04_mean,pure_matched_random,678,E3_joint_redundancy,1.0,0.4421249032020569,0.5603054165840149,Face,17956,Body+Scene,,,,,,12345
,,mask_Body+Scene_pure_random_04_mean,pure_matched_random,756,E3_joint_redundancy,0.0,0.37809786200523376,0.7980154752731323,Face,42025,Body+Scene,,,,,,12345
,,mask_Body+Scene_pure_random_04_mean,pure_matched_random,781,E3_joint_redundancy,0.0,0.10812023282051086,0.6854132413864136,Face,16641,Body+Scene,,,,,,12345
,,mask_Body+Scene_pure_random_04_mean,pure_matched_random,789,E3_joint_redundancy,0.0,0.2811424136161804,0.6749788522720337,Face,17424,Body+Scene,,,,,,12345
,,mask_Body+Scene_pure_random_04_mean,pure_matched_random,973,E3_joint_redundancy,0.0,0.21495208144187927,0.8323005437850952,Face,52900,Body+Scene,,,,,,12345
,,mask_Body+Scene_pure_random_05_mean,pure_matched_random,158,E3_joint_redundancy,1.0,0.13456666469573975,0.7240821123123169,Face,33856,Body+Scene,,,,,,12345
,,mask_Body+Scene_pure_random_05_mean,pure_matched_random,287,E3_joint_redundancy,0.0,0.026713140308856964,0.8226915597915649,Face,32761,Body+Scene,,,,,,12345
,,mask_Body+Scene_pure_random_05_mean,pure_matched_random,415,E3_joint_redundancy,0.0,0.24740435183048248,0.7117117643356323,Face,30625,Body+Scene,,,,,,12345
,,mask_Body+Scene_pure_random_05_mean,pure_matched_random,465,E3_joint_redundancy,0.0,0.3031647205352783,0.7915124893188477,Face,24649,Body+Scene,,,,,,12345
,,mask_Body+Scene_pure_random_05_mean,pure_matched_random,529,E3_joint_redundancy,1.0,0.300886332988739,0.6606853008270264,Face,17161,Body+Scene,,,,,,12345
,,mask_Body+Scene_pure_random_05_mean,pure_matched_random,678,E3_joint_redundancy,1.0,0.4538871645927429,0.5665372610092163,Face,17956,Body+Scene,,,,,,12345
,,mask_Body+Scene_pure_random_05_mean,pure_matched_random,756,E3_joint_redundancy,0.0,0.44553592801094055,0.797516405582428,Face,42025,Body+Scene,,,,,,12345
,,mask_Body+Scene_pure_random_05_mean,pure_matched_random,781,E3_joint_redundancy,1.0,0.04503112658858299,0.7344797253608704,Face,16641,Body+Scene,,,,,,12345
,,mask_Body+Scene_pure_random_05_mean,pure_matched_random,789,E3_joint_redundancy,1.0,0.21174827218055725,0.6689993143081665,Face,17424,Body+Scene,,,,,,12345
,,mask_Body+Scene_pure_random_05_mean,pure_matched_random,973,E3_joint_redundancy,0.0,0.18016985058784485,0.8422762751579285,Face,52900,Body+Scene,,,,,,12345
,,mask_Face+Body+Scene_mean,target_roi,158,E3_joint_redundancy,1.0,0.12456034123897552,0.692786693572998,Face,33856,Face+Body+Scene,,,,,,12345
,,mask_Face+Body+Scene_mean,target_roi,287,E3_joint_redundancy,0.0,0.08545083552598953,0.8004160523414612,Face,32761,Face+Body+Scene,,,,,,12345
,,mask_Face+Body+Scene_mean,target_roi,415,E3_joint_redundancy,0.0,0.17385415732860565,0.7054707407951355,Face,30625,Face+Body+Scene,,,,,,12345
,,mask_Face+Body+Scene_mean,target_roi,465,E3_joint_redundancy,1.0,0.34512704610824585,0.7749946713447571,Face,24649,Face+Body+Scene,,,,,,12345
,,mask_Face+Body+Scene_mean,target_roi,529,E3_joint_redundancy,1.0,0.27572086453437805,0.6600875854492188,Face,17161,Face+Body+Scene,,,,,,12345
,,mask_Face+Body+Scene_mean,target_roi,678,E3_joint_redundancy,0.0,0.5752772688865662,0.5835673213005066,Face,17956,Face+Body+Scene,,,,,,12345
,,mask_Face+Body+Scene_mean,target_roi,756,E3_joint_redundancy,1.0,0.4802427291870117,0.8536947965621948,Face,42025,Face+Body+Scene,,,,,,12345
,,mask_Face+Body+Scene_mean,target_roi,781,E3_joint_redundancy,0.0,0.04800936579704285,0.691220223903656,Face,16641,Face+Body+Scene,,,,,,12345
,,mask_Face+Body+Scene_mean,target_roi,789,E3_joint_redundancy,0.0,0.2604118287563324,0.6715874671936035,Face,17424,Face+Body+Scene,,,,,,12345
,,mask_Face+Body+Scene_mean,target_roi,973,E3_joint_redundancy,0.0,0.20516273379325867,0.8767666816711426,Face,52900,Face+Body+Scene,,,,,,12345
,,mask_Face+Body+Scene_pure_random_01_mean,pure_matched_random,158,E3_joint_redundancy,1.0,0.17656825482845306,0.7166263461112976,Face,33856,Face+Body+Scene,,,,,,12345
,,mask_Face+Body+Scene_pure_random_01_mean,pure_matched_random,287,E3_joint_redundancy,0.0,0.11257098615169525,0.8031044006347656,Face,32761,Face+Body+Scene,,,,,,12345
,,mask_Face+Body+Scene_pure_random_01_mean,pure_matched_random,415,E3_joint_redundancy,0.0,0.27614083886146545,0.7369520664215088,Face,30625,Face+Body+Scene,,,,,,12345
,,mask_Face+Body+Scene_pure_random_01_mean,pure_matched_random,465,E3_joint_redundancy,1.0,0.2960098683834076,0.7996132373809814,Face,24649,Face+Body+Scene,,,,,,12345
,,mask_Face+Body+Scene_pure_random_01_mean,pure_matched_random,529,E3_joint_redundancy,0.0,0.30265480279922485,0.6604979038238525,Face,17161,Face+Body+Scene,,,,,,12345
,,mask_Face+Body+Scene_pure_random_01_mean,pure_matched_random,678,E3_joint_redundancy,1.0,0.4376947283744812,0.5653517246246338,Face,17956,Face+Body+Scene,,,,,,12345
,,mask_Face+Body+Scene_pure_random_01_mean,pure_matched_random,756,E3_joint_redundancy,0.0,0.3808257281780243,0.8033605813980103,Face,42025,Face+Body+Scene,,,,,,12345
,,mask_Face+Body+Scene_pure_random_01_mean,pure_matched_random,781,E3_joint_redundancy,1.0,0.010609203949570656,0.7469579577445984,Face,16641,Face+Body+Scene,,,,,,12345
,,mask_Face+Body+Scene_pure_random_01_mean,pure_matched_random,789,E3_joint_redundancy,0.0,0.3346269130706787,0.6670777797698975,Face,17424,Face+Body+Scene,,,,,,12345
,,mask_Face+Body+Scene_pure_random_01_mean,pure_matched_random,973,E3_joint_redundancy,0.0,0.26531046628952026,0.8208177089691162,Face,52900,Face+Body+Scene,,,,,,12345
,,mask_Face+Body+Scene_pure_random_02_mean,pure_matched_random,158,E3_joint_redundancy,1.0,0.05002128705382347,0.7082947492599487,Face,33856,Face+Body+Scene,,,,,,12345
,,mask_Face+Body+Scene_pure_random_02_mean,pure_matched_random,287,E3_joint_redundancy,1.0,0.10357337445020676,0.8472054600715637,Face,32761,Face+Body+Scene,,,,,,12345
,,mask_Face+Body+Scene_pure_random_02_mean,pure_matched_random,415,E3_joint_redundancy,0.0,0.24925845861434937,0.7322177290916443,Face,30625,Face+Body+Scene,,,,,,12345
,,mask_Face+Body+Scene_pure_random_02_mean,pure_matched_random,465,E3_joint_redundancy,1.0,0.31053388118743896,0.7921592593193054,Face,24649,Face+Body+Scene,,,,,,12345
,,mask_Face+Body+Scene_pure_random_02_mean,pure_matched_random,529,E3_joint_redundancy,0.0,0.3634292185306549,0.6900050640106201,Face,17161,Face+Body+Scene,,,,,,12345
,,mask_Face+Body+Scene_pure_random_02_mean,pure_matched_random,678,E3_joint_redundancy,1.0,0.32331886887550354,0.5426811575889587,Face,17956,Face+Body+Scene,,,,,,12345
,,mask_Face+Body+Scene_pure_random_02_mean,pure_matched_random,756,E3_joint_redundancy,0.0,0.3867811858654022,0.8025867938995361,Face,42025,Face+Body+Scene,,,,,,12345
,,mask_Face+Body+Scene_pure_random_02_mean,pure_matched_random,781,E3_joint_redundancy,0.0,0.07318814843893051,0.6787062287330627,Face,16641,Face+Body+Scene,,,,,,12345
,,mask_Face+Body+Scene_pure_random_02_mean,pure_matched_random,789,E3_joint_redundancy,0.0,0.35398539900779724,0.6744375228881836,Face,17424,Face+Body+Scene,,,,,,12345
,,mask_Face+Body+Scene_pure_random_02_mean,pure_matched_random,973,E3_joint_redundancy,0.0,0.18143394589424133,0.8330429196357727,Face,52900,Face+Body+Scene,,,,,,12345
,,mask_Face+Body+Scene_pure_random_03_mean,pure_matched_random,158,E3_joint_redundancy,1.0,0.10682906955480576,0.7289000153541565,Face,33856,Face+Body+Scene,,,,,,12345
,,mask_Face+Body+Scene_pure_random_03_mean,pure_matched_random,287,E3_joint_redundancy,1.0,0.10239032655954361,0.8287569880485535,Face,32761,Face+Body+Scene,,,,,,12345
,,mask_Face+Body+Scene_pure_random_03_mean,pure_matched_random,415,E3_joint_redundancy,0.0,0.23614391684532166,0.7128149271011353,Face,30625,Face+Body+Scene,,,,,,12345
,,mask_Face+Body+Scene_pure_random_03_mean,pure_matched_random,465,E3_joint_redundancy,1.0,0.23761972784996033,0.8064408302307129,Face,24649,Face+Body+Scene,,,,,,12345
,,mask_Face+Body+Scene_pure_random_03_mean,pure_matched_random,529,E3_joint_redundancy,0.0,0.2812592089176178,0.6564288139343262,Face,17161,Face+Body+Scene,,,,,,12345
,,mask_Face+Body+Scene_pure_random_03_mean,pure_matched_random,678,E3_joint_redundancy,1.0,0.43737101554870605,0.561296820640564,Face,17956,Face+Body+Scene,,,,,,12345
,,mask_Face+Body+Scene_pure_random_03_mean,pure_matched_random,756,E3_joint_redundancy,0.0,0.42622560262680054,0.8011513352394104,Face,42025,Face+Body+Scene,,,,,,12345
,,mask_Face+Body+Scene_pure_random_03_mean,pure_matched_random,781,E3_joint_redundancy,1.0,0.1012319028377533,0.7308923602104187,Face,16641,Face+Body+Scene,,,,,,12345
,,mask_Face+Body+Scene_pure_random_03_mean,pure_matched_random,789,E3_joint_redundancy,0.0,0.26249903440475464,0.6785000562667847,Face,17424,Face+Body+Scene,,,,,,12345
,,mask_Face+Body+Scene_pure_random_03_mean,pure_matched_random,973,E3_joint_redundancy,0.0,0.2189393788576126,0.8257414698600769,Face,52900,Face+Body+Scene,,,,,,12345
,,mask_Face+Body+Scene_pure_random_04_mean,pure_matched_random,158,E3_joint_redundancy,1.0,0.20703668892383575,0.7141090631484985,Face,33856,Face+Body+Scene,,,,,,12345
,,mask_Face+Body+Scene_pure_random_04_mean,pure_matched_random,287,E3_joint_redundancy,0.0,0.10091996192932129,0.8383681178092957,Face,32761,Face+Body+Scene,,,,,,12345
,,mask_Face+Body+Scene_pure_random_04_mean,pure_matched_random,415,E3_joint_redundancy,0.0,0.27186042070388794,0.7191101312637329,Face,30625,Face+Body+Scene,,,,,,12345
,,mask_Face+Body+Scene_pure_random_04_mean,pure_matched_random,465,E3_joint_redundancy,1.0,0.19516192376613617,0.7964737415313721,Face,24649,Face+Body+Scene,,,,,,12345
,,mask_Face+Body+Scene_pure_random_04_mean,pure_matched_random,529,E3_joint_redundancy,1.0,0.3298313617706299,0.6663714051246643,Face,17161,Face+Body+Scene,,,,,,12345
,,mask_Face+Body+Scene_pure_random_04_mean,pure_matched_random,678,E3_joint_redundancy,1.0,0.43696627020835876,0.568138062953949,Face,17956,Face+Body+Scene,,,,,,12345
,,mask_Face+Body+Scene_pure_random_04_mean,pure_matched_random,756,E3_joint_redundancy,0.0,0.31793808937072754,0.8018755316734314,Face,42025,Face+Body+Scene,,,,,,12345
,,mask_Face+Body+Scene_pure_random_04_mean,pure_matched_random,781,E3_joint_redundancy,0.0,0.04137655720114708,0.7395135164260864,Face,16641,Face+Body+Scene,,,,,,12345
,,mask_Face+Body+Scene_pure_random_04_mean,pure_matched_random,789,E3_joint_redundancy,0.0,0.22381016612052917,0.6671226024627686,Face,17424,Face+Body+Scene,,,,,,12345
,,mask_Face+Body+Scene_pure_random_04_mean,pure_matched_random,973,E3_joint_redundancy,0.0,0.20347672700881958,0.8288540244102478,Face,52900,Face+Body+Scene,,,,,,12345
,,mask_Face+Body+Scene_pure_random_05_mean,pure_matched_random,158,E3_joint_redundancy,1.0,0.058007773011922836,0.7299234867095947,Face,33856,Face+Body+Scene,,,,,,12345
,,mask_Face+Body+Scene_pure_random_05_mean,pure_matched_random,287,E3_joint_redundancy,0.0,0.0921504944562912,0.8111036419868469,Face,32761,Face+Body+Scene,,,,,,12345
,,mask_Face+Body+Scene_pure_random_05_mean,pure_matched_random,415,E3_joint_redundancy,0.0,0.25204670429229736,0.7053135633468628,Face,30625,Face+Body+Scene,,,,,,12345
,,mask_Face+Body+Scene_pure_random_05_mean,pure_matched_random,465,E3_joint_redundancy,1.0,0.3224397897720337,0.8076525926589966,Face,24649,Face+Body+Scene,,,,,,12345
,,mask_Face+Body+Scene_pure_random_05_mean,pure_matched_random,529,E3_joint_redundancy,1.0,0.29547178745269775,0.6818031072616577,Face,17161,Face+Body+Scene,,,,,,12345
,,mask_Face+Body+Scene_pure_random_05_mean,pure_matched_random,678,E3_joint_redundancy,0.0,0.46769842505455017,0.5447165369987488,Face,17956,Face+Body+Scene,,,,,,12345
,,mask_Face+Body+Scene_pure_random_05_mean,pure_matched_random,756,E3_joint_redundancy,0.0,0.40559184551239014,0.79973304271698,Face,42025,Face+Body+Scene,,,,,,12345
,,mask_Face+Body+Scene_pure_random_05_mean,pure_matched_random,781,E3_joint_redundancy,1.0,0.04542790725827217,0.7040242552757263,Face,16641,Face+Body+Scene,,,,,,12345
,,mask_Face+Body+Scene_pure_random_05_mean,pure_matched_random,789,E3_joint_redundancy,0.0,0.2874099910259247,0.6725271940231323,Face,17424,Face+Body+Scene,,,,,,12345
,,mask_Face+Body+Scene_pure_random_05_mean,pure_matched_random,973,E3_joint_redundancy,0.0,0.16054216027259827,0.8276941180229187,Face,52900,Face+Body+Scene,,,,,,12345
,,mask_Face+Body_mean,target_roi,158,E3_joint_redundancy,1.0,0.2837870419025421,0.7053705453872681,Face,33856,Face+Body,,,,,,12345
,,mask_Face+Body_mean,target_roi,287,E3_joint_redundancy,0.0,0.0964602679014206,0.791732907295227,Face,32761,Face+Body,,,,,,12345
,,mask_Face+Body_mean,target_roi,415,E3_joint_redundancy,0.0,0.22953711450099945,0.7017602920532227,Face,30625,Face+Body,,,,,,12345
,,mask_Face+Body_mean,target_roi,465,E3_joint_redundancy,1.0,0.2944515645503998,0.7982797622680664,Face,24649,Face+Body,,,,,,12345
,,mask_Face+Body_mean,target_roi,529,E3_joint_redundancy,1.0,0.313734769821167,0.6557071805000305,Face,17161,Face+Body,,,,,,12345
,,mask_Face+Body_mean,target_roi,678,E3_joint_redundancy,1.0,0.4325947165489197,0.5592578053474426,Face,17956,Face+Body,,,,,,12345
,,mask_Face+Body_mean,target_roi,756,E3_joint_redundancy,0.0,0.41420450806617737,0.8045424222946167,Face,42025,Face+Body,,,,,,12345
,,mask_Face+Body_mean,target_roi,781,E3_joint_redundancy,0.0,0.04270924627780914,0.7191608548164368,Face,16641,Face+Body,,,,,,12345
,,mask_Face+Body_mean,target_roi,789,E3_joint_redundancy,0.0,0.2572215497493744,0.6707310080528259,Face,17424,Face+Body,,,,,,12345
,,mask_Face+Body_mean,target_roi,973,E3_joint_redundancy,0.0,0.237136572599411,0.8358038067817688,Face,52900,Face+Body,,,,,,12345
,,mask_Face+Body_pure_random_01_mean,pure_matched_random,158,E3_joint_redundancy,1.0,0.09914935380220413,0.7201856374740601,Face,33856,Face+Body,,,,,,12345
,,mask_Face+Body_pure_random_01_mean,pure_matched_random,287,E3_joint_redundancy,1.0,0.11830468475818634,0.8322639465332031,Face,32761,Face+Body,,,,,,12345
,,mask_Face+Body_pure_random_01_mean,pure_matched_random,415,E3_joint_redundancy,0.0,0.23212946951389313,0.7009807229042053,Face,30625,Face+Body,,,,,,12345
,,mask_Face+Body_pure_random_01_mean,pure_matched_random,465,E3_joint_redundancy,1.0,0.2685330808162689,0.8000802397727966,Face,24649,Face+Body,,,,,,12345
,,mask_Face+Body_pure_random_01_mean,pure_matched_random,529,E3_joint_redundancy,1.0,0.28426045179367065,0.6537387371063232,Face,17161,Face+Body,,,,,,12345
,,mask_Face+Body_pure_random_01_mean,pure_matched_random,678,E3_joint_redundancy,1.0,0.4396240711212158,0.56142258644104,Face,17956,Face+Body,,,,,,12345
,,mask_Face+Body_pure_random_01_mean,pure_matched_random,756,E3_joint_redundancy,0.0,0.3651951849460602,0.8003560304641724,Face,42025,Face+Body,,,,,,12345
,,mask_Face+Body_pure_random_01_mean,pure_matched_random,781,E3_joint_redundancy,0.0,0.09622827172279358,0.6965924501419067,Face,16641,Face+Body,,,,,,12345
,,mask_Face+Body_pure_random_01_mean,pure_matched_random,789,E3_joint_redundancy,0.0,0.25700217485427856,0.6770381331443787,Face,17424,Face+Body,,,,,,12345
,,mask_Face+Body_pure_random_01_mean,pure_matched_random,973,E3_joint_redundancy,0.0,0.2129964381456375,0.8342165350914001,Face,52900,Face+Body,,,,,,12345
,,mask_Face+Body_pure_random_02_mean,pure_matched_random,158,E3_joint_redundancy,1.0,0.16491708159446716,0.7081036567687988,Face,33856,Face+Body,,,,,,12345
,,mask_Face+Body_pure_random_02_mean,pure_matched_random,287,E3_joint_redundancy,0.0,0.1264367401599884,0.8249658346176147,Face,32761,Face+Body,,,,,,12345
,,mask_Face+Body_pure_random_02_mean,pure_matched_random,415,E3_joint_redundancy,0.0,0.22816014289855957,0.7067667841911316,Face,30625,Face+Body,,,,,,12345
,,mask_Face+Body_pure_random_02_mean,pure_matched_random,465,E3_joint_redundancy,1.0,0.29183632135391235,0.8010393381118774,Face,24649,Face+Body,,,,,,12345
,,mask_Face+Body_pure_random_02_mean,pure_matched_random,529,E3_joint_redundancy,0.0,0.3440282642841339,0.661562442779541,Face,17161,Face+Body,,,,,,12345
,,mask_Face+Body_pure_random_02_mean,pure_matched_random,678,E3_joint_redundancy,0.0,0.46310532093048096,0.564712643623352,Face,17956,Face+Body,,,,,,12345
,,mask_Face+Body_pure_random_02_mean,pure_matched_random,756,E3_joint_redundancy,0.0,0.4579043686389923,0.80000901222229,Face,42025,Face+Body,,,,,,12345
,,mask_Face+Body_pure_random_02_mean,pure_matched_random,781,E3_joint_redundancy,0.0,0.01925039477646351,0.7221336364746094,Face,16641,Face+Body,,,,,,12345
,,mask_Face+Body_pure_random_02_mean,pure_matched_random,789,E3_joint_redundancy,0.0,0.27299630641937256,0.663956880569458,Face,17424,Face+Body,,,,,,12345
,,mask_Face+Body_pure_random_02_mean,pure_matched_random,973,E3_joint_redundancy,0.0,0.1860189586877823,0.8404982089996338,Face,52900,Face+Body,,,,,,12345
,,mask_Face+Body_pure_random_03_mean,pure_matched_random,158,E3_joint_redundancy,1.0,0.11938855051994324,0.7372286319732666,Face,33856,Face+Body,,,,,,12345
,,mask_Face+Body_pure_random_03_mean,pure_matched_random,287,E3_joint_redundancy,1.0,0.07530702650547028,0.817663848400116,Face,32761,Face+Body,,,,,,12345
,,mask_Face+Body_pure_random_03_mean,pure_matched_random,415,E3_joint_redundancy,0.0,0.2069808840751648,0.7049594521522522,Face,30625,Face+Body,,,,,,12345
,,mask_Face+Body_pure_random_03_mean,pure_matched_random,465,E3_joint_redundancy,1.0,0.2887971103191376,0.7995996475219727,Face,24649,Face+Body,,,,,,12345
,,mask_Face+Body_pure_random_03_mean,pure_matched_random,529,E3_joint_redundancy,0.0,0.3459303081035614,0.6685284376144409,Face,17161,Face+Body,,,,,,12345
,,mask_Face+Body_pure_random_03_mean,pure_matched_random,678,E3_joint_redundancy,1.0,0.4251469373703003,0.5598015189170837,Face,17956,Face+Body,,,,,,12345
,,mask_Face+Body_pure_random_03_mean,pure_matched_random,756,E3_joint_redundancy,0.0,0.37787768244743347,0.7988618612289429,Face,42025,Face+Body,,,,,,12345
,,mask_Face+Body_pure_random_03_mean,pure_matched_random,781,E3_joint_redundancy,1.0,0.07179015129804611,0.7054763436317444,Face,16641,Face+Body,,,,,,12345
,,mask_Face+Body_pure_random_03_mean,pure_matched_random,789,E3_joint_redundancy,1.0,0.3687051832675934,0.6655064821243286,Face,17424,Face+Body,,,,,,12345
,,mask_Face+Body_pure_random_03_mean,pure_matched_random,973,E3_joint_redundancy,0.0,0.37914034724235535,0.8577415943145752,Face,52900,Face+Body,,,,,,12345
,,mask_Face+Body_pure_random_04_mean,pure_matched_random,158,E3_joint_redundancy,1.0,0.08366196602582932,0.7242138385772705,Face,33856,Face+Body,,,,,,12345
,,mask_Face+Body_pure_random_04_mean,pure_matched_random,287,E3_joint_redundancy,0.0,0.1064431294798851,0.8322847485542297,Face,32761,Face+Body,,,,,,12345
,,mask_Face+Body_pure_random_04_mean,pure_matched_random,415,E3_joint_redundancy,0.0,0.29888543486595154,0.7038078308105469,Face,30625,Face+Body,,,,,,12345
,,mask_Face+Body_pure_random_04_mean,pure_matched_random,465,E3_joint_redundancy,1.0,0.27720728516578674,0.799697756767273,Face,24649,Face+Body,,,,,,12345
,,mask_Face+Body_pure_random_04_mean,pure_matched_random,529,E3_joint_redundancy,1.0,0.281059205532074,0.657019853591919,Face,17161,Face+Body,,,,,,12345
,,mask_Face+Body_pure_random_04_mean,pure_matched_random,678,E3_joint_redundancy,1.0,0.42792728543281555,0.5601904988288879,Face,17956,Face+Body,,,,,,12345
,,mask_Face+Body_pure_random_04_mean,pure_matched_random,756,E3_joint_redundancy,0.0,0.3624018728733063,0.8007174134254456,Face,42025,Face+Body,,,,,,12345
,,mask_Face+Body_pure_random_04_mean,pure_matched_random,781,E3_joint_redundancy,1.0,0.014525854028761387,0.6946579217910767,Face,16641,Face+Body,,,,,,12345
,,mask_Face+Body_pure_random_04_mean,pure_matched_random,789,E3_joint_redundancy,0.0,0.28768661618232727,0.6780838966369629,Face,17424,Face+Body,,,,,,12345
,,mask_Face+Body_pure_random_04_mean,pure_matched_random,973,E3_joint_redundancy,0.0,0.20180518925189972,0.8320319652557373,Face,52900,Face+Body,,,,,,12345
,,mask_Face+Body_pure_random_05_mean,pure_matched_random,158,E3_joint_redundancy,1.0,0.09856228530406952,0.7245813012123108,Face,33856,Face+Body,,,,,,12345
,,mask_Face+Body_pure_random_05_mean,pure_matched_random,287,E3_joint_redundancy,0.0,0.12173628062009811,0.8290479183197021,Face,32761,Face+Body,,,,,,12345
,,mask_Face+Body_pure_random_05_mean,pure_matched_random,415,E3_joint_redundancy,0.0,0.24947668612003326,0.7061043381690979,Face,30625,Face+Body,,,,,,12345
,,mask_Face+Body_pure_random_05_mean,pure_matched_random,465,E3_joint_redundancy,1.0,0.27171897888183594,0.8024351000785828,Face,24649,Face+Body,,,,,,12345
,,mask_Face+Body_pure_random_05_mean,pure_matched_random,529,E3_joint_redundancy,1.0,0.2816290259361267,0.6572346091270447,Face,17161,Face+Body,,,,,,12345
,,mask_Face+Body_pure_random_05_mean,pure_matched_random,678,E3_joint_redundancy,1.0,0.43163132667541504,0.5604158639907837,Face,17956,Face+Body,,,,,,12345
,,mask_Face+Body_pure_random_05_mean,pure_matched_random,756,E3_joint_redundancy,0.0,0.38351842761039734,0.8019283413887024,Face,42025,Face+Body,,,,,,12345
,,mask_Face+Body_pure_random_05_mean,pure_matched_random,781,E3_joint_redundancy,0.0,0.04176180809736252,0.706159770488739,Face,16641,Face+Body,,,,,,12345
,,mask_Face+Body_pure_random_05_mean,pure_matched_random,789,E3_joint_redundancy,0.0,0.2651744782924652,0.6779924035072327,Face,17424,Face+Body,,,,,,12345
,,mask_Face+Body_pure_random_05_mean,pure_matched_random,973,E3_joint_redundancy,0.0,0.22782716155052185,0.8338613510131836,Face,52900,Face+Body,,,,,,12345
,,mask_Face+Scene_mean,target_roi,158,E3_joint_redundancy,1.0,0.20565824210643768,0.7452657222747803,Face,33856,Face+Scene,,,,,,12345
,,mask_Face+Scene_mean,target_roi,287,E3_joint_redundancy,0.0,0.09019821882247925,0.8295889496803284,Face,32761,Face+Scene,,,,,,12345
,,mask_Face+Scene_mean,target_roi,415,E3_joint_redundancy,0.0,0.19652880728244781,0.7003167867660522,Face,30625,Face+Scene,,,,,,12345
,,mask_Face+Scene_mean,target_roi,465,E3_joint_redundancy,0.0,0.3401464819908142,0.7929391860961914,Face,24649,Face+Scene,,,,,,12345
,,mask_Face+Scene_mean,target_roi,529,E3_joint_redundancy,1.0,0.27899685502052307,0.6620945930480957,Face,17161,Face+Scene,,,,,,12345
,,mask_Face+Scene_mean,target_roi,678,E3_joint_redundancy,0.0,0.7131155133247375,0.5967625379562378,Face,17956,Face+Scene,,,,,,12345
,,mask_Face+Scene_mean,target_roi,756,E3_joint_redundancy,0.0,0.4114946126937866,0.8234770894050598,Face,42025,Face+Scene,,,,,,12345
,,mask_Face+Scene_mean,target_roi,781,E3_joint_redundancy,0.0,0.20343497395515442,0.8025129437446594,Face,16641,Face+Scene,,,,,,12345
,,mask_Face+Scene_mean,target_roi,789,E3_joint_redundancy,0.0,0.2948271930217743,0.6745200157165527,Face,17424,Face+Scene,,,,,,12345
,,mask_Face+Scene_mean,target_roi,973,E3_joint_redundancy,0.0,0.17855270206928253,0.8345853090286255,Face,52900,Face+Scene,,,,,,12345
,,mask_Face+Scene_pure_random_01_mean,pure_matched_random,158,E3_joint_redundancy,1.0,0.28269779682159424,0.7104214429855347,Face,33856,Face+Scene,,,,,,12345
,,mask_Face+Scene_pure_random_01_mean,pure_matched_random,287,E3_joint_redundancy,0.0,0.11054959148168564,0.8284581303596497,Face,32761,Face+Scene,,,,,,12345
,,mask_Face+Scene_pure_random_01_mean,pure_matched_random,415,E3_joint_redundancy,0.0,0.26606330275535583,0.7045661211013794,Face,30625,Face+Scene,,,,,,12345
,,mask_Face+Scene_pure_random_01_mean,pure_matched_random,465,E3_joint_redundancy,0.0,0.31012338399887085,0.7971524596214294,Face,24649,Face+Scene,,,,,,12345
,,mask_Face+Scene_pure_random_01_mean,pure_matched_random,529,E3_joint_redundancy,0.0,0.3034188747406006,0.666236162185669,Face,17161,Face+Scene,,,,,,12345
,,mask_Face+Scene_pure_random_01_mean,pure_matched_random,678,E3_joint_redundancy,1.0,0.4325346350669861,0.5693053603172302,Face,17956,Face+Scene,,,,,,12345
,,mask_Face+Scene_pure_random_01_mean,pure_matched_random,756,E3_joint_redundancy,0.0,0.3503902554512024,0.7974349856376648,Face,42025,Face+Scene,,,,,,12345
,,mask_Face+Scene_pure_random_01_mean,pure_matched_random,781,E3_joint_redundancy,0.0,0.030966730788350105,0.6887666583061218,Face,16641,Face+Scene,,,,,,12345
,,mask_Face+Scene_pure_random_01_mean,pure_matched_random,789,E3_joint_redundancy,0.0,0.25997769832611084,0.67399662733078,Face,17424,Face+Scene,,,,,,12345
,,mask_Face+Scene_pure_random_01_mean,pure_matched_random,973,E3_joint_redundancy,0.0,0.2214694619178772,0.82877117395401,Face,52900,Face+Scene,,,,,,12345
,,mask_Face+Scene_pure_random_02_mean,pure_matched_random,158,E3_joint_redundancy,1.0,0.1459832489490509,0.7287611365318298,Face,33856,Face+Scene,,,,,,12345
,,mask_Face+Scene_pure_random_02_mean,pure_matched_random,287,E3_joint_redundancy,1.0,0.12171199917793274,0.8247054815292358,Face,32761,Face+Scene,,,,,,12345
,,mask_Face+Scene_pure_random_02_mean,pure_matched_random,415,E3_joint_redundancy,1.0,0.24518640339374542,0.7096468806266785,Face,30625,Face+Scene,,,,,,12345
,,mask_Face+Scene_pure_random_02_mean,pure_matched_random,465,E3_joint_redundancy,1.0,0.23029765486717224,0.7957850098609924,Face,24649,Face+Scene,,,,,,12345
,,mask_Face+Scene_pure_random_02_mean,pure_matched_random,529,E3_joint_redundancy,0.0,0.35050392150878906,0.6738572716712952,Face,17161,Face+Scene,,,,,,12345
,,mask_Face+Scene_pure_random_02_mean,pure_matched_random,678,E3_joint_redundancy,1.0,0.42603161931037903,0.5652560591697693,Face,17956,Face+Scene,,,,,,12345
,,mask_Face+Scene_pure_random_02_mean,pure_matched_random,756,E3_joint_redundancy,0.0,0.43599048256874084,0.7970135807991028,Face,42025,Face+Scene,,,,,,12345
,,mask_Face+Scene_pure_random_02_mean,pure_matched_random,781,E3_joint_redundancy,1.0,0.000995410606265068,0.695276141166687,Face,16641,Face+Scene,,,,,,12345
,,mask_Face+Scene_pure_random_02_mean,pure_matched_random,789,E3_joint_redundancy,1.0,0.3797367811203003,0.6599150896072388,Face,17424,Face+Scene,,,,,,12345
,,mask_Face+Scene_pure_random_02_mean,pure_matched_random,973,E3_joint_redundancy,0.0,0.2783781588077545,0.7965276837348938,Face,52900,Face+Scene,,,,,,12345
,,mask_Face+Scene_pure_random_03_mean,pure_matched_random,158,E3_joint_redundancy,1.0,0.1584763377904892,0.718573272228241,Face,33856,Face+Scene,,,,,,12345
,,mask_Face+Scene_pure_random_03_mean,pure_matched_random,287,E3_joint_redundancy,0.0,0.13700872659683228,0.8233115673065186,Face,32761,Face+Scene,,,,,,12345
,,mask_Face+Scene_pure_random_03_mean,pure_matched_random,415,E3_joint_redundancy,0.0,0.18237555027008057,0.7010732293128967,Face,30625,Face+Scene,,,,,,12345
,,mask_Face+Scene_pure_random_03_mean,pure_matched_random,465,E3_joint_redundancy,1.0,0.3169548213481903,0.788367748260498,Face,24649,Face+Scene,,,,,,12345
,,mask_Face+Scene_pure_random_03_mean,pure_matched_random,529,E3_joint_redundancy,0.0,0.3400678336620331,0.6565561294555664,Face,17161,Face+Scene,,,,,,12345
,,mask_Face+Scene_pure_random_03_mean,pure_matched_random,678,E3_joint_redundancy,1.0,0.42965367436408997,0.5636582970619202,Face,17956,Face+Scene,,,,,,12345
,,mask_Face+Scene_pure_random_03_mean,pure_matched_random,756,E3_joint_redundancy,0.0,0.43102002143859863,0.7969679236412048,Face,42025,Face+Scene,,,,,,12345
,,mask_Face+Scene_pure_random_03_mean,pure_matched_random,781,E3_joint_redundancy,1.0,0.04443832114338875,0.7009713649749756,Face,16641,Face+Scene,,,,,,12345
,,mask_Face+Scene_pure_random_03_mean,pure_matched_random,789,E3_joint_redundancy,1.0,0.3755199909210205,0.6643897294998169,Face,17424,Face+Scene,,,,,,12345
,,mask_Face+Scene_pure_random_03_mean,pure_matched_random,973,E3_joint_redundancy,0.0,0.25681260228157043,0.8553116917610168,Face,52900,Face+Scene,,,,,,12345
,,mask_Face+Scene_pure_random_04_mean,pure_matched_random,158,E3_joint_redundancy,1.0,0.12314235419034958,0.7246620655059814,Face,33856,Face+Scene,,,,,,12345
,,mask_Face+Scene_pure_random_04_mean,pure_matched_random,287,E3_joint_redundancy,0.0,0.09106697142124176,0.8427298069000244,Face,32761,Face+Scene,,,,,,12345
,,mask_Face+Scene_pure_random_04_mean,pure_matched_random,415,E3_joint_redundancy,0.0,0.2232515662908554,0.701879620552063,Face,30625,Face+Scene,,,,,,12345
,,mask_Face+Scene_pure_random_04_mean,pure_matched_random,465,E3_joint_redundancy,1.0,0.2536246180534363,0.8002771735191345,Face,24649,Face+Scene,,,,,,12345
,,mask_Face+Scene_pure_random_04_mean,pure_matched_random,529,E3_joint_redundancy,1.0,0.275851309299469,0.6585465669631958,Face,17161,Face+Scene,,,,,,12345
,,mask_Face+Scene_pure_random_04_mean,pure_matched_random,678,E3_joint_redundancy,1.0,0.4309283196926117,0.5586903095245361,Face,17956,Face+Scene,,,,,,12345
,,mask_Face+Scene_pure_random_04_mean,pure_matched_random,756,E3_joint_redundancy,0.0,0.4186371862888336,0.7952722311019897,Face,42025,Face+Scene,,,,,,12345
,,mask_Face+Scene_pure_random_04_mean,pure_matched_random,781,E3_joint_redundancy,1.0,0.05469708517193794,0.7071608901023865,Face,16641,Face+Scene,,,,,,12345
,,mask_Face+Scene_pure_random_04_mean,pure_matched_random,789,E3_joint_redundancy,0.0,0.295519083738327,0.6727920770645142,Face,17424,Face+Scene,,,,,,12345
,,mask_Face+Scene_pure_random_04_mean,pure_matched_random,973,E3_joint_redundancy,0.0,0.24685260653495789,0.8299071788787842,Face,52900,Face+Scene,,,,,,12345
,,mask_Face+Scene_pure_random_05_mean,pure_matched_random,158,E3_joint_redundancy,1.0,0.1837686449289322,0.6961910724639893,Face,33856,Face+Scene,,,,,,12345
,,mask_Face+Scene_pure_random_05_mean,pure_matched_random,287,E3_joint_redundancy,1.0,0.057395026087760925,0.8366631269454956,Face,32761,Face+Scene,,,,,,12345
,,mask_Face+Scene_pure_random_05_mean,pure_matched_random,415,E3_joint_redundancy,0.0,0.19290027022361755,0.7003280520439148,Face,30625,Face+Scene,,,,,,12345
,,mask_Face+Scene_pure_random_05_mean,pure_matched_random,465,E3_joint_redundancy,1.0,0.27383342385292053,0.8006247282028198,Face,24649,Face+Scene,,,,,,12345
,,mask_Face+Scene_pure_random_05_mean,pure_matched_random,529,E3_joint_redundancy,1.0,0.3352775573730469,0.660256028175354,Face,17161,Face+Scene,,,,,,12345
,,mask_Face+Scene_pure_random_05_mean,pure_matched_random,678,E3_joint_redundancy,1.0,0.43580910563468933,0.5677169561386108,Face,17956,Face+Scene,,,,,,12345
,,mask_Face+Scene_pure_random_05_mean,pure_matched_random,756,E3_joint_redundancy,0.0,0.4208334982395172,0.8004717230796814,Face,42025,Face+Scene,,,,,,12345
,,mask_Face+Scene_pure_random_05_mean,pure_matched_random,781,E3_joint_redundancy,0.0,0.048984333872795105,0.7059206962585449,Face,16641,Face+Scene,,,,,,12345
,,mask_Face+Scene_pure_random_05_mean,pure_matched_random,789,E3_joint_redundancy,0.0,0.1416337937116623,0.6694574356079102,Face,17424,Face+Scene,,,,,,12345
,,mask_Face+Scene_pure_random_05_mean,pure_matched_random,973,E3_joint_redundancy,0.0,0.27594366669654846,0.7911443710327148,Face,52900,Face+Scene,,,,,,12345
,,mask_Face_mean,target_roi,158,E3_joint_redundancy,1.0,0.07903605699539185,0.7186458110809326,Face,33856,Face,,,,,,12345
,,mask_Face_mean,target_roi,287,E3_joint_redundancy,0.0,0.1097351685166359,0.8317701816558838,Face,32761,Face,,,,,,12345
,,mask_Face_mean,target_roi,415,E3_joint_redundancy,0.0,0.22129032015800476,0.702092707157135,Face,30625,Face,,,,,,12345
,,mask_Face_mean,target_roi,465,E3_joint_redundancy,0.0,0.2813267409801483,0.7990331053733826,Face,24649,Face,,,,,,12345
,,mask_Face_mean,target_roi,529,E3_joint_redundancy,1.0,0.2843540906906128,0.6554491519927979,Face,17161,Face,,,,,,12345
,,mask_Face_mean,target_roi,678,E3_joint_redundancy,1.0,0.4321202337741852,0.5610219240188599,Face,17956,Face,,,,,,12345
,,mask_Face_mean,target_roi,756,E3_joint_redundancy,0.0,0.3880452513694763,0.8029821515083313,Face,42025,Face,,,,,,12345
,,mask_Face_mean,target_roi,781,E3_joint_redundancy,0.0,0.12313156574964523,0.6962565779685974,Face,16641,Face,,,,,,12345
,,mask_Face_mean,target_roi,789,E3_joint_redundancy,0.0,0.2978072166442871,0.6756821274757385,Face,17424,Face,,,,,,12345
,,mask_Face_mean,target_roi,973,E3_joint_redundancy,0.0,0.21312662959098816,0.8341274261474609,Face,52900,Face,,,,,,12345
,,mask_Face_pure_random_01_mean,pure_matched_random,158,E3_joint_redundancy,1.0,0.16720879077911377,0.723913848400116,Face,33856,Face,,,,,,12345
,,mask_Face_pure_random_01_mean,pure_matched_random,287,E3_joint_redundancy,0.0,0.13014306128025055,0.8345093727111816,Face,32761,Face,,,,,,12345
,,mask_Face_pure_random_01_mean,pure_matched_random,415,E3_joint_redundancy,0.0,0.29008910059928894,0.7338972687721252,Face,30625,Face,,,,,,12345
,,mask_Face_pure_random_01_mean,pure_matched_random,465,E3_joint_redundancy,1.0,0.2163223922252655,0.8126662969589233,Face,24649,Face,,,,,,12345
,,mask_Face_pure_random_01_mean,pure_matched_random,529,E3_joint_redundancy,1.0,0.28924161195755005,0.6528562307357788,Face,17161,Face,,,,,,12345
,,mask_Face_pure_random_01_mean,pure_matched_random,678,E3_joint_redundancy,1.0,0.43553823232650757,0.561086893081665,Face,17956,Face,,,,,,12345
,,mask_Face_pure_random_01_mean,pure_matched_random,756,E3_joint_redundancy,0.0,0.4538959562778473,0.7952569127082825,Face,42025,Face,,,,,,12345
,,mask_Face_pure_random_01_mean,pure_matched_random,781,E3_joint_redundancy,1.0,0.11694148182868958,0.7016398310661316,Face,16641,Face,,,,,,12345
,,mask_Face_pure_random_01_mean,pure_matched_random,789,E3_joint_redundancy,0.0,0.32438012957572937,0.6639665365219116,Face,17424,Face,,,,,,12345
,,mask_Face_pure_random_01_mean,pure_matched_random,973,E3_joint_redundancy,0.0,0.26079508662223816,0.8244131803512573,Face,52900,Face,,,,,,12345
,,mask_Face_pure_random_02_mean,pure_matched_random,158,E3_joint_redundancy,1.0,0.14635172486305237,0.7105473279953003,Face,33856,Face,,,,,,12345
,,mask_Face_pure_random_02_mean,pure_matched_random,287,E3_joint_redundancy,0.0,0.12168367207050323,0.833782970905304,Face,32761,Face,,,,,,12345
,,mask_Face_pure_random_02_mean,pure_matched_random,415,E3_joint_redundancy,0.0,0.17845217883586884,0.7032130360603333,Face,30625,Face,,,,,,12345
,,mask_Face_pure_random_02_mean,pure_matched_random,465,E3_joint_redundancy,1.0,0.17650684714317322,0.7980945706367493,Face,24649,Face,,,,,,12345
,,mask_Face_pure_random_02_mean,pure_matched_random,529,E3_joint_redundancy,1.0,0.29482364654541016,0.6524947285652161,Face,17161,Face,,,,,,12345
,,mask_Face_pure_random_02_mean,pure_matched_random,678,E3_joint_redundancy,1.0,0.443143367767334,0.5589629411697388,Face,17956,Face,,,,,,12345
,,mask_Face_pure_random_02_mean,pure_matched_random,756,E3_joint_redundancy,0.0,0.38773930072784424,0.797008216381073,Face,42025,Face,,,,,,12345
,,mask_Face_pure_random_02_mean,pure_matched_random,781,E3_joint_redundancy,0.0,-0.004561438225209713,0.6859123706817627,Face,16641,Face,,,,,,12345
,,mask_Face_pure_random_02_mean,pure_matched_random,789,E3_joint_redundancy,0.0,0.2712928354740143,0.6667755842208862,Face,17424,Face,,,,,,12345
,,mask_Face_pure_random_02_mean,pure_matched_random,973,E3_joint_redundancy,0.0,0.23632726073265076,0.834281325340271,Face,52900,Face,,,,,,12345
,,mask_Face_pure_random_03_mean,pure_matched_random,158,E3_joint_redundancy,1.0,0.14063814282417297,0.721614420413971,Face,33856,Face,,,,,,12345
,,mask_Face_pure_random_03_mean,pure_matched_random,287,E3_joint_redundancy,0.0,0.1605263650417328,0.8305919766426086,Face,32761,Face,,,,,,12345
,,mask_Face_pure_random_03_mean,pure_matched_random,415,E3_joint_redundancy,0.0,0.22204944491386414,0.7041552662849426,Face,30625,Face,,,,,,12345
,,mask_Face_pure_random_03_mean,pure_matched_random,465,E3_joint_redundancy,0.0,0.3127739131450653,0.7961049675941467,Face,24649,Face,,,,,,12345
,,mask_Face_pure_random_03_mean,pure_matched_random,529,E3_joint_redundancy,1.0,0.29334592819213867,0.6566258668899536,Face,17161,Face,,,,,,12345
,,mask_Face_pure_random_03_mean,pure_matched_random,678,E3_joint_redundancy,1.0,0.43841099739074707,0.5723397731781006,Face,17956,Face,,,,,,12345
,,mask_Face_pure_random_03_mean,pure_matched_random,756,E3_joint_redundancy,0.0,0.41347527503967285,0.7993264198303223,Face,42025,Face,,,,,,12345
,,mask_Face_pure_random_03_mean,pure_matched_random,781,E3_joint_redundancy,0.0,0.08862480521202087,0.6951338052749634,Face,16641,Face,,,,,,12345
,,mask_Face_pure_random_03_mean,pure_matched_random,789,E3_joint_redundancy,0.0,0.2468690276145935,0.6755306124687195,Face,17424,Face,,,,,,12345
,,mask_Face_pure_random_03_mean,pure_matched_random,973,E3_joint_redundancy,0.0,0.26674944162368774,0.8214739561080933,Face,52900,Face,,,,,,12345
,,mask_Face_pure_random_04_mean,pure_matched_random,158,E3_joint_redundancy,1.0,0.07552675902843475,0.7330921292304993,Face,33856,Face,,,,,,12345
,,mask_Face_pure_random_04_mean,pure_matched_random,287,E3_joint_redundancy,0.0,0.15174689888954163,0.8358174562454224,Face,32761,Face,,,,,,12345
,,mask_Face_pure_random_04_mean,pure_matched_random,415,E3_joint_redundancy,0.0,0.2131192833185196,0.7029621601104736,Face,30625,Face,,,,,,12345
,,mask_Face_pure_random_04_mean,pure_matched_random,465,E3_joint_redundancy,0.0,0.29625582695007324,0.7993394136428833,Face,24649,Face,,,,,,12345
,,mask_Face_pure_random_04_mean,pure_matched_random,529,E3_joint_redundancy,1.0,0.3003966510295868,0.6505329012870789,Face,17161,Face,,,,,,12345
,,mask_Face_pure_random_04_mean,pure_matched_random,678,E3_joint_redundancy,1.0,0.4344022274017334,0.5592180490493774,Face,17956,Face,,,,,,12345
,,mask_Face_pure_random_04_mean,pure_matched_random,756,E3_joint_redundancy,0.0,0.41348063945770264,0.7933472394943237,Face,42025,Face,,,,,,12345
,,mask_Face_pure_random_04_mean,pure_matched_random,781,E3_joint_redundancy,0.0,0.08903668820858002,0.6984577178955078,Face,16641,Face,,,,,,12345
,,mask_Face_pure_random_04_mean,pure_matched_random,789,E3_joint_redundancy,0.0,0.29462432861328125,0.6728276610374451,Face,17424,Face,,,,,,12345
,,mask_Face_pure_random_04_mean,pure_matched_random,973,E3_joint_redundancy,0.0,0.22545871138572693,0.8358501195907593,Face,52900,Face,,,,,,12345
,,mask_Face_pure_random_05_mean,pure_matched_random,158,E3_joint_redundancy,1.0,0.18932944536209106,0.7097806334495544,Face,33856,Face,,,,,,12345
,,mask_Face_pure_random_05_mean,pure_matched_random,287,E3_joint_redundancy,0.0,0.1334315538406372,0.8315710425376892,Face,32761,Face,,,,,,12345
,,mask_Face_pure_random_05_mean,pure_matched_random,415,E3_joint_redundancy,0.0,0.15715251863002777,0.7410913705825806,Face,30625,Face,,,,,,12345
,,mask_Face_pure_random_05_mean,pure_matched_random,465,E3_joint_redundancy,1.0,0.21620704233646393,0.8127664923667908,Face,24649,Face,,,,,,12345
,,mask_Face_pure_random_05_mean,pure_matched_random,529,E3_joint_redundancy,1.0,0.31557172536849976,0.6575170159339905,Face,17161,Face,,,,,,12345
,,mask_Face_pure_random_05_mean,pure_matched_random,678,E3_joint_redundancy,1.0,0.548416256904602,0.5763405561447144,Face,17956,Face,,,,,,12345
,,mask_Face_pure_random_05_mean,pure_matched_random,756,E3_joint_redundancy,0.0,0.4081742763519287,0.7932260036468506,Face,42025,Face,,,,,,12345
,,mask_Face_pure_random_05_mean,pure_matched_random,781,E3_joint_redundancy,0.0,0.006574222818017006,0.698686957359314,Face,16641,Face,,,,,,12345
,,mask_Face_pure_random_05_mean,pure_matched_random,789,E3_joint_redundancy,0.0,0.26392731070518494,0.6689467430114746,Face,17424,Face,,,,,,12345
,,mask_Face_pure_random_05_mean,pure_matched_random,973,E3_joint_redundancy,0.0,0.2784731984138489,0.7910423278808594,Face,52900,Face,,,,,,12345
,,no_mask,none,158,E3_joint_redundancy,1.0,0.09172680228948593,0.7233550548553467,Face,33856,none,,,,,,12345
,,no_mask,none,287,E3_joint_redundancy,0.0,0.11098871380090714,0.8305163383483887,Face,32761,none,,,,,,12345
,,no_mask,none,415,E3_joint_redundancy,0.0,0.23218600451946259,0.7023121118545532,Face,30625,none,,,,,,12345
,,no_mask,none,465,E3_joint_redundancy,1.0,0.2879501283168793,0.7993501424789429,Face,24649,none,,,,,,12345
,,no_mask,none,529,E3_joint_redundancy,1.0,0.2786369323730469,0.6563475728034973,Face,17161,none,,,,,,12345
,,no_mask,none,678,E3_joint_redundancy,1.0,0.43781253695487976,0.561542272567749,Face,17956,none,,,,,,12345
,,no_mask,none,756,E3_joint_redundancy,0.0,0.36466413736343384,0.8037539720535278,Face,42025,none,,,,,,12345
,,no_mask,none,781,E3_joint_redundancy,0.0,0.11531533300876617,0.6968536376953125,Face,16641,none,,,,,,12345
,,no_mask,none,789,E3_joint_redundancy,0.0,0.28745272755622864,0.674533486366272,Face,17424,none,,,,,,12345
,,no_mask,none,973,E3_joint_redundancy,0.0,0.20547251403331757,0.8332717418670654,Face,52900,none,,,,,,12345
,,no_mask_repeat,none,158,E3_joint_redundancy,1.0,0.09172680228948593,0.7233550548553467,Face,33856,none,,,,,,12345
,,no_mask_repeat,none,287,E3_joint_redundancy,0.0,0.11098871380090714,0.8305163383483887,Face,32761,none,,,,,,12345
,,no_mask_repeat,none,415,E3_joint_redundancy,0.0,0.23218600451946259,0.7023121118545532,Face,30625,none,,,,,,12345
,,no_mask_repeat,none,465,E3_joint_redundancy,1.0,0.2879501283168793,0.7993501424789429,Face,24649,none,,,,,,12345
,,no_mask_repeat,none,529,E3_joint_redundancy,1.0,0.2786369323730469,0.6563475728034973,Face,17161,none,,,,,,12345
,,no_mask_repeat,none,678,E3_joint_redundancy,1.0,0.43781253695487976,0.561542272567749,Face,17956,none,,,,,,12345
,,no_mask_repeat,none,756,E3_joint_redundancy,0.0,0.36466413736343384,0.8037539720535278,Face,42025,none,,,,,,12345
,,no_mask_repeat,none,781,E3_joint_redundancy,0.0,0.11531533300876617,0.6968536376953125,Face,16641,none,,,,,,12345
,,no_mask_repeat,none,789,E3_joint_redundancy,0.0,0.28745272755622864,0.674533486366272,Face,17424,none,,,,,,12345
,,no_mask_repeat,none,973,E3_joint_redundancy,0.0,0.20547251403331757,0.8332717418670654,Face,52900,none,,,,,,12345
,,mask_Body+Scene_mean,target_roi,21,E3_joint_redundancy,,,,Body,71883,Body+Scene,0.400034099817276,0.40472355484962463,coco_polygon,0.23419336085848289,,12345
,,mask_Body+Scene_mean,target_roi,40,E3_joint_redundancy,,,,Body,44563,Body+Scene,0.16401761770248413,0.24851728975772858,coco_polygon,-0.18130917235884983,,12345
,,mask_Body+Scene_mean,target_roi,220,E3_joint_redundancy,,,,Body,71775,Body+Scene,0.07446661591529846,0.4002194404602051,coco_polygon,-0.17229925579410071,,12345
,,mask_Body+Scene_mean,target_roi,366,E3_joint_redundancy,,,,Body,46652,Body+Scene,0.19622372090816498,0.3004612922668457,coco_polygon,0.20069696902982198,,12345
,,mask_Body+Scene_mean,target_roi,474,E3_joint_redundancy,,,,Body,54856,Body+Scene,0.29254618287086487,0.3227499723434448,coco_polygon,0.3095019869996187,,12345
,,mask_Body+Scene_mean,target_roi,716,E3_joint_redundancy,,,,Body,63805,Body+Scene,0.24110715091228485,0.32642677426338196,coco_polygon,-0.02820662808171304,,12345
,,mask_Body+Scene_mean,target_roi,816,E3_joint_redundancy,,,,Body,110182,Body+Scene,0.18459764122962952,0.5744355916976929,coco_polygon,-0.03006244388433785,,12345
,,mask_Body+Scene_mean,target_roi,847,E3_joint_redundancy,,,,Body,48302,Body+Scene,0.23279304802417755,0.2959152162075043,coco_polygon,-0.18441634110468674,,12345
,,mask_Body+Scene_mean,target_roi,931,E3_joint_redundancy,,,,Body,70051,Body+Scene,0.7121326327323914,0.41348499059677124,coco_bbox_fallback_for_rle,0.11607061905886505,,12345
,,mask_Body+Scene_mean,target_roi,941,E3_joint_redundancy,,,,Body,51802,Body+Scene,0.17355240881443024,0.31443682312965393,coco_polygon,-0.04618482798889852,,12345
,,mask_Body+Scene_pure_random_01_mean,pure_matched_random,21,E3_joint_redundancy,,,,Body,71883,Body+Scene,0.48283177614212036,0.40697580575942993,coco_polygon,0.23154531686287383,,12345
,,mask_Body+Scene_pure_random_01_mean,pure_matched_random,40,E3_joint_redundancy,,,,Body,44563,Body+Scene,0.15351134538650513,0.24907483160495758,coco_polygon,-0.16319425221555325,,12345
,,mask_Body+Scene_pure_random_01_mean,pure_matched_random,220,E3_joint_redundancy,,,,Body,71775,Body+Scene,0.14193736016750336,0.42585673928260803,coco_polygon,-0.19228653482031607,,12345
,,mask_Body+Scene_pure_random_01_mean,pure_matched_random,366,E3_joint_redundancy,,,,Body,46652,Body+Scene,0.28428342938423157,0.29457199573516846,coco_polygon,0.2488458933258538,,12345
,,mask_Body+Scene_pure_random_01_mean,pure_matched_random,474,E3_joint_redundancy,,,,Body,54856,Body+Scene,0.3558332622051239,0.3343029022216797,coco_polygon,0.3128502644593639,,12345
,,mask_Body+Scene_pure_random_01_mean,pure_matched_random,716,E3_joint_redundancy,,,,Body,63805,Body+Scene,0.2664037346839905,0.318553626537323,coco_polygon,-0.03133919186458879,,12345
,,mask_Body+Scene_pure_random_01_mean,pure_matched_random,816,E3_joint_redundancy,,,,Body,110182,Body+Scene,0.2065068632364273,0.5775867700576782,coco_polygon,-0.03152753264782864,,12345
,,mask_Body+Scene_pure_random_01_mean,pure_matched_random,847,E3_joint_redundancy,,,,Body,48302,Body+Scene,0.29046255350112915,0.2712894678115845,coco_polygon,-0.2049544536230189,,12345
,,mask_Body+Scene_pure_random_01_mean,pure_matched_random,931,E3_joint_redundancy,,,,Body,70051,Body+Scene,0.6820700764656067,0.4020640552043915,coco_bbox_fallback_for_rle,0.14912043585336937,,12345
,,mask_Body+Scene_pure_random_01_mean,pure_matched_random,941,E3_joint_redundancy,,,,Body,51802,Body+Scene,0.23624922335147858,0.3246150016784668,coco_polygon,-0.035827841484904845,,12345
,,mask_Body+Scene_pure_random_02_mean,pure_matched_random,21,E3_joint_redundancy,,,,Body,71883,Body+Scene,0.48885247111320496,0.407045841217041,coco_polygon,0.23329225085256333,,12345
,,mask_Body+Scene_pure_random_02_mean,pure_matched_random,40,E3_joint_redundancy,,,,Body,44563,Body+Scene,0.17727085947990417,0.2542583644390106,coco_polygon,-0.1643292661747588,,12345
,,mask_Body+Scene_pure_random_02_mean,pure_matched_random,220,E3_joint_redundancy,,,,Body,71775,Body+Scene,0.20146256685256958,0.4076627492904663,coco_polygon,-0.22838750028080232,,12345
,,mask_Body+Scene_pure_random_02_mean,pure_matched_random,366,E3_joint_redundancy,,,,Body,46652,Body+Scene,0.28338661789894104,0.2946140468120575,coco_polygon,0.2664344618433063,,12345
,,mask_Body+Scene_pure_random_02_mean,pure_matched_random,474,E3_joint_redundancy,,,,Body,54856,Body+Scene,0.2987276613712311,0.3363268971443176,coco_polygon,0.31151797812066756,,12345
,,mask_Body+Scene_pure_random_02_mean,pure_matched_random,716,E3_joint_redundancy,,,,Body,63805,Body+Scene,0.34501123428344727,0.31963294744491577,coco_polygon,-0.0011489431203746995,,12345
,,mask_Body+Scene_pure_random_02_mean,pure_matched_random,816,E3_joint_redundancy,,,,Body,110182,Body+Scene,0.23611517250537872,0.5784552097320557,coco_polygon,-0.03314415508267823,,12345
,,mask_Body+Scene_pure_random_02_mean,pure_matched_random,847,E3_joint_redundancy,,,,Body,48302,Body+Scene,0.1708565503358841,0.28609752655029297,coco_polygon,-0.20529432572605666,,12345
,,mask_Body+Scene_pure_random_02_mean,pure_matched_random,931,E3_joint_redundancy,,,,Body,70051,Body+Scene,0.6871559023857117,0.41180336475372314,coco_bbox_fallback_for_rle,0.21036171614419152,,12345
,,mask_Body+Scene_pure_random_02_mean,pure_matched_random,941,E3_joint_redundancy,,,,Body,51802,Body+Scene,0.22945518791675568,0.319877952337265,coco_polygon,-0.032212571189916356,,12345
,,mask_Body+Scene_pure_random_03_mean,pure_matched_random,21,E3_joint_redundancy,,,,Body,71883,Body+Scene,0.4771673083305359,0.4006294012069702,coco_polygon,0.2242887558282796,,12345
,,mask_Body+Scene_pure_random_03_mean,pure_matched_random,40,E3_joint_redundancy,,,,Body,44563,Body+Scene,0.14828263223171234,0.24739916622638702,coco_polygon,-0.1647815629940043,,12345
,,mask_Body+Scene_pure_random_03_mean,pure_matched_random,220,E3_joint_redundancy,,,,Body,71775,Body+Scene,0.09550867974758148,0.4015515446662903,coco_polygon,-0.17344626117833076,,12345
,,mask_Body+Scene_pure_random_03_mean,pure_matched_random,366,E3_joint_redundancy,,,,Body,46652,Body+Scene,0.40394124388694763,0.2944571375846863,coco_polygon,0.2025661125733357,,12345
,,mask_Body+Scene_pure_random_03_mean,pure_matched_random,474,E3_joint_redundancy,,,,Body,54856,Body+Scene,0.2798878252506256,0.3270428478717804,coco_polygon,0.30791741562611613,,12345
,,mask_Body+Scene_pure_random_03_mean,pure_matched_random,716,E3_joint_redundancy,,,,Body,63805,Body+Scene,0.22918963432312012,0.32838788628578186,coco_polygon,-0.03165907922949265,,12345
,,mask_Body+Scene_pure_random_03_mean,pure_matched_random,816,E3_joint_redundancy,,,,Body,110182,Body+Scene,0.26684191823005676,0.5805408358573914,coco_polygon,-0.03997014418566413,,12345
,,mask_Body+Scene_pure_random_03_mean,pure_matched_random,847,E3_joint_redundancy,,,,Body,48302,Body+Scene,0.13299816846847534,0.2716990113258362,coco_polygon,-0.1598338363326812,,12345
,,mask_Body+Scene_pure_random_03_mean,pure_matched_random,931,E3_joint_redundancy,,,,Body,70051,Body+Scene,0.6502830982208252,0.4153409004211426,coco_bbox_fallback_for_rle,0.18757060075570228,,12345
,,mask_Body+Scene_pure_random_03_mean,pure_matched_random,941,E3_joint_redundancy,,,,Body,51802,Body+Scene,0.1567968726158142,0.3140025734901428,coco_polygon,-0.026034664689475486,,12345
,,mask_Body+Scene_pure_random_04_mean,pure_matched_random,21,E3_joint_redundancy,,,,Body,71883,Body+Scene,0.4015312194824219,0.40326374769210815,coco_polygon,0.2376807784057589,,12345
,,mask_Body+Scene_pure_random_04_mean,pure_matched_random,40,E3_joint_redundancy,,,,Body,44563,Body+Scene,0.17415721714496613,0.2536270022392273,coco_polygon,-0.16189474942988902,,12345
,,mask_Body+Scene_pure_random_04_mean,pure_matched_random,220,E3_joint_redundancy,,,,Body,71775,Body+Scene,0.12202933430671692,0.4146808981895447,coco_polygon,-0.16024359521838757,,12345
,,mask_Body+Scene_pure_random_04_mean,pure_matched_random,366,E3_joint_redundancy,,,,Body,46652,Body+Scene,0.3640371859073639,0.30138099193573,coco_polygon,0.18086351232170925,,12345
,,mask_Body+Scene_pure_random_04_mean,pure_matched_random,474,E3_joint_redundancy,,,,Body,54856,Body+Scene,0.3343850374221802,0.3292718231678009,coco_polygon,0.31164254643294687,,12345
,,mask_Body+Scene_pure_random_04_mean,pure_matched_random,716,E3_joint_redundancy,,,,Body,63805,Body+Scene,0.19220435619354248,0.318683385848999,coco_polygon,-0.033474767213929404,,12345
,,mask_Body+Scene_pure_random_04_mean,pure_matched_random,816,E3_joint_redundancy,,,,Body,110182,Body+Scene,0.2219444364309311,0.5826438069343567,coco_polygon,-0.03030394325444339,,12345
,,mask_Body+Scene_pure_random_04_mean,pure_matched_random,847,E3_joint_redundancy,,,,Body,48302,Body+Scene,0.21408933401107788,0.28193628787994385,coco_polygon,-0.20234602709354665,,12345
,,mask_Body+Scene_pure_random_04_mean,pure_matched_random,931,E3_joint_redundancy,,,,Body,70051,Body+Scene,0.6348114609718323,0.4184117913246155,coco_bbox_fallback_for_rle,0.15799534302507212,,12345
,,mask_Body+Scene_pure_random_04_mean,pure_matched_random,941,E3_joint_redundancy,,,,Body,51802,Body+Scene,0.1800755262374878,0.31803297996520996,coco_polygon,-0.03645099017702125,,12345
,,mask_Body+Scene_pure_random_05_mean,pure_matched_random,21,E3_joint_redundancy,,,,Body,71883,Body+Scene,0.46313735842704773,0.4049980640411377,coco_polygon,0.23604598235529972,,12345
,,mask_Body+Scene_pure_random_05_mean,pure_matched_random,40,E3_joint_redundancy,,,,Body,44563,Body+Scene,0.17212799191474915,0.25026389956474304,coco_polygon,-0.1636509992269945,,12345
,,mask_Body+Scene_pure_random_05_mean,pure_matched_random,220,E3_joint_redundancy,,,,Body,71775,Body+Scene,0.11046348512172699,0.4233745336532593,coco_polygon,-0.17101461028686774,,12345
,,mask_Body+Scene_pure_random_05_mean,pure_matched_random,366,E3_joint_redundancy,,,,Body,46652,Body+Scene,0.3707931637763977,0.3029429018497467,coco_polygon,0.18623018258548657,,12345
,,mask_Body+Scene_pure_random_05_mean,pure_matched_random,474,E3_joint_redundancy,,,,Body,54856,Body+Scene,0.31707173585891724,0.3252193331718445,coco_polygon,0.29907819719522866,,12345
,,mask_Body+Scene_pure_random_05_mean,pure_matched_random,716,E3_joint_redundancy,,,,Body,63805,Body+Scene,0.14696110785007477,0.3176020085811615,coco_polygon,-0.011680831071498782,,12345
,,mask_Body+Scene_pure_random_05_mean,pure_matched_random,816,E3_joint_redundancy,,,,Body,110182,Body+Scene,0.21163208782672882,0.5704783201217651,coco_polygon,-0.018813653084700243,,12345
,,mask_Body+Scene_pure_random_05_mean,pure_matched_random,847,E3_joint_redundancy,,,,Body,48302,Body+Scene,0.2483956217765808,0.29063984751701355,coco_polygon,-0.1477130333644415,,12345
,,mask_Body+Scene_pure_random_05_mean,pure_matched_random,931,E3_joint_redundancy,,,,Body,70051,Body+Scene,0.6792291402816772,0.4104243218898773,coco_bbox_fallback_for_rle,0.020269882023914297,,12345
,,mask_Body+Scene_pure_random_05_mean,pure_matched_random,941,E3_joint_redundancy,,,,Body,51802,Body+Scene,0.19477877020835876,0.3207659125328064,coco_polygon,-0.009228464726326178,,12345
,,mask_Body_mean,target_roi,21,E3_joint_redundancy,,,,Body,71883,Body,0.4625385105609894,0.40151137113571167,coco_polygon,0.22781826117784013,,12345
,,mask_Body_mean,target_roi,40,E3_joint_redundancy,,,,Body,44563,Body,0.168928325176239,0.2478933334350586,coco_polygon,-0.1813309346617382,,12345
,,mask_Body_mean,target_roi,220,E3_joint_redundancy,,,,Body,71775,Body,0.08610866218805313,0.4167599081993103,coco_polygon,-0.17184164565380233,,12345
,,mask_Body_mean,target_roi,366,E3_joint_redundancy,,,,Body,46652,Body,0.33097195625305176,0.2926909029483795,coco_polygon,0.19917697812676316,,12345
,,mask_Body_mean,target_roi,474,E3_joint_redundancy,,,,Body,54856,Body,0.3184880018234253,0.3274573087692261,coco_polygon,0.31619517994253693,,12345
,,mask_Body_mean,target_roi,716,E3_joint_redundancy,,,,Body,63805,Body,0.21556800603866577,0.3251945972442627,coco_polygon,-0.027964217494757956,,12345
,,mask_Body_mean,target_roi,816,E3_joint_redundancy,,,,Body,110182,Body,0.2273780107498169,0.5769549012184143,coco_polygon,-0.04462699139216196,,12345
,,mask_Body_mean,target_roi,847,E3_joint_redundancy,,,,Body,48302,Body,0.2390342652797699,0.2913441061973572,coco_polygon,-0.16821507263581276,,12345
,,mask_Body_mean,target_roi,931,E3_joint_redundancy,,,,Body,70051,Body,0.7210742831230164,0.41431286931037903,coco_bbox_fallback_for_rle,0.12383550735037746,,12345
,,mask_Body_mean,target_roi,941,E3_joint_redundancy,,,,Body,51802,Body,0.16171379387378693,0.3124774098396301,coco_polygon,-0.04847430774542755,,12345
,,mask_Body_pure_random_01_mean,pure_matched_random,21,E3_joint_redundancy,,,,Body,71883,Body,0.4373971223831177,0.40206968784332275,coco_polygon,0.2287984076458637,,12345
,,mask_Body_pure_random_01_mean,pure_matched_random,40,E3_joint_redundancy,,,,Body,44563,Body,0.18738916516304016,0.24920910596847534,coco_polygon,-0.15219371646331542,,12345
,,mask_Body_pure_random_01_mean,pure_matched_random,220,E3_joint_redundancy,,,,Body,71775,Body,0.10583063960075378,0.4163447618484497,coco_polygon,-0.17457428597942948,,12345
,,mask_Body_pure_random_01_mean,pure_matched_random,366,E3_joint_redundancy,,,,Body,46652,Body,0.3458000123500824,0.2868373394012451,coco_polygon,0.2614416860592384,,12345
,,mask_Body_pure_random_01_mean,pure_matched_random,474,E3_joint_redundancy,,,,Body,54856,Body,0.3512468934059143,0.33232319355010986,coco_polygon,0.31737981595437437,,12345
,,mask_Body_pure_random_01_mean,pure_matched_random,716,E3_joint_redundancy,,,,Body,63805,Body,0.12824176251888275,0.3202928900718689,coco_polygon,-0.039430053199921156,,12345
,,mask_Body_pure_random_01_mean,pure_matched_random,816,E3_joint_redundancy,,,,Body,110182,Body,0.22909599542617798,0.5771700739860535,coco_polygon,-0.04479908299479495,,12345
,,mask_Body_pure_random_01_mean,pure_matched_random,847,E3_joint_redundancy,,,,Body,48302,Body,0.22925254702568054,0.2927173674106598,coco_polygon,-0.16206025475233782,,12345
,,mask_Body_pure_random_01_mean,pure_matched_random,931,E3_joint_redundancy,,,,Body,70051,Body,0.7212334275245667,0.4136771559715271,coco_bbox_fallback_for_rle,0.12275615185533,,12345
,,mask_Body_pure_random_01_mean,pure_matched_random,941,E3_joint_redundancy,,,,Body,51802,Body,0.21186640858650208,0.3141540288925171,coco_polygon,-0.03682356821603799,,12345
,,mask_Body_pure_random_02_mean,pure_matched_random,21,E3_joint_redundancy,,,,Body,71883,Body,0.4389664828777313,0.40213510394096375,coco_polygon,0.22939389935829457,,12345
,,mask_Body_pure_random_02_mean,pure_matched_random,40,E3_joint_redundancy,,,,Body,44563,Body,0.19838425517082214,0.25085023045539856,coco_polygon,-0.155005805693145,,12345
,,mask_Body_pure_random_02_mean,pure_matched_random,220,E3_joint_redundancy,,,,Body,71775,Body,0.09916743636131287,0.41645973920822144,coco_polygon,-0.17619452115592224,,12345
,,mask_Body_pure_random_02_mean,pure_matched_random,366,E3_joint_redundancy,,,,Body,46652,Body,0.40289926528930664,0.28662109375,coco_polygon,0.25636348726738023,,12345
,,mask_Body_pure_random_02_mean,pure_matched_random,474,E3_joint_redundancy,,,,Body,54856,Body,0.31221649050712585,0.3313898742198944,coco_polygon,0.31230462515817864,,12345
,,mask_Body_pure_random_02_mean,pure_matched_random,716,E3_joint_redundancy,,,,Body,63805,Body,0.16634967923164368,0.3251357674598694,coco_polygon,-0.034992500266389774,,12345
,,mask_Body_pure_random_02_mean,pure_matched_random,816,E3_joint_redundancy,,,,Body,110182,Body,0.23059196770191193,0.5751147270202637,coco_polygon,-0.04615187667142427,,12345
,,mask_Body_pure_random_02_mean,pure_matched_random,847,E3_joint_redundancy,,,,Body,48302,Body,0.145463228225708,0.2773520350456238,coco_polygon,-0.17327347550146008,,12345
,,mask_Body_pure_random_02_mean,pure_matched_random,931,E3_joint_redundancy,,,,Body,70051,Body,0.6394869089126587,0.42012229561805725,coco_bbox_fallback_for_rle,0.15468903137340073,,12345
,,mask_Body_pure_random_02_mean,pure_matched_random,941,E3_joint_redundancy,,,,Body,51802,Body,0.19184498488903046,0.31351131200790405,coco_polygon,-0.03543087781244066,,12345
,,mask_Body_pure_random_03_mean,pure_matched_random,21,E3_joint_redundancy,,,,Body,71883,Body,0.42220252752304077,0.4029884934425354,coco_polygon,0.23786196114429436,,12345
,,mask_Body_pure_random_03_mean,pure_matched_random,40,E3_joint_redundancy,,,,Body,44563,Body,0.18320369720458984,0.2504790723323822,coco_polygon,-0.16814762828404473,,12345
,,mask_Body_pure_random_03_mean,pure_matched_random,220,E3_joint_redundancy,,,,Body,71775,Body,0.09469036757946014,0.4148651957511902,coco_polygon,-0.17115108384469008,,12345
,,mask_Body_pure_random_03_mean,pure_matched_random,366,E3_joint_redundancy,,,,Body,46652,Body,0.42121317982673645,0.29578277468681335,coco_polygon,0.21783718734220833,,12345
,,mask_Body_pure_random_03_mean,pure_matched_random,474,E3_joint_redundancy,,,,Body,54856,Body,0.3623121976852417,0.3280825614929199,coco_polygon,0.32087267645093787,,12345
,,mask_Body_pure_random_03_mean,pure_matched_random,716,E3_joint_redundancy,,,,Body,63805,Body,0.17606961727142334,0.3213058114051819,coco_polygon,-0.03306991290099837,,12345
,,mask_Body_pure_random_03_mean,pure_matched_random,816,E3_joint_redundancy,,,,Body,110182,Body,0.24294519424438477,0.5748871564865112,coco_polygon,-0.04515844906160573,,12345
,,mask_Body_pure_random_03_mean,pure_matched_random,847,E3_joint_redundancy,,,,Body,48302,Body,0.2093852162361145,0.2894548177719116,coco_polygon,-0.16437505340773187,,12345
,,mask_Body_pure_random_03_mean,pure_matched_random,931,E3_joint_redundancy,,,,Body,70051,Body,0.7245981693267822,0.4124855101108551,coco_bbox_fallback_for_rle,0.1285560724041154,,12345
,,mask_Body_pure_random_03_mean,pure_matched_random,941,E3_joint_redundancy,,,,Body,51802,Body,0.21251900494098663,0.31111377477645874,coco_polygon,-0.0384344638515355,,12345
,,mask_Body_pure_random_04_mean,pure_matched_random,21,E3_joint_redundancy,,,,Body,71883,Body,0.4258004426956177,0.40259313583374023,coco_polygon,0.23523277102152637,,12345
,,mask_Body_pure_random_04_mean,pure_matched_random,40,E3_joint_redundancy,,,,Body,44563,Body,0.18632912635803223,0.2526452839374542,coco_polygon,-0.15816408126305662,,12345
,,mask_Body_pure_random_04_mean,pure_matched_random,220,E3_joint_redundancy,,,,Body,71775,Body,0.10839398950338364,0.4156712591648102,coco_polygon,-0.1716854477343959,,12345
,,mask_Body_pure_random_04_mean,pure_matched_random,366,E3_joint_redundancy,,,,Body,46652,Body,0.22660522162914276,0.30552759766578674,coco_polygon,0.16057757061834926,,12345
,,mask_Body_pure_random_04_mean,pure_matched_random,474,E3_joint_redundancy,,,,Body,54856,Body,0.34304046630859375,0.33466199040412903,coco_polygon,0.31520947357881623,,12345
,,mask_Body_pure_random_04_mean,pure_matched_random,716,E3_joint_redundancy,,,,Body,63805,Body,0.15547941625118256,0.3214578926563263,coco_polygon,-0.032241662205088416,,12345
,,mask_Body_pure_random_04_mean,pure_matched_random,816,E3_joint_redundancy,,,,Body,110182,Body,0.24650907516479492,0.574129045009613,coco_polygon,-0.04450022718215516,,12345
,,mask_Body_pure_random_04_mean,pure_matched_random,847,E3_joint_redundancy,,,,Body,48302,Body,0.238188236951828,0.29600268602371216,coco_polygon,-0.16085587464464174,,12345
,,mask_Body_pure_random_04_mean,pure_matched_random,931,E3_joint_redundancy,,,,Body,70051,Body,0.6803402304649353,0.40693268179893494,coco_bbox_fallback_for_rle,0.006672379924268731,,12345
,,mask_Body_pure_random_04_mean,pure_matched_random,941,E3_joint_redundancy,,,,Body,51802,Body,0.15480145812034607,0.31429293751716614,coco_polygon,-0.032921609019984914,,12345
,,mask_Body_pure_random_05_mean,pure_matched_random,21,E3_joint_redundancy,,,,Body,71883,Body,0.4456198513507843,0.40225815773010254,coco_polygon,0.22781869556274043,,12345
,,mask_Body_pure_random_05_mean,pure_matched_random,40,E3_joint_redundancy,,,,Body,44563,Body,0.18578697741031647,0.25228244066238403,coco_polygon,-0.15898500552715367,,12345
,,mask_Body_pure_random_05_mean,pure_matched_random,220,E3_joint_redundancy,,,,Body,71775,Body,0.10300549119710922,0.41672268509864807,coco_polygon,-0.17490306977899894,,12345
,,mask_Body_pure_random_05_mean,pure_matched_random,366,E3_joint_redundancy,,,,Body,46652,Body,0.3520852327346802,0.30078402161598206,coco_polygon,0.17288252331925275,,12345
,,mask_Body_pure_random_05_mean,pure_matched_random,474,E3_joint_redundancy,,,,Body,54856,Body,0.3200125992298126,0.33800554275512695,coco_polygon,0.3164314487116998,,12345
,,mask_Body_pure_random_05_mean,pure_matched_random,716,E3_joint_redundancy,,,,Body,63805,Body,0.17799073457717896,0.3237111568450928,coco_polygon,-0.03356417860100886,,12345
,,mask_Body_pure_random_05_mean,pure_matched_random,816,E3_joint_redundancy,,,,Body,110182,Body,0.23041951656341553,0.5743706226348877,coco_polygon,-0.04528840401669185,,12345
,,mask_Body_pure_random_05_mean,pure_matched_random,847,E3_joint_redundancy,,,,Body,48302,Body,0.20166654884815216,0.28767237067222595,coco_polygon,-0.15482084964778636,,12345
,,mask_Body_pure_random_05_mean,pure_matched_random,931,E3_joint_redundancy,,,,Body,70051,Body,0.6968593597412109,0.40103715658187866,coco_bbox_fallback_for_rle,0.13494075224678,,12345
,,mask_Body_pure_random_05_mean,pure_matched_random,941,E3_joint_redundancy,,,,Body,51802,Body,0.20541051030158997,0.3144621253013611,coco_polygon,-0.033889477083677635,,12345
,,mask_Face+Body+Scene_mean,target_roi,21,E3_joint_redundancy,,,,Body,71883,Face+Body+Scene,0.3832070827484131,0.4075923264026642,coco_polygon,0.23067405426325582,,12345
,,mask_Face+Body+Scene_mean,target_roi,40,E3_joint_redundancy,,,,Body,44563,Face+Body+Scene,0.15224739909172058,0.24831196665763855,coco_polygon,-0.18357228677803564,,12345
,,mask_Face+Body+Scene_mean,target_roi,220,E3_joint_redundancy,,,,Body,71775,Face+Body+Scene,0.07407783716917038,0.4032261073589325,coco_polygon,-0.1915991919743961,,12345
,,mask_Face+Body+Scene_mean,target_roi,366,E3_joint_redundancy,,,,Body,46652,Face+Body+Scene,0.17640769481658936,0.30026793479919434,coco_polygon,0.20156314074944287,,12345
,,mask_Face+Body+Scene_mean,target_roi,474,E3_joint_redundancy,,,,Body,54856,Face+Body+Scene,0.3022725582122803,0.3258250951766968,coco_polygon,0.30818219337111874,,12345
,,mask_Face+Body+Scene_mean,target_roi,716,E3_joint_redundancy,,,,Body,63805,Face+Body+Scene,0.23139484226703644,0.3094569742679596,coco_polygon,0.021984125848023815,,12345
,,mask_Face+Body+Scene_mean,target_roi,816,E3_joint_redundancy,,,,Body,110182,Face+Body+Scene,0.18259663879871368,0.5757529735565186,coco_polygon,-0.028034041327559996,,12345
,,mask_Face+Body+Scene_mean,target_roi,847,E3_joint_redundancy,,,,Body,48302,Face+Body+Scene,0.21867728233337402,0.2981785833835602,coco_polygon,-0.1784341803740321,,12345
,,mask_Face+Body+Scene_mean,target_roi,931,E3_joint_redundancy,,,,Body,70051,Face+Body+Scene,0.7094252109527588,0.42225104570388794,coco_bbox_fallback_for_rle,0.10256930456890072,,12345
,,mask_Face+Body+Scene_mean,target_roi,941,E3_joint_redundancy,,,,Body,51802,Face+Body+Scene,0.17438407242298126,0.31518077850341797,coco_polygon,-0.040574739707412,,12345
,,mask_Face+Body+Scene_pure_random_01_mean,pure_matched_random,21,E3_joint_redundancy,,,,Body,71883,Face+Body+Scene,0.45578038692474365,0.41061413288116455,coco_polygon,0.23227548485112146,,12345
,,mask_Face+Body+Scene_pure_random_01_mean,pure_matched_random,40,E3_joint_redundancy,,,,Body,44563,Face+Body+Scene,0.15267413854599,0.24617525935173035,coco_polygon,-0.14202718459368732,,12345
,,mask_Face+Body+Scene_pure_random_01_mean,pure_matched_random,220,E3_joint_redundancy,,,,Body,71775,Face+Body+Scene,0.05735408514738083,0.43047359585762024,coco_polygon,-0.14094262431213414,,12345
,,mask_Face+Body+Scene_pure_random_01_mean,pure_matched_random,366,E3_joint_redundancy,,,,Body,46652,Face+Body+Scene,0.15512605011463165,0.3090309500694275,coco_polygon,0.18647117564969415,,12345
,,mask_Face+Body+Scene_pure_random_01_mean,pure_matched_random,474,E3_joint_redundancy,,,,Body,54856,Face+Body+Scene,0.3544888198375702,0.3351709842681885,coco_polygon,0.31939910574861247,,12345
,,mask_Face+Body+Scene_pure_random_01_mean,pure_matched_random,716,E3_joint_redundancy,,,,Body,63805,Face+Body+Scene,0.19729749858379364,0.32866328954696655,coco_polygon,-0.022279665788065332,,12345
,,mask_Face+Body+Scene_pure_random_01_mean,pure_matched_random,816,E3_joint_redundancy,,,,Body,110182,Face+Body+Scene,0.239413782954216,0.5769770741462708,coco_polygon,-0.04170098997849586,,12345
,,mask_Face+Body+Scene_pure_random_01_mean,pure_matched_random,847,E3_joint_redundancy,,,,Body,48302,Face+Body+Scene,0.19251975417137146,0.2740759253501892,coco_polygon,-0.15079058047805868,,12345
,,mask_Face+Body+Scene_pure_random_01_mean,pure_matched_random,931,E3_joint_redundancy,,,,Body,70051,Face+Body+Scene,0.667350709438324,0.41535183787345886,coco_bbox_fallback_for_rle,0.17122597797078015,,12345
,,mask_Face+Body+Scene_pure_random_01_mean,pure_matched_random,941,E3_joint_redundancy,,,,Body,51802,Face+Body+Scene,0.1606414020061493,0.3167797327041626,coco_polygon,-0.03898034838603177,,12345
,,mask_Face+Body+Scene_pure_random_02_mean,pure_matched_random,21,E3_joint_redundancy,,,,Body,71883,Face+Body+Scene,0.41605380177497864,0.40147489309310913,coco_polygon,0.23907466440967887,,12345
,,mask_Face+Body+Scene_pure_random_02_mean,pure_matched_random,40,E3_joint_redundancy,,,,Body,44563,Face+Body+Scene,0.15405923128128052,0.24805375933647156,coco_polygon,-0.1469135193300704,,12345
,,mask_Face+Body+Scene_pure_random_02_mean,pure_matched_random,220,E3_joint_redundancy,,,,Body,71775,Face+Body+Scene,0.12759095430374146,0.38039517402648926,coco_polygon,-0.12835278281888737,,12345
,,mask_Face+Body+Scene_pure_random_02_mean,pure_matched_random,366,E3_joint_redundancy,,,,Body,46652,Face+Body+Scene,0.3666602373123169,0.29412123560905457,coco_polygon,0.1798114002449415,,12345
,,mask_Face+Body+Scene_pure_random_02_mean,pure_matched_random,474,E3_joint_redundancy,,,,Body,54856,Face+Body+Scene,0.3129720985889435,0.33234888315200806,coco_polygon,0.29191385754518734,,12345
,,mask_Face+Body+Scene_pure_random_02_mean,pure_matched_random,716,E3_joint_redundancy,,,,Body,63805,Face+Body+Scene,0.2160116583108902,0.3164350092411041,coco_polygon,-0.03351844107947079,,12345
,,mask_Face+Body+Scene_pure_random_02_mean,pure_matched_random,816,E3_joint_redundancy,,,,Body,110182,Face+Body+Scene,0.10869196802377701,0.62148517370224,coco_polygon,-0.0887444180950831,,12345
,,mask_Face+Body+Scene_pure_random_02_mean,pure_matched_random,847,E3_joint_redundancy,,,,Body,48302,Face+Body+Scene,0.2537820339202881,0.2721731960773468,coco_polygon,-0.20396274587245602,,12345
,,mask_Face+Body+Scene_pure_random_02_mean,pure_matched_random,931,E3_joint_redundancy,,,,Body,70051,Face+Body+Scene,0.6027786731719971,0.39791199564933777,coco_bbox_fallback_for_rle,0.11788563663627262,,12345
,,mask_Face+Body+Scene_pure_random_02_mean,pure_matched_random,941,E3_joint_redundancy,,,,Body,51802,Face+Body+Scene,0.09334147721529007,0.3183743357658386,coco_polygon,-0.2512207798832704,,12345
,,mask_Face+Body+Scene_pure_random_03_mean,pure_matched_random,21,E3_joint_redundancy,,,,Body,71883,Face+Body+Scene,0.45134419202804565,0.4019329845905304,coco_polygon,0.23927280730624714,,12345
,,mask_Face+Body+Scene_pure_random_03_mean,pure_matched_random,40,E3_joint_redundancy,,,,Body,44563,Face+Body+Scene,0.1875712275505066,0.25329190492630005,coco_polygon,-0.16123660949358284,,12345
,,mask_Face+Body+Scene_pure_random_03_mean,pure_matched_random,220,E3_joint_redundancy,,,,Body,71775,Face+Body+Scene,0.08990838378667831,0.4094275236129761,coco_polygon,-0.15774983040582488,,12345
,,mask_Face+Body+Scene_pure_random_03_mean,pure_matched_random,366,E3_joint_redundancy,,,,Body,46652,Face+Body+Scene,0.40235772728919983,0.2890460193157196,coco_polygon,0.19607603887683142,,12345
,,mask_Face+Body+Scene_pure_random_03_mean,pure_matched_random,474,E3_joint_redundancy,,,,Body,54856,Face+Body+Scene,0.29966995120048523,0.33270326256752014,coco_polygon,0.32640347320802365,,12345
,,mask_Face+Body+Scene_pure_random_03_mean,pure_matched_random,716,E3_joint_redundancy,,,,Body,63805,Face+Body+Scene,0.14237570762634277,0.3207094073295593,coco_polygon,-0.03445312520479566,,12345
,,mask_Face+Body+Scene_pure_random_03_mean,pure_matched_random,816,E3_joint_redundancy,,,,Body,110182,Face+Body+Scene,0.11620302498340607,0.6122631430625916,coco_polygon,-0.10527795285857414,,12345
,,mask_Face+Body+Scene_pure_random_03_mean,pure_matched_random,847,E3_joint_redundancy,,,,Body,48302,Face+Body+Scene,0.214789479970932,0.2742520868778229,coco_polygon,-0.2047955409244513,,12345
,,mask_Face+Body+Scene_pure_random_03_mean,pure_matched_random,931,E3_joint_redundancy,,,,Body,70051,Face+Body+Scene,0.6245871186256409,0.4161466062068939,coco_bbox_fallback_for_rle,0.15720255301328415,,12345
,,mask_Face+Body+Scene_pure_random_03_mean,pure_matched_random,941,E3_joint_redundancy,,,,Body,51802,Face+Body+Scene,0.16337217390537262,0.3145296275615692,coco_polygon,-0.03530678122392893,,12345
,,mask_Face+Body+Scene_pure_random_04_mean,pure_matched_random,21,E3_joint_redundancy,,,,Body,71883,Face+Body+Scene,0.3736916482448578,0.40311485528945923,coco_polygon,0.22957026092789196,,12345
,,mask_Face+Body+Scene_pure_random_04_mean,pure_matched_random,40,E3_joint_redundancy,,,,Body,44563,Face+Body+Scene,0.20420856773853302,0.25680676102638245,coco_polygon,-0.07745016150715979,,12345
,,mask_Face+Body+Scene_pure_random_04_mean,pure_matched_random,220,E3_joint_redundancy,,,,Body,71775,Face+Body+Scene,0.07501783221960068,0.3906872868537903,coco_polygon,-0.15642859405240098,,12345
,,mask_Face+Body+Scene_pure_random_04_mean,pure_matched_random,366,E3_joint_redundancy,,,,Body,46652,Face+Body+Scene,0.1323016881942749,0.3150944113731384,coco_polygon,0.19956632932426552,,12345
,,mask_Face+Body+Scene_pure_random_04_mean,pure_matched_random,474,E3_joint_redundancy,,,,Body,54856,Face+Body+Scene,0.2689374089241028,0.33157896995544434,coco_polygon,0.30837922873701545,,12345
,,mask_Face+Body+Scene_pure_random_04_mean,pure_matched_random,716,E3_joint_redundancy,,,,Body,63805,Face+Body+Scene,0.19560247659683228,0.30979815125465393,coco_polygon,-0.027071386303050234,,12345
,,mask_Face+Body+Scene_pure_random_04_mean,pure_matched_random,816,E3_joint_redundancy,,,,Body,110182,Face+Body+Scene,0.15506446361541748,0.5854654312133789,coco_polygon,-0.03508515549282906,,12345
,,mask_Face+Body+Scene_pure_random_04_mean,pure_matched_random,847,E3_joint_redundancy,,,,Body,48302,Face+Body+Scene,0.2527964413166046,0.2831219434738159,coco_polygon,-0.19484847036348085,,12345
,,mask_Face+Body+Scene_pure_random_04_mean,pure_matched_random,931,E3_joint_redundancy,,,,Body,70051,Face+Body+Scene,0.6912878751754761,0.40208762884140015,coco_bbox_fallback_for_rle,0.10872934275562296,,12345
,,mask_Face+Body+Scene_pure_random_04_mean,pure_matched_random,941,E3_joint_redundancy,,,,Body,51802,Face+Body+Scene,0.1580779105424881,0.30572155117988586,coco_polygon,-0.12787902309615676,,12345
,,mask_Face+Body+Scene_pure_random_05_mean,pure_matched_random,21,E3_joint_redundancy,,,,Body,71883,Face+Body+Scene,0.4342820942401886,0.4062342047691345,coco_polygon,0.22991006926619265,,12345
,,mask_Face+Body+Scene_pure_random_05_mean,pure_matched_random,40,E3_joint_redundancy,,,,Body,44563,Face+Body+Scene,0.3951728343963623,0.24530759453773499,coco_polygon,-0.2011759693914401,,12345
,,mask_Face+Body+Scene_pure_random_05_mean,pure_matched_random,220,E3_joint_redundancy,,,,Body,71775,Face+Body+Scene,0.23123429715633392,0.39672166109085083,coco_polygon,-0.2058420519946481,,12345
,,mask_Face+Body+Scene_pure_random_05_mean,pure_matched_random,366,E3_joint_redundancy,,,,Body,46652,Face+Body+Scene,0.24042056500911713,0.30157071352005005,coco_polygon,0.23689010441699102,,12345
,,mask_Face+Body+Scene_pure_random_05_mean,pure_matched_random,474,E3_joint_redundancy,,,,Body,54856,Face+Body+Scene,0.23369668424129486,0.3114960789680481,coco_polygon,0.3063310579873876,,12345
,,mask_Face+Body+Scene_pure_random_05_mean,pure_matched_random,716,E3_joint_redundancy,,,,Body,63805,Face+Body+Scene,0.1440529227256775,0.3168327212333679,coco_polygon,-0.01970104762284695,,12345
,,mask_Face+Body+Scene_pure_random_05_mean,pure_matched_random,816,E3_joint_redundancy,,,,Body,110182,Face+Body+Scene,0.2737211585044861,0.5740684270858765,coco_polygon,-0.042747472293781424,,12345
,,mask_Face+Body+Scene_pure_random_05_mean,pure_matched_random,847,E3_joint_redundancy,,,,Body,48302,Face+Body+Scene,0.26305949687957764,0.27002421021461487,coco_polygon,-0.1604401439298726,,12345
,,mask_Face+Body+Scene_pure_random_05_mean,pure_matched_random,931,E3_joint_redundancy,,,,Body,70051,Face+Body+Scene,0.7174566984176636,0.3991909623146057,coco_bbox_fallback_for_rle,0.15115745522256535,,12345
,,mask_Face+Body+Scene_pure_random_05_mean,pure_matched_random,941,E3_joint_redundancy,,,,Body,51802,Face+Body+Scene,0.0968150869011879,0.3361557126045227,coco_polygon,-0.002570853750498002,,12345
,,mask_Face+Body_mean,target_roi,21,E3_joint_redundancy,,,,Body,71883,Face+Body,0.46835044026374817,0.4020533561706543,coco_polygon,0.23731157979754908,,12345
,,mask_Face+Body_mean,target_roi,40,E3_joint_redundancy,,,,Body,44563,Face+Body,0.16420134902000427,0.24810513854026794,coco_polygon,-0.17906170656488823,,12345
,,mask_Face+Body_mean,target_roi,220,E3_joint_redundancy,,,,Body,71775,Face+Body,0.12860044836997986,0.42261046171188354,coco_polygon,-0.1819575599940193,,12345
,,mask_Face+Body_mean,target_roi,366,E3_joint_redundancy,,,,Body,46652,Face+Body,0.2972017824649811,0.29533830285072327,coco_polygon,0.20841187835028088,,12345
,,mask_Face+Body_mean,target_roi,474,E3_joint_redundancy,,,,Body,54856,Face+Body,0.28939521312713623,0.3265007734298706,coco_polygon,0.31689267868256943,,12345
,,mask_Face+Body_mean,target_roi,716,E3_joint_redundancy,,,,Body,63805,Face+Body,0.13160265982151031,0.3140680193901062,coco_polygon,0.09448364807926375,,12345
,,mask_Face+Body_mean,target_roi,816,E3_joint_redundancy,,,,Body,110182,Face+Body,0.22072502970695496,0.5750108957290649,coco_polygon,-0.044778557409647646,,12345
,,mask_Face+Body_mean,target_roi,847,E3_joint_redundancy,,,,Body,48302,Face+Body,0.24292513728141785,0.2934412658214569,coco_polygon,-0.1690980982984108,,12345
,,mask_Face+Body_mean,target_roi,931,E3_joint_redundancy,,,,Body,70051,Face+Body,0.7025980353355408,0.4173187017440796,coco_bbox_fallback_for_rle,0.1079403755490829,,12345
,,mask_Face+Body_mean,target_roi,941,E3_joint_redundancy,,,,Body,51802,Face+Body,0.15686114132404327,0.3149968087673187,coco_polygon,-0.0444087213142963,,12345
,,mask_Face+Body_pure_random_01_mean,pure_matched_random,21,E3_joint_redundancy,,,,Body,71883,Face+Body,0.4172111749649048,0.4069281816482544,coco_polygon,0.2364709664549561,,12345
,,mask_Face+Body_pure_random_01_mean,pure_matched_random,40,E3_joint_redundancy,,,,Body,44563,Face+Body,0.16052109003067017,0.2613716125488281,coco_polygon,-0.07054853716576186,,12345
,,mask_Face+Body_pure_random_01_mean,pure_matched_random,220,E3_joint_redundancy,,,,Body,71775,Face+Body,0.15441827476024628,0.4143652021884918,coco_polygon,-0.15602603207958798,,12345
,,mask_Face+Body_pure_random_01_mean,pure_matched_random,366,E3_joint_redundancy,,,,Body,46652,Face+Body,0.30947747826576233,0.28836095333099365,coco_polygon,0.2847084157172782,,12345
,,mask_Face+Body_pure_random_01_mean,pure_matched_random,474,E3_joint_redundancy,,,,Body,54856,Face+Body,0.2852427363395691,0.3316737711429596,coco_polygon,0.31334873697961174,,12345
,,mask_Face+Body_pure_random_01_mean,pure_matched_random,716,E3_joint_redundancy,,,,Body,63805,Face+Body,0.14358823001384735,0.3166254460811615,coco_polygon,0.10137045675566392,,12345
,,mask_Face+Body_pure_random_01_mean,pure_matched_random,816,E3_joint_redundancy,,,,Body,110182,Face+Body,0.20116876065731049,0.5917423963546753,coco_polygon,-0.052536101466887614,,12345
,,mask_Face+Body_pure_random_01_mean,pure_matched_random,847,E3_joint_redundancy,,,,Body,48302,Face+Body,0.21763047575950623,0.29243457317352295,coco_polygon,-0.18122692622806322,,12345
,,mask_Face+Body_pure_random_01_mean,pure_matched_random,931,E3_joint_redundancy,,,,Body,70051,Face+Body,0.6006156206130981,0.40038615465164185,coco_bbox_fallback_for_rle,0.12957299869071634,,12345
,,mask_Face+Body_pure_random_01_mean,pure_matched_random,941,E3_joint_redundancy,,,,Body,51802,Face+Body,0.1689477562904358,0.31383055448532104,coco_polygon,-0.03845553861820377,,12345
,,mask_Face+Body_pure_random_02_mean,pure_matched_random,21,E3_joint_redundancy,,,,Body,71883,Face+Body,0.4390825629234314,0.4109032452106476,coco_polygon,0.22294868729850525,,12345
,,mask_Face+Body_pure_random_02_mean,pure_matched_random,40,E3_joint_redundancy,,,,Body,44563,Face+Body,0.18367183208465576,0.2485903948545456,coco_polygon,-0.17010842978817664,,12345
,,mask_Face+Body_pure_random_02_mean,pure_matched_random,220,E3_joint_redundancy,,,,Body,71775,Face+Body,0.160444974899292,0.39507001638412476,coco_polygon,-0.2161294649007196,,12345
,,mask_Face+Body_pure_random_02_mean,pure_matched_random,366,E3_joint_redundancy,,,,Body,46652,Face+Body,0.44829586148262024,0.28408604860305786,coco_polygon,0.2585795603899783,,12345
,,mask_Face+Body_pure_random_02_mean,pure_matched_random,474,E3_joint_redundancy,,,,Body,54856,Face+Body,0.2793292999267578,0.3301056921482086,coco_polygon,0.3052521084512791,,12345
,,mask_Face+Body_pure_random_02_mean,pure_matched_random,716,E3_joint_redundancy,,,,Body,63805,Face+Body,0.16393567621707916,0.32027459144592285,coco_polygon,-0.03711000778851272,,12345
,,mask_Face+Body_pure_random_02_mean,pure_matched_random,816,E3_joint_redundancy,,,,Body,110182,Face+Body,0.22285303473472595,0.5835392475128174,coco_polygon,-0.02908122961454417,,12345
,,mask_Face+Body_pure_random_02_mean,pure_matched_random,847,E3_joint_redundancy,,,,Body,48302,Face+Body,0.2501678168773651,0.2793399393558502,coco_polygon,-0.17643409380064884,,12345
,,mask_Face+Body_pure_random_02_mean,pure_matched_random,931,E3_joint_redundancy,,,,Body,70051,Face+Body,0.7268056869506836,0.41699010133743286,coco_bbox_fallback_for_rle,0.12123758655971764,,12345
,,mask_Face+Body_pure_random_02_mean,pure_matched_random,941,E3_joint_redundancy,,,,Body,51802,Face+Body,0.15298250317573547,0.3134920299053192,coco_polygon,-0.02855205279855917,,12345
,,mask_Face+Body_pure_random_03_mean,pure_matched_random,21,E3_joint_redundancy,,,,Body,71883,Face+Body,0.41972073912620544,0.4036485552787781,coco_polygon,0.23836684206146358,,12345
,,mask_Face+Body_pure_random_03_mean,pure_matched_random,40,E3_joint_redundancy,,,,Body,44563,Face+Body,0.14794643223285675,0.24752099812030792,coco_polygon,-0.18171594229847546,,12345
,,mask_Face+Body_pure_random_03_mean,pure_matched_random,220,E3_joint_redundancy,,,,Body,71775,Face+Body,0.1458665132522583,0.3926660418510437,coco_polygon,-0.239463045242729,,12345
,,mask_Face+Body_pure_random_03_mean,pure_matched_random,366,E3_joint_redundancy,,,,Body,46652,Face+Body,0.44526273012161255,0.2970447242259979,coco_polygon,0.1963139124928573,,12345
,,mask_Face+Body_pure_random_03_mean,pure_matched_random,474,E3_joint_redundancy,,,,Body,54856,Face+Body,0.3509284257888794,0.3162778615951538,coco_polygon,0.28301170378127877,,12345
,,mask_Face+Body_pure_random_03_mean,pure_matched_random,716,E3_joint_redundancy,,,,Body,63805,Face+Body,0.1618720144033432,0.32677578926086426,coco_polygon,-0.04294156164516515,,12345
,,mask_Face+Body_pure_random_03_mean,pure_matched_random,816,E3_joint_redundancy,,,,Body,110182,Face+Body,0.21701101958751678,0.5708643198013306,coco_polygon,-0.04131930556578713,,12345
,,mask_Face+Body_pure_random_03_mean,pure_matched_random,847,E3_joint_redundancy,,,,Body,48302,Face+Body,0.19749194383621216,0.28696519136428833,coco_polygon,-0.17210527341166512,,12345
,,mask_Face+Body_pure_random_03_mean,pure_matched_random,931,E3_joint_redundancy,,,,Body,70051,Face+Body,0.6399972438812256,0.4057280421257019,coco_bbox_fallback_for_rle,0.14775834137140226,,12345
,,mask_Face+Body_pure_random_03_mean,pure_matched_random,941,E3_joint_redundancy,,,,Body,51802,Face+Body,0.14953026175498962,0.31795448064804077,coco_polygon,-0.029283600191877056,,12345
,,mask_Face+Body_pure_random_04_mean,pure_matched_random,21,E3_joint_redundancy,,,,Body,71883,Face+Body,0.4099014699459076,0.40439099073410034,coco_polygon,0.23453358460913107,,12345
,,mask_Face+Body_pure_random_04_mean,pure_matched_random,40,E3_joint_redundancy,,,,Body,44563,Face+Body,0.17831426858901978,0.25220054388046265,coco_polygon,-0.15970984014121128,,12345
,,mask_Face+Body_pure_random_04_mean,pure_matched_random,220,E3_joint_redundancy,,,,Body,71775,Face+Body,0.11141005903482437,0.4160323441028595,coco_polygon,-0.16194290036818387,,12345
,,mask_Face+Body_pure_random_04_mean,pure_matched_random,366,E3_joint_redundancy,,,,Body,46652,Face+Body,0.27473941445350647,0.31280383467674255,coco_polygon,0.18697385923931448,,12345
,,mask_Face+Body_pure_random_04_mean,pure_matched_random,474,E3_joint_redundancy,,,,Body,54856,Face+Body,0.31721049547195435,0.3305267095565796,coco_polygon,0.30468030781255445,,12345
,,mask_Face+Body_pure_random_04_mean,pure_matched_random,716,E3_joint_redundancy,,,,Body,63805,Face+Body,0.22043558955192566,0.32568198442459106,coco_polygon,-0.03280115722334466,,12345
,,mask_Face+Body_pure_random_04_mean,pure_matched_random,816,E3_joint_redundancy,,,,Body,110182,Face+Body,0.20357957482337952,0.5682905316352844,coco_polygon,-0.03512246838724107,,12345
,,mask_Face+Body_pure_random_04_mean,pure_matched_random,847,E3_joint_redundancy,,,,Body,48302,Face+Body,0.21712514758110046,0.2892683446407318,coco_polygon,-0.1659015204618023,,12345
,,mask_Face+Body_pure_random_04_mean,pure_matched_random,931,E3_joint_redundancy,,,,Body,70051,Face+Body,0.6501580476760864,0.4064728021621704,coco_bbox_fallback_for_rle,0.09486784190212467,,12345
,,mask_Face+Body_pure_random_04_mean,pure_matched_random,941,E3_joint_redundancy,,,,Body,51802,Face+Body,0.21275947988033295,0.3108412027359009,coco_polygon,-0.05149229277730288,,12345
,,mask_Face+Body_pure_random_05_mean,pure_matched_random,21,E3_joint_redundancy,,,,Body,71883,Face+Body,0.37975960969924927,0.4090348780155182,coco_polygon,0.25971797840200017,,12345
,,mask_Face+Body_pure_random_05_mean,pure_matched_random,40,E3_joint_redundancy,,,,Body,44563,Face+Body,0.5610090494155884,0.23214830458164215,coco_polygon,0.1273078306829587,,12345
,,mask_Face+Body_pure_random_05_mean,pure_matched_random,220,E3_joint_redundancy,,,,Body,71775,Face+Body,0.29604047536849976,0.38892531394958496,coco_polygon,-0.055415061699320256,,12345
,,mask_Face+Body_pure_random_05_mean,pure_matched_random,366,E3_joint_redundancy,,,,Body,46652,Face+Body,0.3676718473434448,0.3044952154159546,coco_polygon,0.1785188822231444,,12345
,,mask_Face+Body_pure_random_05_mean,pure_matched_random,474,E3_joint_redundancy,,,,Body,54856,Face+Body,0.282602995634079,0.3365415334701538,coco_polygon,0.31524472291782546,,12345
,,mask_Face+Body_pure_random_05_mean,pure_matched_random,716,E3_joint_redundancy,,,,Body,63805,Face+Body,0.10903333872556686,0.3095366954803467,coco_polygon,-0.012646536682059213,,12345
,,mask_Face+Body_pure_random_05_mean,pure_matched_random,816,E3_joint_redundancy,,,,Body,110182,Face+Body,0.22168290615081787,0.6044572591781616,coco_polygon,-0.04295245853567277,,12345
,,mask_Face+Body_pure_random_05_mean,pure_matched_random,847,E3_joint_redundancy,,,,Body,48302,Face+Body,0.17801308631896973,0.2638174593448639,coco_polygon,-0.24676374865208675,,12345
,,mask_Face+Body_pure_random_05_mean,pure_matched_random,931,E3_joint_redundancy,,,,Body,70051,Face+Body,0.7048596143722534,0.3862886428833008,coco_bbox_fallback_for_rle,0.1425914851613928,,12345
,,mask_Face+Body_pure_random_05_mean,pure_matched_random,941,E3_joint_redundancy,,,,Body,51802,Face+Body,0.23529154062271118,0.2972649335861206,coco_polygon,-0.04101859133704143,,12345
,,mask_Face+Scene_mean,target_roi,21,E3_joint_redundancy,,,,Body,71883,Face+Scene,0.40262073278427124,0.40570199489593506,coco_polygon,0.23458740010564935,,12345
,,mask_Face+Scene_mean,target_roi,40,E3_joint_redundancy,,,,Body,44563,Face+Scene,0.17266808450222015,0.24747852981090546,coco_polygon,-0.1635017903484816,,12345
,,mask_Face+Scene_mean,target_roi,220,E3_joint_redundancy,,,,Body,71775,Face+Scene,0.1077546700835228,0.39747774600982666,coco_polygon,-0.17600085092747741,,12345
,,mask_Face+Scene_mean,target_roi,366,E3_joint_redundancy,,,,Body,46652,Face+Scene,0.22489817440509796,0.302304208278656,coco_polygon,0.18583269478563685,,12345
,,mask_Face+Scene_mean,target_roi,474,E3_joint_redundancy,,,,Body,54856,Face+Scene,0.26193365454673767,0.33270010352134705,coco_polygon,0.3082668097851696,,12345
,,mask_Face+Scene_mean,target_roi,716,E3_joint_redundancy,,,,Body,63805,Face+Scene,0.14496713876724243,0.32020050287246704,coco_polygon,-0.03750481462189263,,12345
,,mask_Face+Scene_mean,target_roi,816,E3_joint_redundancy,,,,Body,110182,Face+Scene,0.2040223926305771,0.5796142816543579,coco_polygon,-0.020623342412214772,,12345
,,mask_Face+Scene_mean,target_roi,847,E3_joint_redundancy,,,,Body,48302,Face+Scene,0.20638278126716614,0.2911081910133362,coco_polygon,-0.1680944652656505,,12345
,,mask_Face+Scene_mean,target_roi,931,E3_joint_redundancy,,,,Body,70051,Face+Scene,0.6979050636291504,0.42224353551864624,coco_bbox_fallback_for_rle,0.10287219185930893,,12345
,,mask_Face+Scene_mean,target_roi,941,E3_joint_redundancy,,,,Body,51802,Face+Scene,0.1695793867111206,0.3180123567581177,coco_polygon,-0.03625823947693142,,12345
,,mask_Face+Scene_pure_random_01_mean,pure_matched_random,21,E3_joint_redundancy,,,,Body,71883,Face+Scene,0.44952094554901123,0.39783066511154175,coco_polygon,0.234948928121133,,12345
,,mask_Face+Scene_pure_random_01_mean,pure_matched_random,40,E3_joint_redundancy,,,,Body,44563,Face+Scene,0.14608410000801086,0.24559122323989868,coco_polygon,-0.14924279461690115,,12345
,,mask_Face+Scene_pure_random_01_mean,pure_matched_random,220,E3_joint_redundancy,,,,Body,71775,Face+Scene,0.13930852711200714,0.40215831995010376,coco_polygon,-0.21451455753881296,,12345
,,mask_Face+Scene_pure_random_01_mean,pure_matched_random,366,E3_joint_redundancy,,,,Body,46652,Face+Scene,0.3448646068572998,0.29756179451942444,coco_polygon,0.23935637025976364,,12345
,,mask_Face+Scene_pure_random_01_mean,pure_matched_random,474,E3_joint_redundancy,,,,Body,54856,Face+Scene,0.410913348197937,0.3387911319732666,coco_polygon,0.33978567641482943,,12345
,,mask_Face+Scene_pure_random_01_mean,pure_matched_random,716,E3_joint_redundancy,,,,Body,63805,Face+Scene,0.36220210790634155,0.3237628638744354,coco_polygon,-0.026587472281772107,,12345
,,mask_Face+Scene_pure_random_01_mean,pure_matched_random,816,E3_joint_redundancy,,,,Body,110182,Face+Scene,0.19972637295722961,0.5819746255874634,coco_polygon,-0.0619887801802765,,12345
,,mask_Face+Scene_pure_random_01_mean,pure_matched_random,847,E3_joint_redundancy,,,,Body,48302,Face+Scene,0.1435677856206894,0.2628319263458252,coco_polygon,-0.1820475406003077,,12345
,,mask_Face+Scene_pure_random_01_mean,pure_matched_random,931,E3_joint_redundancy,,,,Body,70051,Face+Scene,0.6536710858345032,0.3951743543148041,coco_bbox_fallback_for_rle,0.1439448024464225,,12345
,,mask_Face+Scene_pure_random_01_mean,pure_matched_random,941,E3_joint_redundancy,,,,Body,51802,Face+Scene,0.22727015614509583,0.31266459822654724,coco_polygon,-0.025970125993122335,,12345
,,mask_Face+Scene_pure_random_02_mean,pure_matched_random,21,E3_joint_redundancy,,,,Body,71883,Face+Scene,0.4395090937614441,0.40235215425491333,coco_polygon,0.22975651319179063,,12345
,,mask_Face+Scene_pure_random_02_mean,pure_matched_random,40,E3_joint_redundancy,,,,Body,44563,Face+Scene,0.1796092391014099,0.25421351194381714,coco_polygon,-0.14822557134658865,,12345
,,mask_Face+Scene_pure_random_02_mean,pure_matched_random,220,E3_joint_redundancy,,,,Body,71775,Face+Scene,0.21179437637329102,0.4075879454612732,coco_polygon,-0.23272021762746273,,12345
,,mask_Face+Scene_pure_random_02_mean,pure_matched_random,366,E3_joint_redundancy,,,,Body,46652,Face+Scene,0.2707260549068451,0.3034329414367676,coco_polygon,0.17391966499260209,,12345
,,mask_Face+Scene_pure_random_02_mean,pure_matched_random,474,E3_joint_redundancy,,,,Body,54856,Face+Scene,0.3642650544643402,0.33461689949035645,coco_polygon,0.32396272228731005,,12345
,,mask_Face+Scene_pure_random_02_mean,pure_matched_random,716,E3_joint_redundancy,,,,Body,63805,Face+Scene,0.20873549580574036,0.32334572076797485,coco_polygon,-0.03507079378734905,,12345
,,mask_Face+Scene_pure_random_02_mean,pure_matched_random,816,E3_joint_redundancy,,,,Body,110182,Face+Scene,0.22968274354934692,0.5804087519645691,coco_polygon,-0.04340772027890945,,12345
,,mask_Face+Scene_pure_random_02_mean,pure_matched_random,847,E3_joint_redundancy,,,,Body,48302,Face+Scene,0.1981755942106247,0.2613777220249176,coco_polygon,-0.19909979633905053,,12345
,,mask_Face+Scene_pure_random_02_mean,pure_matched_random,931,E3_joint_redundancy,,,,Body,70051,Face+Scene,0.6458136439323425,0.39387622475624084,coco_bbox_fallback_for_rle,0.006405256620921668,,12345
,,mask_Face+Scene_pure_random_02_mean,pure_matched_random,941,E3_joint_redundancy,,,,Body,51802,Face+Scene,0.29519492387771606,0.31851261854171753,coco_polygon,-0.006338287651556407,,12345
,,mask_Face+Scene_pure_random_03_mean,pure_matched_random,21,E3_joint_redundancy,,,,Body,71883,Face+Scene,0.43629422783851624,0.40182366967201233,coco_polygon,0.23705351292265084,,12345
,,mask_Face+Scene_pure_random_03_mean,pure_matched_random,40,E3_joint_redundancy,,,,Body,44563,Face+Scene,0.1782389134168625,0.248589426279068,coco_polygon,-0.15816862816361507,,12345
,,mask_Face+Scene_pure_random_03_mean,pure_matched_random,220,E3_joint_redundancy,,,,Body,71775,Face+Scene,0.13966476917266846,0.4206826686859131,coco_polygon,-0.16271467481034915,,12345
,,mask_Face+Scene_pure_random_03_mean,pure_matched_random,366,E3_joint_redundancy,,,,Body,46652,Face+Scene,0.5092358589172363,0.3068262040615082,coco_polygon,0.15177794671167702,,12345
,,mask_Face+Scene_pure_random_03_mean,pure_matched_random,474,E3_joint_redundancy,,,,Body,54856,Face+Scene,0.3437016010284424,0.3291475772857666,coco_polygon,0.3349238976349855,,12345
,,mask_Face+Scene_pure_random_03_mean,pure_matched_random,716,E3_joint_redundancy,,,,Body,63805,Face+Scene,0.22895276546478271,0.32197558879852295,coco_polygon,-0.04261749527200722,,12345
,,mask_Face+Scene_pure_random_03_mean,pure_matched_random,816,E3_joint_redundancy,,,,Body,110182,Face+Scene,0.2725572884082794,0.5836073756217957,coco_polygon,-0.048320011737631424,,12345
,,mask_Face+Scene_pure_random_03_mean,pure_matched_random,847,E3_joint_redundancy,,,,Body,48302,Face+Scene,0.22664153575897217,0.27224522829055786,coco_polygon,-0.19370465902223935,,12345
,,mask_Face+Scene_pure_random_03_mean,pure_matched_random,931,E3_joint_redundancy,,,,Body,70051,Face+Scene,0.7143288850784302,0.41146335005760193,coco_bbox_fallback_for_rle,0.18305719977488993,,12345
,,mask_Face+Scene_pure_random_03_mean,pure_matched_random,941,E3_joint_redundancy,,,,Body,51802,Face+Scene,0.15789426863193512,0.3182540237903595,coco_polygon,-0.03858614321774282,,12345
,,mask_Face+Scene_pure_random_04_mean,pure_matched_random,21,E3_joint_redundancy,,,,Body,71883,Face+Scene,0.3740600347518921,0.4131301939487457,coco_polygon,0.20604800667147782,,12345
,,mask_Face+Scene_pure_random_04_mean,pure_matched_random,40,E3_joint_redundancy,,,,Body,44563,Face+Scene,0.19107948243618011,0.24731716513633728,coco_polygon,-0.16170671403813702,,12345
,,mask_Face+Scene_pure_random_04_mean,pure_matched_random,220,E3_joint_redundancy,,,,Body,71775,Face+Scene,0.0910915806889534,0.41222432255744934,coco_polygon,-0.17315905209960547,,12345
,,mask_Face+Scene_pure_random_04_mean,pure_matched_random,366,E3_joint_redundancy,,,,Body,46652,Face+Scene,0.20639508962631226,0.30344095826148987,coco_polygon,0.2524036802615126,,12345
,,mask_Face+Scene_pure_random_04_mean,pure_matched_random,474,E3_joint_redundancy,,,,Body,54856,Face+Scene,0.40560242533683777,0.3288317918777466,coco_polygon,0.3266030156632717,,12345
,,mask_Face+Scene_pure_random_04_mean,pure_matched_random,716,E3_joint_redundancy,,,,Body,63805,Face+Scene,0.21585308015346527,0.3177153170108795,coco_polygon,-0.040420595406743226,,12345
,,mask_Face+Scene_pure_random_04_mean,pure_matched_random,816,E3_joint_redundancy,,,,Body,110182,Face+Scene,0.20332573354244232,0.5827564001083374,coco_polygon,-0.04309074868430692,,12345
,,mask_Face+Scene_pure_random_04_mean,pure_matched_random,847,E3_joint_redundancy,,,,Body,48302,Face+Scene,0.2093280553817749,0.2916153073310852,coco_polygon,-0.14960183318722894,,12345
,,mask_Face+Scene_pure_random_04_mean,pure_matched_random,931,E3_joint_redundancy,,,,Body,70051,Face+Scene,0.7156184911727905,0.411783367395401,coco_bbox_fallback_for_rle,0.12750308894430892,,12345
,,mask_Face+Scene_pure_random_04_mean,pure_matched_random,941,E3_joint_redundancy,,,,Body,51802,Face+Scene,0.2444848120212555,0.30757731199264526,coco_polygon,-0.018888320167070816,,12345
,,mask_Face+Scene_pure_random_05_mean,pure_matched_random,21,E3_joint_redundancy,,,,Body,71883,Face+Scene,0.46153169870376587,0.4057961106300354,coco_polygon,0.22610159506776123,,12345
,,mask_Face+Scene_pure_random_05_mean,pure_matched_random,40,E3_joint_redundancy,,,,Body,44563,Face+Scene,0.180547833442688,0.25330591201782227,coco_polygon,-0.1607960586938219,,12345
,,mask_Face+Scene_pure_random_05_mean,pure_matched_random,220,E3_joint_redundancy,,,,Body,71775,Face+Scene,0.08351251482963562,0.427566260099411,coco_polygon,-0.16582088509508236,,12345
,,mask_Face+Scene_pure_random_05_mean,pure_matched_random,366,E3_joint_redundancy,,,,Body,46652,Face+Scene,0.2767839729785919,0.30617329478263855,coco_polygon,0.16298093274568073,,12345
,,mask_Face+Scene_pure_random_05_mean,pure_matched_random,474,E3_joint_redundancy,,,,Body,54856,Face+Scene,0.30224674940109253,0.33062630891799927,coco_polygon,0.3113371407402473,,12345
,,mask_Face+Scene_pure_random_05_mean,pure_matched_random,716,E3_joint_redundancy,,,,Body,63805,Face+Scene,0.1696489304304123,0.3153657019138336,coco_polygon,-0.03834613960666243,,12345
,,mask_Face+Scene_pure_random_05_mean,pure_matched_random,816,E3_joint_redundancy,,,,Body,110182,Face+Scene,0.24948382377624512,0.5759069919586182,coco_polygon,-0.047791720340031846,,12345
,,mask_Face+Scene_pure_random_05_mean,pure_matched_random,847,E3_joint_redundancy,,,,Body,48302,Face+Scene,0.2504741847515106,0.27288293838500977,coco_polygon,-0.2185070472390305,,12345
,,mask_Face+Scene_pure_random_05_mean,pure_matched_random,931,E3_joint_redundancy,,,,Body,70051,Face+Scene,0.6763803958892822,0.3946806490421295,coco_bbox_fallback_for_rle,0.008924965481010566,,12345
,,mask_Face+Scene_pure_random_05_mean,pure_matched_random,941,E3_joint_redundancy,,,,Body,51802,Face+Scene,0.1775127500295639,0.3152632415294647,coco_polygon,-0.030529461733351904,,12345
,,no_mask,none,21,E3_joint_redundancy,,,,Body,71883,none,0.4418523609638214,0.40220367908477783,coco_polygon,0.22773178585436205,,12345
,,no_mask,none,40,E3_joint_redundancy,,,,Body,44563,none,0.18648257851600647,0.2503366470336914,coco_polygon,-0.1560148212557031,,12345
,,no_mask,none,220,E3_joint_redundancy,,,,Body,71775,none,0.11234947293996811,0.41396576166152954,coco_polygon,-0.175341584477777,,12345
,,no_mask,none,366,E3_joint_redundancy,,,,Body,46652,none,0.31846219301223755,0.3012382388114929,coco_polygon,0.1779203632583191,,12345
,,no_mask,none,474,E3_joint_redundancy,,,,Body,54856,none,0.31549128890037537,0.33712953329086304,coco_polygon,0.31865845641015766,,12345
,,no_mask,none,716,E3_joint_redundancy,,,,Body,63805,none,0.14299330115318298,0.31800413131713867,coco_polygon,-0.03793231750828638,,12345
,,no_mask,none,816,E3_joint_redundancy,,,,Body,110182,none,0.22590260207653046,0.5757942199707031,coco_polygon,-0.044773705304171824,,12345
,,no_mask,none,847,E3_joint_redundancy,,,,Body,48302,none,0.21237070858478546,0.28989142179489136,coco_polygon,-0.16421297722140404,,12345
,,no_mask,none,931,E3_joint_redundancy,,,,Body,70051,none,0.7150506377220154,0.4143545627593994,coco_bbox_fallback_for_rle,0.12219611992884447,,12345
,,no_mask,none,941,E3_joint_redundancy,,,,Body,51802,none,0.19369202852249146,0.31357982754707336,coco_polygon,-0.035052037460863016,,12345
,,no_mask_repeat,none,21,E3_joint_redundancy,,,,Body,71883,none,0.4418523609638214,0.40220367908477783,coco_polygon,0.22773178585436205,,12345
,,no_mask_repeat,none,40,E3_joint_redundancy,,,,Body,44563,none,0.18648257851600647,0.2503366470336914,coco_polygon,-0.1560148212557031,,12345
,,no_mask_repeat,none,220,E3_joint_redundancy,,,,Body,71775,none,0.11234947293996811,0.41396576166152954,coco_polygon,-0.175341584477777,,12345
,,no_mask_repeat,none,366,E3_joint_redundancy,,,,Body,46652,none,0.31846219301223755,0.3012382388114929,coco_polygon,0.1779203632583191,,12345
,,no_mask_repeat,none,474,E3_joint_redundancy,,,,Body,54856,none,0.31549128890037537,0.33712953329086304,coco_polygon,0.31865845641015766,,12345
,,no_mask_repeat,none,716,E3_joint_redundancy,,,,Body,63805,none,0.14299330115318298,0.31800413131713867,coco_polygon,-0.03793231750828638,,12345
,,no_mask_repeat,none,816,E3_joint_redundancy,,,,Body,110182,none,0.22590260207653046,0.5757942199707031,coco_polygon,-0.044773705304171824,,12345
,,no_mask_repeat,none,847,E3_joint_redundancy,,,,Body,48302,none,0.21237070858478546,0.28989142179489136,coco_polygon,-0.16421297722140404,,12345
,,no_mask_repeat,none,931,E3_joint_redundancy,,,,Body,70051,none,0.7150506377220154,0.4143545627593994,coco_bbox_fallback_for_rle,0.12219611992884447,,12345
,,no_mask_repeat,none,941,E3_joint_redundancy,,,,Body,51802,none,0.19369202852249146,0.31357982754707336,coco_polygon,-0.035052037460863016,,12345
0.5587320923805237,0.2101423591375351,mask_Body+Scene_mean,target_roi,132,E3_joint_redundancy,,,,Scene,173828,Body+Scene,,,coco_polygon,,0.0,12345
0.7075451016426086,0.11022549867630005,mask_Body+Scene_mean,target_roi,199,E3_joint_redundancy,,,,Scene,180625,Body+Scene,,,coco_polygon,,1.0,12345
0.7956247329711914,0.18038849532604218,mask_Body+Scene_mean,target_roi,214,E3_joint_redundancy,,,,Scene,180625,Body+Scene,,,coco_polygon,,1.0,12345
0.7282219529151917,0.05380532890558243,mask_Body+Scene_mean,target_roi,303,E3_joint_redundancy,,,,Scene,180625,Body+Scene,,,coco_polygon,,1.0,12345
0.5616065263748169,0.06790784746408463,mask_Body+Scene_mean,target_roi,486,E3_joint_redundancy,,,,Scene,180625,Body+Scene,,,coco_polygon,,1.0,12345
0.7534168362617493,0.033744197338819504,mask_Body+Scene_mean,target_roi,545,E3_joint_redundancy,,,,Scene,180625,Body+Scene,,,coco_polygon,,1.0,12345
0.7907723188400269,0.591268002986908,mask_Body+Scene_mean,target_roi,640,E3_joint_redundancy,,,,Scene,180625,Body+Scene,,,coco_polygon,,0.0,12345
0.677510678768158,0.08947284519672394,mask_Body+Scene_mean,target_roi,842,E3_joint_redundancy,,,,Scene,180625,Body+Scene,,,coco_polygon,,1.0,12345
0.6056426763534546,0.13314086198806763,mask_Body+Scene_mean,target_roi,893,E3_joint_redundancy,,,,Scene,180625,Body+Scene,,,coco_polygon,,0.0,12345
0.5846433639526367,0.006099763326346874,mask_Body+Scene_mean,target_roi,999,E3_joint_redundancy,,,,Scene,180625,Body+Scene,,,coco_polygon,,1.0,12345
0.5400132536888123,0.14726276695728302,mask_Body+Scene_pure_random_01_mean,pure_matched_random,132,E3_joint_redundancy,,,,Scene,173828,Body+Scene,,,coco_polygon,,1.0,12345
0.6080436110496521,0.08811168372631073,mask_Body+Scene_pure_random_01_mean,pure_matched_random,199,E3_joint_redundancy,,,,Scene,180625,Body+Scene,,,coco_polygon,,1.0,12345
0.7720693349838257,0.12414823472499847,mask_Body+Scene_pure_random_01_mean,pure_matched_random,214,E3_joint_redundancy,,,,Scene,180625,Body+Scene,,,coco_polygon,,1.0,12345
0.6518819332122803,0.10346252471208572,mask_Body+Scene_pure_random_01_mean,pure_matched_random,303,E3_joint_redundancy,,,,Scene,180625,Body+Scene,,,coco_polygon,,1.0,12345
0.5147508382797241,0.005961057264357805,mask_Body+Scene_pure_random_01_mean,pure_matched_random,486,E3_joint_redundancy,,,,Scene,180625,Body+Scene,,,coco_polygon,,0.0,12345
0.7632128000259399,0.030031973496079445,mask_Body+Scene_pure_random_01_mean,pure_matched_random,545,E3_joint_redundancy,,,,Scene,180625,Body+Scene,,,coco_polygon,,1.0,12345
0.8458975553512573,0.6944735050201416,mask_Body+Scene_pure_random_01_mean,pure_matched_random,640,E3_joint_redundancy,,,,Scene,180625,Body+Scene,,,coco_polygon,,0.0,12345
0.6836127042770386,0.02873939834535122,mask_Body+Scene_pure_random_01_mean,pure_matched_random,842,E3_joint_redundancy,,,,Scene,180625,Body+Scene,,,coco_polygon,,1.0,12345
0.4029463529586792,0.021229151636362076,mask_Body+Scene_pure_random_01_mean,pure_matched_random,893,E3_joint_redundancy,,,,Scene,180625,Body+Scene,,,coco_polygon,,0.0,12345
0.6488332748413086,-0.0016466304659843445,mask_Body+Scene_pure_random_01_mean,pure_matched_random,999,E3_joint_redundancy,,,,Scene,180625,Body+Scene,,,coco_polygon,,1.0,12345
0.5532166957855225,0.14519116282463074,mask_Body+Scene_pure_random_02_mean,pure_matched_random,132,E3_joint_redundancy,,,,Scene,173828,Body+Scene,,,coco_polygon,,1.0,12345
0.6471300721168518,0.12310724705457687,mask_Body+Scene_pure_random_02_mean,pure_matched_random,199,E3_joint_redundancy,,,,Scene,180625,Body+Scene,,,coco_polygon,,1.0,12345
0.5906243920326233,0.018294107168912888,mask_Body+Scene_pure_random_02_mean,pure_matched_random,214,E3_joint_redundancy,,,,Scene,180625,Body+Scene,,,coco_polygon,,1.0,12345
0.7187265157699585,0.07270607352256775,mask_Body+Scene_pure_random_02_mean,pure_matched_random,303,E3_joint_redundancy,,,,Scene,180625,Body+Scene,,,coco_polygon,,1.0,12345
0.6533461213111877,0.15623199939727783,mask_Body+Scene_pure_random_02_mean,pure_matched_random,486,E3_joint_redundancy,,,,Scene,180625,Body+Scene,,,coco_polygon,,0.0,12345
0.6607463359832764,0.12855634093284607,mask_Body+Scene_pure_random_02_mean,pure_matched_random,545,E3_joint_redundancy,,,,Scene,180625,Body+Scene,,,coco_polygon,,1.0,12345
0.8503944873809814,0.6833844184875488,mask_Body+Scene_pure_random_02_mean,pure_matched_random,640,E3_joint_redundancy,,,,Scene,180625,Body+Scene,,,coco_polygon,,0.0,12345
0.6933065056800842,0.0973961353302002,mask_Body+Scene_pure_random_02_mean,pure_matched_random,842,E3_joint_redundancy,,,,Scene,180625,Body+Scene,,,coco_polygon,,1.0,12345
0.47843602299690247,0.015122299082577229,mask_Body+Scene_pure_random_02_mean,pure_matched_random,893,E3_joint_redundancy,,,,Scene,180625,Body+Scene,,,coco_polygon,,0.0,12345
0.6739944219589233,-0.012047404423356056,mask_Body+Scene_pure_random_02_mean,pure_matched_random,999,E3_joint_redundancy,,,,Scene,180625,Body+Scene,,,coco_polygon,,1.0,12345
0.524939239025116,0.18305127322673798,mask_Body+Scene_pure_random_03_mean,pure_matched_random,132,E3_joint_redundancy,,,,Scene,173828,Body+Scene,,,coco_polygon,,1.0,12345
0.685111403465271,0.1751517951488495,mask_Body+Scene_pure_random_03_mean,pure_matched_random,199,E3_joint_redundancy,,,,Scene,180625,Body+Scene,,,coco_polygon,,1.0,12345
0.8490765690803528,0.15189287066459656,mask_Body+Scene_pure_random_03_mean,pure_matched_random,214,E3_joint_redundancy,,,,Scene,180625,Body+Scene,,,coco_polygon,,1.0,12345
0.6181231737136841,0.08386114239692688,mask_Body+Scene_pure_random_03_mean,pure_matched_random,303,E3_joint_redundancy,,,,Scene,180625,Body+Scene,,,coco_polygon,,1.0,12345
0.5360016822814941,0.01104101724922657,mask_Body+Scene_pure_random_03_mean,pure_matched_random,486,E3_joint_redundancy,,,,Scene,180625,Body+Scene,,,coco_polygon,,0.0,12345
0.6993099451065063,0.07669607549905777,mask_Body+Scene_pure_random_03_mean,pure_matched_random,545,E3_joint_redundancy,,,,Scene,180625,Body+Scene,,,coco_polygon,,1.0,12345
0.798944890499115,0.5399758815765381,mask_Body+Scene_pure_random_03_mean,pure_matched_random,640,E3_joint_redundancy,,,,Scene,180625,Body+Scene,,,coco_polygon,,0.0,12345
0.709470808506012,0.061163969337940216,mask_Body+Scene_pure_random_03_mean,pure_matched_random,842,E3_joint_redundancy,,,,Scene,180625,Body+Scene,,,coco_polygon,,1.0,12345
0.6151140928268433,0.1605854034423828,mask_Body+Scene_pure_random_03_mean,pure_matched_random,893,E3_joint_redundancy,,,,Scene,180625,Body+Scene,,,coco_polygon,,0.0,12345
0.6404528021812439,0.0005275029689073563,mask_Body+Scene_pure_random_03_mean,pure_matched_random,999,E3_joint_redundancy,,,,Scene,180625,Body+Scene,,,coco_polygon,,1.0,12345
0.5751587152481079,0.15710888803005219,mask_Body+Scene_pure_random_04_mean,pure_matched_random,132,E3_joint_redundancy,,,,Scene,173828,Body+Scene,,,coco_polygon,,1.0,12345
0.5577325820922852,0.10282395035028458,mask_Body+Scene_pure_random_04_mean,pure_matched_random,199,E3_joint_redundancy,,,,Scene,180625,Body+Scene,,,coco_polygon,,1.0,12345
0.7124249339103699,0.18209615349769592,mask_Body+Scene_pure_random_04_mean,pure_matched_random,214,E3_joint_redundancy,,,,Scene,180625,Body+Scene,,,coco_polygon,,1.0,12345
0.6570270657539368,0.04193388670682907,mask_Body+Scene_pure_random_04_mean,pure_matched_random,303,E3_joint_redundancy,,,,Scene,180625,Body+Scene,,,coco_polygon,,1.0,12345
0.646051824092865,0.16685530543327332,mask_Body+Scene_pure_random_04_mean,pure_matched_random,486,E3_joint_redundancy,,,,Scene,180625,Body+Scene,,,coco_polygon,,0.0,12345
0.7068308591842651,0.06086677312850952,mask_Body+Scene_pure_random_04_mean,pure_matched_random,545,E3_joint_redundancy,,,,Scene,180625,Body+Scene,,,coco_polygon,,1.0,12345
0.8239591121673584,0.6267414093017578,mask_Body+Scene_pure_random_04_mean,pure_matched_random,640,E3_joint_redundancy,,,,Scene,180625,Body+Scene,,,coco_polygon,,0.0,12345
0.7104097604751587,0.08017956465482712,mask_Body+Scene_pure_random_04_mean,pure_matched_random,842,E3_joint_redundancy,,,,Scene,180625,Body+Scene,,,coco_polygon,,1.0,12345
0.573150634765625,0.08144354820251465,mask_Body+Scene_pure_random_04_mean,pure_matched_random,893,E3_joint_redundancy,,,,Scene,180625,Body+Scene,,,coco_polygon,,0.0,12345
0.6575971245765686,0.025066237896680832,mask_Body+Scene_pure_random_04_mean,pure_matched_random,999,E3_joint_redundancy,,,,Scene,180625,Body+Scene,,,coco_polygon,,1.0,12345
0.5607831478118896,0.18994447588920593,mask_Body+Scene_pure_random_05_mean,pure_matched_random,132,E3_joint_redundancy,,,,Scene,173828,Body+Scene,,,coco_polygon,,1.0,12345
0.589492678642273,0.1284712255001068,mask_Body+Scene_pure_random_05_mean,pure_matched_random,199,E3_joint_redundancy,,,,Scene,180625,Body+Scene,,,coco_polygon,,1.0,12345
0.8438502550125122,0.23116658627986908,mask_Body+Scene_pure_random_05_mean,pure_matched_random,214,E3_joint_redundancy,,,,Scene,180625,Body+Scene,,,coco_polygon,,1.0,12345
0.6144886612892151,0.057563234120607376,mask_Body+Scene_pure_random_05_mean,pure_matched_random,303,E3_joint_redundancy,,,,Scene,180625,Body+Scene,,,coco_polygon,,1.0,12345
0.6947660446166992,0.26001420617103577,mask_Body+Scene_pure_random_05_mean,pure_matched_random,486,E3_joint_redundancy,,,,Scene,180625,Body+Scene,,,coco_polygon,,0.0,12345
0.703588604927063,0.03606276214122772,mask_Body+Scene_pure_random_05_mean,pure_matched_random,545,E3_joint_redundancy,,,,Scene,180625,Body+Scene,,,coco_polygon,,1.0,12345
0.813713788986206,0.6445627212524414,mask_Body+Scene_pure_random_05_mean,pure_matched_random,640,E3_joint_redundancy,,,,Scene,180625,Body+Scene,,,coco_polygon,,0.0,12345
0.7411326169967651,0.1086231917142868,mask_Body+Scene_pure_random_05_mean,pure_matched_random,842,E3_joint_redundancy,,,,Scene,180625,Body+Scene,,,coco_polygon,,1.0,12345
0.5660558938980103,0.06494727730751038,mask_Body+Scene_pure_random_05_mean,pure_matched_random,893,E3_joint_redundancy,,,,Scene,180625,Body+Scene,,,coco_polygon,,0.0,12345
0.6977347135543823,0.0014431504532694817,mask_Body+Scene_pure_random_05_mean,pure_matched_random,999,E3_joint_redundancy,,,,Scene,180625,Body+Scene,,,coco_polygon,,1.0,12345
0.5324563384056091,0.20667651295661926,mask_Face+Body+Scene_mean,target_roi,132,E3_joint_redundancy,,,,Scene,173828,Face+Body+Scene,,,coco_polygon,,0.0,12345
0.6827397346496582,0.13837049901485443,mask_Face+Body+Scene_mean,target_roi,199,E3_joint_redundancy,,,,Scene,180625,Face+Body+Scene,,,coco_polygon,,1.0,12345
0.86561518907547,0.3243379294872284,mask_Face+Body+Scene_mean,target_roi,214,E3_joint_redundancy,,,,Scene,180625,Face+Body+Scene,,,coco_polygon,,1.0,12345
0.6485808491706848,0.08414125442504883,mask_Face+Body+Scene_mean,target_roi,303,E3_joint_redundancy,,,,Scene,180625,Face+Body+Scene,,,coco_polygon,,1.0,12345
0.5818524956703186,0.10695626586675644,mask_Face+Body+Scene_mean,target_roi,486,E3_joint_redundancy,,,,Scene,180625,Face+Body+Scene,,,coco_polygon,,0.0,12345
0.7389398217201233,0.05324159935116768,mask_Face+Body+Scene_mean,target_roi,545,E3_joint_redundancy,,,,Scene,180625,Face+Body+Scene,,,coco_polygon,,1.0,12345
0.7861121892929077,0.6298456192016602,mask_Face+Body+Scene_mean,target_roi,640,E3_joint_redundancy,,,,Scene,180625,Face+Body+Scene,,,coco_polygon,,0.0,12345
0.704084038734436,0.09693139791488647,mask_Face+Body+Scene_mean,target_roi,842,E3_joint_redundancy,,,,Scene,180625,Face+Body+Scene,,,coco_polygon,,1.0,12345
0.655871570110321,0.08589032292366028,mask_Face+Body+Scene_mean,target_roi,893,E3_joint_redundancy,,,,Scene,180625,Face+Body+Scene,,,coco_polygon,,0.0,12345
0.5765102505683899,0.01248168759047985,mask_Face+Body+Scene_mean,target_roi,999,E3_joint_redundancy,,,,Scene,180625,Face+Body+Scene,,,coco_polygon,,1.0,12345
0.551001250743866,0.15541096031665802,mask_Face+Body+Scene_pure_random_01_mean,pure_matched_random,132,E3_joint_redundancy,,,,Scene,173828,Face+Body+Scene,,,coco_polygon,,1.0,12345
0.6854944825172424,0.1415645182132721,mask_Face+Body+Scene_pure_random_01_mean,pure_matched_random,199,E3_joint_redundancy,,,,Scene,180625,Face+Body+Scene,,,coco_polygon,,1.0,12345
0.7708320617675781,0.03820426017045975,mask_Face+Body+Scene_pure_random_01_mean,pure_matched_random,214,E3_joint_redundancy,,,,Scene,180625,Face+Body+Scene,,,coco_polygon,,1.0,12345
0.667568564414978,0.03140229731798172,mask_Face+Body+Scene_pure_random_01_mean,pure_matched_random,303,E3_joint_redundancy,,,,Scene,180625,Face+Body+Scene,,,coco_polygon,,1.0,12345
0.5342307090759277,0.013684938661754131,mask_Face+Body+Scene_pure_random_01_mean,pure_matched_random,486,E3_joint_redundancy,,,,Scene,180625,Face+Body+Scene,,,coco_polygon,,0.0,12345
0.7346380352973938,0.0705912783741951,mask_Face+Body+Scene_pure_random_01_mean,pure_matched_random,545,E3_joint_redundancy,,,,Scene,180625,Face+Body+Scene,,,coco_polygon,,1.0,12345
0.8251972794532776,0.611896812915802,mask_Face+Body+Scene_pure_random_01_mean,pure_matched_random,640,E3_joint_redundancy,,,,Scene,180625,Face+Body+Scene,,,coco_polygon,,0.0,12345
0.7082791924476624,0.03618026524782181,mask_Face+Body+Scene_pure_random_01_mean,pure_matched_random,842,E3_joint_redundancy,,,,Scene,180625,Face+Body+Scene,,,coco_polygon,,1.0,12345
0.5236914753913879,0.09045201539993286,mask_Face+Body+Scene_pure_random_01_mean,pure_matched_random,893,E3_joint_redundancy,,,,Scene,180625,Face+Body+Scene,,,coco_polygon,,0.0,12345
0.6290717124938965,-0.00613782461732626,mask_Face+Body+Scene_pure_random_01_mean,pure_matched_random,999,E3_joint_redundancy,,,,Scene,180625,Face+Body+Scene,,,coco_polygon,,1.0,12345
0.526184618473053,0.17748351395130157,mask_Face+Body+Scene_pure_random_02_mean,pure_matched_random,132,E3_joint_redundancy,,,,Scene,173828,Face+Body+Scene,,,coco_polygon,,1.0,12345
0.6426386833190918,0.08112329244613647,mask_Face+Body+Scene_pure_random_02_mean,pure_matched_random,199,E3_joint_redundancy,,,,Scene,180625,Face+Body+Scene,,,coco_polygon,,1.0,12345
0.7649102210998535,0.16652150452136993,mask_Face+Body+Scene_pure_random_02_mean,pure_matched_random,214,E3_joint_redundancy,,,,Scene,180625,Face+Body+Scene,,,coco_polygon,,1.0,12345
0.6909626722335815,0.15195058286190033,mask_Face+Body+Scene_pure_random_02_mean,pure_matched_random,303,E3_joint_redundancy,,,,Scene,180625,Face+Body+Scene,,,coco_polygon,,1.0,12345
0.6306889057159424,0.22324572503566742,mask_Face+Body+Scene_pure_random_02_mean,pure_matched_random,486,E3_joint_redundancy,,,,Scene,180625,Face+Body+Scene,,,coco_polygon,,0.0,12345
0.686499834060669,0.03608272597193718,mask_Face+Body+Scene_pure_random_02_mean,pure_matched_random,545,E3_joint_redundancy,,,,Scene,180625,Face+Body+Scene,,,coco_polygon,,1.0,12345
0.8276075124740601,0.567598283290863,mask_Face+Body+Scene_pure_random_02_mean,pure_matched_random,640,E3_joint_redundancy,,,,Scene,180625,Face+Body+Scene,,,coco_polygon,,0.0,12345
0.6897068023681641,0.07129940390586853,mask_Face+Body+Scene_pure_random_02_mean,pure_matched_random,842,E3_joint_redundancy,,,,Scene,180625,Face+Body+Scene,,,coco_polygon,,1.0,12345
0.5163223743438721,0.07689845561981201,mask_Face+Body+Scene_pure_random_02_mean,pure_matched_random,893,E3_joint_redundancy,,,,Scene,180625,Face+Body+Scene,,,coco_polygon,,0.0,12345
0.6696053743362427,0.009871654212474823,mask_Face+Body+Scene_pure_random_02_mean,pure_matched_random,999,E3_joint_redundancy,,,,Scene,180625,Face+Body+Scene,,,coco_polygon,,1.0,12345
0.5443212389945984,0.21454140543937683,mask_Face+Body+Scene_pure_random_03_mean,pure_matched_random,132,E3_joint_redundancy,,,,Scene,173828,Face+Body+Scene,,,coco_polygon,,1.0,12345
0.5562509298324585,0.14733856916427612,mask_Face+Body+Scene_pure_random_03_mean,pure_matched_random,199,E3_joint_redundancy,,,,Scene,180625,Face+Body+Scene,,,coco_polygon,,1.0,12345
0.778626561164856,-0.00978730246424675,mask_Face+Body+Scene_pure_random_03_mean,pure_matched_random,214,E3_joint_redundancy,,,,Scene,180625,Face+Body+Scene,,,coco_polygon,,1.0,12345
0.6202715635299683,0.0638880729675293,mask_Face+Body+Scene_pure_random_03_mean,pure_matched_random,303,E3_joint_redundancy,,,,Scene,180625,Face+Body+Scene,,,coco_polygon,,1.0,12345
0.6452893614768982,0.1613646000623703,mask_Face+Body+Scene_pure_random_03_mean,pure_matched_random,486,E3_joint_redundancy,,,,Scene,180625,Face+Body+Scene,,,coco_polygon,,0.0,12345
0.6971381306648254,0.010157359763979912,mask_Face+Body+Scene_pure_random_03_mean,pure_matched_random,545,E3_joint_redundancy,,,,Scene,180625,Face+Body+Scene,,,coco_polygon,,1.0,12345
0.8432596325874329,0.6679689288139343,mask_Face+Body+Scene_pure_random_03_mean,pure_matched_random,640,E3_joint_redundancy,,,,Scene,180625,Face+Body+Scene,,,coco_polygon,,0.0,12345
0.7296234369277954,0.05988588556647301,mask_Face+Body+Scene_pure_random_03_mean,pure_matched_random,842,E3_joint_redundancy,,,,Scene,180625,Face+Body+Scene,,,coco_polygon,,1.0,12345
0.3864534795284271,0.0061996858566999435,mask_Face+Body+Scene_pure_random_03_mean,pure_matched_random,893,E3_joint_redundancy,,,,Scene,180625,Face+Body+Scene,,,coco_polygon,,0.0,12345
0.6490012407302856,-0.0044134389609098434,mask_Face+Body+Scene_pure_random_03_mean,pure_matched_random,999,E3_joint_redundancy,,,,Scene,180625,Face+Body+Scene,,,coco_polygon,,1.0,12345
0.5328376889228821,0.1692975014448166,mask_Face+Body+Scene_pure_random_04_mean,pure_matched_random,132,E3_joint_redundancy,,,,Scene,173828,Face+Body+Scene,,,coco_polygon,,1.0,12345
0.6789954304695129,0.0903153270483017,mask_Face+Body+Scene_pure_random_04_mean,pure_matched_random,199,E3_joint_redundancy,,,,Scene,180625,Face+Body+Scene,,,coco_polygon,,1.0,12345
0.6021552681922913,-0.03345397859811783,mask_Face+Body+Scene_pure_random_04_mean,pure_matched_random,214,E3_joint_redundancy,,,,Scene,180625,Face+Body+Scene,,,coco_polygon,,1.0,12345
0.6184253096580505,0.0576600655913353,mask_Face+Body+Scene_pure_random_04_mean,pure_matched_random,303,E3_joint_redundancy,,,,Scene,180625,Face+Body+Scene,,,coco_polygon,,1.0,12345
0.6254950761795044,0.21206806600093842,mask_Face+Body+Scene_pure_random_04_mean,pure_matched_random,486,E3_joint_redundancy,,,,Scene,180625,Face+Body+Scene,,,coco_polygon,,0.0,12345
0.7016723155975342,0.07147687673568726,mask_Face+Body+Scene_pure_random_04_mean,pure_matched_random,545,E3_joint_redundancy,,,,Scene,180625,Face+Body+Scene,,,coco_polygon,,1.0,12345
0.8141695857048035,0.6233434081077576,mask_Face+Body+Scene_pure_random_04_mean,pure_matched_random,640,E3_joint_redundancy,,,,Scene,180625,Face+Body+Scene,,,coco_polygon,,0.0,12345
0.7470165491104126,0.05935551971197128,mask_Face+Body+Scene_pure_random_04_mean,pure_matched_random,842,E3_joint_redundancy,,,,Scene,180625,Face+Body+Scene,,,coco_polygon,,1.0,12345
0.521641731262207,0.10990206897258759,mask_Face+Body+Scene_pure_random_04_mean,pure_matched_random,893,E3_joint_redundancy,,,,Scene,180625,Face+Body+Scene,,,coco_polygon,,0.0,12345
0.6819522380828857,0.004089388996362686,mask_Face+Body+Scene_pure_random_04_mean,pure_matched_random,999,E3_joint_redundancy,,,,Scene,180625,Face+Body+Scene,,,coco_polygon,,1.0,12345
0.5660019516944885,0.1624431312084198,mask_Face+Body+Scene_pure_random_05_mean,pure_matched_random,132,E3_joint_redundancy,,,,Scene,173828,Face+Body+Scene,,,coco_polygon,,1.0,12345
0.6162227392196655,0.12134911119937897,mask_Face+Body+Scene_pure_random_05_mean,pure_matched_random,199,E3_joint_redundancy,,,,Scene,180625,Face+Body+Scene,,,coco_polygon,,1.0,12345
0.6768006682395935,0.14102555811405182,mask_Face+Body+Scene_pure_random_05_mean,pure_matched_random,214,E3_joint_redundancy,,,,Scene,180625,Face+Body+Scene,,,coco_polygon,,1.0,12345
0.6336038112640381,0.06542185693979263,mask_Face+Body+Scene_pure_random_05_mean,pure_matched_random,303,E3_joint_redundancy,,,,Scene,180625,Face+Body+Scene,,,coco_polygon,,1.0,12345
0.6702289581298828,0.20883318781852722,mask_Face+Body+Scene_pure_random_05_mean,pure_matched_random,486,E3_joint_redundancy,,,,Scene,180625,Face+Body+Scene,,,coco_polygon,,0.0,12345
0.736518383026123,0.042050428688526154,mask_Face+Body+Scene_pure_random_05_mean,pure_matched_random,545,E3_joint_redundancy,,,,Scene,180625,Face+Body+Scene,,,coco_polygon,,1.0,12345
0.8334879875183105,0.6229002475738525,mask_Face+Body+Scene_pure_random_05_mean,pure_matched_random,640,E3_joint_redundancy,,,,Scene,180625,Face+Body+Scene,,,coco_polygon,,0.0,12345
0.6925018429756165,0.004099258221685886,mask_Face+Body+Scene_pure_random_05_mean,pure_matched_random,842,E3_joint_redundancy,,,,Scene,180625,Face+Body+Scene,,,coco_polygon,,1.0,12345
0.532920241355896,0.08196472376585007,mask_Face+Body+Scene_pure_random_05_mean,pure_matched_random,893,E3_joint_redundancy,,,,Scene,180625,Face+Body+Scene,,,coco_polygon,,0.0,12345
0.6378673911094666,0.02112511545419693,mask_Face+Body+Scene_pure_random_05_mean,pure_matched_random,999,E3_joint_redundancy,,,,Scene,180625,Face+Body+Scene,,,coco_polygon,,1.0,12345
0.537887692451477,0.15281477570533752,mask_Face+Body_mean,target_roi,132,E3_joint_redundancy,,,,Scene,173828,Face+Body,,,coco_polygon,,1.0,12345
0.693956196308136,0.12181058526039124,mask_Face+Body_mean,target_roi,199,E3_joint_redundancy,,,,Scene,180625,Face+Body,,,coco_polygon,,1.0,12345
0.816237211227417,0.2817630171775818,mask_Face+Body_mean,target_roi,214,E3_joint_redundancy,,,,Scene,180625,Face+Body,,,coco_polygon,,1.0,12345
0.6613436341285706,0.08601921051740646,mask_Face+Body_mean,target_roi,303,E3_joint_redundancy,,,,Scene,180625,Face+Body,,,coco_polygon,,1.0,12345
0.5906579494476318,0.09062540531158447,mask_Face+Body_mean,target_roi,486,E3_joint_redundancy,,,,Scene,180625,Face+Body,,,coco_polygon,,0.0,12345
0.7398919463157654,0.05490655452013016,mask_Face+Body_mean,target_roi,545,E3_joint_redundancy,,,,Scene,180625,Face+Body,,,coco_polygon,,1.0,12345
0.8108023405075073,0.5816938877105713,mask_Face+Body_mean,target_roi,640,E3_joint_redundancy,,,,Scene,180625,Face+Body,,,coco_polygon,,0.0,12345
0.7004069685935974,0.09363273531198502,mask_Face+Body_mean,target_roi,842,E3_joint_redundancy,,,,Scene,180625,Face+Body,,,coco_polygon,,1.0,12345
0.5845925211906433,0.0730292946100235,mask_Face+Body_mean,target_roi,893,E3_joint_redundancy,,,,Scene,180625,Face+Body,,,coco_polygon,,0.0,12345
0.5943110585212708,0.014713612385094166,mask_Face+Body_mean,target_roi,999,E3_joint_redundancy,,,,Scene,180625,Face+Body,,,coco_polygon,,1.0,12345
0.5280829071998596,0.1816762238740921,mask_Face+Body_pure_random_01_mean,pure_matched_random,132,E3_joint_redundancy,,,,Scene,173828,Face+Body,,,coco_polygon,,1.0,12345
0.5960114598274231,0.139603391289711,mask_Face+Body_pure_random_01_mean,pure_matched_random,199,E3_joint_redundancy,,,,Scene,180625,Face+Body,,,coco_polygon,,1.0,12345
0.7825138568878174,0.05961066484451294,mask_Face+Body_pure_random_01_mean,pure_matched_random,214,E3_joint_redundancy,,,,Scene,180625,Face+Body,,,coco_polygon,,1.0,12345
0.5943709015846252,0.12213096022605896,mask_Face+Body_pure_random_01_mean,pure_matched_random,303,E3_joint_redundancy,,,,Scene,180625,Face+Body,,,coco_polygon,,1.0,12345
0.5595574975013733,0.09169606119394302,mask_Face+Body_pure_random_01_mean,pure_matched_random,486,E3_joint_redundancy,,,,Scene,180625,Face+Body,,,coco_polygon,,0.0,12345
0.7518322467803955,0.08147872984409332,mask_Face+Body_pure_random_01_mean,pure_matched_random,545,E3_joint_redundancy,,,,Scene,180625,Face+Body,,,coco_polygon,,1.0,12345
0.7796856760978699,0.4813447594642639,mask_Face+Body_pure_random_01_mean,pure_matched_random,640,E3_joint_redundancy,,,,Scene,180625,Face+Body,,,coco_polygon,,0.0,12345
0.7103449702262878,0.05621001124382019,mask_Face+Body_pure_random_01_mean,pure_matched_random,842,E3_joint_redundancy,,,,Scene,180625,Face+Body,,,coco_polygon,,1.0,12345
0.44906502962112427,0.09943827986717224,mask_Face+Body_pure_random_01_mean,pure_matched_random,893,E3_joint_redundancy,,,,Scene,180625,Face+Body,,,coco_polygon,,0.0,12345
0.6710150837898254,-0.018049411475658417,mask_Face+Body_pure_random_01_mean,pure_matched_random,999,E3_joint_redundancy,,,,Scene,180625,Face+Body,,,coco_polygon,,1.0,12345
0.5424118041992188,0.18664316833019257,mask_Face+Body_pure_random_02_mean,pure_matched_random,132,E3_joint_redundancy,,,,Scene,173828,Face+Body,,,coco_polygon,,1.0,12345
0.6281741261482239,0.10850560665130615,mask_Face+Body_pure_random_02_mean,pure_matched_random,199,E3_joint_redundancy,,,,Scene,180625,Face+Body,,,coco_polygon,,1.0,12345
0.8122265338897705,0.08683060109615326,mask_Face+Body_pure_random_02_mean,pure_matched_random,214,E3_joint_redundancy,,,,Scene,180625,Face+Body,,,coco_polygon,,1.0,12345
0.6581262350082397,0.02086304873228073,mask_Face+Body_pure_random_02_mean,pure_matched_random,303,E3_joint_redundancy,,,,Scene,180625,Face+Body,,,coco_polygon,,1.0,12345
0.6696419715881348,0.1627403348684311,mask_Face+Body_pure_random_02_mean,pure_matched_random,486,E3_joint_redundancy,,,,Scene,180625,Face+Body,,,coco_polygon,,0.0,12345
0.6965025067329407,0.08119533956050873,mask_Face+Body_pure_random_02_mean,pure_matched_random,545,E3_joint_redundancy,,,,Scene,180625,Face+Body,,,coco_polygon,,1.0,12345
0.8156374096870422,0.6738589406013489,mask_Face+Body_pure_random_02_mean,pure_matched_random,640,E3_joint_redundancy,,,,Scene,180625,Face+Body,,,coco_polygon,,0.0,12345
0.6826923489570618,0.07821249961853027,mask_Face+Body_pure_random_02_mean,pure_matched_random,842,E3_joint_redundancy,,,,Scene,180625,Face+Body,,,coco_polygon,,1.0,12345
0.42300793528556824,0.057213786989450455,mask_Face+Body_pure_random_02_mean,pure_matched_random,893,E3_joint_redundancy,,,,Scene,180625,Face+Body,,,coco_polygon,,0.0,12345
0.6550309062004089,0.018408194184303284,mask_Face+Body_pure_random_02_mean,pure_matched_random,999,E3_joint_redundancy,,,,Scene,180625,Face+Body,,,coco_polygon,,1.0,12345
0.5970292091369629,0.14544935524463654,mask_Face+Body_pure_random_03_mean,pure_matched_random,132,E3_joint_redundancy,,,,Scene,173828,Face+Body,,,coco_polygon,,1.0,12345
0.5865008234977722,0.17316989600658417,mask_Face+Body_pure_random_03_mean,pure_matched_random,199,E3_joint_redundancy,,,,Scene,180625,Face+Body,,,coco_polygon,,1.0,12345
0.7349709272384644,0.060615718364715576,mask_Face+Body_pure_random_03_mean,pure_matched_random,214,E3_joint_redundancy,,,,Scene,180625,Face+Body,,,coco_polygon,,1.0,12345
0.6275904774665833,0.05483622848987579,mask_Face+Body_pure_random_03_mean,pure_matched_random,303,E3_joint_redundancy,,,,Scene,180625,Face+Body,,,coco_polygon,,1.0,12345
0.6544418334960938,0.1509518027305603,mask_Face+Body_pure_random_03_mean,pure_matched_random,486,E3_joint_redundancy,,,,Scene,180625,Face+Body,,,coco_polygon,,0.0,12345
0.7118381857872009,0.0543847382068634,mask_Face+Body_pure_random_03_mean,pure_matched_random,545,E3_joint_redundancy,,,,Scene,180625,Face+Body,,,coco_polygon,,1.0,12345
0.8158135414123535,0.6148726344108582,mask_Face+Body_pure_random_03_mean,pure_matched_random,640,E3_joint_redundancy,,,,Scene,180625,Face+Body,,,coco_polygon,,0.0,12345
0.6950831413269043,0.07101447880268097,mask_Face+Body_pure_random_03_mean,pure_matched_random,842,E3_joint_redundancy,,,,Scene,180625,Face+Body,,,coco_polygon,,1.0,12345
0.5245100855827332,0.09323154389858246,mask_Face+Body_pure_random_03_mean,pure_matched_random,893,E3_joint_redundancy,,,,Scene,180625,Face+Body,,,coco_polygon,,0.0,12345
0.6855010390281677,0.007792934775352478,mask_Face+Body_pure_random_03_mean,pure_matched_random,999,E3_joint_redundancy,,,,Scene,180625,Face+Body,,,coco_polygon,,1.0,12345
0.5256181359291077,0.1651131808757782,mask_Face+Body_pure_random_04_mean,pure_matched_random,132,E3_joint_redundancy,,,,Scene,173828,Face+Body,,,coco_polygon,,1.0,12345
0.66090989112854,0.16870588064193726,mask_Face+Body_pure_random_04_mean,pure_matched_random,199,E3_joint_redundancy,,,,Scene,180625,Face+Body,,,coco_polygon,,1.0,12345
0.7804890871047974,0.15933646261692047,mask_Face+Body_pure_random_04_mean,pure_matched_random,214,E3_joint_redundancy,,,,Scene,180625,Face+Body,,,coco_polygon,,1.0,12345
0.6397830843925476,0.06529740989208221,mask_Face+Body_pure_random_04_mean,pure_matched_random,303,E3_joint_redundancy,,,,Scene,180625,Face+Body,,,coco_polygon,,1.0,12345
0.6835089921951294,0.1769886314868927,mask_Face+Body_pure_random_04_mean,pure_matched_random,486,E3_joint_redundancy,,,,Scene,180625,Face+Body,,,coco_polygon,,0.0,12345
0.7462931871414185,0.13229703903198242,mask_Face+Body_pure_random_04_mean,pure_matched_random,545,E3_joint_redundancy,,,,Scene,180625,Face+Body,,,coco_polygon,,1.0,12345
0.8142737746238708,0.6133836507797241,mask_Face+Body_pure_random_04_mean,pure_matched_random,640,E3_joint_redundancy,,,,Scene,180625,Face+Body,,,coco_polygon,,0.0,12345
0.6949947476387024,0.08742295205593109,mask_Face+Body_pure_random_04_mean,pure_matched_random,842,E3_joint_redundancy,,,,Scene,180625,Face+Body,,,coco_polygon,,1.0,12345
0.5197318196296692,0.11146824061870575,mask_Face+Body_pure_random_04_mean,pure_matched_random,893,E3_joint_redundancy,,,,Scene,180625,Face+Body,,,coco_polygon,,0.0,12345
0.6718927025794983,-0.006408435292541981,mask_Face+Body_pure_random_04_mean,pure_matched_random,999,E3_joint_redundancy,,,,Scene,180625,Face+Body,,,coco_polygon,,1.0,12345
0.4777728319168091,0.2054644376039505,mask_Face+Body_pure_random_05_mean,pure_matched_random,132,E3_joint_redundancy,,,,Scene,173828,Face+Body,,,coco_polygon,,1.0,12345
0.6610243320465088,0.12789016962051392,mask_Face+Body_pure_random_05_mean,pure_matched_random,199,E3_joint_redundancy,,,,Scene,180625,Face+Body,,,coco_polygon,,1.0,12345
0.8499522805213928,0.18723703920841217,mask_Face+Body_pure_random_05_mean,pure_matched_random,214,E3_joint_redundancy,,,,Scene,180625,Face+Body,,,coco_polygon,,1.0,12345
0.5950438976287842,0.04952780902385712,mask_Face+Body_pure_random_05_mean,pure_matched_random,303,E3_joint_redundancy,,,,Scene,180625,Face+Body,,,coco_polygon,,1.0,12345
0.5297935605049133,0.025271395221352577,mask_Face+Body_pure_random_05_mean,pure_matched_random,486,E3_joint_redundancy,,,,Scene,180625,Face+Body,,,coco_polygon,,0.0,12345
0.7253537774085999,0.07275639474391937,mask_Face+Body_pure_random_05_mean,pure_matched_random,545,E3_joint_redundancy,,,,Scene,180625,Face+Body,,,coco_polygon,,1.0,12345
0.8295554518699646,0.6620005369186401,mask_Face+Body_pure_random_05_mean,pure_matched_random,640,E3_joint_redundancy,,,,Scene,180625,Face+Body,,,coco_polygon,,0.0,12345
0.7582628726959229,0.05128427594900131,mask_Face+Body_pure_random_05_mean,pure_matched_random,842,E3_joint_redundancy,,,,Scene,180625,Face+Body,,,coco_polygon,,1.0,12345
0.5541321635246277,0.12226280570030212,mask_Face+Body_pure_random_05_mean,pure_matched_random,893,E3_joint_redundancy,,,,Scene,180625,Face+Body,,,coco_polygon,,0.0,12345
0.6436514258384705,-0.010351518169045448,mask_Face+Body_pure_random_05_mean,pure_matched_random,999,E3_joint_redundancy,,,,Scene,180625,Face+Body,,,coco_polygon,,1.0,12345
0.5218578577041626,0.2140064686536789,mask_Face+Scene_mean,target_roi,132,E3_joint_redundancy,,,,Scene,173828,Face+Scene,,,coco_polygon,,1.0,12345
0.5711949467658997,0.1449972242116928,mask_Face+Scene_mean,target_roi,199,E3_joint_redundancy,,,,Scene,180625,Face+Scene,,,coco_polygon,,1.0,12345
0.8033413290977478,0.20597365498542786,mask_Face+Scene_mean,target_roi,214,E3_joint_redundancy,,,,Scene,180625,Face+Scene,,,coco_polygon,,1.0,12345
0.6967183947563171,0.07427256554365158,mask_Face+Scene_mean,target_roi,303,E3_joint_redundancy,,,,Scene,180625,Face+Scene,,,coco_polygon,,1.0,12345
0.5475003719329834,0.08886965364217758,mask_Face+Scene_mean,target_roi,486,E3_joint_redundancy,,,,Scene,180625,Face+Scene,,,coco_polygon,,0.0,12345
0.7383471131324768,-0.0032048807479441166,mask_Face+Scene_mean,target_roi,545,E3_joint_redundancy,,,,Scene,180625,Face+Scene,,,coco_polygon,,1.0,12345
0.859241247177124,0.6694594025611877,mask_Face+Scene_mean,target_roi,640,E3_joint_redundancy,,,,Scene,180625,Face+Scene,,,coco_polygon,,0.0,12345
0.6968619227409363,0.03725341334939003,mask_Face+Scene_mean,target_roi,842,E3_joint_redundancy,,,,Scene,180625,Face+Scene,,,coco_polygon,,1.0,12345
0.5790667533874512,0.06573140621185303,mask_Face+Scene_mean,target_roi,893,E3_joint_redundancy,,,,Scene,180625,Face+Scene,,,coco_polygon,,0.0,12345
0.6757998466491699,0.01728905737400055,mask_Face+Scene_mean,target_roi,999,E3_joint_redundancy,,,,Scene,180625,Face+Scene,,,coco_polygon,,1.0,12345
0.5497779250144958,0.20069655776023865,mask_Face+Scene_pure_random_01_mean,pure_matched_random,132,E3_joint_redundancy,,,,Scene,173828,Face+Scene,,,coco_polygon,,1.0,12345
0.558138906955719,0.12320362031459808,mask_Face+Scene_pure_random_01_mean,pure_matched_random,199,E3_joint_redundancy,,,,Scene,180625,Face+Scene,,,coco_polygon,,1.0,12345
0.8336879014968872,0.1794193685054779,mask_Face+Scene_pure_random_01_mean,pure_matched_random,214,E3_joint_redundancy,,,,Scene,180625,Face+Scene,,,coco_polygon,,1.0,12345
0.7060876488685608,0.04788455367088318,mask_Face+Scene_pure_random_01_mean,pure_matched_random,303,E3_joint_redundancy,,,,Scene,180625,Face+Scene,,,coco_polygon,,1.0,12345
0.6779409646987915,0.1788065880537033,mask_Face+Scene_pure_random_01_mean,pure_matched_random,486,E3_joint_redundancy,,,,Scene,180625,Face+Scene,,,coco_polygon,,0.0,12345
0.7566632628440857,0.07106441259384155,mask_Face+Scene_pure_random_01_mean,pure_matched_random,545,E3_joint_redundancy,,,,Scene,180625,Face+Scene,,,coco_polygon,,1.0,12345
0.8090570569038391,0.5828847289085388,mask_Face+Scene_pure_random_01_mean,pure_matched_random,640,E3_joint_redundancy,,,,Scene,180625,Face+Scene,,,coco_polygon,,0.0,12345
0.7385143041610718,0.022718362510204315,mask_Face+Scene_pure_random_01_mean,pure_matched_random,842,E3_joint_redundancy,,,,Scene,180625,Face+Scene,,,coco_polygon,,1.0,12345
0.5599473714828491,0.07941417396068573,mask_Face+Scene_pure_random_01_mean,pure_matched_random,893,E3_joint_redundancy,,,,Scene,180625,Face+Scene,,,coco_polygon,,0.0,12345
0.6613101959228516,-0.025727631524205208,mask_Face+Scene_pure_random_01_mean,pure_matched_random,999,E3_joint_redundancy,,,,Scene,180625,Face+Scene,,,coco_polygon,,1.0,12345
0.5289016962051392,0.19245845079421997,mask_Face+Scene_pure_random_02_mean,pure_matched_random,132,E3_joint_redundancy,,,,Scene,173828,Face+Scene,,,coco_polygon,,1.0,12345
0.6774426698684692,0.17060844600200653,mask_Face+Scene_pure_random_02_mean,pure_matched_random,199,E3_joint_redundancy,,,,Scene,180625,Face+Scene,,,coco_polygon,,1.0,12345
0.7743350863456726,0.19804257154464722,mask_Face+Scene_pure_random_02_mean,pure_matched_random,214,E3_joint_redundancy,,,,Scene,180625,Face+Scene,,,coco_polygon,,1.0,12345
0.6367644667625427,0.06222287565469742,mask_Face+Scene_pure_random_02_mean,pure_matched_random,303,E3_joint_redundancy,,,,Scene,180625,Face+Scene,,,coco_polygon,,1.0,12345
0.5247970819473267,-0.008471177890896797,mask_Face+Scene_pure_random_02_mean,pure_matched_random,486,E3_joint_redundancy,,,,Scene,180625,Face+Scene,,,coco_polygon,,0.0,12345
0.7617359757423401,0.12462940812110901,mask_Face+Scene_pure_random_02_mean,pure_matched_random,545,E3_joint_redundancy,,,,Scene,180625,Face+Scene,,,coco_polygon,,1.0,12345
0.8037165403366089,0.6679626703262329,mask_Face+Scene_pure_random_02_mean,pure_matched_random,640,E3_joint_redundancy,,,,Scene,180625,Face+Scene,,,coco_polygon,,0.0,12345
0.7290012836456299,0.046927616000175476,mask_Face+Scene_pure_random_02_mean,pure_matched_random,842,E3_joint_redundancy,,,,Scene,180625,Face+Scene,,,coco_polygon,,1.0,12345
0.5819295644760132,0.21221645176410675,mask_Face+Scene_pure_random_02_mean,pure_matched_random,893,E3_joint_redundancy,,,,Scene,180625,Face+Scene,,,coco_polygon,,0.0,12345
0.6635764241218567,0.010752402245998383,mask_Face+Scene_pure_random_02_mean,pure_matched_random,999,E3_joint_redundancy,,,,Scene,180625,Face+Scene,,,coco_polygon,,1.0,12345
0.5677556395530701,0.2209642380475998,mask_Face+Scene_pure_random_03_mean,pure_matched_random,132,E3_joint_redundancy,,,,Scene,173828,Face+Scene,,,coco_polygon,,1.0,12345
0.6184992790222168,0.3755728602409363,mask_Face+Scene_pure_random_03_mean,pure_matched_random,199,E3_joint_redundancy,,,,Scene,180625,Face+Scene,,,coco_polygon,,1.0,12345
0.6845428347587585,0.11137334257364273,mask_Face+Scene_pure_random_03_mean,pure_matched_random,214,E3_joint_redundancy,,,,Scene,180625,Face+Scene,,,coco_polygon,,1.0,12345
0.7362305521965027,0.18474125862121582,mask_Face+Scene_pure_random_03_mean,pure_matched_random,303,E3_joint_redundancy,,,,Scene,180625,Face+Scene,,,coco_polygon,,1.0,12345
0.5383746027946472,0.052950046956539154,mask_Face+Scene_pure_random_03_mean,pure_matched_random,486,E3_joint_redundancy,,,,Scene,180625,Face+Scene,,,coco_polygon,,0.0,12345
0.712375819683075,0.06867332011461258,mask_Face+Scene_pure_random_03_mean,pure_matched_random,545,E3_joint_redundancy,,,,Scene,180625,Face+Scene,,,coco_polygon,,1.0,12345
0.8295220136642456,0.7043883204460144,mask_Face+Scene_pure_random_03_mean,pure_matched_random,640,E3_joint_redundancy,,,,Scene,180625,Face+Scene,,,coco_polygon,,0.0,12345
0.700657308101654,0.040753111243247986,mask_Face+Scene_pure_random_03_mean,pure_matched_random,842,E3_joint_redundancy,,,,Scene,180625,Face+Scene,,,coco_polygon,,1.0,12345
0.672353982925415,0.12829327583312988,mask_Face+Scene_pure_random_03_mean,pure_matched_random,893,E3_joint_redundancy,,,,Scene,180625,Face+Scene,,,coco_polygon,,0.0,12345
0.6776276230812073,0.006440306082367897,mask_Face+Scene_pure_random_03_mean,pure_matched_random,999,E3_joint_redundancy,,,,Scene,180625,Face+Scene,,,coco_polygon,,1.0,12345
0.5552889108657837,0.19618041813373566,mask_Face+Scene_pure_random_04_mean,pure_matched_random,132,E3_joint_redundancy,,,,Scene,173828,Face+Scene,,,coco_polygon,,1.0,12345
0.609912097454071,0.14256444573402405,mask_Face+Scene_pure_random_04_mean,pure_matched_random,199,E3_joint_redundancy,,,,Scene,180625,Face+Scene,,,coco_polygon,,1.0,12345
0.8844996094703674,0.22838489711284637,mask_Face+Scene_pure_random_04_mean,pure_matched_random,214,E3_joint_redundancy,,,,Scene,180625,Face+Scene,,,coco_polygon,,1.0,12345
0.6356490254402161,0.010773999616503716,mask_Face+Scene_pure_random_04_mean,pure_matched_random,303,E3_joint_redundancy,,,,Scene,180625,Face+Scene,,,coco_polygon,,1.0,12345
0.6658576130867004,0.14352044463157654,mask_Face+Scene_pure_random_04_mean,pure_matched_random,486,E3_joint_redundancy,,,,Scene,180625,Face+Scene,,,coco_polygon,,0.0,12345
0.7492048144340515,0.04411139339208603,mask_Face+Scene_pure_random_04_mean,pure_matched_random,545,E3_joint_redundancy,,,,Scene,180625,Face+Scene,,,coco_polygon,,1.0,12345
0.8472158908843994,0.5225143432617188,mask_Face+Scene_pure_random_04_mean,pure_matched_random,640,E3_joint_redundancy,,,,Scene,180625,Face+Scene,,,coco_polygon,,0.0,12345
0.7193685173988342,0.05850204825401306,mask_Face+Scene_pure_random_04_mean,pure_matched_random,842,E3_joint_redundancy,,,,Scene,180625,Face+Scene,,,coco_polygon,,1.0,12345
0.3869384527206421,0.0370597206056118,mask_Face+Scene_pure_random_04_mean,pure_matched_random,893,E3_joint_redundancy,,,,Scene,180625,Face+Scene,,,coco_polygon,,0.0,12345
0.6377581357955933,0.006123710423707962,mask_Face+Scene_pure_random_04_mean,pure_matched_random,999,E3_joint_redundancy,,,,Scene,180625,Face+Scene,,,coco_polygon,,1.0,12345
0.5965803265571594,0.1921984851360321,mask_Face+Scene_pure_random_05_mean,pure_matched_random,132,E3_joint_redundancy,,,,Scene,173828,Face+Scene,,,coco_polygon,,1.0,12345
0.6304636001586914,0.09193316847085953,mask_Face+Scene_pure_random_05_mean,pure_matched_random,199,E3_joint_redundancy,,,,Scene,180625,Face+Scene,,,coco_polygon,,1.0,12345
0.6555460691452026,0.05015638470649719,mask_Face+Scene_pure_random_05_mean,pure_matched_random,214,E3_joint_redundancy,,,,Scene,180625,Face+Scene,,,coco_polygon,,1.0,12345
0.6402869820594788,0.08051487803459167,mask_Face+Scene_pure_random_05_mean,pure_matched_random,303,E3_joint_redundancy,,,,Scene,180625,Face+Scene,,,coco_polygon,,1.0,12345
0.5254976749420166,0.046049825847148895,mask_Face+Scene_pure_random_05_mean,pure_matched_random,486,E3_joint_redundancy,,,,Scene,180625,Face+Scene,,,coco_polygon,,0.0,12345
0.7124530076980591,0.010350409895181656,mask_Face+Scene_pure_random_05_mean,pure_matched_random,545,E3_joint_redundancy,,,,Scene,180625,Face+Scene,,,coco_polygon,,1.0,12345
0.7760537266731262,0.6252509355545044,mask_Face+Scene_pure_random_05_mean,pure_matched_random,640,E3_joint_redundancy,,,,Scene,180625,Face+Scene,,,coco_polygon,,0.0,12345
0.746008574962616,0.03678889200091362,mask_Face+Scene_pure_random_05_mean,pure_matched_random,842,E3_joint_redundancy,,,,Scene,180625,Face+Scene,,,coco_polygon,,1.0,12345
0.5465348362922668,0.1674172729253769,mask_Face+Scene_pure_random_05_mean,pure_matched_random,893,E3_joint_redundancy,,,,Scene,180625,Face+Scene,,,coco_polygon,,0.0,12345
0.6279957890510559,-0.011099119670689106,mask_Face+Scene_pure_random_05_mean,pure_matched_random,999,E3_joint_redundancy,,,,Scene,180625,Face+Scene,,,coco_polygon,,1.0,12345
0.5177699327468872,0.19594578444957733,mask_Scene_mean,target_roi,132,E3_joint_redundancy,,,,Scene,173828,Scene,,,coco_polygon,,1.0,12345
0.6481634974479675,0.13588082790374756,mask_Scene_mean,target_roi,199,E3_joint_redundancy,,,,Scene,180625,Scene,,,coco_polygon,,1.0,12345
0.7276948690414429,0.12087717652320862,mask_Scene_mean,target_roi,214,E3_joint_redundancy,,,,Scene,180625,Scene,,,coco_polygon,,1.0,12345
0.6257253289222717,0.05957138538360596,mask_Scene_mean,target_roi,303,E3_joint_redundancy,,,,Scene,180625,Scene,,,coco_polygon,,1.0,12345
0.5359015464782715,0.07455917447805405,mask_Scene_mean,target_roi,486,E3_joint_redundancy,,,,Scene,180625,Scene,,,coco_polygon,,0.0,12345
0.6778945326805115,0.028947148472070694,mask_Scene_mean,target_roi,545,E3_joint_redundancy,,,,Scene,180625,Scene,,,coco_polygon,,1.0,12345
0.8490949273109436,0.6439964771270752,mask_Scene_mean,target_roi,640,E3_joint_redundancy,,,,Scene,180625,Scene,,,coco_polygon,,0.0,12345
0.6987105011940002,0.07043564319610596,mask_Scene_mean,target_roi,842,E3_joint_redundancy,,,,Scene,180625,Scene,,,coco_polygon,,1.0,12345
0.5245329737663269,0.11280085146427155,mask_Scene_mean,target_roi,893,E3_joint_redundancy,,,,Scene,180625,Scene,,,coco_polygon,,0.0,12345
0.6559444069862366,0.028422456234693527,mask_Scene_mean,target_roi,999,E3_joint_redundancy,,,,Scene,180625,Scene,,,coco_polygon,,1.0,12345
0.5237602591514587,0.2088065892457962,mask_Scene_pure_random_01_mean,pure_matched_random,132,E3_joint_redundancy,,,,Scene,173828,Scene,,,coco_polygon,,1.0,12345
0.6317883133888245,0.22530321776866913,mask_Scene_pure_random_01_mean,pure_matched_random,199,E3_joint_redundancy,,,,Scene,180625,Scene,,,coco_polygon,,0.0,12345
0.7866482734680176,0.2548188865184784,mask_Scene_pure_random_01_mean,pure_matched_random,214,E3_joint_redundancy,,,,Scene,180625,Scene,,,coco_polygon,,1.0,12345
0.6273045539855957,0.05701753869652748,mask_Scene_pure_random_01_mean,pure_matched_random,303,E3_joint_redundancy,,,,Scene,180625,Scene,,,coco_polygon,,1.0,12345
0.5111015439033508,0.0018404112197458744,mask_Scene_pure_random_01_mean,pure_matched_random,486,E3_joint_redundancy,,,,Scene,180625,Scene,,,coco_polygon,,0.0,12345
0.7194177508354187,0.13265913724899292,mask_Scene_pure_random_01_mean,pure_matched_random,545,E3_joint_redundancy,,,,Scene,180625,Scene,,,coco_polygon,,1.0,12345
0.8239138722419739,0.5846289396286011,mask_Scene_pure_random_01_mean,pure_matched_random,640,E3_joint_redundancy,,,,Scene,180625,Scene,,,coco_polygon,,0.0,12345
0.7248475551605225,0.0884406715631485,mask_Scene_pure_random_01_mean,pure_matched_random,842,E3_joint_redundancy,,,,Scene,180625,Scene,,,coco_polygon,,1.0,12345
0.5566191673278809,0.06682862341403961,mask_Scene_pure_random_01_mean,pure_matched_random,893,E3_joint_redundancy,,,,Scene,180625,Scene,,,coco_polygon,,0.0,12345
0.6673280596733093,-0.012442415580153465,mask_Scene_pure_random_01_mean,pure_matched_random,999,E3_joint_redundancy,,,,Scene,180625,Scene,,,coco_polygon,,1.0,12345
0.5290666818618774,0.11094329506158829,mask_Scene_pure_random_02_mean,pure_matched_random,132,E3_joint_redundancy,,,,Scene,173828,Scene,,,coco_polygon,,1.0,12345
0.6545654535293579,0.17170819640159607,mask_Scene_pure_random_02_mean,pure_matched_random,199,E3_joint_redundancy,,,,Scene,180625,Scene,,,coco_polygon,,1.0,12345
0.7323426604270935,0.004665801301598549,mask_Scene_pure_random_02_mean,pure_matched_random,214,E3_joint_redundancy,,,,Scene,180625,Scene,,,coco_polygon,,1.0,12345
0.5884340405464172,0.07198303937911987,mask_Scene_pure_random_02_mean,pure_matched_random,303,E3_joint_redundancy,,,,Scene,180625,Scene,,,coco_polygon,,1.0,12345
0.6394938230514526,0.12698198854923248,mask_Scene_pure_random_02_mean,pure_matched_random,486,E3_joint_redundancy,,,,Scene,180625,Scene,,,coco_polygon,,0.0,12345
0.710529088973999,0.05665421485900879,mask_Scene_pure_random_02_mean,pure_matched_random,545,E3_joint_redundancy,,,,Scene,180625,Scene,,,coco_polygon,,1.0,12345
0.8179263472557068,0.5945767164230347,mask_Scene_pure_random_02_mean,pure_matched_random,640,E3_joint_redundancy,,,,Scene,180625,Scene,,,coco_polygon,,0.0,12345
0.6859890222549438,0.09405574202537537,mask_Scene_pure_random_02_mean,pure_matched_random,842,E3_joint_redundancy,,,,Scene,180625,Scene,,,coco_polygon,,1.0,12345
0.5656651258468628,0.06892064213752747,mask_Scene_pure_random_02_mean,pure_matched_random,893,E3_joint_redundancy,,,,Scene,180625,Scene,,,coco_polygon,,0.0,12345
0.6837289333343506,-0.009876128286123276,mask_Scene_pure_random_02_mean,pure_matched_random,999,E3_joint_redundancy,,,,Scene,180625,Scene,,,coco_polygon,,1.0,12345
0.5133690237998962,0.13460171222686768,mask_Scene_pure_random_03_mean,pure_matched_random,132,E3_joint_redundancy,,,,Scene,173828,Scene,,,coco_polygon,,1.0,12345
0.6814815998077393,0.4024466276168823,mask_Scene_pure_random_03_mean,pure_matched_random,199,E3_joint_redundancy,,,,Scene,180625,Scene,,,coco_polygon,,1.0,12345
0.6570630669593811,0.18473802506923676,mask_Scene_pure_random_03_mean,pure_matched_random,214,E3_joint_redundancy,,,,Scene,180625,Scene,,,coco_polygon,,1.0,12345
0.7036044597625732,0.20993156731128693,mask_Scene_pure_random_03_mean,pure_matched_random,303,E3_joint_redundancy,,,,Scene,180625,Scene,,,coco_polygon,,1.0,12345
0.518635630607605,-0.0031590545549988747,mask_Scene_pure_random_03_mean,pure_matched_random,486,E3_joint_redundancy,,,,Scene,180625,Scene,,,coco_polygon,,0.0,12345
0.741930365562439,0.02178412862122059,mask_Scene_pure_random_03_mean,pure_matched_random,545,E3_joint_redundancy,,,,Scene,180625,Scene,,,coco_polygon,,1.0,12345
0.8049131035804749,0.6853640675544739,mask_Scene_pure_random_03_mean,pure_matched_random,640,E3_joint_redundancy,,,,Scene,180625,Scene,,,coco_polygon,,0.0,12345
0.7243638038635254,0.04462588205933571,mask_Scene_pure_random_03_mean,pure_matched_random,842,E3_joint_redundancy,,,,Scene,180625,Scene,,,coco_polygon,,1.0,12345
0.5249901413917542,0.10574667155742645,mask_Scene_pure_random_03_mean,pure_matched_random,893,E3_joint_redundancy,,,,Scene,180625,Scene,,,coco_polygon,,0.0,12345
0.6753806471824646,0.030925404280424118,mask_Scene_pure_random_03_mean,pure_matched_random,999,E3_joint_redundancy,,,,Scene,180625,Scene,,,coco_polygon,,1.0,12345
0.5115289688110352,0.19994589686393738,mask_Scene_pure_random_04_mean,pure_matched_random,132,E3_joint_redundancy,,,,Scene,173828,Scene,,,coco_polygon,,1.0,12345
0.6540265083312988,0.13383767008781433,mask_Scene_pure_random_04_mean,pure_matched_random,199,E3_joint_redundancy,,,,Scene,180625,Scene,,,coco_polygon,,1.0,12345
0.7962180972099304,0.1348332166671753,mask_Scene_pure_random_04_mean,pure_matched_random,214,E3_joint_redundancy,,,,Scene,180625,Scene,,,coco_polygon,,1.0,12345
0.6743483543395996,0.04666914418339729,mask_Scene_pure_random_04_mean,pure_matched_random,303,E3_joint_redundancy,,,,Scene,180625,Scene,,,coco_polygon,,1.0,12345
0.631364107131958,0.15680581331253052,mask_Scene_pure_random_04_mean,pure_matched_random,486,E3_joint_redundancy,,,,Scene,180625,Scene,,,coco_polygon,,0.0,12345
0.7264036536216736,0.0032758228480815887,mask_Scene_pure_random_04_mean,pure_matched_random,545,E3_joint_redundancy,,,,Scene,180625,Scene,,,coco_polygon,,1.0,12345
0.8385716080665588,0.6601321697235107,mask_Scene_pure_random_04_mean,pure_matched_random,640,E3_joint_redundancy,,,,Scene,180625,Scene,,,coco_polygon,,0.0,12345
0.7011786103248596,0.07527262717485428,mask_Scene_pure_random_04_mean,pure_matched_random,842,E3_joint_redundancy,,,,Scene,180625,Scene,,,coco_polygon,,1.0,12345
0.43249261379241943,0.029594432562589645,mask_Scene_pure_random_04_mean,pure_matched_random,893,E3_joint_redundancy,,,,Scene,180625,Scene,,,coco_polygon,,0.0,12345
0.6290571093559265,0.019710829481482506,mask_Scene_pure_random_04_mean,pure_matched_random,999,E3_joint_redundancy,,,,Scene,180625,Scene,,,coco_polygon,,1.0,12345
0.5171483159065247,0.19582606852054596,mask_Scene_pure_random_05_mean,pure_matched_random,132,E3_joint_redundancy,,,,Scene,173828,Scene,,,coco_polygon,,1.0,12345
0.5532874464988708,0.07356710731983185,mask_Scene_pure_random_05_mean,pure_matched_random,199,E3_joint_redundancy,,,,Scene,180625,Scene,,,coco_polygon,,0.0,12345
0.7875687479972839,0.14015568792819977,mask_Scene_pure_random_05_mean,pure_matched_random,214,E3_joint_redundancy,,,,Scene,180625,Scene,,,coco_polygon,,1.0,12345
0.595460832118988,0.09682359546422958,mask_Scene_pure_random_05_mean,pure_matched_random,303,E3_joint_redundancy,,,,Scene,180625,Scene,,,coco_polygon,,1.0,12345
0.6713618040084839,0.20155537128448486,mask_Scene_pure_random_05_mean,pure_matched_random,486,E3_joint_redundancy,,,,Scene,180625,Scene,,,coco_polygon,,0.0,12345
0.7207323908805847,0.045468688011169434,mask_Scene_pure_random_05_mean,pure_matched_random,545,E3_joint_redundancy,,,,Scene,180625,Scene,,,coco_polygon,,1.0,12345
0.8181602954864502,0.6308044791221619,mask_Scene_pure_random_05_mean,pure_matched_random,640,E3_joint_redundancy,,,,Scene,180625,Scene,,,coco_polygon,,0.0,12345
0.7202216386795044,0.02975517325103283,mask_Scene_pure_random_05_mean,pure_matched_random,842,E3_joint_redundancy,,,,Scene,180625,Scene,,,coco_polygon,,1.0,12345
0.5431463122367859,0.06793814897537231,mask_Scene_pure_random_05_mean,pure_matched_random,893,E3_joint_redundancy,,,,Scene,180625,Scene,,,coco_polygon,,0.0,12345
0.6997573375701904,0.002488866448402405,mask_Scene_pure_random_05_mean,pure_matched_random,999,E3_joint_redundancy,,,,Scene,180625,Scene,,,coco_polygon,,1.0,12345
0.508934736251831,0.21401765942573547,no_mask,none,132,E3_joint_redundancy,,,,Scene,173828,none,,,coco_polygon,,1.0,12345
0.6467702984809875,0.13392917811870575,no_mask,none,199,E3_joint_redundancy,,,,Scene,180625,none,,,coco_polygon,,1.0,12345
0.7898276448249817,0.1543550193309784,no_mask,none,214,E3_joint_redundancy,,,,Scene,180625,none,,,coco_polygon,,1.0,12345
0.6187810897827148,0.06225885450839996,no_mask,none,303,E3_joint_redundancy,,,,Scene,180625,none,,,coco_polygon,,1.0,12345
0.6266616582870483,0.17104201018810272,no_mask,none,486,E3_joint_redundancy,,,,Scene,180625,none,,,coco_polygon,,0.0,12345
0.7139877676963806,-0.014000766910612583,no_mask,none,545,E3_joint_redundancy,,,,Scene,180625,none,,,coco_polygon,,1.0,12345
0.8196316957473755,0.6440845727920532,no_mask,none,640,E3_joint_redundancy,,,,Scene,180625,none,,,coco_polygon,,0.0,12345
0.6995631456375122,0.07228440046310425,no_mask,none,842,E3_joint_redundancy,,,,Scene,180625,none,,,coco_polygon,,1.0,12345
0.5362313389778137,0.09187395125627518,no_mask,none,893,E3_joint_redundancy,,,,Scene,180625,none,,,coco_polygon,,0.0,12345
0.6645850539207458,0.030521094799041748,no_mask,none,999,E3_joint_redundancy,,,,Scene,180625,none,,,coco_polygon,,1.0,12345
0.508934736251831,0.21401765942573547,no_mask_repeat,none,132,E3_joint_redundancy,,,,Scene,173828,none,,,coco_polygon,,1.0,12345
0.6467702984809875,0.13392917811870575,no_mask_repeat,none,199,E3_joint_redundancy,,,,Scene,180625,none,,,coco_polygon,,1.0,12345
0.7898276448249817,0.1543550193309784,no_mask_repeat,none,214,E3_joint_redundancy,,,,Scene,180625,none,,,coco_polygon,,1.0,12345
0.6187810897827148,0.06225885450839996,no_mask_repeat,none,303,E3_joint_redundancy,,,,Scene,180625,none,,,coco_polygon,,1.0,12345
0.6266616582870483,0.17104201018810272,no_mask_repeat,none,486,E3_joint_redundancy,,,,Scene,180625,none,,,coco_polygon,,0.0,12345
0.7139877676963806,-0.014000766910612583,no_mask_repeat,none,545,E3_joint_redundancy,,,,Scene,180625,none,,,coco_polygon,,1.0,12345
0.8196316957473755,0.6440845727920532,no_mask_repeat,none,640,E3_joint_redundancy,,,,Scene,180625,none,,,coco_polygon,,0.0,12345
0.6995631456375122,0.07228440046310425,no_mask_repeat,none,842,E3_joint_redundancy,,,,Scene,180625,none,,,coco_polygon,,1.0,12345
0.5362313389778137,0.09187395125627518,no_mask_repeat,none,893,E3_joint_redundancy,,,,Scene,180625,none,,,coco_polygon,,0.0,12345
0.6645850539207458,0.030521094799041748,no_mask_repeat,none,999,E3_joint_redundancy,,,,Scene,180625,none,,,coco_polygon,,1.0,12345
