background_clip,background_dino,clip,condition,control_type,dataset_idx,dino,experiment,face_detection_success,face_detector_backend,face_dino,face_lpips,image_category,local_region_pixels,lpips,masked_roi,person_dino,person_lpips,person_mask_method,person_region_consistency,pixel_corr,scene_class_consistency,seed,ssim
,,0.4526459872722626,mask_Body+Scene_mean,target_roi,158,0.158751979470253,E3_joint_redundancy,1.0,opencv_haar_e1,0.13715626299381256,0.6924606561660767,Face,33856,0.7658184766769409,Body+Scene,,,,,-0.1307530501467028,,12345,0.22412905902086597
,,0.4332844614982605,mask_Body+Scene_mean,target_roi,287,0.10754457861185074,E3_joint_redundancy,0.0,opencv_haar_e1,0.03144918382167816,0.8120236396789551,Face,32761,0.7086143493652344,Body+Scene,,,,,0.06861572391359556,,12345,0.33908138361196893
,,0.5751878619194031,mask_Body+Scene_mean,target_roi,415,0.15037666261196136,E3_joint_redundancy,0.0,opencv_haar_e1,0.16007766127586365,0.7049198746681213,Face,30625,0.6544249057769775,Body+Scene,,,,,-0.07223602830782191,,12345,0.534462680411817
,,0.38620617985725403,mask_Body+Scene_mean,target_roi,465,0.16138476133346558,E3_joint_redundancy,1.0,opencv_haar_e1,0.3444928526878357,0.7731443047523499,Face,24649,0.6991329789161682,Body+Scene,,,,,-0.1629191985206475,,12345,0.24087970019108046
,,0.6312326788902283,mask_Body+Scene_mean,target_roi,529,0.23453101515769958,E3_joint_redundancy,1.0,opencv_haar_e1,0.30421483516693115,0.6561019420623779,Face,17161,0.6759346127510071,Body+Scene,,,,,0.03463612360122527,,12345,0.4246736902289374
,,0.685124397277832,mask_Body+Scene_mean,target_roi,678,0.4031203091144562,E3_joint_redundancy,0.0,opencv_haar_e1,0.593859076499939,0.586667537689209,Face,17956,0.7081667184829712,Body+Scene,,,,,-0.18364318534678317,,12345,0.27495113924430087
,,0.5845847129821777,mask_Body+Scene_mean,target_roi,756,0.22080589830875397,E3_joint_redundancy,1.0,opencv_haar_e1,0.3863130807876587,0.8525712490081787,Face,42025,0.7954795956611633,Body+Scene,,,,,-0.178659643103015,,12345,0.48599525868507143
,,0.7177183628082275,mask_Body+Scene_mean,target_roi,781,0.38253867626190186,E3_joint_redundancy,0.0,opencv_haar_e1,0.022076476365327835,0.6932456493377686,Face,16641,0.6580183506011963,Body+Scene,,,,,0.002400929792899876,,12345,0.3955477687634676
,,0.5035892724990845,mask_Body+Scene_mean,target_roi,789,0.08910758048295975,E3_joint_redundancy,0.0,opencv_haar_e1,0.2642386257648468,0.6724041700363159,Face,17424,0.6818045377731323,Body+Scene,,,,,0.13719331675494537,,12345,0.22753726839046137
,,0.5893883109092712,mask_Body+Scene_mean,target_roi,973,0.18239203095436096,E3_joint_redundancy,0.0,opencv_haar_e1,0.20866431295871735,0.8785285353660583,Face,52900,0.7594019174575806,Body+Scene,,,,,-0.1378829355467772,,12345,0.37611080410926623
,,0.4347464144229889,mask_Body+Scene_pure_random_01_mean,pure_matched_random,158,0.12506330013275146,E3_joint_redundancy,1.0,opencv_haar_e1,0.08959585428237915,0.7219982147216797,Face,33856,0.7871755361557007,Body+Scene,,,,,-0.08779798953012484,,12345,0.24222548075356884
,,0.49548134207725525,mask_Body+Scene_pure_random_01_mean,pure_matched_random,287,0.14233243465423584,E3_joint_redundancy,1.0,opencv_haar_e1,0.12732955813407898,0.8327215313911438,Face,32761,0.7253351807594299,Body+Scene,,,,,0.04794870452319871,,12345,0.35780040010981135
,,0.5819770693778992,mask_Body+Scene_pure_random_01_mean,pure_matched_random,415,0.2654840350151062,E3_joint_redundancy,0.0,opencv_haar_e1,0.21454450488090515,0.698574423789978,Face,30625,0.6507229804992676,Body+Scene,,,,,-0.09708959877662972,,12345,0.5374394187725366
,,0.4241529703140259,mask_Body+Scene_pure_random_01_mean,pure_matched_random,465,0.23617666959762573,E3_joint_redundancy,1.0,opencv_haar_e1,0.24944858253002167,0.7993270754814148,Face,24649,0.6931698322296143,Body+Scene,,,,,-0.1279664113396986,,12345,0.2367454781364635
,,0.6185442805290222,mask_Body+Scene_pure_random_01_mean,pure_matched_random,529,0.24636922776699066,E3_joint_redundancy,1.0,opencv_haar_e1,0.2771041989326477,0.6576921343803406,Face,17161,0.6772242784500122,Body+Scene,,,,,0.03092577829241238,,12345,0.4254836832201613
,,0.5860483050346375,mask_Body+Scene_pure_random_01_mean,pure_matched_random,678,0.13650630414485931,E3_joint_redundancy,1.0,opencv_haar_e1,0.4391513764858246,0.558044970035553,Face,17956,0.6969613432884216,Body+Scene,,,,,-0.04112555553044405,,12345,0.2595158265822262
,,0.6390991806983948,mask_Body+Scene_pure_random_01_mean,pure_matched_random,756,0.40121322870254517,E3_joint_redundancy,0.0,opencv_haar_e1,0.38021302223205566,0.7966274619102478,Face,42025,0.7177016139030457,Body+Scene,,,,,-0.10616948184258483,,12345,0.4306823425211778
,,0.7015779614448547,mask_Body+Scene_pure_random_01_mean,pure_matched_random,781,0.309083491563797,E3_joint_redundancy,0.0,opencv_haar_e1,0.02820689044892788,0.6976041793823242,Face,16641,0.6350311040878296,Body+Scene,,,,,0.010224301634267262,,12345,0.3954134362799356
,,0.48807522654533386,mask_Body+Scene_pure_random_01_mean,pure_matched_random,789,0.09040013700723648,E3_joint_redundancy,0.0,opencv_haar_e1,0.2907141447067261,0.6731658577919006,Face,17424,0.6785277724266052,Body+Scene,,,,,0.14078796419900064,,12345,0.22861317905887418
,,0.4964177906513214,mask_Body+Scene_pure_random_01_mean,pure_matched_random,973,0.2330183982849121,E3_joint_redundancy,0.0,opencv_haar_e1,0.2090497612953186,0.8353604674339294,Face,52900,0.7434043288230896,Body+Scene,,,,,-0.09715635279668046,,12345,0.3630677439261091
,,0.4092268943786621,mask_Body+Scene_pure_random_02_mean,pure_matched_random,158,0.12606483697891235,E3_joint_redundancy,1.0,opencv_haar_e1,0.10858169198036194,0.7227019667625427,Face,33856,0.7723926305770874,Body+Scene,,,,,-0.1724683626281066,,12345,0.22136105762200411
,,0.4893963038921356,mask_Body+Scene_pure_random_02_mean,pure_matched_random,287,0.13611318171024323,E3_joint_redundancy,0.0,opencv_haar_e1,0.141463965177536,0.8295783996582031,Face,32761,0.7250844240188599,Body+Scene,,,,,0.04944075470492575,,12345,0.35757916978376697
,,0.5299170613288879,mask_Body+Scene_pure_random_02_mean,pure_matched_random,415,0.2421543002128601,E3_joint_redundancy,0.0,opencv_haar_e1,0.21381427347660065,0.7098596692085266,Face,30625,0.657913327217102,Body+Scene,,,,,-0.08652997403970367,,12345,0.5330846276809645
,,0.381364107131958,mask_Body+Scene_pure_random_02_mean,pure_matched_random,465,0.18415163457393646,E3_joint_redundancy,0.0,opencv_haar_e1,0.27450597286224365,0.7924677729606628,Face,24649,0.6816583275794983,Body+Scene,,,,,-0.13901651568286053,,12345,0.23882946019779921
,,0.6203516125679016,mask_Body+Scene_pure_random_02_mean,pure_matched_random,529,0.2230207324028015,E3_joint_redundancy,1.0,opencv_haar_e1,0.27481865882873535,0.6562975645065308,Face,17161,0.6786203384399414,Body+Scene,,,,,0.034392816608179055,,12345,0.4246523349640996
,,0.5774571299552917,mask_Body+Scene_pure_random_02_mean,pure_matched_random,678,0.11329583823680878,E3_joint_redundancy,1.0,opencv_haar_e1,0.44458505511283875,0.5612505674362183,Face,17956,0.6993376612663269,Body+Scene,,,,,-0.042913394446865455,,12345,0.25925996632929443
,,0.6346054077148438,mask_Body+Scene_pure_random_02_mean,pure_matched_random,756,0.375985324382782,E3_joint_redundancy,0.0,opencv_haar_e1,0.3940018117427826,0.7999083995819092,Face,42025,0.7222205996513367,Body+Scene,,,,,-0.11164604693043265,,12345,0.431361395441466
,,0.6734086871147156,mask_Body+Scene_pure_random_02_mean,pure_matched_random,781,0.309170663356781,E3_joint_redundancy,1.0,opencv_haar_e1,0.01871425472199917,0.6875620484352112,Face,16641,0.6356261372566223,Body+Scene,,,,,0.006363235771687413,,12345,0.3942172243824734
,,0.49818727374076843,mask_Body+Scene_pure_random_02_mean,pure_matched_random,789,0.09609004855155945,E3_joint_redundancy,0.0,opencv_haar_e1,0.29159343242645264,0.6769386529922485,Face,17424,0.6775314807891846,Body+Scene,,,,,0.14208856301499884,,12345,0.22962307636982088
,,0.5422909259796143,mask_Body+Scene_pure_random_02_mean,pure_matched_random,973,0.26375898718833923,E3_joint_redundancy,0.0,opencv_haar_e1,0.20729568600654602,0.8325122594833374,Face,52900,0.7454841136932373,Body+Scene,,,,,-0.07053383058959121,,12345,0.36740588911140737
,,0.42215609550476074,mask_Body+Scene_pure_random_03_mean,pure_matched_random,158,0.12717904150485992,E3_joint_redundancy,1.0,opencv_haar_e1,0.14238262176513672,0.7271323204040527,Face,33856,0.7774203419685364,Body+Scene,,,,,-0.16450522011965577,,12345,0.22108209330712625
,,0.4975999891757965,mask_Body+Scene_pure_random_03_mean,pure_matched_random,287,0.21941903233528137,E3_joint_redundancy,0.0,opencv_haar_e1,0.07491482049226761,0.8311785459518433,Face,32761,0.6894153356552124,Body+Scene,,,,,0.059974596979737574,,12345,0.32045437714556896
,,0.5779257416725159,mask_Body+Scene_pure_random_03_mean,pure_matched_random,415,0.17543193697929382,E3_joint_redundancy,0.0,opencv_haar_e1,0.22412165999412537,0.6938791275024414,Face,30625,0.67594975233078,Body+Scene,,,,,-0.10673757900514755,,12345,0.472999568434414
,,0.47510579228401184,mask_Body+Scene_pure_random_03_mean,pure_matched_random,465,0.18394044041633606,E3_joint_redundancy,1.0,opencv_haar_e1,0.18134060502052307,0.8035033941268921,Face,24649,0.6994066834449768,Body+Scene,,,,,-0.11295761068795085,,12345,0.23939254979911664
,,0.5984549522399902,mask_Body+Scene_pure_random_03_mean,pure_matched_random,529,0.21456752717494965,E3_joint_redundancy,1.0,opencv_haar_e1,0.30572545528411865,0.65931236743927,Face,17161,0.6737102270126343,Body+Scene,,,,,0.03299781561909545,,12345,0.42434642257354976
,,0.6108526587486267,mask_Body+Scene_pure_random_03_mean,pure_matched_random,678,0.17986039817333221,E3_joint_redundancy,1.0,opencv_haar_e1,0.4792592525482178,0.5616002082824707,Face,17956,0.6976783275604248,Body+Scene,,,,,-0.07183382247784395,,12345,0.25924703235303714
,,0.7381702065467834,mask_Body+Scene_pure_random_03_mean,pure_matched_random,756,0.43509528040885925,E3_joint_redundancy,0.0,opencv_haar_e1,0.43477705121040344,0.8019472360610962,Face,42025,0.7471931576728821,Body+Scene,,,,,-0.11076610747224534,,12345,0.44050078821157646
,,0.7409661412239075,mask_Body+Scene_pure_random_03_mean,pure_matched_random,781,0.2901258170604706,E3_joint_redundancy,1.0,opencv_haar_e1,0.12034901976585388,0.7144741415977478,Face,16641,0.6338998675346375,Body+Scene,,,,,-0.004610527191722515,,12345,0.38519211747098553
,,0.5090122222900391,mask_Body+Scene_pure_random_03_mean,pure_matched_random,789,0.09545335173606873,E3_joint_redundancy,0.0,opencv_haar_e1,0.19203688204288483,0.673111081123352,Face,17424,0.6786500215530396,Body+Scene,,,,,0.12947994733930218,,12345,0.22793251266648748
,,0.4891122579574585,mask_Body+Scene_pure_random_03_mean,pure_matched_random,973,0.27713876962661743,E3_joint_redundancy,0.0,opencv_haar_e1,0.19494080543518066,0.8271979093551636,Face,52900,0.7406306862831116,Body+Scene,,,,,-0.09003132464926235,,12345,0.36457021921691735
,,0.419047087430954,mask_Body+Scene_pure_random_04_mean,pure_matched_random,158,0.14333491027355194,E3_joint_redundancy,1.0,opencv_haar_e1,0.12196952849626541,0.7174925208091736,Face,33856,0.7750381827354431,Body+Scene,,,,,-0.16839164237544912,,12345,0.22223160395591235
,,0.49030107259750366,mask_Body+Scene_pure_random_04_mean,pure_matched_random,287,0.13785311579704285,E3_joint_redundancy,1.0,opencv_haar_e1,0.12560023367404938,0.8297216296195984,Face,32761,0.7243867516517639,Body+Scene,,,,,0.05120225916036289,,12345,0.3586028628994266
,,0.5419676303863525,mask_Body+Scene_pure_random_04_mean,pure_matched_random,415,0.25006771087646484,E3_joint_redundancy,0.0,opencv_haar_e1,0.2268819808959961,0.7078288197517395,Face,30625,0.6589496731758118,Body+Scene,,,,,-0.0874673517850007,,12345,0.5341442439277017
,,0.4616157114505768,mask_Body+Scene_pure_random_04_mean,pure_matched_random,465,0.18037816882133484,E3_joint_redundancy,1.0,opencv_haar_e1,0.23434127867221832,0.7977795600891113,Face,24649,0.7084923982620239,Body+Scene,,,,,-0.16090130000163747,,12345,0.2281428919500329
,,0.6237106323242188,mask_Body+Scene_pure_random_04_mean,pure_matched_random,529,0.2395046353340149,E3_joint_redundancy,1.0,opencv_haar_e1,0.28579625487327576,0.6537020206451416,Face,17161,0.6795255541801453,Body+Scene,,,,,0.035828940658391775,,12345,0.4248268353265429
,,0.5809926390647888,mask_Body+Scene_pure_random_04_mean,pure_matched_random,678,0.11346839368343353,E3_joint_redundancy,1.0,opencv_haar_e1,0.4421249032020569,0.5603054165840149,Face,17956,0.6958664059638977,Body+Scene,,,,,-0.0416264033820819,,12345,0.25995266756663427
,,0.6964367032051086,mask_Body+Scene_pure_random_04_mean,pure_matched_random,756,0.3988850712776184,E3_joint_redundancy,0.0,opencv_haar_e1,0.37809786200523376,0.7980154752731323,Face,42025,0.744550883769989,Body+Scene,,,,,-0.11293052700339326,,12345,0.44922018044481643
,,0.6634315252304077,mask_Body+Scene_pure_random_04_mean,pure_matched_random,781,0.30414193868637085,E3_joint_redundancy,0.0,opencv_haar_e1,0.10812023282051086,0.6854132413864136,Face,16641,0.6737632155418396,Body+Scene,,,,,0.03923706347950994,,12345,0.3970265244566388
,,0.5042909383773804,mask_Body+Scene_pure_random_04_mean,pure_matched_random,789,0.09169591963291168,E3_joint_redundancy,0.0,opencv_haar_e1,0.2811424136161804,0.6749788522720337,Face,17424,0.6773858666419983,Body+Scene,,,,,0.14205841678098444,,12345,0.22928352536796545
,,0.53947514295578,mask_Body+Scene_pure_random_04_mean,pure_matched_random,973,0.2718204855918884,E3_joint_redundancy,0.0,opencv_haar_e1,0.21495208144187927,0.8323005437850952,Face,52900,0.7472895979881287,Body+Scene,,,,,-0.07203509495330182,,12345,0.3678032847781994
,,0.4463258981704712,mask_Body+Scene_pure_random_05_mean,pure_matched_random,158,0.1281973272562027,E3_joint_redundancy,1.0,opencv_haar_e1,0.13456666469573975,0.7240821123123169,Face,33856,0.7858326435089111,Body+Scene,,,,,-0.11435371201045846,,12345,0.23401859813948925
,,0.5388835072517395,mask_Body+Scene_pure_random_05_mean,pure_matched_random,287,0.1728648692369461,E3_joint_redundancy,0.0,opencv_haar_e1,0.026713140308856964,0.8226915597915649,Face,32761,0.691609799861908,Body+Scene,,,,,0.05706123382205586,,12345,0.3237902715087566
,,0.5845550298690796,mask_Body+Scene_pure_random_05_mean,pure_matched_random,415,0.1816314160823822,E3_joint_redundancy,0.0,opencv_haar_e1,0.24740435183048248,0.7117117643356323,Face,30625,0.6841723918914795,Body+Scene,,,,,-0.09057238538879714,,12345,0.4961694506188561
,,0.4161006808280945,mask_Body+Scene_pure_random_05_mean,pure_matched_random,465,0.19802013039588928,E3_joint_redundancy,0.0,opencv_haar_e1,0.3031647205352783,0.7915124893188477,Face,24649,0.6980546116828918,Body+Scene,,,,,-0.139386639328761,,12345,0.2348061855768849
,,0.6139145493507385,mask_Body+Scene_pure_random_05_mean,pure_matched_random,529,0.2586645185947418,E3_joint_redundancy,1.0,opencv_haar_e1,0.300886332988739,0.6606853008270264,Face,17161,0.6816669702529907,Body+Scene,,,,,0.03438829408780464,,12345,0.42366436465529583
,,0.6014026999473572,mask_Body+Scene_pure_random_05_mean,pure_matched_random,678,0.15497030317783356,E3_joint_redundancy,1.0,opencv_haar_e1,0.4538871645927429,0.5665372610092163,Face,17956,0.6972858905792236,Body+Scene,,,,,-0.051000844649871466,,12345,0.25680863259246184
,,0.7011874914169312,mask_Body+Scene_pure_random_05_mean,pure_matched_random,756,0.41412410140037537,E3_joint_redundancy,0.0,opencv_haar_e1,0.44553592801094055,0.797516405582428,Face,42025,0.7470746040344238,Body+Scene,,,,,-0.10547559039789337,,12345,0.4510066375473322
,,0.7596228122711182,mask_Body+Scene_pure_random_05_mean,pure_matched_random,781,0.35502514243125916,E3_joint_redundancy,1.0,opencv_haar_e1,0.04503112658858299,0.7344797253608704,Face,16641,0.6453870534896851,Body+Scene,,,,,-0.01564785518649302,,12345,0.3905916275313792
,,0.5056042671203613,mask_Body+Scene_pure_random_05_mean,pure_matched_random,789,0.09851405769586563,E3_joint_redundancy,1.0,opencv_haar_e1,0.21174827218055725,0.6689993143081665,Face,17424,0.6782037615776062,Body+Scene,,,,,0.1303896647744215,,12345,0.22720069347248317
,,0.4843127131462097,mask_Body+Scene_pure_random_05_mean,pure_matched_random,973,0.19876337051391602,E3_joint_redundancy,0.0,opencv_haar_e1,0.18016985058784485,0.8422762751579285,Face,52900,0.7509344816207886,Body+Scene,,,,,-0.09252571424989063,,12345,0.36550023206136106
,,0.4300382137298584,mask_Face+Body+Scene_mean,target_roi,158,0.16436198353767395,E3_joint_redundancy,1.0,opencv_haar_e1,0.12456034123897552,0.692786693572998,Face,33856,0.7657382488250732,Face+Body+Scene,,,,,-0.13041115424400523,,12345,0.22325600900573075
,,0.4725520610809326,mask_Face+Body+Scene_mean,target_roi,287,0.19644533097743988,E3_joint_redundancy,0.0,opencv_haar_e1,0.08545083552598953,0.8004160523414612,Face,32761,0.7443554997444153,Face+Body+Scene,,,,,0.06554780767408935,,12345,0.36968394051742937
,,0.5594409704208374,mask_Face+Body+Scene_mean,target_roi,415,0.15655124187469482,E3_joint_redundancy,0.0,opencv_haar_e1,0.17385415732860565,0.7054707407951355,Face,30625,0.6538034081459045,Face+Body+Scene,,,,,-0.07112287436048739,,12345,0.537040066925312
,,0.39545387029647827,mask_Face+Body+Scene_mean,target_roi,465,0.1558430790901184,E3_joint_redundancy,1.0,opencv_haar_e1,0.34512704610824585,0.7749946713447571,Face,24649,0.6982569694519043,Face+Body+Scene,,,,,-0.1656622978466448,,12345,0.24062642271706033
,,0.6098169684410095,mask_Face+Body+Scene_mean,target_roi,529,0.20715978741645813,E3_joint_redundancy,1.0,opencv_haar_e1,0.27572086453437805,0.6600875854492188,Face,17161,0.6802536845207214,Face+Body+Scene,,,,,0.034780671273985674,,12345,0.4189858458493472
,,0.6702719330787659,mask_Face+Body+Scene_mean,target_roi,678,0.4936768412590027,E3_joint_redundancy,0.0,opencv_haar_e1,0.5752772688865662,0.5835673213005066,Face,17956,0.7058320045471191,Face+Body+Scene,,,,,-0.18403272263730813,,12345,0.27709931562735524
,,0.5380988121032715,mask_Face+Body+Scene_mean,target_roi,756,0.3640049397945404,E3_joint_redundancy,1.0,opencv_haar_e1,0.4802427291870117,0.8536947965621948,Face,42025,0.783632755279541,Face+Body+Scene,,,,,-0.17340991171831993,,12345,0.46489794614839286
,,0.6777092218399048,mask_Face+Body+Scene_mean,target_roi,781,0.3708699345588684,E3_joint_redundancy,0.0,opencv_haar_e1,0.04800936579704285,0.691220223903656,Face,16641,0.6636756658554077,Face+Body+Scene,,,,,0.010385502374126481,,12345,0.3972941348379303
,,0.5021203756332397,mask_Face+Body+Scene_mean,target_roi,789,0.07655318081378937,E3_joint_redundancy,0.0,opencv_haar_e1,0.2604118287563324,0.6715874671936035,Face,17424,0.6812207698822021,Face+Body+Scene,,,,,0.13742788135045833,,12345,0.22780572721354747
,,0.5850352644920349,mask_Face+Body+Scene_mean,target_roi,973,0.19920550286769867,E3_joint_redundancy,0.0,opencv_haar_e1,0.20516273379325867,0.8767666816711426,Face,52900,0.7590075135231018,Face+Body+Scene,,,,,-0.13573371630418135,,12345,0.3747353640593349
,,0.4500947594642639,mask_Face+Body+Scene_pure_random_01_mean,pure_matched_random,158,0.19515514373779297,E3_joint_redundancy,1.0,opencv_haar_e1,0.17656825482845306,0.7166263461112976,Face,33856,0.7774935364723206,Face+Body+Scene,,,,,-0.1452796118857941,,12345,0.22458181120022205
,,0.5857620239257812,mask_Face+Body+Scene_pure_random_01_mean,pure_matched_random,287,0.2775890827178955,E3_joint_redundancy,0.0,opencv_haar_e1,0.11257098615169525,0.8031044006347656,Face,32761,0.7418721318244934,Face+Body+Scene,,,,,0.08770793980923913,,12345,0.36408047195995935
,,0.588507890701294,mask_Face+Body+Scene_pure_random_01_mean,pure_matched_random,415,0.21695877611637115,E3_joint_redundancy,0.0,opencv_haar_e1,0.27614083886146545,0.7369520664215088,Face,30625,0.6238830089569092,Face+Body+Scene,,,,,-0.12403704430506528,,12345,0.5576783394147325
,,0.40376797318458557,mask_Face+Body+Scene_pure_random_01_mean,pure_matched_random,465,0.22122478485107422,E3_joint_redundancy,1.0,opencv_haar_e1,0.2960098683834076,0.7996132373809814,Face,24649,0.7027593851089478,Face+Body+Scene,,,,,-0.10268717540691502,,12345,0.23673420940456696
,,0.598515510559082,mask_Face+Body+Scene_pure_random_01_mean,pure_matched_random,529,0.24803775548934937,E3_joint_redundancy,0.0,opencv_haar_e1,0.30265480279922485,0.6604979038238525,Face,17161,0.6751469373703003,Face+Body+Scene,,,,,0.08115124331055902,,12345,0.42694011668229703
,,0.5459740161895752,mask_Face+Body+Scene_pure_random_01_mean,pure_matched_random,678,0.1786300092935562,E3_joint_redundancy,1.0,opencv_haar_e1,0.4376947283744812,0.5653517246246338,Face,17956,0.6897649765014648,Face+Body+Scene,,,,,-0.052675889711069686,,12345,0.25766525179268646
,,0.6638756394386292,mask_Face+Body+Scene_pure_random_01_mean,pure_matched_random,756,0.3905195891857147,E3_joint_redundancy,0.0,opencv_haar_e1,0.3808257281780243,0.8033605813980103,Face,42025,0.732877790927887,Face+Body+Scene,,,,,-0.11774623778995427,,12345,0.4468046045426637
,,0.7455843687057495,mask_Face+Body+Scene_pure_random_01_mean,pure_matched_random,781,0.28847330808639526,E3_joint_redundancy,1.0,opencv_haar_e1,0.010609203949570656,0.7469579577445984,Face,16641,0.6628462672233582,Face+Body+Scene,,,,,-0.010956072040098446,,12345,0.40839215876834584
,,0.4945267140865326,mask_Face+Body+Scene_pure_random_01_mean,pure_matched_random,789,0.07407554239034653,E3_joint_redundancy,0.0,opencv_haar_e1,0.3346269130706787,0.6670777797698975,Face,17424,0.6804530620574951,Face+Body+Scene,,,,,0.14173876905207236,,12345,0.23201688185086922
,,0.6184388995170593,mask_Face+Body+Scene_pure_random_01_mean,pure_matched_random,973,0.31953391432762146,E3_joint_redundancy,0.0,opencv_haar_e1,0.26531046628952026,0.8208177089691162,Face,52900,0.734910249710083,Face+Body+Scene,,,,,-0.06368041846334929,,12345,0.37326446154794046
,,0.39059457182884216,mask_Face+Body+Scene_pure_random_02_mean,pure_matched_random,158,0.10393267124891281,E3_joint_redundancy,1.0,opencv_haar_e1,0.05002128705382347,0.7082947492599487,Face,33856,0.7691385746002197,Face+Body+Scene,,,,,-0.1281663388204249,,12345,0.22127211881467215
,,0.5511720776557922,mask_Face+Body+Scene_pure_random_02_mean,pure_matched_random,287,0.17451593279838562,E3_joint_redundancy,1.0,opencv_haar_e1,0.10357337445020676,0.8472054600715637,Face,32761,0.7253342270851135,Face+Body+Scene,,,,,0.03740809363923174,,12345,0.35133624216948817
,,0.5650319457054138,mask_Face+Body+Scene_pure_random_02_mean,pure_matched_random,415,0.23908816277980804,E3_joint_redundancy,0.0,opencv_haar_e1,0.24925845861434937,0.7322177290916443,Face,30625,0.6533629894256592,Face+Body+Scene,,,,,-0.12179885874784191,,12345,0.5302923221535234
,,0.40588250756263733,mask_Face+Body+Scene_pure_random_02_mean,pure_matched_random,465,0.16871707141399384,E3_joint_redundancy,1.0,opencv_haar_e1,0.31053388118743896,0.7921592593193054,Face,24649,0.697954535484314,Face+Body+Scene,,,,,-0.21378494073767618,,12345,0.2335345574084001
,,0.590747594833374,mask_Face+Body+Scene_pure_random_02_mean,pure_matched_random,529,0.35824692249298096,E3_joint_redundancy,0.0,opencv_haar_e1,0.3634292185306549,0.6900050640106201,Face,17161,0.6498487591743469,Face+Body+Scene,,,,,0.04843318803343507,,12345,0.4138610354614689
,,0.5940784215927124,mask_Face+Body+Scene_pure_random_02_mean,pure_matched_random,678,0.12430991232395172,E3_joint_redundancy,1.0,opencv_haar_e1,0.32331886887550354,0.5426811575889587,Face,17956,0.7005256414413452,Face+Body+Scene,,,,,-0.04218054409478251,,12345,0.26658437276581537
,,0.753463625907898,mask_Face+Body+Scene_pure_random_02_mean,pure_matched_random,756,0.4044225811958313,E3_joint_redundancy,0.0,opencv_haar_e1,0.3867811858654022,0.8025867938995361,Face,42025,0.7487528920173645,Face+Body+Scene,,,,,-0.09775041679671108,,12345,0.4474276493485133
,,0.7052536010742188,mask_Face+Body+Scene_pure_random_02_mean,pure_matched_random,781,0.314106285572052,E3_joint_redundancy,0.0,opencv_haar_e1,0.07318814843893051,0.6787062287330627,Face,16641,0.6554083228111267,Face+Body+Scene,,,,,0.010673076089591086,,12345,0.39568146114894204
,,0.5284269452095032,mask_Face+Body+Scene_pure_random_02_mean,pure_matched_random,789,0.12214487791061401,E3_joint_redundancy,0.0,opencv_haar_e1,0.35398539900779724,0.6744375228881836,Face,17424,0.6642855405807495,Face+Body+Scene,,,,,0.13077111958749682,,12345,0.2271804628656048
,,0.4901270270347595,mask_Face+Body+Scene_pure_random_02_mean,pure_matched_random,973,0.19408643245697021,E3_joint_redundancy,0.0,opencv_haar_e1,0.18143394589424133,0.8330429196357727,Face,52900,0.7366536855697632,Face+Body+Scene,,,,,-0.07677488264238352,,12345,0.36279401862688576
,,0.41227495670318604,mask_Face+Body+Scene_pure_random_03_mean,pure_matched_random,158,0.16593889892101288,E3_joint_redundancy,1.0,opencv_haar_e1,0.10682906955480576,0.7289000153541565,Face,33856,0.7770754098892212,Face+Body+Scene,,,,,-0.17629324083220108,,12345,0.22180214906779652
,,0.48828643560409546,mask_Face+Body+Scene_pure_random_03_mean,pure_matched_random,287,0.13177235424518585,E3_joint_redundancy,1.0,opencv_haar_e1,0.10239032655954361,0.8287569880485535,Face,32761,0.7259789109230042,Face+Body+Scene,,,,,0.056588204651275405,,12345,0.35838508086980625
,,0.5386961102485657,mask_Face+Body+Scene_pure_random_03_mean,pure_matched_random,415,0.24719226360321045,E3_joint_redundancy,0.0,opencv_haar_e1,0.23614391684532166,0.7128149271011353,Face,30625,0.659584105014801,Face+Body+Scene,,,,,-0.09117788615935735,,12345,0.542942297014493
,,0.46633967757225037,mask_Face+Body+Scene_pure_random_03_mean,pure_matched_random,465,0.20146851241588593,E3_joint_redundancy,1.0,opencv_haar_e1,0.23761972784996033,0.8064408302307129,Face,24649,0.7096801996231079,Face+Body+Scene,,,,,-0.1093777340647493,,12345,0.23496086620889536
,,0.6258741617202759,mask_Face+Body+Scene_pure_random_03_mean,pure_matched_random,529,0.2273663878440857,E3_joint_redundancy,0.0,opencv_haar_e1,0.2812592089176178,0.6564288139343262,Face,17161,0.6819427013397217,Face+Body+Scene,,,,,0.038400502235100505,,12345,0.4271901997156112
,,0.6073066592216492,mask_Face+Body+Scene_pure_random_03_mean,pure_matched_random,678,0.11546416580677032,E3_joint_redundancy,1.0,opencv_haar_e1,0.43737101554870605,0.561296820640564,Face,17956,0.69080650806427,Face+Body+Scene,,,,,-0.04205952031653153,,12345,0.25915225310737033
,,0.6839323043823242,mask_Face+Body+Scene_pure_random_03_mean,pure_matched_random,756,0.3207457661628723,E3_joint_redundancy,0.0,opencv_haar_e1,0.42622560262680054,0.8011513352394104,Face,42025,0.74334317445755,Face+Body+Scene,,,,,-0.11562429262447305,,12345,0.451174724595017
,,0.7378469109535217,mask_Face+Body+Scene_pure_random_03_mean,pure_matched_random,781,0.30909135937690735,E3_joint_redundancy,1.0,opencv_haar_e1,0.1012319028377533,0.7308923602104187,Face,16641,0.6682387590408325,Face+Body+Scene,,,,,0.049099242047400904,,12345,0.41719618506920625
,,0.49950140714645386,mask_Face+Body+Scene_pure_random_03_mean,pure_matched_random,789,0.0896444022655487,E3_joint_redundancy,0.0,opencv_haar_e1,0.26249903440475464,0.6785000562667847,Face,17424,0.6765061020851135,Face+Body+Scene,,,,,0.14243013456948603,,12345,0.22840639464006665
,,0.5564261674880981,mask_Face+Body+Scene_pure_random_03_mean,pure_matched_random,973,0.26624882221221924,E3_joint_redundancy,0.0,opencv_haar_e1,0.2189393788576126,0.8257414698600769,Face,52900,0.7392797470092773,Face+Body+Scene,,,,,-0.06311206731238607,,12345,0.3717841451989736
,,0.41571706533432007,mask_Face+Body+Scene_pure_random_04_mean,pure_matched_random,158,0.1939883530139923,E3_joint_redundancy,1.0,opencv_haar_e1,0.20703668892383575,0.7141090631484985,Face,33856,0.779633641242981,Face+Body+Scene,,,,,-0.15383840163020862,,12345,0.24558275769638238
,,0.47953614592552185,mask_Face+Body+Scene_pure_random_04_mean,pure_matched_random,287,0.14077642560005188,E3_joint_redundancy,0.0,opencv_haar_e1,0.10091996192932129,0.8383681178092957,Face,32761,0.7217441201210022,Face+Body+Scene,,,,,0.04392728001480655,,12345,0.35711103913309394
,,0.5574612021446228,mask_Face+Body+Scene_pure_random_04_mean,pure_matched_random,415,0.3313157558441162,E3_joint_redundancy,0.0,opencv_haar_e1,0.27186042070388794,0.7191101312637329,Face,30625,0.6303837299346924,Face+Body+Scene,,,,,-0.12164024688874318,,12345,0.5592095110091545
,,0.3959401249885559,mask_Face+Body+Scene_pure_random_04_mean,pure_matched_random,465,0.196492999792099,E3_joint_redundancy,1.0,opencv_haar_e1,0.19516192376613617,0.7964737415313721,Face,24649,0.7043262720108032,Face+Body+Scene,,,,,-0.1393933074618481,,12345,0.2420445675866757
,,0.6250243782997131,mask_Face+Body+Scene_pure_random_04_mean,pure_matched_random,529,0.3212001919746399,E3_joint_redundancy,1.0,opencv_haar_e1,0.3298313617706299,0.6663714051246643,Face,17161,0.6656458973884583,Face+Body+Scene,,,,,0.017868402988894208,,12345,0.4341527823096398
,,0.5798073410987854,mask_Face+Body+Scene_pure_random_04_mean,pure_matched_random,678,0.2258085310459137,E3_joint_redundancy,1.0,opencv_haar_e1,0.43696627020835876,0.568138062953949,Face,17956,0.69404137134552,Face+Body+Scene,,,,,-0.0488330121617341,,12345,0.24768892397071796
,,0.6382981538772583,mask_Face+Body+Scene_pure_random_04_mean,pure_matched_random,756,0.3796239495277405,E3_joint_redundancy,0.0,opencv_haar_e1,0.31793808937072754,0.8018755316734314,Face,42025,0.7358278632164001,Face+Body+Scene,,,,,-0.11740253500648899,,12345,0.4358341627752272
,,0.7377880811691284,mask_Face+Body+Scene_pure_random_04_mean,pure_matched_random,781,0.28399592638015747,E3_joint_redundancy,0.0,opencv_haar_e1,0.04137655720114708,0.7395135164260864,Face,16641,0.6716562509536743,Face+Body+Scene,,,,,0.018160429646748414,,12345,0.4096512878950929
,,0.5109649300575256,mask_Face+Body+Scene_pure_random_04_mean,pure_matched_random,789,0.09533289074897766,E3_joint_redundancy,0.0,opencv_haar_e1,0.22381016612052917,0.6671226024627686,Face,17424,0.6865103840827942,Face+Body+Scene,,,,,0.14735448139325918,,12345,0.22882038593861448
,,0.5481076836585999,mask_Face+Body+Scene_pure_random_04_mean,pure_matched_random,973,0.26138201355934143,E3_joint_redundancy,0.0,opencv_haar_e1,0.20347672700881958,0.8288540244102478,Face,52900,0.742941677570343,Face+Body+Scene,,,,,-0.07296328040957076,,12345,0.3627296988451891
,,0.38240110874176025,mask_Face+Body+Scene_pure_random_05_mean,pure_matched_random,158,0.0927034392952919,E3_joint_redundancy,1.0,opencv_haar_e1,0.058007773011922836,0.7299234867095947,Face,33856,0.7771627306938171,Face+Body+Scene,,,,,-0.02557998973686088,,12345,0.23985871994807897
,,0.5261683464050293,mask_Face+Body+Scene_pure_random_05_mean,pure_matched_random,287,0.11824265122413635,E3_joint_redundancy,0.0,opencv_haar_e1,0.0921504944562912,0.8111036419868469,Face,32761,0.7015367746353149,Face+Body+Scene,,,,,0.07709689471125174,,12345,0.3244634300532321
,,0.5997780561447144,mask_Face+Body+Scene_pure_random_05_mean,pure_matched_random,415,0.22351306676864624,E3_joint_redundancy,0.0,opencv_haar_e1,0.25204670429229736,0.7053135633468628,Face,30625,0.6510358452796936,Face+Body+Scene,,,,,-0.10102940645166109,,12345,0.5281995458755359
,,0.43336576223373413,mask_Face+Body+Scene_pure_random_05_mean,pure_matched_random,465,0.226914644241333,E3_joint_redundancy,1.0,opencv_haar_e1,0.3224397897720337,0.8076525926589966,Face,24649,0.700214147567749,Face+Body+Scene,,,,,-0.09479499197568111,,12345,0.23823913542259292
,,0.5868245959281921,mask_Face+Body+Scene_pure_random_05_mean,pure_matched_random,529,0.2658739686012268,E3_joint_redundancy,1.0,opencv_haar_e1,0.29547178745269775,0.6818031072616577,Face,17161,0.6829966306686401,Face+Body+Scene,,,,,0.04602000314142979,,12345,0.4099830146658205
,,0.6202881336212158,mask_Face+Body+Scene_pure_random_05_mean,pure_matched_random,678,0.1633913666009903,E3_joint_redundancy,0.0,opencv_haar_e1,0.46769842505455017,0.5447165369987488,Face,17956,0.6923397779464722,Face+Body+Scene,,,,,-0.06875944781194289,,12345,0.2536304768754393
,,0.7302087545394897,mask_Face+Body+Scene_pure_random_05_mean,pure_matched_random,756,0.4114604592323303,E3_joint_redundancy,0.0,opencv_haar_e1,0.40559184551239014,0.79973304271698,Face,42025,0.7466834783554077,Face+Body+Scene,,,,,-0.10757179977784899,,12345,0.4468516421804926
,,0.7015636563301086,mask_Face+Body+Scene_pure_random_05_mean,pure_matched_random,781,0.2843173146247864,E3_joint_redundancy,1.0,opencv_haar_e1,0.04542790725827217,0.7040242552757263,Face,16641,0.6711618900299072,Face+Body+Scene,,,,,0.00562665804170367,,12345,0.4011563882082588
,,0.5026721358299255,mask_Face+Body+Scene_pure_random_05_mean,pure_matched_random,789,0.09436091780662537,E3_joint_redundancy,0.0,opencv_haar_e1,0.2874099910259247,0.6725271940231323,Face,17424,0.6796634793281555,Face+Body+Scene,,,,,0.126048199298001,,12345,0.22506418322966643
,,0.5252025127410889,mask_Face+Body+Scene_pure_random_05_mean,pure_matched_random,973,0.2930453419685364,E3_joint_redundancy,0.0,opencv_haar_e1,0.16054216027259827,0.8276941180229187,Face,52900,0.7415714263916016,Face+Body+Scene,,,,,-0.0899313517196961,,12345,0.365187524847807
,,0.42414408922195435,mask_Face+Body_mean,target_roi,158,0.2201383262872696,E3_joint_redundancy,1.0,opencv_haar_e1,0.2837870419025421,0.7053705453872681,Face,33856,0.7744477391242981,Face+Body,,,,,-0.1349817074868205,,12345,0.22987259863285994
,,0.47532084584236145,mask_Face+Body_mean,target_roi,287,0.1288740187883377,E3_joint_redundancy,0.0,opencv_haar_e1,0.0964602679014206,0.791732907295227,Face,32761,0.7357532978057861,Face+Body,,,,,0.07254194248343157,,12345,0.36862107150953766
,,0.5657545328140259,mask_Face+Body_mean,target_roi,415,0.21780653297901154,E3_joint_redundancy,0.0,opencv_haar_e1,0.22953711450099945,0.7017602920532227,Face,30625,0.6516059637069702,Face+Body,,,,,-0.10861239114044066,,12345,0.5410196846113049
,,0.44861820340156555,mask_Face+Body_mean,target_roi,465,0.2391742765903473,E3_joint_redundancy,1.0,opencv_haar_e1,0.2944515645503998,0.7982797622680664,Face,24649,0.691140353679657,Face+Body,,,,,-0.11858513022697205,,12345,0.23800580884430314
,,0.6253893375396729,mask_Face+Body_mean,target_roi,529,0.21491625905036926,E3_joint_redundancy,1.0,opencv_haar_e1,0.313734769821167,0.6557071805000305,Face,17161,0.6778202056884766,Face+Body,,,,,0.03933369473054617,,12345,0.4250672813751476
,,0.6031976938247681,mask_Face+Body_mean,target_roi,678,0.1366046965122223,E3_joint_redundancy,1.0,opencv_haar_e1,0.4325947165489197,0.5592578053474426,Face,17956,0.7001594305038452,Face+Body,,,,,-0.03397961501289412,,12345,0.2634633152553866
,,0.7150191068649292,mask_Face+Body_mean,target_roi,756,0.45280733704566956,E3_joint_redundancy,0.0,opencv_haar_e1,0.41420450806617737,0.8045424222946167,Face,42025,0.7311063408851624,Face+Body,,,,,-0.11842693611428584,,12345,0.4291985355052227
,,0.7268218994140625,mask_Face+Body_mean,target_roi,781,0.22633588314056396,E3_joint_redundancy,0.0,opencv_haar_e1,0.04270924627780914,0.7191608548164368,Face,16641,0.6550920605659485,Face+Body,,,,,0.009985405788022402,,12345,0.4033549024190972
,,0.4984583556652069,mask_Face+Body_mean,target_roi,789,0.07515142858028412,E3_joint_redundancy,0.0,opencv_haar_e1,0.2572215497493744,0.6707310080528259,Face,17424,0.6822234988212585,Face+Body,,,,,0.1371507659108723,,12345,0.22733817365550632
,,0.5403788685798645,mask_Face+Body_mean,target_roi,973,0.26753199100494385,E3_joint_redundancy,0.0,opencv_haar_e1,0.237136572599411,0.8358038067817688,Face,52900,0.7410624623298645,Face+Body,,,,,-0.08423509857630508,,12345,0.36457805955001166
,,0.42142045497894287,mask_Face+Body_pure_random_01_mean,pure_matched_random,158,0.1257869303226471,E3_joint_redundancy,1.0,opencv_haar_e1,0.09914935380220413,0.7201856374740601,Face,33856,0.7747703194618225,Face+Body,,,,,-0.1737850889004391,,12345,0.2213933889254365
,,0.4932294189929962,mask_Face+Body_pure_random_01_mean,pure_matched_random,287,0.13985344767570496,E3_joint_redundancy,1.0,opencv_haar_e1,0.11830468475818634,0.8322639465332031,Face,32761,0.7250935435295105,Face+Body,,,,,0.048533817073775305,,12345,0.35776092113696417
,,0.5355758666992188,mask_Face+Body_pure_random_01_mean,pure_matched_random,415,0.26335811614990234,E3_joint_redundancy,0.0,opencv_haar_e1,0.23212946951389313,0.7009807229042053,Face,30625,0.6512994766235352,Face+Body,,,,,-0.09637719167212994,,12345,0.5373730201362947
,,0.4192635715007782,mask_Face+Body_pure_random_01_mean,pure_matched_random,465,0.2153652161359787,E3_joint_redundancy,1.0,opencv_haar_e1,0.2685330808162689,0.8000802397727966,Face,24649,0.6945820450782776,Face+Body,,,,,-0.1290496679932636,,12345,0.23681124193685443
,,0.6142502427101135,mask_Face+Body_pure_random_01_mean,pure_matched_random,529,0.2273334264755249,E3_joint_redundancy,1.0,opencv_haar_e1,0.28426045179367065,0.6537387371063232,Face,17161,0.6800799369812012,Face+Body,,,,,0.03693095162932068,,12345,0.4262369256335574
,,0.5700709223747253,mask_Face+Body_pure_random_01_mean,pure_matched_random,678,0.1093628779053688,E3_joint_redundancy,1.0,opencv_haar_e1,0.4396240711212158,0.56142258644104,Face,17956,0.6972886323928833,Face+Body,,,,,-0.04252170114906106,,12345,0.25933545150689796
,,0.6436601281166077,mask_Face+Body_pure_random_01_mean,pure_matched_random,756,0.36298131942749023,E3_joint_redundancy,0.0,opencv_haar_e1,0.3651951849460602,0.8003560304641724,Face,42025,0.7249528169631958,Face+Body,,,,,-0.11218771763679256,,12345,0.43229807300624434
,,0.7293481230735779,mask_Face+Body_pure_random_01_mean,pure_matched_random,781,0.3404790759086609,E3_joint_redundancy,0.0,opencv_haar_e1,0.09622827172279358,0.6965924501419067,Face,16641,0.6433882713317871,Face+Body,,,,,0.008660307297201084,,12345,0.4000256209339843
,,0.4930224120616913,mask_Face+Body_pure_random_01_mean,pure_matched_random,789,0.08667202293872833,E3_joint_redundancy,0.0,opencv_haar_e1,0.25700217485427856,0.6770381331443787,Face,17424,0.6773362159729004,Face+Body,,,,,0.14301549345224615,,12345,0.2293992274737461
,,0.5448189377784729,mask_Face+Body_pure_random_01_mean,pure_matched_random,973,0.2636064291000366,E3_joint_redundancy,0.0,opencv_haar_e1,0.2129964381456375,0.8342165350914001,Face,52900,0.7446702122688293,Face+Body,,,,,-0.07203116517383451,,12345,0.36487026329284533
,,0.4494059383869171,mask_Face+Body_pure_random_02_mean,pure_matched_random,158,0.15228180587291718,E3_joint_redundancy,1.0,opencv_haar_e1,0.16491708159446716,0.7081036567687988,Face,33856,0.7799858450889587,Face+Body,,,,,-0.15861840869038188,,12345,0.22368805326520297
,,0.525076150894165,mask_Face+Body_pure_random_02_mean,pure_matched_random,287,0.1328500211238861,E3_joint_redundancy,0.0,opencv_haar_e1,0.1264367401599884,0.8249658346176147,Face,32761,0.7007611989974976,Face+Body,,,,,0.08704901549166222,,12345,0.33196098377282435
,,0.5648126006126404,mask_Face+Body_pure_random_02_mean,pure_matched_random,415,0.1956929862499237,E3_joint_redundancy,0.0,opencv_haar_e1,0.22816014289855957,0.7067667841911316,Face,30625,0.639649510383606,Face+Body,,,,,-0.10456848713415917,,12345,0.5378028794773855
,,0.43975120782852173,mask_Face+Body_pure_random_02_mean,pure_matched_random,465,0.23476603627204895,E3_joint_redundancy,1.0,opencv_haar_e1,0.29183632135391235,0.8010393381118774,Face,24649,0.6925797462463379,Face+Body,,,,,-0.13029123441172316,,12345,0.23303570581070865
,,0.6300221681594849,mask_Face+Body_pure_random_02_mean,pure_matched_random,529,0.2534736096858978,E3_joint_redundancy,0.0,opencv_haar_e1,0.3440282642841339,0.661562442779541,Face,17161,0.6695550084114075,Face+Body,,,,,0.062387090061428875,,12345,0.4249018695215206
,,0.6361116766929626,mask_Face+Body_pure_random_02_mean,pure_matched_random,678,0.1893777847290039,E3_joint_redundancy,0.0,opencv_haar_e1,0.46310532093048096,0.564712643623352,Face,17956,0.7010002732276917,Face+Body,,,,,-0.06412816967916299,,12345,0.25637074332481596
,,0.7233647704124451,mask_Face+Body_pure_random_02_mean,pure_matched_random,756,0.42998385429382324,E3_joint_redundancy,0.0,opencv_haar_e1,0.4579043686389923,0.80000901222229,Face,42025,0.7465289831161499,Face+Body,,,,,-0.10995260722582768,,12345,0.4517659911360914
,,0.6902521252632141,mask_Face+Body_pure_random_02_mean,pure_matched_random,781,0.2775784730911255,E3_joint_redundancy,0.0,opencv_haar_e1,0.01925039477646351,0.7221336364746094,Face,16641,0.6634711027145386,Face+Body,,,,,0.007665424133414281,,12345,0.41723379545639144
,,0.5102344155311584,mask_Face+Body_pure_random_02_mean,pure_matched_random,789,0.08075930923223495,E3_joint_redundancy,0.0,opencv_haar_e1,0.27299630641937256,0.663956880569458,Face,17424,0.6733295917510986,Face+Body,,,,,0.13794017733433295,,12345,0.22800750447610169
,,0.5155317783355713,mask_Face+Body_pure_random_02_mean,pure_matched_random,973,0.21929989755153656,E3_joint_redundancy,0.0,opencv_haar_e1,0.1860189586877823,0.8404982089996338,Face,52900,0.7446045279502869,Face+Body,,,,,-0.06470470475427782,,12345,0.37244441931401195
,,0.4283345341682434,mask_Face+Body_pure_random_03_mean,pure_matched_random,158,0.1577828824520111,E3_joint_redundancy,1.0,opencv_haar_e1,0.11938855051994324,0.7372286319732666,Face,33856,0.7780486941337585,Face+Body,,,,,-0.09104097103167565,,12345,0.23527035392373916
,,0.497748464345932,mask_Face+Body_pure_random_03_mean,pure_matched_random,287,0.1483973264694214,E3_joint_redundancy,1.0,opencv_haar_e1,0.07530702650547028,0.817663848400116,Face,32761,0.7461328506469727,Face+Body,,,,,0.07298699914599145,,12345,0.3626197250442469
,,0.5873419642448425,mask_Face+Body_pure_random_03_mean,pure_matched_random,415,0.22738292813301086,E3_joint_redundancy,0.0,opencv_haar_e1,0.2069808840751648,0.7049594521522522,Face,30625,0.6637647747993469,Face+Body,,,,,-0.08859806744499577,,12345,0.5382379049925875
,,0.40881699323654175,mask_Face+Body_pure_random_03_mean,pure_matched_random,465,0.22535572946071625,E3_joint_redundancy,1.0,opencv_haar_e1,0.2887971103191376,0.7995996475219727,Face,24649,0.7014855146408081,Face+Body,,,,,-0.11017402492661393,,12345,0.2351539494797475
,,0.5951482653617859,mask_Face+Body_pure_random_03_mean,pure_matched_random,529,0.2487882375717163,E3_joint_redundancy,0.0,opencv_haar_e1,0.3459303081035614,0.6685284376144409,Face,17161,0.6703053712844849,Face+Body,,,,,0.04834780670232736,,12345,0.41354606957755546
,,0.5497783422470093,mask_Face+Body_pure_random_03_mean,pure_matched_random,678,0.14154160022735596,E3_joint_redundancy,1.0,opencv_haar_e1,0.4251469373703003,0.5598015189170837,Face,17956,0.6949207782745361,Face+Body,,,,,-0.050369070840557806,,12345,0.25975696425343753
,,0.6430858969688416,mask_Face+Body_pure_random_03_mean,pure_matched_random,756,0.34405651688575745,E3_joint_redundancy,0.0,opencv_haar_e1,0.37787768244743347,0.7988618612289429,Face,42025,0.7252443432807922,Face+Body,,,,,-0.11600196650640988,,12345,0.43827192151032485
,,0.7231839299201965,mask_Face+Body_pure_random_03_mean,pure_matched_random,781,0.2672104835510254,E3_joint_redundancy,1.0,opencv_haar_e1,0.07179015129804611,0.7054763436317444,Face,16641,0.6321552991867065,Face+Body,,,,,0.0035584459950023296,,12345,0.3946117264622168
,,0.47304752469062805,mask_Face+Body_pure_random_03_mean,pure_matched_random,789,0.06740029156208038,E3_joint_redundancy,1.0,opencv_haar_e1,0.3687051832675934,0.6655064821243286,Face,17424,0.6821540594100952,Face+Body,,,,,0.13438971776496442,,12345,0.23107809972175009
,,0.5818986892700195,mask_Face+Body_pure_random_03_mean,pure_matched_random,973,0.33981892466545105,E3_joint_redundancy,0.0,opencv_haar_e1,0.37914034724235535,0.8577415943145752,Face,52900,0.7486565113067627,Face+Body,,,,,-0.08299870048479405,,12345,0.3870125954003053
,,0.40618258714675903,mask_Face+Body_pure_random_04_mean,pure_matched_random,158,0.13303853571414948,E3_joint_redundancy,1.0,opencv_haar_e1,0.08366196602582932,0.7242138385772705,Face,33856,0.7749090194702148,Face+Body,,,,,-0.17534189017742582,,12345,0.22062852749583678
,,0.4980000853538513,mask_Face+Body_pure_random_04_mean,pure_matched_random,287,0.13597020506858826,E3_joint_redundancy,0.0,opencv_haar_e1,0.1064431294798851,0.8322847485542297,Face,32761,0.7252869009971619,Face+Body,,,,,0.04872491470666832,,12345,0.35785890694397215
,,0.5979241728782654,mask_Face+Body_pure_random_04_mean,pure_matched_random,415,0.25812214612960815,E3_joint_redundancy,0.0,opencv_haar_e1,0.29888543486595154,0.7038078308105469,Face,30625,0.6488650441169739,Face+Body,,,,,-0.10490370973296106,,12345,0.5373720147218054
,,0.4463624358177185,mask_Face+Body_pure_random_04_mean,pure_matched_random,465,0.23324263095855713,E3_joint_redundancy,1.0,opencv_haar_e1,0.27720728516578674,0.799697756767273,Face,24649,0.6941322684288025,Face+Body,,,,,-0.12496220473948899,,12345,0.23719380375932725
,,0.6171628832817078,mask_Face+Body_pure_random_04_mean,pure_matched_random,529,0.2390604317188263,E3_joint_redundancy,1.0,opencv_haar_e1,0.281059205532074,0.657019853591919,Face,17161,0.6764771938323975,Face+Body,,,,,0.033994027231498844,,12345,0.4232857226712418
,,0.5756778120994568,mask_Face+Body_pure_random_04_mean,pure_matched_random,678,0.10927532613277435,E3_joint_redundancy,1.0,opencv_haar_e1,0.42792728543281555,0.5601904988288879,Face,17956,0.6956859230995178,Face+Body,,,,,-0.045206603043282695,,12345,0.2584547338074617
,,0.6541621685028076,mask_Face+Body_pure_random_04_mean,pure_matched_random,756,0.3622703552246094,E3_joint_redundancy,0.0,opencv_haar_e1,0.3624018728733063,0.8007174134254456,Face,42025,0.7258436679840088,Face+Body,,,,,-0.11096170836599507,,12345,0.4377401292429625
,,0.6861869096755981,mask_Face+Body_pure_random_04_mean,pure_matched_random,781,0.29041582345962524,E3_joint_redundancy,1.0,opencv_haar_e1,0.014525854028761387,0.6946579217910767,Face,16641,0.6362035274505615,Face+Body,,,,,0.0015209187302473027,,12345,0.39353356492042807
,,0.4986897110939026,mask_Face+Body_pure_random_04_mean,pure_matched_random,789,0.09536723792552948,E3_joint_redundancy,0.0,opencv_haar_e1,0.28768661618232727,0.6780838966369629,Face,17424,0.6775428056716919,Face+Body,,,,,0.14224677156674184,,12345,0.22945002868636571
,,0.5481691360473633,mask_Face+Body_pure_random_04_mean,pure_matched_random,973,0.25848454236984253,E3_joint_redundancy,0.0,opencv_haar_e1,0.20180518925189972,0.8320319652557373,Face,52900,0.7437540888786316,Face+Body,,,,,-0.07101982911566346,,12345,0.3666885947133301
,,0.4114592373371124,mask_Face+Body_pure_random_05_mean,pure_matched_random,158,0.13813643157482147,E3_joint_redundancy,1.0,opencv_haar_e1,0.09856228530406952,0.7245813012123108,Face,33856,0.7752836346626282,Face+Body,,,,,-0.1764378672231276,,12345,0.22122271208757147
,,0.48832565546035767,mask_Face+Body_pure_random_05_mean,pure_matched_random,287,0.13373492658138275,E3_joint_redundancy,0.0,opencv_haar_e1,0.12173628062009811,0.8290479183197021,Face,32761,0.725469172000885,Face+Body,,,,,0.04881446919783664,,12345,0.35696434340168554
,,0.5345265865325928,mask_Face+Body_pure_random_05_mean,pure_matched_random,415,0.20337150990962982,E3_joint_redundancy,0.0,opencv_haar_e1,0.24947668612003326,0.7061043381690979,Face,30625,0.6543842554092407,Face+Body,,,,,-0.09410076300474518,,12345,0.5340521409434503
,,0.4155735671520233,mask_Face+Body_pure_random_05_mean,pure_matched_random,465,0.23289892077445984,E3_joint_redundancy,1.0,opencv_haar_e1,0.27171897888183594,0.8024351000785828,Face,24649,0.6931264996528625,Face+Body,,,,,-0.1267922592502361,,12345,0.23601313380705194
,,0.6139119863510132,mask_Face+Body_pure_random_05_mean,pure_matched_random,529,0.25603920221328735,E3_joint_redundancy,1.0,opencv_haar_e1,0.2816290259361267,0.6572346091270447,Face,17161,0.6793984770774841,Face+Body,,,,,0.03447835796126514,,12345,0.42534615891247135
,,0.561963677406311,mask_Face+Body_pure_random_05_mean,pure_matched_random,678,0.10478475689888,E3_joint_redundancy,1.0,opencv_haar_e1,0.43163132667541504,0.5604158639907837,Face,17956,0.6957347989082336,Face+Body,,,,,-0.045262833709834624,,12345,0.25937801690450724
,,0.6439803242683411,mask_Face+Body_pure_random_05_mean,pure_matched_random,756,0.37081101536750793,E3_joint_redundancy,0.0,opencv_haar_e1,0.38351842761039734,0.8019283413887024,Face,42025,0.7366607189178467,Face+Body,,,,,-0.1199474970809171,,12345,0.43963621704314904
,,0.6796249747276306,mask_Face+Body_pure_random_05_mean,pure_matched_random,781,0.28248733282089233,E3_joint_redundancy,0.0,opencv_haar_e1,0.04176180809736252,0.706159770488739,Face,16641,0.6659823060035706,Face+Body,,,,,0.028522679125533704,,12345,0.4054472558697294
,,0.5059148073196411,mask_Face+Body_pure_random_05_mean,pure_matched_random,789,0.09259083867073059,E3_joint_redundancy,0.0,opencv_haar_e1,0.2651744782924652,0.6779924035072327,Face,17424,0.677116870880127,Face+Body,,,,,0.14125380926757033,,12345,0.22898658515465645
,,0.5748786330223083,mask_Face+Body_pure_random_05_mean,pure_matched_random,973,0.27706292271614075,E3_joint_redundancy,0.0,opencv_haar_e1,0.22782716155052185,0.8338613510131836,Face,52900,0.7483221292495728,Face+Body,,,,,-0.07748279896041353,,12345,0.3692761240577202
,,0.44426578283309937,mask_Face+Scene_mean,target_roi,158,0.13494464755058289,E3_joint_redundancy,1.0,opencv_haar_e1,0.20565824210643768,0.7452657222747803,Face,33856,0.8157514333724976,Face+Scene,,,,,-0.11393029990973298,,12345,0.26152630805727056
,,0.48992666602134705,mask_Face+Scene_mean,target_roi,287,0.12717090547084808,E3_joint_redundancy,0.0,opencv_haar_e1,0.09019821882247925,0.8295889496803284,Face,32761,0.7276528477668762,Face+Scene,,,,,0.045315150654773415,,12345,0.35740844045560144
,,0.5713169574737549,mask_Face+Scene_mean,target_roi,415,0.19887486100196838,E3_joint_redundancy,0.0,opencv_haar_e1,0.19652880728244781,0.7003167867660522,Face,30625,0.651795506477356,Face+Scene,,,,,-0.061400910957933014,,12345,0.537019350162683
,,0.3781627118587494,mask_Face+Scene_mean,target_roi,465,0.12990930676460266,E3_joint_redundancy,0.0,opencv_haar_e1,0.3401464819908142,0.7929391860961914,Face,24649,0.7000076770782471,Face+Scene,,,,,-0.18012210464226092,,12345,0.23711652511462003
,,0.6197014451026917,mask_Face+Scene_mean,target_roi,529,0.2323615998029709,E3_joint_redundancy,1.0,opencv_haar_e1,0.27899685502052307,0.6620945930480957,Face,17161,0.6788288950920105,Face+Scene,,,,,0.03487048320736444,,12345,0.41866875868039444
,,0.6850067973136902,mask_Face+Scene_mean,target_roi,678,0.43164142966270447,E3_joint_redundancy,0.0,opencv_haar_e1,0.7131155133247375,0.5967625379562378,Face,17956,0.694938063621521,Face+Scene,,,,,-0.1925232651055401,,12345,0.2751581180543135
,,0.6462511420249939,mask_Face+Scene_mean,target_roi,756,0.4317620098590851,E3_joint_redundancy,0.0,opencv_haar_e1,0.4114946126937866,0.8234770894050598,Face,42025,0.7626452445983887,Face+Scene,,,,,-0.10224678558037044,,12345,0.44279423059617007
,,0.7227625846862793,mask_Face+Scene_mean,target_roi,781,0.3449605107307434,E3_joint_redundancy,0.0,opencv_haar_e1,0.20343497395515442,0.8025129437446594,Face,16641,0.6927334666252136,Face+Scene,,,,,0.03001249939538372,,12345,0.3266073308759242
,,0.5041195154190063,mask_Face+Scene_mean,target_roi,789,0.08572772890329361,E3_joint_redundancy,0.0,opencv_haar_e1,0.2948271930217743,0.6745200157165527,Face,17424,0.6761775612831116,Face+Scene,,,,,0.1416383289841508,,12345,0.229495130258754
,,0.5686976313591003,mask_Face+Scene_mean,target_roi,973,0.2601141333580017,E3_joint_redundancy,0.0,opencv_haar_e1,0.17855270206928253,0.8345853090286255,Face,52900,0.7478763461112976,Face+Scene,,,,,-0.12100619557526687,,12345,0.3646262057166444
,,0.4620060622692108,mask_Face+Scene_pure_random_01_mean,pure_matched_random,158,0.23358890414237976,E3_joint_redundancy,1.0,opencv_haar_e1,0.28269779682159424,0.7104214429855347,Face,33856,0.7733134031295776,Face+Scene,,,,,-0.14138373924705497,,12345,0.2327068810235071
,,0.4846785366535187,mask_Face+Scene_pure_random_01_mean,pure_matched_random,287,0.13304215669631958,E3_joint_redundancy,0.0,opencv_haar_e1,0.11054959148168564,0.8284581303596497,Face,32761,0.7257230281829834,Face+Scene,,,,,0.04886274029760052,,12345,0.35729302760410325
,,0.5770204067230225,mask_Face+Scene_pure_random_01_mean,pure_matched_random,415,0.2327258586883545,E3_joint_redundancy,0.0,opencv_haar_e1,0.26606330275535583,0.7045661211013794,Face,30625,0.6520214080810547,Face+Scene,,,,,-0.10156836429547629,,12345,0.5382702572751449
,,0.4025571048259735,mask_Face+Scene_pure_random_01_mean,pure_matched_random,465,0.20671676099300385,E3_joint_redundancy,0.0,opencv_haar_e1,0.31012338399887085,0.7971524596214294,Face,24649,0.694232165813446,Face+Scene,,,,,-0.14501672992334286,,12345,0.2341354392272315
,,0.6237767338752747,mask_Face+Scene_pure_random_01_mean,pure_matched_random,529,0.23358787596225739,E3_joint_redundancy,0.0,opencv_haar_e1,0.3034188747406006,0.666236162185669,Face,17161,0.6884434223175049,Face+Scene,,,,,0.04130113008758004,,12345,0.4211183708619411
,,0.5969914793968201,mask_Face+Scene_pure_random_01_mean,pure_matched_random,678,0.08641058206558228,E3_joint_redundancy,1.0,opencv_haar_e1,0.4325346350669861,0.5693053603172302,Face,17956,0.6986674666404724,Face+Scene,,,,,-0.041956651335963,,12345,0.25942337120647607
,,0.6570945978164673,mask_Face+Scene_pure_random_01_mean,pure_matched_random,756,0.35808366537094116,E3_joint_redundancy,0.0,opencv_haar_e1,0.3503902554512024,0.7974349856376648,Face,42025,0.7359048128128052,Face+Scene,,,,,-0.11661562027297509,,12345,0.44847676757813676
,,0.7114705443382263,mask_Face+Scene_pure_random_01_mean,pure_matched_random,781,0.3066049814224243,E3_joint_redundancy,0.0,opencv_haar_e1,0.030966730788350105,0.6887666583061218,Face,16641,0.6338725686073303,Face+Scene,,,,,0.012455153673515964,,12345,0.39576305526352773
,,0.492855966091156,mask_Face+Scene_pure_random_01_mean,pure_matched_random,789,0.08185161650180817,E3_joint_redundancy,0.0,opencv_haar_e1,0.25997769832611084,0.67399662733078,Face,17424,0.673984944820404,Face+Scene,,,,,0.1449983181692909,,12345,0.22832324309316257
,,0.5942820310592651,mask_Face+Scene_pure_random_01_mean,pure_matched_random,973,0.2713753283023834,E3_joint_redundancy,0.0,opencv_haar_e1,0.2214694619178772,0.82877117395401,Face,52900,0.747328519821167,Face+Scene,,,,,-0.08048904377646618,,12345,0.3718216285776909
,,0.476523756980896,mask_Face+Scene_pure_random_02_mean,pure_matched_random,158,0.16241160035133362,E3_joint_redundancy,1.0,opencv_haar_e1,0.1459832489490509,0.7287611365318298,Face,33856,0.7710050344467163,Face+Scene,,,,,-0.1390384197661887,,12345,0.2358334496449237
,,0.540165364742279,mask_Face+Scene_pure_random_02_mean,pure_matched_random,287,0.14629730582237244,E3_joint_redundancy,1.0,opencv_haar_e1,0.12171199917793274,0.8247054815292358,Face,32761,0.7457276582717896,Face+Scene,,,,,0.06822308288107488,,12345,0.36857164531643866
,,0.5775820016860962,mask_Face+Scene_pure_random_02_mean,pure_matched_random,415,0.2650165259838104,E3_joint_redundancy,1.0,opencv_haar_e1,0.24518640339374542,0.7096468806266785,Face,30625,0.6595185399055481,Face+Scene,,,,,-0.08648868818977341,,12345,0.5421494472858297
,,0.4436279237270355,mask_Face+Scene_pure_random_02_mean,pure_matched_random,465,0.1977066844701767,E3_joint_redundancy,1.0,opencv_haar_e1,0.23029765486717224,0.7957850098609924,Face,24649,0.702823281288147,Face+Scene,,,,,-0.1335675799851958,,12345,0.23266045860814039
,,0.5898013114929199,mask_Face+Scene_pure_random_02_mean,pure_matched_random,529,0.25171855092048645,E3_joint_redundancy,0.0,opencv_haar_e1,0.35050392150878906,0.6738572716712952,Face,17161,0.6756820678710938,Face+Scene,,,,,0.0602937164531614,,12345,0.4260985098630269
,,0.593124508857727,mask_Face+Scene_pure_random_02_mean,pure_matched_random,678,0.17137551307678223,E3_joint_redundancy,1.0,opencv_haar_e1,0.42603161931037903,0.5652560591697693,Face,17956,0.6917381882667542,Face+Scene,,,,,-0.055531913773755284,,12345,0.26580563605870916
,,0.6487545967102051,mask_Face+Scene_pure_random_02_mean,pure_matched_random,756,0.291248083114624,E3_joint_redundancy,0.0,opencv_haar_e1,0.43599048256874084,0.7970135807991028,Face,42025,0.7316750288009644,Face+Scene,,,,,-0.1242060930250208,,12345,0.45351311414947537
,,0.7426048517227173,mask_Face+Scene_pure_random_02_mean,pure_matched_random,781,0.2856513559818268,E3_joint_redundancy,1.0,opencv_haar_e1,0.000995410606265068,0.695276141166687,Face,16641,0.6416267156600952,Face+Scene,,,,,-0.011635734588740388,,12345,0.4013292120003381
,,0.48566290736198425,mask_Face+Scene_pure_random_02_mean,pure_matched_random,789,0.08015398681163788,E3_joint_redundancy,1.0,opencv_haar_e1,0.3797367811203003,0.6599150896072388,Face,17424,0.6818362474441528,Face+Scene,,,,,0.1336059906481883,,12345,0.22703776404896023
,,0.7109735012054443,mask_Face+Scene_pure_random_02_mean,pure_matched_random,973,0.34906312823295593,E3_joint_redundancy,0.0,opencv_haar_e1,0.2783781588077545,0.7965276837348938,Face,52900,0.7343606352806091,Face+Scene,,,,,-0.06011582656001297,,12345,0.35442130876347483
,,0.45854103565216064,mask_Face+Scene_pure_random_03_mean,pure_matched_random,158,0.16004261374473572,E3_joint_redundancy,1.0,opencv_haar_e1,0.1584763377904892,0.718573272228241,Face,33856,0.7772162556648254,Face+Scene,,,,,-0.14881314494999906,,12345,0.21847629766312254
,,0.5521040558815002,mask_Face+Scene_pure_random_03_mean,pure_matched_random,287,0.14651158452033997,E3_joint_redundancy,0.0,opencv_haar_e1,0.13700872659683228,0.8233115673065186,Face,32761,0.6987430453300476,Face+Scene,,,,,0.07782753513916246,,12345,0.3334509666560559
,,0.578349232673645,mask_Face+Scene_pure_random_03_mean,pure_matched_random,415,0.26053479313850403,E3_joint_redundancy,0.0,opencv_haar_e1,0.18237555027008057,0.7010732293128967,Face,30625,0.6623131036758423,Face+Scene,,,,,-0.09267068967434561,,12345,0.5366897474892478
,,0.38033631443977356,mask_Face+Scene_pure_random_03_mean,pure_matched_random,465,0.2521936297416687,E3_joint_redundancy,1.0,opencv_haar_e1,0.3169548213481903,0.788367748260498,Face,24649,0.6844464540481567,Face+Scene,,,,,-0.11292726316390606,,12345,0.23659778251464317
,,0.6451242566108704,mask_Face+Scene_pure_random_03_mean,pure_matched_random,529,0.22439131140708923,E3_joint_redundancy,0.0,opencv_haar_e1,0.3400678336620331,0.6565561294555664,Face,17161,0.6794542074203491,Face+Scene,,,,,0.08453978348559145,,12345,0.42824161295290053
,,0.585870623588562,mask_Face+Scene_pure_random_03_mean,pure_matched_random,678,0.22064651548862457,E3_joint_redundancy,1.0,opencv_haar_e1,0.42965367436408997,0.5636582970619202,Face,17956,0.6933065056800842,Face+Scene,,,,,-0.06443112576636537,,12345,0.25524737152309585
,,0.7244059443473816,mask_Face+Scene_pure_random_03_mean,pure_matched_random,756,0.38605135679244995,E3_joint_redundancy,0.0,opencv_haar_e1,0.43102002143859863,0.7969679236412048,Face,42025,0.7419552206993103,Face+Scene,,,,,-0.1047011786730916,,12345,0.44087607857460875
,,0.7465051412582397,mask_Face+Scene_pure_random_03_mean,pure_matched_random,781,0.2864513695240021,E3_joint_redundancy,1.0,opencv_haar_e1,0.04443832114338875,0.7009713649749756,Face,16641,0.6397472023963928,Face+Scene,,,,,-0.011174584300646636,,12345,0.39651659454536214
,,0.47876977920532227,mask_Face+Scene_pure_random_03_mean,pure_matched_random,789,0.09217849373817444,E3_joint_redundancy,1.0,opencv_haar_e1,0.3755199909210205,0.6643897294998169,Face,17424,0.6789872646331787,Face+Scene,,,,,0.12165456736309638,,12345,0.22543917512903422
,,0.55694580078125,mask_Face+Scene_pure_random_03_mean,pure_matched_random,973,0.3361453413963318,E3_joint_redundancy,0.0,opencv_haar_e1,0.25681260228157043,0.8553116917610168,Face,52900,0.7653852105140686,Face+Scene,,,,,-0.09048545735888096,,12345,0.3956889467658877
,,0.4022226333618164,mask_Face+Scene_pure_random_04_mean,pure_matched_random,158,0.10419250279664993,E3_joint_redundancy,1.0,opencv_haar_e1,0.12314235419034958,0.7246620655059814,Face,33856,0.7834915518760681,Face+Scene,,,,,-0.09722987904415939,,12345,0.2396229657870729
,,0.49457404017448425,mask_Face+Scene_pure_random_04_mean,pure_matched_random,287,0.13364958763122559,E3_joint_redundancy,0.0,opencv_haar_e1,0.09106697142124176,0.8427298069000244,Face,32761,0.7248170375823975,Face+Scene,,,,,0.04645728727776804,,12345,0.35737680098146607
,,0.5878597497940063,mask_Face+Scene_pure_random_04_mean,pure_matched_random,415,0.21084141731262207,E3_joint_redundancy,0.0,opencv_haar_e1,0.2232515662908554,0.701879620552063,Face,30625,0.636180579662323,Face+Scene,,,,,-0.10644881367739148,,12345,0.5394750278369003
,,0.4373531639575958,mask_Face+Scene_pure_random_04_mean,pure_matched_random,465,0.2329666167497635,E3_joint_redundancy,1.0,opencv_haar_e1,0.2536246180534363,0.8002771735191345,Face,24649,0.6950132846832275,Face+Scene,,,,,-0.13348325090930555,,12345,0.23786044008492557
,,0.6303160786628723,mask_Face+Scene_pure_random_04_mean,pure_matched_random,529,0.2154853492975235,E3_joint_redundancy,1.0,opencv_haar_e1,0.275851309299469,0.6585465669631958,Face,17161,0.6760829091072083,Face+Scene,,,,,0.02854380102028493,,12345,0.42276230331799103
,,0.5787839889526367,mask_Face+Scene_pure_random_04_mean,pure_matched_random,678,0.14258377254009247,E3_joint_redundancy,1.0,opencv_haar_e1,0.4309283196926117,0.5586903095245361,Face,17956,0.6975331902503967,Face+Scene,,,,,-0.0433087129094477,,12345,0.2609467895544006
,,0.6962519884109497,mask_Face+Scene_pure_random_04_mean,pure_matched_random,756,0.32692933082580566,E3_joint_redundancy,0.0,opencv_haar_e1,0.4186371862888336,0.7952722311019897,Face,42025,0.716480553150177,Face+Scene,,,,,-0.09664034133801194,,12345,0.4379760209136345
,,0.7240175604820251,mask_Face+Scene_pure_random_04_mean,pure_matched_random,781,0.2720993757247925,E3_joint_redundancy,1.0,opencv_haar_e1,0.05469708517193794,0.7071608901023865,Face,16641,0.6349391937255859,Face+Scene,,,,,-0.0028486583404392003,,12345,0.3959223279088934
,,0.495856374502182,mask_Face+Scene_pure_random_04_mean,pure_matched_random,789,0.08561696857213974,E3_joint_redundancy,0.0,opencv_haar_e1,0.295519083738327,0.6727920770645142,Face,17424,0.6719653606414795,Face+Scene,,,,,0.13877633819612112,,12345,0.2285822896915875
,,0.6105455160140991,mask_Face+Scene_pure_random_04_mean,pure_matched_random,973,0.2718837261199951,E3_joint_redundancy,0.0,opencv_haar_e1,0.24685260653495789,0.8299071788787842,Face,52900,0.7472015619277954,Face+Scene,,,,,-0.07681599745626838,,12345,0.37631655785183815
,,0.46381598711013794,mask_Face+Scene_pure_random_05_mean,pure_matched_random,158,0.19501893222332,E3_joint_redundancy,1.0,opencv_haar_e1,0.1837686449289322,0.6961910724639893,Face,33856,0.7774617075920105,Face+Scene,,,,,-0.1371522890129913,,12345,0.24866537873155728
,,0.4985617399215698,mask_Face+Scene_pure_random_05_mean,pure_matched_random,287,0.1934647560119629,E3_joint_redundancy,1.0,opencv_haar_e1,0.057395026087760925,0.8366631269454956,Face,32761,0.7357771992683411,Face+Scene,,,,,0.039991943184830236,,12345,0.35250515336070093
,,0.5367199182510376,mask_Face+Scene_pure_random_05_mean,pure_matched_random,415,0.2205653339624405,E3_joint_redundancy,0.0,opencv_haar_e1,0.19290027022361755,0.7003280520439148,Face,30625,0.651884913444519,Face+Scene,,,,,-0.08253129926966735,,12345,0.534360863796452
,,0.35643237829208374,mask_Face+Scene_pure_random_05_mean,pure_matched_random,465,0.21613405644893646,E3_joint_redundancy,1.0,opencv_haar_e1,0.27383342385292053,0.8006247282028198,Face,24649,0.6917067766189575,Face+Scene,,,,,-0.1379919375755835,,12345,0.23094107792612822
,,0.6256696581840515,mask_Face+Scene_pure_random_05_mean,pure_matched_random,529,0.24105530977249146,E3_joint_redundancy,1.0,opencv_haar_e1,0.3352775573730469,0.660256028175354,Face,17161,0.667062520980835,Face+Scene,,,,,0.06410013746306953,,12345,0.3991006545773873
,,0.5858964323997498,mask_Face+Scene_pure_random_05_mean,pure_matched_random,678,0.15464723110198975,E3_joint_redundancy,1.0,opencv_haar_e1,0.43580910563468933,0.5677169561386108,Face,17956,0.6974387764930725,Face+Scene,,,,,-0.04205163721931216,,12345,0.2493025236789671
,,0.6990655660629272,mask_Face+Scene_pure_random_05_mean,pure_matched_random,756,0.30117884278297424,E3_joint_redundancy,0.0,opencv_haar_e1,0.4208334982395172,0.8004717230796814,Face,42025,0.7441428899765015,Face+Scene,,,,,-0.11869466067731628,,12345,0.43915537683884603
,,0.7106636762619019,mask_Face+Scene_pure_random_05_mean,pure_matched_random,781,0.2515118420124054,E3_joint_redundancy,0.0,opencv_haar_e1,0.048984333872795105,0.7059206962585449,Face,16641,0.6780869960784912,Face+Scene,,,,,0.008725767782261853,,12345,0.41387376347964605
,,0.5082114338874817,mask_Face+Scene_pure_random_05_mean,pure_matched_random,789,0.09791199862957001,E3_joint_redundancy,0.0,opencv_haar_e1,0.1416337937116623,0.6694574356079102,Face,17424,0.6815303564071655,Face+Scene,,,,,0.12663896239962322,,12345,0.2225142501441775
,,0.5516495704650879,mask_Face+Scene_pure_random_05_mean,pure_matched_random,973,0.3367971181869507,E3_joint_redundancy,0.0,opencv_haar_e1,0.27594366669654846,0.7911443710327148,Face,52900,0.7255107164382935,Face+Scene,,,,,-0.06624136208483977,,12345,0.373076393022539
,,0.4134334325790405,mask_Face_mean,target_roi,158,0.141388401389122,E3_joint_redundancy,1.0,opencv_haar_e1,0.07903605699539185,0.7186458110809326,Face,33856,0.7718362212181091,Face,,,,,-0.17368017189873813,,12345,0.2208327914741584
,,0.4976150095462799,mask_Face_mean,target_roi,287,0.1376868337392807,E3_joint_redundancy,0.0,opencv_haar_e1,0.1097351685166359,0.8317701816558838,Face,32761,0.7246325016021729,Face,,,,,0.05034493295868015,,12345,0.35825076837874453
,,0.5386171936988831,mask_Face_mean,target_roi,415,0.2429235875606537,E3_joint_redundancy,0.0,opencv_haar_e1,0.22129032015800476,0.702092707157135,Face,30625,0.6504877209663391,Face,,,,,-0.0968839359354801,,12345,0.5376330881383393
,,0.42064523696899414,mask_Face_mean,target_roi,465,0.20173127949237823,E3_joint_redundancy,0.0,opencv_haar_e1,0.2813267409801483,0.7990331053733826,Face,24649,0.6966612935066223,Face,,,,,-0.13081975193070947,,12345,0.236011079933342
,,0.6241698861122131,mask_Face_mean,target_roi,529,0.23413045704364777,E3_joint_redundancy,1.0,opencv_haar_e1,0.2843540906906128,0.6554491519927979,Face,17161,0.6741673350334167,Face,,,,,0.03506362737952926,,12345,0.4240288470218234
,,0.5938095450401306,mask_Face_mean,target_roi,678,0.08686614036560059,E3_joint_redundancy,1.0,opencv_haar_e1,0.4321202337741852,0.5610219240188599,Face,17956,0.6987826824188232,Face,,,,,-0.04992702254004846,,12345,0.25806370181103827
,,0.6228634119033813,mask_Face_mean,target_roi,756,0.38821107149124146,E3_joint_redundancy,0.0,opencv_haar_e1,0.3880452513694763,0.8029821515083313,Face,42025,0.7368431091308594,Face,,,,,-0.11929986430619614,,12345,0.43869675791605844
,,0.7322779893875122,mask_Face_mean,target_roi,781,0.32926222681999207,E3_joint_redundancy,0.0,opencv_haar_e1,0.12313156574964523,0.6962565779685974,Face,16641,0.6459342837333679,Face,,,,,0.0011466228632083697,,12345,0.3970448882304001
,,0.5110636353492737,mask_Face_mean,target_roi,789,0.0888046845793724,E3_joint_redundancy,0.0,opencv_haar_e1,0.2978072166442871,0.6756821274757385,Face,17424,0.6770801544189453,Face,,,,,0.14090948900513853,,12345,0.2291334815628003
,,0.5389006733894348,mask_Face_mean,target_roi,973,0.26758313179016113,E3_joint_redundancy,0.0,opencv_haar_e1,0.21312662959098816,0.8341274261474609,Face,52900,0.7446771860122681,Face,,,,,-0.0715910020271136,,12345,0.3662513096775326
,,0.43747109174728394,mask_Face_pure_random_01_mean,pure_matched_random,158,0.23828835785388947,E3_joint_redundancy,1.0,opencv_haar_e1,0.16720879077911377,0.723913848400116,Face,33856,0.7749567627906799,Face,,,,,-0.15038847421213133,,12345,0.21452007598647846
,,0.486594021320343,mask_Face_pure_random_01_mean,pure_matched_random,287,0.13047468662261963,E3_joint_redundancy,0.0,opencv_haar_e1,0.13014306128025055,0.8345093727111816,Face,32761,0.7268287539482117,Face,,,,,0.053559861588791786,,12345,0.3602254491432791
,,0.5167863965034485,mask_Face_pure_random_01_mean,pure_matched_random,415,0.3274560570716858,E3_joint_redundancy,0.0,opencv_haar_e1,0.29008910059928894,0.7338972687721252,Face,30625,0.6328877210617065,Face,,,,,-0.1378374495030587,,12345,0.5574646210561518
,,0.4529874622821808,mask_Face_pure_random_01_mean,pure_matched_random,465,0.18234355747699738,E3_joint_redundancy,1.0,opencv_haar_e1,0.2163223922252655,0.8126662969589233,Face,24649,0.699324369430542,Face,,,,,-0.11100542097542075,,12345,0.23055674986268218
,,0.6304788589477539,mask_Face_pure_random_01_mean,pure_matched_random,529,0.25647836923599243,E3_joint_redundancy,1.0,opencv_haar_e1,0.28924161195755005,0.6528562307357788,Face,17161,0.6767467260360718,Face,,,,,0.035653177498166634,,12345,0.42625983441271265
,,0.5734022259712219,mask_Face_pure_random_01_mean,pure_matched_random,678,0.10688325017690659,E3_joint_redundancy,1.0,opencv_haar_e1,0.43553823232650757,0.561086893081665,Face,17956,0.6965605616569519,Face,,,,,-0.04530437613102972,,12345,0.25524261341409404
,,0.6924655437469482,mask_Face_pure_random_01_mean,pure_matched_random,756,0.3513510823249817,E3_joint_redundancy,0.0,opencv_haar_e1,0.4538959562778473,0.7952569127082825,Face,42025,0.7100681066513062,Face,,,,,-0.10044989508294119,,12345,0.43397037758800133
,,0.7576189041137695,mask_Face_pure_random_01_mean,pure_matched_random,781,0.27782392501831055,E3_joint_redundancy,1.0,opencv_haar_e1,0.11694148182868958,0.7016398310661316,Face,16641,0.6588232517242432,Face,,,,,0.03249499677558046,,12345,0.41309593981973014
,,0.48988014459609985,mask_Face_pure_random_01_mean,pure_matched_random,789,0.10763633251190186,E3_joint_redundancy,0.0,opencv_haar_e1,0.32438012957572937,0.6639665365219116,Face,17424,0.6678643226623535,Face,,,,,0.13336663288867145,,12345,0.22812921648471068
,,0.5656165480613708,mask_Face_pure_random_01_mean,pure_matched_random,973,0.28803732991218567,E3_joint_redundancy,0.0,opencv_haar_e1,0.26079508662223816,0.8244131803512573,Face,52900,0.7433889508247375,Face,,,,,-0.07432677013746165,,12345,0.37272192554396116
,,0.4582805037498474,mask_Face_pure_random_02_mean,pure_matched_random,158,0.17765039205551147,E3_joint_redundancy,1.0,opencv_haar_e1,0.14635172486305237,0.7105473279953003,Face,33856,0.774061381816864,Face,,,,,-0.1465066681057306,,12345,0.21828039928311943
,,0.4832128584384918,mask_Face_pure_random_02_mean,pure_matched_random,287,0.13848602771759033,E3_joint_redundancy,0.0,opencv_haar_e1,0.12168367207050323,0.833782970905304,Face,32761,0.7269523739814758,Face,,,,,0.054871204580697996,,12345,0.36071818252755994
,,0.5763986110687256,mask_Face_pure_random_02_mean,pure_matched_random,415,0.21138253808021545,E3_joint_redundancy,0.0,opencv_haar_e1,0.17845217883586884,0.7032130360603333,Face,30625,0.6572421193122864,Face,,,,,-0.06852294698002999,,12345,0.5371233823512285
,,0.3693550229072571,mask_Face_pure_random_02_mean,pure_matched_random,465,0.1969180405139923,E3_joint_redundancy,1.0,opencv_haar_e1,0.17650684714317322,0.7980945706367493,Face,24649,0.7067731618881226,Face,,,,,-0.10753962485668772,,12345,0.23686194967537508
,,0.6296993494033813,mask_Face_pure_random_02_mean,pure_matched_random,529,0.23471038043498993,E3_joint_redundancy,1.0,opencv_haar_e1,0.29482364654541016,0.6524947285652161,Face,17161,0.6743055582046509,Face,,,,,0.0345885079067851,,12345,0.4248504119007111
,,0.5851513147354126,mask_Face_pure_random_02_mean,pure_matched_random,678,0.09878458827733994,E3_joint_redundancy,1.0,opencv_haar_e1,0.443143367767334,0.5589629411697388,Face,17956,0.7021690607070923,Face,,,,,-0.051641970616993896,,12345,0.25866227746469633
,,0.7395969033241272,mask_Face_pure_random_02_mean,pure_matched_random,756,0.44985324144363403,E3_joint_redundancy,0.0,opencv_haar_e1,0.38773930072784424,0.797008216381073,Face,42025,0.7409672141075134,Face,,,,,-0.10524782035540318,,12345,0.43973800506416594
,,0.7330716252326965,mask_Face_pure_random_02_mean,pure_matched_random,781,0.302116721868515,E3_joint_redundancy,0.0,opencv_haar_e1,-0.004561438225209713,0.6859123706817627,Face,16641,0.6330996155738831,Face,,,,,0.0024909325189095637,,12345,0.4010787999905134
,,0.5003507137298584,mask_Face_pure_random_02_mean,pure_matched_random,789,0.09324342012405396,E3_joint_redundancy,0.0,opencv_haar_e1,0.2712928354740143,0.6667755842208862,Face,17424,0.6678045988082886,Face,,,,,0.13666084568992193,,12345,0.228556305697101
,,0.5066128969192505,mask_Face_pure_random_02_mean,pure_matched_random,973,0.22957342863082886,E3_joint_redundancy,0.0,opencv_haar_e1,0.23632726073265076,0.834281325340271,Face,52900,0.7447362542152405,Face,,,,,-0.09085907440234749,,12345,0.36715794072471875
,,0.5117180943489075,mask_Face_pure_random_03_mean,pure_matched_random,158,0.10337629914283752,E3_joint_redundancy,1.0,opencv_haar_e1,0.14063814282417297,0.721614420413971,Face,33856,0.8034111857414246,Face,,,,,-0.14702898185625043,,12345,0.24688189429820123
,,0.49597546458244324,mask_Face_pure_random_03_mean,pure_matched_random,287,0.13829189538955688,E3_joint_redundancy,0.0,opencv_haar_e1,0.1605263650417328,0.8305919766426086,Face,32761,0.7260051369667053,Face,,,,,0.04709438116399437,,12345,0.35924648360697825
,,0.5843308568000793,mask_Face_pure_random_03_mean,pure_matched_random,415,0.21048443019390106,E3_joint_redundancy,0.0,opencv_haar_e1,0.22204944491386414,0.7041552662849426,Face,30625,0.6408815979957581,Face,,,,,-0.10450048570312756,,12345,0.5360296154819633
,,0.4297798275947571,mask_Face_pure_random_03_mean,pure_matched_random,465,0.18769170343875885,E3_joint_redundancy,0.0,opencv_haar_e1,0.3127739131450653,0.7961049675941467,Face,24649,0.6973854303359985,Face,,,,,-0.13324306361686664,,12345,0.2323106280588886
,,0.6131142973899841,mask_Face_pure_random_03_mean,pure_matched_random,529,0.23570634424686432,E3_joint_redundancy,1.0,opencv_haar_e1,0.29334592819213867,0.6566258668899536,Face,17161,0.6689032912254333,Face,,,,,0.02658490276986135,,12345,0.4296868193768433
,,0.5907095074653625,mask_Face_pure_random_03_mean,pure_matched_random,678,0.1271761953830719,E3_joint_redundancy,1.0,opencv_haar_e1,0.43841099739074707,0.5723397731781006,Face,17956,0.6931122541427612,Face,,,,,-0.052012592190356616,,12345,0.2587662682976667
,,0.634016215801239,mask_Face_pure_random_03_mean,pure_matched_random,756,0.37735044956207275,E3_joint_redundancy,0.0,opencv_haar_e1,0.41347527503967285,0.7993264198303223,Face,42025,0.7211540937423706,Face,,,,,-0.11429379500151635,,12345,0.44196586332343507
,,0.7130861282348633,mask_Face_pure_random_03_mean,pure_matched_random,781,0.36379241943359375,E3_joint_redundancy,0.0,opencv_haar_e1,0.08862480521202087,0.6951338052749634,Face,16641,0.6706475615501404,Face,,,,,0.03526640782265635,,12345,0.40309914415410736
,,0.49045008420944214,mask_Face_pure_random_03_mean,pure_matched_random,789,0.13346457481384277,E3_joint_redundancy,0.0,opencv_haar_e1,0.2468690276145935,0.6755306124687195,Face,17424,0.6778713464736938,Face,,,,,0.1393603011450305,,12345,0.2268229598977184
,,0.5347793102264404,mask_Face_pure_random_03_mean,pure_matched_random,973,0.2550969123840332,E3_joint_redundancy,0.0,opencv_haar_e1,0.26674944162368774,0.8214739561080933,Face,52900,0.7448013424873352,Face,,,,,-0.06523369958334284,,12345,0.3767419959479101
,,0.4292020797729492,mask_Face_pure_random_04_mean,pure_matched_random,158,0.15181465446949005,E3_joint_redundancy,1.0,opencv_haar_e1,0.07552675902843475,0.7330921292304993,Face,33856,0.7787107825279236,Face,,,,,-0.1777664230364745,,12345,0.22095007024724822
,,0.4622686803340912,mask_Face_pure_random_04_mean,pure_matched_random,287,0.08847048133611679,E3_joint_redundancy,0.0,opencv_haar_e1,0.15174689888954163,0.8358174562454224,Face,32761,0.7177106142044067,Face,,,,,0.05231339906882373,,12345,0.3538359613814635
,,0.5691346526145935,mask_Face_pure_random_04_mean,pure_matched_random,415,0.20563669502735138,E3_joint_redundancy,0.0,opencv_haar_e1,0.2131192833185196,0.7029621601104736,Face,30625,0.6463932991027832,Face,,,,,-0.09548478670211721,,12345,0.5307981513956332
,,0.429891973733902,mask_Face_pure_random_04_mean,pure_matched_random,465,0.1760808378458023,E3_joint_redundancy,0.0,opencv_haar_e1,0.29625582695007324,0.7993394136428833,Face,24649,0.6987120509147644,Face,,,,,-0.13916639521944824,,12345,0.2368452527168019
,,0.6194597482681274,mask_Face_pure_random_04_mean,pure_matched_random,529,0.23258155584335327,E3_joint_redundancy,1.0,opencv_haar_e1,0.3003966510295868,0.6505329012870789,Face,17161,0.6776425242424011,Face,,,,,0.03518082432946415,,12345,0.4252483009376811
,,0.591138482093811,mask_Face_pure_random_04_mean,pure_matched_random,678,0.10772033780813217,E3_joint_redundancy,1.0,opencv_haar_e1,0.4344022274017334,0.5592180490493774,Face,17956,0.694954514503479,Face,,,,,-0.05403549661134093,,12345,0.2570981318087564
,,0.7070767879486084,mask_Face_pure_random_04_mean,pure_matched_random,756,0.28437644243240356,E3_joint_redundancy,0.0,opencv_haar_e1,0.41348063945770264,0.7933472394943237,Face,42025,0.711543083190918,Face,,,,,-0.1040306197950274,,12345,0.43744699118638164
,,0.703161895275116,mask_Face_pure_random_04_mean,pure_matched_random,781,0.30951327085494995,E3_joint_redundancy,0.0,opencv_haar_e1,0.08903668820858002,0.6984577178955078,Face,16641,0.6458696722984314,Face,,,,,0.004577541250740487,,12345,0.3993803857600302
,,0.4974747896194458,mask_Face_pure_random_04_mean,pure_matched_random,789,0.09668704867362976,E3_joint_redundancy,0.0,opencv_haar_e1,0.29462432861328125,0.6728276610374451,Face,17424,0.6724925637245178,Face,,,,,0.14349071380946832,,12345,0.22854381933291767
,,0.5719290971755981,mask_Face_pure_random_04_mean,pure_matched_random,973,0.2784900665283203,E3_joint_redundancy,0.0,opencv_haar_e1,0.22545871138572693,0.8358501195907593,Face,52900,0.747343122959137,Face,,,,,-0.07815161231797692,,12345,0.37135888683255897
,,0.4516959488391876,mask_Face_pure_random_05_mean,pure_matched_random,158,0.16663268208503723,E3_joint_redundancy,1.0,opencv_haar_e1,0.18932944536209106,0.7097806334495544,Face,33856,0.7784807682037354,Face,,,,,-0.13596621797463954,,12345,0.2514710395379542
,,0.48643821477890015,mask_Face_pure_random_05_mean,pure_matched_random,287,0.1344689279794693,E3_joint_redundancy,0.0,opencv_haar_e1,0.1334315538406372,0.8315710425376892,Face,32761,0.7254241704940796,Face,,,,,0.04689799312183352,,12345,0.35836603550246154
,,0.528301477432251,mask_Face_pure_random_05_mean,pure_matched_random,415,0.28545162081718445,E3_joint_redundancy,0.0,opencv_haar_e1,0.15715251863002777,0.7410913705825806,Face,30625,0.6296538710594177,Face,,,,,-0.14377539868012015,,12345,0.5597824504697492
,,0.4316903054714203,mask_Face_pure_random_05_mean,pure_matched_random,465,0.18936294317245483,E3_joint_redundancy,1.0,opencv_haar_e1,0.21620704233646393,0.8127664923667908,Face,24649,0.7045580744743347,Face,,,,,-0.12473672094927711,,12345,0.23734080812410271
,,0.6132848262786865,mask_Face_pure_random_05_mean,pure_matched_random,529,0.2183402180671692,E3_joint_redundancy,1.0,opencv_haar_e1,0.31557172536849976,0.6575170159339905,Face,17161,0.667938768863678,Face,,,,,0.025391140420887012,,12345,0.4334588914680199
,,0.6367120742797852,mask_Face_pure_random_05_mean,pure_matched_random,678,0.19866302609443665,E3_joint_redundancy,1.0,opencv_haar_e1,0.548416256904602,0.5763405561447144,Face,17956,0.6792691946029663,Face,,,,,-0.061832571584195896,,12345,0.2582633838211731
,,0.7006171345710754,mask_Face_pure_random_05_mean,pure_matched_random,756,0.34778106212615967,E3_joint_redundancy,0.0,opencv_haar_e1,0.4081742763519287,0.7932260036468506,Face,42025,0.7252283692359924,Face,,,,,-0.09621634660672136,,12345,0.43049642114064063
,,0.7437760233879089,mask_Face_pure_random_05_mean,pure_matched_random,781,0.2700481116771698,E3_joint_redundancy,0.0,opencv_haar_e1,0.006574222818017006,0.698686957359314,Face,16641,0.6469131708145142,Face,,,,,-0.005992568396672558,,12345,0.4063785578486086
,,0.49086010456085205,mask_Face_pure_random_05_mean,pure_matched_random,789,0.07925769686698914,E3_joint_redundancy,0.0,opencv_haar_e1,0.26392731070518494,0.6689467430114746,Face,17424,0.683412492275238,Face,,,,,0.1331926898449925,,12345,0.22768532037420577
,,0.5596407055854797,mask_Face_pure_random_05_mean,pure_matched_random,973,0.3489694595336914,E3_joint_redundancy,0.0,opencv_haar_e1,0.2784731984138489,0.7910423278808594,Face,52900,0.7371281385421753,Face,,,,,-0.07000857795534794,,12345,0.35130764707207585
,,0.4155861735343933,no_mask,none,158,0.12675678730010986,E3_joint_redundancy,1.0,opencv_haar_e1,0.09172680228948593,0.7233550548553467,Face,33856,0.7729016542434692,none,,,,,-0.17304165666007998,,12345,0.22128520713083988
,,0.49426043033599854,no_mask,none,287,0.14112772047519684,E3_joint_redundancy,0.0,opencv_haar_e1,0.11098871380090714,0.8305163383483887,Face,32761,0.7255535125732422,none,,,,,0.04858096490553917,,12345,0.3577018346179279
,,0.5286333560943604,no_mask,none,415,0.250287264585495,E3_joint_redundancy,0.0,opencv_haar_e1,0.23218600451946259,0.7023121118545532,Face,30625,0.6506620049476624,none,,,,,-0.09667515178340398,,12345,0.5372379786546028
,,0.4359135031700134,no_mask,none,465,0.232976034283638,E3_joint_redundancy,1.0,opencv_haar_e1,0.2879501283168793,0.7993501424789429,Face,24649,0.6966588497161865,none,,,,,-0.12671766509080643,,12345,0.2376999399621919
,,0.6299589276313782,no_mask,none,529,0.23512956500053406,E3_joint_redundancy,1.0,opencv_haar_e1,0.2786369323730469,0.6563475728034973,Face,17161,0.6784005165100098,none,,,,,0.03488391632792293,,12345,0.425594475209944
,,0.5726999044418335,no_mask,none,678,0.10372084379196167,E3_joint_redundancy,1.0,opencv_haar_e1,0.43781253695487976,0.561542272567749,Face,17956,0.6979504823684692,none,,,,,-0.04671807676319623,,12345,0.25916465226883734
,,0.6528425812721252,no_mask,none,756,0.35810741782188416,E3_joint_redundancy,0.0,opencv_haar_e1,0.36466413736343384,0.8037539720535278,Face,42025,0.7360385060310364,none,,,,,-0.11654148346446937,,12345,0.4405715666995325
,,0.7278693318367004,no_mask,none,781,0.3291642665863037,E3_joint_redundancy,0.0,opencv_haar_e1,0.11531533300876617,0.6968536376953125,Face,16641,0.6471989154815674,none,,,,,0.005920772639721124,,12345,0.4000028935713823
,,0.4892393946647644,no_mask,none,789,0.09410572052001953,E3_joint_redundancy,0.0,opencv_haar_e1,0.28745272755622864,0.674533486366272,Face,17424,0.6766179203987122,none,,,,,0.14141374178490626,,12345,0.22854812889963716
,,0.5470852255821228,no_mask,none,973,0.26016777753829956,E3_joint_redundancy,0.0,opencv_haar_e1,0.20547251403331757,0.8332717418670654,Face,52900,0.7436922192573547,none,,,,,-0.07107759013264661,,12345,0.3655005521876332
,,0.4155861735343933,no_mask_repeat,none,158,0.12675678730010986,E3_joint_redundancy,1.0,opencv_haar_e1,0.09172680228948593,0.7233550548553467,Face,33856,0.7729016542434692,none,,,,,-0.17304165666007998,,12345,0.22128520713083988
,,0.49426043033599854,no_mask_repeat,none,287,0.14112772047519684,E3_joint_redundancy,0.0,opencv_haar_e1,0.11098871380090714,0.8305163383483887,Face,32761,0.7255535125732422,none,,,,,0.04858096490553917,,12345,0.3577018346179279
,,0.5286333560943604,no_mask_repeat,none,415,0.250287264585495,E3_joint_redundancy,0.0,opencv_haar_e1,0.23218600451946259,0.7023121118545532,Face,30625,0.6506620049476624,none,,,,,-0.09667515178340398,,12345,0.5372379786546028
,,0.4359135031700134,no_mask_repeat,none,465,0.232976034283638,E3_joint_redundancy,1.0,opencv_haar_e1,0.2879501283168793,0.7993501424789429,Face,24649,0.6966588497161865,none,,,,,-0.12671766509080643,,12345,0.2376999399621919
,,0.6299589276313782,no_mask_repeat,none,529,0.23512956500053406,E3_joint_redundancy,1.0,opencv_haar_e1,0.2786369323730469,0.6563475728034973,Face,17161,0.6784005165100098,none,,,,,0.03488391632792293,,12345,0.425594475209944
,,0.5726999044418335,no_mask_repeat,none,678,0.10372084379196167,E3_joint_redundancy,1.0,opencv_haar_e1,0.43781253695487976,0.561542272567749,Face,17956,0.6979504823684692,none,,,,,-0.04671807676319623,,12345,0.25916465226883734
,,0.6528425812721252,no_mask_repeat,none,756,0.35810741782188416,E3_joint_redundancy,0.0,opencv_haar_e1,0.36466413736343384,0.8037539720535278,Face,42025,0.7360385060310364,none,,,,,-0.11654148346446937,,12345,0.4405715666995325
,,0.7278693318367004,no_mask_repeat,none,781,0.3291642665863037,E3_joint_redundancy,0.0,opencv_haar_e1,0.11531533300876617,0.6968536376953125,Face,16641,0.6471989154815674,none,,,,,0.005920772639721124,,12345,0.4000028935713823
,,0.4892393946647644,no_mask_repeat,none,789,0.09410572052001953,E3_joint_redundancy,0.0,opencv_haar_e1,0.28745272755622864,0.674533486366272,Face,17424,0.6766179203987122,none,,,,,0.14141374178490626,,12345,0.22854812889963716
,,0.5470852255821228,no_mask_repeat,none,973,0.26016777753829956,E3_joint_redundancy,0.0,opencv_haar_e1,0.20547251403331757,0.8332717418670654,Face,52900,0.7436922192573547,none,,,,,-0.07107759013264661,,12345,0.3655005521876332
,,0.7509658336639404,mask_Body+Scene_mean,target_roi,21,0.5865535140037537,E3_joint_redundancy,,,,,Body,71883,0.657307505607605,Body+Scene,0.400034099817276,0.40472355484962463,coco_polygon,0.23419336085848289,0.06072180598807139,,12345,0.22394407840028285
,,0.7375730276107788,mask_Body+Scene_mean,target_roi,40,0.2638947069644928,E3_joint_redundancy,,,,,Body,44563,0.5812844038009644,Body+Scene,0.16401761770248413,0.24851728975772858,coco_polygon,-0.18130917235884983,0.2384751814954081,,12345,0.6999740074458
,,0.39589136838912964,mask_Body+Scene_mean,target_roi,220,0.02260904386639595,E3_joint_redundancy,,,,,Body,71775,0.7100672721862793,Body+Scene,0.07446661591529846,0.4002194404602051,coco_polygon,-0.17229925579410071,-0.15458763396804248,,12345,0.41871227522161397
,,0.6253042817115784,mask_Body+Scene_mean,target_roi,366,0.07988490164279938,E3_joint_redundancy,,,,,Body,46652,0.743333637714386,Body+Scene,0.19622372090816498,0.3004612922668457,coco_polygon,0.20069696902982198,-0.11384120118851887,,12345,0.3916008881545084
,,0.4092697501182556,mask_Body+Scene_mean,target_roi,474,0.1012272834777832,E3_joint_redundancy,,,,,Body,54856,0.6659726500511169,Body+Scene,0.29254618287086487,0.3227499723434448,coco_polygon,0.3095019869996187,0.22079403215244248,,12345,0.24144598151665464
,,0.4612533152103424,mask_Body+Scene_mean,target_roi,716,-0.024940285831689835,E3_joint_redundancy,,,,,Body,63805,0.6749926209449768,Body+Scene,0.24110715091228485,0.32642677426338196,coco_polygon,-0.02820662808171304,-0.09815622280148535,,12345,0.21952885824327106
,,0.40237605571746826,mask_Body+Scene_mean,target_roi,816,0.10803769528865814,E3_joint_redundancy,,,,,Body,110182,0.6789635419845581,Body+Scene,0.18459764122962952,0.5744355916976929,coco_polygon,-0.03006244388433785,-0.08224401089909517,,12345,0.20292668575787776
,,0.6394417881965637,mask_Body+Scene_mean,target_roi,847,0.16140982508659363,E3_joint_redundancy,,,,,Body,48302,0.6974097490310669,Body+Scene,0.23279304802417755,0.2959152162075043,coco_polygon,-0.18441634110468674,-0.0374880738385118,,12345,0.2759375853154884
,,0.7324108481407166,mask_Body+Scene_mean,target_roi,931,0.7445080280303955,E3_joint_redundancy,,,,,Body,70051,0.6697869300842285,Body+Scene,0.7121326327323914,0.41348499059677124,coco_bbox_fallback_for_rle,0.11607061905886505,0.08162185726290883,,12345,0.2924101936750967
,,0.5162649154663086,mask_Body+Scene_mean,target_roi,941,0.11532501131296158,E3_joint_redundancy,,,,,Body,51802,0.6645101308822632,Body+Scene,0.17355240881443024,0.31443682312965393,coco_polygon,-0.04618482798889852,-0.05732469137162337,,12345,0.34070056544247984
,,0.7530360221862793,mask_Body+Scene_pure_random_01_mean,pure_matched_random,21,0.607714831829071,E3_joint_redundancy,,,,,Body,71883,0.6657165288925171,Body+Scene,0.48283177614212036,0.40697580575942993,coco_polygon,0.23154531686287383,0.051512145599141065,,12345,0.22716593631623538
,,0.7582792043685913,mask_Body+Scene_pure_random_01_mean,pure_matched_random,40,0.2250438630580902,E3_joint_redundancy,,,,,Body,44563,0.5677326321601868,Body+Scene,0.15351134538650513,0.24907483160495758,coco_polygon,-0.16319425221555325,0.25191824147868624,,12345,0.7065110731768813
,,0.4341927170753479,mask_Body+Scene_pure_random_01_mean,pure_matched_random,220,0.04816018417477608,E3_joint_redundancy,,,,,Body,71775,0.6779156923294067,Body+Scene,0.14193736016750336,0.42585673928260803,coco_polygon,-0.19228653482031607,-0.15554156943981362,,12345,0.4470448043554859
,,0.6957314014434814,mask_Body+Scene_pure_random_01_mean,pure_matched_random,366,0.2682097256183624,E3_joint_redundancy,,,,,Body,46652,0.7356470227241516,Body+Scene,0.28428342938423157,0.29457199573516846,coco_polygon,0.2488458933258538,-0.06488717125584906,,12345,0.3782487108223812
,,0.4792857766151428,mask_Body+Scene_pure_random_01_mean,pure_matched_random,474,0.13792477548122406,E3_joint_redundancy,,,,,Body,54856,0.6570641994476318,Body+Scene,0.3558332622051239,0.3343029022216797,coco_polygon,0.3128502644593639,0.22624968457718325,,12345,0.24713960859943687
,,0.44351136684417725,mask_Body+Scene_pure_random_01_mean,pure_matched_random,716,0.04156060144305229,E3_joint_redundancy,,,,,Body,63805,0.665709376335144,Body+Scene,0.2664037346839905,0.318553626537323,coco_polygon,-0.03133919186458879,-0.05008567008459377,,12345,0.22371159284336795
,,0.3290470242500305,mask_Body+Scene_pure_random_01_mean,pure_matched_random,816,0.1260351985692978,E3_joint_redundancy,,,,,Body,110182,0.6789125204086304,Body+Scene,0.2065068632364273,0.5775867700576782,coco_polygon,-0.03152753264782864,-0.07548467435198208,,12345,0.19896075092054666
,,0.6753218770027161,mask_Body+Scene_pure_random_01_mean,pure_matched_random,847,0.1664544641971588,E3_joint_redundancy,,,,,Body,48302,0.6711586713790894,Body+Scene,0.29046255350112915,0.2712894678115845,coco_polygon,-0.2049544536230189,-0.017862528764452913,,12345,0.30098907048159484
,,0.7422701120376587,mask_Body+Scene_pure_random_01_mean,pure_matched_random,931,0.7449371218681335,E3_joint_redundancy,,,,,Body,70051,0.6486039161682129,Body+Scene,0.6820700764656067,0.4020640552043915,coco_bbox_fallback_for_rle,0.14912043585336937,0.11197057570003013,,12345,0.27597939923277914
,,0.6246187090873718,mask_Body+Scene_pure_random_01_mean,pure_matched_random,941,0.2515232563018799,E3_joint_redundancy,,,,,Body,51802,0.6714612245559692,Body+Scene,0.23624922335147858,0.3246150016784668,coco_polygon,-0.035827841484904845,-0.00154125443134568,,12345,0.33389931354086977
,,0.754122793674469,mask_Body+Scene_pure_random_02_mean,pure_matched_random,21,0.6213147640228271,E3_joint_redundancy,,,,,Body,71883,0.6621889472007751,Body+Scene,0.48885247111320496,0.407045841217041,coco_polygon,0.23329225085256333,0.06291649914943588,,12345,0.22265576650549077
,,0.7303533554077148,mask_Body+Scene_pure_random_02_mean,pure_matched_random,40,0.2562323808670044,E3_joint_redundancy,,,,,Body,44563,0.5738851428031921,Body+Scene,0.17727085947990417,0.2542583644390106,coco_polygon,-0.1643292661747588,0.24810812770578292,,12345,0.7064276769981601
,,0.5091964602470398,mask_Body+Scene_pure_random_02_mean,pure_matched_random,220,0.0880884975194931,E3_joint_redundancy,,,,,Body,71775,0.65595543384552,Body+Scene,0.20146256685256958,0.4076627492904663,coco_polygon,-0.22838750028080232,-0.1796846933366326,,12345,0.44380846419746967
,,0.7569040656089783,mask_Body+Scene_pure_random_02_mean,pure_matched_random,366,0.30483028292655945,E3_joint_redundancy,,,,,Body,46652,0.7311238050460815,Body+Scene,0.28338661789894104,0.2946140468120575,coco_polygon,0.2664344618433063,-0.1063499170784652,,12345,0.3512778266160078
,,0.3895518183708191,mask_Body+Scene_pure_random_02_mean,pure_matched_random,474,0.13268285989761353,E3_joint_redundancy,,,,,Body,54856,0.6523453593254089,Body+Scene,0.2987276613712311,0.3363268971443176,coco_polygon,0.31151797812066756,0.22279933662244097,,12345,0.24330083062151145
,,0.4738389253616333,mask_Body+Scene_pure_random_02_mean,pure_matched_random,716,0.04781040549278259,E3_joint_redundancy,,,,,Body,63805,0.6649627089500427,Body+Scene,0.34501123428344727,0.31963294744491577,coco_polygon,-0.0011489431203746995,-0.04251726775492954,,12345,0.21168993407637804
,,0.3386496305465698,mask_Body+Scene_pure_random_02_mean,pure_matched_random,816,0.126413494348526,E3_joint_redundancy,,,,,Body,110182,0.6785092353820801,Body+Scene,0.23611517250537872,0.5784552097320557,coco_polygon,-0.03314415508267823,-0.0776592474860255,,12345,0.1979748323655824
,,0.6488811373710632,mask_Body+Scene_pure_random_02_mean,pure_matched_random,847,0.21497122943401337,E3_joint_redundancy,,,,,Body,48302,0.6738568544387817,Body+Scene,0.1708565503358841,0.28609752655029297,coco_polygon,-0.20529432572605666,-0.027249162411519874,,12345,0.28958363156380545
,,0.7560425996780396,mask_Body+Scene_pure_random_02_mean,pure_matched_random,931,0.7130879759788513,E3_joint_redundancy,,,,,Body,70051,0.65941321849823,Body+Scene,0.6871559023857117,0.41180336475372314,coco_bbox_fallback_for_rle,0.21036171614419152,0.12647704856991,,12345,0.29056656042539514
,,0.5745410323143005,mask_Body+Scene_pure_random_02_mean,pure_matched_random,941,0.21902410686016083,E3_joint_redundancy,,,,,Body,51802,0.6683542132377625,Body+Scene,0.22945518791675568,0.319877952337265,coco_polygon,-0.032212571189916356,0.0019309554128337618,,12345,0.3326797912193217
,,0.7418922185897827,mask_Body+Scene_pure_random_03_mean,pure_matched_random,21,0.5971572399139404,E3_joint_redundancy,,,,,Body,71883,0.6533198356628418,Body+Scene,0.4771673083305359,0.4006294012069702,coco_polygon,0.2242887558282796,0.055493996808161146,,12345,0.22480500737243211
,,0.7524190545082092,mask_Body+Scene_pure_random_03_mean,pure_matched_random,40,0.2283574938774109,E3_joint_redundancy,,,,,Body,44563,0.5694032907485962,Body+Scene,0.14828263223171234,0.24739916622638702,coco_polygon,-0.1647815629940043,0.2510292398051447,,12345,0.7068478834316287
,,0.44917911291122437,mask_Body+Scene_pure_random_03_mean,pure_matched_random,220,0.0785893127322197,E3_joint_redundancy,,,,,Body,71775,0.6853652000427246,Body+Scene,0.09550867974758148,0.4015515446662903,coco_polygon,-0.17344626117833076,-0.11790459900203329,,12345,0.42182736624984146
,,0.6482114791870117,mask_Body+Scene_pure_random_03_mean,pure_matched_random,366,0.17344701290130615,E3_joint_redundancy,,,,,Body,46652,0.7379777431488037,Body+Scene,0.40394124388694763,0.2944571375846863,coco_polygon,0.2025661125733357,-0.09026991700854187,,12345,0.4028868397349783
,,0.42225515842437744,mask_Body+Scene_pure_random_03_mean,pure_matched_random,474,0.13215593993663788,E3_joint_redundancy,,,,,Body,54856,0.65198814868927,Body+Scene,0.2798878252506256,0.3270428478717804,coco_polygon,0.30791741562611613,0.23528265738011747,,12345,0.24171345955664822
,,0.4519442319869995,mask_Body+Scene_pure_random_03_mean,pure_matched_random,716,0.001250400673598051,E3_joint_redundancy,,,,,Body,63805,0.6866598129272461,Body+Scene,0.22918963432312012,0.32838788628578186,coco_polygon,-0.03165907922949265,-0.08265134778121555,,12345,0.21675424879125288
,,0.4090273380279541,mask_Body+Scene_pure_random_03_mean,pure_matched_random,816,0.16069427132606506,E3_joint_redundancy,,,,,Body,110182,0.6800756454467773,Body+Scene,0.26684191823005676,0.5805408358573914,coco_polygon,-0.03997014418566413,-0.0869292363013674,,12345,0.19684846254276323
,,0.6372565627098083,mask_Body+Scene_pure_random_03_mean,pure_matched_random,847,0.18341243267059326,E3_joint_redundancy,,,,,Body,48302,0.6513852477073669,Body+Scene,0.13299816846847534,0.2716990113258362,coco_polygon,-0.1598338363326812,-0.0035955241839524836,,12345,0.307214675355709
,,0.7206888198852539,mask_Body+Scene_pure_random_03_mean,pure_matched_random,931,0.7271804809570312,E3_joint_redundancy,,,,,Body,70051,0.6680095195770264,Body+Scene,0.6502830982208252,0.4153409004211426,coco_bbox_fallback_for_rle,0.18757060075570228,0.13014004996394474,,12345,0.28616349775222394
,,0.4893449544906616,mask_Body+Scene_pure_random_03_mean,pure_matched_random,941,0.095625139772892,E3_joint_redundancy,,,,,Body,51802,0.6622110605239868,Body+Scene,0.1567968726158142,0.3140025734901428,coco_polygon,-0.026034664689475486,-0.055349424731781074,,12345,0.34340013718265655
,,0.7675104737281799,mask_Body+Scene_pure_random_04_mean,pure_matched_random,21,0.6017886400222778,E3_joint_redundancy,,,,,Body,71883,0.6607580780982971,Body+Scene,0.4015312194824219,0.40326374769210815,coco_polygon,0.2376807784057589,0.06696669110966028,,12345,0.22466224294153098
,,0.7156673073768616,mask_Body+Scene_pure_random_04_mean,pure_matched_random,40,0.23513031005859375,E3_joint_redundancy,,,,,Body,44563,0.5815582871437073,Body+Scene,0.17415721714496613,0.2536270022392273,coco_polygon,-0.16189474942988902,0.2442226529669799,,12345,0.7039143849000031
,,0.3713955283164978,mask_Body+Scene_pure_random_04_mean,pure_matched_random,220,0.035982780158519745,E3_joint_redundancy,,,,,Body,71775,0.7061329483985901,Body+Scene,0.12202933430671692,0.4146808981895447,coco_polygon,-0.16024359521838757,-0.13609342772938293,,12345,0.41952670438144246
,,0.6902538537979126,mask_Body+Scene_pure_random_04_mean,pure_matched_random,366,0.17072142660617828,E3_joint_redundancy,,,,,Body,46652,0.7289483547210693,Body+Scene,0.3640371859073639,0.30138099193573,coco_polygon,0.18086351232170925,-0.1344454240681937,,12345,0.39185147567044976
,,0.41203048825263977,mask_Body+Scene_pure_random_04_mean,pure_matched_random,474,0.09173746407032013,E3_joint_redundancy,,,,,Body,54856,0.6728612184524536,Body+Scene,0.3343850374221802,0.3292718231678009,coco_polygon,0.31164254643294687,0.1984387577423427,,12345,0.22716091243415676
,,0.4150843620300293,mask_Body+Scene_pure_random_04_mean,pure_matched_random,716,0.00402325764298439,E3_joint_redundancy,,,,,Body,63805,0.6674755811691284,Body+Scene,0.19220435619354248,0.318683385848999,coco_polygon,-0.033474767213929404,-0.06701401162920426,,12345,0.21199196252795174
,,0.398299902677536,mask_Body+Scene_pure_random_04_mean,pure_matched_random,816,0.13670843839645386,E3_joint_redundancy,,,,,Body,110182,0.6760275363922119,Body+Scene,0.2219444364309311,0.5826438069343567,coco_polygon,-0.03030394325444339,-0.0812992666684577,,12345,0.20000803894710692
,,0.634184718132019,mask_Body+Scene_pure_random_04_mean,pure_matched_random,847,0.25466471910476685,E3_joint_redundancy,,,,,Body,48302,0.6650834083557129,Body+Scene,0.21408933401107788,0.28193628787994385,coco_polygon,-0.20234602709354665,-0.014648349247856633,,12345,0.29801688476340715
,,0.7316442728042603,mask_Body+Scene_pure_random_04_mean,pure_matched_random,931,0.736794114112854,E3_joint_redundancy,,,,,Body,70051,0.6449679732322693,Body+Scene,0.6348114609718323,0.4184117913246155,coco_bbox_fallback_for_rle,0.15799534302507212,0.11458457678198891,,12345,0.28538283158946876
,,0.5151817798614502,mask_Body+Scene_pure_random_04_mean,pure_matched_random,941,0.14067251980304718,E3_joint_redundancy,,,,,Body,51802,0.6718596816062927,Body+Scene,0.1800755262374878,0.31803297996520996,coco_polygon,-0.03645099017702125,-0.043720804751602324,,12345,0.34316409996302705
,,0.7715981602668762,mask_Body+Scene_pure_random_05_mean,pure_matched_random,21,0.6046231985092163,E3_joint_redundancy,,,,,Body,71883,0.6635909080505371,Body+Scene,0.46313735842704773,0.4049980640411377,coco_polygon,0.23604598235529972,0.05433670696826042,,12345,0.22697271172955702
,,0.6967979669570923,mask_Body+Scene_pure_random_05_mean,pure_matched_random,40,0.20810441672801971,E3_joint_redundancy,,,,,Body,44563,0.5768449902534485,Body+Scene,0.17212799191474915,0.25026389956474304,coco_polygon,-0.1636509992269945,0.2436103991214232,,12345,0.7031243508096173
,,0.4113945960998535,mask_Body+Scene_pure_random_05_mean,pure_matched_random,220,0.0717562586069107,E3_joint_redundancy,,,,,Body,71775,0.7213901281356812,Body+Scene,0.11046348512172699,0.4233745336532593,coco_polygon,-0.17101461028686774,-0.1441543481441334,,12345,0.41326648984718023
,,0.6347411274909973,mask_Body+Scene_pure_random_05_mean,pure_matched_random,366,0.21289438009262085,E3_joint_redundancy,,,,,Body,46652,0.7388243675231934,Body+Scene,0.3707931637763977,0.3029429018497467,coco_polygon,0.18623018258548657,-0.12419849796990265,,12345,0.3978500584420168
,,0.41079193353652954,mask_Body+Scene_pure_random_05_mean,pure_matched_random,474,0.10606182366609573,E3_joint_redundancy,,,,,Body,54856,0.6588756442070007,Body+Scene,0.31707173585891724,0.3252193331718445,coco_polygon,0.29907819719522866,0.20343982707786168,,12345,0.2297527172304888
,,0.4428025782108307,mask_Body+Scene_pure_random_05_mean,pure_matched_random,716,0.05529715120792389,E3_joint_redundancy,,,,,Body,63805,0.6679592132568359,Body+Scene,0.14696110785007477,0.3176020085811615,coco_polygon,-0.011680831071498782,-0.06322924535862896,,12345,0.219304095053413
,,0.3617401123046875,mask_Body+Scene_pure_random_05_mean,pure_matched_random,816,0.1335471272468567,E3_joint_redundancy,,,,,Body,110182,0.66764235496521,Body+Scene,0.21163208782672882,0.5704783201217651,coco_polygon,-0.018813653084700243,-0.06724105245143375,,12345,0.20036232901717357
,,0.632784366607666,mask_Body+Scene_pure_random_05_mean,pure_matched_random,847,0.10144245624542236,E3_joint_redundancy,,,,,Body,48302,0.669913113117218,Body+Scene,0.2483956217765808,0.29063984751701355,coco_polygon,-0.1477130333644415,-0.022197852116346305,,12345,0.31169983400532775
,,0.6978335976600647,mask_Body+Scene_pure_random_05_mean,pure_matched_random,931,0.6995596885681152,E3_joint_redundancy,,,,,Body,70051,0.693318247795105,Body+Scene,0.6792291402816772,0.4104243218898773,coco_bbox_fallback_for_rle,0.020269882023914297,0.1403470362069566,,12345,0.2944313063752938
,,0.6064565181732178,mask_Body+Scene_pure_random_05_mean,pure_matched_random,941,0.22142323851585388,E3_joint_redundancy,,,,,Body,51802,0.6635267734527588,Body+Scene,0.19477877020835876,0.3207659125328064,coco_polygon,-0.009228464726326178,0.013265140943044746,,12345,0.33023387922484626
,,0.74181067943573,mask_Body_mean,target_roi,21,0.6004143953323364,E3_joint_redundancy,,,,,Body,71883,0.6563732624053955,Body,0.4625385105609894,0.40151137113571167,coco_polygon,0.22781826117784013,0.06726328344984696,,12345,0.22643529978201632
,,0.714974045753479,mask_Body_mean,target_roi,40,0.24356709420681,E3_joint_redundancy,,,,,Body,44563,0.5815621018409729,Body,0.168928325176239,0.2478933334350586,coco_polygon,-0.1813309346617382,0.2399926687879647,,12345,0.7021024626947359
,,0.39341849088668823,mask_Body_mean,target_roi,220,0.05095329135656357,E3_joint_redundancy,,,,,Body,71775,0.7129471302032471,Body,0.08610866218805313,0.4167599081993103,coco_polygon,-0.17184164565380233,-0.13573046848847373,,12345,0.4230573440938107
,,0.6670821905136108,mask_Body_mean,target_roi,366,0.20252373814582825,E3_joint_redundancy,,,,,Body,46652,0.7311682105064392,Body,0.33097195625305176,0.2926909029483795,coco_polygon,0.19917697812676316,-0.11863508552377963,,12345,0.40063908216249455
,,0.4098917543888092,mask_Body_mean,target_roi,474,0.11946897208690643,E3_joint_redundancy,,,,,Body,54856,0.6699579954147339,Body,0.3184880018234253,0.3274573087692261,coco_polygon,0.31619517994253693,0.22664551342511086,,12345,0.2444272277700452
,,0.4675872027873993,mask_Body_mean,target_roi,716,0.01209305226802826,E3_joint_redundancy,,,,,Body,63805,0.6728702187538147,Body,0.21556800603866577,0.3251945972442627,coco_polygon,-0.027964217494757956,-0.09477098139704801,,12345,0.21917844906677908
,,0.3750576376914978,mask_Body_mean,target_roi,816,0.14178496599197388,E3_joint_redundancy,,,,,Body,110182,0.6813021302223206,Body,0.2273780107498169,0.5769549012184143,coco_polygon,-0.04462699139216196,-0.09300477765337536,,12345,0.20170906037120465
,,0.6489171981811523,mask_Body_mean,target_roi,847,0.18322917819023132,E3_joint_redundancy,,,,,Body,48302,0.6759846210479736,Body,0.2390342652797699,0.2913441061973572,coco_polygon,-0.16821507263581276,-0.027494505431413362,,12345,0.31540386096794926
,,0.7315797209739685,mask_Body_mean,target_roi,931,0.7357639670372009,E3_joint_redundancy,,,,,Body,70051,0.6711759567260742,Body,0.7210742831230164,0.41431286931037903,coco_bbox_fallback_for_rle,0.12383550735037746,0.08606515826263661,,12345,0.2928784028371588
,,0.5048085451126099,mask_Body_mean,target_roi,941,0.1153838112950325,E3_joint_redundancy,,,,,Body,51802,0.6664563417434692,Body,0.16171379387378693,0.3124774098396301,coco_polygon,-0.04847430774542755,-0.0548646255670502,,12345,0.34014733075193987
,,0.750758945941925,mask_Body_pure_random_01_mean,pure_matched_random,21,0.6171561479568481,E3_joint_redundancy,,,,,Body,71883,0.6530033349990845,Body,0.4373971223831177,0.40206968784332275,coco_polygon,0.2287984076458637,0.06438036914020476,,12345,0.22519158308702383
,,0.7086011171340942,mask_Body_pure_random_01_mean,pure_matched_random,40,0.23883870244026184,E3_joint_redundancy,,,,,Body,44563,0.5786657929420471,Body,0.18738916516304016,0.24920910596847534,coco_polygon,-0.15219371646331542,0.24733357786184262,,12345,0.7037051137692079
,,0.35151949524879456,mask_Body_pure_random_01_mean,pure_matched_random,220,0.045442912727594376,E3_joint_redundancy,,,,,Body,71775,0.7048630714416504,Body,0.10583063960075378,0.4163447618484497,coco_polygon,-0.17457428597942948,-0.14271131189810346,,12345,0.42109575437844643
,,0.5695512294769287,mask_Body_pure_random_01_mean,pure_matched_random,366,0.3738780915737152,E3_joint_redundancy,,,,,Body,46652,0.7220791578292847,Body,0.3458000123500824,0.2868373394012451,coco_polygon,0.2614416860592384,0.0019784693127839243,,12345,0.3587748171902
,,0.3845970332622528,mask_Body_pure_random_01_mean,pure_matched_random,474,0.12406009435653687,E3_joint_redundancy,,,,,Body,54856,0.6617371439933777,Body,0.3512468934059143,0.33232319355010986,coco_polygon,0.31737981595437437,0.22484287764721983,,12345,0.24398308824375436
,,0.4426904320716858,mask_Body_pure_random_01_mean,pure_matched_random,716,0.018028050661087036,E3_joint_redundancy,,,,,Body,63805,0.664461612701416,Body,0.12824176251888275,0.3202928900718689,coco_polygon,-0.039430053199921156,-0.07009592977492073,,12345,0.2130190434087774
,,0.3835631012916565,mask_Body_pure_random_01_mean,pure_matched_random,816,0.14614740014076233,E3_joint_redundancy,,,,,Body,110182,0.6818326115608215,Body,0.22909599542617798,0.5771700739860535,coco_polygon,-0.04479908299479495,-0.09316796211330969,,12345,0.20053362315615145
,,0.6514700651168823,mask_Body_pure_random_01_mean,pure_matched_random,847,0.18009212613105774,E3_joint_redundancy,,,,,Body,48302,0.6732224225997925,Body,0.22925254702568054,0.2927173674106598,coco_polygon,-0.16206025475233782,-0.02206144135482612,,12345,0.3149369039734157
,,0.726582944393158,mask_Body_pure_random_01_mean,pure_matched_random,931,0.7396799325942993,E3_joint_redundancy,,,,,Body,70051,0.6718719005584717,Body,0.7212334275245667,0.4136771559715271,coco_bbox_fallback_for_rle,0.12275615185533,0.08577327010487312,,12345,0.2929628016194957
,,0.5302486419677734,mask_Body_pure_random_01_mean,pure_matched_random,941,0.15895722806453705,E3_joint_redundancy,,,,,Body,51802,0.6716282367706299,Body,0.21186640858650208,0.3141540288925171,coco_polygon,-0.03682356821603799,-0.04308438532441006,,12345,0.3431307727052114
,,0.7464630007743835,mask_Body_pure_random_02_mean,pure_matched_random,21,0.6198760271072388,E3_joint_redundancy,,,,,Body,71883,0.6524243950843811,Body,0.4389664828777313,0.40213510394096375,coco_polygon,0.22939389935829457,0.06457278806159757,,12345,0.2247531713486656
,,0.702914834022522,mask_Body_pure_random_02_mean,pure_matched_random,40,0.24235479533672333,E3_joint_redundancy,,,,,Body,44563,0.5789302587509155,Body,0.19838425517082214,0.25085023045539856,coco_polygon,-0.155005805693145,0.2469631710544798,,12345,0.7036659631199167
,,0.336227148771286,mask_Body_pure_random_02_mean,pure_matched_random,220,0.04953807592391968,E3_joint_redundancy,,,,,Body,71775,0.7049182057380676,Body,0.09916743636131287,0.41645973920822144,coco_polygon,-0.17619452115592224,-0.14379353000575412,,12345,0.42315272354863975
,,0.531823992729187,mask_Body_pure_random_02_mean,pure_matched_random,366,0.34035634994506836,E3_joint_redundancy,,,,,Body,46652,0.7240066528320312,Body,0.40289926528930664,0.28662109375,coco_polygon,0.25636348726738023,0.005327936176130387,,12345,0.3650949605211244
,,0.3951699733734131,mask_Body_pure_random_02_mean,pure_matched_random,474,0.09660574793815613,E3_joint_redundancy,,,,,Body,54856,0.6591156721115112,Body,0.31221649050712585,0.3313898742198944,coco_polygon,0.31230462515817864,0.2226021278172437,,12345,0.2436555529670515
,,0.4225386381149292,mask_Body_pure_random_02_mean,pure_matched_random,716,-0.0010888297110795975,E3_joint_redundancy,,,,,Body,63805,0.6702789664268494,Body,0.16634967923164368,0.3251357674598694,coco_polygon,-0.034992500266389774,-0.06783263203912027,,12345,0.2114219816653334
,,0.38186803460121155,mask_Body_pure_random_02_mean,pure_matched_random,816,0.1533949077129364,E3_joint_redundancy,,,,,Body,110182,0.6805149912834167,Body,0.23059196770191193,0.5751147270202637,coco_polygon,-0.04615187667142427,-0.09397661421900529,,12345,0.19954279269977962
,,0.6509662866592407,mask_Body_pure_random_02_mean,pure_matched_random,847,0.11718481779098511,E3_joint_redundancy,,,,,Body,48302,0.6750620603561401,Body,0.145463228225708,0.2773520350456238,coco_polygon,-0.17327347550146008,-0.0173196543905553,,12345,0.2999035659243118
,,0.7080121040344238,mask_Body_pure_random_02_mean,pure_matched_random,931,0.7326350212097168,E3_joint_redundancy,,,,,Body,70051,0.653423011302948,Body,0.6394869089126587,0.42012229561805725,coco_bbox_fallback_for_rle,0.15468903137340073,0.11432274110728124,,12345,0.2852882853326338
,,0.5236698389053345,mask_Body_pure_random_02_mean,pure_matched_random,941,0.15420407056808472,E3_joint_redundancy,,,,,Body,51802,0.6701294779777527,Body,0.19184498488903046,0.31351131200790405,coco_polygon,-0.03543087781244066,-0.04306455060515065,,12345,0.34317423440098715
,,0.7533037066459656,mask_Body_pure_random_03_mean,pure_matched_random,21,0.613438606262207,E3_joint_redundancy,,,,,Body,71883,0.6554161906242371,Body,0.42220252752304077,0.4029884934425354,coco_polygon,0.23786196114429436,0.06861137603197191,,12345,0.224931621838507
,,0.6791566014289856,mask_Body_pure_random_03_mean,pure_matched_random,40,0.24817171692848206,E3_joint_redundancy,,,,,Body,44563,0.5760297775268555,Body,0.18320369720458984,0.2504790723323822,coco_polygon,-0.16814762828404473,0.2430166187994598,,12345,0.7027902614809503
,,0.3627394735813141,mask_Body_pure_random_03_mean,pure_matched_random,220,0.045323584228754044,E3_joint_redundancy,,,,,Body,71775,0.7087056636810303,Body,0.09469036757946014,0.4148651957511902,coco_polygon,-0.17115108384469008,-0.14344076051977847,,12345,0.42623986678129827
,,0.6512184143066406,mask_Body_pure_random_03_mean,pure_matched_random,366,0.2833273112773895,E3_joint_redundancy,,,,,Body,46652,0.7389211654663086,Body,0.42121317982673645,0.29578277468681335,coco_polygon,0.21783718734220833,-0.07510000264901316,,12345,0.4006325133932329
,,0.39941948652267456,mask_Body_pure_random_03_mean,pure_matched_random,474,0.08148366212844849,E3_joint_redundancy,,,,,Body,54856,0.6723186373710632,Body,0.3623121976852417,0.3280825614929199,coco_polygon,0.32087267645093787,0.21703372134306273,,12345,0.24468721335249793
,,0.4253998100757599,mask_Body_pure_random_03_mean,pure_matched_random,716,0.05672769248485565,E3_joint_redundancy,,,,,Body,63805,0.6598874926567078,Body,0.17606961727142334,0.3213058114051819,coco_polygon,-0.03306991290099837,-0.07479154566178994,,12345,0.21932540015676658
,,0.3972066044807434,mask_Body_pure_random_03_mean,pure_matched_random,816,0.14300738275051117,E3_joint_redundancy,,,,,Body,110182,0.6813925504684448,Body,0.24294519424438477,0.5748871564865112,coco_polygon,-0.04515844906160573,-0.09268346396708195,,12345,0.198155953573204
,,0.6408155560493469,mask_Body_pure_random_03_mean,pure_matched_random,847,0.1731215864419937,E3_joint_redundancy,,,,,Body,48302,0.6731625199317932,Body,0.2093852162361145,0.2894548177719116,coco_polygon,-0.16437505340773187,-0.02350326249147485,,12345,0.31533052084248797
,,0.7139726877212524,mask_Body_pure_random_03_mean,pure_matched_random,931,0.7314399480819702,E3_joint_redundancy,,,,,Body,70051,0.6733216643333435,Body,0.7245981693267822,0.4124855101108551,coco_bbox_fallback_for_rle,0.1285560724041154,0.08944800718205574,,12345,0.2915022757718929
,,0.524326741695404,mask_Body_pure_random_03_mean,pure_matched_random,941,0.15716293454170227,E3_joint_redundancy,,,,,Body,51802,0.6741935610771179,Body,0.21251900494098663,0.31111377477645874,coco_polygon,-0.0384344638515355,-0.04178931376442074,,12345,0.34368312961782016
,,0.7481858730316162,mask_Body_pure_random_04_mean,pure_matched_random,21,0.6104640364646912,E3_joint_redundancy,,,,,Body,71883,0.6552597284317017,Body,0.4258004426956177,0.40259313583374023,coco_polygon,0.23523277102152637,0.06644878648698618,,12345,0.22493799588997254
,,0.7118414640426636,mask_Body_pure_random_04_mean,pure_matched_random,40,0.24937623739242554,E3_joint_redundancy,,,,,Body,44563,0.5787314772605896,Body,0.18632912635803223,0.2526452839374542,coco_polygon,-0.15816408126305662,0.24618686234504775,,12345,0.7036965723335546
,,0.3555973768234253,mask_Body_pure_random_04_mean,pure_matched_random,220,0.047029778361320496,E3_joint_redundancy,,,,,Body,71775,0.7012365460395813,Body,0.10839398950338364,0.4156712591648102,coco_polygon,-0.1716854477343959,-0.14189030943983438,,12345,0.4209164071632743
,,0.6624912619590759,mask_Body_pure_random_04_mean,pure_matched_random,366,0.06455665081739426,E3_joint_redundancy,,,,,Body,46652,0.7340152859687805,Body,0.22660522162914276,0.30552759766578674,coco_polygon,0.16057757061834926,-0.12253409935285539,,12345,0.38303419591242427
,,0.407059907913208,mask_Body_pure_random_04_mean,pure_matched_random,474,0.1333533525466919,E3_joint_redundancy,,,,,Body,54856,0.6588686108589172,Body,0.34304046630859375,0.33466199040412903,coco_polygon,0.31520947357881623,0.22282900946173315,,12345,0.2416760213759975
,,0.4038081169128418,mask_Body_pure_random_04_mean,pure_matched_random,716,0.009197703562676907,E3_joint_redundancy,,,,,Body,63805,0.6650449633598328,Body,0.15547941625118256,0.3214578926563263,coco_polygon,-0.032241662205088416,-0.07036125240062419,,12345,0.212935696772342
,,0.41190099716186523,mask_Body_pure_random_04_mean,pure_matched_random,816,0.14554280042648315,E3_joint_redundancy,,,,,Body,110182,0.680991530418396,Body,0.24650907516479492,0.574129045009613,coco_polygon,-0.04450022718215516,-0.09230756217539816,,12345,0.19914667469288636
,,0.6481065154075623,mask_Body_pure_random_04_mean,pure_matched_random,847,0.19724617898464203,E3_joint_redundancy,,,,,Body,48302,0.6721010804176331,Body,0.238188236951828,0.29600268602371216,coco_polygon,-0.16085587464464174,-0.02333964364469847,,12345,0.32267499298701535
,,0.7147257328033447,mask_Body_pure_random_04_mean,pure_matched_random,931,0.7197140455245972,E3_joint_redundancy,,,,,Body,70051,0.6887620687484741,Body,0.6803402304649353,0.40693268179893494,coco_bbox_fallback_for_rle,0.006672379924268731,0.14043652806231952,,12345,0.2907918713540498
,,0.49460509419441223,mask_Body_pure_random_04_mean,pure_matched_random,941,0.10252746194601059,E3_joint_redundancy,,,,,Body,51802,0.6682295799255371,Body,0.15480145812034607,0.31429293751716614,coco_polygon,-0.032921609019984914,-0.045170130614460006,,12345,0.34288291487359357
,,0.7466282844543457,mask_Body_pure_random_05_mean,pure_matched_random,21,0.613254964351654,E3_joint_redundancy,,,,,Body,71883,0.6535912752151489,Body,0.4456198513507843,0.40225815773010254,coco_polygon,0.22781869556274043,0.06404112845670915,,12345,0.22528466298399472
,,0.7092404961585999,mask_Body_pure_random_05_mean,pure_matched_random,40,0.25055450201034546,E3_joint_redundancy,,,,,Body,44563,0.5782403945922852,Body,0.18578697741031647,0.25228244066238403,coco_polygon,-0.15898500552715367,0.24623040707765584,,12345,0.7036542191342475
,,0.3520881235599518,mask_Body_pure_random_05_mean,pure_matched_random,220,0.04609296843409538,E3_joint_redundancy,,,,,Body,71775,0.7044508457183838,Body,0.10300549119710922,0.41672268509864807,coco_polygon,-0.17490306977899894,-0.1429218744051692,,12345,0.4217043937743278
,,0.6380132436752319,mask_Body_pure_random_05_mean,pure_matched_random,366,0.2550915479660034,E3_joint_redundancy,,,,,Body,46652,0.7442044615745544,Body,0.3520852327346802,0.30078402161598206,coco_polygon,0.17288252331925275,-0.13722848879858957,,12345,0.388884177434512
,,0.3792370557785034,mask_Body_pure_random_05_mean,pure_matched_random,474,0.10833343863487244,E3_joint_redundancy,,,,,Body,54856,0.6677325963973999,Body,0.3200125992298126,0.33800554275512695,coco_polygon,0.3164314487116998,0.22078052876559495,,12345,0.24522173909281011
,,0.43361756205558777,mask_Body_pure_random_05_mean,pure_matched_random,716,0.00961644109338522,E3_joint_redundancy,,,,,Body,63805,0.6700310707092285,Body,0.17799073457717896,0.3237111568450928,coco_polygon,-0.03356417860100886,-0.06824510204785336,,12345,0.21224155543199388
,,0.3810177147388458,mask_Body_pure_random_05_mean,pure_matched_random,816,0.14017096161842346,E3_joint_redundancy,,,,,Body,110182,0.6809199452400208,Body,0.23041951656341553,0.5743706226348877,coco_polygon,-0.04528840401669185,-0.09344945627670471,,12345,0.19972682769749872
,,0.6006144881248474,mask_Body_pure_random_05_mean,pure_matched_random,847,0.17068977653980255,E3_joint_redundancy,,,,,Body,48302,0.6748692989349365,Body,0.20166654884815216,0.28767237067222595,coco_polygon,-0.15482084964778636,-0.021791193922627666,,12345,0.31281037537302314
,,0.7504522204399109,mask_Body_pure_random_05_mean,pure_matched_random,931,0.7347971200942993,E3_joint_redundancy,,,,,Body,70051,0.6883963346481323,Body,0.6968593597412109,0.40103715658187866,coco_bbox_fallback_for_rle,0.13494075224678,0.10949877514194443,,12345,0.2982759382755115
,,0.5233427286148071,mask_Body_pure_random_05_mean,pure_matched_random,941,0.15727995336055756,E3_joint_redundancy,,,,,Body,51802,0.6694350242614746,Body,0.20541051030158997,0.3144621253013611,coco_polygon,-0.033889477083677635,-0.0431156039275129,,12345,0.3434755741357134
,,0.753400444984436,mask_Face+Body+Scene_mean,target_roi,21,0.590298056602478,E3_joint_redundancy,,,,,Body,71883,0.6606278419494629,Face+Body+Scene,0.3832070827484131,0.4075923264026642,coco_polygon,0.23067405426325582,0.060250585683754826,,12345,0.2237960456831273
,,0.725543737411499,mask_Face+Body+Scene_mean,target_roi,40,0.2557772397994995,E3_joint_redundancy,,,,,Body,44563,0.5809921622276306,Face+Body+Scene,0.15224739909172058,0.24831196665763855,coco_polygon,-0.18357228677803564,0.23687946467251336,,12345,0.6991501001525093
,,0.43327265977859497,mask_Face+Body+Scene_mean,target_roi,220,0.04069547355175018,E3_joint_redundancy,,,,,Body,71775,0.7142369747161865,Face+Body+Scene,0.07407783716917038,0.4032261073589325,coco_polygon,-0.1915991919743961,-0.1710825438748513,,12345,0.4083076068385789
,,0.6851641535758972,mask_Face+Body+Scene_mean,target_roi,366,0.12087278813123703,E3_joint_redundancy,,,,,Body,46652,0.7292540073394775,Face+Body+Scene,0.17640769481658936,0.30026793479919434,coco_polygon,0.20156314074944287,-0.11755061256586209,,12345,0.39347139312214224
,,0.3888726830482483,mask_Face+Body+Scene_mean,target_roi,474,0.09953157603740692,E3_joint_redundancy,,,,,Body,54856,0.6664082407951355,Face+Body+Scene,0.3022725582122803,0.3258250951766968,coco_polygon,0.30818219337111874,0.22756261162529565,,12345,0.24290806800967918
,,0.5303325653076172,mask_Face+Body+Scene_mean,target_roi,716,-0.019303662702441216,E3_joint_redundancy,,,,,Body,63805,0.6594789624214172,Face+Body+Scene,0.23139484226703644,0.3094569742679596,coco_polygon,0.021984125848023815,-0.09799386734380085,,12345,0.22742464803647175
,,0.3908085525035858,mask_Face+Body+Scene_mean,target_roi,816,0.10880768299102783,E3_joint_redundancy,,,,,Body,110182,0.6786459684371948,Face+Body+Scene,0.18259663879871368,0.5757529735565186,coco_polygon,-0.028034041327559996,-0.08093488725376606,,12345,0.20439336897437338
,,0.6643202900886536,mask_Face+Body+Scene_mean,target_roi,847,0.16620959341526031,E3_joint_redundancy,,,,,Body,48302,0.7010008096694946,Face+Body+Scene,0.21867728233337402,0.2981785833835602,coco_polygon,-0.1784341803740321,-0.03714824419555646,,12345,0.27469704034320347
,,0.7332523465156555,mask_Face+Body+Scene_mean,target_roi,931,0.7434254288673401,E3_joint_redundancy,,,,,Body,70051,0.6791815757751465,Face+Body+Scene,0.7094252109527588,0.42225104570388794,coco_bbox_fallback_for_rle,0.10256930456890072,0.07704435779934082,,12345,0.292614275265755
,,0.5262850522994995,mask_Face+Body+Scene_mean,target_roi,941,0.10731235146522522,E3_joint_redundancy,,,,,Body,51802,0.6626560688018799,Face+Body+Scene,0.17438407242298126,0.31518077850341797,coco_polygon,-0.040574739707412,-0.05794389474701661,,12345,0.3419278328156759
,,0.7499502301216125,mask_Face+Body+Scene_pure_random_01_mean,pure_matched_random,21,0.6212445497512817,E3_joint_redundancy,,,,,Body,71883,0.6678305864334106,Face+Body+Scene,0.45578038692474365,0.41061413288116455,coco_polygon,0.23227548485112146,0.05882041083053871,,12345,0.22931312387057404
,,0.7240182757377625,mask_Face+Body+Scene_pure_random_01_mean,pure_matched_random,40,0.2942619025707245,E3_joint_redundancy,,,,,Body,44563,0.5665718913078308,Face+Body+Scene,0.15267413854599,0.24617525935173035,coco_polygon,-0.14202718459368732,0.26163444814272385,,12345,0.7076319403659097
,,0.37623465061187744,mask_Face+Body+Scene_pure_random_01_mean,pure_matched_random,220,0.027717523276805878,E3_joint_redundancy,,,,,Body,71775,0.7373834848403931,Face+Body+Scene,0.05735408514738083,0.43047359585762024,coco_polygon,-0.14094262431213414,-0.12403622624355723,,12345,0.44876495180358555
,,0.5707976222038269,mask_Face+Body+Scene_pure_random_01_mean,pure_matched_random,366,0.05436421558260918,E3_joint_redundancy,,,,,Body,46652,0.722367525100708,Face+Body+Scene,0.15512605011463165,0.3090309500694275,coco_polygon,0.18647117564969415,-0.11265383302122926,,12345,0.3967390927454124
,,0.4010438323020935,mask_Face+Body+Scene_pure_random_01_mean,pure_matched_random,474,0.09528256952762604,E3_joint_redundancy,,,,,Body,54856,0.6704830527305603,Face+Body+Scene,0.3544888198375702,0.3351709842681885,coco_polygon,0.31939910574861247,0.22814741196089394,,12345,0.23556293434125408
,,0.5062769651412964,mask_Face+Body+Scene_pure_random_01_mean,pure_matched_random,716,0.020926954224705696,E3_joint_redundancy,,,,,Body,63805,0.6875947713851929,Face+Body+Scene,0.19729749858379364,0.32866328954696655,coco_polygon,-0.022279665788065332,-0.07382371516695012,,12345,0.1951338686599934
,,0.34212711453437805,mask_Face+Body+Scene_pure_random_01_mean,pure_matched_random,816,0.13403378427028656,E3_joint_redundancy,,,,,Body,110182,0.680471658706665,Face+Body+Scene,0.239413782954216,0.5769770741462708,coco_polygon,-0.04170098997849586,-0.09073442754229775,,12345,0.19854628226184157
,,0.6522632837295532,mask_Face+Body+Scene_pure_random_01_mean,pure_matched_random,847,0.2267240285873413,E3_joint_redundancy,,,,,Body,48302,0.6675924062728882,Face+Body+Scene,0.19251975417137146,0.2740759253501892,coco_polygon,-0.15079058047805868,-0.0017186490723120772,,12345,0.31540821416429726
,,0.7021610140800476,mask_Face+Body+Scene_pure_random_01_mean,pure_matched_random,931,0.7405465245246887,E3_joint_redundancy,,,,,Body,70051,0.6604928374290466,Face+Body+Scene,0.667350709438324,0.41535183787345886,coco_bbox_fallback_for_rle,0.17122597797078015,0.13451164768333568,,12345,0.2877614658108563
,,0.4554285407066345,mask_Face+Body+Scene_pure_random_01_mean,pure_matched_random,941,0.09733904898166656,E3_joint_redundancy,,,,,Body,51802,0.6620849967002869,Face+Body+Scene,0.1606414020061493,0.3167797327041626,coco_polygon,-0.03898034838603177,-0.05526385265737345,,12345,0.34453035402857213
,,0.7231431007385254,mask_Face+Body+Scene_pure_random_02_mean,pure_matched_random,21,0.5578389167785645,E3_joint_redundancy,,,,,Body,71883,0.663377583026886,Face+Body+Scene,0.41605380177497864,0.40147489309310913,coco_polygon,0.23907466440967887,0.06378704104015359,,12345,0.23378313336811227
,,0.7358384728431702,mask_Face+Body+Scene_pure_random_02_mean,pure_matched_random,40,0.30253714323043823,E3_joint_redundancy,,,,,Body,44563,0.5656403303146362,Face+Body+Scene,0.15405923128128052,0.24805375933647156,coco_polygon,-0.1469135193300704,0.256259187950476,,12345,0.7101405304548024
,,0.5121739506721497,mask_Face+Body+Scene_pure_random_02_mean,pure_matched_random,220,0.10964740812778473,E3_joint_redundancy,,,,,Body,71775,0.6959485411643982,Face+Body+Scene,0.12759095430374146,0.38039517402648926,coco_polygon,-0.12835278281888737,-0.09564335772855946,,12345,0.3599256856124425
,,0.6936069130897522,mask_Face+Body+Scene_pure_random_02_mean,pure_matched_random,366,0.33900654315948486,E3_joint_redundancy,,,,,Body,46652,0.7303371429443359,Face+Body+Scene,0.3666602373123169,0.29412123560905457,coco_polygon,0.1798114002449415,-0.12125727190353973,,12345,0.3916758394006107
,,0.40507686138153076,mask_Face+Body+Scene_pure_random_02_mean,pure_matched_random,474,0.10870138555765152,E3_joint_redundancy,,,,,Body,54856,0.6634807586669922,Face+Body+Scene,0.3129720985889435,0.33234888315200806,coco_polygon,0.29191385754518734,0.22847797048608193,,12345,0.24247709587153476
,,0.43635720014572144,mask_Face+Body+Scene_pure_random_02_mean,pure_matched_random,716,0.04493067041039467,E3_joint_redundancy,,,,,Body,63805,0.667367696762085,Face+Body+Scene,0.2160116583108902,0.3164350092411041,coco_polygon,-0.03351844107947079,-0.07226141474798865,,12345,0.21062522132491163
,,0.4178152084350586,mask_Face+Body+Scene_pure_random_02_mean,pure_matched_random,816,0.10243388265371323,E3_joint_redundancy,,,,,Body,110182,0.7039023041725159,Face+Body+Scene,0.10869196802377701,0.62148517370224,coco_polygon,-0.0887444180950831,-0.10130781288528673,,12345,0.18133978554491142
,,0.702096164226532,mask_Face+Body+Scene_pure_random_02_mean,pure_matched_random,847,0.1382845789194107,E3_joint_redundancy,,,,,Body,48302,0.6710657477378845,Face+Body+Scene,0.2537820339202881,0.2721731960773468,coco_polygon,-0.20396274587245602,-0.017556982137479093,,12345,0.30041442243989913
,,0.7713404297828674,mask_Face+Body+Scene_pure_random_02_mean,pure_matched_random,931,0.7536541223526001,E3_joint_redundancy,,,,,Body,70051,0.6500769257545471,Face+Body+Scene,0.6027786731719971,0.39791199564933777,coco_bbox_fallback_for_rle,0.11788563663627262,0.18011406701327418,,12345,0.2639953162449641
,,0.4802206754684448,mask_Face+Body+Scene_pure_random_02_mean,pure_matched_random,941,0.05938934534788132,E3_joint_redundancy,,,,,Body,51802,0.656998872756958,Face+Body+Scene,0.09334147721529007,0.3183743357658386,coco_polygon,-0.2512207798832704,-0.1816308010848918,,12345,0.2068344802424239
,,0.7562265396118164,mask_Face+Body+Scene_pure_random_03_mean,pure_matched_random,21,0.6067928671836853,E3_joint_redundancy,,,,,Body,71883,0.656613290309906,Face+Body+Scene,0.45134419202804565,0.4019329845905304,coco_polygon,0.23927280730624714,0.06962842821475297,,12345,0.2287745183766109
,,0.7412302494049072,mask_Face+Body+Scene_pure_random_03_mean,pure_matched_random,40,0.23887892067432404,E3_joint_redundancy,,,,,Body,44563,0.577688455581665,Face+Body+Scene,0.1875712275505066,0.25329190492630005,coco_polygon,-0.16123660949358284,0.24877525462128602,,12345,0.7064424705168468
,,0.4306281805038452,mask_Face+Body+Scene_pure_random_03_mean,pure_matched_random,220,0.021939683705568314,E3_joint_redundancy,,,,,Body,71775,0.7166305780410767,Face+Body+Scene,0.08990838378667831,0.4094275236129761,coco_polygon,-0.15774983040582488,-0.13685557081852798,,12345,0.4140415869524678
,,0.7468117475509644,mask_Face+Body+Scene_pure_random_03_mean,pure_matched_random,366,0.4395678639411926,E3_joint_redundancy,,,,,Body,46652,0.7183142304420471,Face+Body+Scene,0.40235772728919983,0.2890460193157196,coco_polygon,0.19607603887683142,-0.09336046695791345,,12345,0.3751693812701908
,,0.41920405626296997,mask_Face+Body+Scene_pure_random_03_mean,pure_matched_random,474,0.11892659217119217,E3_joint_redundancy,,,,,Body,54856,0.667364776134491,Face+Body+Scene,0.29966995120048523,0.33270326256752014,coco_polygon,0.32640347320802365,0.2259783234585186,,12345,0.24382951803702954
,,0.4479498863220215,mask_Face+Body+Scene_pure_random_03_mean,pure_matched_random,716,0.004246395546942949,E3_joint_redundancy,,,,,Body,63805,0.6649193167686462,Face+Body+Scene,0.14237570762634277,0.3207094073295593,coco_polygon,-0.03445312520479566,-0.07134239119621014,,12345,0.21403347257367014
,,0.43370720744132996,mask_Face+Body+Scene_pure_random_03_mean,pure_matched_random,816,0.10728936642408371,E3_joint_redundancy,,,,,Body,110182,0.703733503818512,Face+Body+Scene,0.11620302498340607,0.6122631430625916,coco_polygon,-0.10527795285857414,-0.11740868596478429,,12345,0.17834592644097008
,,0.6674273610115051,mask_Face+Body+Scene_pure_random_03_mean,pure_matched_random,847,0.241999551653862,E3_joint_redundancy,,,,,Body,48302,0.6700121164321899,Face+Body+Scene,0.214789479970932,0.2742520868778229,coco_polygon,-0.2047955409244513,-0.010022971630119505,,12345,0.29871027068931677
,,0.7358146905899048,mask_Face+Body+Scene_pure_random_03_mean,pure_matched_random,931,0.7367076873779297,E3_joint_redundancy,,,,,Body,70051,0.6475270986557007,Face+Body+Scene,0.6245871186256409,0.4161466062068939,coco_bbox_fallback_for_rle,0.15720255301328415,0.1179192737496383,,12345,0.283104938736518
,,0.4850170314311981,mask_Face+Body+Scene_pure_random_03_mean,pure_matched_random,941,0.10932621359825134,E3_joint_redundancy,,,,,Body,51802,0.6636679768562317,Face+Body+Scene,0.16337217390537262,0.3145296275615692,coco_polygon,-0.03530678122392893,-0.05222283859518373,,12345,0.34293010196785495
,,0.7198054790496826,mask_Face+Body+Scene_pure_random_04_mean,pure_matched_random,21,0.5674850940704346,E3_joint_redundancy,,,,,Body,71883,0.6642777919769287,Face+Body+Scene,0.3736916482448578,0.40311485528945923,coco_polygon,0.22957026092789196,0.061743230965940726,,12345,0.229322789387501
,,0.7304700613021851,mask_Face+Body+Scene_pure_random_04_mean,pure_matched_random,40,0.3471341133117676,E3_joint_redundancy,,,,,Body,44563,0.5821255445480347,Face+Body+Scene,0.20420856773853302,0.25680676102638245,coco_polygon,-0.07745016150715979,0.2856397277353825,,12345,0.7001968802346318
,,0.36971616744995117,mask_Face+Body+Scene_pure_random_04_mean,pure_matched_random,220,0.07960332930088043,E3_joint_redundancy,,,,,Body,71775,0.6803503632545471,Face+Body+Scene,0.07501783221960068,0.3906872868537903,coco_polygon,-0.15642859405240098,-0.156906258161374,,12345,0.38156023845847403
,,0.6679946184158325,mask_Face+Body+Scene_pure_random_04_mean,pure_matched_random,366,0.11050403118133545,E3_joint_redundancy,,,,,Body,46652,0.7413363456726074,Face+Body+Scene,0.1323016881942749,0.3150944113731384,coco_polygon,0.19956632932426552,-0.10218269117304124,,12345,0.39403699663941966
,,0.46156397461891174,mask_Face+Body+Scene_pure_random_04_mean,pure_matched_random,474,0.1457556039094925,E3_joint_redundancy,,,,,Body,54856,0.6688324213027954,Face+Body+Scene,0.2689374089241028,0.33157896995544434,coco_polygon,0.30837922873701545,0.23542074997464849,,12345,0.2295517207084411
,,0.4178156554698944,mask_Face+Body+Scene_pure_random_04_mean,pure_matched_random,716,0.04761132970452309,E3_joint_redundancy,,,,,Body,63805,0.6704385876655579,Face+Body+Scene,0.19560247659683228,0.30979815125465393,coco_polygon,-0.027071386303050234,-0.12223732084695872,,12345,0.22464734129357813
,,0.3576427400112152,mask_Face+Body+Scene_pure_random_04_mean,pure_matched_random,816,0.0977025181055069,E3_joint_redundancy,,,,,Body,110182,0.678500235080719,Face+Body+Scene,0.15506446361541748,0.5854654312133789,coco_polygon,-0.03508515549282906,-0.09072884460848699,,12345,0.20242624047480556
,,0.6288956999778748,mask_Face+Body+Scene_pure_random_04_mean,pure_matched_random,847,0.14627373218536377,E3_joint_redundancy,,,,,Body,48302,0.676313042640686,Face+Body+Scene,0.2527964413166046,0.2831219434738159,coco_polygon,-0.19484847036348085,-0.02510048450935058,,12345,0.31142706658075753
,,0.7148450613021851,mask_Face+Body+Scene_pure_random_04_mean,pure_matched_random,931,0.7194619178771973,E3_joint_redundancy,,,,,Body,70051,0.683041512966156,Face+Body+Scene,0.6912878751754761,0.40208762884140015,coco_bbox_fallback_for_rle,0.10872934275562296,0.06631466826048918,,12345,0.27918688640916267
,,0.5005462765693665,mask_Face+Body+Scene_pure_random_04_mean,pure_matched_random,941,0.061841487884521484,E3_joint_redundancy,,,,,Body,51802,0.6406785845756531,Face+Body+Scene,0.1580779105424881,0.30572155117988586,coco_polygon,-0.12787902309615676,-0.08577053235298482,,12345,0.31594305367671366
,,0.7613210082054138,mask_Face+Body+Scene_pure_random_05_mean,pure_matched_random,21,0.594821572303772,E3_joint_redundancy,,,,,Body,71883,0.6613450646400452,Face+Body+Scene,0.4342820942401886,0.4062342047691345,coco_polygon,0.22991006926619265,0.05951113891768319,,12345,0.23305620012268125
,,0.7735862135887146,mask_Face+Body+Scene_pure_random_05_mean,pure_matched_random,40,0.555463969707489,E3_joint_redundancy,,,,,Body,44563,0.573342502117157,Face+Body+Scene,0.3951728343963623,0.24530759453773499,coco_polygon,-0.2011759693914401,0.22567588987489717,,12345,0.7048916813115023
,,0.5367522239685059,mask_Face+Body+Scene_pure_random_05_mean,pure_matched_random,220,0.12972941994667053,E3_joint_redundancy,,,,,Body,71775,0.6667330861091614,Face+Body+Scene,0.23123429715633392,0.39672166109085083,coco_polygon,-0.2058420519946481,-0.1539240009579191,,12345,0.4231604409353611
,,0.7395692467689514,mask_Face+Body+Scene_pure_random_05_mean,pure_matched_random,366,0.29369688034057617,E3_joint_redundancy,,,,,Body,46652,0.7345535755157471,Face+Body+Scene,0.24042056500911713,0.30157071352005005,coco_polygon,0.23689010441699102,-0.11038118264270455,,12345,0.40821316709443595
,,0.49650418758392334,mask_Face+Body+Scene_pure_random_05_mean,pure_matched_random,474,0.12109118700027466,E3_joint_redundancy,,,,,Body,54856,0.6474660038948059,Face+Body+Scene,0.23369668424129486,0.3114960789680481,coco_polygon,0.3063310579873876,0.22562197985685656,,12345,0.216519457946236
,,0.3925555944442749,mask_Face+Body+Scene_pure_random_05_mean,pure_matched_random,716,0.04568743705749512,E3_joint_redundancy,,,,,Body,63805,0.6816636919975281,Face+Body+Scene,0.1440529227256775,0.3168327212333679,coco_polygon,-0.01970104762284695,-0.05949222695489097,,12345,0.20959720257877384
,,0.40527692437171936,mask_Face+Body+Scene_pure_random_05_mean,pure_matched_random,816,0.15137739479541779,E3_joint_redundancy,,,,,Body,110182,0.6737408638000488,Face+Body+Scene,0.2737211585044861,0.5740684270858765,coco_polygon,-0.042747472293781424,-0.09542016261268071,,12345,0.19909730054051625
,,0.6465730667114258,mask_Face+Body+Scene_pure_random_05_mean,pure_matched_random,847,0.18316981196403503,E3_joint_redundancy,,,,,Body,48302,0.6584300398826599,Face+Body+Scene,0.26305949687957764,0.27002421021461487,coco_polygon,-0.1604401439298726,-0.0022464389998609977,,12345,0.32322585196862935
,,0.7200013995170593,mask_Face+Body+Scene_pure_random_05_mean,pure_matched_random,931,0.7366010546684265,E3_joint_redundancy,,,,,Body,70051,0.6600934267044067,Face+Body+Scene,0.7174566984176636,0.3991909623146057,coco_bbox_fallback_for_rle,0.15115745522256535,0.19637050914354662,,12345,0.26545804401267137
,,0.5115483999252319,mask_Face+Body+Scene_pure_random_05_mean,pure_matched_random,941,0.051295746117830276,E3_joint_redundancy,,,,,Body,51802,0.6908013224601746,Face+Body+Scene,0.0968150869011879,0.3361557126045227,coco_polygon,-0.002570853750498002,-0.032595245208094294,,12345,0.3403873914155732
,,0.7511159181594849,mask_Face+Body_mean,target_roi,21,0.6056315898895264,E3_joint_redundancy,,,,,Body,71883,0.6572940945625305,Face+Body,0.46835044026374817,0.4020533561706543,coco_polygon,0.23731157979754908,0.07210605081504981,,12345,0.22755018644473599
,,0.7161453366279602,mask_Face+Body_mean,target_roi,40,0.23723217844963074,E3_joint_redundancy,,,,,Body,44563,0.5816562175750732,Face+Body,0.16420134902000427,0.24810513854026794,coco_polygon,-0.17906170656488823,0.23899025325666984,,12345,0.7018174481605829
,,0.39733877778053284,mask_Face+Body_mean,target_roi,220,0.05342482030391693,E3_joint_redundancy,,,,,Body,71775,0.7094956636428833,Face+Body,0.12860044836997986,0.42261046171188354,coco_polygon,-0.1819575599940193,-0.1496974645090818,,12345,0.4236854809599454
,,0.6555410623550415,mask_Face+Body_mean,target_roi,366,0.17040115594863892,E3_joint_redundancy,,,,,Body,46652,0.7353459596633911,Face+Body,0.2972017824649811,0.29533830285072327,coco_polygon,0.20841187835028088,-0.11470809179580181,,12345,0.4047588856827532
,,0.42791748046875,mask_Face+Body_mean,target_roi,474,0.14885272085666656,E3_joint_redundancy,,,,,Body,54856,0.6663505434989929,Face+Body,0.28939521312713623,0.3265007734298706,coco_polygon,0.31689267868256943,0.23202643551453211,,12345,0.24586661098240117
,,0.490933358669281,mask_Face+Body_mean,target_roi,716,0.07545419037342072,E3_joint_redundancy,,,,,Body,63805,0.6705302000045776,Face+Body,0.13160265982151031,0.3140680193901062,coco_polygon,0.09448364807926375,-0.025146415901937218,,12345,0.20900389708446085
,,0.39700716733932495,mask_Face+Body_mean,target_roi,816,0.13318154215812683,E3_joint_redundancy,,,,,Body,110182,0.6792291402816772,Face+Body,0.22072502970695496,0.5750108957290649,coco_polygon,-0.044778557409647646,-0.09305594594860984,,12345,0.20104131411920756
,,0.6348462700843811,mask_Face+Body_mean,target_roi,847,0.18953287601470947,E3_joint_redundancy,,,,,Body,48302,0.6781966686248779,Face+Body,0.24292513728141785,0.2934412658214569,coco_polygon,-0.1690980982984108,-0.025709099652335896,,12345,0.3229836928587137
,,0.705581784248352,mask_Face+Body_mean,target_roi,931,0.7192703485488892,E3_joint_redundancy,,,,,Body,70051,0.6750303506851196,Face+Body,0.7025980353355408,0.4173187017440796,coco_bbox_fallback_for_rle,0.1079403755490829,0.07923687326034742,,12345,0.29410057023895586
,,0.5079284906387329,mask_Face+Body_mean,target_roi,941,0.1137198805809021,E3_joint_redundancy,,,,,Body,51802,0.6660360097885132,Face+Body,0.15686114132404327,0.3149968087673187,coco_polygon,-0.0444087213142963,-0.05572946821954634,,12345,0.3406141120930797
,,0.7484714984893799,mask_Face+Body_pure_random_01_mean,pure_matched_random,21,0.6096640229225159,E3_joint_redundancy,,,,,Body,71883,0.6588423848152161,Face+Body,0.4172111749649048,0.4069281816482544,coco_polygon,0.2364709664549561,0.06142152129957408,,12345,0.22603741585172166
,,0.6547711491584778,mask_Face+Body_pure_random_01_mean,pure_matched_random,40,0.12599113583564758,E3_joint_redundancy,,,,,Body,44563,0.6016438007354736,Face+Body,0.16052109003067017,0.2613716125488281,coco_polygon,-0.07054853716576186,0.2945192904612979,,12345,0.6782276634015093
,,0.4032589793205261,mask_Face+Body_pure_random_01_mean,pure_matched_random,220,0.08337733149528503,E3_joint_redundancy,,,,,Body,71775,0.7147614359855652,Face+Body,0.15441827476024628,0.4143652021884918,coco_polygon,-0.15602603207958798,-0.13182743755098414,,12345,0.42220981165312266
,,0.5999679565429688,mask_Face+Body_pure_random_01_mean,pure_matched_random,366,0.2834346294403076,E3_joint_redundancy,,,,,Body,46652,0.7347183227539062,Face+Body,0.30947747826576233,0.28836095333099365,coco_polygon,0.2847084157172782,-0.04576108892654059,,12345,0.361970966458947
,,0.38239532709121704,mask_Face+Body_pure_random_01_mean,pure_matched_random,474,0.10051964223384857,E3_joint_redundancy,,,,,Body,54856,0.6648163199424744,Face+Body,0.2852427363395691,0.3316737711429596,coco_polygon,0.31334873697961174,0.2162666526010036,,12345,0.24800416954951385
,,0.5089734792709351,mask_Face+Body_pure_random_01_mean,pure_matched_random,716,0.014230751432478428,E3_joint_redundancy,,,,,Body,63805,0.6841095685958862,Face+Body,0.14358823001384735,0.3166254460811615,coco_polygon,0.10137045675566392,-0.04717219852326595,,12345,0.2178145411815592
,,0.4005589485168457,mask_Face+Body_pure_random_01_mean,pure_matched_random,816,0.13334764540195465,E3_joint_redundancy,,,,,Body,110182,0.6822599172592163,Face+Body,0.20116876065731049,0.5917423963546753,coco_polygon,-0.052536101466887614,-0.08993054870121264,,12345,0.1775168169372961
,,0.647828221321106,mask_Face+Body_pure_random_01_mean,pure_matched_random,847,0.14615972340106964,E3_joint_redundancy,,,,,Body,48302,0.6923002004623413,Face+Body,0.21763047575950623,0.29243457317352295,coco_polygon,-0.18122692622806322,-0.03773716037469965,,12345,0.2768005513745602
,,0.7675895690917969,mask_Face+Body_pure_random_01_mean,pure_matched_random,931,0.7109801769256592,E3_joint_redundancy,,,,,Body,70051,0.684882402420044,Face+Body,0.6006156206130981,0.40038615465164185,coco_bbox_fallback_for_rle,0.12957299869071634,0.10405826159507091,,12345,0.2973894405525081
,,0.5281968712806702,mask_Face+Body_pure_random_01_mean,pure_matched_random,941,0.11026998609304428,E3_joint_redundancy,,,,,Body,51802,0.6734004020690918,Face+Body,0.1689477562904358,0.31383055448532104,coco_polygon,-0.03845553861820377,-0.045221785899029324,,12345,0.3416485664635246
,,0.761366069316864,mask_Face+Body_pure_random_02_mean,pure_matched_random,21,0.6253093481063843,E3_joint_redundancy,,,,,Body,71883,0.6537466049194336,Face+Body,0.4390825629234314,0.4109032452106476,coco_polygon,0.22294868729850525,0.06750616007252755,,12345,0.2186329855002194
,,0.7064375877380371,mask_Face+Body_pure_random_02_mean,pure_matched_random,40,0.2423200011253357,E3_joint_redundancy,,,,,Body,44563,0.5799927115440369,Face+Body,0.18367183208465576,0.2485903948545456,coco_polygon,-0.17010842978817664,0.24771617663394127,,12345,0.7012717045614197
,,0.4569529592990875,mask_Face+Body_pure_random_02_mean,pure_matched_random,220,0.06864575296640396,E3_joint_redundancy,,,,,Body,71775,0.7083885073661804,Face+Body,0.160444974899292,0.39507001638412476,coco_polygon,-0.2161294649007196,-0.17396305113847066,,12345,0.4115143644445913
,,0.6400683522224426,mask_Face+Body_pure_random_02_mean,pure_matched_random,366,0.4913696348667145,E3_joint_redundancy,,,,,Body,46652,0.7185336947441101,Face+Body,0.44829586148262024,0.28408604860305786,coco_polygon,0.2585795603899783,0.009328707014329326,,12345,0.37856212437196296
,,0.37771862745285034,mask_Face+Body_pure_random_02_mean,pure_matched_random,474,0.11648872494697571,E3_joint_redundancy,,,,,Body,54856,0.6669592261314392,Face+Body,0.2793292999267578,0.3301056921482086,coco_polygon,0.3052521084512791,0.21017846408737817,,12345,0.2318966638703203
,,0.43561962246894836,mask_Face+Body_pure_random_02_mean,pure_matched_random,716,0.021809544414281845,E3_joint_redundancy,,,,,Body,63805,0.664466142654419,Face+Body,0.16393567621707916,0.32027459144592285,coco_polygon,-0.03711000778851272,-0.07637926399186967,,12345,0.22573051269054953
,,0.34107887744903564,mask_Face+Body_pure_random_02_mean,pure_matched_random,816,0.11857399344444275,E3_joint_redundancy,,,,,Body,110182,0.6783723831176758,Face+Body,0.22285303473472595,0.5835392475128174,coco_polygon,-0.02908122961454417,-0.07569674873132785,,12345,0.2003284513285946
,,0.6300570964813232,mask_Face+Body_pure_random_02_mean,pure_matched_random,847,0.15890802443027496,E3_joint_redundancy,,,,,Body,48302,0.6905614733695984,Face+Body,0.2501678168773651,0.2793399393558502,coco_polygon,-0.17643409380064884,-0.04362033131559949,,12345,0.27959292623941545
,,0.7261503338813782,mask_Face+Body_pure_random_02_mean,pure_matched_random,931,0.7472735643386841,E3_joint_redundancy,,,,,Body,70051,0.6786179542541504,Face+Body,0.7268056869506836,0.41699010133743286,coco_bbox_fallback_for_rle,0.12123758655971764,0.08064372723875363,,12345,0.2937501683737476
,,0.5006740093231201,mask_Face+Body_pure_random_02_mean,pure_matched_random,941,0.09638713300228119,E3_joint_redundancy,,,,,Body,51802,0.6673885583877563,Face+Body,0.15298250317573547,0.3134920299053192,coco_polygon,-0.02855205279855917,-0.04547217808945465,,12345,0.34362753894717607
,,0.7592131495475769,mask_Face+Body_pure_random_03_mean,pure_matched_random,21,0.596306562423706,E3_joint_redundancy,,,,,Body,71883,0.6596729755401611,Face+Body,0.41972073912620544,0.4036485552787781,coco_polygon,0.23836684206146358,0.0598576010539372,,12345,0.2251345586175168
,,0.7276304364204407,mask_Face+Body_pure_random_03_mean,pure_matched_random,40,0.26171186566352844,E3_joint_redundancy,,,,,Body,44563,0.5766309499740601,Face+Body,0.14794643223285675,0.24752099812030792,coco_polygon,-0.18171594229847546,0.2430408898564536,,12345,0.6997781681445622
,,0.37650808691978455,mask_Face+Body_pure_random_03_mean,pure_matched_random,220,0.14032326638698578,E3_joint_redundancy,,,,,Body,71775,0.7194831967353821,Face+Body,0.1458665132522583,0.3926660418510437,coco_polygon,-0.239463045242729,-0.17676133785954698,,12345,0.4226067027451256
,,0.648371696472168,mask_Face+Body_pure_random_03_mean,pure_matched_random,366,0.18990157544612885,E3_joint_redundancy,,,,,Body,46652,0.7377743721008301,Face+Body,0.44526273012161255,0.2970447242259979,coco_polygon,0.1963139124928573,-0.10477651441314342,,12345,0.40665124138452247
,,0.393990159034729,mask_Face+Body_pure_random_03_mean,pure_matched_random,474,0.12012887001037598,E3_joint_redundancy,,,,,Body,54856,0.6587001085281372,Face+Body,0.3509284257888794,0.3162778615951538,coco_polygon,0.28301170378127877,0.19018604082279886,,12345,0.23131698265282832
,,0.4193865656852722,mask_Face+Body_pure_random_03_mean,pure_matched_random,716,-0.01513991504907608,E3_joint_redundancy,,,,,Body,63805,0.6734485626220703,Face+Body,0.1618720144033432,0.32677578926086426,coco_polygon,-0.04294156164516515,-0.09909250601135076,,12345,0.21664102947364527
,,0.3363824486732483,mask_Face+Body_pure_random_03_mean,pure_matched_random,816,0.0918523520231247,E3_joint_redundancy,,,,,Body,110182,0.6654612421989441,Face+Body,0.21701101958751678,0.5708643198013306,coco_polygon,-0.04131930556578713,-0.0899732514450621,,12345,0.197698721423161
,,0.6031679511070251,mask_Face+Body_pure_random_03_mean,pure_matched_random,847,0.1226479709148407,E3_joint_redundancy,,,,,Body,48302,0.6896638870239258,Face+Body,0.19749194383621216,0.28696519136428833,coco_polygon,-0.17210527341166512,-0.03763338417224617,,12345,0.28365249195530196
,,0.7466063499450684,mask_Face+Body_pure_random_03_mean,pure_matched_random,931,0.7169731855392456,E3_joint_redundancy,,,,,Body,70051,0.6895530223846436,Face+Body,0.6399972438812256,0.4057280421257019,coco_bbox_fallback_for_rle,0.14775834137140226,0.10679534762343822,,12345,0.29577257268170604
,,0.4859526753425598,mask_Face+Body_pure_random_03_mean,pure_matched_random,941,0.09873654693365097,E3_joint_redundancy,,,,,Body,51802,0.6687234044075012,Face+Body,0.14953026175498962,0.31795448064804077,coco_polygon,-0.029283600191877056,-0.04960174501837048,,12345,0.3463855718215506
,,0.761451244354248,mask_Face+Body_pure_random_04_mean,pure_matched_random,21,0.5828845500946045,E3_joint_redundancy,,,,,Body,71883,0.6590848565101624,Face+Body,0.4099014699459076,0.40439099073410034,coco_polygon,0.23453358460913107,0.06934082084206515,,12345,0.2250684706531217
,,0.736225426197052,mask_Face+Body_pure_random_04_mean,pure_matched_random,40,0.25701671838760376,E3_joint_redundancy,,,,,Body,44563,0.5913001298904419,Face+Body,0.17831426858901978,0.25220054388046265,coco_polygon,-0.15970984014121128,0.24902389436154193,,12345,0.7008737387960849
,,0.3780564069747925,mask_Face+Body_pure_random_04_mean,pure_matched_random,220,0.07759787142276764,E3_joint_redundancy,,,,,Body,71775,0.7200416326522827,Face+Body,0.11141005903482437,0.4160323441028595,coco_polygon,-0.16194290036818387,-0.13947043277968474,,12345,0.39143211133023603
,,0.6799407005310059,mask_Face+Body_pure_random_04_mean,pure_matched_random,366,0.11015276610851288,E3_joint_redundancy,,,,,Body,46652,0.7479944825172424,Face+Body,0.27473941445350647,0.31280383467674255,coco_polygon,0.18697385923931448,-0.12938197090375214,,12345,0.39179693327703574
,,0.4555678963661194,mask_Face+Body_pure_random_04_mean,pure_matched_random,474,0.09583067148923874,E3_joint_redundancy,,,,,Body,54856,0.670157253742218,Face+Body,0.31721049547195435,0.3305267095565796,coco_polygon,0.30468030781255445,0.19563235546331728,,12345,0.22868488085930946
,,0.4661047160625458,mask_Face+Body_pure_random_04_mean,pure_matched_random,716,-0.02605200931429863,E3_joint_redundancy,,,,,Body,63805,0.6723031401634216,Face+Body,0.22043558955192566,0.32568198442459106,coco_polygon,-0.03280115722334466,-0.09395090155504983,,12345,0.2104997122484598
,,0.3569106161594391,mask_Face+Body_pure_random_04_mean,pure_matched_random,816,0.1307390034198761,E3_joint_redundancy,,,,,Body,110182,0.6700812578201294,Face+Body,0.20357957482337952,0.5682905316352844,coco_polygon,-0.03512246838724107,-0.08579486685076132,,12345,0.2010345764791119
,,0.6328606009483337,mask_Face+Body_pure_random_04_mean,pure_matched_random,847,0.17524215579032898,E3_joint_redundancy,,,,,Body,48302,0.6709700226783752,Face+Body,0.21712514758110046,0.2892683446407318,coco_polygon,-0.1659015204618023,-0.024337632599357208,,12345,0.31298999990297977
,,0.7059211134910583,mask_Face+Body_pure_random_04_mean,pure_matched_random,931,0.6897367238998413,E3_joint_redundancy,,,,,Body,70051,0.6874987483024597,Face+Body,0.6501580476760864,0.4064728021621704,coco_bbox_fallback_for_rle,0.09486784190212467,0.0861259862581576,,12345,0.2930190071560935
,,0.5009869933128357,mask_Face+Body_pure_random_04_mean,pure_matched_random,941,0.16347061097621918,E3_joint_redundancy,,,,,Body,51802,0.663763701915741,Face+Body,0.21275947988033295,0.3108412027359009,coco_polygon,-0.05149229277730288,-0.0403213967678025,,12345,0.3404458441852912
,,0.702158510684967,mask_Face+Body_pure_random_05_mean,pure_matched_random,21,0.6616523861885071,E3_joint_redundancy,,,,,Body,71883,0.6980958580970764,Face+Body,0.37975960969924927,0.4090348780155182,coco_polygon,0.25971797840200017,0.13501220165370534,,12345,0.2782194078497365
,,0.7903192639350891,mask_Face+Body_pure_random_05_mean,pure_matched_random,40,0.6788033246994019,E3_joint_redundancy,,,,,Body,44563,0.5631003975868225,Face+Body,0.5610090494155884,0.23214830458164215,coco_polygon,0.1273078306829587,0.3426136223774351,,12345,0.7203298313378891
,,0.5661683082580566,mask_Face+Body_pure_random_05_mean,pure_matched_random,220,0.28769776225090027,E3_joint_redundancy,,,,,Body,71775,0.6456103920936584,Face+Body,0.29604047536849976,0.38892531394958496,coco_polygon,-0.055415061699320256,0.0700219784615714,,12345,0.4315736735231083
,,0.672906219959259,mask_Face+Body_pure_random_05_mean,pure_matched_random,366,0.12666264176368713,E3_joint_redundancy,,,,,Body,46652,0.741044282913208,Face+Body,0.3676718473434448,0.3044952154159546,coco_polygon,0.1785188822231444,-0.12036620631098446,,12345,0.3870592413559044
,,0.42447423934936523,mask_Face+Body_pure_random_05_mean,pure_matched_random,474,0.11767114698886871,E3_joint_redundancy,,,,,Body,54856,0.6853055953979492,Face+Body,0.282602995634079,0.3365415334701538,coco_polygon,0.31524472291782546,0.2422058667895912,,12345,0.2636185547371142
,,0.5508310794830322,mask_Face+Body_pure_random_05_mean,pure_matched_random,716,0.05087543651461601,E3_joint_redundancy,,,,,Body,63805,0.6864559054374695,Face+Body,0.10903333872556686,0.3095366954803467,coco_polygon,-0.012646536682059213,-0.04699795628569569,,12345,0.18802172761428587
,,0.6217776536941528,mask_Face+Body_pure_random_05_mean,pure_matched_random,816,0.18575622141361237,E3_joint_redundancy,,,,,Body,110182,0.7270710468292236,Face+Body,0.22168290615081787,0.6044572591781616,coco_polygon,-0.04295245853567277,-0.08495770680265614,,12345,0.1785044986796028
,,0.4886244535446167,mask_Face+Body_pure_random_05_mean,pure_matched_random,847,0.10897748172283173,E3_joint_redundancy,,,,,Body,48302,0.6842644214630127,Face+Body,0.17801308631896973,0.2638174593448639,coco_polygon,-0.24676374865208675,-0.005718692413625851,,12345,0.32299971852797743
,,0.7074819207191467,mask_Face+Body_pure_random_05_mean,pure_matched_random,931,0.79408860206604,E3_joint_redundancy,,,,,Body,70051,0.6619975566864014,Face+Body,0.7048596143722534,0.3862886428833008,coco_bbox_fallback_for_rle,0.1425914851613928,0.18328063784825482,,12345,0.26092560943804105
,,0.6563639640808105,mask_Face+Body_pure_random_05_mean,pure_matched_random,941,0.24843180179595947,E3_joint_redundancy,,,,,Body,51802,0.6404849290847778,Face+Body,0.23529154062271118,0.2972649335861206,coco_polygon,-0.04101859133704143,-0.025654351405459432,,12345,0.2752311696782351
,,0.7420395612716675,mask_Face+Scene_mean,target_roi,21,0.5886482000350952,E3_joint_redundancy,,,,,Body,71883,0.6614832282066345,Face+Scene,0.40262073278427124,0.40570199489593506,coco_polygon,0.23458740010564935,0.05787264736966174,,12345,0.22500879942041704
,,0.6910021305084229,mask_Face+Scene_mean,target_roi,40,0.2587129771709442,E3_joint_redundancy,,,,,Body,44563,0.5767908096313477,Face+Scene,0.17266808450222015,0.24747852981090546,coco_polygon,-0.1635017903484816,0.25189847991794845,,12345,0.7014694325095922
,,0.4401378333568573,mask_Face+Scene_mean,target_roi,220,0.03722589835524559,E3_joint_redundancy,,,,,Body,71775,0.7156166434288025,Face+Scene,0.1077546700835228,0.39747774600982666,coco_polygon,-0.17600085092747741,-0.1503404655502374,,12345,0.4230541212886868
,,0.6827825307846069,mask_Face+Scene_mean,target_roi,366,0.1671483963727951,E3_joint_redundancy,,,,,Body,46652,0.7302279472351074,Face+Scene,0.22489817440509796,0.302304208278656,coco_polygon,0.18583269478563685,-0.12447687105882195,,12345,0.3895759839540526
,,0.413836270570755,mask_Face+Scene_mean,target_roi,474,0.09302610158920288,E3_joint_redundancy,,,,,Body,54856,0.6663984060287476,Face+Scene,0.26193365454673767,0.33270010352134705,coco_polygon,0.3082668097851696,0.21343032162199757,,12345,0.24166406160316242
,,0.4102582335472107,mask_Face+Scene_mean,target_roi,716,-0.0028453029226511717,E3_joint_redundancy,,,,,Body,63805,0.672195315361023,Face+Scene,0.14496713876724243,0.32020050287246704,coco_polygon,-0.03750481462189263,-0.07157847322521266,,12345,0.20943742819063754
,,0.3513447046279907,mask_Face+Scene_mean,target_roi,816,0.12046880275011063,E3_joint_redundancy,,,,,Body,110182,0.6784676909446716,Face+Scene,0.2040223926305771,0.5796142816543579,coco_polygon,-0.020623342412214772,-0.07306615550548999,,12345,0.20200125874741368
,,0.574240505695343,mask_Face+Scene_mean,target_roi,847,0.13856515288352966,E3_joint_redundancy,,,,,Body,48302,0.6884737610816956,Face+Scene,0.20638278126716614,0.2911081910133362,coco_polygon,-0.1680944652656505,-0.036466582122606686,,12345,0.28119572182830277
,,0.7287471890449524,mask_Face+Scene_mean,target_roi,931,0.7374387383460999,E3_joint_redundancy,,,,,Body,70051,0.678231418132782,Face+Scene,0.6979050636291504,0.42224353551864624,coco_bbox_fallback_for_rle,0.10287219185930893,0.07912999946484532,,12345,0.29339293764372476
,,0.5240115523338318,mask_Face+Scene_mean,target_roi,941,0.10094849765300751,E3_joint_redundancy,,,,,Body,51802,0.6708519458770752,Face+Scene,0.1695793867111206,0.3180123567581177,coco_polygon,-0.03625823947693142,-0.051030531217988145,,12345,0.345653553375943
,,0.7486227750778198,mask_Face+Scene_pure_random_01_mean,pure_matched_random,21,0.6051455140113831,E3_joint_redundancy,,,,,Body,71883,0.6549913883209229,Face+Scene,0.44952094554901123,0.39783066511154175,coco_polygon,0.234948928121133,0.06702360715521914,,12345,0.2321852049586381
,,0.7286598086357117,mask_Face+Scene_pure_random_01_mean,pure_matched_random,40,0.24600782990455627,E3_joint_redundancy,,,,,Body,44563,0.5659003257751465,Face+Scene,0.14608410000801086,0.24559122323989868,coco_polygon,-0.14924279461690115,0.24906095624387992,,12345,0.7088629921863814
,,0.4887900948524475,mask_Face+Scene_pure_random_01_mean,pure_matched_random,220,0.07148849964141846,E3_joint_redundancy,,,,,Body,71775,0.6580771207809448,Face+Scene,0.13930852711200714,0.40215831995010376,coco_polygon,-0.21451455753881296,-0.15784368215965686,,12345,0.4541839455959486
,,0.5638579726219177,mask_Face+Scene_pure_random_01_mean,pure_matched_random,366,0.4207577407360077,E3_joint_redundancy,,,,,Body,46652,0.7408774495124817,Face+Scene,0.3448646068572998,0.29756179451942444,coco_polygon,0.23935637025976364,-0.04994959773588133,,12345,0.40293870164274537
,,0.4278066158294678,mask_Face+Scene_pure_random_01_mean,pure_matched_random,474,0.09734722971916199,E3_joint_redundancy,,,,,Body,54856,0.6612241864204407,Face+Scene,0.410913348197937,0.3387911319732666,coco_polygon,0.33978567641482943,0.22537629994230152,,12345,0.2533376300986564
,,0.4811328947544098,mask_Face+Scene_pure_random_01_mean,pure_matched_random,716,0.027625862509012222,E3_joint_redundancy,,,,,Body,63805,0.6806301474571228,Face+Scene,0.36220210790634155,0.3237628638744354,coco_polygon,-0.026587472281772107,-0.0654401573084813,,12345,0.22321538602615928
,,0.41122347116470337,mask_Face+Scene_pure_random_01_mean,pure_matched_random,816,0.13184420764446259,E3_joint_redundancy,,,,,Body,110182,0.6846703886985779,Face+Scene,0.19972637295722961,0.5819746255874634,coco_polygon,-0.0619887801802765,-0.09747266992976811,,12345,0.2017632422647751
,,0.5928083658218384,mask_Face+Scene_pure_random_01_mean,pure_matched_random,847,0.1049288660287857,E3_joint_redundancy,,,,,Body,48302,0.6668989658355713,Face+Scene,0.1435677856206894,0.2628319263458252,coco_polygon,-0.1820475406003077,-0.007913578857150817,,12345,0.3028247661481745
,,0.7183125615119934,mask_Face+Scene_pure_random_01_mean,pure_matched_random,931,0.7575429081916809,E3_joint_redundancy,,,,,Body,70051,0.6378217339515686,Face+Scene,0.6536710858345032,0.3951743543148041,coco_bbox_fallback_for_rle,0.1439448024464225,0.19666985017000185,,12345,0.2689520126569342
,,0.6025394201278687,mask_Face+Scene_pure_random_01_mean,pure_matched_random,941,0.2730499505996704,E3_joint_redundancy,,,,,Body,51802,0.6637613773345947,Face+Scene,0.22727015614509583,0.31266459822654724,coco_polygon,-0.025970125993122335,0.0029019201048346315,,12345,0.3223606107823998
,,0.7394694089889526,mask_Face+Scene_pure_random_02_mean,pure_matched_random,21,0.6114063858985901,E3_joint_redundancy,,,,,Body,71883,0.6593400835990906,Face+Scene,0.4395090937614441,0.40235215425491333,coco_polygon,0.22975651319179063,0.06327780839579362,,12345,0.23114954393219686
,,0.7136728763580322,mask_Face+Scene_pure_random_02_mean,pure_matched_random,40,0.24842001497745514,E3_joint_redundancy,,,,,Body,44563,0.5876696705818176,Face+Scene,0.1796092391014099,0.25421351194381714,coco_polygon,-0.14822557134658865,0.2517563221625363,,12345,0.7010096892077341
,,0.5055931210517883,mask_Face+Scene_pure_random_02_mean,pure_matched_random,220,0.07062102854251862,E3_joint_redundancy,,,,,Body,71775,0.6967605948448181,Face+Scene,0.21179437637329102,0.4075879454612732,coco_polygon,-0.23272021762746273,-0.17118537910725246,,12345,0.4300400815511844
,,0.6373617053031921,mask_Face+Scene_pure_random_02_mean,pure_matched_random,366,0.10691353678703308,E3_joint_redundancy,,,,,Body,46652,0.725896954536438,Face+Scene,0.2707260549068451,0.3034329414367676,coco_polygon,0.17391966499260209,-0.1222924878918382,,12345,0.388083718218865
,,0.4198506772518158,mask_Face+Scene_pure_random_02_mean,pure_matched_random,474,0.10747813433408737,E3_joint_redundancy,,,,,Body,54856,0.666004478931427,Face+Scene,0.3642650544643402,0.33461689949035645,coco_polygon,0.32396272228731005,0.21854350391238064,,12345,0.24248621379338708
,,0.4181564450263977,mask_Face+Scene_pure_random_02_mean,pure_matched_random,716,0.0223559383302927,E3_joint_redundancy,,,,,Body,63805,0.6679221391677856,Face+Scene,0.20873549580574036,0.32334572076797485,coco_polygon,-0.03507079378734905,-0.06107273370041086,,12345,0.20926684075722574
,,0.3978026211261749,mask_Face+Scene_pure_random_02_mean,pure_matched_random,816,0.14686276018619537,E3_joint_redundancy,,,,,Body,110182,0.6843379735946655,Face+Scene,0.22968274354934692,0.5804087519645691,coco_polygon,-0.04340772027890945,-0.09181534436132169,,12345,0.20031218764632952
,,0.6461763978004456,mask_Face+Scene_pure_random_02_mean,pure_matched_random,847,0.15421666204929352,E3_joint_redundancy,,,,,Body,48302,0.6750672459602356,Face+Scene,0.1981755942106247,0.2613777220249176,coco_polygon,-0.19909979633905053,-0.016809485712778974,,12345,0.29670256493597275
,,0.7568912506103516,mask_Face+Scene_pure_random_02_mean,pure_matched_random,931,0.6978003978729248,E3_joint_redundancy,,,,,Body,70051,0.6739141941070557,Face+Scene,0.6458136439323425,0.39387622475624084,coco_bbox_fallback_for_rle,0.006405256620921668,0.1451387066844976,,12345,0.2954234418089983
,,0.6273838877677917,mask_Face+Scene_pure_random_02_mean,pure_matched_random,941,0.2083987444639206,E3_joint_redundancy,,,,,Body,51802,0.6759426593780518,Face+Scene,0.29519492387771606,0.31851261854171753,coco_polygon,-0.006338287651556407,0.004643965528408574,,12345,0.342089724366501
,,0.7417269349098206,mask_Face+Scene_pure_random_03_mean,pure_matched_random,21,0.6058502793312073,E3_joint_redundancy,,,,,Body,71883,0.653681755065918,Face+Scene,0.43629422783851624,0.40182366967201233,coco_polygon,0.23705351292265084,0.06626118923761083,,12345,0.2279593789131899
,,0.7338594198226929,mask_Face+Scene_pure_random_03_mean,pure_matched_random,40,0.24520868062973022,E3_joint_redundancy,,,,,Body,44563,0.5840749740600586,Face+Scene,0.1782389134168625,0.248589426279068,coco_polygon,-0.15816862816361507,0.24545338931506183,,12345,0.7022031614248913
,,0.40247631072998047,mask_Face+Scene_pure_random_03_mean,pure_matched_random,220,0.053589966148138046,E3_joint_redundancy,,,,,Body,71775,0.7117109894752502,Face+Scene,0.13966476917266846,0.4206826686859131,coco_polygon,-0.16271467481034915,-0.12687417665592227,,12345,0.4103921457688683
,,0.6759009957313538,mask_Face+Scene_pure_random_03_mean,pure_matched_random,366,0.23111189901828766,E3_joint_redundancy,,,,,Body,46652,0.7346275448799133,Face+Scene,0.5092358589172363,0.3068262040615082,coco_polygon,0.15177794671167702,-0.12177134303735473,,12345,0.3983195320748176
,,0.4078529477119446,mask_Face+Scene_pure_random_03_mean,pure_matched_random,474,0.06937800347805023,E3_joint_redundancy,,,,,Body,54856,0.6729317903518677,Face+Scene,0.3437016010284424,0.3291475772857666,coco_polygon,0.3349238976349855,0.21695982276510137,,12345,0.24214088387654933
,,0.43187516927719116,mask_Face+Scene_pure_random_03_mean,pure_matched_random,716,-0.010222852230072021,E3_joint_redundancy,,,,,Body,63805,0.6674643754959106,Face+Scene,0.22895276546478271,0.32197558879852295,coco_polygon,-0.04261749527200722,-0.09142220025392163,,12345,0.2087433762771591
,,0.3908272683620453,mask_Face+Scene_pure_random_03_mean,pure_matched_random,816,0.15179112553596497,E3_joint_redundancy,,,,,Body,110182,0.6834444999694824,Face+Scene,0.2725572884082794,0.5836073756217957,coco_polygon,-0.048320011737631424,-0.09761944041578562,,12345,0.19803631627785256
,,0.673254668712616,mask_Face+Scene_pure_random_03_mean,pure_matched_random,847,0.19919559359550476,E3_joint_redundancy,,,,,Body,48302,0.6749762892723083,Face+Scene,0.22664153575897217,0.27224522829055786,coco_polygon,-0.19370465902223935,-0.008992837525207735,,12345,0.29584468912720696
,,0.7215458154678345,mask_Face+Scene_pure_random_03_mean,pure_matched_random,931,0.7310031652450562,E3_joint_redundancy,,,,,Body,70051,0.6656873822212219,Face+Scene,0.7143288850784302,0.41146335005760193,coco_bbox_fallback_for_rle,0.18305719977488993,0.11543280443203728,,12345,0.28634083783964537
,,0.49790823459625244,mask_Face+Scene_pure_random_03_mean,pure_matched_random,941,0.11813808232545853,E3_joint_redundancy,,,,,Body,51802,0.6691592335700989,Face+Scene,0.15789426863193512,0.3182540237903595,coco_polygon,-0.03858614321774282,-0.04879756460212569,,12345,0.3417424928438671
,,0.750481903553009,mask_Face+Scene_pure_random_04_mean,pure_matched_random,21,0.6118022799491882,E3_joint_redundancy,,,,,Body,71883,0.6683910489082336,Face+Scene,0.3740600347518921,0.4131301939487457,coco_polygon,0.20604800667147782,0.05512291140704332,,12345,0.22308995078376362
,,0.7376173138618469,mask_Face+Scene_pure_random_04_mean,pure_matched_random,40,0.24126508831977844,E3_joint_redundancy,,,,,Body,44563,0.5751345753669739,Face+Scene,0.19107948243618011,0.24731716513633728,coco_polygon,-0.16170671403813702,0.2496223348123584,,12345,0.704493179380523
,,0.34274205565452576,mask_Face+Scene_pure_random_04_mean,pure_matched_random,220,0.04518704488873482,E3_joint_redundancy,,,,,Body,71775,0.7119302153587341,Face+Scene,0.0910915806889534,0.41222432255744934,coco_polygon,-0.17315905209960547,-0.14431361781011315,,12345,0.4222273961850979
,,0.7460763454437256,mask_Face+Scene_pure_random_04_mean,pure_matched_random,366,0.21188309788703918,E3_joint_redundancy,,,,,Body,46652,0.7385872006416321,Face+Scene,0.20639508962631226,0.30344095826148987,coco_polygon,0.2524036802615126,-0.0708626560540871,,12345,0.3598919773244714
,,0.42715907096862793,mask_Face+Scene_pure_random_04_mean,pure_matched_random,474,0.1538960039615631,E3_joint_redundancy,,,,,Body,54856,0.6493161916732788,Face+Scene,0.40560242533683777,0.3288317918777466,coco_polygon,0.3266030156632717,0.2296304178874408,,12345,0.2483064326476012
,,0.38155344128608704,mask_Face+Scene_pure_random_04_mean,pure_matched_random,716,0.03872660920023918,E3_joint_redundancy,,,,,Body,63805,0.6703749895095825,Face+Scene,0.21585308015346527,0.3177153170108795,coco_polygon,-0.040420595406743226,-0.0797164589333958,,12345,0.2154842274033929
,,0.3927588164806366,mask_Face+Scene_pure_random_04_mean,pure_matched_random,816,0.14458754658699036,E3_joint_redundancy,,,,,Body,110182,0.6787427663803101,Face+Scene,0.20332573354244232,0.5827564001083374,coco_polygon,-0.04309074868430692,-0.08512754881554921,,12345,0.20337359509087047
,,0.6455522179603577,mask_Face+Scene_pure_random_04_mean,pure_matched_random,847,0.1885286420583725,E3_joint_redundancy,,,,,Body,48302,0.6837590932846069,Face+Scene,0.2093280553817749,0.2916153073310852,coco_polygon,-0.14960183318722894,-0.023533168551380188,,12345,0.31908839888937
,,0.7187050580978394,mask_Face+Scene_pure_random_04_mean,pure_matched_random,931,0.7425971031188965,E3_joint_redundancy,,,,,Body,70051,0.6744270324707031,Face+Scene,0.7156184911727905,0.411783367395401,coco_bbox_fallback_for_rle,0.12750308894430892,0.08667634988803954,,12345,0.29220713122660336
,,0.6064810752868652,mask_Face+Scene_pure_random_04_mean,pure_matched_random,941,0.31793901324272156,E3_joint_redundancy,,,,,Body,51802,0.6639023423194885,Face+Scene,0.2444848120212555,0.30757731199264526,coco_polygon,-0.018888320167070816,0.015345165361203448,,12345,0.32565257694997624
,,0.7331456542015076,mask_Face+Scene_pure_random_05_mean,pure_matched_random,21,0.5938921570777893,E3_joint_redundancy,,,,,Body,71883,0.655169665813446,Face+Scene,0.46153169870376587,0.4057961106300354,coco_polygon,0.22610159506776123,0.06229586996109881,,12345,0.22658142571780399
,,0.7347617745399475,mask_Face+Scene_pure_random_05_mean,pure_matched_random,40,0.22192883491516113,E3_joint_redundancy,,,,,Body,44563,0.5799031257629395,Face+Scene,0.180547833442688,0.25330591201782227,coco_polygon,-0.1607960586938219,0.25058670773708563,,12345,0.7042750444876801
,,0.38604509830474854,mask_Face+Scene_pure_random_05_mean,pure_matched_random,220,0.034331560134887695,E3_joint_redundancy,,,,,Body,71775,0.7314246296882629,Face+Scene,0.08351251482963562,0.427566260099411,coco_polygon,-0.16582088509508236,-0.14135670978463824,,12345,0.4205010114112939
,,0.6657500863075256,mask_Face+Scene_pure_random_05_mean,pure_matched_random,366,0.2590712308883667,E3_joint_redundancy,,,,,Body,46652,0.7286712527275085,Face+Scene,0.2767839729785919,0.30617329478263855,coco_polygon,0.16298093274568073,-0.1255152160779564,,12345,0.3871192940685217
,,0.48435044288635254,mask_Face+Scene_pure_random_05_mean,pure_matched_random,474,0.1325090527534485,E3_joint_redundancy,,,,,Body,54856,0.665918231010437,Face+Scene,0.30224674940109253,0.33062630891799927,coco_polygon,0.3113371407402473,0.21436733602402866,,12345,0.23650795237756714
,,0.41290414333343506,mask_Face+Scene_pure_random_05_mean,pure_matched_random,716,0.01171302329748869,E3_joint_redundancy,,,,,Body,63805,0.6595644354820251,Face+Scene,0.1696489304304123,0.3153657019138336,coco_polygon,-0.03834613960666243,-0.06736611504704987,,12345,0.21530453091526236
,,0.40714606642723083,mask_Face+Scene_pure_random_05_mean,pure_matched_random,816,0.15494777262210846,E3_joint_redundancy,,,,,Body,110182,0.681590735912323,Face+Scene,0.24948382377624512,0.5759069919586182,coco_polygon,-0.047791720340031846,-0.09529860265683421,,12345,0.19833515176606967
,,0.6751316785812378,mask_Face+Scene_pure_random_05_mean,pure_matched_random,847,0.20640672743320465,E3_joint_redundancy,,,,,Body,48302,0.6825653910636902,Face+Scene,0.2504741847515106,0.27288293838500977,coco_polygon,-0.2185070472390305,-0.03996382367579366,,12345,0.293024848872127
,,0.7331998348236084,mask_Face+Scene_pure_random_05_mean,pure_matched_random,931,0.7304278016090393,E3_joint_redundancy,,,,,Body,70051,0.641667366027832,Face+Scene,0.6763803958892822,0.3946806490421295,coco_bbox_fallback_for_rle,0.008924965481010566,0.04547993733684138,,12345,0.2791499316188562
,,0.44519802927970886,mask_Face+Scene_pure_random_05_mean,pure_matched_random,941,0.09036318212747574,E3_joint_redundancy,,,,,Body,51802,0.6608049869537354,Face+Scene,0.1775127500295639,0.3152632415294647,coco_polygon,-0.030529461733351904,-0.05403397809307629,,12345,0.3427404661788735
,,0.7512772083282471,no_mask,none,21,0.6236371994018555,E3_joint_redundancy,,,,,Body,71883,0.652892529964447,none,0.4418523609638214,0.40220367908477783,coco_polygon,0.22773178585436205,0.06432817153643916,,12345,0.22534238281676572
,,0.7060604691505432,no_mask,none,40,0.2515607178211212,E3_joint_redundancy,,,,,Body,44563,0.5782890915870667,none,0.18648257851600647,0.2503366470336914,coco_polygon,-0.1560148212557031,0.24723432861012945,,12345,0.7038116787554429
,,0.351481556892395,no_mask,none,220,0.04091636836528778,E3_joint_redundancy,,,,,Body,71775,0.7014921307563782,none,0.11234947293996811,0.41396576166152954,coco_polygon,-0.175341584477777,-0.14297189321554613,,12345,0.42146190484882085
,,0.6390030384063721,no_mask,none,366,0.08386708050966263,E3_joint_redundancy,,,,,Body,46652,0.7353142499923706,none,0.31846219301223755,0.3012382388114929,coco_polygon,0.1779203632583191,-0.11337976758929498,,12345,0.3868244767957292
,,0.4086611270904541,no_mask,none,474,0.11467700451612473,E3_joint_redundancy,,,,,Body,54856,0.6690241098403931,none,0.31549128890037537,0.33712953329086304,coco_polygon,0.31865845641015766,0.22105794913997762,,12345,0.24491002211627344
,,0.4358534812927246,no_mask,none,716,0.030892297625541687,E3_joint_redundancy,,,,,Body,63805,0.6629226803779602,none,0.14299330115318298,0.31800413131713867,coco_polygon,-0.03793231750828638,-0.07003514056428942,,12345,0.21290676922549093
,,0.3805235028266907,no_mask,none,816,0.14463265240192413,E3_joint_redundancy,,,,,Body,110182,0.681126058101654,none,0.22590260207653046,0.5757942199707031,coco_polygon,-0.044773705304171824,-0.09309153741046627,,12345,0.20060213993855072
,,0.6331427097320557,no_mask,none,847,0.17545495927333832,E3_joint_redundancy,,,,,Body,48302,0.6723765730857849,none,0.21237070858478546,0.28989142179489136,coco_polygon,-0.16421297722140404,-0.023023453779171848,,12345,0.31483713112392436
,,0.7325503826141357,no_mask,none,931,0.7382659912109375,E3_joint_redundancy,,,,,Body,70051,0.6719454526901245,none,0.7150506377220154,0.4143545627593994,coco_bbox_fallback_for_rle,0.12219611992884447,0.08554160568597433,,12345,0.29313692928289525
,,0.5137518644332886,no_mask,none,941,0.15443821251392365,E3_joint_redundancy,,,,,Body,51802,0.6690236330032349,none,0.19369202852249146,0.31357982754707336,coco_polygon,-0.035052037460863016,-0.04325136720696574,,12345,0.34315618454296487
,,0.7512772083282471,no_mask_repeat,none,21,0.6236371994018555,E3_joint_redundancy,,,,,Body,71883,0.652892529964447,none,0.4418523609638214,0.40220367908477783,coco_polygon,0.22773178585436205,0.06432817153643916,,12345,0.22534238281676572
,,0.7060604691505432,no_mask_repeat,none,40,0.2515607178211212,E3_joint_redundancy,,,,,Body,44563,0.5782890915870667,none,0.18648257851600647,0.2503366470336914,coco_polygon,-0.1560148212557031,0.24723432861012945,,12345,0.7038116787554429
,,0.351481556892395,no_mask_repeat,none,220,0.04091636836528778,E3_joint_redundancy,,,,,Body,71775,0.7014921307563782,none,0.11234947293996811,0.41396576166152954,coco_polygon,-0.175341584477777,-0.14297189321554613,,12345,0.42146190484882085
,,0.6390030384063721,no_mask_repeat,none,366,0.08386708050966263,E3_joint_redundancy,,,,,Body,46652,0.7353142499923706,none,0.31846219301223755,0.3012382388114929,coco_polygon,0.1779203632583191,-0.11337976758929498,,12345,0.3868244767957292
,,0.4086611270904541,no_mask_repeat,none,474,0.11467700451612473,E3_joint_redundancy,,,,,Body,54856,0.6690241098403931,none,0.31549128890037537,0.33712953329086304,coco_polygon,0.31865845641015766,0.22105794913997762,,12345,0.24491002211627344
,,0.4358534812927246,no_mask_repeat,none,716,0.030892297625541687,E3_joint_redundancy,,,,,Body,63805,0.6629226803779602,none,0.14299330115318298,0.31800413131713867,coco_polygon,-0.03793231750828638,-0.07003514056428942,,12345,0.21290676922549093
,,0.3805235028266907,no_mask_repeat,none,816,0.14463265240192413,E3_joint_redundancy,,,,,Body,110182,0.681126058101654,none,0.22590260207653046,0.5757942199707031,coco_polygon,-0.044773705304171824,-0.09309153741046627,,12345,0.20060213993855072
,,0.6331427097320557,no_mask_repeat,none,847,0.17545495927333832,E3_joint_redundancy,,,,,Body,48302,0.6723765730857849,none,0.21237070858478546,0.28989142179489136,coco_polygon,-0.16421297722140404,-0.023023453779171848,,12345,0.31483713112392436
,,0.7325503826141357,no_mask_repeat,none,931,0.7382659912109375,E3_joint_redundancy,,,,,Body,70051,0.6719454526901245,none,0.7150506377220154,0.4143545627593994,coco_bbox_fallback_for_rle,0.12219611992884447,0.08554160568597433,,12345,0.29313692928289525
,,0.5137518644332886,no_mask_repeat,none,941,0.15443821251392365,E3_joint_redundancy,,,,,Body,51802,0.6690236330032349,none,0.19369202852249146,0.31357982754707336,coco_polygon,-0.035052037460863016,-0.04325136720696574,,12345,0.34315618454296487
0.5587320923805237,0.2101423591375351,0.5752019882202148,mask_Body+Scene_mean,target_roi,132,0.1404842585325241,E3_joint_redundancy,,,,,Scene,173828,0.6558423042297363,Body+Scene,,,coco_polygon,,0.10433582372156151,0.0,12345,0.11892998304924365
0.7075451016426086,0.11022549867630005,0.7075451016426086,mask_Body+Scene_mean,target_roi,199,0.11022549867630005,E3_joint_redundancy,,,,,Scene,180625,0.6927683353424072,Body+Scene,,,coco_polygon,,0.12246374953761929,1.0,12345,0.1963591835222113
0.7956247329711914,0.18038849532604218,0.7956247329711914,mask_Body+Scene_mean,target_roi,214,0.18038849532604218,E3_joint_redundancy,,,,,Scene,180625,0.6678656339645386,Body+Scene,,,coco_polygon,,-0.08329502935781993,1.0,12345,0.2765481070715853
0.7282219529151917,0.05380532890558243,0.7282219529151917,mask_Body+Scene_mean,target_roi,303,0.05380532890558243,E3_joint_redundancy,,,,,Scene,180625,0.7544301152229309,Body+Scene,,,coco_polygon,,0.0762650455372455,1.0,12345,0.462032598631184
0.5616065263748169,0.06790784746408463,0.5616065263748169,mask_Body+Scene_mean,target_roi,486,0.06790784746408463,E3_joint_redundancy,,,,,Scene,180625,0.7105575203895569,Body+Scene,,,coco_polygon,,0.113627059127094,1.0,12345,0.08935175965746077
0.7534168362617493,0.033744197338819504,0.7534168362617493,mask_Body+Scene_mean,target_roi,545,0.033744197338819504,E3_joint_redundancy,,,,,Scene,180625,0.7586617469787598,Body+Scene,,,coco_polygon,,0.16283435443136343,1.0,12345,0.44540915027036737
0.7907723188400269,0.591268002986908,0.7907723188400269,mask_Body+Scene_mean,target_roi,640,0.591268002986908,E3_joint_redundancy,,,,,Scene,180625,0.6366015672683716,Body+Scene,,,coco_polygon,,-0.03255720719426649,0.0,12345,0.16855110789814737
0.677510678768158,0.08947284519672394,0.677510678768158,mask_Body+Scene_mean,target_roi,842,0.08947284519672394,E3_joint_redundancy,,,,,Scene,180625,0.784990131855011,Body+Scene,,,coco_polygon,,0.05247400827146923,1.0,12345,0.2712308087061595
0.6056426763534546,0.13314086198806763,0.6056426763534546,mask_Body+Scene_mean,target_roi,893,0.13314086198806763,E3_joint_redundancy,,,,,Scene,180625,0.7817699313163757,Body+Scene,,,coco_polygon,,0.2639688219176896,0.0,12345,0.2953604844535161
0.5846433639526367,0.006099763326346874,0.5846433639526367,mask_Body+Scene_mean,target_roi,999,0.006099763326346874,E3_joint_redundancy,,,,,Scene,180625,0.754591703414917,Body+Scene,,,coco_polygon,,0.09546087106700157,1.0,12345,0.35455810529624154
0.5400132536888123,0.14726276695728302,0.5375285744667053,mask_Body+Scene_pure_random_01_mean,pure_matched_random,132,0.11666739732027054,E3_joint_redundancy,,,,,Scene,173828,0.6813820004463196,Body+Scene,,,coco_polygon,,0.09337707535526633,1.0,12345,0.11306888715679225
0.6080436110496521,0.08811168372631073,0.6080436110496521,mask_Body+Scene_pure_random_01_mean,pure_matched_random,199,0.08811168372631073,E3_joint_redundancy,,,,,Scene,180625,0.708856999874115,Body+Scene,,,coco_polygon,,0.12128308159481566,1.0,12345,0.2006336374384493
0.7720693349838257,0.12414823472499847,0.7720693349838257,mask_Body+Scene_pure_random_01_mean,pure_matched_random,214,0.12414823472499847,E3_joint_redundancy,,,,,Scene,180625,0.7006272077560425,Body+Scene,,,coco_polygon,,-0.10571388963124567,1.0,12345,0.2989142022387371
0.6518819332122803,0.10346252471208572,0.6518819332122803,mask_Body+Scene_pure_random_01_mean,pure_matched_random,303,0.10346252471208572,E3_joint_redundancy,,,,,Scene,180625,0.7316731810569763,Body+Scene,,,coco_polygon,,0.11804834089655737,1.0,12345,0.4459432027128906
0.5147508382797241,0.005961057264357805,0.5147508382797241,mask_Body+Scene_pure_random_01_mean,pure_matched_random,486,0.005961057264357805,E3_joint_redundancy,,,,,Scene,180625,0.8144329190254211,Body+Scene,,,coco_polygon,,0.2385508628972374,0.0,12345,0.11109575754039414
0.7632128000259399,0.030031973496079445,0.7632128000259399,mask_Body+Scene_pure_random_01_mean,pure_matched_random,545,0.030031973496079445,E3_joint_redundancy,,,,,Scene,180625,0.7776703834533691,Body+Scene,,,coco_polygon,,0.10343314708728973,1.0,12345,0.4351733272865996
0.8458975553512573,0.6944735050201416,0.8458975553512573,mask_Body+Scene_pure_random_01_mean,pure_matched_random,640,0.6944735050201416,E3_joint_redundancy,,,,,Scene,180625,0.6349241137504578,Body+Scene,,,coco_polygon,,-0.05734057733963336,0.0,12345,0.17096144187217371
0.6836127042770386,0.02873939834535122,0.6836127042770386,mask_Body+Scene_pure_random_01_mean,pure_matched_random,842,0.02873939834535122,E3_joint_redundancy,,,,,Scene,180625,0.7671424746513367,Body+Scene,,,coco_polygon,,0.07266572956777022,1.0,12345,0.25868583503812037
0.4029463529586792,0.021229151636362076,0.4029463529586792,mask_Body+Scene_pure_random_01_mean,pure_matched_random,893,0.021229151636362076,E3_joint_redundancy,,,,,Scene,180625,0.7977088689804077,Body+Scene,,,coco_polygon,,0.3462706398787263,0.0,12345,0.2843139497529302
0.6488332748413086,-0.0016466304659843445,0.6488332748413086,mask_Body+Scene_pure_random_01_mean,pure_matched_random,999,-0.0016466304659843445,E3_joint_redundancy,,,,,Scene,180625,0.7335922718048096,Body+Scene,,,coco_polygon,,0.09025240107382336,1.0,12345,0.33686860322409645
0.5532166957855225,0.14519116282463074,0.5705083608627319,mask_Body+Scene_pure_random_02_mean,pure_matched_random,132,0.12818768620491028,E3_joint_redundancy,,,,,Scene,173828,0.671302080154419,Body+Scene,,,coco_polygon,,0.09068590531497589,1.0,12345,0.1065054583393066
0.6471300721168518,0.12310724705457687,0.6471300721168518,mask_Body+Scene_pure_random_02_mean,pure_matched_random,199,0.12310724705457687,E3_joint_redundancy,,,,,Scene,180625,0.7080404758453369,Body+Scene,,,coco_polygon,,0.11408294595892204,1.0,12345,0.19835866312483935
0.5906243920326233,0.018294107168912888,0.5906243920326233,mask_Body+Scene_pure_random_02_mean,pure_matched_random,214,0.018294107168912888,E3_joint_redundancy,,,,,Scene,180625,0.6663452982902527,Body+Scene,,,coco_polygon,,-0.17582289412669322,1.0,12345,0.25745404680764117
0.7187265157699585,0.07270607352256775,0.7187265157699585,mask_Body+Scene_pure_random_02_mean,pure_matched_random,303,0.07270607352256775,E3_joint_redundancy,,,,,Scene,180625,0.7268264293670654,Body+Scene,,,coco_polygon,,0.14384106820229148,1.0,12345,0.42060762136399404
0.6533461213111877,0.15623199939727783,0.6533461213111877,mask_Body+Scene_pure_random_02_mean,pure_matched_random,486,0.15623199939727783,E3_joint_redundancy,,,,,Scene,180625,0.7193744778633118,Body+Scene,,,coco_polygon,,0.12500691901998315,0.0,12345,0.09798686139975733
0.6607463359832764,0.12855634093284607,0.6607463359832764,mask_Body+Scene_pure_random_02_mean,pure_matched_random,545,0.12855634093284607,E3_joint_redundancy,,,,,Scene,180625,0.770876407623291,Body+Scene,,,coco_polygon,,0.10387707322657899,1.0,12345,0.4315923984293722
0.8503944873809814,0.6833844184875488,0.8503944873809814,mask_Body+Scene_pure_random_02_mean,pure_matched_random,640,0.6833844184875488,E3_joint_redundancy,,,,,Scene,180625,0.6566557288169861,Body+Scene,,,coco_polygon,,-0.07870010895088764,0.0,12345,0.16401658161180163
0.6933065056800842,0.0973961353302002,0.6933065056800842,mask_Body+Scene_pure_random_02_mean,pure_matched_random,842,0.0973961353302002,E3_joint_redundancy,,,,,Scene,180625,0.7944772243499756,Body+Scene,,,coco_polygon,,0.07401509856166867,1.0,12345,0.27732485485897734
0.47843602299690247,0.015122299082577229,0.47843602299690247,mask_Body+Scene_pure_random_02_mean,pure_matched_random,893,0.015122299082577229,E3_joint_redundancy,,,,,Scene,180625,0.8157357573509216,Body+Scene,,,coco_polygon,,0.3291867398555234,0.0,12345,0.2810907757935754
0.6739944219589233,-0.012047404423356056,0.6739944219589233,mask_Body+Scene_pure_random_02_mean,pure_matched_random,999,-0.012047404423356056,E3_joint_redundancy,,,,,Scene,180625,0.7287740707397461,Body+Scene,,,coco_polygon,,0.11229337895391095,1.0,12345,0.3317163039039011
0.524939239025116,0.18305127322673798,0.5070303678512573,mask_Body+Scene_pure_random_03_mean,pure_matched_random,132,0.14213985204696655,E3_joint_redundancy,,,,,Scene,173828,0.6774404644966125,Body+Scene,,,coco_polygon,,0.07302693829739948,1.0,12345,0.10198967315264543
0.685111403465271,0.1751517951488495,0.685111403465271,mask_Body+Scene_pure_random_03_mean,pure_matched_random,199,0.1751517951488495,E3_joint_redundancy,,,,,Scene,180625,0.6877745389938354,Body+Scene,,,coco_polygon,,0.13322487083594492,1.0,12345,0.19867692471762344
0.8490765690803528,0.15189287066459656,0.8490765690803528,mask_Body+Scene_pure_random_03_mean,pure_matched_random,214,0.15189287066459656,E3_joint_redundancy,,,,,Scene,180625,0.6700121164321899,Body+Scene,,,coco_polygon,,-0.08305798903363039,1.0,12345,0.30180816684483114
0.6181231737136841,0.08386114239692688,0.6181231737136841,mask_Body+Scene_pure_random_03_mean,pure_matched_random,303,0.08386114239692688,E3_joint_redundancy,,,,,Scene,180625,0.7278969287872314,Body+Scene,,,coco_polygon,,0.1295876387503937,1.0,12345,0.4315269919243419
0.5360016822814941,0.01104101724922657,0.5360016822814941,mask_Body+Scene_pure_random_03_mean,pure_matched_random,486,0.01104101724922657,E3_joint_redundancy,,,,,Scene,180625,0.7394402623176575,Body+Scene,,,coco_polygon,,0.09096750632569767,0.0,12345,0.07308460782050753
0.6993099451065063,0.07669607549905777,0.6993099451065063,mask_Body+Scene_pure_random_03_mean,pure_matched_random,545,0.07669607549905777,E3_joint_redundancy,,,,,Scene,180625,0.7673754096031189,Body+Scene,,,coco_polygon,,0.09496356198827362,1.0,12345,0.4275752045431865
0.798944890499115,0.5399758815765381,0.798944890499115,mask_Body+Scene_pure_random_03_mean,pure_matched_random,640,0.5399758815765381,E3_joint_redundancy,,,,,Scene,180625,0.6308932900428772,Body+Scene,,,coco_polygon,,-0.024372306644087297,0.0,12345,0.17040901796590308
0.709470808506012,0.061163969337940216,0.709470808506012,mask_Body+Scene_pure_random_03_mean,pure_matched_random,842,0.061163969337940216,E3_joint_redundancy,,,,,Scene,180625,0.776452898979187,Body+Scene,,,coco_polygon,,0.033803751597957,1.0,12345,0.2556245181303281
0.6151140928268433,0.1605854034423828,0.6151140928268433,mask_Body+Scene_pure_random_03_mean,pure_matched_random,893,0.1605854034423828,E3_joint_redundancy,,,,,Scene,180625,0.7445605397224426,Body+Scene,,,coco_polygon,,0.23698792573878713,0.0,12345,0.278225394439231
0.6404528021812439,0.0005275029689073563,0.6404528021812439,mask_Body+Scene_pure_random_03_mean,pure_matched_random,999,0.0005275029689073563,E3_joint_redundancy,,,,,Scene,180625,0.7125353813171387,Body+Scene,,,coco_polygon,,0.14643756713236414,1.0,12345,0.35110540646500366
0.5751587152481079,0.15710888803005219,0.559222400188446,mask_Body+Scene_pure_random_04_mean,pure_matched_random,132,0.12792308628559113,E3_joint_redundancy,,,,,Scene,173828,0.6644487380981445,Body+Scene,,,coco_polygon,,0.08913671087172985,1.0,12345,0.10848058148172454
0.5577325820922852,0.10282395035028458,0.5577325820922852,mask_Body+Scene_pure_random_04_mean,pure_matched_random,199,0.10282395035028458,E3_joint_redundancy,,,,,Scene,180625,0.7080801129341125,Body+Scene,,,coco_polygon,,0.11863575299950112,1.0,12345,0.19886322659704567
0.7124249339103699,0.18209615349769592,0.7124249339103699,mask_Body+Scene_pure_random_04_mean,pure_matched_random,214,0.18209615349769592,E3_joint_redundancy,,,,,Scene,180625,0.6466562151908875,Body+Scene,,,coco_polygon,,-0.11928520856791001,1.0,12345,0.283271240643834
0.6570270657539368,0.04193388670682907,0.6570270657539368,mask_Body+Scene_pure_random_04_mean,pure_matched_random,303,0.04193388670682907,E3_joint_redundancy,,,,,Scene,180625,0.7558099627494812,Body+Scene,,,coco_polygon,,0.16105732711621276,1.0,12345,0.4292055032300426
0.646051824092865,0.16685530543327332,0.646051824092865,mask_Body+Scene_pure_random_04_mean,pure_matched_random,486,0.16685530543327332,E3_joint_redundancy,,,,,Scene,180625,0.7183358669281006,Body+Scene,,,coco_polygon,,0.12471775123658793,0.0,12345,0.09754246814661943
0.7068308591842651,0.06086677312850952,0.7068308591842651,mask_Body+Scene_pure_random_04_mean,pure_matched_random,545,0.06086677312850952,E3_joint_redundancy,,,,,Scene,180625,0.7438863515853882,Body+Scene,,,coco_polygon,,0.08730167564262033,1.0,12345,0.42224192451229353
0.8239591121673584,0.6267414093017578,0.8239591121673584,mask_Body+Scene_pure_random_04_mean,pure_matched_random,640,0.6267414093017578,E3_joint_redundancy,,,,,Scene,180625,0.6364048719406128,Body+Scene,,,coco_polygon,,-0.0573793316672769,0.0,12345,0.165160599876547
0.7104097604751587,0.08017956465482712,0.7104097604751587,mask_Body+Scene_pure_random_04_mean,pure_matched_random,842,0.08017956465482712,E3_joint_redundancy,,,,,Scene,180625,0.7866219878196716,Body+Scene,,,coco_polygon,,0.08372734788215747,1.0,12345,0.26492452872111516
0.573150634765625,0.08144354820251465,0.573150634765625,mask_Body+Scene_pure_random_04_mean,pure_matched_random,893,0.08144354820251465,E3_joint_redundancy,,,,,Scene,180625,0.7916392087936401,Body+Scene,,,coco_polygon,,0.34255130429245184,0.0,12345,0.2840790354583612
0.6575971245765686,0.025066237896680832,0.6575971245765686,mask_Body+Scene_pure_random_04_mean,pure_matched_random,999,0.025066237896680832,E3_joint_redundancy,,,,,Scene,180625,0.740239143371582,Body+Scene,,,coco_polygon,,0.08124107145961967,1.0,12345,0.3418345341123433
0.5607831478118896,0.18994447588920593,0.5741671919822693,mask_Body+Scene_pure_random_05_mean,pure_matched_random,132,0.1528160125017166,E3_joint_redundancy,,,,,Scene,173828,0.6918702125549316,Body+Scene,,,coco_polygon,,0.0826304463255246,1.0,12345,0.10358462816975215
0.589492678642273,0.1284712255001068,0.589492678642273,mask_Body+Scene_pure_random_05_mean,pure_matched_random,199,0.1284712255001068,E3_joint_redundancy,,,,,Scene,180625,0.6831008195877075,Body+Scene,,,coco_polygon,,0.13454271805709156,1.0,12345,0.2048731978929467
0.8438502550125122,0.23116658627986908,0.8438502550125122,mask_Body+Scene_pure_random_05_mean,pure_matched_random,214,0.23116658627986908,E3_joint_redundancy,,,,,Scene,180625,0.6600763201713562,Body+Scene,,,coco_polygon,,-0.06913902909482893,1.0,12345,0.2898303545114531
0.6144886612892151,0.057563234120607376,0.6144886612892151,mask_Body+Scene_pure_random_05_mean,pure_matched_random,303,0.057563234120607376,E3_joint_redundancy,,,,,Scene,180625,0.750759482383728,Body+Scene,,,coco_polygon,,0.10632888927850583,1.0,12345,0.4396570713248213
0.6947660446166992,0.26001420617103577,0.6947660446166992,mask_Body+Scene_pure_random_05_mean,pure_matched_random,486,0.26001420617103577,E3_joint_redundancy,,,,,Scene,180625,0.7051998376846313,Body+Scene,,,coco_polygon,,0.13572132753758193,0.0,12345,0.0930625907098945
0.703588604927063,0.03606276214122772,0.703588604927063,mask_Body+Scene_pure_random_05_mean,pure_matched_random,545,0.03606276214122772,E3_joint_redundancy,,,,,Scene,180625,0.7387030124664307,Body+Scene,,,coco_polygon,,0.08366242479584984,1.0,12345,0.415582815847537
0.813713788986206,0.6445627212524414,0.813713788986206,mask_Body+Scene_pure_random_05_mean,pure_matched_random,640,0.6445627212524414,E3_joint_redundancy,,,,,Scene,180625,0.6460205316543579,Body+Scene,,,coco_polygon,,-0.06494031857035391,0.0,12345,0.16465178123460167
0.7411326169967651,0.1086231917142868,0.7411326169967651,mask_Body+Scene_pure_random_05_mean,pure_matched_random,842,0.1086231917142868,E3_joint_redundancy,,,,,Scene,180625,0.7895399332046509,Body+Scene,,,coco_polygon,,0.04861669601350059,1.0,12345,0.2612325282387915
0.5660558938980103,0.06494727730751038,0.5660558938980103,mask_Body+Scene_pure_random_05_mean,pure_matched_random,893,0.06494727730751038,E3_joint_redundancy,,,,,Scene,180625,0.7837892770767212,Body+Scene,,,coco_polygon,,0.3445770486908441,0.0,12345,0.28342342327411735
0.6977347135543823,0.0014431504532694817,0.6977347135543823,mask_Body+Scene_pure_random_05_mean,pure_matched_random,999,0.0014431504532694817,E3_joint_redundancy,,,,,Scene,180625,0.7153643369674683,Body+Scene,,,coco_polygon,,0.09480472828235877,1.0,12345,0.3247810140844333
0.5324563384056091,0.20667651295661926,0.5633906722068787,mask_Face+Body+Scene_mean,target_roi,132,0.16828995943069458,E3_joint_redundancy,,,,,Scene,173828,0.668563961982727,Face+Body+Scene,,,coco_polygon,,0.09561536915779688,0.0,12345,0.11488792988852017
0.6827397346496582,0.13837049901485443,0.6827397346496582,mask_Face+Body+Scene_mean,target_roi,199,0.13837049901485443,E3_joint_redundancy,,,,,Scene,180625,0.6883237361907959,Face+Body+Scene,,,coco_polygon,,0.1216770130075781,1.0,12345,0.19595173379196615
0.86561518907547,0.3243379294872284,0.86561518907547,mask_Face+Body+Scene_mean,target_roi,214,0.3243379294872284,E3_joint_redundancy,,,,,Scene,180625,0.6682653427124023,Face+Body+Scene,,,coco_polygon,,-0.04898391505972768,1.0,12345,0.2885768028652167
0.6485808491706848,0.08414125442504883,0.6485808491706848,mask_Face+Body+Scene_mean,target_roi,303,0.08414125442504883,E3_joint_redundancy,,,,,Scene,180625,0.7420855760574341,Face+Body+Scene,,,coco_polygon,,0.04617041122230061,1.0,12345,0.480140985874211
0.5818524956703186,0.10695626586675644,0.5818524956703186,mask_Face+Body+Scene_mean,target_roi,486,0.10695626586675644,E3_joint_redundancy,,,,,Scene,180625,0.6884189248085022,Face+Body+Scene,,,coco_polygon,,0.09289396087518763,0.0,12345,0.0821061738298158
0.7389398217201233,0.05324159935116768,0.7389398217201233,mask_Face+Body+Scene_mean,target_roi,545,0.05324159935116768,E3_joint_redundancy,,,,,Scene,180625,0.765366792678833,Face+Body+Scene,,,coco_polygon,,0.1705569696652282,1.0,12345,0.44593820718841837
0.7861121892929077,0.6298456192016602,0.7861121892929077,mask_Face+Body+Scene_mean,target_roi,640,0.6298456192016602,E3_joint_redundancy,,,,,Scene,180625,0.6330262422561646,Face+Body+Scene,,,coco_polygon,,-0.05962835430215307,0.0,12345,0.17099996558921932
0.704084038734436,0.09693139791488647,0.704084038734436,mask_Face+Body+Scene_mean,target_roi,842,0.09693139791488647,E3_joint_redundancy,,,,,Scene,180625,0.7971584796905518,Face+Body+Scene,,,coco_polygon,,0.07662003333182248,1.0,12345,0.2729623420918205
0.655871570110321,0.08589032292366028,0.655871570110321,mask_Face+Body+Scene_mean,target_roi,893,0.08589032292366028,E3_joint_redundancy,,,,,Scene,180625,0.7757440805435181,Face+Body+Scene,,,coco_polygon,,0.30335288575672154,0.0,12345,0.2976454573141354
0.5765102505683899,0.01248168759047985,0.5765102505683899,mask_Face+Body+Scene_mean,target_roi,999,0.01248168759047985,E3_joint_redundancy,,,,,Scene,180625,0.7481312155723572,Face+Body+Scene,,,coco_polygon,,0.09611280262880685,1.0,12345,0.35486104227800125
0.551001250743866,0.15541096031665802,0.5595510005950928,mask_Face+Body+Scene_pure_random_01_mean,pure_matched_random,132,0.11209482699632645,E3_joint_redundancy,,,,,Scene,173828,0.6789796352386475,Face+Body+Scene,,,coco_polygon,,0.10000986912432364,1.0,12345,0.11145934408628203
0.6854944825172424,0.1415645182132721,0.6854944825172424,mask_Face+Body+Scene_pure_random_01_mean,pure_matched_random,199,0.1415645182132721,E3_joint_redundancy,,,,,Scene,180625,0.7122675180435181,Face+Body+Scene,,,coco_polygon,,0.11186829299601815,1.0,12345,0.19876477136060836
0.7708320617675781,0.03820426017045975,0.7708320617675781,mask_Face+Body+Scene_pure_random_01_mean,pure_matched_random,214,0.03820426017045975,E3_joint_redundancy,,,,,Scene,180625,0.6714656352996826,Face+Body+Scene,,,coco_polygon,,-0.1350005121192684,1.0,12345,0.29904799829970713
0.667568564414978,0.03140229731798172,0.667568564414978,mask_Face+Body+Scene_pure_random_01_mean,pure_matched_random,303,0.03140229731798172,E3_joint_redundancy,,,,,Scene,180625,0.7355183362960815,Face+Body+Scene,,,coco_polygon,,0.11348478766365909,1.0,12345,0.4521598577826549
0.5342307090759277,0.013684938661754131,0.5342307090759277,mask_Face+Body+Scene_pure_random_01_mean,pure_matched_random,486,0.013684938661754131,E3_joint_redundancy,,,,,Scene,180625,0.7950912714004517,Face+Body+Scene,,,coco_polygon,,0.2697246679011132,0.0,12345,0.11579059384745366
0.7346380352973938,0.0705912783741951,0.7346380352973938,mask_Face+Body+Scene_pure_random_01_mean,pure_matched_random,545,0.0705912783741951,E3_joint_redundancy,,,,,Scene,180625,0.7797059416770935,Face+Body+Scene,,,coco_polygon,,0.09512380388603871,1.0,12345,0.4370732525196647
0.8251972794532776,0.611896812915802,0.8251972794532776,mask_Face+Body+Scene_pure_random_01_mean,pure_matched_random,640,0.611896812915802,E3_joint_redundancy,,,,,Scene,180625,0.6346749067306519,Face+Body+Scene,,,coco_polygon,,-0.05089036660647073,0.0,12345,0.16927114316515246
0.7082791924476624,0.03618026524782181,0.7082791924476624,mask_Face+Body+Scene_pure_random_01_mean,pure_matched_random,842,0.03618026524782181,E3_joint_redundancy,,,,,Scene,180625,0.7683075070381165,Face+Body+Scene,,,coco_polygon,,0.12018838331312885,1.0,12345,0.26911991993234463
0.5236914753913879,0.09045201539993286,0.5236914753913879,mask_Face+Body+Scene_pure_random_01_mean,pure_matched_random,893,0.09045201539993286,E3_joint_redundancy,,,,,Scene,180625,0.7840078473091125,Face+Body+Scene,,,coco_polygon,,0.34245066563568166,0.0,12345,0.28453445983884146
0.6290717124938965,-0.00613782461732626,0.6290717124938965,mask_Face+Body+Scene_pure_random_01_mean,pure_matched_random,999,-0.00613782461732626,E3_joint_redundancy,,,,,Scene,180625,0.7381382584571838,Face+Body+Scene,,,coco_polygon,,0.11258764766324568,1.0,12345,0.3425096472982649
0.526184618473053,0.17748351395130157,0.532514214515686,mask_Face+Body+Scene_pure_random_02_mean,pure_matched_random,132,0.15188147127628326,E3_joint_redundancy,,,,,Scene,173828,0.6730420589447021,Face+Body+Scene,,,coco_polygon,,0.09433001449582619,1.0,12345,0.10974653527686633
0.6426386833190918,0.08112329244613647,0.6426386833190918,mask_Face+Body+Scene_pure_random_02_mean,pure_matched_random,199,0.08112329244613647,E3_joint_redundancy,,,,,Scene,180625,0.7188354730606079,Face+Body+Scene,,,coco_polygon,,0.10246083603581398,1.0,12345,0.19185951221801226
0.7649102210998535,0.16652150452136993,0.7649102210998535,mask_Face+Body+Scene_pure_random_02_mean,pure_matched_random,214,0.16652150452136993,E3_joint_redundancy,,,,,Scene,180625,0.6911803483963013,Face+Body+Scene,,,coco_polygon,,-0.1125161969188346,1.0,12345,0.30918567932525143
0.6909626722335815,0.15195058286190033,0.6909626722335815,mask_Face+Body+Scene_pure_random_02_mean,pure_matched_random,303,0.15195058286190033,E3_joint_redundancy,,,,,Scene,180625,0.7475888729095459,Face+Body+Scene,,,coco_polygon,,0.15469669195610528,1.0,12345,0.4607905652988948
0.6306889057159424,0.22324572503566742,0.6306889057159424,mask_Face+Body+Scene_pure_random_02_mean,pure_matched_random,486,0.22324572503566742,E3_joint_redundancy,,,,,Scene,180625,0.7054336667060852,Face+Body+Scene,,,coco_polygon,,0.12336449171868587,0.0,12345,0.10012891142672686
0.686499834060669,0.03608272597193718,0.686499834060669,mask_Face+Body+Scene_pure_random_02_mean,pure_matched_random,545,0.03608272597193718,E3_joint_redundancy,,,,,Scene,180625,0.7688195705413818,Face+Body+Scene,,,coco_polygon,,0.10037208789339175,1.0,12345,0.42753154662463794
0.8276075124740601,0.567598283290863,0.8276075124740601,mask_Face+Body+Scene_pure_random_02_mean,pure_matched_random,640,0.567598283290863,E3_joint_redundancy,,,,,Scene,180625,0.6316500902175903,Face+Body+Scene,,,coco_polygon,,-0.04621400978315224,0.0,12345,0.16607120817814341
0.6897068023681641,0.07129940390586853,0.6897068023681641,mask_Face+Body+Scene_pure_random_02_mean,pure_matched_random,842,0.07129940390586853,E3_joint_redundancy,,,,,Scene,180625,0.7883641719818115,Face+Body+Scene,,,coco_polygon,,0.05508111879028865,1.0,12345,0.26739328647073246
0.5163223743438721,0.07689845561981201,0.5163223743438721,mask_Face+Body+Scene_pure_random_02_mean,pure_matched_random,893,0.07689845561981201,E3_joint_redundancy,,,,,Scene,180625,0.7777448892593384,Face+Body+Scene,,,coco_polygon,,0.34158791762475366,0.0,12345,0.2812709195884903
0.6696053743362427,0.009871654212474823,0.6696053743362427,mask_Face+Body+Scene_pure_random_02_mean,pure_matched_random,999,0.009871654212474823,E3_joint_redundancy,,,,,Scene,180625,0.7339935302734375,Face+Body+Scene,,,coco_polygon,,0.11399309794664704,1.0,12345,0.33848797323817076
0.5443212389945984,0.21454140543937683,0.566006600856781,mask_Face+Body+Scene_pure_random_03_mean,pure_matched_random,132,0.17579428851604462,E3_joint_redundancy,,,,,Scene,173828,0.6854500770568848,Face+Body+Scene,,,coco_polygon,,0.08413222326108584,1.0,12345,0.10357240661695816
0.5562509298324585,0.14733856916427612,0.5562509298324585,mask_Face+Body+Scene_pure_random_03_mean,pure_matched_random,199,0.14733856916427612,E3_joint_redundancy,,,,,Scene,180625,0.6875474452972412,Face+Body+Scene,,,coco_polygon,,0.1437279843613615,1.0,12345,0.2045572891851618
0.778626561164856,-0.00978730246424675,0.778626561164856,mask_Face+Body+Scene_pure_random_03_mean,pure_matched_random,214,-0.00978730246424675,E3_joint_redundancy,,,,,Scene,180625,0.6807640194892883,Face+Body+Scene,,,coco_polygon,,-0.054874257200548025,1.0,12345,0.31934405845569247
0.6202715635299683,0.0638880729675293,0.6202715635299683,mask_Face+Body+Scene_pure_random_03_mean,pure_matched_random,303,0.0638880729675293,E3_joint_redundancy,,,,,Scene,180625,0.7095901370048523,Face+Body+Scene,,,coco_polygon,,0.13143972238774215,1.0,12345,0.4240086247379272
0.6452893614768982,0.1613646000623703,0.6452893614768982,mask_Face+Body+Scene_pure_random_03_mean,pure_matched_random,486,0.1613646000623703,E3_joint_redundancy,,,,,Scene,180625,0.7043471336364746,Face+Body+Scene,,,coco_polygon,,0.1248414917845552,0.0,12345,0.09363665111835504
0.6971381306648254,0.010157359763979912,0.6971381306648254,mask_Face+Body+Scene_pure_random_03_mean,pure_matched_random,545,0.010157359763979912,E3_joint_redundancy,,,,,Scene,180625,0.7653856873512268,Face+Body+Scene,,,coco_polygon,,0.09275141814832162,1.0,12345,0.4366149835808272
0.8432596325874329,0.6679689288139343,0.8432596325874329,mask_Face+Body+Scene_pure_random_03_mean,pure_matched_random,640,0.6679689288139343,E3_joint_redundancy,,,,,Scene,180625,0.6575881838798523,Face+Body+Scene,,,coco_polygon,,-0.06840013918866653,0.0,12345,0.16470100208010888
0.7296234369277954,0.05988588556647301,0.7296234369277954,mask_Face+Body+Scene_pure_random_03_mean,pure_matched_random,842,0.05988588556647301,E3_joint_redundancy,,,,,Scene,180625,0.7325502634048462,Face+Body+Scene,,,coco_polygon,,0.09511312784056085,1.0,12345,0.2713947852274352
0.3864534795284271,0.0061996858566999435,0.3864534795284271,mask_Face+Body+Scene_pure_random_03_mean,pure_matched_random,893,0.0061996858566999435,E3_joint_redundancy,,,,,Scene,180625,0.8014702200889587,Face+Body+Scene,,,coco_polygon,,0.3496030766936633,0.0,12345,0.28485307871212856
0.6490012407302856,-0.0044134389609098434,0.6490012407302856,mask_Face+Body+Scene_pure_random_03_mean,pure_matched_random,999,-0.0044134389609098434,E3_joint_redundancy,,,,,Scene,180625,0.7390445470809937,Face+Body+Scene,,,coco_polygon,,0.0509942523692712,1.0,12345,0.32669969393310105
0.5328376889228821,0.1692975014448166,0.5487609505653381,mask_Face+Body+Scene_pure_random_04_mean,pure_matched_random,132,0.14295591413974762,E3_joint_redundancy,,,,,Scene,173828,0.6898062229156494,Face+Body+Scene,,,coco_polygon,,0.08883934911453464,1.0,12345,0.10347854986806285
0.6789954304695129,0.0903153270483017,0.6789954304695129,mask_Face+Body+Scene_pure_random_04_mean,pure_matched_random,199,0.0903153270483017,E3_joint_redundancy,,,,,Scene,180625,0.6870840191841125,Face+Body+Scene,,,coco_polygon,,0.13934284266861977,1.0,12345,0.19616952809857094
0.6021552681922913,-0.03345397859811783,0.6021552681922913,mask_Face+Body+Scene_pure_random_04_mean,pure_matched_random,214,-0.03345397859811783,E3_joint_redundancy,,,,,Scene,180625,0.6728242039680481,Face+Body+Scene,,,coco_polygon,,-0.17317587451765915,1.0,12345,0.2883090932000354
0.6184253096580505,0.0576600655913353,0.6184253096580505,mask_Face+Body+Scene_pure_random_04_mean,pure_matched_random,303,0.0576600655913353,E3_joint_redundancy,,,,,Scene,180625,0.7300778031349182,Face+Body+Scene,,,coco_polygon,,0.121929887133186,1.0,12345,0.4422984031908162
0.6254950761795044,0.21206806600093842,0.6254950761795044,mask_Face+Body+Scene_pure_random_04_mean,pure_matched_random,486,0.21206806600093842,E3_joint_redundancy,,,,,Scene,180625,0.7012206315994263,Face+Body+Scene,,,coco_polygon,,0.1210134502941142,0.0,12345,0.09397218232934364
0.7016723155975342,0.07147687673568726,0.7016723155975342,mask_Face+Body+Scene_pure_random_04_mean,pure_matched_random,545,0.07147687673568726,E3_joint_redundancy,,,,,Scene,180625,0.7620266675949097,Face+Body+Scene,,,coco_polygon,,0.1003659090000611,1.0,12345,0.44207960437131927
0.8141695857048035,0.6233434081077576,0.8141695857048035,mask_Face+Body+Scene_pure_random_04_mean,pure_matched_random,640,0.6233434081077576,E3_joint_redundancy,,,,,Scene,180625,0.6272131204605103,Face+Body+Scene,,,coco_polygon,,-0.05684519763702218,0.0,12345,0.16722173850398253
0.7470165491104126,0.05935551971197128,0.7470165491104126,mask_Face+Body+Scene_pure_random_04_mean,pure_matched_random,842,0.05935551971197128,E3_joint_redundancy,,,,,Scene,180625,0.7689512372016907,Face+Body+Scene,,,coco_polygon,,0.03358923569871254,1.0,12345,0.25711891228176875
0.521641731262207,0.10990206897258759,0.521641731262207,mask_Face+Body+Scene_pure_random_04_mean,pure_matched_random,893,0.10990206897258759,E3_joint_redundancy,,,,,Scene,180625,0.7771613001823425,Face+Body+Scene,,,coco_polygon,,0.3470209143392944,0.0,12345,0.28012946609979245
0.6819522380828857,0.004089388996362686,0.6819522380828857,mask_Face+Body+Scene_pure_random_04_mean,pure_matched_random,999,0.004089388996362686,E3_joint_redundancy,,,,,Scene,180625,0.7128247618675232,Face+Body+Scene,,,coco_polygon,,0.09407520352108223,1.0,12345,0.31861375182234875
0.5660019516944885,0.1624431312084198,0.5538560152053833,mask_Face+Body+Scene_pure_random_05_mean,pure_matched_random,132,0.12757965922355652,E3_joint_redundancy,,,,,Scene,173828,0.6902708411216736,Face+Body+Scene,,,coco_polygon,,0.07172188182715221,1.0,12345,0.10553165283675993
0.6162227392196655,0.12134911119937897,0.6162227392196655,mask_Face+Body+Scene_pure_random_05_mean,pure_matched_random,199,0.12134911119937897,E3_joint_redundancy,,,,,Scene,180625,0.6903365254402161,Face+Body+Scene,,,coco_polygon,,0.12923637162099236,1.0,12345,0.20498952490981454
0.6768006682395935,0.14102555811405182,0.6768006682395935,mask_Face+Body+Scene_pure_random_05_mean,pure_matched_random,214,0.14102555811405182,E3_joint_redundancy,,,,,Scene,180625,0.6688359975814819,Face+Body+Scene,,,coco_polygon,,-0.04420254855520083,1.0,12345,0.27754856380314835
0.6336038112640381,0.06542185693979263,0.6336038112640381,mask_Face+Body+Scene_pure_random_05_mean,pure_matched_random,303,0.06542185693979263,E3_joint_redundancy,,,,,Scene,180625,0.7290905714035034,Face+Body+Scene,,,coco_polygon,,0.13684922951141257,1.0,12345,0.4312894918434575
0.6702289581298828,0.20883318781852722,0.6702289581298828,mask_Face+Body+Scene_pure_random_05_mean,pure_matched_random,486,0.20883318781852722,E3_joint_redundancy,,,,,Scene,180625,0.70464026927948,Face+Body+Scene,,,coco_polygon,,0.12924424668840212,0.0,12345,0.09335964981018563
0.736518383026123,0.042050428688526154,0.736518383026123,mask_Face+Body+Scene_pure_random_05_mean,pure_matched_random,545,0.042050428688526154,E3_joint_redundancy,,,,,Scene,180625,0.7333341240882874,Face+Body+Scene,,,coco_polygon,,0.05581118105019109,1.0,12345,0.3914202561519554
0.8334879875183105,0.6229002475738525,0.8334879875183105,mask_Face+Body+Scene_pure_random_05_mean,pure_matched_random,640,0.6229002475738525,E3_joint_redundancy,,,,,Scene,180625,0.6435940861701965,Face+Body+Scene,,,coco_polygon,,-0.04050894018312914,0.0,12345,0.17009962423005473
0.6925018429756165,0.004099258221685886,0.6925018429756165,mask_Face+Body+Scene_pure_random_05_mean,pure_matched_random,842,0.004099258221685886,E3_joint_redundancy,,,,,Scene,180625,0.8406955003738403,Face+Body+Scene,,,coco_polygon,,0.10461900258661964,1.0,12345,0.29251380713866193
0.532920241355896,0.08196472376585007,0.532920241355896,mask_Face+Body+Scene_pure_random_05_mean,pure_matched_random,893,0.08196472376585007,E3_joint_redundancy,,,,,Scene,180625,0.8059518337249756,Face+Body+Scene,,,coco_polygon,,0.34171481866871256,0.0,12345,0.2812402060674647
0.6378673911094666,0.02112511545419693,0.6378673911094666,mask_Face+Body+Scene_pure_random_05_mean,pure_matched_random,999,0.02112511545419693,E3_joint_redundancy,,,,,Scene,180625,0.7130602598190308,Face+Body+Scene,,,coco_polygon,,0.1533417358091766,1.0,12345,0.32681288146288945
0.537887692451477,0.15281477570533752,0.5828894972801208,mask_Face+Body_mean,target_roi,132,0.11390285938978195,E3_joint_redundancy,,,,,Scene,173828,0.6937671303749084,Face+Body,,,coco_polygon,,0.0927335753125585,1.0,12345,0.10496599936850101
0.693956196308136,0.12181058526039124,0.693956196308136,mask_Face+Body_mean,target_roi,199,0.12181058526039124,E3_joint_redundancy,,,,,Scene,180625,0.6904909610748291,Face+Body,,,coco_polygon,,0.12133176060152259,1.0,12345,0.1960078047427628
0.816237211227417,0.2817630171775818,0.816237211227417,mask_Face+Body_mean,target_roi,214,0.2817630171775818,E3_joint_redundancy,,,,,Scene,180625,0.6519328951835632,Face+Body,,,coco_polygon,,-0.05564111937823367,1.0,12345,0.2854165745341667
0.6613436341285706,0.08601921051740646,0.6613436341285706,mask_Face+Body_mean,target_roi,303,0.08601921051740646,E3_joint_redundancy,,,,,Scene,180625,0.7447437644004822,Face+Body,,,coco_polygon,,0.050830639716085126,1.0,12345,0.48235548401869116
0.5906579494476318,0.09062540531158447,0.5906579494476318,mask_Face+Body_mean,target_roi,486,0.09062540531158447,E3_joint_redundancy,,,,,Scene,180625,0.6914361715316772,Face+Body,,,coco_polygon,,0.095764090223125,0.0,12345,0.0838921984332818
0.7398919463157654,0.05490655452013016,0.7398919463157654,mask_Face+Body_mean,target_roi,545,0.05490655452013016,E3_joint_redundancy,,,,,Scene,180625,0.7662751078605652,Face+Body,,,coco_polygon,,0.17053391622278127,1.0,12345,0.4455133370607918
0.8108023405075073,0.5816938877105713,0.8108023405075073,mask_Face+Body_mean,target_roi,640,0.5816938877105713,E3_joint_redundancy,,,,,Scene,180625,0.6392310261726379,Face+Body,,,coco_polygon,,-0.03157501800091446,0.0,12345,0.1695842070647775
0.7004069685935974,0.09363273531198502,0.7004069685935974,mask_Face+Body_mean,target_roi,842,0.09363273531198502,E3_joint_redundancy,,,,,Scene,180625,0.7977477312088013,Face+Body,,,coco_polygon,,0.07375623467172658,1.0,12345,0.27214981328676124
0.5845925211906433,0.0730292946100235,0.5845925211906433,mask_Face+Body_mean,target_roi,893,0.0730292946100235,E3_joint_redundancy,,,,,Scene,180625,0.7918075919151306,Face+Body,,,coco_polygon,,0.31727774063717556,0.0,12345,0.29395259121464795
0.5943110585212708,0.014713612385094166,0.5943110585212708,mask_Face+Body_mean,target_roi,999,0.014713612385094166,E3_joint_redundancy,,,,,Scene,180625,0.7336578369140625,Face+Body,,,coco_polygon,,0.09937576357507927,1.0,12345,0.35299658513870885
0.5280829071998596,0.1816762238740921,0.5186735987663269,mask_Face+Body_pure_random_01_mean,pure_matched_random,132,0.1165241226553917,E3_joint_redundancy,,,,,Scene,173828,0.6752357482910156,Face+Body,,,coco_polygon,,0.08100979112264362,1.0,12345,0.10439485699467058
0.5960114598274231,0.139603391289711,0.5960114598274231,mask_Face+Body_pure_random_01_mean,pure_matched_random,199,0.139603391289711,E3_joint_redundancy,,,,,Scene,180625,0.7068955302238464,Face+Body,,,coco_polygon,,0.08343653496438916,1.0,12345,0.19776832662023017
0.7825138568878174,0.05961066484451294,0.7825138568878174,mask_Face+Body_pure_random_01_mean,pure_matched_random,214,0.05961066484451294,E3_joint_redundancy,,,,,Scene,180625,0.6679750084877014,Face+Body,,,coco_polygon,,-0.146262750299805,1.0,12345,0.2890799416613358
0.5943709015846252,0.12213096022605896,0.5943709015846252,mask_Face+Body_pure_random_01_mean,pure_matched_random,303,0.12213096022605896,E3_joint_redundancy,,,,,Scene,180625,0.7274900674819946,Face+Body,,,coco_polygon,,0.12883307159440657,1.0,12345,0.42646697163345243
0.5595574975013733,0.09169606119394302,0.5595574975013733,mask_Face+Body_pure_random_01_mean,pure_matched_random,486,0.09169606119394302,E3_joint_redundancy,,,,,Scene,180625,0.7199890613555908,Face+Body,,,coco_polygon,,0.10080120884579671,0.0,12345,0.08513092494160739
0.7518322467803955,0.08147872984409332,0.7518322467803955,mask_Face+Body_pure_random_01_mean,pure_matched_random,545,0.08147872984409332,E3_joint_redundancy,,,,,Scene,180625,0.7457854151725769,Face+Body,,,coco_polygon,,0.09154231629984419,1.0,12345,0.41096779166752245
0.7796856760978699,0.4813447594642639,0.7796856760978699,mask_Face+Body_pure_random_01_mean,pure_matched_random,640,0.4813447594642639,E3_joint_redundancy,,,,,Scene,180625,0.6262809038162231,Face+Body,,,coco_polygon,,5.7878337800158285e-05,0.0,12345,0.16702259540618475
0.7103449702262878,0.05621001124382019,0.7103449702262878,mask_Face+Body_pure_random_01_mean,pure_matched_random,842,0.05621001124382019,E3_joint_redundancy,,,,,Scene,180625,0.7884058952331543,Face+Body,,,coco_polygon,,0.03690884636235786,1.0,12345,0.2674874916013493
0.44906502962112427,0.09943827986717224,0.44906502962112427,mask_Face+Body_pure_random_01_mean,pure_matched_random,893,0.09943827986717224,E3_joint_redundancy,,,,,Scene,180625,0.789206862449646,Face+Body,,,coco_polygon,,0.23841592112455717,0.0,12345,0.2926677455493861
0.6710150837898254,-0.018049411475658417,0.6710150837898254,mask_Face+Body_pure_random_01_mean,pure_matched_random,999,-0.018049411475658417,E3_joint_redundancy,,,,,Scene,180625,0.7331151366233826,Face+Body,,,coco_polygon,,0.03612070241803782,1.0,12345,0.32122579008150237
0.5424118041992188,0.18664316833019257,0.5942108631134033,mask_Face+Body_pure_random_02_mean,pure_matched_random,132,0.13807931542396545,E3_joint_redundancy,,,,,Scene,173828,0.6839934587478638,Face+Body,,,coco_polygon,,0.09171691944539626,1.0,12345,0.10514564777584623
0.6281741261482239,0.10850560665130615,0.6281741261482239,mask_Face+Body_pure_random_02_mean,pure_matched_random,199,0.10850560665130615,E3_joint_redundancy,,,,,Scene,180625,0.7169198989868164,Face+Body,,,coco_polygon,,0.10590045163391672,1.0,12345,0.18746046429340005
0.8122265338897705,0.08683060109615326,0.8122265338897705,mask_Face+Body_pure_random_02_mean,pure_matched_random,214,0.08683060109615326,E3_joint_redundancy,,,,,Scene,180625,0.6623759269714355,Face+Body,,,coco_polygon,,-0.04695889783762805,1.0,12345,0.2988062464291109
0.6581262350082397,0.02086304873228073,0.6581262350082397,mask_Face+Body_pure_random_02_mean,pure_matched_random,303,0.02086304873228073,E3_joint_redundancy,,,,,Scene,180625,0.7368789315223694,Face+Body,,,coco_polygon,,0.1729218418171492,1.0,12345,0.4249861789910058
0.6696419715881348,0.1627403348684311,0.6696419715881348,mask_Face+Body_pure_random_02_mean,pure_matched_random,486,0.1627403348684311,E3_joint_redundancy,,,,,Scene,180625,0.7243491411209106,Face+Body,,,coco_polygon,,0.12446180345459652,0.0,12345,0.09185836032955878
0.6965025067329407,0.08119533956050873,0.6965025067329407,mask_Face+Body_pure_random_02_mean,pure_matched_random,545,0.08119533956050873,E3_joint_redundancy,,,,,Scene,180625,0.7301093339920044,Face+Body,,,coco_polygon,,0.09151790316851138,1.0,12345,0.4130761933229103
0.8156374096870422,0.6738589406013489,0.8156374096870422,mask_Face+Body_pure_random_02_mean,pure_matched_random,640,0.6738589406013489,E3_joint_redundancy,,,,,Scene,180625,0.6328585147857666,Face+Body,,,coco_polygon,,-0.04541957748771828,0.0,12345,0.16415341895412375
0.6826923489570618,0.07821249961853027,0.6826923489570618,mask_Face+Body_pure_random_02_mean,pure_matched_random,842,0.07821249961853027,E3_joint_redundancy,,,,,Scene,180625,0.7856510877609253,Face+Body,,,coco_polygon,,0.061081502879950754,1.0,12345,0.26841468232879123
0.42300793528556824,0.057213786989450455,0.42300793528556824,mask_Face+Body_pure_random_02_mean,pure_matched_random,893,0.057213786989450455,E3_joint_redundancy,,,,,Scene,180625,0.8011088371276855,Face+Body,,,coco_polygon,,0.3448175786567104,0.0,12345,0.2829711898549144
0.6550309062004089,0.018408194184303284,0.6550309062004089,mask_Face+Body_pure_random_02_mean,pure_matched_random,999,0.018408194184303284,E3_joint_redundancy,,,,,Scene,180625,0.7298980355262756,Face+Body,,,coco_polygon,,0.0862070451761273,1.0,12345,0.3368960597921334
0.5970292091369629,0.14544935524463654,0.6024733185768127,mask_Face+Body_pure_random_03_mean,pure_matched_random,132,0.08624100685119629,E3_joint_redundancy,,,,,Scene,173828,0.6653127074241638,Face+Body,,,coco_polygon,,0.10073402003888016,1.0,12345,0.10538194482111234
0.5865008234977722,0.17316989600658417,0.5865008234977722,mask_Face+Body_pure_random_03_mean,pure_matched_random,199,0.17316989600658417,E3_joint_redundancy,,,,,Scene,180625,0.6807246804237366,Face+Body,,,coco_polygon,,0.14845666469246996,1.0,12345,0.20348344375688673
0.7349709272384644,0.060615718364715576,0.7349709272384644,mask_Face+Body_pure_random_03_mean,pure_matched_random,214,0.060615718364715576,E3_joint_redundancy,,,,,Scene,180625,0.6821252107620239,Face+Body,,,coco_polygon,,-0.09894876351769488,1.0,12345,0.30991161586629923
0.6275904774665833,0.05483622848987579,0.6275904774665833,mask_Face+Body_pure_random_03_mean,pure_matched_random,303,0.05483622848987579,E3_joint_redundancy,,,,,Scene,180625,0.730492115020752,Face+Body,,,coco_polygon,,0.12764981411815063,1.0,12345,0.4426407069126133
0.6544418334960938,0.1509518027305603,0.6544418334960938,mask_Face+Body_pure_random_03_mean,pure_matched_random,486,0.1509518027305603,E3_joint_redundancy,,,,,Scene,180625,0.7030586004257202,Face+Body,,,coco_polygon,,0.12336913065800166,0.0,12345,0.09202672913584828
0.7118381857872009,0.0543847382068634,0.7118381857872009,mask_Face+Body_pure_random_03_mean,pure_matched_random,545,0.0543847382068634,E3_joint_redundancy,,,,,Scene,180625,0.7630382776260376,Face+Body,,,coco_polygon,,0.0898595650924635,1.0,12345,0.42938085234165696
0.8158135414123535,0.6148726344108582,0.8158135414123535,mask_Face+Body_pure_random_03_mean,pure_matched_random,640,0.6148726344108582,E3_joint_redundancy,,,,,Scene,180625,0.644611656665802,Face+Body,,,coco_polygon,,-0.051478478781496854,0.0,12345,0.16644438062054795
0.6950831413269043,0.07101447880268097,0.6950831413269043,mask_Face+Body_pure_random_03_mean,pure_matched_random,842,0.07101447880268097,E3_joint_redundancy,,,,,Scene,180625,0.7919126152992249,Face+Body,,,coco_polygon,,0.052566567486966406,1.0,12345,0.265868925780433
0.5245100855827332,0.09323154389858246,0.5245100855827332,mask_Face+Body_pure_random_03_mean,pure_matched_random,893,0.09323154389858246,E3_joint_redundancy,,,,,Scene,180625,0.8020529747009277,Face+Body,,,coco_polygon,,0.3394015138658463,0.0,12345,0.2833284563253021
0.6855010390281677,0.007792934775352478,0.6855010390281677,mask_Face+Body_pure_random_03_mean,pure_matched_random,999,0.007792934775352478,E3_joint_redundancy,,,,,Scene,180625,0.7127178907394409,Face+Body,,,coco_polygon,,0.09058488363507473,1.0,12345,0.3221364546575779
0.5256181359291077,0.1651131808757782,0.5570858716964722,mask_Face+Body_pure_random_04_mean,pure_matched_random,132,0.1426379233598709,E3_joint_redundancy,,,,,Scene,173828,0.6779144406318665,Face+Body,,,coco_polygon,,0.09260898293708913,1.0,12345,0.10417462884436185
0.66090989112854,0.16870588064193726,0.66090989112854,mask_Face+Body_pure_random_04_mean,pure_matched_random,199,0.16870588064193726,E3_joint_redundancy,,,,,Scene,180625,0.7242451310157776,Face+Body,,,coco_polygon,,0.10666052243366883,1.0,12345,0.18553048460079702
0.7804890871047974,0.15933646261692047,0.7804890871047974,mask_Face+Body_pure_random_04_mean,pure_matched_random,214,0.15933646261692047,E3_joint_redundancy,,,,,Scene,180625,0.6946327686309814,Face+Body,,,coco_polygon,,-0.08022653805994756,1.0,12345,0.3003328358014488
0.6397830843925476,0.06529740989208221,0.6397830843925476,mask_Face+Body_pure_random_04_mean,pure_matched_random,303,0.06529740989208221,E3_joint_redundancy,,,,,Scene,180625,0.735246479511261,Face+Body,,,coco_polygon,,0.15058346869242836,1.0,12345,0.4506266668866471
0.6835089921951294,0.1769886314868927,0.6835089921951294,mask_Face+Body_pure_random_04_mean,pure_matched_random,486,0.1769886314868927,E3_joint_redundancy,,,,,Scene,180625,0.7185874581336975,Face+Body,,,coco_polygon,,0.126203667671091,0.0,12345,0.09191291741663572
0.7462931871414185,0.13229703903198242,0.7462931871414185,mask_Face+Body_pure_random_04_mean,pure_matched_random,545,0.13229703903198242,E3_joint_redundancy,,,,,Scene,180625,0.7514841556549072,Face+Body,,,coco_polygon,,0.08993840216521612,1.0,12345,0.4136178071800732
0.8142737746238708,0.6133836507797241,0.8142737746238708,mask_Face+Body_pure_random_04_mean,pure_matched_random,640,0.6133836507797241,E3_joint_redundancy,,,,,Scene,180625,0.6375537514686584,Face+Body,,,coco_polygon,,-0.042700385301371685,0.0,12345,0.16545302606839496
0.6949947476387024,0.08742295205593109,0.6949947476387024,mask_Face+Body_pure_random_04_mean,pure_matched_random,842,0.08742295205593109,E3_joint_redundancy,,,,,Scene,180625,0.776348888874054,Face+Body,,,coco_polygon,,0.04037127320919657,1.0,12345,0.26594111680543886
0.5197318196296692,0.11146824061870575,0.5197318196296692,mask_Face+Body_pure_random_04_mean,pure_matched_random,893,0.11146824061870575,E3_joint_redundancy,,,,,Scene,180625,0.7775021195411682,Face+Body,,,coco_polygon,,0.34237624026066144,0.0,12345,0.2830654986077973
0.6718927025794983,-0.006408435292541981,0.6718927025794983,mask_Face+Body_pure_random_04_mean,pure_matched_random,999,-0.006408435292541981,E3_joint_redundancy,,,,,Scene,180625,0.7205418944358826,Face+Body,,,coco_polygon,,0.12299843327477292,1.0,12345,0.3171690693636556
0.4777728319168091,0.2054644376039505,0.4959235191345215,mask_Face+Body_pure_random_05_mean,pure_matched_random,132,0.14808258414268494,E3_joint_redundancy,,,,,Scene,173828,0.6774789690971375,Face+Body,,,coco_polygon,,0.08400088215359146,1.0,12345,0.1029484717781059
0.6610243320465088,0.12789016962051392,0.6610243320465088,mask_Face+Body_pure_random_05_mean,pure_matched_random,199,0.12789016962051392,E3_joint_redundancy,,,,,Scene,180625,0.67912757396698,Face+Body,,,coco_polygon,,0.14561688131488182,1.0,12345,0.2027901019427074
0.8499522805213928,0.18723703920841217,0.8499522805213928,mask_Face+Body_pure_random_05_mean,pure_matched_random,214,0.18723703920841217,E3_joint_redundancy,,,,,Scene,180625,0.6694088578224182,Face+Body,,,coco_polygon,,-0.08577885262286536,1.0,12345,0.29910913537678746
0.5950438976287842,0.04952780902385712,0.5950438976287842,mask_Face+Body_pure_random_05_mean,pure_matched_random,303,0.04952780902385712,E3_joint_redundancy,,,,,Scene,180625,0.7238391637802124,Face+Body,,,coco_polygon,,0.11891082271668889,1.0,12345,0.40903008386820106
0.5297935605049133,0.025271395221352577,0.5297935605049133,mask_Face+Body_pure_random_05_mean,pure_matched_random,486,0.025271395221352577,E3_joint_redundancy,,,,,Scene,180625,0.7917536497116089,Face+Body,,,coco_polygon,,0.2863286394090077,0.0,12345,0.11596918875208403
0.7253537774085999,0.07275639474391937,0.7253537774085999,mask_Face+Body_pure_random_05_mean,pure_matched_random,545,0.07275639474391937,E3_joint_redundancy,,,,,Scene,180625,0.7557119131088257,Face+Body,,,coco_polygon,,0.09034521049820274,1.0,12345,0.43339829112504413
0.8295554518699646,0.6620005369186401,0.8295554518699646,mask_Face+Body_pure_random_05_mean,pure_matched_random,640,0.6620005369186401,E3_joint_redundancy,,,,,Scene,180625,0.6427552103996277,Face+Body,,,coco_polygon,,-0.05497693286886028,0.0,12345,0.1660678387402761
0.7582628726959229,0.05128427594900131,0.7582628726959229,mask_Face+Body_pure_random_05_mean,pure_matched_random,842,0.05128427594900131,E3_joint_redundancy,,,,,Scene,180625,0.7338767647743225,Face+Body,,,coco_polygon,,0.12206752361167769,1.0,12345,0.26315514721762323
0.5541321635246277,0.12226280570030212,0.5541321635246277,mask_Face+Body_pure_random_05_mean,pure_matched_random,893,0.12226280570030212,E3_joint_redundancy,,,,,Scene,180625,0.7868312001228333,Face+Body,,,coco_polygon,,0.3463284459288737,0.0,12345,0.2838507885620385
0.6436514258384705,-0.010351518169045448,0.6436514258384705,mask_Face+Body_pure_random_05_mean,pure_matched_random,999,-0.010351518169045448,E3_joint_redundancy,,,,,Scene,180625,0.7385280728340149,Face+Body,,,coco_polygon,,0.049577683212292,1.0,12345,0.3269433628535416
0.5218578577041626,0.2140064686536789,0.5556108355522156,mask_Face+Scene_mean,target_roi,132,0.16470454633235931,E3_joint_redundancy,,,,,Scene,173828,0.683689296245575,Face+Scene,,,coco_polygon,,0.08619479794362547,1.0,12345,0.102362349104798
0.5711949467658997,0.1449972242116928,0.5711949467658997,mask_Face+Scene_mean,target_roi,199,0.1449972242116928,E3_joint_redundancy,,,,,Scene,180625,0.6845257878303528,Face+Scene,,,coco_polygon,,0.14407821150559283,1.0,12345,0.20202452128316203
0.8033413290977478,0.20597365498542786,0.8033413290977478,mask_Face+Scene_mean,target_roi,214,0.20597365498542786,E3_joint_redundancy,,,,,Scene,180625,0.6549235582351685,Face+Scene,,,coco_polygon,,-0.08658678530309347,1.0,12345,0.29330851025514837
0.6967183947563171,0.07427256554365158,0.6967183947563171,mask_Face+Scene_mean,target_roi,303,0.07427256554365158,E3_joint_redundancy,,,,,Scene,180625,0.7425908446311951,Face+Scene,,,coco_polygon,,0.15921922982853717,1.0,12345,0.45550066950476414
0.5475003719329834,0.08886965364217758,0.5475003719329834,mask_Face+Scene_mean,target_roi,486,0.08886965364217758,E3_joint_redundancy,,,,,Scene,180625,0.733881413936615,Face+Scene,,,coco_polygon,,0.09471924433659966,0.0,12345,0.08154990080915019
0.7383471131324768,-0.0032048807479441166,0.7383471131324768,mask_Face+Scene_mean,target_roi,545,-0.0032048807479441166,E3_joint_redundancy,,,,,Scene,180625,0.7613438367843628,Face+Scene,,,coco_polygon,,0.08292644344086017,1.0,12345,0.4309732083849373
0.859241247177124,0.6694594025611877,0.859241247177124,mask_Face+Scene_mean,target_roi,640,0.6694594025611877,E3_joint_redundancy,,,,,Scene,180625,0.6360403299331665,Face+Scene,,,coco_polygon,,-0.0861692820940156,0.0,12345,0.17184633780927736
0.6968619227409363,0.03725341334939003,0.6968619227409363,mask_Face+Scene_mean,target_roi,842,0.03725341334939003,E3_joint_redundancy,,,,,Scene,180625,0.7862604856491089,Face+Scene,,,coco_polygon,,0.04271683979625801,1.0,12345,0.26729377886055206
0.5790667533874512,0.06573140621185303,0.5790667533874512,mask_Face+Scene_mean,target_roi,893,0.06573140621185303,E3_joint_redundancy,,,,,Scene,180625,0.8070999383926392,Face+Scene,,,coco_polygon,,0.3394763720580411,0.0,12345,0.28399388533930564
0.6757998466491699,0.01728905737400055,0.6757998466491699,mask_Face+Scene_mean,target_roi,999,0.01728905737400055,E3_joint_redundancy,,,,,Scene,180625,0.7345594763755798,Face+Scene,,,coco_polygon,,0.07551358364233669,1.0,12345,0.3183520376952526
0.5497779250144958,0.20069655776023865,0.6213463544845581,mask_Face+Scene_pure_random_01_mean,pure_matched_random,132,0.15389439463615417,E3_joint_redundancy,,,,,Scene,173828,0.6907060742378235,Face+Scene,,,coco_polygon,,0.10614683481206598,1.0,12345,0.1014383208268354
0.558138906955719,0.12320362031459808,0.558138906955719,mask_Face+Scene_pure_random_01_mean,pure_matched_random,199,0.12320362031459808,E3_joint_redundancy,,,,,Scene,180625,0.6858130097389221,Face+Scene,,,coco_polygon,,0.13664387500367026,1.0,12345,0.20452342144217922
0.8336879014968872,0.1794193685054779,0.8336879014968872,mask_Face+Scene_pure_random_01_mean,pure_matched_random,214,0.1794193685054779,E3_joint_redundancy,,,,,Scene,180625,0.6343984603881836,Face+Scene,,,coco_polygon,,-0.09530088038755073,1.0,12345,0.27851521666024176
0.7060876488685608,0.04788455367088318,0.7060876488685608,mask_Face+Scene_pure_random_01_mean,pure_matched_random,303,0.04788455367088318,E3_joint_redundancy,,,,,Scene,180625,0.7660220861434937,Face+Scene,,,coco_polygon,,0.12351901307721025,1.0,12345,0.4853312260851031
0.6779409646987915,0.1788065880537033,0.6779409646987915,mask_Face+Scene_pure_random_01_mean,pure_matched_random,486,0.1788065880537033,E3_joint_redundancy,,,,,Scene,180625,0.7180041670799255,Face+Scene,,,coco_polygon,,0.13724818210688333,0.0,12345,0.09883043827746232
0.7566632628440857,0.07106441259384155,0.7566632628440857,mask_Face+Scene_pure_random_01_mean,pure_matched_random,545,0.07106441259384155,E3_joint_redundancy,,,,,Scene,180625,0.7361800670623779,Face+Scene,,,coco_polygon,,0.08352274394267827,1.0,12345,0.40726008858820983
0.8090570569038391,0.5828847289085388,0.8090570569038391,mask_Face+Scene_pure_random_01_mean,pure_matched_random,640,0.5828847289085388,E3_joint_redundancy,,,,,Scene,180625,0.6483940482139587,Face+Scene,,,coco_polygon,,-0.044788360165204065,0.0,12345,0.16583670838549838
0.7385143041610718,0.022718362510204315,0.7385143041610718,mask_Face+Scene_pure_random_01_mean,pure_matched_random,842,0.022718362510204315,E3_joint_redundancy,,,,,Scene,180625,0.7565953135490417,Face+Scene,,,coco_polygon,,0.189326813028972,1.0,12345,0.2620007082737198
0.5599473714828491,0.07941417396068573,0.5599473714828491,mask_Face+Scene_pure_random_01_mean,pure_matched_random,893,0.07941417396068573,E3_joint_redundancy,,,,,Scene,180625,0.7893502712249756,Face+Scene,,,coco_polygon,,0.3320674671014223,0.0,12345,0.2787349093171688
0.6613101959228516,-0.025727631524205208,0.6613101959228516,mask_Face+Scene_pure_random_01_mean,pure_matched_random,999,-0.025727631524205208,E3_joint_redundancy,,,,,Scene,180625,0.725012481212616,Face+Scene,,,coco_polygon,,0.031168720150070807,1.0,12345,0.3129972222710136
0.5289016962051392,0.19245845079421997,0.523409366607666,mask_Face+Scene_pure_random_02_mean,pure_matched_random,132,0.13442207872867584,E3_joint_redundancy,,,,,Scene,173828,0.6751169562339783,Face+Scene,,,coco_polygon,,0.0912262213860211,1.0,12345,0.10974707673286001
0.6774426698684692,0.17060844600200653,0.6774426698684692,mask_Face+Scene_pure_random_02_mean,pure_matched_random,199,0.17060844600200653,E3_joint_redundancy,,,,,Scene,180625,0.6898096203804016,Face+Scene,,,coco_polygon,,0.1704517996503063,1.0,12345,0.20213829783773687
0.7743350863456726,0.19804257154464722,0.7743350863456726,mask_Face+Scene_pure_random_02_mean,pure_matched_random,214,0.19804257154464722,E3_joint_redundancy,,,,,Scene,180625,0.697297990322113,Face+Scene,,,coco_polygon,,-0.11216589726937942,1.0,12345,0.2729139526071503
0.6367644667625427,0.06222287565469742,0.6367644667625427,mask_Face+Scene_pure_random_02_mean,pure_matched_random,303,0.06222287565469742,E3_joint_redundancy,,,,,Scene,180625,0.7225855588912964,Face+Scene,,,coco_polygon,,0.13607323011963196,1.0,12345,0.43616481959032627
0.5247970819473267,-0.008471177890896797,0.5247970819473267,mask_Face+Scene_pure_random_02_mean,pure_matched_random,486,-0.008471177890896797,E3_joint_redundancy,,,,,Scene,180625,0.7814301252365112,Face+Scene,,,coco_polygon,,0.2901996375584523,0.0,12345,0.12083627481254795
0.7617359757423401,0.12462940812110901,0.7617359757423401,mask_Face+Scene_pure_random_02_mean,pure_matched_random,545,0.12462940812110901,E3_joint_redundancy,,,,,Scene,180625,0.7485018968582153,Face+Scene,,,coco_polygon,,0.08456876821514969,1.0,12345,0.4127168169273897
0.8037165403366089,0.6679626703262329,0.8037165403366089,mask_Face+Scene_pure_random_02_mean,pure_matched_random,640,0.6679626703262329,E3_joint_redundancy,,,,,Scene,180625,0.640920877456665,Face+Scene,,,coco_polygon,,-0.06768001108069312,0.0,12345,0.16856056471533765
0.7290012836456299,0.046927616000175476,0.7290012836456299,mask_Face+Scene_pure_random_02_mean,pure_matched_random,842,0.046927616000175476,E3_joint_redundancy,,,,,Scene,180625,0.7667192816734314,Face+Scene,,,coco_polygon,,0.20028222620423886,1.0,12345,0.2742580358334249
0.5819295644760132,0.21221645176410675,0.5819295644760132,mask_Face+Scene_pure_random_02_mean,pure_matched_random,893,0.21221645176410675,E3_joint_redundancy,,,,,Scene,180625,0.7907552719116211,Face+Scene,,,coco_polygon,,0.34270618312018014,0.0,12345,0.2886785568209105
0.6635764241218567,0.010752402245998383,0.6635764241218567,mask_Face+Scene_pure_random_02_mean,pure_matched_random,999,0.010752402245998383,E3_joint_redundancy,,,,,Scene,180625,0.7368958592414856,Face+Scene,,,coco_polygon,,0.05849530130854051,1.0,12345,0.3193672309071903
0.5677556395530701,0.2209642380475998,0.5936451554298401,mask_Face+Scene_pure_random_03_mean,pure_matched_random,132,0.1822342872619629,E3_joint_redundancy,,,,,Scene,173828,0.6792944073677063,Face+Scene,,,coco_polygon,,0.11105329908310956,1.0,12345,0.11694142847877427
0.6184992790222168,0.3755728602409363,0.6184992790222168,mask_Face+Scene_pure_random_03_mean,pure_matched_random,199,0.3755728602409363,E3_joint_redundancy,,,,,Scene,180625,0.7126417756080627,Face+Scene,,,coco_polygon,,0.08837956069660685,1.0,12345,0.2053297469599637
0.6845428347587585,0.11137334257364273,0.6845428347587585,mask_Face+Scene_pure_random_03_mean,pure_matched_random,214,0.11137334257364273,E3_joint_redundancy,,,,,Scene,180625,0.6660147309303284,Face+Scene,,,coco_polygon,,-0.12969992868938227,1.0,12345,0.3169807496034799
0.7362305521965027,0.18474125862121582,0.7362305521965027,mask_Face+Scene_pure_random_03_mean,pure_matched_random,303,0.18474125862121582,E3_joint_redundancy,,,,,Scene,180625,0.7426250576972961,Face+Scene,,,coco_polygon,,0.09729313629870597,1.0,12345,0.4749460394474168
0.5383746027946472,0.052950046956539154,0.5383746027946472,mask_Face+Scene_pure_random_03_mean,pure_matched_random,486,0.052950046956539154,E3_joint_redundancy,,,,,Scene,180625,0.7888565063476562,Face+Scene,,,coco_polygon,,0.23546411755005683,0.0,12345,0.11559719455188322
0.712375819683075,0.06867332011461258,0.712375819683075,mask_Face+Scene_pure_random_03_mean,pure_matched_random,545,0.06867332011461258,E3_joint_redundancy,,,,,Scene,180625,0.7721467614173889,Face+Scene,,,coco_polygon,,0.09087738992751103,1.0,12345,0.41955340524525403
0.8295220136642456,0.7043883204460144,0.8295220136642456,mask_Face+Scene_pure_random_03_mean,pure_matched_random,640,0.7043883204460144,E3_joint_redundancy,,,,,Scene,180625,0.6412532925605774,Face+Scene,,,coco_polygon,,-0.060724750586486076,0.0,12345,0.17171862950635808
0.700657308101654,0.040753111243247986,0.700657308101654,mask_Face+Scene_pure_random_03_mean,pure_matched_random,842,0.040753111243247986,E3_joint_redundancy,,,,,Scene,180625,0.7783901691436768,Face+Scene,,,coco_polygon,,0.061583884300852834,1.0,12345,0.2646955067454895
0.672353982925415,0.12829327583312988,0.672353982925415,mask_Face+Scene_pure_random_03_mean,pure_matched_random,893,0.12829327583312988,E3_joint_redundancy,,,,,Scene,180625,0.7692723870277405,Face+Scene,,,coco_polygon,,0.2661685664831992,0.0,12345,0.2937480831282817
0.6776276230812073,0.006440306082367897,0.6776276230812073,mask_Face+Scene_pure_random_03_mean,pure_matched_random,999,0.006440306082367897,E3_joint_redundancy,,,,,Scene,180625,0.7351878881454468,Face+Scene,,,coco_polygon,,0.08045030246138554,1.0,12345,0.32953339976876633
0.5552889108657837,0.19618041813373566,0.5812063813209534,mask_Face+Scene_pure_random_04_mean,pure_matched_random,132,0.1659386157989502,E3_joint_redundancy,,,,,Scene,173828,0.6859066486358643,Face+Scene,,,coco_polygon,,0.09849059856810986,1.0,12345,0.11133897589455984
0.609912097454071,0.14256444573402405,0.609912097454071,mask_Face+Scene_pure_random_04_mean,pure_matched_random,199,0.14256444573402405,E3_joint_redundancy,,,,,Scene,180625,0.6930296421051025,Face+Scene,,,coco_polygon,,0.1310929109050223,1.0,12345,0.20318050493547846
0.8844996094703674,0.22838489711284637,0.8844996094703674,mask_Face+Scene_pure_random_04_mean,pure_matched_random,214,0.22838489711284637,E3_joint_redundancy,,,,,Scene,180625,0.6772482991218567,Face+Scene,,,coco_polygon,,-0.10937287011805233,1.0,12345,0.26752028840057107
0.6356490254402161,0.010773999616503716,0.6356490254402161,mask_Face+Scene_pure_random_04_mean,pure_matched_random,303,0.010773999616503716,E3_joint_redundancy,,,,,Scene,180625,0.787993311882019,Face+Scene,,,coco_polygon,,0.06476838709880935,1.0,12345,0.4555899693971224
0.6658576130867004,0.14352044463157654,0.6658576130867004,mask_Face+Scene_pure_random_04_mean,pure_matched_random,486,0.14352044463157654,E3_joint_redundancy,,,,,Scene,180625,0.7227592468261719,Face+Scene,,,coco_polygon,,0.12722955231478253,0.0,12345,0.09825339043472031
0.7492048144340515,0.04411139339208603,0.7492048144340515,mask_Face+Scene_pure_random_04_mean,pure_matched_random,545,0.04411139339208603,E3_joint_redundancy,,,,,Scene,180625,0.7410746812820435,Face+Scene,,,coco_polygon,,0.1599974513500861,1.0,12345,0.44650201899437225
0.8472158908843994,0.5225143432617188,0.8472158908843994,mask_Face+Scene_pure_random_04_mean,pure_matched_random,640,0.5225143432617188,E3_joint_redundancy,,,,,Scene,180625,0.6299457550048828,Face+Scene,,,coco_polygon,,-0.04884222640459456,0.0,12345,0.1670946078916681
0.7193685173988342,0.05850204825401306,0.7193685173988342,mask_Face+Scene_pure_random_04_mean,pure_matched_random,842,0.05850204825401306,E3_joint_redundancy,,,,,Scene,180625,0.7864145040512085,Face+Scene,,,coco_polygon,,0.009296279635993774,1.0,12345,0.27117395809685996
0.3869384527206421,0.0370597206056118,0.3869384527206421,mask_Face+Scene_pure_random_04_mean,pure_matched_random,893,0.0370597206056118,E3_joint_redundancy,,,,,Scene,180625,0.8094444274902344,Face+Scene,,,coco_polygon,,0.3451741252069144,0.0,12345,0.2829990451855368
0.6377581357955933,0.006123710423707962,0.6377581357955933,mask_Face+Scene_pure_random_04_mean,pure_matched_random,999,0.006123710423707962,E3_joint_redundancy,,,,,Scene,180625,0.7614838480949402,Face+Scene,,,coco_polygon,,0.10070604335593306,1.0,12345,0.3606714576745591
0.5965803265571594,0.1921984851360321,0.6049476861953735,mask_Face+Scene_pure_random_05_mean,pure_matched_random,132,0.1676948070526123,E3_joint_redundancy,,,,,Scene,173828,0.6786928772926331,Face+Scene,,,coco_polygon,,0.08899004530898343,1.0,12345,0.10963064069274303
0.6304636001586914,0.09193316847085953,0.6304636001586914,mask_Face+Scene_pure_random_05_mean,pure_matched_random,199,0.09193316847085953,E3_joint_redundancy,,,,,Scene,180625,0.7144609689712524,Face+Scene,,,coco_polygon,,0.10565645692567455,1.0,12345,0.18860532888928033
0.6555460691452026,0.05015638470649719,0.6555460691452026,mask_Face+Scene_pure_random_05_mean,pure_matched_random,214,0.05015638470649719,E3_joint_redundancy,,,,,Scene,180625,0.670252799987793,Face+Scene,,,coco_polygon,,0.013759295661947467,1.0,12345,0.2514973282449856
0.6402869820594788,0.08051487803459167,0.6402869820594788,mask_Face+Scene_pure_random_05_mean,pure_matched_random,303,0.08051487803459167,E3_joint_redundancy,,,,,Scene,180625,0.7310285568237305,Face+Scene,,,coco_polygon,,0.1219215520659786,1.0,12345,0.4439662324756418
0.5254976749420166,0.046049825847148895,0.5254976749420166,mask_Face+Scene_pure_random_05_mean,pure_matched_random,486,0.046049825847148895,E3_joint_redundancy,,,,,Scene,180625,0.794917643070221,Face+Scene,,,coco_polygon,,0.3071072596648862,0.0,12345,0.12684827948351796
0.7124530076980591,0.010350409895181656,0.7124530076980591,mask_Face+Scene_pure_random_05_mean,pure_matched_random,545,0.010350409895181656,E3_joint_redundancy,,,,,Scene,180625,0.7672480940818787,Face+Scene,,,coco_polygon,,0.09746853644490845,1.0,12345,0.4361924917946509
0.7760537266731262,0.6252509355545044,0.7760537266731262,mask_Face+Scene_pure_random_05_mean,pure_matched_random,640,0.6252509355545044,E3_joint_redundancy,,,,,Scene,180625,0.6323689222335815,Face+Scene,,,coco_polygon,,-0.04957068975331844,0.0,12345,0.16969215519651631
0.746008574962616,0.03678889200091362,0.746008574962616,mask_Face+Scene_pure_random_05_mean,pure_matched_random,842,0.03678889200091362,E3_joint_redundancy,,,,,Scene,180625,0.7732182741165161,Face+Scene,,,coco_polygon,,0.22922513241390835,1.0,12345,0.28162284424245637
0.5465348362922668,0.1674172729253769,0.5465348362922668,mask_Face+Scene_pure_random_05_mean,pure_matched_random,893,0.1674172729253769,E3_joint_redundancy,,,,,Scene,180625,0.7936159372329712,Face+Scene,,,coco_polygon,,0.3476065938246469,0.0,12345,0.2855852942993098
0.6279957890510559,-0.011099119670689106,0.6279957890510559,mask_Face+Scene_pure_random_05_mean,pure_matched_random,999,-0.011099119670689106,E3_joint_redundancy,,,,,Scene,180625,0.7200459241867065,Face+Scene,,,coco_polygon,,0.03650174035603495,1.0,12345,0.32292285588223574
0.5177699327468872,0.19594578444957733,0.5388742089271545,mask_Scene_mean,target_roi,132,0.143301323056221,E3_joint_redundancy,,,,,Scene,173828,0.6865853071212769,Scene,,,coco_polygon,,0.08495390624283147,1.0,12345,0.10358169466999574
0.6481634974479675,0.13588082790374756,0.6481634974479675,mask_Scene_mean,target_roi,199,0.13588082790374756,E3_joint_redundancy,,,,,Scene,180625,0.6787251830101013,Scene,,,coco_polygon,,0.14563304655229917,1.0,12345,0.20214462889186816
0.7276948690414429,0.12087717652320862,0.7276948690414429,mask_Scene_mean,target_roi,214,0.12087717652320862,E3_joint_redundancy,,,,,Scene,180625,0.6780993342399597,Scene,,,coco_polygon,,-0.0986887537905755,1.0,12345,0.3044035307980611
0.6257253289222717,0.05957138538360596,0.6257253289222717,mask_Scene_mean,target_roi,303,0.05957138538360596,E3_joint_redundancy,,,,,Scene,180625,0.7344661951065063,Scene,,,coco_polygon,,0.12604060367188738,1.0,12345,0.4411438234002232
0.5359015464782715,0.07455917447805405,0.5359015464782715,mask_Scene_mean,target_roi,486,0.07455917447805405,E3_joint_redundancy,,,,,Scene,180625,0.7326872944831848,Scene,,,coco_polygon,,0.11499737800206392,0.0,12345,0.08712519278620938
0.6778945326805115,0.028947148472070694,0.6778945326805115,mask_Scene_mean,target_roi,545,0.028947148472070694,E3_joint_redundancy,,,,,Scene,180625,0.7478418946266174,Scene,,,coco_polygon,,0.09166243120910818,1.0,12345,0.42645579081661517
0.8490949273109436,0.6439964771270752,0.8490949273109436,mask_Scene_mean,target_roi,640,0.6439964771270752,E3_joint_redundancy,,,,,Scene,180625,0.6433476209640503,Scene,,,coco_polygon,,-0.08610519605346191,0.0,12345,0.1721763301281441
0.6987105011940002,0.07043564319610596,0.6987105011940002,mask_Scene_mean,target_roi,842,0.07043564319610596,E3_joint_redundancy,,,,,Scene,180625,0.7877382040023804,Scene,,,coco_polygon,,0.03783859215320934,1.0,12345,0.26320651559001235
0.5245329737663269,0.11280085146427155,0.5245329737663269,mask_Scene_mean,target_roi,893,0.11280085146427155,E3_joint_redundancy,,,,,Scene,180625,0.7970570921897888,Scene,,,coco_polygon,,0.3410133481245163,0.0,12345,0.28384914611771045
0.6559444069862366,0.028422456234693527,0.6559444069862366,mask_Scene_mean,target_roi,999,0.028422456234693527,E3_joint_redundancy,,,,,Scene,180625,0.7258210182189941,Scene,,,coco_polygon,,0.07960490071287,1.0,12345,0.3184786867498725
0.5237602591514587,0.2088065892457962,0.5540797114372253,mask_Scene_pure_random_01_mean,pure_matched_random,132,0.15598908066749573,E3_joint_redundancy,,,,,Scene,173828,0.6887015104293823,Scene,,,coco_polygon,,0.08268544398905499,1.0,12345,0.10267431402932484
0.6317883133888245,0.22530321776866913,0.6317883133888245,mask_Scene_pure_random_01_mean,pure_matched_random,199,0.22530321776866913,E3_joint_redundancy,,,,,Scene,180625,0.6954643726348877,Scene,,,coco_polygon,,0.1675443020985486,0.0,12345,0.20442225945029235
0.7866482734680176,0.2548188865184784,0.7866482734680176,mask_Scene_pure_random_01_mean,pure_matched_random,214,0.2548188865184784,E3_joint_redundancy,,,,,Scene,180625,0.6772834658622742,Scene,,,coco_polygon,,-0.06848618135849165,1.0,12345,0.28839581974952533
0.6273045539855957,0.05701753869652748,0.6273045539855957,mask_Scene_pure_random_01_mean,pure_matched_random,303,0.05701753869652748,E3_joint_redundancy,,,,,Scene,180625,0.7362766861915588,Scene,,,coco_polygon,,0.13169500949044244,1.0,12345,0.43135757688151866
0.5111015439033508,0.0018404112197458744,0.5111015439033508,mask_Scene_pure_random_01_mean,pure_matched_random,486,0.0018404112197458744,E3_joint_redundancy,,,,,Scene,180625,0.8051654100418091,Scene,,,coco_polygon,,0.23708167434219665,0.0,12345,0.11258832084550972
0.7194177508354187,0.13265913724899292,0.7194177508354187,mask_Scene_pure_random_01_mean,pure_matched_random,545,0.13265913724899292,E3_joint_redundancy,,,,,Scene,180625,0.7682154178619385,Scene,,,coco_polygon,,0.06554799776745618,1.0,12345,0.43704117870681514
0.8239138722419739,0.5846289396286011,0.8239138722419739,mask_Scene_pure_random_01_mean,pure_matched_random,640,0.5846289396286011,E3_joint_redundancy,,,,,Scene,180625,0.6409208178520203,Scene,,,coco_polygon,,-0.05973491685539465,0.0,12345,0.1654047702189763
0.7248475551605225,0.0884406715631485,0.7248475551605225,mask_Scene_pure_random_01_mean,pure_matched_random,842,0.0884406715631485,E3_joint_redundancy,,,,,Scene,180625,0.7677021622657776,Scene,,,coco_polygon,,0.03006165027317423,1.0,12345,0.23895491700986246
0.5566191673278809,0.06682862341403961,0.5566191673278809,mask_Scene_pure_random_01_mean,pure_matched_random,893,0.06682862341403961,E3_joint_redundancy,,,,,Scene,180625,0.7989031076431274,Scene,,,coco_polygon,,0.3393683597416891,0.0,12345,0.2832528925139462
0.6673280596733093,-0.012442415580153465,0.6673280596733093,mask_Scene_pure_random_01_mean,pure_matched_random,999,-0.012442415580153465,E3_joint_redundancy,,,,,Scene,180625,0.7248274087905884,Scene,,,coco_polygon,,0.13815601776059255,1.0,12345,0.3231237200457469
0.5290666818618774,0.11094329506158829,0.5282232761383057,mask_Scene_pure_random_02_mean,pure_matched_random,132,0.09251078218221664,E3_joint_redundancy,,,,,Scene,173828,0.6716099381446838,Scene,,,coco_polygon,,0.093676716178007,1.0,12345,0.11014234528120609
0.6545654535293579,0.17170819640159607,0.6545654535293579,mask_Scene_pure_random_02_mean,pure_matched_random,199,0.17170819640159607,E3_joint_redundancy,,,,,Scene,180625,0.6874306797981262,Scene,,,coco_polygon,,0.15226248028876688,1.0,12345,0.20546605788443792
0.7323426604270935,0.004665801301598549,0.7323426604270935,mask_Scene_pure_random_02_mean,pure_matched_random,214,0.004665801301598549,E3_joint_redundancy,,,,,Scene,180625,0.675782322883606,Scene,,,coco_polygon,,-0.13793160526087375,1.0,12345,0.3110537257970811
0.5884340405464172,0.07198303937911987,0.5884340405464172,mask_Scene_pure_random_02_mean,pure_matched_random,303,0.07198303937911987,E3_joint_redundancy,,,,,Scene,180625,0.7223697304725647,Scene,,,coco_polygon,,0.12968265867365855,1.0,12345,0.4383103487257135
0.6394938230514526,0.12698198854923248,0.6394938230514526,mask_Scene_pure_random_02_mean,pure_matched_random,486,0.12698198854923248,E3_joint_redundancy,,,,,Scene,180625,0.7172185778617859,Scene,,,coco_polygon,,0.12837690402440655,0.0,12345,0.09819969715306084
0.710529088973999,0.05665421485900879,0.710529088973999,mask_Scene_pure_random_02_mean,pure_matched_random,545,0.05665421485900879,E3_joint_redundancy,,,,,Scene,180625,0.739357590675354,Scene,,,coco_polygon,,0.08970967662295898,1.0,12345,0.4148322364876408
0.8179263472557068,0.5945767164230347,0.8179263472557068,mask_Scene_pure_random_02_mean,pure_matched_random,640,0.5945767164230347,E3_joint_redundancy,,,,,Scene,180625,0.6402137279510498,Scene,,,coco_polygon,,-0.0674330612589935,0.0,12345,0.16440944861477966
0.6859890222549438,0.09405574202537537,0.6859890222549438,mask_Scene_pure_random_02_mean,pure_matched_random,842,0.09405574202537537,E3_joint_redundancy,,,,,Scene,180625,0.7883108854293823,Scene,,,coco_polygon,,0.049972885614919464,1.0,12345,0.26780673586642567
0.5656651258468628,0.06892064213752747,0.5656651258468628,mask_Scene_pure_random_02_mean,pure_matched_random,893,0.06892064213752747,E3_joint_redundancy,,,,,Scene,180625,0.8049243092536926,Scene,,,coco_polygon,,0.33629505808540133,0.0,12345,0.28236379995419975
0.6837289333343506,-0.009876128286123276,0.6837289333343506,mask_Scene_pure_random_02_mean,pure_matched_random,999,-0.009876128286123276,E3_joint_redundancy,,,,,Scene,180625,0.735219419002533,Scene,,,coco_polygon,,0.05218350652509062,1.0,12345,0.31898817709486454
0.5133690237998962,0.13460171222686768,0.5150187611579895,mask_Scene_pure_random_03_mean,pure_matched_random,132,0.09596896916627884,E3_joint_redundancy,,,,,Scene,173828,0.6879695653915405,Scene,,,coco_polygon,,0.11161762378835315,1.0,12345,0.11737236273363075
0.6814815998077393,0.4024466276168823,0.6814815998077393,mask_Scene_pure_random_03_mean,pure_matched_random,199,0.4024466276168823,E3_joint_redundancy,,,,,Scene,180625,0.7024442553520203,Scene,,,coco_polygon,,0.09075550089000041,1.0,12345,0.19843374203091152
0.6570630669593811,0.18473802506923676,0.6570630669593811,mask_Scene_pure_random_03_mean,pure_matched_random,214,0.18473802506923676,E3_joint_redundancy,,,,,Scene,180625,0.6714550256729126,Scene,,,coco_polygon,,-0.12565135820448084,1.0,12345,0.31623905209933434
0.7036044597625732,0.20993156731128693,0.7036044597625732,mask_Scene_pure_random_03_mean,pure_matched_random,303,0.20993156731128693,E3_joint_redundancy,,,,,Scene,180625,0.7308168411254883,Scene,,,coco_polygon,,0.11649816047242326,1.0,12345,0.4691000482379227
0.518635630607605,-0.0031590545549988747,0.518635630607605,mask_Scene_pure_random_03_mean,pure_matched_random,486,-0.0031590545549988747,E3_joint_redundancy,,,,,Scene,180625,0.7958753108978271,Scene,,,coco_polygon,,0.24710469260590673,0.0,12345,0.10838548139132285
0.741930365562439,0.02178412862122059,0.741930365562439,mask_Scene_pure_random_03_mean,pure_matched_random,545,0.02178412862122059,E3_joint_redundancy,,,,,Scene,180625,0.7566444873809814,Scene,,,coco_polygon,,0.11190453451545418,1.0,12345,0.4292365564950091
0.8049131035804749,0.6853640675544739,0.8049131035804749,mask_Scene_pure_random_03_mean,pure_matched_random,640,0.6853640675544739,E3_joint_redundancy,,,,,Scene,180625,0.6342989206314087,Scene,,,coco_polygon,,-0.06421858916521737,0.0,12345,0.17151960644656147
0.7243638038635254,0.04462588205933571,0.7243638038635254,mask_Scene_pure_random_03_mean,pure_matched_random,842,0.04462588205933571,E3_joint_redundancy,,,,,Scene,180625,0.7874587774276733,Scene,,,coco_polygon,,0.06280134415530045,1.0,12345,0.257621540633567
0.5249901413917542,0.10574667155742645,0.5249901413917542,mask_Scene_pure_random_03_mean,pure_matched_random,893,0.10574667155742645,E3_joint_redundancy,,,,,Scene,180625,0.839346706867218,Scene,,,coco_polygon,,0.2592430061123695,0.0,12345,0.2909722207174112
0.6753806471824646,0.030925404280424118,0.6753806471824646,mask_Scene_pure_random_03_mean,pure_matched_random,999,0.030925404280424118,E3_joint_redundancy,,,,,Scene,180625,0.7281538248062134,Scene,,,coco_polygon,,0.07532890357607329,1.0,12345,0.33405968083569254
0.5115289688110352,0.19994589686393738,0.538881778717041,mask_Scene_pure_random_04_mean,pure_matched_random,132,0.15974542498588562,E3_joint_redundancy,,,,,Scene,173828,0.6848915815353394,Scene,,,coco_polygon,,0.07684892231144186,1.0,12345,0.10515768488788435
0.6540265083312988,0.13383767008781433,0.6540265083312988,mask_Scene_pure_random_04_mean,pure_matched_random,199,0.13383767008781433,E3_joint_redundancy,,,,,Scene,180625,0.681865930557251,Scene,,,coco_polygon,,0.1452347603808807,1.0,12345,0.2014218471298331
0.7962180972099304,0.1348332166671753,0.7962180972099304,mask_Scene_pure_random_04_mean,pure_matched_random,214,0.1348332166671753,E3_joint_redundancy,,,,,Scene,180625,0.6466076374053955,Scene,,,coco_polygon,,-0.08020322948269268,1.0,12345,0.2819247012431599
0.6743483543395996,0.04666914418339729,0.6743483543395996,mask_Scene_pure_random_04_mean,pure_matched_random,303,0.04666914418339729,E3_joint_redundancy,,,,,Scene,180625,0.7420466542243958,Scene,,,coco_polygon,,0.16537045406442571,1.0,12345,0.43773967070395214
0.631364107131958,0.15680581331253052,0.631364107131958,mask_Scene_pure_random_04_mean,pure_matched_random,486,0.15680581331253052,E3_joint_redundancy,,,,,Scene,180625,0.7052007913589478,Scene,,,coco_polygon,,0.12305783050125339,0.0,12345,0.08921276927216837
0.7264036536216736,0.0032758228480815887,0.7264036536216736,mask_Scene_pure_random_04_mean,pure_matched_random,545,0.0032758228480815887,E3_joint_redundancy,,,,,Scene,180625,0.7641938924789429,Scene,,,coco_polygon,,0.11024405146993449,1.0,12345,0.43514202922475714
0.8385716080665588,0.6601321697235107,0.8385716080665588,mask_Scene_pure_random_04_mean,pure_matched_random,640,0.6601321697235107,E3_joint_redundancy,,,,,Scene,180625,0.6447170972824097,Scene,,,coco_polygon,,-0.06748243977085837,0.0,12345,0.1640244170172911
0.7011786103248596,0.07527262717485428,0.7011786103248596,mask_Scene_pure_random_04_mean,pure_matched_random,842,0.07527262717485428,E3_joint_redundancy,,,,,Scene,180625,0.7877892255783081,Scene,,,coco_polygon,,0.04770667396606449,1.0,12345,0.2661354272918613
0.43249261379241943,0.029594432562589645,0.43249261379241943,mask_Scene_pure_random_04_mean,pure_matched_random,893,0.029594432562589645,E3_joint_redundancy,,,,,Scene,180625,0.807160496711731,Scene,,,coco_polygon,,0.34730610209540924,0.0,12345,0.28412415844208827
0.6290571093559265,0.019710829481482506,0.6290571093559265,mask_Scene_pure_random_04_mean,pure_matched_random,999,0.019710829481482506,E3_joint_redundancy,,,,,Scene,180625,0.735598087310791,Scene,,,coco_polygon,,0.10826674515529428,1.0,12345,0.3504641963406242
0.5171483159065247,0.19582606852054596,0.5433447360992432,mask_Scene_pure_random_05_mean,pure_matched_random,132,0.14717638492584229,E3_joint_redundancy,,,,,Scene,173828,0.6788392066955566,Scene,,,coco_polygon,,0.0842160324483422,1.0,12345,0.102718553175618
0.5532874464988708,0.07356710731983185,0.5532874464988708,mask_Scene_pure_random_05_mean,pure_matched_random,199,0.07356710731983185,E3_joint_redundancy,,,,,Scene,180625,0.694122314453125,Scene,,,coco_polygon,,0.1524191415287735,0.0,12345,0.2055125101536525
0.7875687479972839,0.14015568792819977,0.7875687479972839,mask_Scene_pure_random_05_mean,pure_matched_random,214,0.14015568792819977,E3_joint_redundancy,,,,,Scene,180625,0.6829749941825867,Scene,,,coco_polygon,,-0.10022318906312623,1.0,12345,0.30367300659883983
0.595460832118988,0.09682359546422958,0.595460832118988,mask_Scene_pure_random_05_mean,pure_matched_random,303,0.09682359546422958,E3_joint_redundancy,,,,,Scene,180625,0.731633722782135,Scene,,,coco_polygon,,0.12733785530718408,1.0,12345,0.4348186256613148
0.6713618040084839,0.20155537128448486,0.6713618040084839,mask_Scene_pure_random_05_mean,pure_matched_random,486,0.20155537128448486,E3_joint_redundancy,,,,,Scene,180625,0.7139288187026978,Scene,,,coco_polygon,,0.13451834961393738,0.0,12345,0.09897795008580937
0.7207323908805847,0.045468688011169434,0.7207323908805847,mask_Scene_pure_random_05_mean,pure_matched_random,545,0.045468688011169434,E3_joint_redundancy,,,,,Scene,180625,0.7835603952407837,Scene,,,coco_polygon,,0.085185873457006,1.0,12345,0.4418737243987817
0.8181602954864502,0.6308044791221619,0.8181602954864502,mask_Scene_pure_random_05_mean,pure_matched_random,640,0.6308044791221619,E3_joint_redundancy,,,,,Scene,180625,0.6274462938308716,Scene,,,coco_polygon,,-0.04654412628218966,0.0,12345,0.16819612608764897
0.7202216386795044,0.02975517325103283,0.7202216386795044,mask_Scene_pure_random_05_mean,pure_matched_random,842,0.02975517325103283,E3_joint_redundancy,,,,,Scene,180625,0.7711712121963501,Scene,,,coco_polygon,,0.029815865588091243,1.0,12345,0.26107826085051256
0.5431463122367859,0.06793814897537231,0.5431463122367859,mask_Scene_pure_random_05_mean,pure_matched_random,893,0.06793814897537231,E3_joint_redundancy,,,,,Scene,180625,0.7776538729667664,Scene,,,coco_polygon,,0.34337645129040906,0.0,12345,0.28226869979062114
0.6997573375701904,0.002488866448402405,0.6997573375701904,mask_Scene_pure_random_05_mean,pure_matched_random,999,0.002488866448402405,E3_joint_redundancy,,,,,Scene,180625,0.7237683534622192,Scene,,,coco_polygon,,0.0503182821123944,1.0,12345,0.32156167496667504
0.508934736251831,0.21401765942573547,0.5376697182655334,no_mask,none,132,0.15916554629802704,E3_joint_redundancy,,,,,Scene,173828,0.6798517107963562,none,,,coco_polygon,,0.08359801283194034,1.0,12345,0.10187761130218921
0.6467702984809875,0.13392917811870575,0.6467702984809875,no_mask,none,199,0.13392917811870575,E3_joint_redundancy,,,,,Scene,180625,0.6789929866790771,none,,,coco_polygon,,0.14532005140008,1.0,12345,0.2019177690990224
0.7898276448249817,0.1543550193309784,0.7898276448249817,no_mask,none,214,0.1543550193309784,E3_joint_redundancy,,,,,Scene,180625,0.7013274431228638,none,,,coco_polygon,,-0.11008662854275526,1.0,12345,0.31933604677619787
0.6187810897827148,0.06225885450839996,0.6187810897827148,no_mask,none,303,0.06225885450839996,E3_joint_redundancy,,,,,Scene,180625,0.7351640462875366,none,,,coco_polygon,,0.12523300164131781,1.0,12345,0.442278232182648
0.6266616582870483,0.17104201018810272,0.6266616582870483,no_mask,none,486,0.17104201018810272,E3_joint_redundancy,,,,,Scene,180625,0.7079365849494934,none,,,coco_polygon,,0.1201107558537632,0.0,12345,0.08790386848517617
0.7139877676963806,-0.014000766910612583,0.7139877676963806,no_mask,none,545,-0.014000766910612583,E3_joint_redundancy,,,,,Scene,180625,0.7464748620986938,none,,,coco_polygon,,0.10486398113400656,1.0,12345,0.43409120421961533
0.8196316957473755,0.6440845727920532,0.8196316957473755,no_mask,none,640,0.6440845727920532,E3_joint_redundancy,,,,,Scene,180625,0.6447329521179199,none,,,coco_polygon,,-0.05620480625686535,0.0,12345,0.1658653806479968
0.6995631456375122,0.07228440046310425,0.6995631456375122,no_mask,none,842,0.07228440046310425,E3_joint_redundancy,,,,,Scene,180625,0.7896342277526855,none,,,coco_polygon,,0.040630952251259886,1.0,12345,0.26358187735174887
0.5362313389778137,0.09187395125627518,0.5362313389778137,no_mask,none,893,0.09187395125627518,E3_joint_redundancy,,,,,Scene,180625,0.7856425046920776,none,,,coco_polygon,,0.3438162126308746,0.0,12345,0.2836476508846109
0.6645850539207458,0.030521094799041748,0.6645850539207458,no_mask,none,999,0.030521094799041748,E3_joint_redundancy,,,,,Scene,180625,0.7284443378448486,none,,,coco_polygon,,0.07996375783268637,1.0,12345,0.3201064312296886
0.508934736251831,0.21401765942573547,0.5376697182655334,no_mask_repeat,none,132,0.15916554629802704,E3_joint_redundancy,,,,,Scene,173828,0.6798517107963562,none,,,coco_polygon,,0.08359801283194034,1.0,12345,0.10187761130218921
0.6467702984809875,0.13392917811870575,0.6467702984809875,no_mask_repeat,none,199,0.13392917811870575,E3_joint_redundancy,,,,,Scene,180625,0.6789929866790771,none,,,coco_polygon,,0.14532005140008,1.0,12345,0.2019177690990224
0.7898276448249817,0.1543550193309784,0.7898276448249817,no_mask_repeat,none,214,0.1543550193309784,E3_joint_redundancy,,,,,Scene,180625,0.7013274431228638,none,,,coco_polygon,,-0.11008662854275526,1.0,12345,0.31933604677619787
0.6187810897827148,0.06225885450839996,0.6187810897827148,no_mask_repeat,none,303,0.06225885450839996,E3_joint_redundancy,,,,,Scene,180625,0.7351640462875366,none,,,coco_polygon,,0.12523300164131781,1.0,12345,0.442278232182648
0.6266616582870483,0.17104201018810272,0.6266616582870483,no_mask_repeat,none,486,0.17104201018810272,E3_joint_redundancy,,,,,Scene,180625,0.7079365849494934,none,,,coco_polygon,,0.1201107558537632,0.0,12345,0.08790386848517617
0.7139877676963806,-0.014000766910612583,0.7139877676963806,no_mask_repeat,none,545,-0.014000766910612583,E3_joint_redundancy,,,,,Scene,180625,0.7464748620986938,none,,,coco_polygon,,0.10486398113400656,1.0,12345,0.43409120421961533
0.8196316957473755,0.6440845727920532,0.8196316957473755,no_mask_repeat,none,640,0.6440845727920532,E3_joint_redundancy,,,,,Scene,180625,0.6447329521179199,none,,,coco_polygon,,-0.05620480625686535,0.0,12345,0.1658653806479968
0.6995631456375122,0.07228440046310425,0.6995631456375122,no_mask_repeat,none,842,0.07228440046310425,E3_joint_redundancy,,,,,Scene,180625,0.7896342277526855,none,,,coco_polygon,,0.040630952251259886,1.0,12345,0.26358187735174887
0.5362313389778137,0.09187395125627518,0.5362313389778137,no_mask_repeat,none,893,0.09187395125627518,E3_joint_redundancy,,,,,Scene,180625,0.7856425046920776,none,,,coco_polygon,,0.3438162126308746,0.0,12345,0.2836476508846109
0.6645850539207458,0.030521094799041748,0.6645850539207458,no_mask_repeat,none,999,0.030521094799041748,E3_joint_redundancy,,,,,Scene,180625,0.7284443378448486,none,,,coco_polygon,,0.07996375783268637,1.0,12345,0.3201064312296886
