dataset_idx,excess_causal_loss,image_category,masked_roi,metric,num_seeds
1,0.002228442799661967,Face,Body,pixel_corr,3
16,0.00015022830371666922,Face,Body,pixel_corr,3
20,0.0004757218443093066,Face,Body,pixel_corr,3
51,-0.00836234813794056,Face,Body,pixel_corr,3
77,0.0037163751295642886,Face,Body,pixel_corr,3
135,-0.011396749006748362,Face,Body,pixel_corr,3
158,0.008045857981059645,Face,Body,pixel_corr,3
177,0.050615731283034815,Face,Body,pixel_corr,3
188,0.014284558679050213,Face,Body,pixel_corr,3
218,0.005393737474463666,Face,Body,pixel_corr,3
287,-0.034648207744749714,Face,Body,pixel_corr,3
292,0.001369882853145956,Face,Body,pixel_corr,3
295,0.02007249117630637,Face,Body,pixel_corr,3
340,0.0016631032763356392,Face,Body,pixel_corr,3
375,-0.00040396796890098335,Face,Body,pixel_corr,3
384,0.0039896655765978605,Face,Body,pixel_corr,3
415,-0.01378627882452956,Face,Body,pixel_corr,3
434,-0.007265012329233734,Face,Body,pixel_corr,3
465,-0.010689053223271747,Face,Body,pixel_corr,3
498,0.0006491755411918163,Face,Body,pixel_corr,3
507,-0.00237982501342233,Face,Body,pixel_corr,3
529,-0.008304078134938964,Face,Body,pixel_corr,3
561,-0.011458033079585523,Face,Body,pixel_corr,3
588,-0.009289421354458616,Face,Body,pixel_corr,3
606,0.0004871141527407538,Face,Body,pixel_corr,3
678,-0.01393227662159103,Face,Body,pixel_corr,3
708,0.013710543186176476,Face,Body,pixel_corr,3
756,-0.03370284712435042,Face,Body,pixel_corr,3
762,0.0010240202892774263,Face,Body,pixel_corr,3
781,0.010236399381056456,Face,Body,pixel_corr,3
789,0.002686871277935989,Face,Body,pixel_corr,3
817,-0.006605164224424138,Face,Body,pixel_corr,3
820,0.01016823716057817,Face,Body,pixel_corr,3
838,0.004819192279749966,Face,Body,pixel_corr,3
877,-0.0008431162234668379,Face,Body,pixel_corr,3
887,-0.013184641189710354,Face,Body,pixel_corr,3
973,-0.013952509055665203,Face,Body,pixel_corr,3
1,-0.0009465493507228783,Face,Body,ssim,3
16,-0.005879835271693837,Face,Body,ssim,3
20,0.00025681244151323025,Face,Body,ssim,3
51,-0.002612817692220444,Face,Body,ssim,3
77,-0.0009009034040203183,Face,Body,ssim,3
135,-0.010716212896136251,Face,Body,ssim,3
158,0.001277215566392381,Face,Body,ssim,3
177,-0.0009379851008769514,Face,Body,ssim,3
188,-0.0033894093940550125,Face,Body,ssim,3
218,-0.0007375457382694277,Face,Body,ssim,3
287,-0.015908126908849306,Face,Body,ssim,3
292,0.02355257510698972,Face,Body,ssim,3
295,-0.010155958655038362,Face,Body,ssim,3
340,-0.0014934153957713286,Face,Body,ssim,3
375,-0.0001795131831296361,Face,Body,ssim,3
384,-0.00441740517958149,Face,Body,ssim,3
415,0.014363451486709188,Face,Body,ssim,3
434,0.0005344599710434865,Face,Body,ssim,3
465,0.0032526476409574863,Face,Body,ssim,3
498,0.003299236957025775,Face,Body,ssim,3
507,-0.0016147141222905427,Face,Body,ssim,3
529,0.0010966167639559785,Face,Body,ssim,3
561,-2.6491029303116084e-05,Face,Body,ssim,3
588,0.0023247316742188774,Face,Body,ssim,3
606,-0.002538094747561385,Face,Body,ssim,3
678,-0.006305749270459122,Face,Body,ssim,3
708,-0.0024008955041739262,Face,Body,ssim,3
756,-0.006172851871483316,Face,Body,ssim,3
762,-0.0030465095976946487,Face,Body,ssim,3
781,-0.011717148009884179,Face,Body,ssim,3
789,0.005646143533212512,Face,Body,ssim,3
817,-0.01575506673401685,Face,Body,ssim,3
820,-0.00876647680809299,Face,Body,ssim,3
838,-3.768284957092659e-05,Face,Body,ssim,3
877,0.0007998115171164426,Face,Body,ssim,3
887,-0.005152848752839077,Face,Body,ssim,3
973,0.008785271359478316,Face,Body,ssim,3
1,-0.007210230827331544,Face,Body,lpips,3
16,-0.008357830842336019,Face,Body,lpips,3
20,0.001060585180918376,Face,Body,lpips,3
51,-0.004344534873962402,Face,Body,lpips,3
77,-0.00971920092900594,Face,Body,lpips,3
135,-0.015435620148976642,Face,Body,lpips,3
158,-0.0038071831067403162,Face,Body,lpips,3
177,0.011958777904510498,Face,Body,lpips,3
188,-0.0021326065063476565,Face,Body,lpips,3
218,-0.006403287251790366,Face,Body,lpips,3
287,0.003808406988779704,Face,Body,lpips,3
292,-0.010808070500691732,Face,Body,lpips,3
295,0.0366767168045044,Face,Body,lpips,3
340,-0.00705633560816447,Face,Body,lpips,3
375,-0.0001503388086954762,Face,Body,lpips,3
384,-0.0006658077239990235,Face,Body,lpips,3
415,-0.010669895013173421,Face,Body,lpips,3
434,-0.004365030924479167,Face,Body,lpips,3
465,0.005175276597340902,Face,Body,lpips,3
498,-0.002152939637502034,Face,Body,lpips,3
507,-0.014421244462331137,Face,Body,lpips,3
529,-0.00180353323618571,Face,Body,lpips,3
561,-5.603631337483734e-05,Face,Body,lpips,3
588,-0.0006213903427124022,Face,Body,lpips,3
606,-0.0016113917032877605,Face,Body,lpips,3
678,0.04476056098937988,Face,Body,lpips,3
708,0.010119477907816568,Face,Body,lpips,3
756,-0.019749987125396728,Face,Body,lpips,3
762,0.004486211140950521,Face,Body,lpips,3
781,0.005110585689544678,Face,Body,lpips,3
789,-0.00022438764572143546,Face,Body,lpips,3
817,0.0013258417447408039,Face,Body,lpips,3
820,-0.0011746962865193684,Face,Body,lpips,3
838,-0.0037276983261108395,Face,Body,lpips,3
877,-0.0007726152737935382,Face,Body,lpips,3
887,0.005942805608113607,Face,Body,lpips,3
973,-0.008233098189036052,Face,Body,lpips,3
1,-0.029190053542455043,Face,Body,clip,3
16,-0.014001343647638956,Face,Body,clip,3
20,0.012205247084299724,Face,Body,clip,3
51,0.01930206616719564,Face,Body,clip,3
77,-0.007790265480677286,Face,Body,clip,3
135,-0.08739090164502462,Face,Body,clip,3
158,-0.02126125494639079,Face,Body,clip,3
177,0.0050935665766398104,Face,Body,clip,3
188,0.0050967574119567885,Face,Body,clip,3
218,0.0035279035568237297,Face,Body,clip,3
287,0.02521838347117106,Face,Body,clip,3
292,0.02963034113248189,Face,Body,clip,3
295,0.11747968693574269,Face,Body,clip,3
340,-0.0006609578927357999,Face,Body,clip,3
375,0.0005704204241434729,Face,Body,clip,3
384,0.0014324108759562182,Face,Body,clip,3
415,0.05341889460881551,Face,Body,clip,3
434,0.01390857696533203,Face,Body,clip,3
465,0.017016647259394325,Face,Body,clip,3
498,0.019302650292714437,Face,Body,clip,3
507,-0.005660186211268107,Face,Body,clip,3
529,-0.017939500013987225,Face,Body,clip,3
561,0.004805217186609903,Face,Body,clip,3
588,-0.0077872256437937415,Face,Body,clip,3
606,0.04383442401885987,Face,Body,clip,3
678,0.03495762348175049,Face,Body,clip,3
708,-0.011269207795461018,Face,Body,clip,3
756,0.015323400497436523,Face,Body,clip,3
762,-0.028187092145284018,Face,Body,clip,3
781,0.02927560806274414,Face,Body,clip,3
789,-0.0064367473125457745,Face,Body,clip,3
817,-0.005623416105906168,Face,Body,clip,3
820,0.013380928834279384,Face,Body,clip,3
838,0.006001102924346924,Face,Body,clip,3
877,-0.025470956166585287,Face,Body,clip,3
887,-0.10143043398857117,Face,Body,clip,3
973,0.003684043884277345,Face,Body,clip,3
1,-0.0030847191810607923,Face,Body,dino,3
16,-0.018572503079970677,Face,Body,dino,3
20,-0.013173460960388184,Face,Body,dino,3
51,0.00795830845211943,Face,Body,dino,3
77,-0.03418558022628228,Face,Body,dino,3
135,-0.04111075748999913,Face,Body,dino,3
158,-0.04420303553342819,Face,Body,dino,3
177,0.0026019593079884846,Face,Body,dino,3
188,-0.003890163730829952,Face,Body,dino,3
218,0.021624738971392315,Face,Body,dino,3
287,0.023851803938547772,Face,Body,dino,3
292,0.006163075566291809,Face,Body,dino,3
295,0.11486758198589087,Face,Body,dino,3
340,-0.0013079404830932614,Face,Body,dino,3
375,0.015690989047288894,Face,Body,dino,3
384,-0.013115024566650391,Face,Body,dino,3
415,0.06189584285020828,Face,Body,dino,3
434,-0.006741867462793985,Face,Body,dino,3
465,0.011663277447223662,Face,Body,dino,3
498,0.029971721768379214,Face,Body,dino,3
507,-0.015008475383122763,Face,Body,dino,3
529,-0.029484393199284874,Face,Body,dino,3
561,-0.017396310965220135,Face,Body,dino,3
588,-0.007349800318479538,Face,Body,dino,3
606,0.0067650743760168525,Face,Body,dino,3
678,0.04546362260977427,Face,Body,dino,3
708,0.06082886556784312,Face,Body,dino,3
756,-0.07662954231103263,Face,Body,dino,3
762,0.026324150959650672,Face,Body,dino,3
781,0.06889773607254028,Face,Body,dino,3
789,0.01096633772055308,Face,Body,dino,3
817,0.04772313038508097,Face,Body,dino,3
820,-0.005943866570790613,Face,Body,dino,3
838,0.015710749725500742,Face,Body,dino,3
877,-0.006162361303965251,Face,Body,dino,3
887,-0.00889181892077128,Face,Body,dino,3
973,0.008530376354853313,Face,Body,dino,3
1,0.014641896883646645,Face,Body,face_lpips,3
16,-0.001500360171000163,Face,Body,face_lpips,3
20,-0.004036748409271239,Face,Body,face_lpips,3
51,0.0012715180714925126,Face,Body,face_lpips,3
77,-0.009427924950917562,Face,Body,face_lpips,3
135,0.005376360813776653,Face,Body,face_lpips,3
158,-0.002042655150095623,Face,Body,face_lpips,3
177,0.003397850195566813,Face,Body,face_lpips,3
188,-5.6588649749755804e-05,Face,Body,face_lpips,3
218,-0.009929943084716798,Face,Body,face_lpips,3
287,-0.006464135646820069,Face,Body,face_lpips,3
292,-0.012841633955637614,Face,Body,face_lpips,3
295,0.032602548599243164,Face,Body,face_lpips,3
340,0.005169912179311116,Face,Body,face_lpips,3
375,-0.00399473508199056,Face,Body,face_lpips,3
384,0.0052272518475850425,Face,Body,face_lpips,3
415,-0.009254785378774008,Face,Body,face_lpips,3
434,0.01075429121653239,Face,Body,face_lpips,3
465,0.0006829738616943361,Face,Body,face_lpips,3
498,-0.009395535786946614,Face,Body,face_lpips,3
507,0.0028425494829813643,Face,Body,face_lpips,3
529,-0.001013692220052083,Face,Body,face_lpips,3
561,-0.004107344150543213,Face,Body,face_lpips,3
588,0.02456565697987874,Face,Body,face_lpips,3
606,0.0009634733200073251,Face,Body,face_lpips,3
678,0.044648428757985435,Face,Body,face_lpips,3
708,0.030439658959706628,Face,Body,face_lpips,3
756,0.005316623051961262,Face,Body,face_lpips,3
762,0.01063360373179118,Face,Body,face_lpips,3
781,0.012092379728953044,Face,Body,face_lpips,3
789,0.009633326530456543,Face,Body,face_lpips,3
817,-0.0008754213651021326,Face,Body,face_lpips,3
820,-0.009910047054290771,Face,Body,face_lpips,3
838,-0.010095965862274169,Face,Body,face_lpips,3
877,0.031954598426818845,Face,Body,face_lpips,3
887,-0.06948455969492595,Face,Body,face_lpips,3
973,0.009916897614796957,Face,Body,face_lpips,3
1,-0.04286475777626037,Face,Body,face_dino,3
16,-0.017625953753789263,Face,Body,face_dino,3
20,0.009010464946428933,Face,Body,face_dino,3
51,-0.01649836835761865,Face,Body,face_dino,3
77,-0.013534523049990338,Face,Body,face_dino,3
135,-0.04081976811091105,Face,Body,face_dino,3
158,-0.07258069614569346,Face,Body,face_dino,3
177,-0.002327142655849457,Face,Body,face_dino,3
188,-0.023176029324531555,Face,Body,face_dino,3
218,-0.0016303514440854391,Face,Body,face_dino,3
287,-0.016438596447308856,Face,Body,face_dino,3
292,-0.0003884091973304765,Face,Body,face_dino,3
295,0.09870124459266662,Face,Body,face_dino,3
340,-0.025833160678545634,Face,Body,face_dino,3
375,0.0054940044879913325,Face,Body,face_dino,3
384,-0.0023987253506978345,Face,Body,face_dino,3
415,0.06110109736522038,Face,Body,face_dino,3
434,-0.04946223497390747,Face,Body,face_dino,3
465,0.008046616117159525,Face,Body,face_dino,3
498,0.00082735021909078,Face,Body,face_dino,3
507,0.007884720961252848,Face,Body,face_dino,3
529,-0.06583330805102984,Face,Body,face_dino,3
561,-0.00919070541858673,Face,Body,face_dino,3
588,-0.022694321970144902,Face,Body,face_dino,3
606,0.017513000965118406,Face,Body,face_dino,3
678,0.15880610197782516,Face,Body,face_dino,3
708,-0.05252965490023295,Face,Body,face_dino,3
756,-0.029583654801050824,Face,Body,face_dino,3
762,0.0034324814875920616,Face,Body,face_dino,3
781,0.07503591328859328,Face,Body,face_dino,3
789,0.07787962754567464,Face,Body,face_dino,3
817,-0.00933300356070201,Face,Body,face_dino,3
820,-0.06351346671581269,Face,Body,face_dino,3
838,-0.0038989794751008353,Face,Body,face_dino,3
877,-0.012530472377936044,Face,Body,face_dino,3
887,-0.08713999390602112,Face,Body,face_dino,3
973,0.003461126486460367,Face,Body,face_dino,3
1,0.06666666666666667,Face,Body,face_detection_success,3
16,0.0,Face,Body,face_detection_success,3
20,0.06666666666666667,Face,Body,face_detection_success,3
51,0.0,Face,Body,face_detection_success,3
77,0.0,Face,Body,face_detection_success,3
135,-0.06666666666666667,Face,Body,face_detection_success,3
158,0.0,Face,Body,face_detection_success,3
177,0.0,Face,Body,face_detection_success,3
188,0.0,Face,Body,face_detection_success,3
218,-0.13333333333333333,Face,Body,face_detection_success,3
287,-0.13333333333333333,Face,Body,face_detection_success,3
292,-0.26666666666666666,Face,Body,face_detection_success,3
295,-0.4000000000000001,Face,Body,face_detection_success,3
340,0.19999999999999998,Face,Body,face_detection_success,3
375,-0.26666666666666666,Face,Body,face_detection_success,3
384,0.0,Face,Body,face_detection_success,3
415,-0.06666666666666667,Face,Body,face_detection_success,3
434,0.19999999999999998,Face,Body,face_detection_success,3
465,0.0,Face,Body,face_detection_success,3
498,0.06666666666666667,Face,Body,face_detection_success,3
507,0.06666666666666667,Face,Body,face_detection_success,3
529,0.0,Face,Body,face_detection_success,3
561,0.20000000000000004,Face,Body,face_detection_success,3
588,0.20000000000000007,Face,Body,face_detection_success,3
606,-0.13333333333333333,Face,Body,face_detection_success,3
678,0.19999999999999998,Face,Body,face_detection_success,3
708,0.5333333333333333,Face,Body,face_detection_success,3
756,0.0,Face,Body,face_detection_success,3
762,-0.06666666666666667,Face,Body,face_detection_success,3
781,0.3333333333333333,Face,Body,face_detection_success,3
789,0.13333333333333333,Face,Body,face_detection_success,3
817,-0.13333333333333336,Face,Body,face_detection_success,3
820,0.4000000000000001,Face,Body,face_detection_success,3
838,0.06666666666666667,Face,Body,face_detection_success,3
877,-0.19999999999999998,Face,Body,face_detection_success,3
887,1.850371707708594e-17,Face,Body,face_detection_success,3
973,0.0,Face,Body,face_detection_success,3
1,0.009153439806919886,Face,Face,pixel_corr,3
16,0.0024252767322393166,Face,Face,pixel_corr,3
20,0.01751473920637053,Face,Face,pixel_corr,3
51,-0.005787936954127355,Face,Face,pixel_corr,3
77,-0.000824946127174511,Face,Face,pixel_corr,3
135,0.007935413218328117,Face,Face,pixel_corr,3
158,0.0017689284926212696,Face,Face,pixel_corr,3
177,0.027152050549569883,Face,Face,pixel_corr,3
188,-0.0006150350893810773,Face,Face,pixel_corr,3
218,0.0038077742915753224,Face,Face,pixel_corr,3
287,0.0035186063162128633,Face,Face,pixel_corr,3
292,0.002627656153064515,Face,Face,pixel_corr,3
295,0.006382378832503782,Face,Face,pixel_corr,3
340,-0.0001488978865317476,Face,Face,pixel_corr,3
375,0.0023967404601631724,Face,Face,pixel_corr,3
384,-0.0010928093323198291,Face,Face,pixel_corr,3
415,0.02612826141016064,Face,Face,pixel_corr,3
434,-0.0025687321400491266,Face,Face,pixel_corr,3
465,-0.0009145727595437832,Face,Face,pixel_corr,3
498,-0.002284546742736961,Face,Face,pixel_corr,3
507,0.019151151590483678,Face,Face,pixel_corr,3
529,-0.0017591770082967199,Face,Face,pixel_corr,3
561,-0.002418239524449822,Face,Face,pixel_corr,3
588,0.00987596646560558,Face,Face,pixel_corr,3
606,-0.0018539325080155448,Face,Face,pixel_corr,3
678,-0.004129104468465616,Face,Face,pixel_corr,3
708,0.009863626067459899,Face,Face,pixel_corr,3
756,-0.00569373267071657,Face,Face,pixel_corr,3
762,-0.004281844634310792,Face,Face,pixel_corr,3
781,-0.00032470012810406276,Face,Face,pixel_corr,3
789,-0.005850044210165116,Face,Face,pixel_corr,3
817,0.010676719328386984,Face,Face,pixel_corr,3
820,0.002972193344225962,Face,Face,pixel_corr,3
838,-0.002322497005966499,Face,Face,pixel_corr,3
877,-0.0001969663035111775,Face,Face,pixel_corr,3
887,0.013805443359369021,Face,Face,pixel_corr,3
973,0.000516586647107647,Face,Face,pixel_corr,3
1,0.0004399747365977107,Face,Face,ssim,3
16,-0.0011553267153200392,Face,Face,ssim,3
20,0.0025468896178272994,Face,Face,ssim,3
51,-0.003143094139483811,Face,Face,ssim,3
77,-0.0004938701541654433,Face,Face,ssim,3
135,-0.0149631334155981,Face,Face,ssim,3
158,0.0006923088454022971,Face,Face,ssim,3
177,-0.002369349094732028,Face,Face,ssim,3
188,-0.0023533711019022574,Face,Face,ssim,3
218,-0.000641585324273027,Face,Face,ssim,3
287,0.004644052649723022,Face,Face,ssim,3
292,-0.008440398552287946,Face,Face,ssim,3
295,-0.0033904002627214787,Face,Face,ssim,3
340,-0.0015446216036096158,Face,Face,ssim,3
375,-0.0009606035494927361,Face,Face,ssim,3
384,-0.00013943365744237095,Face,Face,ssim,3
415,-0.004011566420455803,Face,Face,ssim,3
434,0.0026158431459079035,Face,Face,ssim,3
465,-0.0068203575344776,Face,Face,ssim,3
498,0.001034951125970751,Face,Face,ssim,3
507,-0.005258258218444948,Face,Face,ssim,3
529,-0.0042784130388345614,Face,Face,ssim,3
561,0.001004842120175886,Face,Face,ssim,3
588,0.000720749021925334,Face,Face,ssim,3
606,0.0007896846776131856,Face,Face,ssim,3
678,-0.005345111448146439,Face,Face,ssim,3
708,0.0022261584674981884,Face,Face,ssim,3
756,-0.0032381845075709955,Face,Face,ssim,3
762,-0.003898605175687018,Face,Face,ssim,3
781,-0.00776791755346637,Face,Face,ssim,3
789,-0.004105243765752309,Face,Face,ssim,3
817,0.0028830315018645637,Face,Face,ssim,3
820,-0.000857724124558697,Face,Face,ssim,3
838,-0.00045507765542069555,Face,Face,ssim,3
877,0.002568992070906967,Face,Face,ssim,3
887,0.004334171286516209,Face,Face,ssim,3
973,-0.0009134795694403936,Face,Face,ssim,3
1,0.0003536621729532876,Face,Face,lpips,3
16,0.00457223653793335,Face,Face,lpips,3
20,-0.0056582172711690274,Face,Face,lpips,3
51,0.0010115027427673338,Face,Face,lpips,3
77,0.001478914419809977,Face,Face,lpips,3
135,-0.005349628130594889,Face,Face,lpips,3
158,-0.0003727475802103683,Face,Face,lpips,3
177,0.004074772198994954,Face,Face,lpips,3
188,0.004039303461710612,Face,Face,lpips,3
218,-0.003919716676076253,Face,Face,lpips,3
287,-0.0012675642967224122,Face,Face,lpips,3
292,0.01366966168085734,Face,Face,lpips,3
295,0.0007964054743448886,Face,Face,lpips,3
340,0.002147237459818522,Face,Face,lpips,3
375,-0.004882454872131348,Face,Face,lpips,3
384,0.002094384034474691,Face,Face,lpips,3
415,-0.0012630740801493328,Face,Face,lpips,3
434,-0.0007464965184529622,Face,Face,lpips,3
465,-0.005555164813995361,Face,Face,lpips,3
498,-0.0004525065422058107,Face,Face,lpips,3
507,-0.004648955663045247,Face,Face,lpips,3
529,0.001376593112945557,Face,Face,lpips,3
561,-0.0010581930478413902,Face,Face,lpips,3
588,0.007377151648203532,Face,Face,lpips,3
606,-0.0026183207829793293,Face,Face,lpips,3
678,-0.0037850419680277507,Face,Face,lpips,3
708,0.0002736369768778478,Face,Face,lpips,3
756,0.003770526250203451,Face,Face,lpips,3
762,0.0014811078707377117,Face,Face,lpips,3
781,0.0002905368804931637,Face,Face,lpips,3
789,-0.001379223664601644,Face,Face,lpips,3
817,0.0011265079180399578,Face,Face,lpips,3
820,-0.0024035056432088215,Face,Face,lpips,3
838,0.0029189149538675946,Face,Face,lpips,3
877,0.0013921022415161134,Face,Face,lpips,3
887,-0.003587007522583008,Face,Face,lpips,3
973,-0.0003666996955871583,Face,Face,lpips,3
1,-0.01023901303609212,Face,Face,clip,3
16,-0.011984364191691079,Face,Face,clip,3
20,-0.016283377011617025,Face,Face,clip,3
51,0.005747457345326743,Face,Face,clip,3
77,0.014404749870300292,Face,Face,clip,3
135,0.03132318456967672,Face,Face,clip,3
158,0.00253214438756307,Face,Face,clip,3
177,0.0006597479184468585,Face,Face,clip,3
188,0.03363511562347412,Face,Face,clip,3
218,-0.0070461948712666825,Face,Face,clip,3
287,-0.00037839810053507533,Face,Face,clip,3
292,-0.01993289589881897,Face,Face,clip,3
295,-0.00568373203277588,Face,Face,clip,3
340,-0.02298593521118164,Face,Face,clip,3
375,-0.008722617228825887,Face,Face,clip,3
384,0.013989754517873126,Face,Face,clip,3
415,-0.0015096306800842288,Face,Face,clip,3
434,-0.025049899021784464,Face,Face,clip,3
465,-0.023961675167083737,Face,Face,clip,3
498,-0.002849785486857099,Face,Face,clip,3
507,-0.03556817173957825,Face,Face,clip,3
529,-0.009870266914367674,Face,Face,clip,3
561,0.015603591998418173,Face,Face,clip,3
588,0.011200104157129923,Face,Face,clip,3
606,-0.01170338789621989,Face,Face,clip,3
678,0.011060126622517904,Face,Face,clip,3
708,-0.014323596159617105,Face,Face,clip,3
756,0.027253607908884685,Face,Face,clip,3
762,-0.006572230656941731,Face,Face,clip,3
781,-0.015317706267038982,Face,Face,clip,3
789,0.0005871911843617766,Face,Face,clip,3
817,0.004488917191823323,Face,Face,clip,3
820,0.025620756546656288,Face,Face,clip,3
838,-0.01897223989168803,Face,Face,clip,3
877,-0.037099977334340416,Face,Face,clip,3
887,0.11641634305318198,Face,Face,clip,3
973,0.01296823024749756,Face,Face,clip,3
1,-0.026936055719852452,Face,Face,dino,3
16,-0.0039331675817569104,Face,Face,dino,3
20,-0.04178185065587362,Face,Face,dino,3
51,-0.010389386179546515,Face,Face,dino,3
77,0.03032478926082452,Face,Face,dino,3
135,0.016702114045619967,Face,Face,dino,3
158,0.015918102860450745,Face,Face,dino,3
177,0.0014292220274607342,Face,Face,dino,3
188,0.011670986625055472,Face,Face,dino,3
218,0.04426902222136656,Face,Face,dino,3
287,0.011676283677419026,Face,Face,dino,3
292,0.034902049352725346,Face,Face,dino,3
295,0.027595000620931384,Face,Face,dino,3
340,0.008532585700352986,Face,Face,dino,3
375,0.005517730365196864,Face,Face,dino,3
384,0.01288906534512838,Face,Face,dino,3
415,-0.011911411086718246,Face,Face,dino,3
434,-0.0260624165336291,Face,Face,dino,3
465,-0.0017093643546104431,Face,Face,dino,3
498,0.06262958745161694,Face,Face,dino,3
507,-0.016152944167455035,Face,Face,dino,3
529,-0.03815142860015234,Face,Face,dino,3
561,-0.018163860340913135,Face,Face,dino,3
588,0.021450771701832613,Face,Face,dino,3
606,-0.005567113651583591,Face,Face,dino,3
678,0.020444241662820183,Face,Face,dino,3
708,-0.023310601711273193,Face,Face,dino,3
756,-0.003597298264503479,Face,Face,dino,3
762,-0.009647005796432497,Face,Face,dino,3
781,0.016453864177068078,Face,Face,dino,3
789,0.001177408297856648,Face,Face,dino,3
817,0.019890621304512027,Face,Face,dino,3
820,-0.022184036672115326,Face,Face,dino,3
838,-0.02204647163550059,Face,Face,dino,3
877,-0.013314533233642576,Face,Face,dino,3
887,0.026480539639790853,Face,Face,dino,3
973,-0.012214376529057823,Face,Face,dino,3
1,-0.00021402835845947253,Face,Face,face_lpips,3
16,0.005409689744313558,Face,Face,face_lpips,3
20,0.0006360491116841638,Face,Face,face_lpips,3
51,-0.004651395479838053,Face,Face,face_lpips,3
77,0.011173784732818604,Face,Face,face_lpips,3
135,0.0033667643864949554,Face,Face,face_lpips,3
158,0.00036749045054117836,Face,Face,face_lpips,3
177,0.0011274615923563638,Face,Face,face_lpips,3
188,0.010510019461313884,Face,Face,face_lpips,3
218,-0.013987402121225992,Face,Face,face_lpips,3
287,0.0017374595006306966,Face,Face,face_lpips,3
292,0.017622458934783935,Face,Face,face_lpips,3
295,0.03085043827692668,Face,Face,face_lpips,3
340,-0.007825175921122232,Face,Face,face_lpips,3
375,0.006162397066752115,Face,Face,face_lpips,3
384,-0.002175732453664144,Face,Face,face_lpips,3
415,-0.0001769622166951498,Face,Face,face_lpips,3
434,0.005799436569213866,Face,Face,face_lpips,3
465,-0.0036306381225585938,Face,Face,face_lpips,3
498,0.009172638257344564,Face,Face,face_lpips,3
507,7.131099700927758e-05,Face,Face,face_lpips,3
529,-0.003851894537607829,Face,Face,face_lpips,3
561,0.004300840695699056,Face,Face,face_lpips,3
588,-0.001167750358581543,Face,Face,face_lpips,3
606,0.01121285359064738,Face,Face,face_lpips,3
678,0.009583199024200439,Face,Face,face_lpips,3
708,-0.009042898813883463,Face,Face,face_lpips,3
756,-0.00024995009104410854,Face,Face,face_lpips,3
762,0.012326049804687501,Face,Face,face_lpips,3
781,0.001470609505971273,Face,Face,face_lpips,3
789,0.003489319483439128,Face,Face,face_lpips,3
817,-0.0036807894706726075,Face,Face,face_lpips,3
820,-0.012113165855407717,Face,Face,face_lpips,3
838,-0.0020767450332641606,Face,Face,face_lpips,3
877,0.009955636660257975,Face,Face,face_lpips,3
887,0.06344302495320639,Face,Face,face_lpips,3
973,0.0020437836647033687,Face,Face,face_lpips,3
1,-0.03272640109062195,Face,Face,face_dino,3
16,0.005719021956125896,Face,Face,face_dino,3
20,0.004388496279716494,Face,Face,face_dino,3
51,0.0040503354122241346,Face,Face,face_dino,3
77,-0.0031502341230710343,Face,Face,face_dino,3
135,0.048858793576558424,Face,Face,face_dino,3
158,0.019517617424329125,Face,Face,face_dino,3
177,0.001462371150652568,Face,Face,face_dino,3
188,-0.03294800023237864,Face,Face,face_dino,3
218,0.015101803342501321,Face,Face,face_dino,3
287,0.018470646440982817,Face,Face,face_dino,3
292,0.02718103130658468,Face,Face,face_dino,3
295,-0.04476024582982063,Face,Face,face_dino,3
340,0.006255359450976057,Face,Face,face_dino,3
375,0.0029830098152160644,Face,Face,face_dino,3
384,0.020570104320844017,Face,Face,face_dino,3
415,0.009776620318492251,Face,Face,face_dino,3
434,-0.055468509594599404,Face,Face,face_dino,3
465,-0.026120662689208984,Face,Face,face_dino,3
498,0.025787868102391562,Face,Face,face_dino,3
507,-0.045525215069452916,Face,Face,face_dino,3
529,-0.020731468002001447,Face,Face,face_dino,3
561,0.029720503091812133,Face,Face,face_dino,3
588,-0.015003171811501187,Face,Face,face_dino,3
606,0.0100577712059021,Face,Face,face_dino,3
678,-0.022560968001683557,Face,Face,face_dino,3
708,-0.06357773231963317,Face,Face,face_dino,3
756,0.002947058280309041,Face,Face,face_dino,3
762,0.014016879598299663,Face,Face,face_dino,3
781,0.015364758794506392,Face,Face,face_dino,3
789,0.0053492933511734035,Face,Face,face_dino,3
817,-0.0009459525346756,Face,Face,face_dino,3
820,0.005045668284098307,Face,Face,face_dino,3
838,4.760337372620762e-05,Face,Face,face_dino,3
877,-0.018948635707298916,Face,Face,face_dino,3
887,-0.022682237625122073,Face,Face,face_dino,3
973,0.03274496495723725,Face,Face,face_dino,3
1,0.06666666666666667,Face,Face,face_detection_success,3
16,0.0,Face,Face,face_detection_success,3
20,0.0,Face,Face,face_detection_success,3
51,0.06666666666666667,Face,Face,face_detection_success,3
77,0.26666666666666666,Face,Face,face_detection_success,3
135,0.0,Face,Face,face_detection_success,3
158,0.0,Face,Face,face_detection_success,3
177,0.0,Face,Face,face_detection_success,3
188,0.13333333333333333,Face,Face,face_detection_success,3
218,-0.26666666666666666,Face,Face,face_detection_success,3
287,-0.20000000000000004,Face,Face,face_detection_success,3
292,-0.20000000000000004,Face,Face,face_detection_success,3
295,0.13333333333333333,Face,Face,face_detection_success,3
340,-0.39999999999999997,Face,Face,face_detection_success,3
375,0.06666666666666667,Face,Face,face_detection_success,3
384,0.0,Face,Face,face_detection_success,3
415,0.0,Face,Face,face_detection_success,3
434,-0.06666666666666667,Face,Face,face_detection_success,3
465,0.26666666666666666,Face,Face,face_detection_success,3
498,0.0666666666666667,Face,Face,face_detection_success,3
507,-0.13333333333333333,Face,Face,face_detection_success,3
529,0.0,Face,Face,face_detection_success,3
561,0.0,Face,Face,face_detection_success,3
588,-0.13333333333333333,Face,Face,face_detection_success,3
606,0.13333333333333333,Face,Face,face_detection_success,3
678,0.13333333333333333,Face,Face,face_detection_success,3
708,-0.3333333333333333,Face,Face,face_detection_success,3
756,0.0,Face,Face,face_detection_success,3
762,0.5333333333333333,Face,Face,face_detection_success,3
781,0.20000000000000004,Face,Face,face_detection_success,3
789,-0.4666666666666666,Face,Face,face_detection_success,3
817,-0.06666666666666667,Face,Face,face_detection_success,3
820,0.06666666666666665,Face,Face,face_detection_success,3
838,0.13333333333333333,Face,Face,face_detection_success,3
877,0.06666666666666665,Face,Face,face_detection_success,3
887,0.6,Face,Face,face_detection_success,3
973,-0.19999999999999998,Face,Face,face_detection_success,3
1,-0.00010408541806532744,Face,Scene,pixel_corr,3
16,-0.01272835846038461,Face,Scene,pixel_corr,3
20,-0.01797448078962673,Face,Scene,pixel_corr,3
51,0.01233546892720231,Face,Scene,pixel_corr,3
77,-0.0031885789656369828,Face,Scene,pixel_corr,3
135,-0.025227660984526928,Face,Scene,pixel_corr,3
158,-0.013981057912751784,Face,Scene,pixel_corr,3
177,-0.06955660872327785,Face,Scene,pixel_corr,3
188,0.004555006713346866,Face,Scene,pixel_corr,3
218,-0.0007913786723319039,Face,Scene,pixel_corr,3
287,0.012333148285787401,Face,Scene,pixel_corr,3
292,-0.0020708889252297885,Face,Scene,pixel_corr,3
295,0.010276874938517326,Face,Scene,pixel_corr,3
340,-0.0003798815343174079,Face,Scene,pixel_corr,3
375,-0.01352599199864663,Face,Scene,pixel_corr,3
384,0.024057535840253344,Face,Scene,pixel_corr,3
415,-0.0689541960797227,Face,Scene,pixel_corr,3
434,-0.0027699026205151938,Face,Scene,pixel_corr,3
465,0.0326340244698651,Face,Scene,pixel_corr,3
498,0.00832150652501812,Face,Scene,pixel_corr,3
507,0.014461007788475448,Face,Scene,pixel_corr,3
529,0.002846091920367158,Face,Scene,pixel_corr,3
561,-0.001813039587575726,Face,Scene,pixel_corr,3
588,0.03385140175632077,Face,Scene,pixel_corr,3
606,-0.0089000124443308,Face,Scene,pixel_corr,3
678,0.025099984069987744,Face,Scene,pixel_corr,3
708,-0.002155809026305166,Face,Scene,pixel_corr,3
756,-0.00703367880680128,Face,Scene,pixel_corr,3
762,-0.007002077344380446,Face,Scene,pixel_corr,3
781,-0.025157174990399534,Face,Scene,pixel_corr,3
789,-0.002158606576342451,Face,Scene,pixel_corr,3
817,0.008003450318441074,Face,Scene,pixel_corr,3
820,0.001515818424035361,Face,Scene,pixel_corr,3
838,-0.0032587987161443815,Face,Scene,pixel_corr,3
877,-0.011154407021682593,Face,Scene,pixel_corr,3
887,-0.00464365100359246,Face,Scene,pixel_corr,3
973,0.012089441030062181,Face,Scene,pixel_corr,3
1,-0.0031646458892989836,Face,Scene,ssim,3
16,0.0007128588455157329,Face,Scene,ssim,3
20,-0.01850228195524827,Face,Scene,ssim,3
51,0.0014357524034067908,Face,Scene,ssim,3
77,-0.00048090057037504427,Face,Scene,ssim,3
135,0.016925698546037694,Face,Scene,ssim,3
158,-0.0097487853562688,Face,Scene,ssim,3
177,-0.0005260556891882466,Face,Scene,ssim,3
188,0.002950007945372113,Face,Scene,ssim,3
218,-0.001637223274826055,Face,Scene,ssim,3
287,0.0021492940819646702,Face,Scene,ssim,3
292,-0.0001276050522485174,Face,Scene,ssim,3
295,-0.003904015052555872,Face,Scene,ssim,3
340,-0.0012694810897775077,Face,Scene,ssim,3
375,-0.0005495558185200053,Face,Scene,ssim,3
384,0.002869050647689756,Face,Scene,ssim,3
415,-0.00843436447802916,Face,Scene,ssim,3
434,0.002082351981218426,Face,Scene,ssim,3
465,0.0030499710153653547,Face,Scene,ssim,3
498,-0.011443311303074718,Face,Scene,ssim,3
507,-0.020873981548721235,Face,Scene,ssim,3
529,-0.0029544484775984956,Face,Scene,ssim,3
561,-0.0002729216822826214,Face,Scene,ssim,3
588,-0.0014170674857367932,Face,Scene,ssim,3
606,0.0010692753522896041,Face,Scene,ssim,3
678,-0.012891806873401482,Face,Scene,ssim,3
708,0.0011897456029950737,Face,Scene,ssim,3
756,0.005711042082252815,Face,Scene,ssim,3
762,-0.002914297491015455,Face,Scene,ssim,3
781,0.05106591719004175,Face,Scene,ssim,3
789,0.00019880679891553696,Face,Scene,ssim,3
817,-0.008040032066406265,Face,Scene,ssim,3
820,0.010431768754721717,Face,Scene,ssim,3
838,-0.002566718353572258,Face,Scene,ssim,3
877,0.0023992608806530148,Face,Scene,ssim,3
887,0.005462521901128743,Face,Scene,ssim,3
973,0.007352591136403437,Face,Scene,ssim,3
1,-0.0009491721789042156,Face,Scene,lpips,3
16,-0.0005794326464335125,Face,Scene,lpips,3
20,0.013869675000508626,Face,Scene,lpips,3
51,0.0026493589083353684,Face,Scene,lpips,3
77,-0.0032988588015238443,Face,Scene,lpips,3
135,0.02214310169219971,Face,Scene,lpips,3
158,0.01027368704477946,Face,Scene,lpips,3
177,-0.013297359148661295,Face,Scene,lpips,3
188,-0.002451018492380778,Face,Scene,lpips,3
218,-0.0016657312711079912,Face,Scene,lpips,3
287,0.0014066537221272787,Face,Scene,lpips,3
292,-0.014140645662943522,Face,Scene,lpips,3
295,-0.0005574623743693033,Face,Scene,lpips,3
340,-0.0016150792439778648,Face,Scene,lpips,3
375,0.004902505874633789,Face,Scene,lpips,3
384,0.01931495269139608,Face,Scene,lpips,3
415,0.002429835001627604,Face,Scene,lpips,3
434,-0.0016824324925740557,Face,Scene,lpips,3
465,-0.010740017890930176,Face,Scene,lpips,3
498,-0.007264713446299235,Face,Scene,lpips,3
507,0.012659172217051188,Face,Scene,lpips,3
529,-0.003247904777526856,Face,Scene,lpips,3
561,0.0007314403851826984,Face,Scene,lpips,3
588,0.004236447811126708,Face,Scene,lpips,3
606,-0.003880306084950765,Face,Scene,lpips,3
678,-0.00032633145650227957,Face,Scene,lpips,3
708,0.004064702987670899,Face,Scene,lpips,3
756,-0.005225797494252524,Face,Scene,lpips,3
762,0.0011857231458028156,Face,Scene,lpips,3
781,0.013712195555369058,Face,Scene,lpips,3
789,0.00025757551193237313,Face,Scene,lpips,3
817,0.0018392642339070638,Face,Scene,lpips,3
820,0.0013836145401000977,Face,Scene,lpips,3
838,-0.004013025760650635,Face,Scene,lpips,3
877,0.007837772369384764,Face,Scene,lpips,3
887,0.015465637048085531,Face,Scene,lpips,3
973,-0.005184658368428549,Face,Scene,lpips,3
1,-0.0018696228663126618,Face,Scene,clip,3
16,-0.013435858488082883,Face,Scene,clip,3
20,0.0272699236869812,Face,Scene,clip,3
51,-0.028226141134897867,Face,Scene,clip,3
77,-0.011368018388748168,Face,Scene,clip,3
135,0.07517423629760742,Face,Scene,clip,3
158,-0.018511263529459632,Face,Scene,clip,3
177,-0.027851843833923338,Face,Scene,clip,3
188,0.01722696423530579,Face,Scene,clip,3
218,-0.010422685742378236,Face,Scene,clip,3
287,-0.014340182145436605,Face,Scene,clip,3
292,-0.009213380018870036,Face,Scene,clip,3
295,-0.03349126180013021,Face,Scene,clip,3
340,0.008724254369735718,Face,Scene,clip,3
375,-0.009204888343811037,Face,Scene,clip,3
384,0.017166948318481447,Face,Scene,clip,3
415,0.028369514147440596,Face,Scene,clip,3
434,-0.01806229551633199,Face,Scene,clip,3
465,0.015039141972859701,Face,Scene,clip,3
498,0.007572301228841144,Face,Scene,clip,3
507,0.011249111096064253,Face,Scene,clip,3
529,-0.01236882209777832,Face,Scene,clip,3
561,0.005737088123957317,Face,Scene,clip,3
588,-0.007951951026916504,Face,Scene,clip,3
606,-0.008887765804926555,Face,Scene,clip,3
678,-0.039364820718765264,Face,Scene,clip,3
708,-0.05641113917032878,Face,Scene,clip,3
756,0.00643225312232971,Face,Scene,clip,3
762,0.001689052581787109,Face,Scene,clip,3
781,-0.051690789063771565,Face,Scene,clip,3
789,0.002835744619369508,Face,Scene,clip,3
817,0.001457134882609049,Face,Scene,clip,3
820,0.02184902826944987,Face,Scene,clip,3
838,-0.025317132472991943,Face,Scene,clip,3
877,0.00288174549738566,Face,Scene,clip,3
887,0.05759503245353698,Face,Scene,clip,3
973,0.004258612791697182,Face,Scene,clip,3
1,-0.030441087484359742,Face,Scene,dino,3
16,-0.02969860136508942,Face,Scene,dino,3
20,0.0027888198693593325,Face,Scene,dino,3
51,-0.006674199978200099,Face,Scene,dino,3
77,0.003694757974396149,Face,Scene,dino,3
135,0.030114972591400144,Face,Scene,dino,3
158,0.031188554565111798,Face,Scene,dino,3
177,-0.025208352009455367,Face,Scene,dino,3
188,-0.00237216226135691,Face,Scene,dino,3
218,0.00974890465537707,Face,Scene,dino,3
287,0.023005947470664978,Face,Scene,dino,3
292,-0.0035469358166058847,Face,Scene,dino,3
295,-0.11255570488671462,Face,Scene,dino,3
340,-0.014077054460843404,Face,Scene,dino,3
375,-0.006583306876321634,Face,Scene,dino,3
384,0.08269501725832622,Face,Scene,dino,3
415,0.04442400435606639,Face,Scene,dino,3
434,-0.012749700744946796,Face,Scene,dino,3
465,0.008164951205253602,Face,Scene,dino,3
498,-0.10692717134952545,Face,Scene,dino,3
507,0.032644139726956685,Face,Scene,dino,3
529,-0.005801620086034142,Face,Scene,dino,3
561,0.015493392447630564,Face,Scene,dino,3
588,-0.018847620363036794,Face,Scene,dino,3
606,0.046232238846520585,Face,Scene,dino,3
678,-0.16329630861679714,Face,Scene,dino,3
708,-0.013374056418736775,Face,Scene,dino,3
756,-0.056790139277776076,Face,Scene,dino,3
762,-0.03663080334663391,Face,Scene,dino,3
781,-0.06304842332998913,Face,Scene,dino,3
789,0.01507720798254013,Face,Scene,dino,3
817,0.005500471591949462,Face,Scene,dino,3
820,0.017774165670077006,Face,Scene,dino,3
838,0.018356957534948985,Face,Scene,dino,3
877,-0.03188698291778565,Face,Scene,dino,3
887,0.06549351861079533,Face,Scene,dino,3
973,0.02392872571945191,Face,Scene,dino,3
1,-0.010995423793792725,Face,Scene,face_lpips,3
16,-0.005473192532857259,Face,Scene,face_lpips,3
20,0.018208714326222737,Face,Scene,face_lpips,3
51,0.014098624388376871,Face,Scene,face_lpips,3
77,-0.012384037176767983,Face,Scene,face_lpips,3
135,0.008036148548126223,Face,Scene,face_lpips,3
158,0.0005858540534973145,Face,Scene,face_lpips,3
177,0.004624672730763753,Face,Scene,face_lpips,3
188,0.007471998532613118,Face,Scene,face_lpips,3
218,-0.018505966663360598,Face,Scene,face_lpips,3
287,0.002144002914428711,Face,Scene,face_lpips,3
292,-0.018682396411895754,Face,Scene,face_lpips,3
295,0.03704989751180013,Face,Scene,face_lpips,3
340,-0.00034320751825968446,Face,Scene,face_lpips,3
375,-0.01499412457148234,Face,Scene,face_lpips,3
384,0.0012560764948527023,Face,Scene,face_lpips,3
415,0.0007432301839192709,Face,Scene,face_lpips,3
434,0.0069146990776062,Face,Scene,face_lpips,3
465,-0.0009016871452331548,Face,Scene,face_lpips,3
498,-0.01026467482248942,Face,Scene,face_lpips,3
507,0.014264285564422607,Face,Scene,face_lpips,3
529,-0.0047214667002360025,Face,Scene,face_lpips,3
561,-0.009361632664998372,Face,Scene,face_lpips,3
588,0.037801643212636314,Face,Scene,face_lpips,3
606,-0.019532076517740887,Face,Scene,face_lpips,3
678,0.016856014728546143,Face,Scene,face_lpips,3
708,0.0035968661308288575,Face,Scene,face_lpips,3
756,-0.00839446783065796,Face,Scene,face_lpips,3
762,-0.000933512051900228,Face,Scene,face_lpips,3
781,0.03721874157587688,Face,Scene,face_lpips,3
789,0.006461326281229655,Face,Scene,face_lpips,3
817,0.004000723361968993,Face,Scene,face_lpips,3
820,-0.003883326053619385,Face,Scene,face_lpips,3
838,0.00014395713806152326,Face,Scene,face_lpips,3
877,0.04642578760782876,Face,Scene,face_lpips,3
887,0.02216782967249552,Face,Scene,face_lpips,3
973,-7.923444112141898e-05,Face,Scene,face_lpips,3
1,0.019129708409309387,Face,Scene,face_dino,3
16,-0.002006478110949198,Face,Scene,face_dino,3
20,0.06585747996966045,Face,Scene,face_dino,3
51,-0.045316083232561755,Face,Scene,face_dino,3
77,-0.023837466537952424,Face,Scene,face_dino,3
135,0.03438695768515269,Face,Scene,face_dino,3
158,-0.03558306445678075,Face,Scene,face_dino,3
177,0.028203094005584715,Face,Scene,face_dino,3
188,0.015079263349374136,Face,Scene,face_dino,3
218,-0.0035273144642512014,Face,Scene,face_dino,3
287,0.007206056515375772,Face,Scene,face_dino,3
292,-0.02759201576312383,Face,Scene,face_dino,3
295,-0.052589248741666476,Face,Scene,face_dino,3
340,0.02815483212471008,Face,Scene,face_dino,3
375,-0.02868233993649483,Face,Scene,face_dino,3
384,0.004095093409220378,Face,Scene,face_dino,3
415,-0.008909334739049276,Face,Scene,face_dino,3
434,-0.051852193474769596,Face,Scene,face_dino,3
465,-0.022522306442260737,Face,Scene,face_dino,3
498,0.0018308301766713452,Face,Scene,face_dino,3
507,0.04239176313082377,Face,Scene,face_dino,3
529,-0.02702142596244812,Face,Scene,face_dino,3
561,-0.001802919308344526,Face,Scene,face_dino,3
588,-0.037913160460690654,Face,Scene,face_dino,3
606,-0.03290776560703913,Face,Scene,face_dino,3
678,-0.05459495782852173,Face,Scene,face_dino,3
708,-0.05704246287544568,Face,Scene,face_dino,3
756,-0.038855026165644325,Face,Scene,face_dino,3
762,0.0025894020994504294,Face,Scene,face_dino,3
781,-0.02156946777055661,Face,Scene,face_dino,3
789,-0.0030819664398829155,Face,Scene,face_dino,3
817,0.001368210713068644,Face,Scene,face_dino,3
820,0.007497862478097282,Face,Scene,face_dino,3
838,-0.006715778261423111,Face,Scene,face_dino,3
877,-0.0030849568545818344,Face,Scene,face_dino,3
887,0.03541204780340194,Face,Scene,face_dino,3
973,0.0024827073017756143,Face,Scene,face_dino,3
1,0.0,Face,Scene,face_detection_success,3
16,0.0,Face,Scene,face_detection_success,3
20,0.13333333333333333,Face,Scene,face_detection_success,3
51,0.13333333333333333,Face,Scene,face_detection_success,3
77,0.0,Face,Scene,face_detection_success,3
135,-0.06666666666666667,Face,Scene,face_detection_success,3
158,0.0,Face,Scene,face_detection_success,3
177,0.0,Face,Scene,face_detection_success,3
188,0.0,Face,Scene,face_detection_success,3
218,-0.13333333333333333,Face,Scene,face_detection_success,3
287,-0.20000000000000004,Face,Scene,face_detection_success,3
292,-0.06666666666666667,Face,Scene,face_detection_success,3
295,-0.39999999999999997,Face,Scene,face_detection_success,3
340,0.06666666666666667,Face,Scene,face_detection_success,3
375,0.0,Face,Scene,face_detection_success,3
384,0.13333333333333333,Face,Scene,face_detection_success,3
415,0.0,Face,Scene,face_detection_success,3
434,0.26666666666666666,Face,Scene,face_detection_success,3
465,0.19999999999999998,Face,Scene,face_detection_success,3
498,-0.26666666666666666,Face,Scene,face_detection_success,3
507,0.39999999999999997,Face,Scene,face_detection_success,3
529,-0.20000000000000004,Face,Scene,face_detection_success,3
561,0.0,Face,Scene,face_detection_success,3
588,-0.06666666666666667,Face,Scene,face_detection_success,3
606,0.06666666666666667,Face,Scene,face_detection_success,3
678,-0.26666666666666666,Face,Scene,face_detection_success,3
708,-0.13333333333333333,Face,Scene,face_detection_success,3
756,0.0,Face,Scene,face_detection_success,3
762,0.13333333333333333,Face,Scene,face_detection_success,3
781,0.13333333333333333,Face,Scene,face_detection_success,3
789,-0.20000000000000004,Face,Scene,face_detection_success,3
817,-0.13333333333333333,Face,Scene,face_detection_success,3
820,0.20000000000000004,Face,Scene,face_detection_success,3
838,0.13333333333333333,Face,Scene,face_detection_success,3
877,-0.19999999999999998,Face,Scene,face_detection_success,3
887,-0.4000000000000001,Face,Scene,face_detection_success,3
973,0.26666666666666666,Face,Scene,face_detection_success,3
21,0.0062323321338386166,Body,Body,pixel_corr,3
38,0.013233492499020815,Body,Body,pixel_corr,3
40,0.00818052612230413,Body,Body,pixel_corr,3
59,0.025078446438467128,Body,Body,pixel_corr,3
88,-0.007940269956923743,Body,Body,pixel_corr,3
116,0.0010575124049036226,Body,Body,pixel_corr,3
133,0.010654394457911073,Body,Body,pixel_corr,3
161,-0.011005246552740771,Body,Body,pixel_corr,3
170,-0.015181932691944051,Body,Body,pixel_corr,3
179,0.014102375800103954,Body,Body,pixel_corr,3
220,-0.01422261318326734,Body,Body,pixel_corr,3
233,0.018643194322744847,Body,Body,pixel_corr,3
257,-0.010566972005176515,Body,Body,pixel_corr,3
290,0.059588781505026896,Body,Body,pixel_corr,3
331,-0.012816147022664473,Body,Body,pixel_corr,3
339,-0.0011399120625778397,Body,Body,pixel_corr,3
355,-0.019899768631176134,Body,Body,pixel_corr,3
366,0.03550347724105856,Body,Body,pixel_corr,3
474,0.006972119994386715,Body,Body,pixel_corr,3
492,-0.025673057482148532,Body,Body,pixel_corr,3
527,-0.02812241811266802,Body,Body,pixel_corr,3
530,0.0023962304895762394,Body,Body,pixel_corr,3
542,0.007371719649390248,Body,Body,pixel_corr,3
574,-0.0021561736757595086,Body,Body,pixel_corr,3
597,-0.0019284072312536372,Body,Body,pixel_corr,3
619,0.013931079741500286,Body,Body,pixel_corr,3
656,-0.0025271083636391003,Body,Body,pixel_corr,3
661,0.025725735013766,Body,Body,pixel_corr,3
664,-0.0051561109598926525,Body,Body,pixel_corr,3
698,0.0008555186631321916,Body,Body,pixel_corr,3
700,-0.005414666869481148,Body,Body,pixel_corr,3
716,0.022852627124808667,Body,Body,pixel_corr,3
765,0.028910599609868668,Body,Body,pixel_corr,3
771,0.0052930016573643004,Body,Body,pixel_corr,3
786,0.002481798961152078,Body,Body,pixel_corr,3
806,-0.000647683294325292,Body,Body,pixel_corr,3
813,-0.0003734479774827747,Body,Body,pixel_corr,3
816,0.002021617314957125,Body,Body,pixel_corr,3
822,0.007512369075416111,Body,Body,pixel_corr,3
826,-0.07288399711797174,Body,Body,pixel_corr,3
847,-0.00034245914705420614,Body,Body,pixel_corr,3
876,0.0014781796933617884,Body,Body,pixel_corr,3
891,0.0053161652246375675,Body,Body,pixel_corr,3
919,-0.0053183759069660545,Body,Body,pixel_corr,3
931,0.013746497739580752,Body,Body,pixel_corr,3
933,-0.049606216978492906,Body,Body,pixel_corr,3
941,-0.019235092889134404,Body,Body,pixel_corr,3
960,-0.008744920152972341,Body,Body,pixel_corr,3
968,-0.004450576648910436,Body,Body,pixel_corr,3
989,0.005788665949653921,Body,Body,pixel_corr,3
21,0.0005402887972563699,Body,Body,ssim,3
38,0.0004675362077236139,Body,Body,ssim,3
40,-0.0007905886053532744,Body,Body,ssim,3
59,0.006847600957026273,Body,Body,ssim,3
88,0.009855358483894837,Body,Body,ssim,3
116,0.006934754634405747,Body,Body,ssim,3
133,0.005385622393759496,Body,Body,ssim,3
161,-0.012757645501864985,Body,Body,ssim,3
170,0.0010812926100653133,Body,Body,ssim,3
179,0.008352521727864173,Body,Body,ssim,3
220,-0.003018796959773041,Body,Body,ssim,3
233,0.01154926959647086,Body,Body,ssim,3
257,0.000637846659782032,Body,Body,ssim,3
290,-0.010120738126746659,Body,Body,ssim,3
331,-0.0040920673780260155,Body,Body,ssim,3
339,0.0005272688201732101,Body,Body,ssim,3
355,-0.016269941662097855,Body,Body,ssim,3
366,0.013745215184498583,Body,Body,ssim,3
474,0.0023877136381329155,Body,Body,ssim,3
492,-0.0061600559791597205,Body,Body,ssim,3
527,-0.0363822507722936,Body,Body,ssim,3
530,-0.004338032723261967,Body,Body,ssim,3
542,-0.004301707060314197,Body,Body,ssim,3
574,0.0030401096383037493,Body,Body,ssim,3
597,0.0005757519237369928,Body,Body,ssim,3
619,-0.005822859061753207,Body,Body,ssim,3
656,0.002619110146333289,Body,Body,ssim,3
661,-0.0023323368467224473,Body,Body,ssim,3
664,-0.0005991873997866159,Body,Body,ssim,3
698,0.000840341124065478,Body,Body,ssim,3
700,0.002905262935045309,Body,Body,ssim,3
716,-0.0011205611205517497,Body,Body,ssim,3
765,0.03233600117450882,Body,Body,ssim,3
771,0.0022448415142228804,Body,Body,ssim,3
786,-0.00036888714036685164,Body,Body,ssim,3
806,0.0037788034569271683,Body,Body,ssim,3
813,0.0019020676096742333,Body,Body,ssim,3
816,-0.0034180923932936942,Body,Body,ssim,3
822,0.0009281220003618225,Body,Body,ssim,3
826,-0.025573400893496034,Body,Body,ssim,3
847,0.003453769200196088,Body,Body,ssim,3
876,-7.8227828439086e-05,Body,Body,ssim,3
891,0.000703570020025158,Body,Body,ssim,3
919,-0.005147025563995464,Body,Body,ssim,3
931,0.00045486701130291566,Body,Body,ssim,3
933,0.008068040775373972,Body,Body,ssim,3
941,-0.010366501015776956,Body,Body,ssim,3
960,-0.0189174871384843,Body,Body,ssim,3
968,0.0005078544669497956,Body,Body,ssim,3
989,0.0011665977967166398,Body,Body,ssim,3
21,-0.0038702368736267087,Body,Body,lpips,3
38,0.0038365085919698084,Body,Body,lpips,3
40,-0.002220610777537028,Body,Body,lpips,3
59,0.001152213414510091,Body,Body,lpips,3
88,-0.003839568297068278,Body,Body,lpips,3
116,-0.004770346482594808,Body,Body,lpips,3
133,0.00471802552541097,Body,Body,lpips,3
161,0.0003421505292256679,Body,Body,lpips,3
170,0.0007699012756347655,Body,Body,lpips,3
179,0.0052659829457600916,Body,Body,lpips,3
220,0.0003084023793538416,Body,Body,lpips,3
233,0.012981045246124269,Body,Body,lpips,3
257,-0.002594133218129476,Body,Body,lpips,3
290,0.000852962334950765,Body,Body,lpips,3
331,0.009898161888122559,Body,Body,lpips,3
339,0.0006964763005574545,Body,Body,lpips,3
355,0.0060123960177103685,Body,Body,lpips,3
366,0.003906691074371338,Body,Body,lpips,3
474,0.0022606293360392256,Body,Body,lpips,3
492,-0.008443097273508707,Body,Body,lpips,3
527,-0.006168639659881591,Body,Body,lpips,3
530,-0.003737783432006836,Body,Body,lpips,3
542,0.007844110329945883,Body,Body,lpips,3
574,-0.00616822640101115,Body,Body,lpips,3
597,0.006333522001902263,Body,Body,lpips,3
619,0.005547285079956055,Body,Body,lpips,3
656,0.003862635294596354,Body,Body,lpips,3
661,-0.014434238274892172,Body,Body,lpips,3
664,0.0033354838689168293,Body,Body,lpips,3
698,-0.010857911904652913,Body,Body,lpips,3
700,-0.00018115441004435255,Body,Body,lpips,3
716,-0.002629947662353516,Body,Body,lpips,3
765,0.0051755229632059726,Body,Body,lpips,3
771,-0.001758281389872233,Body,Body,lpips,3
786,0.001805110772450765,Body,Body,lpips,3
806,-0.003457097212473552,Body,Body,lpips,3
813,-0.00454546610514323,Body,Body,lpips,3
816,0.001268589496612549,Body,Body,lpips,3
822,0.031502850850423175,Body,Body,lpips,3
826,0.0013807217280069981,Body,Body,lpips,3
847,-0.0007161140441894529,Body,Body,lpips,3
876,-0.0012197732925415036,Body,Body,lpips,3
891,-0.0002526720364888508,Body,Body,lpips,3
919,5.110104878743142e-06,Body,Body,lpips,3
931,0.0003446777661641441,Body,Body,lpips,3
933,-0.0022494316101074213,Body,Body,lpips,3
941,0.0021004716555277506,Body,Body,lpips,3
960,-0.005361616611480713,Body,Body,lpips,3
968,-0.0019331415494283043,Body,Body,lpips,3
989,0.007353631655375163,Body,Body,lpips,3
21,-0.022478065888086957,Body,Body,clip,3
38,-0.010693999131520589,Body,Body,clip,3
40,-0.02261934280395508,Body,Body,clip,3
59,-0.032188302278518675,Body,Body,clip,3
88,0.012664161125818885,Body,Body,clip,3
116,-0.04663504560788472,Body,Body,clip,3
133,0.018132168054580688,Body,Body,clip,3
161,0.002856902281443277,Body,Body,clip,3
170,0.007140700022379557,Body,Body,clip,3
179,-0.0027916987737019853,Body,Body,clip,3
220,-0.007045634587605795,Body,Body,clip,3
233,-0.006691894928614298,Body,Body,clip,3
257,0.0124999205271403,Body,Body,clip,3
290,-0.04453426996866861,Body,Body,clip,3
331,0.00031207402547200544,Body,Body,clip,3
339,-0.024535258611043293,Body,Body,clip,3
355,-0.014830346902211508,Body,Body,clip,3
366,-0.047620912392934166,Body,Body,clip,3
474,-0.03551071087519328,Body,Body,clip,3
492,-0.02886906464894613,Body,Body,clip,3
527,-0.03423424959182739,Body,Body,clip,3
530,0.0062599420547485365,Body,Body,clip,3
542,2.1930535634358927e-05,Body,Body,clip,3
574,-0.010398320357004802,Body,Body,clip,3
597,0.00944054126739502,Body,Body,clip,3
619,-0.01155306895573934,Body,Body,clip,3
656,0.01246492067972819,Body,Body,clip,3
661,-0.00479738712310791,Body,Body,clip,3
664,0.00972368319829305,Body,Body,clip,3
698,0.026357253392537434,Body,Body,clip,3
700,-0.016110281149546306,Body,Body,clip,3
716,-0.03957222700119019,Body,Body,clip,3
765,-0.021041043599446616,Body,Body,clip,3
771,0.006056968371073407,Body,Body,clip,3
786,0.0015696088473002117,Body,Body,clip,3
806,-0.02226827144622803,Body,Body,clip,3
813,0.02144555648167928,Body,Body,clip,3
816,0.0008609414100646968,Body,Body,clip,3
822,-0.0049831151962280275,Body,Body,clip,3
826,-0.010035868485768639,Body,Body,clip,3
847,0.003131727377573649,Body,Body,clip,3
876,-0.019947874546051025,Body,Body,clip,3
891,0.018257816632588703,Body,Body,clip,3
919,-0.04134922822316488,Body,Body,clip,3
931,0.004524457454681397,Body,Body,clip,3
933,-0.01523689826329549,Body,Body,clip,3
941,0.021568193038304647,Body,Body,clip,3
960,-0.041266572475433354,Body,Body,clip,3
968,-0.0005306939284006757,Body,Body,clip,3
989,-0.011204846700032552,Body,Body,clip,3
21,-0.009590904414653779,Body,Body,dino,3
38,0.016188164552052815,Body,Body,dino,3
40,-0.0058300793170928955,Body,Body,dino,3
59,-0.03685102102657159,Body,Body,dino,3
88,0.009363601232568424,Body,Body,dino,3
116,-0.015591243902842203,Body,Body,dino,3
133,0.034090466300646466,Body,Body,dino,3
161,-0.01958652337392171,Body,Body,dino,3
170,0.019191958817342918,Body,Body,dino,3
179,-0.011906209588050843,Body,Body,dino,3
220,0.0421817642947038,Body,Body,dino,3
233,-0.020006150224556526,Body,Body,dino,3
257,0.020170023292303083,Body,Body,dino,3
290,-0.037713644901911425,Body,Body,dino,3
331,0.0007662430095175902,Body,Body,dino,3
339,-0.0009738465150197356,Body,Body,dino,3
355,0.01294769843419393,Body,Body,dino,3
366,-0.007750011980533599,Body,Body,dino,3
474,-0.002894162138303121,Body,Body,dino,3
492,-0.036554088195165,Body,Body,dino,3
527,-0.01915316830078761,Body,Body,dino,3
530,-0.005743905901908877,Body,Body,dino,3
542,0.03958122233549754,Body,Body,dino,3
574,0.012318704028924307,Body,Body,dino,3
597,0.019166443248589835,Body,Body,dino,3
619,-0.005434621094415586,Body,Body,dino,3
656,0.002842523530125618,Body,Body,dino,3
661,-0.004383400082588198,Body,Body,dino,3
664,0.024427990118662517,Body,Body,dino,3
698,0.035585947707295416,Body,Body,dino,3
700,-0.03000468214352926,Body,Body,dino,3
716,-0.02342936079949141,Body,Body,dino,3
765,-0.017646532257397967,Body,Body,dino,3
771,-0.017143203814824422,Body,Body,dino,3
786,0.027602195739746094,Body,Body,dino,3
806,-0.009658760329087577,Body,Body,dino,3
813,-0.01949500972405076,Body,Body,dino,3
816,0.007797160744667052,Body,Body,dino,3
822,-0.017604148387908938,Body,Body,dino,3
826,0.0028510415305693947,Body,Body,dino,3
847,-0.0026055664444963136,Body,Body,dino,3
876,-0.02351314860085646,Body,Body,dino,3
891,0.03816806487739086,Body,Body,dino,3
919,-0.05525000902513663,Body,Body,dino,3
931,0.0026358604431152345,Body,Body,dino,3
933,-0.043914053092400235,Body,Body,dino,3
941,0.020733630160490676,Body,Body,dino,3
960,-0.050260853953659534,Body,Body,dino,3
968,-0.003397287428379058,Body,Body,dino,3
989,0.00912120342254639,Body,Body,dino,3
21,0.0022726655006408696,Body,Body,person_lpips,3
38,0.0009715179602305094,Body,Body,person_lpips,3
40,0.0033483535051345823,Body,Body,person_lpips,3
59,-0.0017490009466807047,Body,Body,person_lpips,3
88,0.004391876856486003,Body,Body,person_lpips,3
116,0.0009262045224507652,Body,Body,person_lpips,3
133,0.0026236524184544883,Body,Body,person_lpips,3
161,0.009241286913553873,Body,Body,person_lpips,3
170,0.006537201007207235,Body,Body,person_lpips,3
179,-0.0032867928345998118,Body,Body,person_lpips,3
220,-0.002877239386240641,Body,Body,person_lpips,3
233,0.008169015248616537,Body,Body,person_lpips,3
257,-0.004161167144775391,Body,Body,person_lpips,3
290,-0.0003314673900604249,Body,Body,person_lpips,3
331,0.011099650462468467,Body,Body,person_lpips,3
339,-0.0024239361286163327,Body,Body,person_lpips,3
355,-0.0005746265252431236,Body,Body,person_lpips,3
366,-0.000453553597132365,Body,Body,person_lpips,3
474,-0.0029532333215077718,Body,Body,person_lpips,3
492,0.000203875700632731,Body,Body,person_lpips,3
527,0.005137413740158081,Body,Body,person_lpips,3
530,0.001109782854715983,Body,Body,person_lpips,3
542,0.002177478869756063,Body,Body,person_lpips,3
574,0.002364179491996765,Body,Body,person_lpips,3
597,0.0003691405057907105,Body,Body,person_lpips,3
619,0.008243083953857422,Body,Body,person_lpips,3
656,0.002524768312772115,Body,Body,person_lpips,3
661,-0.006855130195617676,Body,Body,person_lpips,3
664,0.00011090139547983817,Body,Body,person_lpips,3
698,-0.003368694583574931,Body,Body,person_lpips,3
700,-0.0010470519463221233,Body,Body,person_lpips,3
716,0.0044199069341023765,Body,Body,person_lpips,3
765,0.009507326285044353,Body,Body,person_lpips,3
771,-0.0019172439972559609,Body,Body,person_lpips,3
786,0.0028973122437795005,Body,Body,person_lpips,3
806,-0.0011927088101704915,Body,Body,person_lpips,3
813,-5.225936571757005e-05,Body,Body,person_lpips,3
816,-0.0023665030797322593,Body,Body,person_lpips,3
822,0.017300389210383096,Body,Body,person_lpips,3
826,0.002181166410446167,Body,Body,person_lpips,3
847,0.001781777540842692,Body,Body,person_lpips,3
876,-0.0014071444670359296,Body,Body,person_lpips,3
891,-0.002951663732528687,Body,Body,person_lpips,3
919,-0.009206674496332804,Body,Body,person_lpips,3
931,0.00569573442141215,Body,Body,person_lpips,3
933,0.006612461805343628,Body,Body,person_lpips,3
941,0.001026427745819092,Body,Body,person_lpips,3
960,0.0016209105650583904,Body,Body,person_lpips,3
968,0.00023483435312906904,Body,Body,person_lpips,3
989,0.003038694461186727,Body,Body,person_lpips,3
21,0.0037659193078676853,Body,Body,person_dino,3
38,0.006811204552650454,Body,Body,person_dino,3
40,-0.022157427668571473,Body,Body,person_dino,3
59,-0.04680798674623171,Body,Body,person_dino,3
88,0.03359274516503016,Body,Body,person_dino,3
116,0.04480811953544617,Body,Body,person_dino,3
133,-0.027242923776308697,Body,Body,person_dino,3
161,-0.0027178386847178143,Body,Body,person_dino,3
170,-0.02960701882839203,Body,Body,person_dino,3
179,0.0008848468462626137,Body,Body,person_dino,3
220,0.06441794087489446,Body,Body,person_dino,3
233,-0.0009829118847846975,Body,Body,person_dino,3
257,0.04164172609647115,Body,Body,person_dino,3
290,0.020061008135477704,Body,Body,person_dino,3
331,-0.01810788990308841,Body,Body,person_dino,3
339,0.030174315969149268,Body,Body,person_dino,3
355,-0.030189461509386697,Body,Body,person_dino,3
366,0.034470899899800615,Body,Body,person_dino,3
474,0.028931005795796712,Body,Body,person_dino,3
492,-0.02091544568538666,Body,Body,person_dino,3
527,0.003966515262921651,Body,Body,person_dino,3
530,0.006330147385597229,Body,Body,person_dino,3
542,0.02231701649725437,Body,Body,person_dino,3
574,0.028865828116734826,Body,Body,person_dino,3
597,0.001227068901062011,Body,Body,person_dino,3
619,0.0024016742904980986,Body,Body,person_dino,3
656,-0.015302462379137675,Body,Body,person_dino,3
661,-0.01705341339111328,Body,Body,person_dino,3
664,0.009940377871195475,Body,Body,person_dino,3
698,0.04118554592132568,Body,Body,person_dino,3
700,0.01524394154548645,Body,Body,person_dino,3
716,-0.002424075702826184,Body,Body,person_dino,3
765,0.0052848845720291126,Body,Body,person_dino,3
771,-0.0029276517530282334,Body,Body,person_dino,3
786,-0.0029771963755289704,Body,Body,person_dino,3
806,0.016857859492301938,Body,Body,person_dino,3
813,-0.000421218077341715,Body,Body,person_dino,3
816,0.002847263216972351,Body,Body,person_dino,3
822,-0.009772942463556927,Body,Body,person_dino,3
826,-0.002041402955849966,Body,Body,person_dino,3
847,-0.008150569597880046,Body,Body,person_dino,3
876,0.00962584267059962,Body,Body,person_dino,3
891,-0.011918099224567413,Body,Body,person_dino,3
919,-0.03355090543627739,Body,Body,person_dino,3
931,-0.012587944666544596,Body,Body,person_dino,3
933,-0.01163592537244161,Body,Body,person_dino,3
941,0.02619627714157104,Body,Body,person_dino,3
960,-0.07869279483954111,Body,Body,person_dino,3
968,0.002667464812596639,Body,Body,person_dino,3
989,0.014220949014027914,Body,Body,person_dino,3
21,-0.009777009557602308,Body,Body,person_region_consistency,3
38,-0.0032642148346970837,Body,Body,person_region_consistency,3
40,0.007347638873292915,Body,Body,person_region_consistency,3
59,0.006267866201261875,Body,Body,person_region_consistency,3
88,-0.002146548352259687,Body,Body,person_region_consistency,3
116,0.01030175875359599,Body,Body,person_region_consistency,3
133,0.022455115560298947,Body,Body,person_region_consistency,3
161,0.0044789889256087465,Body,Body,person_region_consistency,3
170,0.007287746634806455,Body,Body,person_region_consistency,3
179,0.013370681842702264,Body,Body,person_region_consistency,3
220,-0.019016358834852743,Body,Body,person_region_consistency,3
233,-0.006440378738311765,Body,Body,person_region_consistency,3
257,-0.0014547567579701857,Body,Body,person_region_consistency,3
290,0.02257977400818074,Body,Body,person_region_consistency,3
331,-0.02917479374637501,Body,Body,person_region_consistency,3
339,-0.0018506568561884064,Body,Body,person_region_consistency,3
355,-0.00417467783901436,Body,Body,person_region_consistency,3
366,0.011442875541591258,Body,Body,person_region_consistency,3
474,0.0022031817658345683,Body,Body,person_region_consistency,3
492,-0.015593843622026001,Body,Body,person_region_consistency,3
527,-0.031507778518177154,Body,Body,person_region_consistency,3
530,-0.012538785178911027,Body,Body,person_region_consistency,3
542,0.00932139148387979,Body,Body,person_region_consistency,3
574,0.010217900040834843,Body,Body,person_region_consistency,3
597,-0.0074453472590058556,Body,Body,person_region_consistency,3
619,0.016164406025941224,Body,Body,person_region_consistency,3
656,-0.005903149761523012,Body,Body,person_region_consistency,3
661,0.014183516737913885,Body,Body,person_region_consistency,3
664,-0.005346502214458389,Body,Body,person_region_consistency,3
698,-0.012248946289564725,Body,Body,person_region_consistency,3
700,0.0068137924151715976,Body,Body,person_region_consistency,3
716,0.002400190070608002,Body,Body,person_region_consistency,3
765,0.00341170881596251,Body,Body,person_region_consistency,3
771,0.0030303121886468714,Body,Body,person_region_consistency,3
786,-0.0058460925950846775,Body,Body,person_region_consistency,3
806,0.006085149376147757,Body,Body,person_region_consistency,3
813,-0.010845365561491667,Body,Body,person_region_consistency,3
816,0.0005812238379807952,Body,Body,person_region_consistency,3
822,0.024916002737901913,Body,Body,person_region_consistency,3
826,-0.0008891550443969991,Body,Body,person_region_consistency,3
847,-0.0038448376003465943,Body,Body,person_region_consistency,3
876,0.0046514885694003034,Body,Body,person_region_consistency,3
891,-0.0011841214030582472,Body,Body,person_region_consistency,3
919,-0.002988341818705028,Body,Body,person_region_consistency,3
931,0.0021013449138695523,Body,Body,person_region_consistency,3
933,0.012678841447881029,Body,Body,person_region_consistency,3
941,-0.02266397364790663,Body,Body,person_region_consistency,3
960,-0.027150354099020335,Body,Body,person_region_consistency,3
968,-0.005006214415084807,Body,Body,person_region_consistency,3
989,0.016039181747910528,Body,Body,person_region_consistency,3
21,0.0031922168230443817,Body,Face,pixel_corr,3
38,-0.005920024207836459,Body,Face,pixel_corr,3
40,-0.0009340628654554076,Body,Face,pixel_corr,3
59,-0.003984259262073165,Body,Face,pixel_corr,3
88,0.001486164936719286,Body,Face,pixel_corr,3
116,-0.0056122962121124,Body,Face,pixel_corr,3
133,0.006491237770869536,Body,Face,pixel_corr,3
161,0.0026409001654772012,Body,Face,pixel_corr,3
170,0.006999810132973859,Body,Face,pixel_corr,3
179,-0.06229106452659938,Body,Face,pixel_corr,3
220,0.004419793099801657,Body,Face,pixel_corr,3
233,0.0031435616045104053,Body,Face,pixel_corr,3
257,-0.003996787748852964,Body,Face,pixel_corr,3
290,-0.035423336244682586,Body,Face,pixel_corr,3
331,-0.028078863725919983,Body,Face,pixel_corr,3
339,0.0016354630221711841,Body,Face,pixel_corr,3
355,0.0013190969163680854,Body,Face,pixel_corr,3
366,0.0033623758534465135,Body,Face,pixel_corr,3
474,-0.0020863428779429095,Body,Face,pixel_corr,3
492,0.02561298003002351,Body,Face,pixel_corr,3
527,0.0009142554183377165,Body,Face,pixel_corr,3
530,0.003730517191584329,Body,Face,pixel_corr,3
542,-0.007381845166727362,Body,Face,pixel_corr,3
574,0.0021347910808894375,Body,Face,pixel_corr,3
597,0.000390525240616226,Body,Face,pixel_corr,3
619,0.007215292767873405,Body,Face,pixel_corr,3
656,0.004780714084333237,Body,Face,pixel_corr,3
661,-0.002730700028226522,Body,Face,pixel_corr,3
664,-0.0022930818860317755,Body,Face,pixel_corr,3
698,-0.0009552644213393109,Body,Face,pixel_corr,3
700,0.001699844912496143,Body,Face,pixel_corr,3
716,0.011388399437111547,Body,Face,pixel_corr,3
765,-0.0027916598169266597,Body,Face,pixel_corr,3
771,0.008612245483595989,Body,Face,pixel_corr,3
786,-0.0027090660372187402,Body,Face,pixel_corr,3
806,-0.0019514420685780732,Body,Face,pixel_corr,3
813,0.008704592874176043,Body,Face,pixel_corr,3
816,0.004185719737425555,Body,Face,pixel_corr,3
822,-0.006332036906738024,Body,Face,pixel_corr,3
826,0.005406995935769488,Body,Face,pixel_corr,3
847,-0.001102182289096723,Body,Face,pixel_corr,3
876,-0.003247954670810781,Body,Face,pixel_corr,3
891,-0.005935284579882928,Body,Face,pixel_corr,3
919,0.0023492865508679055,Body,Face,pixel_corr,3
931,0.012545668339103354,Body,Face,pixel_corr,3
933,-0.044642350524706574,Body,Face,pixel_corr,3
941,0.006670830836165982,Body,Face,pixel_corr,3
960,-0.019305513450040175,Body,Face,pixel_corr,3
968,-0.0028887332106865503,Body,Face,pixel_corr,3
989,-0.0007262144207383546,Body,Face,pixel_corr,3
21,0.0017450289930871776,Body,Face,ssim,3
38,-0.004021625206664481,Body,Face,ssim,3
40,0.00021656884814535973,Body,Face,ssim,3
59,0.001185392603213346,Body,Face,ssim,3
88,0.0062812154686506,Body,Face,ssim,3
116,-0.002133932296010678,Body,Face,ssim,3
133,0.004339481848120681,Body,Face,ssim,3
161,-0.003461223539305351,Body,Face,ssim,3
170,-0.006150466962990199,Body,Face,ssim,3
179,-0.01873837203327305,Body,Face,ssim,3
220,-0.0017490763006085947,Body,Face,ssim,3
233,0.0022795173582624284,Body,Face,ssim,3
257,-0.0012692681680686992,Body,Face,ssim,3
290,-0.0016201322411737605,Body,Face,ssim,3
331,0.0018486348889190393,Body,Face,ssim,3
339,-0.0010508473206696806,Body,Face,ssim,3
355,0.005434858845193562,Body,Face,ssim,3
366,-0.000686880262608843,Body,Face,ssim,3
474,-0.004232853011902515,Body,Face,ssim,3
492,0.007260264742467326,Body,Face,ssim,3
527,0.005408784161907263,Body,Face,ssim,3
530,-0.002494688807256681,Body,Face,ssim,3
542,-0.0018119235237972061,Body,Face,ssim,3
574,-0.002867342169932056,Body,Face,ssim,3
597,0.0014379229474812258,Body,Face,ssim,3
619,0.0006845795691323674,Body,Face,ssim,3
656,0.0013287708379736125,Body,Face,ssim,3
661,0.0025685265896006394,Body,Face,ssim,3
664,0.00041402786537075853,Body,Face,ssim,3
698,0.003602976421875455,Body,Face,ssim,3
700,0.003455946516019437,Body,Face,ssim,3
716,-0.0005737167310719936,Body,Face,ssim,3
765,-0.005271125023349724,Body,Face,ssim,3
771,0.008449061231021404,Body,Face,ssim,3
786,0.00029240380482236007,Body,Face,ssim,3
806,3.0215675188233263e-05,Body,Face,ssim,3
813,-0.0007851815837289314,Body,Face,ssim,3
816,0.0010532931793244714,Body,Face,ssim,3
822,-0.002856825184791134,Body,Face,ssim,3
826,0.00013466087937199494,Body,Face,ssim,3
847,0.00014898119035219306,Body,Face,ssim,3
876,-0.0005052684382084708,Body,Face,ssim,3
891,-0.0008318473952251743,Body,Face,ssim,3
919,7.668217025148524e-05,Body,Face,ssim,3
931,0.0021551226539567128,Body,Face,ssim,3
933,-0.0017173785231908098,Body,Face,ssim,3
941,0.0007374923774362773,Body,Face,ssim,3
960,0.006401424940581997,Body,Face,ssim,3
968,-0.0009616066932906833,Body,Face,ssim,3
989,0.0011784168221728784,Body,Face,ssim,3
21,-0.002633833885192871,Body,Face,lpips,3
38,-8.54214032491047e-05,Body,Face,lpips,3
40,-0.0013802289962768551,Body,Face,lpips,3
59,0.004000421365102132,Body,Face,lpips,3
88,-0.0013322909673055018,Body,Face,lpips,3
116,-0.0019994934399922685,Body,Face,lpips,3
133,0.002277513345082601,Body,Face,lpips,3
161,0.004836678504943848,Body,Face,lpips,3
170,0.005680243174235026,Body,Face,lpips,3
179,-0.006488962968190512,Body,Face,lpips,3
220,-0.00105589230855306,Body,Face,lpips,3
233,-0.0002906918525695801,Body,Face,lpips,3
257,-0.006694463888804118,Body,Face,lpips,3
290,-0.007532890637715658,Body,Face,lpips,3
331,-0.008224439620971679,Body,Face,lpips,3
339,-0.0006354610125223795,Body,Face,lpips,3
355,0.002100006739298503,Body,Face,lpips,3
366,-0.004121522108713786,Body,Face,lpips,3
474,-0.008063081900278728,Body,Face,lpips,3
492,-0.003110210100809733,Body,Face,lpips,3
527,0.0036778489748636885,Body,Face,lpips,3
530,-0.0006542444229125974,Body,Face,lpips,3
542,0.00013988415400187164,Body,Face,lpips,3
574,2.2880236307779918e-05,Body,Face,lpips,3
597,-0.0021426081657409672,Body,Face,lpips,3
619,0.007848294576009116,Body,Face,lpips,3
656,0.004380961259206136,Body,Face,lpips,3
661,-0.0010070164998372394,Body,Face,lpips,3
664,0.0019114176432291667,Body,Face,lpips,3
698,0.0006525039672851558,Body,Face,lpips,3
700,-0.006727437178293864,Body,Face,lpips,3
716,0.0020738244056701656,Body,Face,lpips,3
765,-0.0033263206481933595,Body,Face,lpips,3
771,-0.0025915304819742837,Body,Face,lpips,3
786,-0.0033181309700012207,Body,Face,lpips,3
806,-0.002465542157491048,Body,Face,lpips,3
813,-0.002256882190704346,Body,Face,lpips,3
816,-0.005015850067138672,Body,Face,lpips,3
822,-0.00020953019460042319,Body,Face,lpips,3
826,-0.0027277151743570964,Body,Face,lpips,3
847,0.00042286316553751636,Body,Face,lpips,3
876,0.0021573384602864582,Body,Face,lpips,3
891,-0.0051831364631652836,Body,Face,lpips,3
919,0.0015460928281148276,Body,Face,lpips,3
931,0.0033767223358154297,Body,Face,lpips,3
933,-0.009372607866923016,Body,Face,lpips,3
941,0.0044266939163208,Body,Face,lpips,3
960,0.008826084931691488,Body,Face,lpips,3
968,0.002656153837839762,Body,Face,lpips,3
989,0.0023696144421895345,Body,Face,lpips,3
21,-0.01833604574203491,Body,Face,clip,3
38,-0.009093395868937175,Body,Face,clip,3
40,0.0018965403238932292,Body,Face,clip,3
59,0.0026479880015055335,Body,Face,clip,3
88,-0.011738942066828411,Body,Face,clip,3
116,0.039673156539599096,Body,Face,clip,3
133,-0.0013680795828501374,Body,Face,clip,3
161,-0.04422355890274048,Body,Face,clip,3
170,-0.00867154002189636,Body,Face,clip,3
179,-0.01957486470540365,Body,Face,clip,3
220,0.012538862228393557,Body,Face,clip,3
233,0.005378458897272745,Body,Face,clip,3
257,-0.0054834544658660875,Body,Face,clip,3
290,-0.010241373380025226,Body,Face,clip,3
331,-0.016616010665893556,Body,Face,clip,3
339,0.003076275189717611,Body,Face,clip,3
355,-0.008104407787322998,Body,Face,clip,3
366,0.003200248877207438,Body,Face,clip,3
474,-0.006408441066741943,Body,Face,clip,3
492,-0.0024248441060384118,Body,Face,clip,3
527,0.015745317935943606,Body,Face,clip,3
530,-0.01149368683497111,Body,Face,clip,3
542,-0.015696152051289877,Body,Face,clip,3
574,-0.008912642796834307,Body,Face,clip,3
597,0.0005644122759501137,Body,Face,clip,3
619,-0.028769103686014815,Body,Face,clip,3
656,-0.015204985936482748,Body,Face,clip,3
661,-0.005142237742741903,Body,Face,clip,3
664,0.0034801840782165533,Body,Face,clip,3
698,0.03673783938090006,Body,Face,clip,3
700,-0.010376477241516111,Body,Face,clip,3
716,-0.020664727687835695,Body,Face,clip,3
765,0.0019153078397115067,Body,Face,clip,3
771,0.018792978922526044,Body,Face,clip,3
786,-0.005203656355539958,Body,Face,clip,3
806,0.005812654892603557,Body,Face,clip,3
813,0.0064014037450154625,Body,Face,clip,3
816,0.01728428602218628,Body,Face,clip,3
822,-0.010148950417836507,Body,Face,clip,3
826,-0.030236047506332395,Body,Face,clip,3
847,-0.017070535818735758,Body,Face,clip,3
876,-0.0036929031213124596,Body,Face,clip,3
891,-0.013408716519673666,Body,Face,clip,3
919,0.006338443358739217,Body,Face,clip,3
931,-0.004553020000457764,Body,Face,clip,3
933,-0.03309800624847412,Body,Face,clip,3
941,0.0021597782770792656,Body,Face,clip,3
960,0.047984786828358966,Body,Face,clip,3
968,-0.011645410458246866,Body,Face,clip,3
989,0.0027960062026977533,Body,Face,clip,3
21,-0.008812350034713744,Body,Face,dino,3
38,-0.006794244050979614,Body,Face,dino,3
40,-0.04225838383038838,Body,Face,dino,3
59,0.010941800537208715,Body,Face,dino,3
88,0.007778534789880116,Body,Face,dino,3
116,0.02739426741997401,Body,Face,dino,3
133,0.04004546441137791,Body,Face,dino,3
161,-0.031862241029739384,Body,Face,dino,3
170,-0.04828029113511245,Body,Face,dino,3
179,-0.024033628404140472,Body,Face,dino,3
220,0.0033638656139373785,Body,Face,dino,3
233,0.00246239695698023,Body,Face,dino,3
257,0.02309194033344587,Body,Face,dino,3
290,-0.09398128887017569,Body,Face,dino,3
331,-0.005473596851030986,Body,Face,dino,3
339,0.020420336723327635,Body,Face,dino,3
355,0.020114620526631672,Body,Face,dino,3
366,-0.039714952806631725,Body,Face,dino,3
474,0.00030872275431950935,Body,Face,dino,3
492,-0.026653973261515296,Body,Face,dino,3
527,-0.009791711966196695,Body,Face,dino,3
530,-0.0036826128760973614,Body,Face,dino,3
542,-0.012427283326784772,Body,Face,dino,3
574,-0.013581340511639914,Body,Face,dino,3
597,0.007386320829391478,Body,Face,dino,3
619,0.028692732130487758,Body,Face,dino,3
656,0.0022147265573342623,Body,Face,dino,3
661,0.007489708065986633,Body,Face,dino,3
664,-0.01243724822998047,Body,Face,dino,3
698,0.0199415052930514,Body,Face,dino,3
700,0.0021787454684575394,Body,Face,dino,3
716,-0.026703421212732795,Body,Face,dino,3
765,0.0014891405900319423,Body,Face,dino,3
771,0.024494055906931555,Body,Face,dino,3
786,0.007211645444234212,Body,Face,dino,3
806,0.008899632592995962,Body,Face,dino,3
813,0.017189275597532586,Body,Face,dino,3
816,-0.0035589088996251426,Body,Face,dino,3
822,0.01196830893556277,Body,Face,dino,3
826,0.0034594833850860596,Body,Face,dino,3
847,-0.01081745851164063,Body,Face,dino,3
876,0.0037621673817435897,Body,Face,dino,3
891,-0.01888767204557856,Body,Face,dino,3
919,0.004066223154465358,Body,Face,dino,3
931,0.0065435131390889495,Body,Face,dino,3
933,-0.03209953246017297,Body,Face,dino,3
941,0.021002090722322463,Body,Face,dino,3
960,0.11944628370304904,Body,Face,dino,3
968,0.0007395123442014059,Body,Face,dino,3
989,-0.008580891291300456,Body,Face,dino,3
21,-0.0016721109549204507,Body,Face,person_lpips,3
38,-0.0013577957948048907,Body,Face,person_lpips,3
40,-0.0003984202941258749,Body,Face,person_lpips,3
59,0.0002738078435262045,Body,Face,person_lpips,3
88,-0.0056169291337331145,Body,Face,person_lpips,3
116,0.001642094055811564,Body,Face,person_lpips,3
133,-0.0005716452995936077,Body,Face,person_lpips,3
161,0.0019132484992345176,Body,Face,person_lpips,3
170,0.002511592706044515,Body,Face,person_lpips,3
179,-0.005622309446334839,Body,Face,person_lpips,3
220,-0.00014099280039469396,Body,Face,person_lpips,3
233,0.00030632515748341875,Body,Face,person_lpips,3
257,-0.002540749311447144,Body,Face,person_lpips,3
290,0.0006041288375854492,Body,Face,person_lpips,3
331,0.0034754057725270592,Body,Face,person_lpips,3
339,-0.0007178495327631633,Body,Face,person_lpips,3
355,-0.00017057657241821277,Body,Face,person_lpips,3
366,-0.004744929075241089,Body,Face,person_lpips,3
474,-0.0013737340768178305,Body,Face,person_lpips,3
492,-0.006523921092351277,Body,Face,person_lpips,3
527,0.0008409261703491213,Body,Face,person_lpips,3
530,0.001405442754427592,Body,Face,person_lpips,3
542,0.0012954473495483398,Body,Face,person_lpips,3
574,0.0023907870054244995,Body,Face,person_lpips,3
597,0.0007394532362620035,Body,Face,person_lpips,3
619,0.0022812902927398684,Body,Face,person_lpips,3
656,0.0031358877817789714,Body,Face,person_lpips,3
661,-0.002279567718505859,Body,Face,person_lpips,3
664,-0.00290324091911316,Body,Face,person_lpips,3
698,-0.0011670897404352824,Body,Face,person_lpips,3
700,0.00035400092601776115,Body,Face,person_lpips,3
716,0.004419132073720296,Body,Face,person_lpips,3
765,-0.0029384096463521323,Body,Face,person_lpips,3
771,-0.007232752442359924,Body,Face,person_lpips,3
786,-0.002511175473531087,Body,Face,person_lpips,3
806,-0.0004676878452301024,Body,Face,person_lpips,3
813,0.004522775610287984,Body,Face,person_lpips,3
816,-0.004659509658813476,Body,Face,person_lpips,3
822,0.0015965461730957033,Body,Face,person_lpips,3
826,0.002439639965693156,Body,Face,person_lpips,3
847,0.0020990808804829918,Body,Face,person_lpips,3
876,-0.0001592437426249187,Body,Face,person_lpips,3
891,-0.00048134922981262217,Body,Face,person_lpips,3
919,-0.0023090859254201253,Body,Face,person_lpips,3
931,0.0037031054496765143,Body,Face,person_lpips,3
933,-0.0006928483645121256,Body,Face,person_lpips,3
941,0.002873001495997111,Body,Face,person_lpips,3
960,0.005709027250607808,Body,Face,person_lpips,3
968,0.0018216292063395183,Body,Face,person_lpips,3
989,-0.002043145895004272,Body,Face,person_lpips,3
21,-0.00041703283786773647,Body,Face,person_dino,3
38,0.015626415610313412,Body,Face,person_dino,3
40,-0.01772519648075104,Body,Face,person_dino,3
59,0.02302648598949114,Body,Face,person_dino,3
88,0.006272031366825106,Body,Face,person_dino,3
116,0.03537112474441528,Body,Face,person_dino,3
133,0.008935219546159107,Body,Face,person_dino,3
161,-0.018434093395868937,Body,Face,person_dino,3
170,0.014508092403411865,Body,Face,person_dino,3
179,0.030843907594680784,Body,Face,person_dino,3
220,-0.027448216577370965,Body,Face,person_dino,3
233,-0.018251549700895944,Body,Face,person_dino,3
257,0.016877639293670654,Body,Face,person_dino,3
290,-0.016905345519383747,Body,Face,person_dino,3
331,-0.01981372555407385,Body,Face,person_dino,3
339,0.01093646287918091,Body,Face,person_dino,3
355,0.05478203694025676,Body,Face,person_dino,3
366,-0.03258842825889587,Body,Face,person_dino,3
474,0.009464845061302185,Body,Face,person_dino,3
492,-0.0120897243420283,Body,Face,person_dino,3
527,0.012107556064923605,Body,Face,person_dino,3
530,-0.0021263832847277326,Body,Face,person_dino,3
542,-0.03698719541231791,Body,Face,person_dino,3
574,0.010216250022252403,Body,Face,person_dino,3
597,-0.0023637642463048302,Body,Face,person_dino,3
619,0.017067232479651768,Body,Face,person_dino,3
656,-0.022935599585374195,Body,Face,person_dino,3
661,-0.021985443433125817,Body,Face,person_dino,3
664,0.011595942576726278,Body,Face,person_dino,3
698,0.012006386121114094,Body,Face,person_dino,3
700,0.00026364326477050737,Body,Face,person_dino,3
716,-0.038184082011381786,Body,Face,person_dino,3
765,0.00639743208885193,Body,Face,person_dino,3
771,0.011100455621878306,Body,Face,person_dino,3
786,-0.0018906950950622569,Body,Face,person_dino,3
806,-0.01307263970375061,Body,Face,person_dino,3
813,-0.0011079072952270505,Body,Face,person_dino,3
816,-0.0003534992535909008,Body,Face,person_dino,3
822,-0.03641256193319956,Body,Face,person_dino,3
826,-0.006174833079179129,Body,Face,person_dino,3
847,-0.008534818887710571,Body,Face,person_dino,3
876,-0.0012493605415026348,Body,Face,person_dino,3
891,-0.0015610968073209123,Body,Face,person_dino,3
919,0.01585960015654564,Body,Face,person_dino,3
931,-0.015225295225779215,Body,Face,person_dino,3
933,-0.04923861523469289,Body,Face,person_dino,3
941,0.030311836798985803,Body,Face,person_dino,3
960,0.047144768635431926,Body,Face,person_dino,3
968,-0.015799988309542337,Body,Face,person_dino,3
989,-0.014766323566436765,Body,Face,person_dino,3
21,-0.00955548049456912,Body,Face,person_region_consistency,3
38,-0.003352530285751732,Body,Face,person_region_consistency,3
40,-0.006382962958014095,Body,Face,person_region_consistency,3
59,-0.003044812969373707,Body,Face,person_region_consistency,3
88,0.010555814854594498,Body,Face,person_region_consistency,3
116,0.008962696799246972,Body,Face,person_region_consistency,3
133,0.005771900523516403,Body,Face,person_region_consistency,3
161,0.026161325957941323,Body,Face,person_region_consistency,3
170,0.016151472111192725,Body,Face,person_region_consistency,3
179,-0.08884008862962008,Body,Face,person_region_consistency,3
220,0.007940905163643536,Body,Face,person_region_consistency,3
233,0.0021766937690083574,Body,Face,person_region_consistency,3
257,0.0005615684846718089,Body,Face,person_region_consistency,3
290,-0.028261834521504964,Body,Face,person_region_consistency,3
331,-0.058367124318630476,Body,Face,person_region_consistency,3
339,-0.0011711511746331433,Body,Face,person_region_consistency,3
355,-0.009090844360258253,Body,Face,person_region_consistency,3
366,0.00037173013006410713,Body,Face,person_region_consistency,3
474,-0.0023700884539549568,Body,Face,person_region_consistency,3
492,0.034547735581195345,Body,Face,person_region_consistency,3
527,-0.006502727214563385,Body,Face,person_region_consistency,3
530,0.00240294145254509,Body,Face,person_region_consistency,3
542,-0.006452144106691416,Body,Face,person_region_consistency,3
574,-0.0009782845647293948,Body,Face,person_region_consistency,3
597,-0.00018252076746575006,Body,Face,person_region_consistency,3
619,0.011299254402485463,Body,Face,person_region_consistency,3
656,-0.003707449603884093,Body,Face,person_region_consistency,3
661,-0.003838842343258072,Body,Face,person_region_consistency,3
664,-0.008202625845687326,Body,Face,person_region_consistency,3
698,-0.013435986883265208,Body,Face,person_region_consistency,3
700,0.0028620155671584438,Body,Face,person_region_consistency,3
716,0.012745541704122025,Body,Face,person_region_consistency,3
765,-0.0010709690379666012,Body,Face,person_region_consistency,3
771,-0.012836648636777753,Body,Face,person_region_consistency,3
786,-0.0020792502895629317,Body,Face,person_region_consistency,3
806,0.010159951198262988,Body,Face,person_region_consistency,3
813,0.002086456823350105,Body,Face,person_region_consistency,3
816,0.0032649547963326283,Body,Face,person_region_consistency,3
822,-0.004013892321019348,Body,Face,person_region_consistency,3
826,-0.01230121236371535,Body,Face,person_region_consistency,3
847,0.0024253786374364068,Body,Face,person_region_consistency,3
876,-0.0005467302642270954,Body,Face,person_region_consistency,3
891,0.010540237602030253,Body,Face,person_region_consistency,3
919,-0.004238534654935385,Body,Face,person_region_consistency,3
931,0.010175199409332418,Body,Face,person_region_consistency,3
933,-0.010770546981771939,Body,Face,person_region_consistency,3
941,-0.005051302815551822,Body,Face,person_region_consistency,3
960,-0.03280103584287498,Body,Face,person_region_consistency,3
968,-0.001258228962228949,Body,Face,person_region_consistency,3
989,0.002849532689635161,Body,Face,person_region_consistency,3
21,-0.02131322017213787,Body,Scene,pixel_corr,3
38,0.005273738026878296,Body,Scene,pixel_corr,3
40,0.038500679273710085,Body,Scene,pixel_corr,3
59,-0.013282571488945488,Body,Scene,pixel_corr,3
88,0.010081646987308948,Body,Scene,pixel_corr,3
116,0.011677933322171869,Body,Scene,pixel_corr,3
133,0.011076907369525478,Body,Scene,pixel_corr,3
161,0.009341360961153018,Body,Scene,pixel_corr,3
170,-0.009964851108188259,Body,Scene,pixel_corr,3
179,0.14379544270540748,Body,Scene,pixel_corr,3
220,-0.005072241737501982,Body,Scene,pixel_corr,3
233,-0.034341616888659096,Body,Scene,pixel_corr,3
257,0.0054705280170965894,Body,Scene,pixel_corr,3
290,0.02229610089047321,Body,Scene,pixel_corr,3
331,-0.06066525885250846,Body,Scene,pixel_corr,3
339,0.016626556593405787,Body,Scene,pixel_corr,3
355,0.04110612640531808,Body,Scene,pixel_corr,3
366,0.003926799293485417,Body,Scene,pixel_corr,3
474,0.02182789858416238,Body,Scene,pixel_corr,3
492,0.07595789356281313,Body,Scene,pixel_corr,3
527,0.013209953551220418,Body,Scene,pixel_corr,3
530,0.009203232919501361,Body,Scene,pixel_corr,3
542,-0.005089680560137252,Body,Scene,pixel_corr,3
574,0.014028575494973522,Body,Scene,pixel_corr,3
597,-0.015620625552161796,Body,Scene,pixel_corr,3
619,-0.006981567084474955,Body,Scene,pixel_corr,3
656,-0.00721951297180103,Body,Scene,pixel_corr,3
661,-0.004927117852470812,Body,Scene,pixel_corr,3
664,-0.002486904847362485,Body,Scene,pixel_corr,3
698,-0.014028902039280195,Body,Scene,pixel_corr,3
700,0.017859442090851118,Body,Scene,pixel_corr,3
716,-0.00039856260765899044,Body,Scene,pixel_corr,3
765,-0.01644714952720527,Body,Scene,pixel_corr,3
771,-0.006247685850662225,Body,Scene,pixel_corr,3
786,-0.017572952496837383,Body,Scene,pixel_corr,3
806,-0.0024835585885317384,Body,Scene,pixel_corr,3
813,-0.005148420135874905,Body,Scene,pixel_corr,3
816,-0.01157408559448096,Body,Scene,pixel_corr,3
822,-0.011408749724829068,Body,Scene,pixel_corr,3
826,0.0005005358351089718,Body,Scene,pixel_corr,3
847,0.007915450842684892,Body,Scene,pixel_corr,3
876,0.012075946249569995,Body,Scene,pixel_corr,3
891,-0.015039115262187333,Body,Scene,pixel_corr,3
919,0.019518669389416845,Body,Scene,pixel_corr,3
931,0.018653109859863917,Body,Scene,pixel_corr,3
933,0.07478990937508918,Body,Scene,pixel_corr,3
941,-0.005282749569381834,Body,Scene,pixel_corr,3
960,-0.011142513157172055,Body,Scene,pixel_corr,3
968,-0.009861421152755552,Body,Scene,pixel_corr,3
989,-0.00997129860693736,Body,Scene,pixel_corr,3
21,-0.0029628744914001587,Body,Scene,ssim,3
38,-0.005707289597537299,Body,Scene,ssim,3
40,0.027129521819738576,Body,Scene,ssim,3
59,0.006939950494575175,Body,Scene,ssim,3
88,-0.005948957348413941,Body,Scene,ssim,3
116,0.01680895615770333,Body,Scene,ssim,3
133,-0.0019850204373687147,Body,Scene,ssim,3
161,0.018359307761867907,Body,Scene,ssim,3
170,-0.006591011839141743,Body,Scene,ssim,3
179,0.018507945589884747,Body,Scene,ssim,3
220,0.015770915578324992,Body,Scene,ssim,3
233,-0.010826014787245382,Body,Scene,ssim,3
257,0.014320093142133053,Body,Scene,ssim,3
290,-0.0002460040950422529,Body,Scene,ssim,3
331,-0.008525301504623354,Body,Scene,ssim,3
339,0.009520658808262857,Body,Scene,ssim,3
355,0.00810508829718146,Body,Scene,ssim,3
366,0.00058893157352352,Body,Scene,ssim,3
474,0.004632901604403491,Body,Scene,ssim,3
492,-0.0024160333035039678,Body,Scene,ssim,3
527,-0.01373352187519817,Body,Scene,ssim,3
530,0.0055612403960440945,Body,Scene,ssim,3
542,0.0019469283233244704,Body,Scene,ssim,3
574,0.012180272133228648,Body,Scene,ssim,3
597,0.005699669857397202,Body,Scene,ssim,3
619,0.018980580395110188,Body,Scene,ssim,3
656,-0.0051594844522941845,Body,Scene,ssim,3
661,0.003418932929167891,Body,Scene,ssim,3
664,0.00039713502970592333,Body,Scene,ssim,3
698,0.00515206090715136,Body,Scene,ssim,3
700,0.008992247424003537,Body,Scene,ssim,3
716,-0.010929935638439124,Body,Scene,ssim,3
765,-0.0014260347596214637,Body,Scene,ssim,3
771,0.0020619539069195673,Body,Scene,ssim,3
786,-0.00020736261082313266,Body,Scene,ssim,3
806,-0.020910277172185465,Body,Scene,ssim,3
813,0.000708903853162013,Body,Scene,ssim,3
816,-0.005477531497828792,Body,Scene,ssim,3
822,-0.00809196834426919,Body,Scene,ssim,3
826,-0.0007779550979030119,Body,Scene,ssim,3
847,0.005180833060680634,Body,Scene,ssim,3
876,0.004055347077516206,Body,Scene,ssim,3
891,-0.007447555992429612,Body,Scene,ssim,3
919,0.01059191316960375,Body,Scene,ssim,3
931,-0.013145875901630738,Body,Scene,ssim,3
933,0.023739414685770895,Body,Scene,ssim,3
941,0.007157982012849464,Body,Scene,ssim,3
960,0.02113996552416733,Body,Scene,ssim,3
968,-0.002600879129197253,Body,Scene,ssim,3
989,0.006244336577414719,Body,Scene,ssim,3
21,0.016755390167236327,Body,Scene,lpips,3
38,-0.0004156986872355141,Body,Scene,lpips,3
40,0.007258816560109457,Body,Scene,lpips,3
59,0.017956181367238363,Body,Scene,lpips,3
88,-0.025975668430328367,Body,Scene,lpips,3
116,-0.01124377648035685,Body,Scene,lpips,3
133,-0.0028905828793843583,Body,Scene,lpips,3
161,-0.008172369003295899,Body,Scene,lpips,3
170,-0.001198303699493408,Body,Scene,lpips,3
179,-0.016171733538309734,Body,Scene,lpips,3
220,0.0018481055895487458,Body,Scene,lpips,3
233,-0.009773329893747964,Body,Scene,lpips,3
257,-0.018367544809977213,Body,Scene,lpips,3
290,0.03292150894800822,Body,Scene,lpips,3
331,0.011688435077667236,Body,Scene,lpips,3
339,-0.009824220339457195,Body,Scene,lpips,3
355,-0.025584280490875244,Body,Scene,lpips,3
366,-0.005971439679463705,Body,Scene,lpips,3
474,-0.0027321219444274903,Body,Scene,lpips,3
492,0.019059836864471436,Body,Scene,lpips,3
527,-0.0032791495323181152,Body,Scene,lpips,3
530,0.0032456080118815106,Body,Scene,lpips,3
542,-0.0008064866065979006,Body,Scene,lpips,3
574,0.014315585295359293,Body,Scene,lpips,3
597,0.0005582769711812334,Body,Scene,lpips,3
619,-0.007883584499359131,Body,Scene,lpips,3
656,-0.005719594160715738,Body,Scene,lpips,3
661,-0.00796043078104655,Body,Scene,lpips,3
664,0.005218088626861572,Body,Scene,lpips,3
698,-0.011579962571461995,Body,Scene,lpips,3
700,-0.0004146536191304521,Body,Scene,lpips,3
716,-0.0041309754053751625,Body,Scene,lpips,3
765,0.003855021794637044,Body,Scene,lpips,3
771,-0.005855953693389892,Body,Scene,lpips,3
786,-0.007329567273457846,Body,Scene,lpips,3
806,0.013776644070943199,Body,Scene,lpips,3
813,0.0013212958971659343,Body,Scene,lpips,3
816,-0.002113791306813558,Body,Scene,lpips,3
822,-0.016665446758270263,Body,Scene,lpips,3
826,-0.012457080682118732,Body,Scene,lpips,3
847,0.004995465278625488,Body,Scene,lpips,3
876,-0.007540396849314371,Body,Scene,lpips,3
891,-0.01129225492477417,Body,Scene,lpips,3
919,-0.003976070880889893,Body,Scene,lpips,3
931,-0.00566086769104004,Body,Scene,lpips,3
933,0.017875226338704427,Body,Scene,lpips,3
941,-0.0040788571039835604,Body,Scene,lpips,3
960,-0.015801127751668295,Body,Scene,lpips,3
968,-0.008806451161702472,Body,Scene,lpips,3
989,0.01510713497797648,Body,Scene,lpips,3
21,0.054421846071879075,Body,Scene,clip,3
38,-0.007643632094065347,Body,Scene,clip,3
40,0.07905222177505493,Body,Scene,clip,3
59,-0.018218632539113364,Body,Scene,clip,3
88,0.01311308741569519,Body,Scene,clip,3
116,-0.04964334269364675,Body,Scene,clip,3
133,-0.0016511400540669754,Body,Scene,clip,3
161,0.006393635272979734,Body,Scene,clip,3
170,0.0010572910308837905,Body,Scene,clip,3
179,-0.006518169244130454,Body,Scene,clip,3
220,-0.00251934130986532,Body,Scene,clip,3
233,0.013035198052724203,Body,Scene,clip,3
257,-0.032024308045705156,Body,Scene,clip,3
290,0.07798152565956115,Body,Scene,clip,3
331,-0.036119572321573895,Body,Scene,clip,3
339,-0.006381646792093913,Body,Scene,clip,3
355,0.02277994950612386,Body,Scene,clip,3
366,-0.023288317521413165,Body,Scene,clip,3
474,0.025525965293248493,Body,Scene,clip,3
492,0.002752717336018881,Body,Scene,clip,3
527,0.0009130338827768961,Body,Scene,clip,3
530,0.03751609722773234,Body,Scene,clip,3
542,-0.01312565803527832,Body,Scene,clip,3
574,0.01363621751467387,Body,Scene,clip,3
597,0.038569724559783934,Body,Scene,clip,3
619,0.04794214765230814,Body,Scene,clip,3
656,0.0007762849330902102,Body,Scene,clip,3
661,0.0011218905448913546,Body,Scene,clip,3
664,-0.017987394332885744,Body,Scene,clip,3
698,0.00311948855717977,Body,Scene,clip,3
700,-0.010394946734110514,Body,Scene,clip,3
716,0.003857264916102091,Body,Scene,clip,3
765,0.03184680541356404,Body,Scene,clip,3
771,0.002028199036916098,Body,Scene,clip,3
786,-0.026925730705261233,Body,Scene,clip,3
806,0.037801327308019,Body,Scene,clip,3
813,-0.001519497235616048,Body,Scene,clip,3
816,0.005689454078674316,Body,Scene,clip,3
822,0.015431231260299683,Body,Scene,clip,3
826,-0.028073575099309283,Body,Scene,clip,3
847,0.03547806739807129,Body,Scene,clip,3
876,-0.009797290960947672,Body,Scene,clip,3
891,0.001972164710362753,Body,Scene,clip,3
919,0.030200725793838503,Body,Scene,clip,3
931,-0.04178586403528849,Body,Scene,clip,3
933,0.0424927552541097,Body,Scene,clip,3
941,-0.04183118343353271,Body,Scene,clip,3
960,0.0067551354567209855,Body,Scene,clip,3
968,0.03512791792551676,Body,Scene,clip,3
989,-0.01238722801208496,Body,Scene,clip,3
21,0.05025213062763214,Body,Scene,dino,3
38,0.032890538374582924,Body,Scene,dino,3
40,0.10450676878293357,Body,Scene,dino,3
59,-0.07591024755189817,Body,Scene,dino,3
88,0.016717445602019626,Body,Scene,dino,3
116,-0.019386024773120878,Body,Scene,dino,3
133,-4.0238847335181495e-05,Body,Scene,dino,3
161,0.07155001759529113,Body,Scene,dino,3
170,-0.004012398545940719,Body,Scene,dino,3
179,0.0029569233457247407,Body,Scene,dino,3
220,-0.030054766436417895,Body,Scene,dino,3
233,-0.01933401972055435,Body,Scene,dino,3
257,0.017657422833144667,Body,Scene,dino,3
290,0.21095801827808222,Body,Scene,dino,3
331,0.004301585629582405,Body,Scene,dino,3
339,-0.06497742931048076,Body,Scene,dino,3
355,-0.004625439643859863,Body,Scene,dino,3
366,-0.07794243097305296,Body,Scene,dino,3
474,-0.056535088519255317,Body,Scene,dino,3
492,0.033564877510070805,Body,Scene,dino,3
527,0.0001923422018686912,Body,Scene,dino,3
530,0.06689262390136719,Body,Scene,dino,3
542,0.014931844671567282,Body,Scene,dino,3
574,-0.0009208803375562041,Body,Scene,dino,3
597,-0.0017013870179653165,Body,Scene,dino,3
619,0.07082609230031571,Body,Scene,dino,3
656,-0.03210824709385634,Body,Scene,dino,3
661,-0.04077294915914535,Body,Scene,dino,3
664,-0.028335297107696528,Body,Scene,dino,3
698,0.008359124884009366,Body,Scene,dino,3
700,-0.0035316149393717446,Body,Scene,dino,3
716,0.02376018580980599,Body,Scene,dino,3
765,-0.007583671808242797,Body,Scene,dino,3
771,-0.0951610743999481,Body,Scene,dino,3
786,-0.008389721314112345,Body,Scene,dino,3
806,0.01848548899094264,Body,Scene,dino,3
813,-0.006368113992114863,Body,Scene,dino,3
816,-0.008463072776794435,Body,Scene,dino,3
822,-0.007169480870167412,Body,Scene,dino,3
826,-0.034178026020526886,Body,Scene,dino,3
847,0.009876811814804874,Body,Scene,dino,3
876,0.025423950732996067,Body,Scene,dino,3
891,0.046347944190104795,Body,Scene,dino,3
919,0.004244323757787547,Body,Scene,dino,3
931,0.0026393810907999666,Body,Scene,dino,3
933,0.07704383470118047,Body,Scene,dino,3
941,-0.016689692810177806,Body,Scene,dino,3
960,0.15339915429552398,Body,Scene,dino,3
968,0.016166534026463827,Body,Scene,dino,3
989,-0.09518417517344158,Body,Scene,dino,3
21,-0.005166798830032349,Body,Scene,person_lpips,3
38,-0.001344995697339376,Body,Scene,person_lpips,3
40,-0.015012087424596152,Body,Scene,person_lpips,3
59,0.0028673241535822555,Body,Scene,person_lpips,3
88,-0.0144646018743515,Body,Scene,person_lpips,3
116,-0.004800363381703694,Body,Scene,person_lpips,3
133,-0.00032800634702046726,Body,Scene,person_lpips,3
161,-0.007475099960962932,Body,Scene,person_lpips,3
170,-0.004800891876220703,Body,Scene,person_lpips,3
179,-0.010059946775436403,Body,Scene,person_lpips,3
220,-0.009590619802474975,Body,Scene,person_lpips,3
233,-0.008004696170488993,Body,Scene,person_lpips,3
257,-0.009046747287114461,Body,Scene,person_lpips,3
290,-0.0034609238306681314,Body,Scene,person_lpips,3
331,0.030473075310389203,Body,Scene,person_lpips,3
339,-0.010180955131848654,Body,Scene,person_lpips,3
355,-0.005466323097546895,Body,Scene,person_lpips,3
366,0.004676721493403118,Body,Scene,person_lpips,3
474,0.0074072202046712235,Body,Scene,person_lpips,3
492,-0.009770520528157552,Body,Scene,person_lpips,3
527,0.004343467950820923,Body,Scene,person_lpips,3
530,0.00416354238986969,Body,Scene,person_lpips,3
542,0.00134739875793457,Body,Scene,person_lpips,3
574,-0.0012884875138600672,Body,Scene,person_lpips,3
597,0.00033643543720245344,Body,Scene,person_lpips,3
619,0.008794613679250081,Body,Scene,person_lpips,3
656,0.0047188272078831995,Body,Scene,person_lpips,3
661,0.0010321895281473795,Body,Scene,person_lpips,3
664,-0.0006751696268717447,Body,Scene,person_lpips,3
698,-0.0038830508788426712,Body,Scene,person_lpips,3
700,-0.0045361012220382696,Body,Scene,person_lpips,3
716,-0.0016539374987284345,Body,Scene,person_lpips,3
765,-0.0031151374181111655,Body,Scene,person_lpips,3
771,-0.0016705562671025596,Body,Scene,person_lpips,3
786,-0.004703382651011149,Body,Scene,person_lpips,3
806,0.00028322140375773054,Body,Scene,person_lpips,3
813,0.00015211900075276673,Body,Scene,person_lpips,3
816,0.0026038845380147294,Body,Scene,person_lpips,3
822,-0.009921195109685262,Body,Scene,person_lpips,3
826,-0.009733955065409342,Body,Scene,person_lpips,3
847,0.004216108719507853,Body,Scene,person_lpips,3
876,0.00013815164566040027,Body,Scene,person_lpips,3
891,-0.007778622706731161,Body,Scene,person_lpips,3
919,-0.001829973856608073,Body,Scene,person_lpips,3
931,-0.001162507136662801,Body,Scene,person_lpips,3
933,-0.001321460803349813,Body,Scene,person_lpips,3
941,0.0019956032435099282,Body,Scene,person_lpips,3
960,-0.00394201378027598,Body,Scene,person_lpips,3
968,-0.002422674496968587,Body,Scene,person_lpips,3
989,0.0031521111726760865,Body,Scene,person_lpips,3
21,0.016060659786065423,Body,Scene,person_dino,3
38,0.03566108544667562,Body,Scene,person_dino,3
40,0.08596727748711903,Body,Scene,person_dino,3
59,-0.006536763285597166,Body,Scene,person_dino,3
88,-0.013883498807748154,Body,Scene,person_dino,3
116,-0.008542688687642413,Body,Scene,person_dino,3
133,-0.08862829754749935,Body,Scene,person_dino,3
161,-0.0359727660814921,Body,Scene,person_dino,3
170,0.03897891839345296,Body,Scene,person_dino,3
179,0.018331339955329897,Body,Scene,person_dino,3
220,-0.006004327535629271,Body,Scene,person_dino,3
233,0.0003749455014864604,Body,Scene,person_dino,3
257,-0.042808496952056886,Body,Scene,person_dino,3
290,-0.0736869651824236,Body,Scene,person_dino,3
331,-0.04711890624215206,Body,Scene,person_dino,3
339,0.039131493369738264,Body,Scene,person_dino,3
355,0.054360036055246995,Body,Scene,person_dino,3
366,-0.0075313135981559766,Body,Scene,person_dino,3
474,-0.08040554324785869,Body,Scene,person_dino,3
492,0.032370190819104507,Body,Scene,person_dino,3
527,0.003359731038411457,Body,Scene,person_dino,3
530,-0.014234982927640279,Body,Scene,person_dino,3
542,-0.01838886886835098,Body,Scene,person_dino,3
574,-0.024402878681818646,Body,Scene,person_dino,3
597,-0.03055178225040435,Body,Scene,person_dino,3
619,0.053711310680955644,Body,Scene,person_dino,3
656,-0.004663220047950746,Body,Scene,person_dino,3
661,-0.008322279651959738,Body,Scene,person_dino,3
664,-0.007526069879531858,Body,Scene,person_dino,3
698,0.03725413878758748,Body,Scene,person_dino,3
700,-0.005118018388748168,Body,Scene,person_dino,3
716,0.07027411460876465,Body,Scene,person_dino,3
765,-0.028847510615984603,Body,Scene,person_dino,3
771,-0.044763908783594764,Body,Scene,person_dino,3
786,-0.019914942979812625,Body,Scene,person_dino,3
806,0.09361664851506551,Body,Scene,person_dino,3
813,0.01559540033340454,Body,Scene,person_dino,3
816,-0.0027834276358286564,Body,Scene,person_dino,3
822,-0.006108099222183226,Body,Scene,person_dino,3
826,0.0037219494581222554,Body,Scene,person_dino,3
847,-0.018097871541976927,Body,Scene,person_dino,3
876,-0.030423063039779666,Body,Scene,person_dino,3
891,0.02890799591938655,Body,Scene,person_dino,3
919,-0.030251479273041088,Body,Scene,person_dino,3
931,-0.021276919047037757,Body,Scene,person_dino,3
933,0.09878537654876711,Body,Scene,person_dino,3
941,-0.020692202945550284,Body,Scene,person_dino,3
960,-0.02820671113828817,Body,Scene,person_dino,3
968,0.04415129522482553,Body,Scene,person_dino,3
989,-0.06252415974934895,Body,Scene,person_dino,3
21,0.006662962154456826,Body,Scene,person_region_consistency,3
38,0.00884530607221272,Body,Scene,person_region_consistency,3
40,0.07064727927909287,Body,Scene,person_region_consistency,3
59,-0.014131982660955722,Body,Scene,person_region_consistency,3
88,0.003580920232783081,Body,Scene,person_region_consistency,3
116,0.015461021945023792,Body,Scene,person_region_consistency,3
133,0.02850969375473797,Body,Scene,person_region_consistency,3
161,0.0011634131057326658,Body,Scene,person_region_consistency,3
170,-0.006454253473638043,Body,Scene,person_region_consistency,3
179,0.11138658706800462,Body,Scene,person_region_consistency,3
220,-0.042946142887818006,Body,Scene,person_region_consistency,3
233,-0.01593352012525018,Body,Scene,person_region_consistency,3
257,-0.003966911982292136,Body,Scene,person_region_consistency,3
290,0.02256014079973728,Body,Scene,person_region_consistency,3
331,-0.09388489986462221,Body,Scene,person_region_consistency,3
339,0.035332884268646,Body,Scene,person_region_consistency,3
355,-0.0009851393112892172,Body,Scene,person_region_consistency,3
366,-0.0034374436209139644,Body,Scene,person_region_consistency,3
474,0.013864653056457343,Body,Scene,person_region_consistency,3
492,0.022491744894267526,Body,Scene,person_region_consistency,3
527,0.01632526674100816,Body,Scene,person_region_consistency,3
530,0.02599947147816006,Body,Scene,person_region_consistency,3
542,-0.029176964486045755,Body,Scene,person_region_consistency,3
574,-0.0185991696519112,Body,Scene,person_region_consistency,3
597,-0.02792070299676555,Body,Scene,person_region_consistency,3
619,-0.018642786206029553,Body,Scene,person_region_consistency,3
656,-0.014932603697642384,Body,Scene,person_region_consistency,3
661,-0.023647626220341916,Body,Scene,person_region_consistency,3
664,-0.044676487744864546,Body,Scene,person_region_consistency,3
698,-0.03190998900879443,Body,Scene,person_region_consistency,3
700,0.01046691220937715,Body,Scene,person_region_consistency,3
716,0.019301966526129727,Body,Scene,person_region_consistency,3
765,-0.02342478966584366,Body,Scene,person_region_consistency,3
771,-0.005150175638043051,Body,Scene,person_region_consistency,3
786,0.01702496581413602,Body,Scene,person_region_consistency,3
806,-0.028934535413629153,Body,Scene,person_region_consistency,3
813,-0.017188028606451935,Body,Scene,person_region_consistency,3
816,-0.013448353808088268,Body,Scene,person_region_consistency,3
822,0.00488201798622922,Body,Scene,person_region_consistency,3
826,0.012465289482970347,Body,Scene,person_region_consistency,3
847,0.008884642062817763,Body,Scene,person_region_consistency,3
876,0.01984520242056019,Body,Scene,person_region_consistency,3
891,0.022199960121611,Body,Scene,person_region_consistency,3
919,0.015564562175148995,Body,Scene,person_region_consistency,3
931,-0.008942405829690882,Body,Scene,person_region_consistency,3
933,0.030807047970039848,Body,Scene,person_region_consistency,3
941,0.013476796213037179,Body,Scene,person_region_consistency,3
960,-0.03807611401565169,Body,Scene,person_region_consistency,3
968,-0.017311757786652702,Body,Scene,person_region_consistency,3
989,-0.029600994230660888,Body,Scene,person_region_consistency,3
14,0.03447684354494653,Scene,Body,pixel_corr,3
15,0.025317745521659926,Scene,Body,pixel_corr,3
36,-0.0022458623121567414,Scene,Body,pixel_corr,3
39,-0.012204085352475169,Scene,Body,pixel_corr,3
126,0.0013642358538109346,Scene,Body,pixel_corr,3
132,0.010854453768858156,Scene,Body,pixel_corr,3
167,-0.0044248977251825005,Scene,Body,pixel_corr,3
196,-0.023309493181340655,Scene,Body,pixel_corr,3
199,0.008982028410061653,Scene,Body,pixel_corr,3
214,-0.006338357626232247,Scene,Body,pixel_corr,3
241,0.010357904224191769,Scene,Body,pixel_corr,3
242,-0.020932075704051048,Scene,Body,pixel_corr,3
245,0.01122943596189111,Scene,Body,pixel_corr,3
249,-0.008508759547146081,Scene,Body,pixel_corr,3
282,0.006568959097549586,Scene,Body,pixel_corr,3
289,-0.01304641296722388,Scene,Body,pixel_corr,3
303,0.026007426970280315,Scene,Body,pixel_corr,3
314,0.0010808286463708885,Scene,Body,pixel_corr,3
393,0.05974586565416171,Scene,Body,pixel_corr,3
412,0.01766576415148486,Scene,Body,pixel_corr,3
442,-0.012913950228772529,Scene,Body,pixel_corr,3
463,0.0005049694930929346,Scene,Body,pixel_corr,3
469,0.015872713741030536,Scene,Body,pixel_corr,3
486,0.019660135499698837,Scene,Body,pixel_corr,3
491,-0.037604437578972486,Scene,Body,pixel_corr,3
518,0.01111361650587434,Scene,Body,pixel_corr,3
523,0.010772849402181347,Scene,Body,pixel_corr,3
545,-0.009194767815457527,Scene,Body,pixel_corr,3
551,-0.0002130031474654459,Scene,Body,pixel_corr,3
568,0.026650527365696692,Scene,Body,pixel_corr,3
620,0.009908124166431798,Scene,Body,pixel_corr,3
640,0.010070238547266347,Scene,Body,pixel_corr,3
648,-0.006220900588741025,Scene,Body,pixel_corr,3
671,0.008887569090479228,Scene,Body,pixel_corr,3
755,-0.0008303067778676742,Scene,Body,pixel_corr,3
811,-0.008247980470964004,Scene,Body,pixel_corr,3
821,-0.016294007747077652,Scene,Body,pixel_corr,3
824,-0.0064227529554449275,Scene,Body,pixel_corr,3
841,0.019955753919846945,Scene,Body,pixel_corr,3
842,0.01894085470441641,Scene,Body,pixel_corr,3
850,-0.0036422087466100386,Scene,Body,pixel_corr,3
855,0.02363194400701497,Scene,Body,pixel_corr,3
872,0.010894492647723873,Scene,Body,pixel_corr,3
873,0.0028095271360473774,Scene,Body,pixel_corr,3
893,-0.0065034573703207045,Scene,Body,pixel_corr,3
894,-0.016382072997614672,Scene,Body,pixel_corr,3
918,-0.0019313261770270845,Scene,Body,pixel_corr,3
943,0.045684277908722204,Scene,Body,pixel_corr,3
978,0.011545337000109105,Scene,Body,pixel_corr,3
999,-0.015835552928686773,Scene,Body,pixel_corr,3
14,0.005928814447210337,Scene,Body,ssim,3
15,0.00833209651880611,Scene,Body,ssim,3
36,-0.009972585554240916,Scene,Body,ssim,3
39,-0.002285186851410418,Scene,Body,ssim,3
126,0.008842518768780271,Scene,Body,ssim,3
132,-0.00027169387184100904,Scene,Body,ssim,3
167,-0.000519880318831592,Scene,Body,ssim,3
196,0.006662064459110572,Scene,Body,ssim,3
199,-0.0010425998238305237,Scene,Body,ssim,3
214,0.009029264686562451,Scene,Body,ssim,3
241,-0.02902506225925737,Scene,Body,ssim,3
242,-0.002110268679335892,Scene,Body,ssim,3
245,0.0032004513531126363,Scene,Body,ssim,3
249,0.00025312860050614723,Scene,Body,ssim,3
282,-0.0048481383859623715,Scene,Body,ssim,3
289,-0.009312343737878814,Scene,Body,ssim,3
303,-0.014211560029266298,Scene,Body,ssim,3
314,0.0010303437660826031,Scene,Body,ssim,3
393,-0.0037461815248440757,Scene,Body,ssim,3
412,-0.0030779696213300233,Scene,Body,ssim,3
442,0.0039042870094015305,Scene,Body,ssim,3
463,6.260191563889162e-05,Scene,Body,ssim,3
469,0.0033758671903231213,Scene,Body,ssim,3
486,0.00730025090165225,Scene,Body,ssim,3
491,-0.016155189742391208,Scene,Body,ssim,3
518,0.018837765611095736,Scene,Body,ssim,3
523,0.00617562168755218,Scene,Body,ssim,3
545,-0.0005920748201685722,Scene,Body,ssim,3
551,0.005024075615474938,Scene,Body,ssim,3
568,-0.005991499080173515,Scene,Body,ssim,3
620,-0.014227769314483803,Scene,Body,ssim,3
640,0.005938843401841282,Scene,Body,ssim,3
648,0.0038724433174744423,Scene,Body,ssim,3
671,0.007724271126696688,Scene,Body,ssim,3
755,-0.0022260459748941345,Scene,Body,ssim,3
811,-0.0007734581305799201,Scene,Body,ssim,3
821,-0.0031528459556379763,Scene,Body,ssim,3
824,-0.0027228858122788405,Scene,Body,ssim,3
841,-0.0019062677165224645,Scene,Body,ssim,3
842,-0.0046820085296772574,Scene,Body,ssim,3
850,-0.0012013808664476766,Scene,Body,ssim,3
855,0.01170749606835915,Scene,Body,ssim,3
872,-8.867741999221141e-05,Scene,Body,ssim,3
873,-0.005355357822549226,Scene,Body,ssim,3
893,-0.017194343653429273,Scene,Body,ssim,3
894,-0.002520708650276306,Scene,Body,ssim,3
918,-0.012719688862801323,Scene,Body,ssim,3
943,0.0025721640824697303,Scene,Body,ssim,3
978,0.0006254471853560876,Scene,Body,ssim,3
999,-0.019711841181912135,Scene,Body,ssim,3
14,0.013701528310775757,Scene,Body,lpips,3
15,-0.009846154848734537,Scene,Body,lpips,3
36,0.010394088427225749,Scene,Body,lpips,3
39,-0.012231308221817018,Scene,Body,lpips,3
126,0.0047305703163146974,Scene,Body,lpips,3
132,-0.004973065853118896,Scene,Body,lpips,3
167,-0.002034684022267659,Scene,Body,lpips,3
196,-0.0009388764699300133,Scene,Body,lpips,3
199,0.0022835135459899907,Scene,Body,lpips,3
214,-0.008317502339680989,Scene,Body,lpips,3
241,0.03624662160873413,Scene,Body,lpips,3
242,0.01753628253936768,Scene,Body,lpips,3
245,0.006742346286773681,Scene,Body,lpips,3
249,-0.001698052883148193,Scene,Body,lpips,3
282,0.008470205465952556,Scene,Body,lpips,3
289,0.01933278242746989,Scene,Body,lpips,3
303,-0.007478650410970053,Scene,Body,lpips,3
314,0.004945540428161622,Scene,Body,lpips,3
393,0.02032808065414429,Scene,Body,lpips,3
412,-0.002972376346588135,Scene,Body,lpips,3
442,0.006008827686309815,Scene,Body,lpips,3
463,0.0072265624999999995,Scene,Body,lpips,3
469,0.013640940189361572,Scene,Body,lpips,3
486,-0.007098976771036783,Scene,Body,lpips,3
491,-0.007701603571573894,Scene,Body,lpips,3
518,0.023505787054697674,Scene,Body,lpips,3
523,0.0037672678629557294,Scene,Body,lpips,3
545,0.003329384326934814,Scene,Body,lpips,3
551,-0.008562811215718587,Scene,Body,lpips,3
568,0.004497162501017251,Scene,Body,lpips,3
620,0.0047234177589416506,Scene,Body,lpips,3
640,0.0008795261383056629,Scene,Body,lpips,3
648,-0.008127860228220622,Scene,Body,lpips,3
671,-0.008443820476531983,Scene,Body,lpips,3
755,0.0038012822469075517,Scene,Body,lpips,3
811,-0.0048079291979471845,Scene,Body,lpips,3
821,0.011199088891347249,Scene,Body,lpips,3
824,0.005942157904307047,Scene,Body,lpips,3
841,-0.03231847286224365,Scene,Body,lpips,3
842,-0.0061336874961853026,Scene,Body,lpips,3
850,-0.0044268528620402025,Scene,Body,lpips,3
855,0.006080408891042073,Scene,Body,lpips,3
872,0.0329879363377889,Scene,Body,lpips,3
873,-0.00173409382502238,Scene,Body,lpips,3
893,-0.00142120917638143,Scene,Body,lpips,3
894,-0.00727173089981079,Scene,Body,lpips,3
918,0.020558675130208332,Scene,Body,lpips,3
943,-0.0016084154446919761,Scene,Body,lpips,3
978,0.0026986837387084957,Scene,Body,lpips,3
999,0.0045897245407104485,Scene,Body,lpips,3
14,0.04276463588078817,Scene,Body,clip,3
15,0.05525910456975302,Scene,Body,clip,3
36,-0.001054471731185914,Scene,Body,clip,3
39,-0.027367409070332846,Scene,Body,clip,3
126,0.01220568815867106,Scene,Body,clip,3
132,0.1035468320051829,Scene,Body,clip,3
167,0.00639101465543111,Scene,Body,clip,3
196,0.003782383600870768,Scene,Body,clip,3
199,-0.03905861377716065,Scene,Body,clip,3
214,0.0173933744430542,Scene,Body,clip,3
241,-0.015565385421117147,Scene,Body,clip,3
242,0.0034096002578735338,Scene,Body,clip,3
245,0.0004816134770711256,Scene,Body,clip,3
249,-0.007191767295201621,Scene,Body,clip,3
282,0.039040803909301765,Scene,Body,clip,3
289,-0.04079008897145589,Scene,Body,clip,3
303,0.017349410057067874,Scene,Body,clip,3
314,0.011030137538909912,Scene,Body,clip,3
393,0.05559719800949097,Scene,Body,clip,3
412,0.012453673283259073,Scene,Body,clip,3
442,0.006400378545125325,Scene,Body,clip,3
463,-0.010536334911982219,Scene,Body,clip,3
469,0.004405333598454793,Scene,Body,clip,3
486,-0.016453095277150474,Scene,Body,clip,3
491,-0.011223316192626953,Scene,Body,clip,3
518,0.08216514984766642,Scene,Body,clip,3
523,0.00678550601005554,Scene,Body,clip,3
545,-0.008710110187530519,Scene,Body,clip,3
551,-0.025565169254938763,Scene,Body,clip,3
568,-0.015605358282725015,Scene,Body,clip,3
620,0.0024490237236022964,Scene,Body,clip,3
640,-0.019449510176976523,Scene,Body,clip,3
648,-0.00523681640625,Scene,Body,clip,3
671,0.006024527549743652,Scene,Body,clip,3
755,-0.007141693433125813,Scene,Body,clip,3
811,0.0076768656571706145,Scene,Body,clip,3
821,-0.011158857742945352,Scene,Body,clip,3
824,-0.013179075717926028,Scene,Body,clip,3
841,0.0005303680896759042,Scene,Body,clip,3
842,-0.01232673724492391,Scene,Body,clip,3
850,0.00914642016092936,Scene,Body,clip,3
855,-0.007761116822560629,Scene,Body,clip,3
872,-0.06109153429667155,Scene,Body,clip,3
873,0.0155982236067454,Scene,Body,clip,3
893,0.021131640672683718,Scene,Body,clip,3
894,-0.02241472403208415,Scene,Body,clip,3
918,0.01974695126215617,Scene,Body,clip,3
943,0.08552120923995972,Scene,Body,clip,3
978,0.007799263795216877,Scene,Body,clip,3
999,0.016370256741841633,Scene,Body,clip,3
14,0.07157852749029796,Scene,Body,dino,3
15,0.028027826795975364,Scene,Body,dino,3
36,-0.008601592232783636,Scene,Body,dino,3
39,-0.05049935082594554,Scene,Body,dino,3
126,0.03282494843006135,Scene,Body,dino,3
132,0.11294755041599273,Scene,Body,dino,3
167,0.021816980155805746,Scene,Body,dino,3
196,0.04094832756867012,Scene,Body,dino,3
199,0.014079800248146057,Scene,Body,dino,3
214,0.003557762503623963,Scene,Body,dino,3
241,-0.002952861692756414,Scene,Body,dino,3
242,0.010027941502630712,Scene,Body,dino,3
245,0.004586547892540693,Scene,Body,dino,3
249,-0.006429969581464926,Scene,Body,dino,3
282,0.07634023868789276,Scene,Body,dino,3
289,0.017742138200749952,Scene,Body,dino,3
303,-0.027576745549837748,Scene,Body,dino,3
314,0.029122700107594334,Scene,Body,dino,3
393,0.16339890286326408,Scene,Body,dino,3
412,-0.03476208075881004,Scene,Body,dino,3
442,-0.009144639347990355,Scene,Body,dino,3
463,0.013802656531333923,Scene,Body,dino,3
469,-0.010001552539567153,Scene,Body,dino,3
486,0.04298724482456843,Scene,Body,dino,3
491,-0.007319100946187974,Scene,Body,dino,3
518,0.04972349014133215,Scene,Body,dino,3
523,0.006866989284753798,Scene,Body,dino,3
545,-0.004767749831080438,Scene,Body,dino,3
551,-0.0015266034907350928,Scene,Body,dino,3
568,0.03155183394749959,Scene,Body,dino,3
620,-0.010734093189239504,Scene,Body,dino,3
640,-0.004062138497829437,Scene,Body,dino,3
648,-0.05935403315039972,Scene,Body,dino,3
671,-0.03488333423932393,Scene,Body,dino,3
755,0.03877364695072174,Scene,Body,dino,3
811,0.005978566780686379,Scene,Body,dino,3
821,-0.015585110414152344,Scene,Body,dino,3
824,-0.03349836592872938,Scene,Body,dino,3
841,-0.024666717586417992,Scene,Body,dino,3
842,-0.019797300299008686,Scene,Body,dino,3
850,0.02088649074236552,Scene,Body,dino,3
855,0.003530085893968743,Scene,Body,dino,3
872,-0.014375637347499528,Scene,Body,dino,3
873,0.06286993095030387,Scene,Body,dino,3
893,0.005141631265481313,Scene,Body,dino,3
894,-0.008004450301329293,Scene,Body,dino,3
918,0.07470301787058513,Scene,Body,dino,3
943,0.0070869709054629006,Scene,Body,dino,3
978,0.01984931429227194,Scene,Body,dino,3
999,-0.005262979430456957,Scene,Body,dino,3
14,0.07157852749029796,Scene,Body,background_dino,3
15,0.028027826795975364,Scene,Body,background_dino,3
36,-0.009132651736338933,Scene,Body,background_dino,3
39,-0.05049935082594554,Scene,Body,background_dino,3
126,0.03282494843006135,Scene,Body,background_dino,3
132,0.12354652881622315,Scene,Body,background_dino,3
167,0.021816980155805746,Scene,Body,background_dino,3
196,0.04094832756867012,Scene,Body,background_dino,3
199,0.014079800248146057,Scene,Body,background_dino,3
214,0.003557762503623963,Scene,Body,background_dino,3
241,-0.002952861692756414,Scene,Body,background_dino,3
242,0.010177147543678681,Scene,Body,background_dino,3
245,0.008150635845959188,Scene,Body,background_dino,3
249,-0.0035061045239369072,Scene,Body,background_dino,3
282,0.07634023868789276,Scene,Body,background_dino,3
289,0.017742138200749952,Scene,Body,background_dino,3
303,-0.027576745549837748,Scene,Body,background_dino,3
314,0.029122700107594334,Scene,Body,background_dino,3
393,0.16339890286326408,Scene,Body,background_dino,3
412,-0.03476208075881004,Scene,Body,background_dino,3
442,-0.009144639347990355,Scene,Body,background_dino,3
463,0.013802656531333923,Scene,Body,background_dino,3
469,-0.010001552539567153,Scene,Body,background_dino,3
486,0.04298724482456843,Scene,Body,background_dino,3
491,-0.09219384640455247,Scene,Body,background_dino,3
518,0.04972349014133215,Scene,Body,background_dino,3
523,0.00864971727132797,Scene,Body,background_dino,3
545,-0.004767749831080438,Scene,Body,background_dino,3
551,-0.0015266034907350928,Scene,Body,background_dino,3
568,0.03155183394749959,Scene,Body,background_dino,3
620,-0.010734093189239504,Scene,Body,background_dino,3
640,-0.004062138497829437,Scene,Body,background_dino,3
648,-0.05935403315039972,Scene,Body,background_dino,3
671,-0.0355218768119812,Scene,Body,background_dino,3
755,0.03877364695072174,Scene,Body,background_dino,3
811,0.005978566780686379,Scene,Body,background_dino,3
821,-0.015585110414152344,Scene,Body,background_dino,3
824,0.04951457890371482,Scene,Body,background_dino,3
841,-0.02472377556065718,Scene,Body,background_dino,3
842,-0.019797300299008686,Scene,Body,background_dino,3
850,0.02088649074236552,Scene,Body,background_dino,3
855,0.003530085893968743,Scene,Body,background_dino,3
872,-0.014375637347499528,Scene,Body,background_dino,3
873,0.0631893375578026,Scene,Body,background_dino,3
893,0.005141631265481313,Scene,Body,background_dino,3
894,-0.008004450301329293,Scene,Body,background_dino,3
918,0.07470301787058513,Scene,Body,background_dino,3
943,0.007258375982443492,Scene,Body,background_dino,3
978,0.05000032832225163,Scene,Body,background_dino,3
999,-0.005262979430456957,Scene,Body,background_dino,3
14,0.04276463588078817,Scene,Body,background_clip,3
15,0.05525910456975302,Scene,Body,background_clip,3
36,-0.0008666753768920909,Scene,Body,background_clip,3
39,-0.027367409070332846,Scene,Body,background_clip,3
126,0.01220568815867106,Scene,Body,background_clip,3
132,0.10212954878807068,Scene,Body,background_clip,3
167,0.00639101465543111,Scene,Body,background_clip,3
196,0.003782383600870768,Scene,Body,background_clip,3
199,-0.03905861377716065,Scene,Body,background_clip,3
214,0.0173933744430542,Scene,Body,background_clip,3
241,-0.015565385421117147,Scene,Body,background_clip,3
242,0.013147093852361043,Scene,Body,background_clip,3
245,-0.018493898709615073,Scene,Body,background_clip,3
249,-0.006039249897003174,Scene,Body,background_clip,3
282,0.039040803909301765,Scene,Body,background_clip,3
289,-0.04079008897145589,Scene,Body,background_clip,3
303,0.017349410057067874,Scene,Body,background_clip,3
314,0.011030137538909912,Scene,Body,background_clip,3
393,0.05559719800949097,Scene,Body,background_clip,3
412,0.012453673283259073,Scene,Body,background_clip,3
442,0.006400378545125325,Scene,Body,background_clip,3
463,-0.010536334911982219,Scene,Body,background_clip,3
469,0.004405333598454793,Scene,Body,background_clip,3
486,-0.016453095277150474,Scene,Body,background_clip,3
491,-0.01854840914408366,Scene,Body,background_clip,3
518,0.08216514984766642,Scene,Body,background_clip,3
523,-0.00419603188832601,Scene,Body,background_clip,3
545,-0.008710110187530519,Scene,Body,background_clip,3
551,-0.025565169254938763,Scene,Body,background_clip,3
568,-0.015605358282725015,Scene,Body,background_clip,3
620,0.0024490237236022964,Scene,Body,background_clip,3
640,-0.019449510176976523,Scene,Body,background_clip,3
648,-0.00523681640625,Scene,Body,background_clip,3
671,0.008457493782043458,Scene,Body,background_clip,3
755,-0.007141693433125813,Scene,Body,background_clip,3
811,0.0076768656571706145,Scene,Body,background_clip,3
821,-0.011158857742945352,Scene,Body,background_clip,3
824,-0.00424811840057373,Scene,Body,background_clip,3
841,-0.009414517879486084,Scene,Body,background_clip,3
842,-0.01232673724492391,Scene,Body,background_clip,3
850,0.00914642016092936,Scene,Body,background_clip,3
855,-0.007761116822560629,Scene,Body,background_clip,3
872,-0.06109153429667155,Scene,Body,background_clip,3
873,0.020674524704615272,Scene,Body,background_clip,3
893,0.021131640672683718,Scene,Body,background_clip,3
894,-0.02241472403208415,Scene,Body,background_clip,3
918,0.01974695126215617,Scene,Body,background_clip,3
943,0.06243338982264201,Scene,Body,background_clip,3
978,0.012269326051076253,Scene,Body,background_clip,3
999,0.016370256741841633,Scene,Body,background_clip,3
14,-0.19999999999999998,Scene,Body,scene_class_consistency,3
15,0.0,Scene,Body,scene_class_consistency,3
36,0.0,Scene,Body,scene_class_consistency,3
39,0.0,Scene,Body,scene_class_consistency,3
126,0.0,Scene,Body,scene_class_consistency,3
132,0.0,Scene,Body,scene_class_consistency,3
167,0.0,Scene,Body,scene_class_consistency,3
196,0.0,Scene,Body,scene_class_consistency,3
199,0.0,Scene,Body,scene_class_consistency,3
214,0.0,Scene,Body,scene_class_consistency,3
241,0.0,Scene,Body,scene_class_consistency,3
242,0.06666666666666665,Scene,Body,scene_class_consistency,3
245,0.06666666666666667,Scene,Body,scene_class_consistency,3
249,0.0,Scene,Body,scene_class_consistency,3
282,0.06666666666666667,Scene,Body,scene_class_consistency,3
289,0.0,Scene,Body,scene_class_consistency,3
303,0.0,Scene,Body,scene_class_consistency,3
314,0.0,Scene,Body,scene_class_consistency,3
393,0.0,Scene,Body,scene_class_consistency,3
412,-0.06666666666666667,Scene,Body,scene_class_consistency,3
442,0.0,Scene,Body,scene_class_consistency,3
463,0.06666666666666667,Scene,Body,scene_class_consistency,3
469,0.0,Scene,Body,scene_class_consistency,3
486,0.0,Scene,Body,scene_class_consistency,3
491,0.0,Scene,Body,scene_class_consistency,3
518,0.3333333333333333,Scene,Body,scene_class_consistency,3
523,0.0,Scene,Body,scene_class_consistency,3
545,0.0,Scene,Body,scene_class_consistency,3
551,0.0,Scene,Body,scene_class_consistency,3
568,0.0,Scene,Body,scene_class_consistency,3
620,0.3333333333333333,Scene,Body,scene_class_consistency,3
640,0.0,Scene,Body,scene_class_consistency,3
648,0.0,Scene,Body,scene_class_consistency,3
671,0.06666666666666667,Scene,Body,scene_class_consistency,3
755,0.0,Scene,Body,scene_class_consistency,3
811,0.0,Scene,Body,scene_class_consistency,3
821,-0.26666666666666666,Scene,Body,scene_class_consistency,3
824,0.06666666666666667,Scene,Body,scene_class_consistency,3
841,0.0,Scene,Body,scene_class_consistency,3
842,0.0,Scene,Body,scene_class_consistency,3
850,0.0,Scene,Body,scene_class_consistency,3
855,0.0,Scene,Body,scene_class_consistency,3
872,-0.3333333333333333,Scene,Body,scene_class_consistency,3
873,0.0,Scene,Body,scene_class_consistency,3
893,0.0,Scene,Body,scene_class_consistency,3
894,0.0,Scene,Body,scene_class_consistency,3
918,0.0,Scene,Body,scene_class_consistency,3
943,0.19999999999999998,Scene,Body,scene_class_consistency,3
978,0.0,Scene,Body,scene_class_consistency,3
999,0.0,Scene,Body,scene_class_consistency,3
14,0.035574268116585046,Scene,Face,pixel_corr,3
15,0.0029205758447889696,Scene,Face,pixel_corr,3
36,0.01652066363403628,Scene,Face,pixel_corr,3
39,0.01191145809891884,Scene,Face,pixel_corr,3
126,0.025596089722570704,Scene,Face,pixel_corr,3
132,-0.005918809702481762,Scene,Face,pixel_corr,3
167,-0.007597567881018746,Scene,Face,pixel_corr,3
196,0.00015293105914089672,Scene,Face,pixel_corr,3
199,0.001930535182891291,Scene,Face,pixel_corr,3
214,-0.01614353110604029,Scene,Face,pixel_corr,3
241,-0.005843121720122753,Scene,Face,pixel_corr,3
242,0.004492610896911037,Scene,Face,pixel_corr,3
245,0.01046098041191111,Scene,Face,pixel_corr,3
249,0.005330335826900587,Scene,Face,pixel_corr,3
282,-0.008538854652377076,Scene,Face,pixel_corr,3
289,-0.004860992291895117,Scene,Face,pixel_corr,3
303,-0.019224300709835353,Scene,Face,pixel_corr,3
314,0.005235973088373835,Scene,Face,pixel_corr,3
393,-0.0005068283213548085,Scene,Face,pixel_corr,3
412,0.007946410795852355,Scene,Face,pixel_corr,3
442,-0.02128954984379304,Scene,Face,pixel_corr,3
463,0.011679241378433998,Scene,Face,pixel_corr,3
469,-0.018762199794828665,Scene,Face,pixel_corr,3
486,0.01253259159053195,Scene,Face,pixel_corr,3
491,-0.0011152644422520916,Scene,Face,pixel_corr,3
518,0.019651839977986918,Scene,Face,pixel_corr,3
523,0.0006225820815549532,Scene,Face,pixel_corr,3
545,-0.002250451049265904,Scene,Face,pixel_corr,3
551,-0.002090509699763185,Scene,Face,pixel_corr,3
568,0.027699696250840743,Scene,Face,pixel_corr,3
620,0.002577319264392789,Scene,Face,pixel_corr,3
640,-0.0033657985368575755,Scene,Face,pixel_corr,3
648,0.007383435896193819,Scene,Face,pixel_corr,3
671,-0.05731309175545047,Scene,Face,pixel_corr,3
755,-0.006628222510694969,Scene,Face,pixel_corr,3
811,0.0029549735608648737,Scene,Face,pixel_corr,3
821,0.029868846570528573,Scene,Face,pixel_corr,3
824,-0.017660773509443974,Scene,Face,pixel_corr,3
841,-0.001060727630582502,Scene,Face,pixel_corr,3
842,-0.026315107214901434,Scene,Face,pixel_corr,3
850,0.0014604854943641883,Scene,Face,pixel_corr,3
855,-0.007648063503028779,Scene,Face,pixel_corr,3
872,-0.013648065552656805,Scene,Face,pixel_corr,3
873,-0.007125670348897127,Scene,Face,pixel_corr,3
893,-0.008084262733606596,Scene,Face,pixel_corr,3
894,0.020689539482098077,Scene,Face,pixel_corr,3
918,0.025793807118695986,Scene,Face,pixel_corr,3
943,0.005263285743484582,Scene,Face,pixel_corr,3
978,0.020521838699584873,Scene,Face,pixel_corr,3
999,-0.01414712038127477,Scene,Face,pixel_corr,3
14,0.009520099827070534,Scene,Face,ssim,3
15,0.0012959743131968936,Scene,Face,ssim,3
36,0.013969657988117218,Scene,Face,ssim,3
39,-0.00725864708799144,Scene,Face,ssim,3
126,0.005925530748734494,Scene,Face,ssim,3
132,-0.0014136184545219218,Scene,Face,ssim,3
167,-0.00016353079692824437,Scene,Face,ssim,3
196,0.004938866922044079,Scene,Face,ssim,3
199,-0.0004313413446608925,Scene,Face,ssim,3
214,0.0024944669174585,Scene,Face,ssim,3
241,-0.004892092984712155,Scene,Face,ssim,3
242,-0.006982062645265915,Scene,Face,ssim,3
245,-0.0014600841791127083,Scene,Face,ssim,3
249,-0.0004629749039740817,Scene,Face,ssim,3
282,-0.0019228289792868503,Scene,Face,ssim,3
289,0.0008749633954037456,Scene,Face,ssim,3
303,-0.013872039293293776,Scene,Face,ssim,3
314,-0.000800248974546904,Scene,Face,ssim,3
393,-0.01154109724459815,Scene,Face,ssim,3
412,0.0036941060889798018,Scene,Face,ssim,3
442,-0.0025863055815365556,Scene,Face,ssim,3
463,-0.0017684897772373299,Scene,Face,ssim,3
469,0.0020797739474142187,Scene,Face,ssim,3
486,0.0006562000514533615,Scene,Face,ssim,3
491,0.0008294831449164431,Scene,Face,ssim,3
518,-0.019752822106210266,Scene,Face,ssim,3
523,0.001362805814714216,Scene,Face,ssim,3
545,0.005741002501772418,Scene,Face,ssim,3
551,-0.000738880744369833,Scene,Face,ssim,3
568,0.01317879216358891,Scene,Face,ssim,3
620,-0.011959770076708015,Scene,Face,ssim,3
640,-7.816273657701578e-06,Scene,Face,ssim,3
648,-0.0014162197679079558,Scene,Face,ssim,3
671,-0.005355493959730462,Scene,Face,ssim,3
755,0.0008334068931568034,Scene,Face,ssim,3
811,-0.0017200503591146739,Scene,Face,ssim,3
821,0.0023530193056009842,Scene,Face,ssim,3
824,0.014426051255530573,Scene,Face,ssim,3
841,0.0021552076976229166,Scene,Face,ssim,3
842,-0.002864570029636493,Scene,Face,ssim,3
850,0.0012402695271044168,Scene,Face,ssim,3
855,-0.003540166337178189,Scene,Face,ssim,3
872,-0.0006532091871441132,Scene,Face,ssim,3
873,0.0032864078405411574,Scene,Face,ssim,3
893,0.005464108017455778,Scene,Face,ssim,3
894,0.0023707141337224124,Scene,Face,ssim,3
918,-0.004853708117891727,Scene,Face,ssim,3
943,-2.5244544431587128e-05,Scene,Face,ssim,3
978,0.021076284495558945,Scene,Face,ssim,3
999,-0.0010588246661915092,Scene,Face,ssim,3
14,0.012415979305903116,Scene,Face,lpips,3
15,-0.017462102572123207,Scene,Face,lpips,3
36,-0.00885000228881836,Scene,Face,lpips,3
39,0.025784899791081745,Scene,Face,lpips,3
126,-0.0025768597920735677,Scene,Face,lpips,3
132,0.002509081363677978,Scene,Face,lpips,3
167,-0.0036060929298400873,Scene,Face,lpips,3
196,0.0051998734474182125,Scene,Face,lpips,3
199,-0.0036537011464436845,Scene,Face,lpips,3
214,-0.020269660154978435,Scene,Face,lpips,3
241,-0.0011812965075174969,Scene,Face,lpips,3
242,-0.010890444119771322,Scene,Face,lpips,3
245,-0.0068720777829488116,Scene,Face,lpips,3
249,-0.0031853040059407543,Scene,Face,lpips,3
282,-0.0036104162534077965,Scene,Face,lpips,3
289,-0.004717004299163818,Scene,Face,lpips,3
303,0.0018634438514709471,Scene,Face,lpips,3
314,0.004755802949269613,Scene,Face,lpips,3
393,0.0018366376558939617,Scene,Face,lpips,3
412,-0.0012780308723449709,Scene,Face,lpips,3
442,-9.471972783406506e-05,Scene,Face,lpips,3
463,-0.003706188996632894,Scene,Face,lpips,3
469,-0.015061624844868976,Scene,Face,lpips,3
486,0.005441868305206299,Scene,Face,lpips,3
491,-0.0005334615707397461,Scene,Face,lpips,3
518,0.005969174702962241,Scene,Face,lpips,3
523,0.012350157896677651,Scene,Face,lpips,3
545,0.0005913893381754555,Scene,Face,lpips,3
551,-0.004145952065785726,Scene,Face,lpips,3
568,-0.016634043057759604,Scene,Face,lpips,3
620,0.0033186912536621095,Scene,Face,lpips,3
640,-0.00575801928838094,Scene,Face,lpips,3
648,0.010363781452178955,Scene,Face,lpips,3
671,-0.026671187082926432,Scene,Face,lpips,3
755,-0.003936870892842611,Scene,Face,lpips,3
811,0.0030924558639526365,Scene,Face,lpips,3
821,0.00953735907872518,Scene,Face,lpips,3
824,-0.02667596340179443,Scene,Face,lpips,3
841,-0.0023816823959350586,Scene,Face,lpips,3
842,-0.0072633345921834305,Scene,Face,lpips,3
850,8.92599423726401e-05,Scene,Face,lpips,3
855,-0.0047316352526346845,Scene,Face,lpips,3
872,0.00017077922821044875,Scene,Face,lpips,3
873,-0.00545194149017334,Scene,Face,lpips,3
893,-0.012460498015085857,Scene,Face,lpips,3
894,0.002792108058929444,Scene,Face,lpips,3
918,-0.007036149501800537,Scene,Face,lpips,3
943,0.0024177193641662597,Scene,Face,lpips,3
978,0.03979102770487468,Scene,Face,lpips,3
999,-0.004091334342956543,Scene,Face,lpips,3
14,-0.0006955146789550778,Scene,Face,clip,3
15,0.04159364700317383,Scene,Face,clip,3
36,-0.04051106373469034,Scene,Face,clip,3
39,0.034134403864542646,Scene,Face,clip,3
126,0.0020209908485412605,Scene,Face,clip,3
132,-0.020671137173970542,Scene,Face,clip,3
167,-0.005468094348907471,Scene,Face,clip,3
196,0.01734307209650675,Scene,Face,clip,3
199,0.010310500860214232,Scene,Face,clip,3
214,-0.008530986309051513,Scene,Face,clip,3
241,-0.007321302096048991,Scene,Face,clip,3
242,0.010421748956044516,Scene,Face,clip,3
245,-0.01393798589706421,Scene,Face,clip,3
249,-0.019390795628229776,Scene,Face,clip,3
282,-0.000736657778422038,Scene,Face,clip,3
289,0.008376351992289224,Scene,Face,clip,3
303,0.0060558319091796875,Scene,Face,clip,3
314,0.01101521452267965,Scene,Face,clip,3
393,-0.014780445893605549,Scene,Face,clip,3
412,0.00177500049273173,Scene,Face,clip,3
442,0.015440682570139566,Scene,Face,clip,3
463,0.014118790626525879,Scene,Face,clip,3
469,0.0036393702030181885,Scene,Face,clip,3
486,0.026418650150299077,Scene,Face,clip,3
491,-0.008303459485371908,Scene,Face,clip,3
518,-0.011192617813746133,Scene,Face,clip,3
523,0.03163403272628784,Scene,Face,clip,3
545,-0.010537938276926678,Scene,Face,clip,3
551,-0.005483522017796834,Scene,Face,clip,3
568,0.008518918355305988,Scene,Face,clip,3
620,0.006545631090799968,Scene,Face,clip,3
640,0.009877866506576538,Scene,Face,clip,3
648,0.022765411933263147,Scene,Face,clip,3
671,-0.08043981194496155,Scene,Face,clip,3
755,-0.014538232485453287,Scene,Face,clip,3
811,-0.006271725893020631,Scene,Face,clip,3
821,-0.02223434050877889,Scene,Face,clip,3
824,-0.05296854972839355,Scene,Face,clip,3
841,0.005738808711369833,Scene,Face,clip,3
842,-0.030179838339487713,Scene,Face,clip,3
850,-0.009005387624104822,Scene,Face,clip,3
855,-0.026491105556488037,Scene,Face,clip,3
872,0.013335382938385008,Scene,Face,clip,3
873,-0.03249067465464275,Scene,Face,clip,3
893,-0.016577871640523278,Scene,Face,clip,3
894,0.014354904492696127,Scene,Face,clip,3
918,0.009686978658040366,Scene,Face,clip,3
943,0.007450878620147705,Scene,Face,clip,3
978,0.1236400604248047,Scene,Face,clip,3
999,0.004844069480895996,Scene,Face,clip,3
14,0.002307947973410288,Scene,Face,dino,3
15,0.050018739203612016,Scene,Face,dino,3
36,0.016846716947232686,Scene,Face,dino,3
39,0.056345611810684204,Scene,Face,dino,3
126,-0.06351301372051239,Scene,Face,dino,3
132,-0.011364549895127612,Scene,Face,dino,3
167,-0.012086002714931965,Scene,Face,dino,3
196,0.006711754140754541,Scene,Face,dino,3
199,0.02613269140323003,Scene,Face,dino,3
214,-0.08478273960451284,Scene,Face,dino,3
241,0.005864312623937926,Scene,Face,dino,3
242,0.01790569036578139,Scene,Face,dino,3
245,-0.00029710885137319555,Scene,Face,dino,3
249,-0.002777202396343152,Scene,Face,dino,3
282,-0.024685939401388173,Scene,Face,dino,3
289,-0.009694365970790387,Scene,Face,dino,3
303,0.0084755123903354,Scene,Face,dino,3
314,-0.004263366262118022,Scene,Face,dino,3
393,0.019160620371500656,Scene,Face,dino,3
412,0.004237870313227177,Scene,Face,dino,3
442,0.05218476485460997,Scene,Face,dino,3
463,0.0014839141319195426,Scene,Face,dino,3
469,0.0038465453622241815,Scene,Face,dino,3
486,-0.017591300110022228,Scene,Face,dino,3
491,0.005335142463445664,Scene,Face,dino,3
518,0.00048352231582006006,Scene,Face,dino,3
523,0.031165013710657757,Scene,Face,dino,3
545,0.008519995585083958,Scene,Face,dino,3
551,0.0010962909397979569,Scene,Face,dino,3
568,0.038247474034627284,Scene,Face,dino,3
620,-0.010237694780031838,Scene,Face,dino,3
640,-0.012092409903804459,Scene,Face,dino,3
648,-0.007270515244454146,Scene,Face,dino,3
671,-0.10819373627503714,Scene,Face,dino,3
755,-0.045114531119664514,Scene,Face,dino,3
811,-0.010639309976249933,Scene,Face,dino,3
821,-0.07300868245462576,Scene,Face,dino,3
824,-0.06579342968761921,Scene,Face,dino,3
841,0.008576773293316365,Scene,Face,dino,3
842,0.00218634083867073,Scene,Face,dino,3
850,-0.003969839711984,Scene,Face,dino,3
855,-0.011140240946163735,Scene,Face,dino,3
872,0.008707893329362075,Scene,Face,dino,3
873,-0.025829000895222026,Scene,Face,dino,3
893,-0.029788952817519504,Scene,Face,dino,3
894,0.0037839988867441813,Scene,Face,dino,3
918,-0.011018196245034535,Scene,Face,dino,3
943,0.03270055254300435,Scene,Face,dino,3
978,0.3622410809000333,Scene,Face,dino,3
999,-0.0028570805055399737,Scene,Face,dino,3
14,0.002307947973410288,Scene,Face,background_dino,3
15,0.050018739203612016,Scene,Face,background_dino,3
36,0.015369066161413987,Scene,Face,background_dino,3
39,0.056345611810684204,Scene,Face,background_dino,3
126,-0.06351301372051239,Scene,Face,background_dino,3
132,-0.029157316684722902,Scene,Face,background_dino,3
167,-0.012086002714931965,Scene,Face,background_dino,3
196,0.006711754140754541,Scene,Face,background_dino,3
199,0.02613269140323003,Scene,Face,background_dino,3
214,-0.08478273960451284,Scene,Face,background_dino,3
241,0.005864312623937926,Scene,Face,background_dino,3
242,0.013359274684141081,Scene,Face,background_dino,3
245,-0.006610328083237013,Scene,Face,background_dino,3
249,-0.002059133800988396,Scene,Face,background_dino,3
282,-0.024685939401388173,Scene,Face,background_dino,3
289,-0.009694365970790387,Scene,Face,background_dino,3
303,0.0084755123903354,Scene,Face,background_dino,3
314,-0.004263366262118022,Scene,Face,background_dino,3
393,0.019160620371500656,Scene,Face,background_dino,3
412,0.004237870313227177,Scene,Face,background_dino,3
442,0.05218476485460997,Scene,Face,background_dino,3
463,0.0014839141319195426,Scene,Face,background_dino,3
469,0.0038465453622241815,Scene,Face,background_dino,3
486,-0.017591300110022228,Scene,Face,background_dino,3
491,0.007606109976768492,Scene,Face,background_dino,3
518,0.00048352231582006006,Scene,Face,background_dino,3
523,0.03772250488400459,Scene,Face,background_dino,3
545,0.008519995585083958,Scene,Face,background_dino,3
551,0.0010962909397979569,Scene,Face,background_dino,3
568,0.038247474034627284,Scene,Face,background_dino,3
620,-0.010237694780031838,Scene,Face,background_dino,3
640,-0.012092409903804459,Scene,Face,background_dino,3
648,-0.007270515244454146,Scene,Face,background_dino,3
671,-0.09805659043292204,Scene,Face,background_dino,3
755,-0.045114531119664514,Scene,Face,background_dino,3
811,-0.010639309976249933,Scene,Face,background_dino,3
821,-0.07300868245462576,Scene,Face,background_dino,3
824,-0.004309902588526403,Scene,Face,background_dino,3
841,0.011333760246634482,Scene,Face,background_dino,3
842,0.00218634083867073,Scene,Face,background_dino,3
850,-0.003969839711984,Scene,Face,background_dino,3
855,-0.011140240946163735,Scene,Face,background_dino,3
872,0.008707893329362075,Scene,Face,background_dino,3
873,-0.02471844417353471,Scene,Face,background_dino,3
893,-0.029788952817519504,Scene,Face,background_dino,3
894,0.0037839988867441813,Scene,Face,background_dino,3
918,-0.011018196245034535,Scene,Face,background_dino,3
943,0.0253156046072642,Scene,Face,background_dino,3
978,0.33149596701065703,Scene,Face,background_dino,3
999,-0.0028570805055399737,Scene,Face,background_dino,3
14,-0.0006955146789550778,Scene,Face,background_clip,3
15,0.04159364700317383,Scene,Face,background_clip,3
36,-0.045003938674926754,Scene,Face,background_clip,3
39,0.034134403864542646,Scene,Face,background_clip,3
126,0.0020209908485412605,Scene,Face,background_clip,3
132,-0.031050201257069907,Scene,Face,background_clip,3
167,-0.005468094348907471,Scene,Face,background_clip,3
196,0.01734307209650675,Scene,Face,background_clip,3
199,0.010310500860214232,Scene,Face,background_clip,3
214,-0.008530986309051513,Scene,Face,background_clip,3
241,-0.007321302096048991,Scene,Face,background_clip,3
242,0.011509565512339275,Scene,Face,background_clip,3
245,-0.012515846888224283,Scene,Face,background_clip,3
249,-0.01232773264249166,Scene,Face,background_clip,3
282,-0.000736657778422038,Scene,Face,background_clip,3
289,0.008376351992289224,Scene,Face,background_clip,3
303,0.0060558319091796875,Scene,Face,background_clip,3
314,0.01101521452267965,Scene,Face,background_clip,3
393,-0.014780445893605549,Scene,Face,background_clip,3
412,0.00177500049273173,Scene,Face,background_clip,3
442,0.015440682570139566,Scene,Face,background_clip,3
463,0.014118790626525879,Scene,Face,background_clip,3
469,0.0036393702030181885,Scene,Face,background_clip,3
486,0.026418650150299077,Scene,Face,background_clip,3
491,-0.007293979326883953,Scene,Face,background_clip,3
518,-0.011192617813746133,Scene,Face,background_clip,3
523,0.028962560494740802,Scene,Face,background_clip,3
545,-0.010537938276926678,Scene,Face,background_clip,3
551,-0.005483522017796834,Scene,Face,background_clip,3
568,0.008518918355305988,Scene,Face,background_clip,3
620,0.006545631090799968,Scene,Face,background_clip,3
640,0.009877866506576538,Scene,Face,background_clip,3
648,0.022765411933263147,Scene,Face,background_clip,3
671,-0.06924988031387329,Scene,Face,background_clip,3
755,-0.014538232485453287,Scene,Face,background_clip,3
811,-0.006271725893020631,Scene,Face,background_clip,3
821,-0.02223434050877889,Scene,Face,background_clip,3
824,-0.024742031097412107,Scene,Face,background_clip,3
841,-0.0012010176976521812,Scene,Face,background_clip,3
842,-0.030179838339487713,Scene,Face,background_clip,3
850,-0.009005387624104822,Scene,Face,background_clip,3
855,-0.026491105556488037,Scene,Face,background_clip,3
872,0.013335382938385008,Scene,Face,background_clip,3
873,-0.030539538462956747,Scene,Face,background_clip,3
893,-0.016577871640523278,Scene,Face,background_clip,3
894,0.014354904492696127,Scene,Face,background_clip,3
918,0.009686978658040366,Scene,Face,background_clip,3
943,0.0008190512657165524,Scene,Face,background_clip,3
978,0.12712976932525635,Scene,Face,background_clip,3
999,0.004844069480895996,Scene,Face,background_clip,3
14,0.0,Scene,Face,scene_class_consistency,3
15,0.0,Scene,Face,scene_class_consistency,3
36,0.0,Scene,Face,scene_class_consistency,3
39,0.0,Scene,Face,scene_class_consistency,3
126,0.0,Scene,Face,scene_class_consistency,3
132,0.0,Scene,Face,scene_class_consistency,3
167,0.0,Scene,Face,scene_class_consistency,3
196,0.0,Scene,Face,scene_class_consistency,3
199,0.0,Scene,Face,scene_class_consistency,3
214,0.0,Scene,Face,scene_class_consistency,3
241,0.0,Scene,Face,scene_class_consistency,3
242,0.19999999999999998,Scene,Face,scene_class_consistency,3
245,-0.13333333333333333,Scene,Face,scene_class_consistency,3
249,0.0,Scene,Face,scene_class_consistency,3
282,0.5333333333333333,Scene,Face,scene_class_consistency,3
289,0.0,Scene,Face,scene_class_consistency,3
303,0.0,Scene,Face,scene_class_consistency,3
314,0.0,Scene,Face,scene_class_consistency,3
393,0.0,Scene,Face,scene_class_consistency,3
412,-0.06666666666666667,Scene,Face,scene_class_consistency,3
442,0.0,Scene,Face,scene_class_consistency,3
463,0.13333333333333333,Scene,Face,scene_class_consistency,3
469,0.0,Scene,Face,scene_class_consistency,3
486,0.0,Scene,Face,scene_class_consistency,3
491,0.0,Scene,Face,scene_class_consistency,3
518,0.0,Scene,Face,scene_class_consistency,3
523,0.0,Scene,Face,scene_class_consistency,3
545,0.0,Scene,Face,scene_class_consistency,3
551,0.0,Scene,Face,scene_class_consistency,3
568,0.0,Scene,Face,scene_class_consistency,3
620,0.06666666666666667,Scene,Face,scene_class_consistency,3
640,0.0,Scene,Face,scene_class_consistency,3
648,0.0,Scene,Face,scene_class_consistency,3
671,-0.19999999999999998,Scene,Face,scene_class_consistency,3
755,0.06666666666666667,Scene,Face,scene_class_consistency,3
811,0.0,Scene,Face,scene_class_consistency,3
821,0.0,Scene,Face,scene_class_consistency,3
824,0.06666666666666667,Scene,Face,scene_class_consistency,3
841,0.0,Scene,Face,scene_class_consistency,3
842,0.0,Scene,Face,scene_class_consistency,3
850,0.0,Scene,Face,scene_class_consistency,3
855,0.0,Scene,Face,scene_class_consistency,3
872,0.06666666666666667,Scene,Face,scene_class_consistency,3
873,0.0,Scene,Face,scene_class_consistency,3
893,0.0,Scene,Face,scene_class_consistency,3
894,0.0,Scene,Face,scene_class_consistency,3
918,0.0,Scene,Face,scene_class_consistency,3
943,-0.13333333333333333,Scene,Face,scene_class_consistency,3
978,0.13333333333333333,Scene,Face,scene_class_consistency,3
999,0.0,Scene,Face,scene_class_consistency,3
14,0.020786614050936996,Scene,Scene,pixel_corr,3
15,-0.003037116008583979,Scene,Scene,pixel_corr,3
36,-0.0007796967325617365,Scene,Scene,pixel_corr,3
39,-0.01491304892901183,Scene,Scene,pixel_corr,3
126,-0.00834580484873621,Scene,Scene,pixel_corr,3
132,-0.005790321094547285,Scene,Scene,pixel_corr,3
167,-0.004440575688200498,Scene,Scene,pixel_corr,3
196,0.004919533236669122,Scene,Scene,pixel_corr,3
199,0.0019790138542719903,Scene,Scene,pixel_corr,3
214,-0.0062433757742616945,Scene,Scene,pixel_corr,3
241,-0.0003517325874698958,Scene,Scene,pixel_corr,3
242,-0.013385453304875715,Scene,Scene,pixel_corr,3
245,0.015729776144136978,Scene,Scene,pixel_corr,3
249,0.004679559360533137,Scene,Scene,pixel_corr,3
282,0.0071592416438098355,Scene,Scene,pixel_corr,3
289,0.0013183034288004975,Scene,Scene,pixel_corr,3
303,0.003693511448306369,Scene,Scene,pixel_corr,3
314,-0.011694720663183866,Scene,Scene,pixel_corr,3
393,-0.0038614195468744364,Scene,Scene,pixel_corr,3
412,-0.0036206220398647885,Scene,Scene,pixel_corr,3
442,0.009302453782705328,Scene,Scene,pixel_corr,3
463,0.004644628719845644,Scene,Scene,pixel_corr,3
469,0.007090763417889096,Scene,Scene,pixel_corr,3
486,0.027015770376611136,Scene,Scene,pixel_corr,3
491,-0.0031920364755269417,Scene,Scene,pixel_corr,3
518,-0.013807804834220958,Scene,Scene,pixel_corr,3
523,0.0025261740866744063,Scene,Scene,pixel_corr,3
545,0.018779601994325223,Scene,Scene,pixel_corr,3
551,0.003065775100902541,Scene,Scene,pixel_corr,3
568,-0.012122501247468692,Scene,Scene,pixel_corr,3
620,-0.004052320917132928,Scene,Scene,pixel_corr,3
640,0.0276297198376157,Scene,Scene,pixel_corr,3
648,0.00595815125121034,Scene,Scene,pixel_corr,3
671,0.001570063003784897,Scene,Scene,pixel_corr,3
755,0.009948829696608564,Scene,Scene,pixel_corr,3
811,0.0008131436636025949,Scene,Scene,pixel_corr,3
821,-0.008571943351443812,Scene,Scene,pixel_corr,3
824,0.0012902556204848353,Scene,Scene,pixel_corr,3
841,-0.007156861911550796,Scene,Scene,pixel_corr,3
842,0.017021436733393226,Scene,Scene,pixel_corr,3
850,0.003999808290514861,Scene,Scene,pixel_corr,3
855,-0.010323968709334152,Scene,Scene,pixel_corr,3
872,0.02222298034833155,Scene,Scene,pixel_corr,3
873,0.011797096101354604,Scene,Scene,pixel_corr,3
893,-0.029994585330027163,Scene,Scene,pixel_corr,3
894,0.008748310123205046,Scene,Scene,pixel_corr,3
918,0.002734421727279152,Scene,Scene,pixel_corr,3
943,-0.0027901204968666334,Scene,Scene,pixel_corr,3
978,-0.02756262126941327,Scene,Scene,pixel_corr,3
999,0.007420534970816138,Scene,Scene,pixel_corr,3
14,-0.0014412623890584584,Scene,Scene,ssim,3
15,-8.065683573114472e-05,Scene,Scene,ssim,3
36,-0.0005931287002240698,Scene,Scene,ssim,3
39,-0.0010353572752554699,Scene,Scene,ssim,3
126,-0.0009854342501480614,Scene,Scene,ssim,3
132,0.0016093341714409634,Scene,Scene,ssim,3
167,-0.001516801492095757,Scene,Scene,ssim,3
196,0.0005008308999807084,Scene,Scene,ssim,3
199,0.002417353133952542,Scene,Scene,ssim,3
214,-0.00033933440259313147,Scene,Scene,ssim,3
241,0.008530716478511315,Scene,Scene,ssim,3
242,-0.00337916848632267,Scene,Scene,ssim,3
245,-0.0048626512438629255,Scene,Scene,ssim,3
249,-0.0037072834931129745,Scene,Scene,ssim,3
282,0.005266643850609161,Scene,Scene,ssim,3
289,0.00031192011801857536,Scene,Scene,ssim,3
303,0.004075417083948049,Scene,Scene,ssim,3
314,0.0007555587678980178,Scene,Scene,ssim,3
393,-0.002272627792937543,Scene,Scene,ssim,3
412,0.0012511222250759328,Scene,Scene,ssim,3
442,0.01603846846082721,Scene,Scene,ssim,3
463,0.0005339461943886773,Scene,Scene,ssim,3
469,0.0007138216446403388,Scene,Scene,ssim,3
486,0.007623254155735733,Scene,Scene,ssim,3
491,2.4911462609430075e-05,Scene,Scene,ssim,3
518,-0.02990758983454676,Scene,Scene,ssim,3
523,0.005232162340602712,Scene,Scene,ssim,3
545,0.007277455682050428,Scene,Scene,ssim,3
551,-0.0012616207686303573,Scene,Scene,ssim,3
568,-0.0011853289315124822,Scene,Scene,ssim,3
620,-0.001849062149941237,Scene,Scene,ssim,3
640,0.00911031439821761,Scene,Scene,ssim,3
648,-0.0021604493352411105,Scene,Scene,ssim,3
671,-0.004049356561747919,Scene,Scene,ssim,3
755,-8.098157866279767e-05,Scene,Scene,ssim,3
811,2.291353322974969e-05,Scene,Scene,ssim,3
821,6.918825228175955e-05,Scene,Scene,ssim,3
824,-0.00024404208208580374,Scene,Scene,ssim,3
841,-0.013156530786960635,Scene,Scene,ssim,3
842,0.0033263570699406126,Scene,Scene,ssim,3
850,-0.001418562570126373,Scene,Scene,ssim,3
855,-0.010386497694584067,Scene,Scene,ssim,3
872,-0.0001084983996846274,Scene,Scene,ssim,3
873,-0.011417776073072108,Scene,Scene,ssim,3
893,0.006234311897005333,Scene,Scene,ssim,3
894,0.001151021696647699,Scene,Scene,ssim,3
918,-0.00024690795391993543,Scene,Scene,ssim,3
943,0.00025524375383868906,Scene,Scene,ssim,3
978,0.0030102831185272023,Scene,Scene,ssim,3
999,0.007784318112878338,Scene,Scene,ssim,3
14,0.005491129557291666,Scene,Scene,lpips,3
15,0.0008015910784403482,Scene,Scene,lpips,3
36,-0.007089479764302571,Scene,Scene,lpips,3
39,-0.00417063037554423,Scene,Scene,lpips,3
126,0.002435016632080078,Scene,Scene,lpips,3
132,0.0005181590716044106,Scene,Scene,lpips,3
167,0.004575745264689128,Scene,Scene,lpips,3
196,0.001826818784077962,Scene,Scene,lpips,3
199,-0.004217656453450521,Scene,Scene,lpips,3
214,0.0010704000790913903,Scene,Scene,lpips,3
241,0.0016316572825113933,Scene,Scene,lpips,3
242,-0.008155890305836995,Scene,Scene,lpips,3
245,-0.002005394299825033,Scene,Scene,lpips,3
249,0.0016154090563456215,Scene,Scene,lpips,3
282,-0.0012062430381774903,Scene,Scene,lpips,3
289,-0.00779664913813273,Scene,Scene,lpips,3
303,-0.0026883641878763832,Scene,Scene,lpips,3
314,-0.0064584215482076,Scene,Scene,lpips,3
393,-0.0014020403226216631,Scene,Scene,lpips,3
412,-0.006026947498321534,Scene,Scene,lpips,3
442,-0.006375463803609213,Scene,Scene,lpips,3
463,0.0011896252632141112,Scene,Scene,lpips,3
469,-0.00510109265645345,Scene,Scene,lpips,3
486,0.00028302272160848023,Scene,Scene,lpips,3
491,-0.000511014461517334,Scene,Scene,lpips,3
518,-0.009239451090494793,Scene,Scene,lpips,3
523,0.0048231045405069985,Scene,Scene,lpips,3
545,-0.0034674167633056644,Scene,Scene,lpips,3
551,-0.004377317428588867,Scene,Scene,lpips,3
568,-0.0009968479474385577,Scene,Scene,lpips,3
620,-0.0005466103553771972,Scene,Scene,lpips,3
640,-0.019334367911020917,Scene,Scene,lpips,3
648,0.002842489878336589,Scene,Scene,lpips,3
671,0.017227649688720703,Scene,Scene,lpips,3
755,0.007644240061442057,Scene,Scene,lpips,3
811,-0.00035310586293538405,Scene,Scene,lpips,3
821,-0.0053467949231465655,Scene,Scene,lpips,3
824,-0.006384627024332682,Scene,Scene,lpips,3
841,0.002053133646647135,Scene,Scene,lpips,3
842,9.248654047648112e-05,Scene,Scene,lpips,3
850,0.000464785099029541,Scene,Scene,lpips,3
855,-0.00516429344813029,Scene,Scene,lpips,3
872,0.002622536818186442,Scene,Scene,lpips,3
873,-0.004675086339314779,Scene,Scene,lpips,3
893,-0.007083535194396973,Scene,Scene,lpips,3
894,-0.0015985488891601563,Scene,Scene,lpips,3
918,0.004903435707092284,Scene,Scene,lpips,3
943,9.112755457560233e-05,Scene,Scene,lpips,3
978,-0.006856477260589599,Scene,Scene,lpips,3
999,-0.005497566858927408,Scene,Scene,lpips,3
14,-0.022019394238789874,Scene,Scene,clip,3
15,0.023197126388549805,Scene,Scene,clip,3
36,0.011200698216756184,Scene,Scene,clip,3
39,-0.001130664348602294,Scene,Scene,clip,3
126,-0.0036957144737243663,Scene,Scene,clip,3
132,0.004778742790222169,Scene,Scene,clip,3
167,0.010682517290115356,Scene,Scene,clip,3
196,-0.002475198109944661,Scene,Scene,clip,3
199,-1.4583269755044995e-05,Scene,Scene,clip,3
214,0.03443448940912882,Scene,Scene,clip,3
241,0.0212384819984436,Scene,Scene,clip,3
242,-0.01754210392634074,Scene,Scene,clip,3
245,-0.006929862499237061,Scene,Scene,clip,3
249,0.011659187078475955,Scene,Scene,clip,3
282,0.02914720177650452,Scene,Scene,clip,3
289,0.01231889724731445,Scene,Scene,clip,3
303,0.000683852036794026,Scene,Scene,clip,3
314,-0.0076641718546549475,Scene,Scene,clip,3
393,-0.018431500593821207,Scene,Scene,clip,3
412,-0.002715418736139933,Scene,Scene,clip,3
442,-0.007353917757670085,Scene,Scene,clip,3
463,0.014332300424575804,Scene,Scene,clip,3
469,0.027947630484898886,Scene,Scene,clip,3
486,0.024090981483459475,Scene,Scene,clip,3
491,0.013582070668538412,Scene,Scene,clip,3
518,-0.013819909095764159,Scene,Scene,clip,3
523,0.013706096013387042,Scene,Scene,clip,3
545,0.0005449016888936365,Scene,Scene,clip,3
551,0.006422670682271321,Scene,Scene,clip,3
568,0.010476362705230712,Scene,Scene,clip,3
620,-0.025557273626327513,Scene,Scene,clip,3
640,-0.031695783138275146,Scene,Scene,clip,3
648,-0.004655194282531738,Scene,Scene,clip,3
671,0.006404109795888264,Scene,Scene,clip,3
755,-0.009659063816070556,Scene,Scene,clip,3
811,0.0066697994867960615,Scene,Scene,clip,3
821,-0.03450831373532613,Scene,Scene,clip,3
824,0.0005021691322326648,Scene,Scene,clip,3
841,-0.01618426442146301,Scene,Scene,clip,3
842,0.015368914604187012,Scene,Scene,clip,3
850,-0.01890500783920288,Scene,Scene,clip,3
855,0.02333980401357015,Scene,Scene,clip,3
872,0.010628825426101683,Scene,Scene,clip,3
873,0.009055099884668986,Scene,Scene,clip,3
893,0.019146281480789184,Scene,Scene,clip,3
894,0.0017540375391642254,Scene,Scene,clip,3
918,-0.02526134252548218,Scene,Scene,clip,3
943,-0.003080586592356364,Scene,Scene,clip,3
978,-0.02290006081263225,Scene,Scene,clip,3
999,-0.006943746407826742,Scene,Scene,clip,3
14,-0.0033522995809714003,Scene,Scene,dino,3
15,0.05269867529471715,Scene,Scene,dino,3
36,0.01374715321386854,Scene,Scene,dino,3
39,0.011546840270360311,Scene,Scene,dino,3
126,0.01572724183400472,Scene,Scene,dino,3
132,-0.024811256925264993,Scene,Scene,dino,3
167,0.005333866054813068,Scene,Scene,dino,3
196,-0.021521998010575766,Scene,Scene,dino,3
199,-0.0013610303401947023,Scene,Scene,dino,3
214,0.020438191791375477,Scene,Scene,dino,3
241,0.00203677707662185,Scene,Scene,dino,3
242,-0.008435814268887041,Scene,Scene,dino,3
245,0.003647466531644264,Scene,Scene,dino,3
249,-0.0019036361947655678,Scene,Scene,dino,3
282,0.08321661284814279,Scene,Scene,dino,3
289,0.0013266880065202723,Scene,Scene,dino,3
303,0.01047613173723221,Scene,Scene,dino,3
314,0.010764181489745775,Scene,Scene,dino,3
393,0.008113833268483481,Scene,Scene,dino,3
412,0.008711041541149218,Scene,Scene,dino,3
442,-0.04150220714509487,Scene,Scene,dino,3
463,-0.002583221842845281,Scene,Scene,dino,3
469,0.006223742663860321,Scene,Scene,dino,3
486,0.02072992908457915,Scene,Scene,dino,3
491,-0.006548466285069783,Scene,Scene,dino,3
518,0.058546678721904756,Scene,Scene,dino,3
523,0.030393461634715402,Scene,Scene,dino,3
545,0.03474950144688289,Scene,Scene,dino,3
551,0.008540788851678372,Scene,Scene,dino,3
568,-0.08485691547393799,Scene,Scene,dino,3
620,-0.03947612643241882,Scene,Scene,dino,3
640,0.002413346059620382,Scene,Scene,dino,3
648,-0.007173741422593594,Scene,Scene,dino,3
671,-0.023255670070648198,Scene,Scene,dino,3
755,-0.028705523411432902,Scene,Scene,dino,3
811,0.00014748654017845858,Scene,Scene,dino,3
821,-0.07263896157965063,Scene,Scene,dino,3
824,-0.0019099992389480281,Scene,Scene,dino,3
841,-0.025336532170573873,Scene,Scene,dino,3
842,0.011168692323068776,Scene,Scene,dino,3
850,-0.010906591018040973,Scene,Scene,dino,3
855,-0.0005023860993484652,Scene,Scene,dino,3
872,0.0046454977865020425,Scene,Scene,dino,3
873,0.0225894403954347,Scene,Scene,dino,3
893,-0.005739934742450714,Scene,Scene,dino,3
894,-0.008883051512142023,Scene,Scene,dino,3
918,-0.046248414119084674,Scene,Scene,dino,3
943,-0.001992626984914144,Scene,Scene,dino,3
978,-0.07886254936456681,Scene,Scene,dino,3
999,-0.012412429476777712,Scene,Scene,dino,3
14,-0.0033522995809714003,Scene,Scene,background_dino,3
15,0.05269867529471715,Scene,Scene,background_dino,3
36,0.01564472507064541,Scene,Scene,background_dino,3
39,0.011546840270360311,Scene,Scene,background_dino,3
126,0.01572724183400472,Scene,Scene,background_dino,3
132,-0.022221502661705018,Scene,Scene,background_dino,3
167,0.005333866054813068,Scene,Scene,background_dino,3
196,-0.021521998010575766,Scene,Scene,background_dino,3
199,-0.0013610303401947023,Scene,Scene,background_dino,3
214,0.020438191791375477,Scene,Scene,background_dino,3
241,0.00203677707662185,Scene,Scene,background_dino,3
242,-0.004409030607591072,Scene,Scene,background_dino,3
245,-0.002002857454741994,Scene,Scene,background_dino,3
249,-0.002820746041834354,Scene,Scene,background_dino,3
282,0.08321661284814279,Scene,Scene,background_dino,3
289,0.0013266880065202723,Scene,Scene,background_dino,3
303,0.01047613173723221,Scene,Scene,background_dino,3
314,0.010764181489745775,Scene,Scene,background_dino,3
393,0.008113833268483481,Scene,Scene,background_dino,3
412,0.008711041541149218,Scene,Scene,background_dino,3
442,-0.04150220714509487,Scene,Scene,background_dino,3
463,-0.002583221842845281,Scene,Scene,background_dino,3
469,0.006223742663860321,Scene,Scene,background_dino,3
486,0.02072992908457915,Scene,Scene,background_dino,3
491,-0.019223812470833462,Scene,Scene,background_dino,3
518,0.058546678721904756,Scene,Scene,background_dino,3
523,0.03450264545778433,Scene,Scene,background_dino,3
545,0.03474950144688289,Scene,Scene,background_dino,3
551,0.008540788851678372,Scene,Scene,background_dino,3
568,-0.08485691547393799,Scene,Scene,background_dino,3
620,-0.03947612643241882,Scene,Scene,background_dino,3
640,0.002413346059620382,Scene,Scene,background_dino,3
648,-0.007173741422593594,Scene,Scene,background_dino,3
671,-0.032748560110727944,Scene,Scene,background_dino,3
755,-0.028705523411432902,Scene,Scene,background_dino,3
811,0.00014748654017845858,Scene,Scene,background_dino,3
821,-0.07263896157965063,Scene,Scene,background_dino,3
824,0.027039738744497305,Scene,Scene,background_dino,3
841,-0.025452991978575788,Scene,Scene,background_dino,3
842,0.011168692323068776,Scene,Scene,background_dino,3
850,-0.010906591018040973,Scene,Scene,background_dino,3
855,-0.0005023860993484652,Scene,Scene,background_dino,3
872,0.0046454977865020425,Scene,Scene,background_dino,3
873,0.023791681602597235,Scene,Scene,background_dino,3
893,-0.005739934742450714,Scene,Scene,background_dino,3
894,-0.008883051512142023,Scene,Scene,background_dino,3
918,-0.046248414119084674,Scene,Scene,background_dino,3
943,0.0015720595916112275,Scene,Scene,background_dino,3
978,-0.08593484212954838,Scene,Scene,background_dino,3
999,-0.012412429476777712,Scene,Scene,background_dino,3
14,-0.022019394238789874,Scene,Scene,background_clip,3
15,0.023197126388549805,Scene,Scene,background_clip,3
36,0.010993580023447672,Scene,Scene,background_clip,3
39,-0.001130664348602294,Scene,Scene,background_clip,3
126,-0.0036957144737243663,Scene,Scene,background_clip,3
132,-0.0035709063212076837,Scene,Scene,background_clip,3
167,0.010682517290115356,Scene,Scene,background_clip,3
196,-0.002475198109944661,Scene,Scene,background_clip,3
199,-1.4583269755044995e-05,Scene,Scene,background_clip,3
214,0.03443448940912882,Scene,Scene,background_clip,3
241,0.0212384819984436,Scene,Scene,background_clip,3
242,-0.01813711126645406,Scene,Scene,background_clip,3
245,-0.00751034418741862,Scene,Scene,background_clip,3
249,0.009734594821929931,Scene,Scene,background_clip,3
282,0.02914720177650452,Scene,Scene,background_clip,3
289,0.01231889724731445,Scene,Scene,background_clip,3
303,0.000683852036794026,Scene,Scene,background_clip,3
314,-0.0076641718546549475,Scene,Scene,background_clip,3
393,-0.018431500593821207,Scene,Scene,background_clip,3
412,-0.002715418736139933,Scene,Scene,background_clip,3
442,-0.007353917757670085,Scene,Scene,background_clip,3
463,0.014332300424575804,Scene,Scene,background_clip,3
469,0.027947630484898886,Scene,Scene,background_clip,3
486,0.024090981483459475,Scene,Scene,background_clip,3
491,0.0044770081837972,Scene,Scene,background_clip,3
518,-0.013819909095764159,Scene,Scene,background_clip,3
523,0.014766462643941242,Scene,Scene,background_clip,3
545,0.0005449016888936365,Scene,Scene,background_clip,3
551,0.006422670682271321,Scene,Scene,background_clip,3
568,0.010476362705230712,Scene,Scene,background_clip,3
620,-0.025557273626327513,Scene,Scene,background_clip,3
640,-0.031695783138275146,Scene,Scene,background_clip,3
648,-0.004655194282531738,Scene,Scene,background_clip,3
671,-0.0024735927581787114,Scene,Scene,background_clip,3
755,-0.009659063816070556,Scene,Scene,background_clip,3
811,0.0066697994867960615,Scene,Scene,background_clip,3
821,-0.03450831373532613,Scene,Scene,background_clip,3
824,0.0037301063537597662,Scene,Scene,background_clip,3
841,-0.012327003479003904,Scene,Scene,background_clip,3
842,0.015368914604187012,Scene,Scene,background_clip,3
850,-0.01890500783920288,Scene,Scene,background_clip,3
855,0.02333980401357015,Scene,Scene,background_clip,3
872,0.010628825426101683,Scene,Scene,background_clip,3
873,0.007303671042124431,Scene,Scene,background_clip,3
893,0.019146281480789184,Scene,Scene,background_clip,3
894,0.0017540375391642254,Scene,Scene,background_clip,3
918,-0.02526134252548218,Scene,Scene,background_clip,3
943,-0.0011551658312479653,Scene,Scene,background_clip,3
978,-0.024153900146484376,Scene,Scene,background_clip,3
999,-0.006943746407826742,Scene,Scene,background_clip,3
14,-0.06666666666666667,Scene,Scene,scene_class_consistency,3
15,0.0,Scene,Scene,scene_class_consistency,3
36,0.0,Scene,Scene,scene_class_consistency,3
39,0.0,Scene,Scene,scene_class_consistency,3
126,0.0,Scene,Scene,scene_class_consistency,3
132,0.0,Scene,Scene,scene_class_consistency,3
167,0.0,Scene,Scene,scene_class_consistency,3
196,0.0,Scene,Scene,scene_class_consistency,3
199,-0.06666666666666667,Scene,Scene,scene_class_consistency,3
214,0.0,Scene,Scene,scene_class_consistency,3
241,0.0,Scene,Scene,scene_class_consistency,3
242,0.13333333333333333,Scene,Scene,scene_class_consistency,3
245,0.0666666666666667,Scene,Scene,scene_class_consistency,3
249,0.0,Scene,Scene,scene_class_consistency,3
282,0.20000000000000004,Scene,Scene,scene_class_consistency,3
289,0.0,Scene,Scene,scene_class_consistency,3
303,0.0,Scene,Scene,scene_class_consistency,3
314,0.0,Scene,Scene,scene_class_consistency,3
393,0.0,Scene,Scene,scene_class_consistency,3
412,0.0,Scene,Scene,scene_class_consistency,3
442,0.0,Scene,Scene,scene_class_consistency,3
463,0.0,Scene,Scene,scene_class_consistency,3
469,0.0,Scene,Scene,scene_class_consistency,3
486,0.0,Scene,Scene,scene_class_consistency,3
491,0.0,Scene,Scene,scene_class_consistency,3
518,-0.13333333333333333,Scene,Scene,scene_class_consistency,3
523,0.0,Scene,Scene,scene_class_consistency,3
545,0.0,Scene,Scene,scene_class_consistency,3
551,0.0,Scene,Scene,scene_class_consistency,3
568,0.0,Scene,Scene,scene_class_consistency,3
620,-0.20000000000000004,Scene,Scene,scene_class_consistency,3
640,0.0,Scene,Scene,scene_class_consistency,3
648,0.0,Scene,Scene,scene_class_consistency,3
671,0.19999999999999998,Scene,Scene,scene_class_consistency,3
755,0.0,Scene,Scene,scene_class_consistency,3
811,0.0,Scene,Scene,scene_class_consistency,3
821,0.19999999999999998,Scene,Scene,scene_class_consistency,3
824,0.19999999999999998,Scene,Scene,scene_class_consistency,3
841,-0.06666666666666667,Scene,Scene,scene_class_consistency,3
842,0.0,Scene,Scene,scene_class_consistency,3
850,0.0,Scene,Scene,scene_class_consistency,3
855,0.0,Scene,Scene,scene_class_consistency,3
872,0.20000000000000004,Scene,Scene,scene_class_consistency,3
873,0.0,Scene,Scene,scene_class_consistency,3
893,0.0,Scene,Scene,scene_class_consistency,3
894,0.0,Scene,Scene,scene_class_consistency,3
918,0.0,Scene,Scene,scene_class_consistency,3
943,0.0,Scene,Scene,scene_class_consistency,3
978,-0.20000000000000004,Scene,Scene,scene_class_consistency,3
999,0.0,Scene,Scene,scene_class_consistency,3
