background_clip,background_dino,clip,condition,control_type,dataset_idx,dino,experiment,face_detection_success,face_detector_backend,face_dino,face_lpips,image_category,local_region_pixels,lpips,masked_roi,person_dino,person_lpips,person_mask_method,person_region_consistency,pixel_corr,scene_class_consistency,seed,ssim
,,0.43756014108657837,mask_Body_mean,target_roi,158,0.2237500697374344,E3_interaction,1.0,opencv_haar_e1,0.332236647605896,0.7051955461502075,Face,33856,0.7742211818695068,Body,,,,,-0.13609716945187134,,12345,0.22968544377881098
,,0.4600294232368469,mask_Body_mean,target_roi,287,0.12281199544668198,E3_interaction,0.0,opencv_haar_e1,0.12876009941101074,0.7936076521873474,Face,32761,0.7408467531204224,Body,,,,,0.07740756215613484,,12345,0.37040924166328476
,,0.5567198991775513,mask_Body_mean,target_roi,415,0.220255047082901,E3_interaction,0.0,opencv_haar_e1,0.2170039862394333,0.701336681842804,Face,30625,0.6526700854301453,Body,,,,,-0.10882613637879038,,12345,0.5403343003166985
,,0.4375746548175812,mask_Body_mean,target_roi,465,0.23232202231884003,E3_interaction,1.0,opencv_haar_e1,0.29722604155540466,0.797946572303772,Face,24649,0.6899482607841492,Body,,,,,-0.11803045436392341,,12345,0.23756880101724576
,,0.6233762502670288,mask_Body_mean,target_roi,529,0.2221323847770691,E3_interaction,1.0,opencv_haar_e1,0.32511720061302185,0.65460205078125,Face,17161,0.674464762210846,Body,,,,,0.038146336983770894,,12345,0.4265241508790689
,,0.5976988077163696,mask_Body_mean,target_roi,678,0.16545885801315308,E3_interaction,1.0,opencv_haar_e1,0.4319010376930237,0.5571392178535461,Face,17956,0.6989884376525879,Body,,,,,-0.036432599934273564,,12345,0.26798431006550905
,,0.6606888175010681,mask_Body_mean,target_roi,756,0.44173163175582886,E3_interaction,0.0,opencv_haar_e1,0.4354632496833801,0.8142030239105225,Face,42025,0.7176587581634521,Body,,,,,-0.10293058181969876,,12345,0.42506985114913703
,,0.7183225154876709,mask_Body_mean,target_roi,781,0.22462067008018494,E3_interaction,0.0,opencv_haar_e1,0.028447981923818588,0.7189180254936218,Face,16641,0.654690682888031,Body,,,,,0.00751587988313405,,12345,0.4055199298983374
,,0.5041364431381226,mask_Body_mean,target_roi,789,0.0792243480682373,E3_interaction,0.0,opencv_haar_e1,0.2777720093727112,0.6712976694107056,Face,17424,0.6829364895820618,Body,,,,,0.13632781911555925,,12345,0.22702495260489455
,,0.5597646832466125,mask_Body_mean,target_roi,973,0.28976184129714966,E3_interaction,0.0,opencv_haar_e1,0.2534201443195343,0.8380942344665527,Face,52900,0.7442302107810974,Body,,,,,-0.0827909632979048,,12345,0.3610602314351524
,,0.4190632104873657,mask_Body_pure_random_01_mean,pure_matched_random,158,0.1317111849784851,E3_interaction,1.0,opencv_haar_e1,0.10014697164297104,0.7226752042770386,Face,33856,0.7735885977745056,Body,,,,,-0.1728660078418057,,12345,0.22064169322651575
,,0.4896499812602997,mask_Body_pure_random_01_mean,pure_matched_random,287,0.14160341024398804,E3_interaction,1.0,opencv_haar_e1,0.12262250483036041,0.8291040658950806,Face,32761,0.7245835065841675,Body,,,,,0.049260928636105934,,12345,0.35786123963781286
,,0.5431145429611206,mask_Body_pure_random_01_mean,pure_matched_random,415,0.24568593502044678,E3_interaction,0.0,opencv_haar_e1,0.22163410484790802,0.7018023133277893,Face,30625,0.6505292057991028,Body,,,,,-0.0965332902921437,,12345,0.5366086605766458
,,0.4247707426548004,mask_Body_pure_random_01_mean,pure_matched_random,465,0.20727911591529846,E3_interaction,1.0,opencv_haar_e1,0.2671906352043152,0.7994606494903564,Face,24649,0.6968117952346802,Body,,,,,-0.13010007751693864,,12345,0.23615649896651042
,,0.6207390427589417,mask_Body_pure_random_01_mean,pure_matched_random,529,0.23383602499961853,E3_interaction,1.0,opencv_haar_e1,0.2812475860118866,0.656680166721344,Face,17161,0.6779826879501343,Body,,,,,0.03527620181080786,,12345,0.4258225698423981
,,0.5729252099990845,mask_Body_pure_random_01_mean,pure_matched_random,678,0.07539531588554382,E3_interaction,1.0,opencv_haar_e1,0.43574386835098267,0.5609513521194458,Face,17956,0.6982157230377197,Body,,,,,-0.049083055724330846,,12345,0.2589501698066606
,,0.6481736898422241,mask_Body_pure_random_01_mean,pure_matched_random,756,0.37039411067962646,E3_interaction,0.0,opencv_haar_e1,0.3653169274330139,0.8000480532646179,Face,42025,0.7274219393730164,Body,,,,,-0.11218288364129046,,12345,0.4399011420681196
,,0.7047691345214844,mask_Body_pure_random_01_mean,pure_matched_random,781,0.26750674843788147,E3_interaction,0.0,opencv_haar_e1,0.05796711519360542,0.7343409061431885,Face,16641,0.6596124172210693,Body,,,,,0.015666349768518408,,12345,0.41556635398115765
,,0.49560800194740295,mask_Body_pure_random_01_mean,pure_matched_random,789,0.0926741361618042,E3_interaction,0.0,opencv_haar_e1,0.2858757972717285,0.6759516000747681,Face,17424,0.6769676208496094,Body,,,,,0.14192515274088824,,12345,0.22960480128423316
,,0.5446237921714783,mask_Body_pure_random_01_mean,pure_matched_random,973,0.26412349939346313,E3_interaction,0.0,opencv_haar_e1,0.20840859413146973,0.8343631625175476,Face,52900,0.7443963885307312,Body,,,,,-0.07135804404278419,,12345,0.36603041560428173
,,0.3965013325214386,mask_Body_pure_random_02_mean,pure_matched_random,158,0.09482429176568985,E3_interaction,1.0,opencv_haar_e1,0.114742711186409,0.7261379361152649,Face,33856,0.7838853001594543,Body,,,,,-0.07176669110360347,,12345,0.24355305310398406
,,0.47984790802001953,mask_Body_pure_random_02_mean,pure_matched_random,287,0.13964872062206268,E3_interaction,0.0,opencv_haar_e1,0.1258818507194519,0.836184024810791,Face,32761,0.7250617146492004,Body,,,,,0.048556763808555045,,12345,0.3588114614627415
,,0.5323407649993896,mask_Body_pure_random_02_mean,pure_matched_random,415,0.24756094813346863,E3_interaction,0.0,opencv_haar_e1,0.2385181039571762,0.7008227705955505,Face,30625,0.6510745882987976,Body,,,,,-0.09376093106978249,,12345,0.5365838126288586
,,0.443541944026947,mask_Body_pure_random_02_mean,pure_matched_random,465,0.23260967433452606,E3_interaction,1.0,opencv_haar_e1,0.30546391010284424,0.7980268001556396,Face,24649,0.6977697014808655,Body,,,,,-0.12630451252941158,,12345,0.2382321842200703
,,0.6171847581863403,mask_Body_pure_random_02_mean,pure_matched_random,529,0.23176796734333038,E3_interaction,1.0,opencv_haar_e1,0.28892311453819275,0.6569533944129944,Face,17161,0.6745042204856873,Body,,,,,0.031391694892629614,,12345,0.4264407680489194
,,0.5981873869895935,mask_Body_pure_random_02_mean,pure_matched_random,678,0.13839367032051086,E3_interaction,1.0,opencv_haar_e1,0.4404591917991638,0.5573398470878601,Face,17956,0.6975793838500977,Body,,,,,-0.03888048833131495,,12345,0.25939269939971
,,0.6132718324661255,mask_Body_pure_random_02_mean,pure_matched_random,756,0.3738459050655365,E3_interaction,0.0,opencv_haar_e1,0.35424861311912537,0.7979605197906494,Face,42025,0.7204974889755249,Body,,,,,-0.10864820319597608,,12345,0.42678371242258994
,,0.7500518560409546,mask_Body_pure_random_02_mean,pure_matched_random,781,0.3075340986251831,E3_interaction,1.0,opencv_haar_e1,0.02783440425992012,0.6999044418334961,Face,16641,0.6390671133995056,Body,,,,,-0.0017809990316295272,,12345,0.38100138655974675
,,0.48683756589889526,mask_Body_pure_random_02_mean,pure_matched_random,789,0.08580602705478668,E3_interaction,0.0,opencv_haar_e1,0.28949376940727234,0.6737688779830933,Face,17424,0.6754096746444702,Body,,,,,0.1426653124953801,,12345,0.2280691402640669
,,0.5426994562149048,mask_Body_pure_random_02_mean,pure_matched_random,973,0.25818300247192383,E3_interaction,0.0,opencv_haar_e1,0.20668324828147888,0.8304508328437805,Face,52900,0.7424483299255371,Body,,,,,-0.07054345287692866,,12345,0.36637557873995613
,,0.4456620514392853,mask_Body_pure_random_03_mean,pure_matched_random,158,0.20360323786735535,E3_interaction,1.0,opencv_haar_e1,0.21408556401729584,0.7253028154373169,Face,33856,0.7822815179824829,Body,,,,,-0.11695775283409804,,12345,0.2407134412114227
,,0.52394038438797,mask_Body_pure_random_03_mean,pure_matched_random,287,0.19213639199733734,E3_interaction,0.0,opencv_haar_e1,0.15432395040988922,0.8271801471710205,Face,32761,0.7220867276191711,Body,,,,,0.059722433136335795,,12345,0.3431786112341172
,,0.5483002662658691,mask_Body_pure_random_03_mean,pure_matched_random,415,0.23788142204284668,E3_interaction,0.0,opencv_haar_e1,0.26329416036605835,0.7027826309204102,Face,30625,0.6395179033279419,Body,,,,,-0.11158947318061467,,12345,0.5379001239573209
,,0.42503586411476135,mask_Body_pure_random_03_mean,pure_matched_random,465,0.23411107063293457,E3_interaction,1.0,opencv_haar_e1,0.24400341510772705,0.8009538650512695,Face,24649,0.6935252547264099,Body,,,,,-0.12438818629737669,,12345,0.23682307960393947
,,0.6009934544563293,mask_Body_pure_random_03_mean,pure_matched_random,529,0.202659010887146,E3_interaction,0.0,opencv_haar_e1,0.2885323762893677,0.6603707075119019,Face,17161,0.6792555451393127,Body,,,,,0.0292720420330524,,12345,0.4276528244988301
,,0.6343467831611633,mask_Body_pure_random_03_mean,pure_matched_random,678,0.13372883200645447,E3_interaction,1.0,opencv_haar_e1,0.4569959342479706,0.5687441229820251,Face,17956,0.7002918124198914,Body,,,,,-0.053602632383902206,,12345,0.25637068728086776
,,0.7186959981918335,mask_Body_pure_random_03_mean,pure_matched_random,756,0.4184921383857727,E3_interaction,0.0,opencv_haar_e1,0.4475727379322052,0.7981371283531189,Face,42025,0.7474857568740845,Body,,,,,-0.10452014242961077,,12345,0.45148236809656633
,,0.7070275545120239,mask_Body_pure_random_03_mean,pure_matched_random,781,0.32736527919769287,E3_interaction,1.0,opencv_haar_e1,0.06613625586032867,0.7110404372215271,Face,16641,0.6373577117919922,Body,,,,,-0.02508061336501467,,12345,0.3873909446176744
,,0.49948570132255554,mask_Body_pure_random_03_mean,pure_matched_random,789,0.0847046971321106,E3_interaction,0.0,opencv_haar_e1,0.2971753478050232,0.6649773120880127,Face,17424,0.6772796511650085,Body,,,,,0.1337484039555574,,12345,0.22876590622483223
,,0.5119225382804871,mask_Body_pure_random_03_mean,pure_matched_random,973,0.2544015645980835,E3_interaction,0.0,opencv_haar_e1,0.18952427804470062,0.846843957901001,Face,52900,0.7491224408149719,Body,,,,,-0.0768213118255283,,12345,0.3738135213686772
,,0.42680636048316956,mask_Body_pure_random_04_mean,pure_matched_random,158,0.13736306130886078,E3_interaction,1.0,opencv_haar_e1,0.14511406421661377,0.7264890074729919,Face,33856,0.7973026037216187,Body,,,,,-0.14651333870275315,,12345,0.23684528228931273
,,0.4683683216571808,mask_Body_pure_random_04_mean,pure_matched_random,287,0.20638200640678406,E3_interaction,0.0,opencv_haar_e1,0.09888938069343567,0.8294527530670166,Face,32761,0.7185937166213989,Body,,,,,0.069894191246505,,12345,0.34644418248002457
,,0.5832735896110535,mask_Body_pure_random_04_mean,pure_matched_random,415,0.21709507703781128,E3_interaction,0.0,opencv_haar_e1,0.22951176762580872,0.7044503688812256,Face,30625,0.656652569770813,Body,,,,,-0.10860754538940115,,12345,0.5382323012361891
,,0.3677899241447449,mask_Body_pure_random_04_mean,pure_matched_random,465,0.21997606754302979,E3_interaction,1.0,opencv_haar_e1,0.29134637117385864,0.7752190828323364,Face,24649,0.6904987096786499,Body,,,,,-0.14411972084628943,,12345,0.24401324376390646
,,0.5559614300727844,mask_Body_pure_random_04_mean,pure_matched_random,529,0.22563664615154266,E3_interaction,1.0,opencv_haar_e1,0.31154555082321167,0.663456916809082,Face,17161,0.6796650290489197,Body,,,,,0.0254528720674451,,12345,0.4292310397251243
,,0.6685746908187866,mask_Body_pure_random_04_mean,pure_matched_random,678,0.6074929237365723,E3_interaction,1.0,opencv_haar_e1,0.6567283272743225,0.5947301387786865,Face,17956,0.697092592716217,Body,,,,,-0.17490628861046104,,12345,0.27977221000788105
,,0.7269952297210693,mask_Body_pure_random_04_mean,pure_matched_random,756,0.4128233790397644,E3_interaction,0.0,opencv_haar_e1,0.435017466545105,0.7984954118728638,Face,42025,0.7411232590675354,Body,,,,,-0.10268203414146937,,12345,0.44937111661193946
,,0.7023941874504089,mask_Body_pure_random_04_mean,pure_matched_random,781,0.35887256264686584,E3_interaction,0.0,opencv_haar_e1,0.27068042755126953,0.7235777378082275,Face,16641,0.6746606826782227,Body,,,,,0.02361555815849805,,12345,0.41826384451983323
,,0.5040760636329651,mask_Body_pure_random_04_mean,pure_matched_random,789,0.08261823654174805,E3_interaction,0.0,opencv_haar_e1,0.2715953588485718,0.6653006076812744,Face,17424,0.6774042844772339,Body,,,,,0.13700860411276033,,12345,0.22876359351388562
,,0.5851340293884277,mask_Body_pure_random_04_mean,pure_matched_random,973,0.3316611647605896,E3_interaction,0.0,opencv_haar_e1,0.1652783751487732,0.8301796317100525,Face,52900,0.7420340180397034,Body,,,,,-0.09806874726676225,,12345,0.36059255087626113
,,0.3679707646369934,mask_Body_pure_random_05_mean,pure_matched_random,158,0.1734885573387146,E3_interaction,1.0,opencv_haar_e1,0.0913415178656578,0.7208806276321411,Face,33856,0.7770881652832031,Body,,,,,-0.16723594921263782,,12345,0.22229633558043033
,,0.48693859577178955,mask_Body_pure_random_05_mean,pure_matched_random,287,0.16841436922550201,E3_interaction,0.0,opencv_haar_e1,0.08692243695259094,0.8211185932159424,Face,32761,0.7186101078987122,Body,,,,,0.07716826430144678,,12345,0.34260098947950657
,,0.5533555746078491,mask_Body_pure_random_05_mean,pure_matched_random,415,0.2433006465435028,E3_interaction,0.0,opencv_haar_e1,0.2620983123779297,0.7034730911254883,Face,30625,0.6411024332046509,Body,,,,,-0.10960570879865032,,12345,0.5380616435937193
,,0.42042258381843567,mask_Body_pure_random_05_mean,pure_matched_random,465,0.22467206418514252,E3_interaction,1.0,opencv_haar_e1,0.25817903876304626,0.800064206123352,Face,24649,0.6932076811790466,Body,,,,,-0.1260268529783482,,12345,0.23649854764445896
,,0.5796096324920654,mask_Body_pure_random_05_mean,pure_matched_random,529,0.2114887833595276,E3_interaction,0.0,opencv_haar_e1,0.2893155813217163,0.6635847091674805,Face,17161,0.6776559352874756,Body,,,,,0.028900856242947397,,12345,0.4284620746728011
,,0.6323671936988831,mask_Body_pure_random_05_mean,pure_matched_random,678,0.1656406670808792,E3_interaction,1.0,opencv_haar_e1,0.4656650424003601,0.5636618137359619,Face,17956,0.7013660073280334,Body,,,,,-0.06300615204251481,,12345,0.25656278078936534
,,0.6902804970741272,mask_Body_pure_random_05_mean,pure_matched_random,756,0.4067583680152893,E3_interaction,0.0,opencv_haar_e1,0.4286353886127472,0.7949053049087524,Face,42025,0.7417845129966736,Body,,,,,-0.10631216512594678,,12345,0.44743047745947245
,,0.7153759002685547,mask_Body_pure_random_05_mean,pure_matched_random,781,0.29055482149124146,E3_interaction,1.0,opencv_haar_e1,0.051525991410017014,0.7057828903198242,Face,16641,0.6336452960968018,Body,,,,,-0.028789251765731647,,12345,0.38725166251315923
,,0.5062676668167114,mask_Body_pure_random_05_mean,pure_matched_random,789,0.07840065658092499,E3_interaction,0.0,opencv_haar_e1,0.265116810798645,0.6653523445129395,Face,17424,0.6779873967170715,Body,,,,,0.13510941792082382,,12345,0.22845479907725738
,,0.4888835549354553,mask_Body_pure_random_05_mean,pure_matched_random,973,0.196562260389328,E3_interaction,0.0,opencv_haar_e1,0.1873181313276291,0.8448102474212646,Face,52900,0.7491419315338135,Body,,,,,-0.08689641093845124,,12345,0.37006642165833586
,,0.4134334325790405,mask_Face_mean,target_roi,158,0.141388401389122,E3_interaction,1.0,opencv_haar_e1,0.07903605699539185,0.7186458110809326,Face,33856,0.7718362212181091,Face,,,,,-0.17368017189873813,,12345,0.2208327914741584
,,0.4976150095462799,mask_Face_mean,target_roi,287,0.1376868337392807,E3_interaction,0.0,opencv_haar_e1,0.1097351685166359,0.8317701816558838,Face,32761,0.7246325016021729,Face,,,,,0.05034493295868015,,12345,0.35825076837874453
,,0.5386171936988831,mask_Face_mean,target_roi,415,0.2429235875606537,E3_interaction,0.0,opencv_haar_e1,0.22129032015800476,0.702092707157135,Face,30625,0.6504877209663391,Face,,,,,-0.0968839359354801,,12345,0.5376330881383393
,,0.42064523696899414,mask_Face_mean,target_roi,465,0.20173127949237823,E3_interaction,0.0,opencv_haar_e1,0.2813267409801483,0.7990331053733826,Face,24649,0.6966612935066223,Face,,,,,-0.13081975193070947,,12345,0.236011079933342
,,0.6241698861122131,mask_Face_mean,target_roi,529,0.23413045704364777,E3_interaction,1.0,opencv_haar_e1,0.2843540906906128,0.6554491519927979,Face,17161,0.6741673350334167,Face,,,,,0.03506362737952926,,12345,0.4240288470218234
,,0.5938095450401306,mask_Face_mean,target_roi,678,0.08686614036560059,E3_interaction,1.0,opencv_haar_e1,0.4321202337741852,0.5610219240188599,Face,17956,0.6987826824188232,Face,,,,,-0.04992702254004846,,12345,0.25806370181103827
,,0.6228634119033813,mask_Face_mean,target_roi,756,0.38821107149124146,E3_interaction,0.0,opencv_haar_e1,0.3880452513694763,0.8029821515083313,Face,42025,0.7368431091308594,Face,,,,,-0.11929986430619614,,12345,0.43869675791605844
,,0.7322779893875122,mask_Face_mean,target_roi,781,0.32926222681999207,E3_interaction,0.0,opencv_haar_e1,0.12313156574964523,0.6962565779685974,Face,16641,0.6459342837333679,Face,,,,,0.0011466228632083697,,12345,0.3970448882304001
,,0.5110636353492737,mask_Face_mean,target_roi,789,0.0888046845793724,E3_interaction,0.0,opencv_haar_e1,0.2978072166442871,0.6756821274757385,Face,17424,0.6770801544189453,Face,,,,,0.14090948900513853,,12345,0.2291334815628003
,,0.5389006733894348,mask_Face_mean,target_roi,973,0.26758313179016113,E3_interaction,0.0,opencv_haar_e1,0.21312662959098816,0.8341274261474609,Face,52900,0.7446771860122681,Face,,,,,-0.0715910020271136,,12345,0.3662513096775326
,,0.4167327582836151,mask_Face_pure_random_01_mean,pure_matched_random,158,0.17281264066696167,E3_interaction,1.0,opencv_haar_e1,0.17566923797130585,0.7078904509544373,Face,33856,0.7725017070770264,Face,,,,,-0.1435251072825366,,12345,0.21397837270241044
,,0.5013022422790527,mask_Face_pure_random_01_mean,pure_matched_random,287,0.13200068473815918,E3_interaction,0.0,opencv_haar_e1,0.13197045028209686,0.8338226079940796,Face,32761,0.7255996465682983,Face,,,,,0.05516906956757999,,12345,0.36140631719402305
,,0.5379481315612793,mask_Face_pure_random_01_mean,pure_matched_random,415,0.20015257596969604,E3_interaction,0.0,opencv_haar_e1,0.23242715001106262,0.700958251953125,Face,30625,0.6550619602203369,Face,,,,,-0.09189904915102169,,12345,0.5346503733787995
,,0.3774152100086212,mask_Face_pure_random_01_mean,pure_matched_random,465,0.19693459570407867,E3_interaction,1.0,opencv_haar_e1,0.1673332154750824,0.79791259765625,Face,24649,0.7078704833984375,Face,,,,,-0.10560748679584787,,12345,0.23834475431271734
,,0.6383025646209717,mask_Face_pure_random_01_mean,pure_matched_random,529,0.23517827689647675,E3_interaction,1.0,opencv_haar_e1,0.29081618785858154,0.6543012261390686,Face,17161,0.671650767326355,Face,,,,,0.03814305925635726,,12345,0.4234743007308847
,,0.578348696231842,mask_Face_pure_random_01_mean,pure_matched_random,678,0.08693727850914001,E3_interaction,1.0,opencv_haar_e1,0.4371127188205719,0.5628650188446045,Face,17956,0.6996104121208191,Face,,,,,-0.04870204341909963,,12345,0.2562867606030266
,,0.6628073453903198,mask_Face_pure_random_01_mean,pure_matched_random,756,0.39197179675102234,E3_interaction,0.0,opencv_haar_e1,0.35141944885253906,0.8022383451461792,Face,42025,0.7417417168617249,Face,,,,,-0.12173119769312041,,12345,0.44262287599558603
,,0.7246015071868896,mask_Face_pure_random_01_mean,pure_matched_random,781,0.3360101878643036,E3_interaction,0.0,opencv_haar_e1,0.0997355505824089,0.6982816457748413,Face,16641,0.6466495394706726,Face,,,,,0.003504830306946977,,12345,0.40140331489180153
,,0.49357202649116516,mask_Face_pure_random_01_mean,pure_matched_random,789,0.10814926773309708,E3_interaction,0.0,opencv_haar_e1,0.3045533299446106,0.6673266887664795,Face,17424,0.6689679622650146,Face,,,,,0.13456557712800338,,12345,0.22722072330647228
,,0.5457888245582581,mask_Face_pure_random_01_mean,pure_matched_random,973,0.26685094833374023,E3_interaction,0.0,opencv_haar_e1,0.2121766358613968,0.8336296081542969,Face,52900,0.7451497912406921,Face,,,,,-0.07412691006530546,,12345,0.36606268887218424
,,0.3978148102760315,mask_Face_pure_random_02_mean,pure_matched_random,158,0.16922733187675476,E3_interaction,1.0,opencv_haar_e1,0.10553193092346191,0.7212315201759338,Face,33856,0.7749671936035156,Face,,,,,-0.17910964754888667,,12345,0.2349244122032031
,,0.490727961063385,mask_Face_pure_random_02_mean,pure_matched_random,287,0.12708881497383118,E3_interaction,0.0,opencv_haar_e1,0.10409986972808838,0.8341938257217407,Face,32761,0.7261296510696411,Face,,,,,0.05421455385463977,,12345,0.3605865689263077
,,0.5808166861534119,mask_Face_pure_random_02_mean,pure_matched_random,415,0.24546536803245544,E3_interaction,0.0,opencv_haar_e1,0.2454591989517212,0.7025664448738098,Face,30625,0.6485461592674255,Face,,,,,-0.07969087405671799,,12345,0.5363446740221253
,,0.4130367338657379,mask_Face_pure_random_02_mean,pure_matched_random,465,0.16482023894786835,E3_interaction,1.0,opencv_haar_e1,0.23512548208236694,0.8076067566871643,Face,24649,0.6948370933532715,Face,,,,,-0.1104134836608404,,12345,0.2287367245100547
,,0.626657247543335,mask_Face_pure_random_02_mean,pure_matched_random,529,0.23151975870132446,E3_interaction,0.0,opencv_haar_e1,0.3151368200778961,0.6567196249961853,Face,17161,0.6664032936096191,Face,,,,,0.03656877541683647,,12345,0.42688516095208395
,,0.5771468281745911,mask_Face_pure_random_02_mean,pure_matched_random,678,0.1579301655292511,E3_interaction,1.0,opencv_haar_e1,0.28159454464912415,0.5433550477027893,Face,17956,0.6969876289367676,Face,,,,,-0.06344292881375267,,12345,0.256322077338307
,,0.704983651638031,mask_Face_pure_random_02_mean,pure_matched_random,756,0.33797022700309753,E3_interaction,0.0,opencv_haar_e1,0.4287959337234497,0.7962981462478638,Face,42025,0.7243069410324097,Face,,,,,-0.10660793286488408,,12345,0.42680882536988823
,,0.7101069092750549,mask_Face_pure_random_02_mean,pure_matched_random,781,0.34084999561309814,E3_interaction,1.0,opencv_haar_e1,0.08514058589935303,0.6883640289306641,Face,16641,0.6553947329521179,Face,,,,,0.0313756658650352,,12345,0.41067909982746476
,,0.5269960761070251,mask_Face_pure_random_02_mean,pure_matched_random,789,0.12173973768949509,E3_interaction,0.0,opencv_haar_e1,0.4914262294769287,0.6658955216407776,Face,17424,0.6931560039520264,Face,,,,,0.13847702634805506,,12345,0.22435723272828123
,,0.5409454107284546,mask_Face_pure_random_02_mean,pure_matched_random,973,0.303622841835022,E3_interaction,0.0,opencv_haar_e1,0.2770819067955017,0.8328637480735779,Face,52900,0.7472609281539917,Face,,,,,-0.0709017148951715,,12345,0.3743575932108292
,,0.41710472106933594,mask_Face_pure_random_03_mean,pure_matched_random,158,0.20449668169021606,E3_interaction,1.0,opencv_haar_e1,0.17190565168857574,0.7290478944778442,Face,33856,0.7673177719116211,Face,,,,,-0.14930036666829283,,12345,0.22925177130903981
,,0.48378995060920715,mask_Face_pure_random_03_mean,pure_matched_random,287,0.13412445783615112,E3_interaction,0.0,opencv_haar_e1,0.12374761700630188,0.8346575498580933,Face,32761,0.7269457578659058,Face,,,,,0.05453845960280737,,12345,0.3605479145486611
,,0.5587430000305176,mask_Face_pure_random_03_mean,pure_matched_random,415,0.26853275299072266,E3_interaction,0.0,opencv_haar_e1,0.2624475657939911,0.7505128979682922,Face,30625,0.6393150687217712,Face,,,,,-0.1487203594036471,,12345,0.563785854414777
,,0.4025098979473114,mask_Face_pure_random_03_mean,pure_matched_random,465,0.19482465088367462,E3_interaction,1.0,opencv_haar_e1,0.2585332691669464,0.8091425895690918,Face,24649,0.6964676976203918,Face,,,,,-0.10975467531142731,,12345,0.22944587917485987
,,0.6314144134521484,mask_Face_pure_random_03_mean,pure_matched_random,529,0.24021409451961517,E3_interaction,1.0,opencv_haar_e1,0.2795948386192322,0.6541494131088257,Face,17161,0.6736825108528137,Face,,,,,0.03327010107298098,,12345,0.4241231732595415
,,0.5681989789009094,mask_Face_pure_random_03_mean,pure_matched_random,678,0.08997991681098938,E3_interaction,1.0,opencv_haar_e1,0.4403935670852661,0.5606421232223511,Face,17956,0.7025974988937378,Face,,,,,-0.047990772568433454,,12345,0.253909571121893
,,0.6532947421073914,mask_Face_pure_random_03_mean,pure_matched_random,756,0.3453359603881836,E3_interaction,0.0,opencv_haar_e1,0.344488263130188,0.8000113368034363,Face,42025,0.7336786985397339,Face,,,,,-0.12021428322546775,,12345,0.4363659931335345
,,0.7453091740608215,mask_Face_pure_random_03_mean,pure_matched_random,781,0.279186487197876,E3_interaction,0.0,opencv_haar_e1,0.11952292919158936,0.6968816518783569,Face,16641,0.6567155122756958,Face,,,,,0.031194461481085612,,12345,0.4139819494285612
,,0.49360349774360657,mask_Face_pure_random_03_mean,pure_matched_random,789,0.1117682009935379,E3_interaction,0.0,opencv_haar_e1,0.3104398250579834,0.667563796043396,Face,17424,0.668083906173706,Face,,,,,0.13321139958311465,,12345,0.22778259705683512
,,0.5641985535621643,mask_Face_pure_random_03_mean,pure_matched_random,973,0.35600337386131287,E3_interaction,0.0,opencv_haar_e1,0.28167039155960083,0.7937174439430237,Face,52900,0.7355257272720337,Face,,,,,-0.06612846521790111,,12345,0.35659737790574264
,,0.4284517467021942,mask_Face_pure_random_04_mean,pure_matched_random,158,0.19626690447330475,E3_interaction,1.0,opencv_haar_e1,0.21033254265785217,0.7159369587898254,Face,33856,0.7781239748001099,Face,,,,,-0.13350752960707798,,12345,0.24970999076677
,,0.4953206181526184,mask_Face_pure_random_04_mean,pure_matched_random,287,0.18349875509738922,E3_interaction,1.0,opencv_haar_e1,0.051314033567905426,0.8382228016853333,Face,32761,0.7336556911468506,Face,,,,,0.03575526730221843,,12345,0.3525918861028683
,,0.5373517870903015,mask_Face_pure_random_04_mean,pure_matched_random,415,0.2501090466976166,E3_interaction,0.0,opencv_haar_e1,0.2011641561985016,0.7086610198020935,Face,30625,0.6558093428611755,Face,,,,,-0.07238083527527622,,12345,0.5294092530453707
,,0.3586508333683014,mask_Face_pure_random_04_mean,pure_matched_random,465,0.21876372396945953,E3_interaction,1.0,opencv_haar_e1,0.2931166887283325,0.7977927923202515,Face,24649,0.6897072196006775,Face,,,,,-0.1406301986416376,,12345,0.23089786466036302
,,0.6073933839797974,mask_Face_pure_random_04_mean,pure_matched_random,529,0.2524777352809906,E3_interaction,1.0,opencv_haar_e1,0.3489472270011902,0.6578274965286255,Face,17161,0.6680475473403931,Face,,,,,0.06089935870448024,,12345,0.40862593398612096
,,0.5842316746711731,mask_Face_pure_random_04_mean,pure_matched_random,678,0.15120264887809753,E3_interaction,1.0,opencv_haar_e1,0.42712706327438354,0.5681944489479065,Face,17956,0.6966209411621094,Face,,,,,-0.04161184789692325,,12345,0.24907991906834473
,,0.6913853287696838,mask_Face_pure_random_04_mean,pure_matched_random,756,0.33743011951446533,E3_interaction,0.0,opencv_haar_e1,0.3906711935997009,0.800950288772583,Face,42025,0.7394896149635315,Face,,,,,-0.11634211443645352,,12345,0.4429374017726693
,,0.6902138590812683,mask_Face_pure_random_04_mean,pure_matched_random,781,0.30354297161102295,E3_interaction,1.0,opencv_haar_e1,0.06787875294685364,0.7086135745048523,Face,16641,0.6581792235374451,Face,,,,,-0.00021135356787669365,,12345,0.4011556994411011
,,0.5162107348442078,mask_Face_pure_random_04_mean,pure_matched_random,789,0.09364504367113113,E3_interaction,0.0,opencv_haar_e1,0.1540885865688324,0.6650055050849915,Face,17424,0.6825518608093262,Face,,,,,0.12660171153502148,,12345,0.2232320195413215
,,0.5488589406013489,mask_Face_pure_random_04_mean,pure_matched_random,973,0.26714593172073364,E3_interaction,0.0,opencv_haar_e1,0.2093110978603363,0.8305569291114807,Face,52900,0.7403058409690857,Face,,,,,-0.06223834513181221,,12345,0.3706367994831766
,,0.43843981623649597,mask_Face_pure_random_05_mean,pure_matched_random,158,0.20055648684501648,E3_interaction,1.0,opencv_haar_e1,0.07206505537033081,0.731076180934906,Face,33856,0.7760924696922302,Face,,,,,-0.1764617296079001,,12345,0.2193231327679164
,,0.4849088788032532,mask_Face_pure_random_05_mean,pure_matched_random,287,0.13870564103126526,E3_interaction,0.0,opencv_haar_e1,0.12525703012943268,0.8299927711486816,Face,32761,0.7256412506103516,Face,,,,,0.0483411361907848,,12345,0.357503186241291
,,0.5611513257026672,mask_Face_pure_random_05_mean,pure_matched_random,415,0.23443111777305603,E3_interaction,0.0,opencv_haar_e1,0.21089792251586914,0.707484245300293,Face,30625,0.6336930990219116,Face,,,,,-0.09326043667216125,,12345,0.535887060567712
,,0.4038366973400116,mask_Face_pure_random_05_mean,pure_matched_random,465,0.18627116084098816,E3_interaction,0.0,opencv_haar_e1,0.32639744877815247,0.7918320894241333,Face,24649,0.6941289305686951,Face,,,,,-0.13963153315962284,,12345,0.23684019109385546
,,0.6214032769203186,mask_Face_pure_random_05_mean,pure_matched_random,529,0.24448898434638977,E3_interaction,1.0,opencv_haar_e1,0.27621328830718994,0.6556640863418579,Face,17161,0.6737711429595947,Face,,,,,0.03280245874795378,,12345,0.4234067285249824
,,0.590463399887085,mask_Face_pure_random_05_mean,pure_matched_random,678,0.10792545229196548,E3_interaction,1.0,opencv_haar_e1,0.42004066705703735,0.5591655969619751,Face,17956,0.6949442625045776,Face,,,,,-0.039675911034310646,,12345,0.25927932668088866
,,0.6278858780860901,mask_Face_pure_random_05_mean,pure_matched_random,756,0.3302082121372223,E3_interaction,0.0,opencv_haar_e1,0.4069157838821411,0.7963035106658936,Face,42025,0.7331011295318604,Face,,,,,-0.12337015429671348,,12345,0.4374879868095036
,,0.7025291323661804,mask_Face_pure_random_05_mean,pure_matched_random,781,0.32969266176223755,E3_interaction,0.0,opencv_haar_e1,0.07415491342544556,0.6863257884979248,Face,16641,0.6422328352928162,Face,,,,,0.00769423973569008,,12345,0.3904915794090934
,,0.4882010817527771,mask_Face_pure_random_05_mean,pure_matched_random,789,0.08963245153427124,E3_interaction,0.0,opencv_haar_e1,0.30207061767578125,0.670242428779602,Face,17424,0.679074764251709,Face,,,,,0.14151108629807885,,12345,0.22824269211579776
,,0.5740547776222229,mask_Face_pure_random_05_mean,pure_matched_random,973,0.34026795625686646,E3_interaction,0.0,opencv_haar_e1,0.2787701487541199,0.7963511943817139,Face,52900,0.7395150661468506,Face,,,,,-0.065081913784075,,12345,0.3565692562164678
,,0.4416591227054596,mask_Scene_mean,target_roi,158,0.08557943999767303,E3_interaction,1.0,opencv_haar_e1,0.2509179413318634,0.7470666170120239,Face,33856,0.8123351335525513,Scene,,,,,-0.09940773384795844,,12345,0.2645986415206967
,,0.48482733964920044,mask_Scene_mean,target_roi,287,0.13044846057891846,E3_interaction,0.0,opencv_haar_e1,0.12400291860103607,0.8343356251716614,Face,32761,0.7298846244812012,Scene,,,,,0.04469953263695205,,12345,0.3578783877365852
,,0.5745629072189331,mask_Scene_mean,target_roi,415,0.1988319754600525,E3_interaction,0.0,opencv_haar_e1,0.20679816603660583,0.7010055184364319,Face,30625,0.651415228843689,Scene,,,,,-0.06135461593534191,,12345,0.5361920104693335
,,0.3895489573478699,mask_Scene_mean,target_roi,465,0.14365537464618683,E3_interaction,0.0,opencv_haar_e1,0.3381500244140625,0.7937995791435242,Face,24649,0.7005435228347778,Scene,,,,,-0.1759154261280881,,12345,0.23704715853316602
,,0.6055818200111389,mask_Scene_mean,target_roi,529,0.22432520985603333,E3_interaction,1.0,opencv_haar_e1,0.2886272072792053,0.6593713760375977,Face,17161,0.6724952459335327,Scene,,,,,0.030921241060871588,,12345,0.42267638694314147
,,0.7092576622962952,mask_Scene_mean,target_roi,678,0.44255393743515015,E3_interaction,0.0,opencv_haar_e1,0.7168537378311157,0.5894241333007812,Face,17956,0.6941317319869995,Scene,,,,,-0.181833587095367,,12345,0.2752949456614343
,,0.6288576722145081,mask_Scene_mean,target_roi,756,0.4823719561100006,E3_interaction,0.0,opencv_haar_e1,0.4156341850757599,0.8159089684486389,Face,42025,0.7576130032539368,Scene,,,,,-0.10914451854669449,,12345,0.44054832169555025
,,0.7228434681892395,mask_Scene_mean,target_roi,781,0.3644024729728699,E3_interaction,0.0,opencv_haar_e1,0.0865354835987091,0.8237785696983337,Face,16641,0.7081900238990784,Scene,,,,,0.041854564483985744,,12345,0.2951226350832541
,,0.5031750798225403,mask_Scene_mean,target_roi,789,0.09142877906560898,E3_interaction,0.0,opencv_haar_e1,0.29240429401397705,0.6728991270065308,Face,17424,0.673524796962738,Scene,,,,,0.14123230679145016,,12345,0.2288462547989304
,,0.6509270071983337,mask_Scene_mean,target_roi,973,0.1990680992603302,E3_interaction,0.0,opencv_haar_e1,0.20825450122356415,0.8244470953941345,Face,52900,0.7445984482765198,Scene,,,,,-0.11815732060976993,,12345,0.35837343166700525
,,0.44081974029541016,mask_Scene_pure_random_01_mean,pure_matched_random,158,0.12785521149635315,E3_interaction,1.0,opencv_haar_e1,0.1278897374868393,0.734563946723938,Face,33856,0.7820984125137329,Scene,,,,,-0.11143416300325149,,12345,0.24399005208803748
,,0.5471216440200806,mask_Scene_pure_random_01_mean,pure_matched_random,287,0.2077016830444336,E3_interaction,0.0,opencv_haar_e1,0.10482621192932129,0.8126566410064697,Face,32761,0.7125931978225708,Scene,,,,,0.06322236934139477,,12345,0.3320120494816591
,,0.5774480700492859,mask_Scene_pure_random_01_mean,pure_matched_random,415,0.180486798286438,E3_interaction,0.0,opencv_haar_e1,0.27562353014945984,0.6997799873352051,Face,30625,0.672505259513855,Scene,,,,,-0.07850615509325924,,12345,0.5044476918742875
,,0.4306839108467102,mask_Scene_pure_random_01_mean,pure_matched_random,465,0.19931955635547638,E3_interaction,0.0,opencv_haar_e1,0.2986801266670227,0.7920931577682495,Face,24649,0.6900886297225952,Scene,,,,,-0.1378856030466853,,12345,0.23208647208052968
,,0.6122100949287415,mask_Scene_pure_random_01_mean,pure_matched_random,529,0.22850851714611053,E3_interaction,0.0,opencv_haar_e1,0.26356178522109985,0.6571691036224365,Face,17161,0.6809614300727844,Scene,,,,,0.03787086294717503,,12345,0.4225029405143285
,,0.6147449612617493,mask_Scene_pure_random_01_mean,pure_matched_random,678,0.1360698640346527,E3_interaction,1.0,opencv_haar_e1,0.45740699768066406,0.5590108036994934,Face,17956,0.6967594623565674,Scene,,,,,-0.03717425584790434,,12345,0.2611882758495577
,,0.686449408531189,mask_Scene_pure_random_01_mean,pure_matched_random,756,0.3743789792060852,E3_interaction,0.0,opencv_haar_e1,0.3243408203125,0.796791136264801,Face,42025,0.7383553385734558,Scene,,,,,-0.12339489183257195,,12345,0.44083959215022483
,,0.7253537774085999,mask_Scene_pure_random_01_mean,pure_matched_random,781,0.3203331232070923,E3_interaction,0.0,opencv_haar_e1,0.041281312704086304,0.693686842918396,Face,16641,0.6420630216598511,Scene,,,,,0.012200090983161662,,12345,0.3920468338328698
,,0.5126791596412659,mask_Scene_pure_random_01_mean,pure_matched_random,789,0.09277960658073425,E3_interaction,0.0,opencv_haar_e1,0.26213786005973816,0.6708967089653015,Face,17424,0.6699090003967285,Scene,,,,,0.13776176640738555,,12345,0.22495557455537551
,,0.5561679005622864,mask_Scene_pure_random_01_mean,pure_matched_random,973,0.2745916247367859,E3_interaction,0.0,opencv_haar_e1,0.21609288454055786,0.8314236998558044,Face,52900,0.7468146085739136,Scene,,,,,-0.0726164712928612,,12345,0.36735001634431574
,,0.4141492247581482,mask_Scene_pure_random_02_mean,pure_matched_random,158,0.15095874667167664,E3_interaction,1.0,opencv_haar_e1,0.11641095578670502,0.7231507301330566,Face,33856,0.7738033533096313,Scene,,,,,-0.17092267156377286,,12345,0.21967758554419176
,,0.48098471760749817,mask_Scene_pure_random_02_mean,pure_matched_random,287,0.1355661153793335,E3_interaction,0.0,opencv_haar_e1,0.13496994972229004,0.8290392160415649,Face,32761,0.7249979376792908,Scene,,,,,0.049852693139576645,,12345,0.35741866169834785
,,0.5740749835968018,mask_Scene_pure_random_02_mean,pure_matched_random,415,0.22180357575416565,E3_interaction,0.0,opencv_haar_e1,0.2260522097349167,0.6996555328369141,Face,30625,0.6508197784423828,Scene,,,,,-0.08820586005204838,,12345,0.5335402916335432
,,0.4249133765697479,mask_Scene_pure_random_02_mean,pure_matched_random,465,0.20575062930583954,E3_interaction,0.0,opencv_haar_e1,0.3132530152797699,0.7921120524406433,Face,24649,0.6941897869110107,Scene,,,,,-0.133655887771175,,12345,0.23572475384119781
,,0.6192299723625183,mask_Scene_pure_random_02_mean,pure_matched_random,529,0.23819488286972046,E3_interaction,1.0,opencv_haar_e1,0.27764251828193665,0.6537182331085205,Face,17161,0.6730929613113403,Scene,,,,,0.034866594344354684,,12345,0.42435430636304194
,,0.5828089714050293,mask_Scene_pure_random_02_mean,pure_matched_random,678,0.07722507417201996,E3_interaction,1.0,opencv_haar_e1,0.43087729811668396,0.5610126256942749,Face,17956,0.698557436466217,Scene,,,,,-0.04992331682112761,,12345,0.2579685500694689
,,0.6363898515701294,mask_Scene_pure_random_02_mean,pure_matched_random,756,0.3521515727043152,E3_interaction,0.0,opencv_haar_e1,0.4440683126449585,0.8004209995269775,Face,42025,0.7217617034912109,Scene,,,,,-0.11212562099888472,,12345,0.4425158465508238
,,0.7124003171920776,mask_Scene_pure_random_02_mean,pure_matched_random,781,0.28619953989982605,E3_interaction,1.0,opencv_haar_e1,0.08437331765890121,0.711147665977478,Face,16641,0.6661202311515808,Scene,,,,,0.05220810203474277,,12345,0.4184134465783723
,,0.4908562898635864,mask_Scene_pure_random_02_mean,pure_matched_random,789,0.08977362513542175,E3_interaction,0.0,opencv_haar_e1,0.2919040322303772,0.6710805892944336,Face,17424,0.6789798140525818,Scene,,,,,0.14092064530738901,,12345,0.22874165386515638
,,0.5067653059959412,mask_Scene_pure_random_02_mean,pure_matched_random,973,0.24427086114883423,E3_interaction,0.0,opencv_haar_e1,0.2184571921825409,0.8253372311592102,Face,52900,0.7458999752998352,Scene,,,,,-0.0746226475542633,,12345,0.374672070786237
,,0.4159233868122101,mask_Scene_pure_random_03_mean,pure_matched_random,158,0.14650008082389832,E3_interaction,1.0,opencv_haar_e1,0.10756056755781174,0.7243351340293884,Face,33856,0.7746193408966064,Scene,,,,,-0.16921656310603767,,12345,0.22144261136497925
,,0.49877387285232544,mask_Scene_pure_random_03_mean,pure_matched_random,287,0.13464011251926422,E3_interaction,1.0,opencv_haar_e1,0.1107843890786171,0.832557201385498,Face,32761,0.7249956727027893,Scene,,,,,0.04958674405794293,,12345,0.35782187438418755
,,0.576102614402771,mask_Scene_pure_random_03_mean,pure_matched_random,415,0.22677074372768402,E3_interaction,0.0,opencv_haar_e1,0.22445817291736603,0.7030887603759766,Face,30625,0.6495123505592346,Scene,,,,,-0.09838515600609565,,12345,0.5392783354941313
,,0.4426634609699249,mask_Scene_pure_random_03_mean,pure_matched_random,465,0.19437633454799652,E3_interaction,1.0,opencv_haar_e1,0.294329971075058,0.7973026037216187,Face,24649,0.7025080323219299,Scene,,,,,-0.11540031225249901,,12345,0.24077884068652974
,,0.6204127073287964,mask_Scene_pure_random_03_mean,pure_matched_random,529,0.23295442759990692,E3_interaction,1.0,opencv_haar_e1,0.2767947018146515,0.6546171307563782,Face,17161,0.6769752502441406,Scene,,,,,0.03610935292266179,,12345,0.4254621241896844
,,0.5817341208457947,mask_Scene_pure_random_03_mean,pure_matched_random,678,0.10276754945516586,E3_interaction,1.0,opencv_haar_e1,0.4343637526035309,0.5613914728164673,Face,17956,0.6972401142120361,Scene,,,,,-0.04653428743191645,,12345,0.25929974990794685
,,0.6900424361228943,mask_Scene_pure_random_03_mean,pure_matched_random,756,0.40169757604599,E3_interaction,0.0,opencv_haar_e1,0.4223676919937134,0.7974086999893188,Face,42025,0.7419185042381287,Scene,,,,,-0.11121659757755985,,12345,0.4589763612092147
,,0.7154775261878967,mask_Scene_pure_random_03_mean,pure_matched_random,781,0.3038453459739685,E3_interaction,0.0,opencv_haar_e1,0.026704497635364532,0.698300302028656,Face,16641,0.6385225653648376,Scene,,,,,-0.015948697005460113,,12345,0.39362106789513707
,,0.5066429376602173,mask_Scene_pure_random_03_mean,pure_matched_random,789,0.09408211708068848,E3_interaction,0.0,opencv_haar_e1,0.28836822509765625,0.674991250038147,Face,17424,0.6767616271972656,Scene,,,,,0.14145864149899454,,12345,0.22952267870415433
,,0.544172465801239,mask_Scene_pure_random_03_mean,pure_matched_random,973,0.2698575556278229,E3_interaction,0.0,opencv_haar_e1,0.21122655272483826,0.8341926336288452,Face,52900,0.7450655698776245,Scene,,,,,-0.07024316068207617,,12345,0.3669248750384278
,,0.3723297417163849,mask_Scene_pure_random_04_mean,pure_matched_random,158,0.1655692607164383,E3_interaction,1.0,opencv_haar_e1,0.11560700088739395,0.7207233905792236,Face,33856,0.77171790599823,Scene,,,,,-0.16609173919226097,,12345,0.22046155246169033
,,0.4754469692707062,mask_Scene_pure_random_04_mean,pure_matched_random,287,0.19548086822032928,E3_interaction,0.0,opencv_haar_e1,0.14389729499816895,0.821553647518158,Face,32761,0.7106096148490906,Scene,,,,,0.070158906277445,,12345,0.34679875502761187
,,0.5855868458747864,mask_Scene_pure_random_04_mean,pure_matched_random,415,0.2014227956533432,E3_interaction,0.0,opencv_haar_e1,0.23531681299209595,0.7060811519622803,Face,30625,0.6418094038963318,Scene,,,,,-0.1157991267667819,,12345,0.5390914862598103
,,0.40837305784225464,mask_Scene_pure_random_04_mean,pure_matched_random,465,0.22213634848594666,E3_interaction,1.0,opencv_haar_e1,0.27713996171951294,0.8007983565330505,Face,24649,0.6933775544166565,Scene,,,,,-0.12280634613456717,,12345,0.23647913164367704
,,0.6075377464294434,mask_Scene_pure_random_04_mean,pure_matched_random,529,0.283097505569458,E3_interaction,0.0,opencv_haar_e1,0.26102206110954285,0.6651855707168579,Face,17161,0.6704149842262268,Scene,,,,,0.03916042137219677,,12345,0.4297764241604917
,,0.6365042328834534,mask_Scene_pure_random_04_mean,pure_matched_random,678,0.171590194106102,E3_interaction,1.0,opencv_haar_e1,0.47169438004493713,0.5625256299972534,Face,17956,0.6992995142936707,Scene,,,,,-0.06854242998741175,,12345,0.2594723982797274
,,0.6888781785964966,mask_Scene_pure_random_04_mean,pure_matched_random,756,0.4335559606552124,E3_interaction,0.0,opencv_haar_e1,0.41915857791900635,0.7944783568382263,Face,42025,0.7415333390235901,Scene,,,,,-0.10791057927570404,,12345,0.4492628588393227
,,0.6564946174621582,mask_Scene_pure_random_04_mean,pure_matched_random,781,0.30341053009033203,E3_interaction,1.0,opencv_haar_e1,0.033892761915922165,0.7036041617393494,Face,16641,0.6663100719451904,Scene,,,,,-0.004057772221102015,,12345,0.4290608507585363
,,0.4998704791069031,mask_Scene_pure_random_04_mean,pure_matched_random,789,0.07997586578130722,E3_interaction,0.0,opencv_haar_e1,0.27224794030189514,0.6640685796737671,Face,17424,0.6801686882972717,Scene,,,,,0.13546573608075993,,12345,0.22851370653056366
,,0.5262351036071777,mask_Scene_pure_random_04_mean,pure_matched_random,973,0.1792990267276764,E3_interaction,0.0,opencv_haar_e1,0.1948561668395996,0.8508429527282715,Face,52900,0.7485727667808533,Scene,,,,,-0.0769967692780529,,12345,0.3783885455285629
,,0.4062829613685608,mask_Scene_pure_random_05_mean,pure_matched_random,158,0.15010854601860046,E3_interaction,1.0,opencv_haar_e1,0.07614297419786453,0.7167339324951172,Face,33856,0.7711111903190613,Scene,,,,,-0.1765224738325846,,12345,0.21952026619459675
,,0.4933428168296814,mask_Scene_pure_random_05_mean,pure_matched_random,287,0.13916318118572235,E3_interaction,0.0,opencv_haar_e1,0.11493467539548874,0.8295919895172119,Face,32761,0.7254929542541504,Scene,,,,,0.04806053613052846,,12345,0.35738662104366364
,,0.5920312404632568,mask_Scene_pure_random_05_mean,pure_matched_random,415,0.2550354301929474,E3_interaction,0.0,opencv_haar_e1,0.2207724153995514,0.7034399509429932,Face,30625,0.6371336579322815,Scene,,,,,-0.10390104952505476,,12345,0.5385071737710521
,,0.441668838262558,mask_Scene_pure_random_05_mean,pure_matched_random,465,0.24285799264907837,E3_interaction,1.0,opencv_haar_e1,0.2885061204433441,0.7990135550498962,Face,24649,0.6954745650291443,Scene,,,,,-0.12174681081853356,,12345,0.23810371045274836
,,0.607519805431366,mask_Scene_pure_random_05_mean,pure_matched_random,529,0.23297160863876343,E3_interaction,1.0,opencv_haar_e1,0.2967725694179535,0.6507897973060608,Face,17161,0.6810276508331299,Scene,,,,,0.042869392494179974,,12345,0.42736275927620604
,,0.578728199005127,mask_Scene_pure_random_05_mean,pure_matched_random,678,0.07701927423477173,E3_interaction,1.0,opencv_haar_e1,0.43324559926986694,0.5607720613479614,Face,17956,0.6972980499267578,Scene,,,,,-0.04978280448338679,,12345,0.2581226134323746
,,0.6619680523872375,mask_Scene_pure_random_05_mean,pure_matched_random,756,0.34442195296287537,E3_interaction,0.0,opencv_haar_e1,0.3708500564098358,0.7982290983200073,Face,42025,0.719333291053772,Scene,,,,,-0.11467343420012845,,12345,0.4319934526536314
,,0.7024104595184326,mask_Scene_pure_random_05_mean,pure_matched_random,781,0.31471899151802063,E3_interaction,0.0,opencv_haar_e1,0.030776454135775566,0.7117093205451965,Face,16641,0.6630160808563232,Scene,,,,,0.004171680091107078,,12345,0.4278397371327252
,,0.509532630443573,mask_Scene_pure_random_05_mean,pure_matched_random,789,0.08796048909425735,E3_interaction,0.0,opencv_haar_e1,0.2745417058467865,0.6748027801513672,Face,17424,0.6760130524635315,Scene,,,,,0.14252700845435123,,12345,0.22889295536535367
,,0.5525947213172913,mask_Scene_pure_random_05_mean,pure_matched_random,973,0.25368446111679077,E3_interaction,0.0,opencv_haar_e1,0.21071404218673706,0.8296530246734619,Face,52900,0.7426994442939758,Scene,,,,,-0.07021678854638144,,12345,0.36541439228502315
,,0.4155861735343933,no_mask,none,158,0.12675678730010986,E3_interaction,1.0,opencv_haar_e1,0.09172680228948593,0.7233550548553467,Face,33856,0.7729016542434692,none,,,,,-0.17304165666007998,,12345,0.22128520713083988
,,0.49426043033599854,no_mask,none,287,0.14112772047519684,E3_interaction,0.0,opencv_haar_e1,0.11098871380090714,0.8305163383483887,Face,32761,0.7255535125732422,none,,,,,0.04858096490553917,,12345,0.3577018346179279
,,0.5286333560943604,no_mask,none,415,0.250287264585495,E3_interaction,0.0,opencv_haar_e1,0.23218600451946259,0.7023121118545532,Face,30625,0.6506620049476624,none,,,,,-0.09667515178340398,,12345,0.5372379786546028
,,0.4359135031700134,no_mask,none,465,0.232976034283638,E3_interaction,1.0,opencv_haar_e1,0.2879501283168793,0.7993501424789429,Face,24649,0.6966588497161865,none,,,,,-0.12671766509080643,,12345,0.2376999399621919
,,0.6299589276313782,no_mask,none,529,0.23512956500053406,E3_interaction,1.0,opencv_haar_e1,0.2786369323730469,0.6563475728034973,Face,17161,0.6784005165100098,none,,,,,0.03488391632792293,,12345,0.425594475209944
,,0.5726999044418335,no_mask,none,678,0.10372084379196167,E3_interaction,1.0,opencv_haar_e1,0.43781253695487976,0.561542272567749,Face,17956,0.6979504823684692,none,,,,,-0.04671807676319623,,12345,0.25916465226883734
,,0.6528425812721252,no_mask,none,756,0.35810741782188416,E3_interaction,0.0,opencv_haar_e1,0.36466413736343384,0.8037539720535278,Face,42025,0.7360385060310364,none,,,,,-0.11654148346446937,,12345,0.4405715666995325
,,0.7278693318367004,no_mask,none,781,0.3291642665863037,E3_interaction,0.0,opencv_haar_e1,0.11531533300876617,0.6968536376953125,Face,16641,0.6471989154815674,none,,,,,0.005920772639721124,,12345,0.4000028935713823
,,0.4892393946647644,no_mask,none,789,0.09410572052001953,E3_interaction,0.0,opencv_haar_e1,0.28745272755622864,0.674533486366272,Face,17424,0.6766179203987122,none,,,,,0.14141374178490626,,12345,0.22854812889963716
,,0.5470852255821228,no_mask,none,973,0.26016777753829956,E3_interaction,0.0,opencv_haar_e1,0.20547251403331757,0.8332717418670654,Face,52900,0.7436922192573547,none,,,,,-0.07107759013264661,,12345,0.3655005521876332
,,0.4155861735343933,no_mask_repeat,none,158,0.12675678730010986,E3_interaction,1.0,opencv_haar_e1,0.09172680228948593,0.7233550548553467,Face,33856,0.7729016542434692,none,,,,,-0.17304165666007998,,12345,0.22128520713083988
,,0.49426043033599854,no_mask_repeat,none,287,0.14112772047519684,E3_interaction,0.0,opencv_haar_e1,0.11098871380090714,0.8305163383483887,Face,32761,0.7255535125732422,none,,,,,0.04858096490553917,,12345,0.3577018346179279
,,0.5286333560943604,no_mask_repeat,none,415,0.250287264585495,E3_interaction,0.0,opencv_haar_e1,0.23218600451946259,0.7023121118545532,Face,30625,0.6506620049476624,none,,,,,-0.09667515178340398,,12345,0.5372379786546028
,,0.4359135031700134,no_mask_repeat,none,465,0.232976034283638,E3_interaction,1.0,opencv_haar_e1,0.2879501283168793,0.7993501424789429,Face,24649,0.6966588497161865,none,,,,,-0.12671766509080643,,12345,0.2376999399621919
,,0.6299589276313782,no_mask_repeat,none,529,0.23512956500053406,E3_interaction,1.0,opencv_haar_e1,0.2786369323730469,0.6563475728034973,Face,17161,0.6784005165100098,none,,,,,0.03488391632792293,,12345,0.425594475209944
,,0.5726999044418335,no_mask_repeat,none,678,0.10372084379196167,E3_interaction,1.0,opencv_haar_e1,0.43781253695487976,0.561542272567749,Face,17956,0.6979504823684692,none,,,,,-0.04671807676319623,,12345,0.25916465226883734
,,0.6528425812721252,no_mask_repeat,none,756,0.35810741782188416,E3_interaction,0.0,opencv_haar_e1,0.36466413736343384,0.8037539720535278,Face,42025,0.7360385060310364,none,,,,,-0.11654148346446937,,12345,0.4405715666995325
,,0.7278693318367004,no_mask_repeat,none,781,0.3291642665863037,E3_interaction,0.0,opencv_haar_e1,0.11531533300876617,0.6968536376953125,Face,16641,0.6471989154815674,none,,,,,0.005920772639721124,,12345,0.4000028935713823
,,0.4892393946647644,no_mask_repeat,none,789,0.09410572052001953,E3_interaction,0.0,opencv_haar_e1,0.28745272755622864,0.674533486366272,Face,17424,0.6766179203987122,none,,,,,0.14141374178490626,,12345,0.22854812889963716
,,0.5470852255821228,no_mask_repeat,none,973,0.26016777753829956,E3_interaction,0.0,opencv_haar_e1,0.20547251403331757,0.8332717418670654,Face,52900,0.7436922192573547,none,,,,,-0.07107759013264661,,12345,0.3655005521876332
,,0.74181067943573,mask_Body_mean,target_roi,21,0.6004143953323364,E3_interaction,,,,,Body,71883,0.6563732624053955,Body,0.4625385105609894,0.40151137113571167,coco_polygon,0.22781826117784013,0.06726328344984696,,12345,0.22643529978201632
,,0.714974045753479,mask_Body_mean,target_roi,40,0.24356709420681,E3_interaction,,,,,Body,44563,0.5815621018409729,Body,0.168928325176239,0.2478933334350586,coco_polygon,-0.1813309346617382,0.2399926687879647,,12345,0.7021024626947359
,,0.39341849088668823,mask_Body_mean,target_roi,220,0.05095329135656357,E3_interaction,,,,,Body,71775,0.7129471302032471,Body,0.08610866218805313,0.4167599081993103,coco_polygon,-0.17184164565380233,-0.13573046848847373,,12345,0.4230573440938107
,,0.6670821905136108,mask_Body_mean,target_roi,366,0.20252373814582825,E3_interaction,,,,,Body,46652,0.7311682105064392,Body,0.33097195625305176,0.2926909029483795,coco_polygon,0.19917697812676316,-0.11863508552377963,,12345,0.40063908216249455
,,0.4098917543888092,mask_Body_mean,target_roi,474,0.11946897208690643,E3_interaction,,,,,Body,54856,0.6699579954147339,Body,0.3184880018234253,0.3274573087692261,coco_polygon,0.31619517994253693,0.22664551342511086,,12345,0.2444272277700452
,,0.4675872027873993,mask_Body_mean,target_roi,716,0.01209305226802826,E3_interaction,,,,,Body,63805,0.6728702187538147,Body,0.21556800603866577,0.3251945972442627,coco_polygon,-0.027964217494757956,-0.09477098139704801,,12345,0.21917844906677908
,,0.3750576376914978,mask_Body_mean,target_roi,816,0.14178496599197388,E3_interaction,,,,,Body,110182,0.6813021302223206,Body,0.2273780107498169,0.5769549012184143,coco_polygon,-0.04462699139216196,-0.09300477765337536,,12345,0.20170906037120465
,,0.6489171981811523,mask_Body_mean,target_roi,847,0.18322917819023132,E3_interaction,,,,,Body,48302,0.6759846210479736,Body,0.2390342652797699,0.2913441061973572,coco_polygon,-0.16821507263581276,-0.027494505431413362,,12345,0.31540386096794926
,,0.7315797209739685,mask_Body_mean,target_roi,931,0.7357639670372009,E3_interaction,,,,,Body,70051,0.6711759567260742,Body,0.7210742831230164,0.41431286931037903,coco_bbox_fallback_for_rle,0.12383550735037746,0.08606515826263661,,12345,0.2928784028371588
,,0.5048085451126099,mask_Body_mean,target_roi,941,0.1153838112950325,E3_interaction,,,,,Body,51802,0.6664563417434692,Body,0.16171379387378693,0.3124774098396301,coco_polygon,-0.04847430774542755,-0.0548646255670502,,12345,0.34014733075193987
,,0.754082441329956,mask_Body_pure_random_01_mean,pure_matched_random,21,0.6110687255859375,E3_interaction,,,,,Body,71883,0.6544691920280457,Body,0.4444052278995514,0.40175336599349976,coco_polygon,0.22694357038066423,0.062160360487473254,,12345,0.2254119513155405
,,0.7263571619987488,mask_Body_pure_random_01_mean,pure_matched_random,40,0.24044327437877655,E3_interaction,,,,,Body,44563,0.5834087133407593,Body,0.17011824250221252,0.24968814849853516,coco_polygon,-0.16526126953656298,0.246428339130474,,12345,0.7008495292251036
,,0.4075961709022522,mask_Body_pure_random_01_mean,pure_matched_random,220,0.06329905986785889,E3_interaction,,,,,Body,71775,0.695955753326416,Body,0.0999210923910141,0.38151755928993225,coco_polygon,-0.21969953611690915,-0.19183190567565983,,12345,0.41646414149113775
,,0.6875197887420654,mask_Body_pure_random_01_mean,pure_matched_random,366,0.16611641645431519,E3_interaction,,,,,Body,46652,0.7334376573562622,Body,0.3641890287399292,0.30211448669433594,coco_polygon,0.1709714453807436,-0.12554283746154318,,12345,0.3882386957620507
,,0.4026834964752197,mask_Body_pure_random_01_mean,pure_matched_random,474,0.08933279663324356,E3_interaction,,,,,Body,54856,0.6604640483856201,Body,0.2511906325817108,0.3343934416770935,coco_polygon,0.32216032348340984,0.22493057206602468,,12345,0.2466554532311778
,,0.4218403398990631,mask_Body_pure_random_01_mean,pure_matched_random,716,0.007080968469381332,E3_interaction,,,,,Body,63805,0.6677920818328857,Body,0.13083592057228088,0.32083600759506226,coco_polygon,-0.033118310599783776,-0.06412871179517413,,12345,0.21305877780790594
,,0.4268655478954315,mask_Body_pure_random_01_mean,pure_matched_random,816,0.13385170698165894,E3_interaction,,,,,Body,110182,0.6815636157989502,Body,0.24884122610092163,0.5737259984016418,coco_polygon,-0.04705220348725735,-0.09409421966247891,,12345,0.19732345952714625
,,0.6192775964736938,mask_Body_pure_random_01_mean,pure_matched_random,847,0.06532032787799835,E3_interaction,,,,,Body,48302,0.6681278347969055,Body,0.20496995747089386,0.29705700278282166,coco_polygon,-0.14941702753821212,-0.024892229714207258,,12345,0.31097975206909223
,,0.7184948921203613,mask_Body_pure_random_01_mean,pure_matched_random,931,0.7440052032470703,E3_interaction,,,,,Body,70051,0.6698324680328369,Body,0.7188814282417297,0.4117424190044403,coco_bbox_fallback_for_rle,0.12407582927143648,0.08648195522723122,,12345,0.29366281614392215
,,0.4798671007156372,mask_Body_pure_random_01_mean,pure_matched_random,941,0.11976154893636703,E3_interaction,,,,,Body,51802,0.6632684469223022,Body,0.16939997673034668,0.322462797164917,coco_polygon,-0.2663447224404805,-0.19415143039114274,,12345,0.2074125789355001
,,0.7488918900489807,mask_Body_pure_random_02_mean,pure_matched_random,21,0.6247050166130066,E3_interaction,,,,,Body,71883,0.6545783281326294,Body,0.44778871536254883,0.40273284912109375,coco_polygon,0.22825502547385004,0.06461859990719464,,12345,0.22431734222512698
,,0.7041382193565369,mask_Body_pure_random_02_mean,pure_matched_random,40,0.23877330124378204,E3_interaction,,,,,Body,44563,0.5786906480789185,Body,0.1950717568397522,0.25102272629737854,coco_polygon,-0.15554967135336256,0.24632493566391603,,12345,0.7032732894007375
,,0.34894734621047974,mask_Body_pure_random_02_mean,pure_matched_random,220,0.04653334617614746,E3_interaction,,,,,Body,71775,0.7050836086273193,Body,0.103970006108284,0.41646796464920044,coco_polygon,-0.17634076139012148,-0.14442190936954294,,12345,0.42197124170625616
,,0.531233549118042,mask_Body_pure_random_02_mean,pure_matched_random,366,0.379670113325119,E3_interaction,,,,,Body,46652,0.6973614692687988,Body,0.4416232109069824,0.2788102924823761,coco_polygon,0.2583576558798134,-0.004787100690980741,,12345,0.36811642022812124
,,0.39525920152664185,mask_Body_pure_random_02_mean,pure_matched_random,474,0.11136101186275482,E3_interaction,,,,,Body,54856,0.6686233282089233,Body,0.3154175579547882,0.33851075172424316,coco_polygon,0.31960467442429874,0.22158161669161083,,12345,0.24571699288336146
,,0.4436163604259491,mask_Body_pure_random_02_mean,pure_matched_random,716,0.033600740134716034,E3_interaction,,,,,Body,63805,0.6635655164718628,Body,0.1529196947813034,0.31809672713279724,coco_polygon,-0.03755813281264153,-0.07005519201320554,,12345,0.21339792943596425
,,0.3768787980079651,mask_Body_pure_random_02_mean,pure_matched_random,816,0.1426880806684494,E3_interaction,,,,,Body,110182,0.682050347328186,Body,0.22851917147636414,0.5769000053405762,coco_polygon,-0.045432051279473536,-0.09351766332383904,,12345,0.2002659018348503
,,0.6316074132919312,mask_Body_pure_random_02_mean,pure_matched_random,847,0.1777551770210266,E3_interaction,,,,,Body,48302,0.6712538599967957,Body,0.22428396344184875,0.29007774591445923,coco_polygon,-0.1643999468518224,-0.023168536242226118,,12345,0.3131672831868739
,,0.7447384595870972,mask_Body_pure_random_02_mean,pure_matched_random,931,0.7381284236907959,E3_interaction,,,,,Body,70051,0.6727211475372314,Body,0.7203758358955383,0.4142826795578003,coco_bbox_fallback_for_rle,0.12414398031931806,0.08627060862664324,,12345,0.2929371236705103
,,0.5277993679046631,mask_Body_pure_random_02_mean,pure_matched_random,941,0.15675915777683258,E3_interaction,,,,,Body,51802,0.6698210835456848,Body,0.19676366448402405,0.3136138319969177,coco_polygon,-0.0349213100893065,-0.04263470516769152,,12345,0.34316090037131874
,,0.759270966053009,mask_Body_pure_random_03_mean,pure_matched_random,21,0.6069542765617371,E3_interaction,,,,,Body,71883,0.6571192741394043,Body,0.4595133662223816,0.40112996101379395,coco_polygon,0.2352734336591412,0.05401005130554421,,12345,0.22840156164207673
,,0.6999225616455078,mask_Body_pure_random_03_mean,pure_matched_random,40,0.22983282804489136,E3_interaction,,,,,Body,44563,0.5728285908699036,Body,0.16310898959636688,0.24639910459518433,coco_polygon,-0.14864333589923087,0.2571024561408608,,12345,0.7029831353119723
,,0.49467116594314575,mask_Body_pure_random_03_mean,pure_matched_random,220,0.0719338059425354,E3_interaction,,,,,Body,71775,0.6510115265846252,Body,0.2114349603652954,0.4028061628341675,coco_polygon,-0.16901686027043675,-0.14454262024848072,,12345,0.4527003341422987
,,0.6317982077598572,mask_Body_pure_random_03_mean,pure_matched_random,366,0.12230092287063599,E3_interaction,,,,,Body,46652,0.7384387850761414,Body,0.3201450705528259,0.300733745098114,coco_polygon,0.17464025639056302,-0.11449577793870241,,12345,0.3831058181234457
,,0.4199222922325134,mask_Body_pure_random_03_mean,pure_matched_random,474,0.12085606157779694,E3_interaction,,,,,Body,54856,0.6596707701683044,Body,0.2541290521621704,0.3275105357170105,coco_polygon,0.31014190933643665,0.22728069803898868,,12345,0.24530009877652462
,,0.41837388277053833,mask_Body_pure_random_03_mean,pure_matched_random,716,-0.009164070710539818,E3_interaction,,,,,Body,63805,0.6768909692764282,Body,0.23508979380130768,0.32756662368774414,coco_polygon,-0.028717207851151356,-0.08095130348519178,,12345,0.22076384441589875
,,0.4029184877872467,mask_Body_pure_random_03_mean,pure_matched_random,816,0.10153980553150177,E3_interaction,,,,,Body,110182,0.668906569480896,Body,0.17935329675674438,0.5705888271331787,coco_polygon,-0.04438621771890167,-0.10115251752002767,,12345,0.18114736691070016
,,0.5990250110626221,mask_Body_pure_random_03_mean,pure_matched_random,847,0.13321363925933838,E3_interaction,,,,,Body,48302,0.6767834424972534,Body,0.2326682209968567,0.2891247570514679,coco_polygon,-0.16138306156114873,-0.023940132444071602,,12345,0.3148106652909093
,,0.7508236169815063,mask_Body_pure_random_03_mean,pure_matched_random,931,0.7010493278503418,E3_interaction,,,,,Body,70051,0.6563546657562256,Body,0.6756148338317871,0.39571666717529297,coco_bbox_fallback_for_rle,0.1482742387756031,0.19581141008531985,,12345,0.2702648355777795
,,0.4585883617401123,mask_Body_pure_random_03_mean,pure_matched_random,941,0.10192282497882843,E3_interaction,,,,,Body,51802,0.6622909307479858,Body,0.1572578400373459,0.31371521949768066,coco_polygon,-0.031649031798678035,-0.05930599972011896,,12345,0.34582377269097786
,,0.7571371793746948,mask_Body_pure_random_04_mean,pure_matched_random,21,0.6019547581672668,E3_interaction,,,,,Body,71883,0.6570093631744385,Body,0.4154966473579407,0.4036240875720978,coco_polygon,0.233277203592834,0.06959675976732188,,12345,0.22371636681029514
,,0.6994215846061707,mask_Body_pure_random_04_mean,pure_matched_random,40,0.24899394810199738,E3_interaction,,,,,Body,44563,0.5785111784934998,Body,0.19646945595741272,0.250453382730484,coco_polygon,-0.1543903916489838,0.24728744559734211,,12345,0.7037227085415073
,,0.3466896116733551,mask_Body_pure_random_04_mean,pure_matched_random,220,0.044526390731334686,E3_interaction,,,,,Body,71775,0.70353102684021,Body,0.10675486922264099,0.41535404324531555,coco_polygon,-0.17624889288227263,-0.14351755834837573,,12345,0.42132767136973887
,,0.6462631821632385,mask_Body_pure_random_04_mean,pure_matched_random,366,0.2047387808561325,E3_interaction,,,,,Body,46652,0.7319777011871338,Body,0.18470928072929382,0.303793728351593,coco_polygon,0.17161246941535846,-0.1358354223398671,,12345,0.39050653685316933
,,0.36655956506729126,mask_Body_pure_random_04_mean,pure_matched_random,474,0.11986221373081207,E3_interaction,,,,,Body,54856,0.6664556264877319,Body,0.35420018434524536,0.3367241322994232,coco_polygon,0.31535542248744447,0.22010612120118267,,12345,0.24475546940812784
,,0.4180011451244354,mask_Body_pure_random_04_mean,pure_matched_random,716,0.023200973868370056,E3_interaction,,,,,Body,63805,0.666616678237915,Body,0.15331177413463593,0.32419392466545105,coco_polygon,-0.03396409478785487,-0.0707075054948335,,12345,0.21264768837107853
,,0.4149845838546753,mask_Body_pure_random_04_mean,pure_matched_random,816,0.14069147408008575,E3_interaction,,,,,Body,110182,0.6812735795974731,Body,0.24005983769893646,0.574856698513031,coco_polygon,-0.043729280897917715,-0.09216142032126612,,12345,0.19961578826546322
,,0.5745614171028137,mask_Body_pure_random_04_mean,pure_matched_random,847,0.15692980587482452,E3_interaction,,,,,Body,48302,0.6736114025115967,Body,0.19389206171035767,0.28611359000205994,coco_polygon,-0.15002380162073242,-0.02156965980165854,,12345,0.3141444719871381
,,0.7504297494888306,mask_Body_pure_random_04_mean,pure_matched_random,931,0.7351794242858887,E3_interaction,,,,,Body,70051,0.6881176829338074,Body,0.6977732181549072,0.4011586606502533,coco_bbox_fallback_for_rle,0.13484881638004043,0.1103067084750413,,12345,0.29913563042291785
,,0.5072464942932129,mask_Body_pure_random_04_mean,pure_matched_random,941,0.10395412147045135,E3_interaction,,,,,Body,51802,0.6673784255981445,Body,0.1686842143535614,0.31376075744628906,coco_polygon,-0.03239330078880365,-0.04474724541358713,,12345,0.34325136934038475
,,0.7537238001823425,mask_Body_pure_random_05_mean,pure_matched_random,21,0.6110508441925049,E3_interaction,,,,,Body,71883,0.6548881530761719,Body,0.44481003284454346,0.401704341173172,coco_polygon,0.22761462170514718,0.06365110587889204,,12345,0.22548748763091628
,,0.7201892733573914,mask_Body_pure_random_05_mean,pure_matched_random,40,0.250798761844635,E3_interaction,,,,,Body,44563,0.5814220309257507,Body,0.17917510867118835,0.25279703736305237,coco_polygon,-0.15964442800873394,0.2462273798043263,,12345,0.7035059666282536
,,0.36203816533088684,mask_Body_pure_random_05_mean,pure_matched_random,220,0.05184638872742653,E3_interaction,,,,,Body,71775,0.6999327540397644,Body,0.114671990275383,0.4139167070388794,coco_polygon,-0.17180314348079484,-0.14104140481095875,,12345,0.42072725368551217
,,0.623618483543396,mask_Body_pure_random_05_mean,pure_matched_random,366,0.07903081178665161,E3_interaction,,,,,Body,46652,0.7373005151748657,Body,0.2578509449958801,0.30326080322265625,coco_polygon,0.1626333910371907,-0.11927771655895325,,12345,0.38253745348902285
,,0.375160276889801,mask_Body_pure_random_05_mean,pure_matched_random,474,0.11211024224758148,E3_interaction,,,,,Body,54856,0.6587707996368408,Body,0.3180130422115326,0.33243682980537415,coco_polygon,0.3125452302716262,0.22295415620903794,,12345,0.2451422934068543
,,0.42631199955940247,mask_Body_pure_random_05_mean,pure_matched_random,716,0.008604438044130802,E3_interaction,,,,,Body,63805,0.6691492795944214,Body,0.16490447521209717,0.3249303996562958,coco_polygon,-0.0332927274698175,-0.06769578071827571,,12345,0.2120678363521311
,,0.3822600841522217,mask_Body_pure_random_05_mean,pure_matched_random,816,0.14155760407447815,E3_interaction,,,,,Body,110182,0.6802179217338562,Body,0.21887415647506714,0.5746290683746338,coco_polygon,-0.04533497289150709,-0.09346433872442637,,12345,0.20026196969315765
,,0.6365483999252319,mask_Body_pure_random_05_mean,pure_matched_random,847,0.177107036113739,E3_interaction,,,,,Body,48302,0.6723313927650452,Body,0.2315179854631424,0.2906264364719391,coco_polygon,-0.1635260992068363,-0.021889077695926396,,12345,0.31364540330586727
,,0.7583509087562561,mask_Body_pure_random_05_mean,pure_matched_random,931,0.7527148127555847,E3_interaction,,,,,Body,70051,0.6809828281402588,Body,0.6943281888961792,0.39885687828063965,coco_bbox_fallback_for_rle,0.13244173657637032,0.11154851507420233,,12345,0.29710854841132717
,,0.5129120349884033,mask_Body_pure_random_05_mean,pure_matched_random,941,0.15141461789608002,E3_interaction,,,,,Body,51802,0.6693195104598999,Body,0.1871395856142044,0.3139527142047882,coco_polygon,-0.035790875745369925,-0.04333215570862642,,12345,0.34308120045677964
,,0.7485697865486145,mask_Face_mean,target_roi,21,0.6083450317382812,E3_interaction,,,,,Body,71883,0.6548909544944763,Face,0.42827272415161133,0.4034438729286194,coco_polygon,0.24006397089694345,0.07088396034541046,,12345,0.22514732182277317
,,0.704655110836029,mask_Face_mean,target_roi,40,0.2372208535671234,E3_interaction,,,,,Body,44563,0.5796076655387878,Face,0.19106024503707886,0.2502291798591614,coco_polygon,-0.15409004312821947,0.24555665364401547,,12345,0.7031425031472333
,,0.3441242575645447,mask_Face_mean,target_roi,220,0.053386446088552475,E3_interaction,,,,,Body,71775,0.7053143978118896,Face,0.09261436760425568,0.4162404537200928,coco_polygon,-0.17542089989806414,-0.14317316901213803,,12345,0.42159966125403603
,,0.6650327444076538,mask_Face_mean,target_roi,366,0.3441805839538574,E3_interaction,,,,,Body,46652,0.7309076189994812,Face,0.32961565256118774,0.29880401492118835,coco_polygon,0.18328098818862457,-0.1231519595551838,,12345,0.39018139255814527
,,0.434177041053772,mask_Face_mean,target_roi,474,0.11455684155225754,E3_interaction,,,,,Body,54856,0.6635276675224304,Face,0.35807663202285767,0.3335076570510864,coco_polygon,0.3150442501449976,0.22490308511767604,,12345,0.2440660554438308
,,0.42264819145202637,mask_Face_mean,target_roi,716,0.02343207411468029,E3_interaction,,,,,Body,63805,0.6682306528091431,Face,0.18773365020751953,0.3208010494709015,coco_polygon,-0.04775318248346224,-0.07963691885777839,,12345,0.21350688218236605
,,0.3747975528240204,mask_Face_mean,target_roi,816,0.13974158465862274,E3_interaction,,,,,Body,110182,0.6806418299674988,Face,0.22403697669506073,0.5744727849960327,coco_polygon,-0.04363635651049976,-0.09252007612814069,,12345,0.2005122532091522
,,0.6596813797950745,mask_Face_mean,target_roi,847,0.1927706003189087,E3_interaction,,,,,Body,48302,0.6729838848114014,Face,0.22955578565597534,0.2924290597438812,coco_polygon,-0.15935285627447432,-0.023068838748448384,,12345,0.3210143717367132
,,0.7280423641204834,mask_Face_mean,target_roi,931,0.7114062309265137,E3_interaction,,,,,Body,70051,0.6749741435050964,Face,0.6705536842346191,0.40376678109169006,coco_bbox_fallback_for_rle,0.0693334716660138,0.06887195634551004,,12345,0.2844421388664101
,,0.507233202457428,mask_Face_mean,target_roi,941,0.09625974297523499,E3_interaction,,,,,Body,51802,0.6692215204238892,Face,0.14616833627223969,0.3157390356063843,coco_polygon,-0.04239846687491306,-0.04441448673501394,,12345,0.3446804746301539
,,0.7441118955612183,mask_Face_pure_random_01_mean,pure_matched_random,21,0.6125102043151855,E3_interaction,,,,,Body,71883,0.6538410186767578,Face,0.44387468695640564,0.4026130139827728,coco_polygon,0.22725170606068093,0.06304510720414953,,12345,0.22608939232273184
,,0.7137247323989868,mask_Face_pure_random_01_mean,pure_matched_random,40,0.23654599487781525,E3_interaction,,,,,Body,44563,0.5800871253013611,Face,0.18810132145881653,0.2524928152561188,coco_polygon,-0.15723484337054025,0.24660630604299272,,12345,0.7037054071109055
,,0.34806445240974426,mask_Face_pure_random_01_mean,pure_matched_random,220,0.04860282689332962,E3_interaction,,,,,Body,71775,0.7065714001655579,Face,0.09486601501703262,0.4151386022567749,coco_polygon,-0.17566261355573784,-0.14331647356502678,,12345,0.42367373568288685
,,0.6487974524497986,mask_Face_pure_random_01_mean,pure_matched_random,366,0.12384533882141113,E3_interaction,,,,,Body,46652,0.7321730852127075,Face,0.3341427743434906,0.30209827423095703,coco_polygon,0.18057625285936973,-0.11774641685181174,,12345,0.3881333611690266
,,0.4150691032409668,mask_Face_pure_random_01_mean,pure_matched_random,474,0.12287744879722595,E3_interaction,,,,,Body,54856,0.6682668924331665,Face,0.34980130195617676,0.33365970849990845,coco_polygon,0.3207924228159129,0.21849109891402643,,12345,0.24321208407216519
,,0.4116549491882324,mask_Face_pure_random_01_mean,pure_matched_random,716,0.0062172673642635345,E3_interaction,,,,,Body,63805,0.6675975322723389,Face,0.1749657392501831,0.31723758578300476,coco_polygon,-0.03222382491038008,-0.06425119196344976,,12345,0.21239993865118792
,,0.41387397050857544,mask_Face_pure_random_01_mean,pure_matched_random,816,0.15090642869472504,E3_interaction,,,,,Body,110182,0.6804662942886353,Face,0.24601837992668152,0.5745993852615356,coco_polygon,-0.04609969816563965,-0.09366321162454562,,12345,0.1982914214560633
,,0.6364133358001709,mask_Face_pure_random_01_mean,pure_matched_random,847,0.1795472800731659,E3_interaction,,,,,Body,48302,0.6722715497016907,Face,0.22234418988227844,0.28979185223579407,coco_polygon,-0.16483483254922673,-0.023512821073609042,,12345,0.314228656008977
,,0.7200795412063599,mask_Face_pure_random_01_mean,pure_matched_random,931,0.7431389093399048,E3_interaction,,,,,Body,70051,0.6717391014099121,Face,0.7205401659011841,0.4111640155315399,coco_bbox_fallback_for_rle,0.12632648868141744,0.08866565269927709,,12345,0.29321578007547355
,,0.521779477596283,mask_Face_pure_random_01_mean,pure_matched_random,941,0.15378937125205994,E3_interaction,,,,,Body,51802,0.6692683696746826,Face,0.2097930908203125,0.31309202313423157,coco_polygon,-0.03777431301741414,-0.044540621892549453,,12345,0.34346847194871455
,,0.7490314841270447,mask_Face_pure_random_02_mean,pure_matched_random,21,0.614339292049408,E3_interaction,,,,,Body,71883,0.6523786187171936,Face,0.44193586707115173,0.4018450081348419,coco_polygon,0.2288024855354101,0.06462962326859199,,12345,0.2263708937892651
,,0.7574114203453064,mask_Face_pure_random_02_mean,pure_matched_random,40,0.2639767527580261,E3_interaction,,,,,Body,44563,0.5814054608345032,Face,0.1666635125875473,0.25053200125694275,coco_polygon,-0.171316568764795,0.2547273028505774,,12345,0.7036800642938728
,,0.36429813504219055,mask_Face_pure_random_02_mean,pure_matched_random,220,0.043940816074609756,E3_interaction,,,,,Body,71775,0.7004278898239136,Face,0.1073964536190033,0.4148986339569092,coco_polygon,-0.16690419195497697,-0.13993923554724924,,12345,0.42066039064544863
,,0.6664273738861084,mask_Face_pure_random_02_mean,pure_matched_random,366,0.24566344916820526,E3_interaction,,,,,Body,46652,0.7283012866973877,Face,0.32146018743515015,0.29666951298713684,coco_polygon,0.20508740342108953,-0.10266199274429284,,12345,0.39828357586931323
,,0.39500653743743896,mask_Face_pure_random_02_mean,pure_matched_random,474,0.11007615923881531,E3_interaction,,,,,Body,54856,0.6699671149253845,Face,0.30801913142204285,0.338678777217865,coco_polygon,0.3194090767374377,0.22145625603247582,,12345,0.2449319430638308
,,0.41783881187438965,mask_Face_pure_random_02_mean,pure_matched_random,716,0.009921189397573471,E3_interaction,,,,,Body,63805,0.6683346033096313,Face,0.152149498462677,0.32041093707084656,coco_polygon,-0.03290490652184141,-0.06525693081694639,,12345,0.21421117937473838
,,0.40647587180137634,mask_Face_pure_random_02_mean,pure_matched_random,816,0.15844854712486267,E3_interaction,,,,,Body,110182,0.6794919967651367,Face,0.2444905936717987,0.5754114389419556,coco_polygon,-0.042369850613952736,-0.09026884691057747,,12345,0.19835324199562293
,,0.588226318359375,mask_Face_pure_random_02_mean,pure_matched_random,847,0.16786769032478333,E3_interaction,,,,,Body,48302,0.6743550896644592,Face,0.166532501578331,0.2869130074977875,coco_polygon,-0.14439026868799226,-0.02110229582107107,,12345,0.3133548036819899
,,0.7467942237854004,mask_Face_pure_random_02_mean,pure_matched_random,931,0.6876161694526672,E3_interaction,,,,,Body,70051,0.680673360824585,Face,0.6919877529144287,0.39979228377342224,coco_bbox_fallback_for_rle,0.08093156015855078,0.07709262663497242,,12345,0.28769353183182544
,,0.5127882957458496,mask_Face_pure_random_02_mean,pure_matched_random,941,0.14308272302150726,E3_interaction,,,,,Body,51802,0.673556387424469,Face,0.20482778549194336,0.3182978928089142,coco_polygon,-0.038441475127253516,-0.04438847108398102,,12345,0.343067041749378
,,0.7290789484977722,mask_Face_pure_random_03_mean,pure_matched_random,21,0.6033560037612915,E3_interaction,,,,,Body,71883,0.6654006838798523,Face,0.4381033778190613,0.40779879689216614,coco_polygon,0.22326726013534948,0.056811185301916665,,12345,0.22404762119950836
,,0.7247639894485474,mask_Face_pure_random_03_mean,pure_matched_random,40,0.2751438021659851,E3_interaction,,,,,Body,44563,0.5843619704246521,Face,0.18761813640594482,0.251361221075058,coco_polygon,-0.15708496076569028,0.25119930690902814,,12345,0.700322714526438
,,0.3474216163158417,mask_Face_pure_random_03_mean,pure_matched_random,220,0.041797518730163574,E3_interaction,,,,,Body,71775,0.7116681933403015,Face,0.08554206788539886,0.41402649879455566,coco_polygon,-0.17127434921783788,-0.14509626351728291,,12345,0.41205167047206587
,,0.6650279760360718,mask_Face_pure_random_03_mean,pure_matched_random,366,0.16293133795261383,E3_interaction,,,,,Body,46652,0.7375666499137878,Face,0.3252176344394684,0.30446434020996094,coco_polygon,0.1599047693058339,-0.13424005789948698,,12345,0.3886630295032139
,,0.5318945646286011,mask_Face_pure_random_03_mean,pure_matched_random,474,0.13184459507465363,E3_interaction,,,,,Body,54856,0.6674492955207825,Face,0.38529813289642334,0.34006044268608093,coco_polygon,0.3605684515965104,0.25507233356511305,,12345,0.24086491233217053
,,0.4494917690753937,mask_Face_pure_random_03_mean,pure_matched_random,716,-0.011084813624620438,E3_interaction,,,,,Body,63805,0.6643549203872681,Face,0.18064254522323608,0.32250234484672546,coco_polygon,-0.020668298517915126,-0.07480952005429882,,12345,0.2090948939523351
,,0.3595995306968689,mask_Face_pure_random_03_mean,pure_matched_random,816,0.1421298384666443,E3_interaction,,,,,Body,110182,0.6846151947975159,Face,0.24626170098781586,0.5822333097457886,coco_polygon,-0.044884730152363876,-0.09412465015542384,,12345,0.20010164357572202
,,0.6735388040542603,mask_Face_pure_random_03_mean,pure_matched_random,847,0.16614779829978943,E3_interaction,,,,,Body,48302,0.6878445148468018,Face,0.2639927268028259,0.2774259150028229,coco_polygon,-0.14649830340149747,-0.019463862619467493,,12345,0.3279701835138542
,,0.7401303648948669,mask_Face_pure_random_03_mean,pure_matched_random,931,0.8200139999389648,E3_interaction,,,,,Body,70051,0.6669503450393677,Face,0.7711514234542847,0.4038294553756714,coco_bbox_fallback_for_rle,0.0661229108586976,0.14603675893257623,,12345,0.26891430691243046
,,0.5072000026702881,mask_Face_pure_random_03_mean,pure_matched_random,941,0.1006719172000885,E3_interaction,,,,,Body,51802,0.6602444052696228,Face,0.15955446660518646,0.3131996989250183,coco_polygon,-0.04068264641362699,-0.049842507578477926,,12345,0.34187973932929894
,,0.7388828992843628,mask_Face_pure_random_04_mean,pure_matched_random,21,0.6093499064445496,E3_interaction,,,,,Body,71883,0.6538016200065613,Face,0.44137129187583923,0.4024845361709595,coco_polygon,0.22653044968973338,0.06415277708201739,,12345,0.22585718280557515
,,0.7071681618690491,mask_Face_pure_random_04_mean,pure_matched_random,40,0.24590931832790375,E3_interaction,,,,,Body,44563,0.5816854238510132,Face,0.20552819967269897,0.24874438345432281,coco_polygon,-0.15119528128930865,0.24923514126490712,,12345,0.7028740156937133
,,0.42227035760879517,mask_Face_pure_random_04_mean,pure_matched_random,220,0.05175863578915596,E3_interaction,,,,,Body,71775,0.7128991484642029,Face,0.1495864987373352,0.4211127460002899,coco_polygon,-0.16315563446811693,-0.12844154363697347,,12345,0.41178862911754516
,,0.6507034301757812,mask_Face_pure_random_04_mean,pure_matched_random,366,0.17245686054229736,E3_interaction,,,,,Body,46652,0.7319760918617249,Face,0.25889456272125244,0.3046944737434387,coco_polygon,0.18787900660707912,-0.11913236106544205,,12345,0.3922573698165839
,,0.4067898988723755,mask_Face_pure_random_04_mean,pure_matched_random,474,0.0831904262304306,E3_interaction,,,,,Body,54856,0.6727926135063171,Face,0.34376081824302673,0.3320825695991516,coco_polygon,0.3190719409228672,0.21572414883759167,,12345,0.24386487686190444
,,0.44635558128356934,mask_Face_pure_random_04_mean,pure_matched_random,716,0.015395189635455608,E3_interaction,,,,,Body,63805,0.6649597883224487,Face,0.14484183490276337,0.3199717402458191,coco_polygon,-0.04253183526302221,-0.07123594748253961,,12345,0.21305502476426333
,,0.40121662616729736,mask_Face_pure_random_04_mean,pure_matched_random,816,0.132284477353096,E3_interaction,,,,,Body,110182,0.684814453125,Face,0.2560276389122009,0.5812299251556396,coco_polygon,-0.03635030148635861,-0.08583888257763944,,12345,0.19926986944739858
,,0.6326203346252441,mask_Face_pure_random_04_mean,pure_matched_random,847,0.17964975535869598,E3_interaction,,,,,Body,48302,0.6726114749908447,Face,0.2186208963394165,0.28971025347709656,coco_polygon,-0.1651432466583022,-0.024352429194933297,,12345,0.3141280372170527
,,0.727787435054779,mask_Face_pure_random_04_mean,pure_matched_random,931,0.6871523857116699,E3_interaction,,,,,Body,70051,0.6728310585021973,Face,0.6579493880271912,0.40034019947052,coco_bbox_fallback_for_rle,0.06849338368556979,0.06993296322315286,,12345,0.2832325115535805
,,0.5101369619369507,mask_Face_pure_random_04_mean,pure_matched_random,941,0.1560717225074768,E3_interaction,,,,,Body,51802,0.6736913919448853,Face,0.208676278591156,0.31130993366241455,coco_polygon,-0.04476261037463299,-0.04127434828417234,,12345,0.3429655439760765
,,0.7590277194976807,mask_Face_pure_random_05_mean,pure_matched_random,21,0.5992545485496521,E3_interaction,,,,,Body,71883,0.6515949964523315,Face,0.4161844551563263,0.4056399464607239,coco_polygon,0.23376889008917273,0.07084237922449403,,12345,0.22790086130312642
,,0.7215189933776855,mask_Face_pure_random_05_mean,pure_matched_random,40,0.24693286418914795,E3_interaction,,,,,Body,44563,0.5833778381347656,Face,0.17263981699943542,0.2550056278705597,coco_polygon,-0.16974743456158653,0.25105705229128034,,12345,0.7044447589066015
,,0.36099857091903687,mask_Face_pure_random_05_mean,pure_matched_random,220,0.030350636690855026,E3_interaction,,,,,Body,71775,0.7006874680519104,Face,0.09492705762386322,0.4104055166244507,coco_polygon,-0.1516988561150523,-0.12887805937983132,,12345,0.41933033598171143
,,0.6444063782691956,mask_Face_pure_random_05_mean,pure_matched_random,366,0.247360497713089,E3_interaction,,,,,Body,46652,0.7375955581665039,Face,0.41047942638397217,0.29638248682022095,coco_polygon,0.19945285450011932,-0.10147133494141408,,12345,0.40023708336112296
,,0.4372086226940155,mask_Face_pure_random_05_mean,pure_matched_random,474,0.07838631421327591,E3_interaction,,,,,Body,54856,0.6713796854019165,Face,0.35350650548934937,0.33295738697052,coco_polygon,0.3329543202505501,0.22382889658404534,,12345,0.24917237940973982
,,0.4148598909378052,mask_Face_pure_random_05_mean,pure_matched_random,716,0.03370312228798866,E3_interaction,,,,,Body,63805,0.6658245921134949,Face,0.1343492865562439,0.31784293055534363,coco_polygon,-0.03478021334007768,-0.06982574522570323,,12345,0.21411952297044898
,,0.35828474164009094,mask_Face_pure_random_05_mean,pure_matched_random,816,0.1419002264738083,E3_interaction,,,,,Body,110182,0.6826627850532532,Face,0.24242672324180603,0.581082284450531,coco_polygon,-0.03923128096499695,-0.08935979363451921,,12345,0.20114654577489463
,,0.6402174234390259,mask_Face_pure_random_05_mean,pure_matched_random,847,0.14868482947349548,E3_interaction,,,,,Body,48302,0.6746639013290405,Face,0.23792493343353271,0.2984447479248047,coco_polygon,-0.14732012062886438,-0.02147632422238143,,12345,0.3187281777156387
,,0.7241054177284241,mask_Face_pure_random_05_mean,pure_matched_random,931,0.6544285416603088,E3_interaction,,,,,Body,70051,0.6776109337806702,Face,0.5973551273345947,0.39689871668815613,coco_bbox_fallback_for_rle,0.10199660268820981,0.09063817340609247,,12345,0.2910876126123357
,,0.5111864805221558,mask_Face_pure_random_05_mean,pure_matched_random,941,0.18482917547225952,E3_interaction,,,,,Body,51802,0.6710525751113892,Face,0.19528217613697052,0.31220346689224243,coco_polygon,-0.047749766937092555,-0.04581741549133146,,12345,0.34141322231395455
,,0.7487943172454834,mask_Scene_mean,target_roi,21,0.5977685451507568,E3_interaction,,,,,Body,71883,0.65737384557724,Scene,0.40499651432037354,0.40426352620124817,coco_polygon,0.2349550900646702,0.05896650410149558,,12345,0.22391627110474618
,,0.6838149428367615,mask_Scene_mean,target_roi,40,0.27067071199417114,E3_interaction,,,,,Body,44563,0.5754954218864441,Scene,0.18843473494052887,0.24820226430892944,coco_polygon,-0.16904007302722018,0.2494573772391789,,12345,0.7044457665373254
,,0.4139810800552368,mask_Scene_mean,target_roi,220,0.07158032059669495,E3_interaction,,,,,Body,71775,0.7199320793151855,Scene,0.13912339508533478,0.4183708131313324,coco_polygon,-0.1555486100567281,-0.125442851156312,,12345,0.418005957752955
,,0.6585367321968079,mask_Scene_mean,target_roi,366,0.13589692115783691,E3_interaction,,,,,Body,46652,0.7348413467407227,Scene,0.2545076310634613,0.30393487215042114,coco_polygon,0.17260607481450146,-0.13613594409758023,,12345,0.3935268188307961
,,0.3845282793045044,mask_Scene_mean,target_roi,474,0.1035451740026474,E3_interaction,,,,,Body,54856,0.6675212979316711,Scene,0.3324415683746338,0.33063799142837524,coco_polygon,0.3133125647723331,0.21514760826155996,,12345,0.23945276245895641
,,0.41684046387672424,mask_Scene_mean,target_roi,716,-0.006595270242542028,E3_interaction,,,,,Body,63805,0.6695048213005066,Scene,0.12909440696239471,0.3224961459636688,coco_polygon,-0.030795689538186795,-0.06821449785441527,,12345,0.2114215111844766
,,0.363413006067276,mask_Scene_mean,target_roi,816,0.1156957596540451,E3_interaction,,,,,Body,110182,0.6785654425621033,Scene,0.1942208856344223,0.578243613243103,coco_polygon,-0.02225471877006739,-0.07404289872760543,,12345,0.20143554794183868
,,0.5967532992362976,mask_Scene_mean,target_roi,847,0.12052024155855179,E3_interaction,,,,,Body,48302,0.6900101900100708,Scene,0.20602428913116455,0.29801326990127563,coco_polygon,-0.19004099165642852,-0.04574490568609186,,12345,0.2888493062528106
,,0.7290841341018677,mask_Scene_mean,target_roi,931,0.739850640296936,E3_interaction,,,,,Body,70051,0.6682604551315308,Scene,0.7132795453071594,0.41313400864601135,coco_bbox_fallback_for_rle,0.11975998110290338,0.08385779592204494,,12345,0.29315482845953783
,,0.4856891334056854,mask_Scene_mean,target_roi,941,0.11804704368114471,E3_interaction,,,,,Body,51802,0.666728138923645,Scene,0.1774422526359558,0.3196960389614105,coco_polygon,-0.033547270754324336,-0.05349772728413178,,12345,0.3443858241744451
,,0.7627917528152466,mask_Scene_pure_random_01_mean,pure_matched_random,21,0.5934316515922546,E3_interaction,,,,,Body,71883,0.6575625538825989,Scene,0.40504395961761475,0.4044598639011383,coco_polygon,0.22580979441385776,0.06474900274994828,,12345,0.22255210077931264
,,0.6905735731124878,mask_Scene_pure_random_01_mean,pure_matched_random,40,0.21382232010364532,E3_interaction,,,,,Body,44563,0.5711709260940552,Scene,0.14796699583530426,0.244845449924469,coco_polygon,-0.15241758620148813,0.2508035108741663,,12345,0.7050673368344593
,,0.4123072922229767,mask_Scene_pure_random_01_mean,pure_matched_random,220,0.13676951825618744,E3_interaction,,,,,Body,71775,0.7115272283554077,Scene,0.15940912067890167,0.4192464053630829,coco_polygon,-0.16639635362671518,-0.1413610942981324,,12345,0.4168611110693742
,,0.6516116857528687,mask_Scene_pure_random_01_mean,pure_matched_random,366,0.2999242842197418,E3_interaction,,,,,Body,46652,0.7360110878944397,Scene,0.4125728905200958,0.298753559589386,coco_polygon,0.22406596839442625,-0.08288678090332927,,12345,0.4106313260571329
,,0.3785673975944519,mask_Scene_pure_random_01_mean,pure_matched_random,474,0.07726874947547913,E3_interaction,,,,,Body,54856,0.6725459694862366,Scene,0.2728999853134155,0.3303042948246002,coco_polygon,0.30555935022246855,0.19908771468228723,,12345,0.2428835647866547
,,0.4212104082107544,mask_Scene_pure_random_01_mean,pure_matched_random,716,-0.0020230442751199007,E3_interaction,,,,,Body,63805,0.6869639158248901,Scene,0.23347023129463196,0.3245704174041748,coco_polygon,-0.021263790066409324,-0.07706829452598392,,12345,0.2225305454875929
,,0.3730037212371826,mask_Scene_pure_random_01_mean,pure_matched_random,816,0.14144697785377502,E3_interaction,,,,,Body,110182,0.6784902811050415,Scene,0.24843212962150574,0.5730443596839905,coco_polygon,-0.04149540160585731,-0.09008143679837835,,12345,0.19833340973532954
,,0.6919665336608887,mask_Scene_pure_random_01_mean,pure_matched_random,847,0.13766264915466309,E3_interaction,,,,,Body,48302,0.7142053246498108,Scene,0.22150716185569763,0.28325197100639343,coco_polygon,-0.10402881524465102,0.020157205140407076,,12345,0.3335646340915415
,,0.7093194723129272,mask_Scene_pure_random_01_mean,pure_matched_random,931,0.7694817185401917,E3_interaction,,,,,Body,70051,0.6635004281997681,Scene,0.7117770910263062,0.39155107736587524,coco_bbox_fallback_for_rle,0.14493884041623678,0.20104548033616682,,12345,0.26772467501698394
,,0.47922927141189575,mask_Scene_pure_random_01_mean,pure_matched_random,941,0.19591619074344635,E3_interaction,,,,,Body,51802,0.6738280057907104,Scene,0.21681372821331024,0.310733437538147,coco_polygon,-0.05208040442520859,-0.048184869665439306,,12345,0.34135569152955453
,,0.7307559847831726,mask_Scene_pure_random_02_mean,pure_matched_random,21,0.6120896935462952,E3_interaction,,,,,Body,71883,0.6550886034965515,Scene,0.4494776725769043,0.4014695882797241,coco_polygon,0.23832588093466558,0.06307194819064749,,12345,0.22917544831730358
,,0.7318556904792786,mask_Scene_pure_random_02_mean,pure_matched_random,40,0.21791738271713257,E3_interaction,,,,,Body,44563,0.5698924660682678,Scene,0.15026071667671204,0.24607343971729279,coco_polygon,-0.15845499268770297,0.25200661629968724,,12345,0.7064898417909092
,,0.4742072820663452,mask_Scene_pure_random_02_mean,pure_matched_random,220,0.08988338708877563,E3_interaction,,,,,Body,71775,0.6985375285148621,Scene,0.17517147958278656,0.41031286120414734,coco_polygon,-0.19021551225108743,-0.13926764251989684,,12345,0.43397908497355514
,,0.6528032422065735,mask_Scene_pure_random_02_mean,pure_matched_random,366,0.10485479980707169,E3_interaction,,,,,Body,46652,0.7330918908119202,Scene,0.3027755618095398,0.3016272783279419,coco_polygon,0.1865942001426327,-0.11145521554799638,,12345,0.3946598052303988
,,0.46200424432754517,mask_Scene_pure_random_02_mean,pure_matched_random,474,0.16426151990890503,E3_interaction,,,,,Body,54856,0.6615571975708008,Scene,0.2790485918521881,0.3287585377693176,coco_polygon,0.31231866918312456,0.23634587399741538,,12345,0.2481164481902869
,,0.4480205774307251,mask_Scene_pure_random_02_mean,pure_matched_random,716,0.01382366195321083,E3_interaction,,,,,Body,63805,0.6808517575263977,Scene,0.2673151195049286,0.3261430561542511,coco_polygon,-0.03545555305158657,-0.08519127570318771,,12345,0.21775023927467743
,,0.39316433668136597,mask_Scene_pure_random_02_mean,pure_matched_random,816,0.15334808826446533,E3_interaction,,,,,Body,110182,0.6815423965454102,Scene,0.2686293125152588,0.5777555704116821,coco_polygon,-0.04405817839584581,-0.08971843180515005,,12345,0.1977832661671522
,,0.6337641477584839,mask_Scene_pure_random_02_mean,pure_matched_random,847,0.17211240530014038,E3_interaction,,,,,Body,48302,0.6782783269882202,Scene,0.18009096384048462,0.28866633772850037,coco_polygon,-0.172773556515353,-0.024650648108937665,,12345,0.2901219635477772
,,0.7155585289001465,mask_Scene_pure_random_02_mean,pure_matched_random,931,0.7776484489440918,E3_interaction,,,,,Body,70051,0.6516424417495728,Scene,0.7271742224693298,0.39596113562583923,coco_bbox_fallback_for_rle,0.1488348166887882,0.19627904426903592,,12345,0.2689718752465015
,,0.44705238938331604,mask_Scene_pure_random_02_mean,pure_matched_random,941,0.09846041351556778,E3_interaction,,,,,Body,51802,0.6618134379386902,Scene,0.13580428063869476,0.31361162662506104,coco_polygon,-0.02482905402016362,-0.05989812029564781,,12345,0.34701061038441816
,,0.7298896312713623,mask_Scene_pure_random_03_mean,pure_matched_random,21,0.6053557991981506,E3_interaction,,,,,Body,71883,0.6526675224304199,Scene,0.4390043318271637,0.3999195098876953,coco_polygon,0.230099896553455,0.06416620657055082,,12345,0.22985493076312097
,,0.755987286567688,mask_Scene_pure_random_03_mean,pure_matched_random,40,0.2253970354795456,E3_interaction,,,,,Body,44563,0.5689972043037415,Scene,0.15392744541168213,0.24727565050125122,coco_polygon,-0.16150605325825657,0.2512889758808212,,12345,0.7070064986347785
,,0.5476644039154053,mask_Scene_pure_random_03_mean,pure_matched_random,220,0.1306830197572708,E3_interaction,,,,,Body,71775,0.6692232489585876,Scene,0.21918094158172607,0.4012256860733032,coco_polygon,-0.23409452768429637,-0.17885647955625839,,12345,0.44336371318048345
,,0.6662985682487488,mask_Scene_pure_random_03_mean,pure_matched_random,366,0.10496578365564346,E3_interaction,,,,,Body,46652,0.7383438944816589,Scene,0.18873098492622375,0.3020508289337158,coco_polygon,0.17355373404943708,-0.11946670783786538,,12345,0.39259838966993954
,,0.4580281972885132,mask_Scene_pure_random_03_mean,pure_matched_random,474,0.14528445899486542,E3_interaction,,,,,Body,54856,0.6585906147956848,Scene,0.3262096345424652,0.3289153575897217,coco_polygon,0.31552515843661455,0.23778471371849033,,12345,0.24935474193520804
,,0.4763888418674469,mask_Scene_pure_random_03_mean,pure_matched_random,716,0.04990396276116371,E3_interaction,,,,,Body,63805,0.6847186088562012,Scene,0.36393240094184875,0.32495972514152527,coco_polygon,-0.023688050226007087,-0.0680045964947377,,12345,0.20903841000458512
,,0.4024387300014496,mask_Scene_pure_random_03_mean,pure_matched_random,816,0.15709048509597778,E3_interaction,,,,,Body,110182,0.6786603927612305,Scene,0.25360041856765747,0.5747011303901672,coco_polygon,-0.04271785758957065,-0.09157030656224287,,12345,0.19837422438489605
,,0.6208573579788208,mask_Scene_pure_random_03_mean,pure_matched_random,847,0.19697198271751404,E3_interaction,,,,,Body,48302,0.6482060551643372,Scene,0.20172852277755737,0.26831093430519104,coco_polygon,-0.18787854746697208,-0.010355025799955422,,12345,0.30968644713427573
,,0.7125449180603027,mask_Scene_pure_random_03_mean,pure_matched_random,931,0.7402712106704712,E3_interaction,,,,,Body,70051,0.6570004820823669,Scene,0.6829459071159363,0.41904446482658386,coco_bbox_fallback_for_rle,0.15558591471276703,0.12110894500173744,,12345,0.2852024565095075
,,0.5177256464958191,mask_Scene_pure_random_03_mean,pure_matched_random,941,0.15233461558818817,E3_interaction,,,,,Body,51802,0.6710576415061951,Scene,0.20877479016780853,0.31458455324172974,coco_polygon,-0.034134356210643736,-0.050926405228233516,,12345,0.34309622713414334
,,0.7840958833694458,mask_Scene_pure_random_04_mean,pure_matched_random,21,0.6527279615402222,E3_interaction,,,,,Body,71883,0.6702178716659546,Scene,0.4768052101135254,0.4191533327102661,coco_polygon,0.16044843428681219,0.06842734805607753,,12345,0.2242919367744609
,,0.753638505935669,mask_Scene_pure_random_04_mean,pure_matched_random,40,0.5966948866844177,E3_interaction,,,,,Body,44563,0.5642603039741516,Scene,0.3607872426509857,0.2411203384399414,coco_polygon,0.10797430295471881,0.3519389969162669,,12345,0.7131203130003702
,,0.46178892254829407,mask_Scene_pure_random_04_mean,pure_matched_random,220,0.2120087444782257,E3_interaction,,,,,Body,71775,0.6862533688545227,Scene,0.28756535053253174,0.4581020474433899,coco_polygon,-0.25640899545595247,-0.14172399552146703,,12345,0.4279272576341145
,,0.6039775013923645,mask_Scene_pure_random_04_mean,pure_matched_random,366,0.3548717498779297,E3_interaction,,,,,Body,46652,0.7383113503456116,Scene,0.28874823451042175,0.2976270616054535,coco_polygon,0.2550783777945679,-0.0698858773400085,,12345,0.3431583533266792
,,0.41135120391845703,mask_Scene_pure_random_04_mean,pure_matched_random,474,0.05687646567821503,E3_interaction,,,,,Body,54856,0.6903785467147827,Scene,0.3231087327003479,0.35649460554122925,coco_polygon,0.3321662083913519,0.20289957751459667,,12345,0.22674748967643893
,,0.46018511056900024,mask_Scene_pure_random_04_mean,pure_matched_random,716,-3.127707168459892e-05,E3_interaction,,,,,Body,63805,0.6853240728378296,Scene,0.21495187282562256,0.3087487518787384,coco_polygon,-0.00404402936885785,-0.028442522888198523,,12345,0.21267779584937363
,,0.5664900541305542,mask_Scene_pure_random_04_mean,pure_matched_random,816,0.1316334307193756,E3_interaction,,,,,Body,110182,0.7190655469894409,Scene,0.17333845794200897,0.6111763715744019,coco_polygon,-0.085648143425996,-0.10683298161551232,,12345,0.18680316931641852
,,0.6417312026023865,mask_Scene_pure_random_04_mean,pure_matched_random,847,0.23541638255119324,E3_interaction,,,,,Body,48302,0.6844931840896606,Scene,0.2618040442466736,0.286329448223114,coco_polygon,-0.1695782284093779,-0.024215402936871758,,12345,0.3001762029705762
,,0.7712435722351074,mask_Scene_pure_random_04_mean,pure_matched_random,931,0.7316299676895142,E3_interaction,,,,,Body,70051,0.6532701253890991,Scene,0.7338182926177979,0.4095209538936615,coco_bbox_fallback_for_rle,-0.010291890255147014,0.09653960399071124,,12345,0.25740255017824887
,,0.43264836072921753,mask_Scene_pure_random_04_mean,pure_matched_random,941,0.02298593707382679,E3_interaction,,,,,Body,51802,0.6775729060173035,Scene,0.11483734846115112,0.32558271288871765,coco_polygon,-0.01911387047701558,-0.09062359318477897,,12345,0.32233521462463893
,,0.7342135906219482,mask_Scene_pure_random_05_mean,pure_matched_random,21,0.6032445430755615,E3_interaction,,,,,Body,71883,0.6523163914680481,Scene,0.43478599190711975,0.39924561977386475,coco_polygon,0.22983542421359118,0.06359870277626904,,12345,0.23028510734358623
,,0.7552040815353394,mask_Scene_pure_random_05_mean,pure_matched_random,40,0.2257169783115387,E3_interaction,,,,,Body,44563,0.5688087344169617,Scene,0.15407244861125946,0.247476726770401,coco_polygon,-0.16070150085082752,0.2512808547460659,,12345,0.706494629309617
,,0.5062828063964844,mask_Scene_pure_random_05_mean,pure_matched_random,220,0.11720240116119385,E3_interaction,,,,,Body,71775,0.6728899478912354,Scene,0.23067358136177063,0.4011766016483307,coco_polygon,-0.2330962441011012,-0.17519949306257088,,12345,0.4324472789274841
,,0.653214693069458,mask_Scene_pure_random_05_mean,pure_matched_random,366,0.17098264396190643,E3_interaction,,,,,Body,46652,0.7385072708129883,Scene,0.2330753207206726,0.30221277475357056,coco_polygon,0.17287576737255714,-0.12633943092170855,,12345,0.3914096093261045
,,0.4544602334499359,mask_Scene_pure_random_05_mean,pure_matched_random,474,0.15697193145751953,E3_interaction,,,,,Body,54856,0.6581928133964539,Scene,0.31528452038764954,0.32822921872138977,coco_polygon,0.31994764716333474,0.23823268178828622,,12345,0.24857607224019784
,,0.47635915875434875,mask_Scene_pure_random_05_mean,pure_matched_random,716,0.030729392543435097,E3_interaction,,,,,Body,63805,0.6785790920257568,Scene,0.3778511583805084,0.3259342610836029,coco_polygon,-0.02390778481588499,-0.07113209396467952,,12345,0.214527042006571
,,0.39832019805908203,mask_Scene_pure_random_05_mean,pure_matched_random,816,0.15641692280769348,E3_interaction,,,,,Body,110182,0.6790604591369629,Scene,0.2527722716331482,0.5746923685073853,coco_polygon,-0.042513964032885584,-0.09149916036628844,,12345,0.19841845347093054
,,0.6745627522468567,mask_Scene_pure_random_05_mean,pure_matched_random,847,0.23985576629638672,E3_interaction,,,,,Body,48302,0.6758506298065186,Scene,0.1806918978691101,0.2813928723335266,coco_polygon,-0.19263002535075896,-0.012329839257755148,,12345,0.29843207667907995
,,0.7203325033187866,mask_Scene_pure_random_05_mean,pure_matched_random,931,0.7278199791908264,E3_interaction,,,,,Body,70051,0.651311993598938,Scene,0.7000923752784729,0.3930322825908661,coco_bbox_fallback_for_rle,0.14843045970295854,0.19752651385575518,,12345,0.2677866403586591
,,0.5160185694694519,mask_Scene_pure_random_05_mean,pure_matched_random,941,0.1480092704296112,E3_interaction,,,,,Body,51802,0.6695431470870972,Scene,0.20973528921604156,0.31467196345329285,coco_polygon,-0.03219994379140801,-0.050563225659937344,,12345,0.3436342158748089
,,0.7512772083282471,no_mask,none,21,0.6236371994018555,E3_interaction,,,,,Body,71883,0.652892529964447,none,0.4418523609638214,0.40220367908477783,coco_polygon,0.22773178585436205,0.06432817153643916,,12345,0.22534238281676572
,,0.7060604691505432,no_mask,none,40,0.2515607178211212,E3_interaction,,,,,Body,44563,0.5782890915870667,none,0.18648257851600647,0.2503366470336914,coco_polygon,-0.1560148212557031,0.24723432861012945,,12345,0.7038116787554429
,,0.351481556892395,no_mask,none,220,0.04091636836528778,E3_interaction,,,,,Body,71775,0.7014921307563782,none,0.11234947293996811,0.41396576166152954,coco_polygon,-0.175341584477777,-0.14297189321554613,,12345,0.42146190484882085
,,0.6390030384063721,no_mask,none,366,0.08386708050966263,E3_interaction,,,,,Body,46652,0.7353142499923706,none,0.31846219301223755,0.3012382388114929,coco_polygon,0.1779203632583191,-0.11337976758929498,,12345,0.3868244767957292
,,0.4086611270904541,no_mask,none,474,0.11467700451612473,E3_interaction,,,,,Body,54856,0.6690241098403931,none,0.31549128890037537,0.33712953329086304,coco_polygon,0.31865845641015766,0.22105794913997762,,12345,0.24491002211627344
,,0.4358534812927246,no_mask,none,716,0.030892297625541687,E3_interaction,,,,,Body,63805,0.6629226803779602,none,0.14299330115318298,0.31800413131713867,coco_polygon,-0.03793231750828638,-0.07003514056428942,,12345,0.21290676922549093
,,0.3805235028266907,no_mask,none,816,0.14463265240192413,E3_interaction,,,,,Body,110182,0.681126058101654,none,0.22590260207653046,0.5757942199707031,coco_polygon,-0.044773705304171824,-0.09309153741046627,,12345,0.20060213993855072
,,0.6331427097320557,no_mask,none,847,0.17545495927333832,E3_interaction,,,,,Body,48302,0.6723765730857849,none,0.21237070858478546,0.28989142179489136,coco_polygon,-0.16421297722140404,-0.023023453779171848,,12345,0.31483713112392436
,,0.7325503826141357,no_mask,none,931,0.7382659912109375,E3_interaction,,,,,Body,70051,0.6719454526901245,none,0.7150506377220154,0.4143545627593994,coco_bbox_fallback_for_rle,0.12219611992884447,0.08554160568597433,,12345,0.29313692928289525
,,0.5137518644332886,no_mask,none,941,0.15443821251392365,E3_interaction,,,,,Body,51802,0.6690236330032349,none,0.19369202852249146,0.31357982754707336,coco_polygon,-0.035052037460863016,-0.04325136720696574,,12345,0.34315618454296487
,,0.7512772083282471,no_mask_repeat,none,21,0.6236371994018555,E3_interaction,,,,,Body,71883,0.652892529964447,none,0.4418523609638214,0.40220367908477783,coco_polygon,0.22773178585436205,0.06432817153643916,,12345,0.22534238281676572
,,0.7060604691505432,no_mask_repeat,none,40,0.2515607178211212,E3_interaction,,,,,Body,44563,0.5782890915870667,none,0.18648257851600647,0.2503366470336914,coco_polygon,-0.1560148212557031,0.24723432861012945,,12345,0.7038116787554429
,,0.351481556892395,no_mask_repeat,none,220,0.04091636836528778,E3_interaction,,,,,Body,71775,0.7014921307563782,none,0.11234947293996811,0.41396576166152954,coco_polygon,-0.175341584477777,-0.14297189321554613,,12345,0.42146190484882085
,,0.6390030384063721,no_mask_repeat,none,366,0.08386708050966263,E3_interaction,,,,,Body,46652,0.7353142499923706,none,0.31846219301223755,0.3012382388114929,coco_polygon,0.1779203632583191,-0.11337976758929498,,12345,0.3868244767957292
,,0.4086611270904541,no_mask_repeat,none,474,0.11467700451612473,E3_interaction,,,,,Body,54856,0.6690241098403931,none,0.31549128890037537,0.33712953329086304,coco_polygon,0.31865845641015766,0.22105794913997762,,12345,0.24491002211627344
,,0.4358534812927246,no_mask_repeat,none,716,0.030892297625541687,E3_interaction,,,,,Body,63805,0.6629226803779602,none,0.14299330115318298,0.31800413131713867,coco_polygon,-0.03793231750828638,-0.07003514056428942,,12345,0.21290676922549093
,,0.3805235028266907,no_mask_repeat,none,816,0.14463265240192413,E3_interaction,,,,,Body,110182,0.681126058101654,none,0.22590260207653046,0.5757942199707031,coco_polygon,-0.044773705304171824,-0.09309153741046627,,12345,0.20060213993855072
,,0.6331427097320557,no_mask_repeat,none,847,0.17545495927333832,E3_interaction,,,,,Body,48302,0.6723765730857849,none,0.21237070858478546,0.28989142179489136,coco_polygon,-0.16421297722140404,-0.023023453779171848,,12345,0.31483713112392436
,,0.7325503826141357,no_mask_repeat,none,931,0.7382659912109375,E3_interaction,,,,,Body,70051,0.6719454526901245,none,0.7150506377220154,0.4143545627593994,coco_bbox_fallback_for_rle,0.12219611992884447,0.08554160568597433,,12345,0.29313692928289525
,,0.5137518644332886,no_mask_repeat,none,941,0.15443821251392365,E3_interaction,,,,,Body,51802,0.6690236330032349,none,0.19369202852249146,0.31357982754707336,coco_polygon,-0.035052037460863016,-0.04325136720696574,,12345,0.34315618454296487
0.5124688148498535,0.17151810228824615,0.5307605862617493,mask_Body_mean,target_roi,132,0.11193600296974182,E3_interaction,,,,,Scene,173828,0.6904460191726685,Body,,,coco_polygon,,0.08980874771517962,1.0,12345,0.10653899604409606
0.7149448394775391,0.09893378615379333,0.7149448394775391,mask_Body_mean,target_roi,199,0.09893378615379333,E3_interaction,,,,,Scene,180625,0.6957364082336426,Body,,,coco_polygon,,0.12163452326694965,1.0,12345,0.196518917728606
0.6664892435073853,0.16842739284038544,0.6664892435073853,mask_Body_mean,target_roi,214,0.16842739284038544,E3_interaction,,,,,Scene,180625,0.6731829643249512,Body,,,coco_polygon,,-0.08490313377309856,1.0,12345,0.28236121974657535
0.7165939211845398,0.08291968703269958,0.7165939211845398,mask_Body_mean,target_roi,303,0.08291968703269958,E3_interaction,,,,,Scene,180625,0.7466050982475281,Body,,,coco_polygon,,0.05696376390802552,1.0,12345,0.4593122456919281
0.6718124747276306,0.1018582135438919,0.6718124747276306,mask_Body_mean,target_roi,486,0.1018582135438919,E3_interaction,,,,,Scene,180625,0.7169209718704224,Body,,,coco_polygon,,0.12070421633496585,0.0,12345,0.09319868132695781
0.7596122622489929,0.05845601111650467,0.7596122622489929,mask_Body_mean,target_roi,545,0.05845601111650467,E3_interaction,,,,,Scene,180625,0.7621181607246399,Body,,,coco_polygon,,0.16460677445672817,1.0,12345,0.4488334410619351
0.8077807426452637,0.5675342679023743,0.8077807426452637,mask_Body_mean,target_roi,640,0.5675342679023743,E3_interaction,,,,,Scene,180625,0.6433597207069397,Body,,,coco_polygon,,-0.03251953731327411,0.0,12345,0.16959744808275856
0.6864842176437378,0.09543763846158981,0.6864842176437378,mask_Body_mean,target_roi,842,0.09543763846158981,E3_interaction,,,,,Scene,180625,0.7852004766464233,Body,,,coco_polygon,,0.05625289029231449,1.0,12345,0.2719372800499554
0.5423938035964966,0.09850042313337326,0.5423938035964966,mask_Body_mean,target_roi,893,0.09850042313337326,E3_interaction,,,,,Scene,180625,0.8063822388648987,Body,,,coco_polygon,,0.33915493925712664,0.0,12345,0.29362932199151154
0.5936105251312256,0.0007296744734048843,0.5936105251312256,mask_Body_mean,target_roi,999,0.0007296744734048843,E3_interaction,,,,,Scene,180625,0.7514638900756836,Body,,,coco_polygon,,0.09760164899357628,1.0,12345,0.3539119878766001
0.5144931077957153,0.2134619653224945,0.5324910879135132,mask_Body_pure_random_01_mean,pure_matched_random,132,0.1575894057750702,E3_interaction,,,,,Scene,173828,0.6796363592147827,Body,,,coco_polygon,,0.08417231481183483,1.0,12345,0.1018135996731299
0.5670162439346313,0.155154287815094,0.5670162439346313,mask_Body_pure_random_01_mean,pure_matched_random,199,0.155154287815094,E3_interaction,,,,,Scene,180625,0.6893239617347717,Body,,,coco_polygon,,0.142025236089588,1.0,12345,0.20365148869846691
0.8154469132423401,0.08005519211292267,0.8154469132423401,mask_Body_pure_random_01_mean,pure_matched_random,214,0.08005519211292267,E3_interaction,,,,,Scene,180625,0.6862164735794067,Body,,,coco_polygon,,-0.0826065646421178,1.0,12345,0.3040844282106807
0.623895525932312,0.06634838134050369,0.623895525932312,mask_Body_pure_random_01_mean,pure_matched_random,303,0.06634838134050369,E3_interaction,,,,,Scene,180625,0.7382913827896118,Body,,,coco_polygon,,0.12259720862681373,1.0,12345,0.4407816810414387
0.6589986681938171,0.15538953244686127,0.6589986681938171,mask_Body_pure_random_01_mean,pure_matched_random,486,0.15538953244686127,E3_interaction,,,,,Scene,180625,0.7021200656890869,Body,,,coco_polygon,,0.11100184864341034,0.0,12345,0.08988677133607877
0.7093703746795654,-0.009964916855096817,0.7093703746795654,mask_Body_pure_random_01_mean,pure_matched_random,545,-0.009964916855096817,E3_interaction,,,,,Scene,180625,0.7433539628982544,Body,,,coco_polygon,,0.10487769455385137,1.0,12345,0.433770936836342
0.8146157264709473,0.6349809169769287,0.8146157264709473,mask_Body_pure_random_01_mean,pure_matched_random,640,0.6349809169769287,E3_interaction,,,,,Scene,180625,0.6490713357925415,Body,,,coco_polygon,,-0.06332298844998245,0.0,12345,0.166545746613482
0.6972901821136475,0.07485403120517731,0.6972901821136475,mask_Body_pure_random_01_mean,pure_matched_random,842,0.07485403120517731,E3_interaction,,,,,Scene,180625,0.7846403121948242,Body,,,coco_polygon,,0.03198094727092264,1.0,12345,0.26237964444007544
0.5422317981719971,0.09258465468883514,0.5422317981719971,mask_Body_pure_random_01_mean,pure_matched_random,893,0.09258465468883514,E3_interaction,,,,,Scene,180625,0.7822524309158325,Body,,,coco_polygon,,0.3437097508949959,0.0,12345,0.2834009777213483
0.681332528591156,0.023989442735910416,0.681332528591156,mask_Body_pure_random_01_mean,pure_matched_random,999,0.023989442735910416,E3_interaction,,,,,Scene,180625,0.7280909419059753,Body,,,coco_polygon,,0.08178334149854502,1.0,12345,0.32279951780412464
0.5077113509178162,0.20575523376464844,0.5304189920425415,mask_Body_pure_random_02_mean,pure_matched_random,132,0.14867106080055237,E3_interaction,,,,,Scene,173828,0.6809601783752441,Body,,,coco_polygon,,0.08334916699166811,1.0,12345,0.10188132604643961
0.6430940628051758,0.12988799810409546,0.6430940628051758,mask_Body_pure_random_02_mean,pure_matched_random,199,0.12988799810409546,E3_interaction,,,,,Scene,180625,0.6782509684562683,Body,,,coco_polygon,,0.14534645006438748,1.0,12345,0.20209615109224086
0.8177255392074585,0.19614464044570923,0.8177255392074585,mask_Body_pure_random_02_mean,pure_matched_random,214,0.19614464044570923,E3_interaction,,,,,Scene,180625,0.6892662048339844,Body,,,coco_polygon,,-0.11903119407621825,1.0,12345,0.3051995239053339
0.6066250801086426,0.0592031255364418,0.6066250801086426,mask_Body_pure_random_02_mean,pure_matched_random,303,0.0592031255364418,E3_interaction,,,,,Scene,180625,0.7354931831359863,Body,,,coco_polygon,,0.12474173440349151,1.0,12345,0.4407600699331853
0.6298457384109497,0.16737580299377441,0.6298457384109497,mask_Body_pure_random_02_mean,pure_matched_random,486,0.16737580299377441,E3_interaction,,,,,Scene,180625,0.7048643827438354,Body,,,coco_polygon,,0.12223351863801762,0.0,12345,0.08902847167461754
0.7199214696884155,0.01954416185617447,0.7199214696884155,mask_Body_pure_random_02_mean,pure_matched_random,545,0.01954416185617447,E3_interaction,,,,,Scene,180625,0.7515572905540466,Body,,,coco_polygon,,0.0996921905135055,1.0,12345,0.43062330873514987
0.8185977339744568,0.6631574034690857,0.8185977339744568,mask_Body_pure_random_02_mean,pure_matched_random,640,0.6631574034690857,E3_interaction,,,,,Scene,180625,0.6442735195159912,Body,,,coco_polygon,,-0.05715397435633202,0.0,12345,0.16565062403524178
0.6978723406791687,0.07189853489398956,0.6978723406791687,mask_Body_pure_random_02_mean,pure_matched_random,842,0.07189853489398956,E3_interaction,,,,,Scene,180625,0.7909584641456604,Body,,,coco_polygon,,0.040751647739372746,1.0,12345,0.2637878785911792
0.5392090678215027,0.08768068253993988,0.5392090678215027,mask_Body_pure_random_02_mean,pure_matched_random,893,0.08768068253993988,E3_interaction,,,,,Scene,180625,0.7843044996261597,Body,,,coco_polygon,,0.3437975862600159,0.0,12345,0.283453943285842
0.6725589036941528,0.04091987758874893,0.6725589036941528,mask_Body_pure_random_02_mean,pure_matched_random,999,0.04091987758874893,E3_interaction,,,,,Scene,180625,0.722815990447998,Body,,,coco_polygon,,0.0799535364323354,1.0,12345,0.31780197553290923
0.511612057685852,0.20623797178268433,0.5348654389381409,mask_Body_pure_random_03_mean,pure_matched_random,132,0.1523105353116989,E3_interaction,,,,,Scene,173828,0.6801773309707642,Body,,,coco_polygon,,0.08384149973486561,1.0,12345,0.10196043678265154
0.6716129779815674,0.12070278823375702,0.6716129779815674,mask_Body_pure_random_03_mean,pure_matched_random,199,0.12070278823375702,E3_interaction,,,,,Scene,180625,0.6778771877288818,Body,,,coco_polygon,,0.1460538634326721,1.0,12345,0.20276121350274784
0.8032890558242798,0.1660863161087036,0.8032890558242798,mask_Body_pure_random_03_mean,pure_matched_random,214,0.1660863161087036,E3_interaction,,,,,Scene,180625,0.7022783756256104,Body,,,coco_polygon,,-0.10681591808445434,1.0,12345,0.3220532462104039
0.6552930474281311,0.08236933499574661,0.6552930474281311,mask_Body_pure_random_03_mean,pure_matched_random,303,0.08236933499574661,E3_interaction,,,,,Scene,180625,0.7204258441925049,Body,,,coco_polygon,,0.13543384764609523,1.0,12345,0.4457251129364844
0.6340159773826599,0.17756716907024384,0.6340159773826599,mask_Body_pure_random_03_mean,pure_matched_random,486,0.17756716907024384,E3_interaction,,,,,Scene,180625,0.7041603326797485,Body,,,coco_polygon,,0.12188991715210568,0.0,12345,0.08898997885216761
0.7311459183692932,0.021976172924041748,0.7311459183692932,mask_Body_pure_random_03_mean,pure_matched_random,545,0.021976172924041748,E3_interaction,,,,,Scene,180625,0.7447251081466675,Body,,,coco_polygon,,0.10519381992996628,1.0,12345,0.43135285004593554
0.7973005175590515,0.6571621298789978,0.7973005175590515,mask_Body_pure_random_03_mean,pure_matched_random,640,0.6571621298789978,E3_interaction,,,,,Scene,180625,0.6422939896583557,Body,,,coco_polygon,,-0.0555450661142371,0.0,12345,0.16575113188616153
0.6891544461250305,0.06426376849412918,0.6891544461250305,mask_Body_pure_random_03_mean,pure_matched_random,842,0.06426376849412918,E3_interaction,,,,,Scene,180625,0.7896238565444946,Body,,,coco_polygon,,0.03697961812828855,1.0,12345,0.2630510760671798
0.5434277057647705,0.0876828283071518,0.5434277057647705,mask_Body_pure_random_03_mean,pure_matched_random,893,0.0876828283071518,E3_interaction,,,,,Scene,180625,0.7844080924987793,Body,,,coco_polygon,,0.34408930207187943,0.0,12345,0.28356906316980945
0.6745533347129822,0.028672322630882263,0.6745533347129822,mask_Body_pure_random_03_mean,pure_matched_random,999,0.028672322630882263,E3_interaction,,,,,Scene,180625,0.7250654697418213,Body,,,coco_polygon,,0.08107333113236305,1.0,12345,0.3188710693916533
0.5167734622955322,0.19440491497516632,0.5515173673629761,mask_Body_pure_random_04_mean,pure_matched_random,132,0.1410606950521469,E3_interaction,,,,,Scene,173828,0.6849788427352905,Body,,,coco_polygon,,0.08295873415119291,1.0,12345,0.10290512107216676
0.6102783679962158,0.1388113796710968,0.6102783679962158,mask_Body_pure_random_04_mean,pure_matched_random,199,0.1388113796710968,E3_interaction,,,,,Scene,180625,0.6826784610748291,Body,,,coco_polygon,,0.1441142455732074,1.0,12345,0.20285482604325042
0.8118276596069336,0.16459345817565918,0.8118276596069336,mask_Body_pure_random_04_mean,pure_matched_random,214,0.16459345817565918,E3_interaction,,,,,Scene,180625,0.6716434359550476,Body,,,coco_polygon,,-0.08932966681401366,1.0,12345,0.2974516158049538
0.6411669850349426,0.07831572741270065,0.6411669850349426,mask_Body_pure_random_04_mean,pure_matched_random,303,0.07831572741270065,E3_interaction,,,,,Scene,180625,0.7289896011352539,Body,,,coco_polygon,,0.12723058922721683,1.0,12345,0.4426696501479205
0.5190940499305725,0.02775082178413868,0.5190940499305725,mask_Body_pure_random_04_mean,pure_matched_random,486,0.02775082178413868,E3_interaction,,,,,Scene,180625,0.7906633615493774,Body,,,coco_polygon,,0.2883118610134083,0.0,12345,0.11682737903243223
0.7327802777290344,0.11452127993106842,0.7327802777290344,mask_Body_pure_random_04_mean,pure_matched_random,545,0.11452127993106842,E3_interaction,,,,,Scene,180625,0.7586139440536499,Body,,,coco_polygon,,0.07768678087572602,1.0,12345,0.4389937782888046
0.8054675459861755,0.6492911577224731,0.8054675459861755,mask_Body_pure_random_04_mean,pure_matched_random,640,0.6492911577224731,E3_interaction,,,,,Scene,180625,0.6369606256484985,Body,,,coco_polygon,,-0.05134783320457369,0.0,12345,0.1674329708911573
0.7324120998382568,0.031097035855054855,0.7324120998382568,mask_Body_pure_random_04_mean,pure_matched_random,842,0.031097035855054855,E3_interaction,,,,,Scene,180625,0.7791305780410767,Body,,,coco_polygon,,0.07882158943337712,1.0,12345,0.27337042868132067
0.5230993628501892,0.06893153488636017,0.5230993628501892,mask_Body_pure_random_04_mean,pure_matched_random,893,0.06893153488636017,E3_interaction,,,,,Scene,180625,0.7831249237060547,Body,,,coco_polygon,,0.3432794959377059,0.0,12345,0.2813227335590107
0.639610767364502,-0.0093106459826231,0.639610767364502,mask_Body_pure_random_04_mean,pure_matched_random,999,-0.0093106459826231,E3_interaction,,,,,Scene,180625,0.7368840575218201,Body,,,coco_polygon,,0.04819626319594813,1.0,12345,0.3235232869442442
0.5140486359596252,0.20954224467277527,0.5377101302146912,mask_Body_pure_random_05_mean,pure_matched_random,132,0.15847018361091614,E3_interaction,,,,,Scene,173828,0.6806027889251709,Body,,,coco_polygon,,0.08321206619135177,1.0,12345,0.10174971342157504
0.6406283974647522,0.14349326491355896,0.6406283974647522,mask_Body_pure_random_05_mean,pure_matched_random,199,0.14349326491355896,E3_interaction,,,,,Scene,180625,0.6805075407028198,Body,,,coco_polygon,,0.14474894729465398,1.0,12345,0.20196960961668392
0.783475399017334,0.13806681334972382,0.783475399017334,mask_Body_pure_random_05_mean,pure_matched_random,214,0.13806681334972382,E3_interaction,,,,,Scene,180625,0.7016239166259766,Body,,,coco_polygon,,-0.11473633609220261,1.0,12345,0.31240901208716537
0.6055062413215637,0.039392128586769104,0.6055062413215637,mask_Body_pure_random_05_mean,pure_matched_random,303,0.039392128586769104,E3_interaction,,,,,Scene,180625,0.7301241159439087,Body,,,coco_polygon,,0.11898783046178281,1.0,12345,0.40696086980619467
0.6123616099357605,0.15902210772037506,0.6123616099357605,mask_Body_pure_random_05_mean,pure_matched_random,486,0.15902210772037506,E3_interaction,,,,,Scene,180625,0.7040867805480957,Body,,,coco_polygon,,0.11132703339184825,0.0,12345,0.088771834305817
0.711702823638916,0.019133733585476875,0.711702823638916,mask_Body_pure_random_05_mean,pure_matched_random,545,0.019133733585476875,E3_interaction,,,,,Scene,180625,0.7442552447319031,Body,,,coco_polygon,,0.10070324092914794,1.0,12345,0.4296682429614599
0.8140706419944763,0.6639761924743652,0.8140706419944763,mask_Body_pure_random_05_mean,pure_matched_random,640,0.6639761924743652,E3_interaction,,,,,Scene,180625,0.642853856086731,Body,,,coco_polygon,,-0.05611681250991537,0.0,12345,0.16596366472327842
0.7309385538101196,0.0692242681980133,0.7309385538101196,mask_Body_pure_random_05_mean,pure_matched_random,842,0.0692242681980133,E3_interaction,,,,,Scene,180625,0.7413909435272217,Body,,,coco_polygon,,0.11856810263679429,1.0,12345,0.2674599472808396
0.5325945615768433,0.09141489118337631,0.5325945615768433,mask_Body_pure_random_05_mean,pure_matched_random,893,0.09141489118337631,E3_interaction,,,,,Scene,180625,0.7845117449760437,Body,,,coco_polygon,,0.3436831711668332,0.0,12345,0.2834483577186841
0.6726065278053284,0.034750521183013916,0.6726065278053284,mask_Body_pure_random_05_mean,pure_matched_random,999,0.034750521183013916,E3_interaction,,,,,Scene,180625,0.7273830771446228,Body,,,coco_polygon,,0.08016872102506302,1.0,12345,0.3185798492346774
0.550247073173523,0.19937755167484283,0.5658884644508362,mask_Face_mean,target_roi,132,0.14213109016418457,E3_interaction,,,,,Scene,173828,0.6828708648681641,Face,,,coco_polygon,,0.08202864322355523,1.0,12345,0.1051204994733166
0.6089638471603394,0.0888395756483078,0.6089638471603394,mask_Face_mean,target_roi,199,0.0888395756483078,E3_interaction,,,,,Scene,180625,0.6870073676109314,Face,,,coco_polygon,,0.14378575540659777,1.0,12345,0.20352068253862957
0.7764431834220886,0.25014233589172363,0.7764431834220886,mask_Face_mean,target_roi,214,0.25014233589172363,E3_interaction,,,,,Scene,180625,0.6566013097763062,Face,,,coco_polygon,,-0.08508695362312586,1.0,12345,0.2933356532541241
0.6896489262580872,0.06710798293352127,0.6896489262580872,mask_Face_mean,target_roi,303,0.06710798293352127,E3_interaction,,,,,Scene,180625,0.7409676313400269,Face,,,coco_polygon,,0.15312908880182427,1.0,12345,0.45796509840844746
0.6050325632095337,0.1834828108549118,0.6050325632095337,mask_Face_mean,target_roi,486,0.1834828108549118,E3_interaction,,,,,Scene,180625,0.7125878930091858,Face,,,coco_polygon,,0.08522828541955796,0.0,12345,0.08513963930770133
0.714238166809082,0.06100551784038544,0.714238166809082,mask_Face_mean,target_roi,545,0.06100551784038544,E3_interaction,,,,,Scene,180625,0.7651534080505371,Face,,,coco_polygon,,0.091489266541856,1.0,12345,0.4336752657528367
0.7936733961105347,0.6424398422241211,0.7936733961105347,mask_Face_mean,target_roi,640,0.6424398422241211,E3_interaction,,,,,Scene,180625,0.6401379108428955,Face,,,coco_polygon,,-0.0547068647703003,0.0,12345,0.16633336104619545
0.7025068998336792,0.040321581065654755,0.7025068998336792,mask_Face_mean,target_roi,842,0.040321581065654755,E3_interaction,,,,,Scene,180625,0.7947742938995361,Face,,,coco_polygon,,0.040692911293123135,1.0,12345,0.2644653831836101
0.5153053402900696,0.09151076525449753,0.5153053402900696,mask_Face_mean,target_roi,893,0.09151076525449753,E3_interaction,,,,,Scene,180625,0.7895788550376892,Face,,,coco_polygon,,0.3424477826475343,0.0,12345,0.28383193800039563
0.6912159323692322,0.01660316064953804,0.6912159323692322,mask_Face_mean,target_roi,999,0.01660316064953804,E3_interaction,,,,,Scene,180625,0.7263778448104858,Face,,,coco_polygon,,0.0807926322430738,1.0,12345,0.3195751998512605
0.6130682826042175,0.18242937326431274,0.6314278841018677,mask_Face_pure_random_01_mean,pure_matched_random,132,0.12502188980579376,E3_interaction,,,,,Scene,173828,0.681373119354248,Face,,,coco_polygon,,0.09484917013523939,1.0,12345,0.10276574453953367
0.6429768800735474,0.13972587883472443,0.6429768800735474,mask_Face_pure_random_01_mean,pure_matched_random,199,0.13972587883472443,E3_interaction,,,,,Scene,180625,0.6815283894538879,Face,,,coco_polygon,,0.144217341920061,1.0,12345,0.20135887497923757
0.863544762134552,0.19639062881469727,0.863544762134552,mask_Face_pure_random_01_mean,pure_matched_random,214,0.19639062881469727,E3_interaction,,,,,Scene,180625,0.6826419830322266,Face,,,coco_polygon,,-0.11115249650317809,1.0,12345,0.28098322605024306
0.6203963160514832,0.06718531250953674,0.6203963160514832,mask_Face_pure_random_01_mean,pure_matched_random,303,0.06718531250953674,E3_interaction,,,,,Scene,180625,0.735138475894928,Face,,,coco_polygon,,0.12318201069208522,1.0,12345,0.4397616279371567
0.6332075595855713,0.14555251598358154,0.6332075595855713,mask_Face_pure_random_01_mean,pure_matched_random,486,0.14555251598358154,E3_interaction,,,,,Scene,180625,0.6964147686958313,Face,,,coco_polygon,,0.10995143499284467,0.0,12345,0.08627706479037046
0.7289109826087952,0.04357407987117767,0.7289109826087952,mask_Face_pure_random_01_mean,pure_matched_random,545,0.04357407987117767,E3_interaction,,,,,Scene,180625,0.7510111331939697,Face,,,coco_polygon,,0.10617789631264593,1.0,12345,0.435843705987717
0.8101094365119934,0.647566020488739,0.8101094365119934,mask_Face_pure_random_01_mean,pure_matched_random,640,0.647566020488739,E3_interaction,,,,,Scene,180625,0.6415755152702332,Face,,,coco_polygon,,-0.05151579903848615,0.0,12345,0.16679984489317842
0.7047050595283508,0.0731692686676979,0.7047050595283508,mask_Face_pure_random_01_mean,pure_matched_random,842,0.0731692686676979,E3_interaction,,,,,Scene,180625,0.7965026497840881,Face,,,coco_polygon,,0.04966950684238847,1.0,12345,0.26576050960901193
0.44971123337745667,0.04421215131878853,0.44971123337745667,mask_Face_pure_random_01_mean,pure_matched_random,893,0.04421215131878853,E3_interaction,,,,,Scene,180625,0.8113932609558105,Face,,,coco_polygon,,0.34118936747524514,0.0,12345,0.27860622957456826
0.6682085394859314,0.017304837703704834,0.6682085394859314,mask_Face_pure_random_01_mean,pure_matched_random,999,0.017304837703704834,E3_interaction,,,,,Scene,180625,0.7299237847328186,Face,,,coco_polygon,,0.08181619729499459,1.0,12345,0.31883243766013514
0.5292074680328369,0.21640296280384064,0.54462730884552,mask_Face_pure_random_02_mean,pure_matched_random,132,0.1688830405473709,E3_interaction,,,,,Scene,173828,0.6757793426513672,Face,,,coco_polygon,,0.09304593260780593,1.0,12345,0.10478468676968335
0.6295244693756104,0.11194635927677155,0.6295244693756104,mask_Face_pure_random_02_mean,pure_matched_random,199,0.11194635927677155,E3_interaction,,,,,Scene,180625,0.684400200843811,Face,,,coco_polygon,,0.144173717756853,1.0,12345,0.20239319704431508
0.8252111077308655,0.17453046143054962,0.8252111077308655,mask_Face_pure_random_02_mean,pure_matched_random,214,0.17453046143054962,E3_interaction,,,,,Scene,180625,0.6922493577003479,Face,,,coco_polygon,,-0.12389218297405129,1.0,12345,0.308131376904729
0.6240056157112122,0.06555621325969696,0.6240056157112122,mask_Face_pure_random_02_mean,pure_matched_random,303,0.06555621325969696,E3_interaction,,,,,Scene,180625,0.7351844310760498,Face,,,coco_polygon,,0.12275595860092564,1.0,12345,0.4396831704695141
0.6063220500946045,0.16247811913490295,0.6063220500946045,mask_Face_pure_random_02_mean,pure_matched_random,486,0.16247811913490295,E3_interaction,,,,,Scene,180625,0.7009905576705933,Face,,,coco_polygon,,0.11163990122279863,0.0,12345,0.08964328444660176
0.7076325416564941,0.036601822823286057,0.7076325416564941,mask_Face_pure_random_02_mean,pure_matched_random,545,0.036601822823286057,E3_interaction,,,,,Scene,180625,0.7506877183914185,Face,,,coco_polygon,,0.10821674703579229,1.0,12345,0.43125196222368184
0.834852933883667,0.6399277448654175,0.834852933883667,mask_Face_pure_random_02_mean,pure_matched_random,640,0.6399277448654175,E3_interaction,,,,,Scene,180625,0.6524026393890381,Face,,,coco_polygon,,-0.05708875707639207,0.0,12345,0.16496669227033534
0.7026175260543823,0.06947308033704758,0.7026175260543823,mask_Face_pure_random_02_mean,pure_matched_random,842,0.06947308033704758,E3_interaction,,,,,Scene,180625,0.7920074462890625,Face,,,coco_polygon,,0.051664680194739646,1.0,12345,0.2668670595444211
0.5482265949249268,0.0775165930390358,0.5482265949249268,mask_Face_pure_random_02_mean,pure_matched_random,893,0.0775165930390358,E3_interaction,,,,,Scene,180625,0.7751615643501282,Face,,,coco_polygon,,0.3395310749484025,0.0,12345,0.28234240316036413
0.6681554317474365,0.01919589936733246,0.6681554317474365,mask_Face_pure_random_02_mean,pure_matched_random,999,0.01919589936733246,E3_interaction,,,,,Scene,180625,0.719970166683197,Face,,,coco_polygon,,0.08468510507031475,1.0,12345,0.3179003973238526
0.5719762444496155,0.17510756850242615,0.6154450178146362,mask_Face_pure_random_03_mean,pure_matched_random,132,0.1420261263847351,E3_interaction,,,,,Scene,173828,0.6834489703178406,Face,,,coco_polygon,,0.08966994392918641,1.0,12345,0.10417803752697839
0.6811834573745728,0.1959044635295868,0.6811834573745728,mask_Face_pure_random_03_mean,pure_matched_random,199,0.1959044635295868,E3_interaction,,,,,Scene,180625,0.7002829313278198,Face,,,coco_polygon,,0.14374708372870074,1.0,12345,0.19474137278387219
0.6154482960700989,-0.008487666957080364,0.6154482960700989,mask_Face_pure_random_03_mean,pure_matched_random,214,-0.008487666957080364,E3_interaction,,,,,Scene,180625,0.7125149369239807,Face,,,coco_polygon,,-0.13715710668056166,1.0,12345,0.28439346315941916
0.7548507452011108,0.0768824964761734,0.7548507452011108,mask_Face_pure_random_03_mean,pure_matched_random,303,0.0768824964761734,E3_interaction,,,,,Scene,180625,0.7571281790733337,Face,,,coco_polygon,,0.07822848486068135,1.0,12345,0.41446277396776565
0.6628172397613525,0.1294139325618744,0.6628172397613525,mask_Face_pure_random_03_mean,pure_matched_random,486,0.1294139325618744,E3_interaction,,,,,Scene,180625,0.7216299772262573,Face,,,coco_polygon,,0.1244923703476158,0.0,12345,0.09751558080872652
0.7010452747344971,0.13407033681869507,0.7010452747344971,mask_Face_pure_random_03_mean,pure_matched_random,545,0.13407033681869507,E3_interaction,,,,,Scene,180625,0.7677304744720459,Face,,,coco_polygon,,0.1021477898508663,1.0,12345,0.45800438079333267
0.7881416082382202,0.5323670506477356,0.7881416082382202,mask_Face_pure_random_03_mean,pure_matched_random,640,0.5323670506477356,E3_interaction,,,,,Scene,180625,0.6383883357048035,Face,,,coco_polygon,,-0.06302765512154904,0.0,12345,0.16967497546839644
0.6550726890563965,0.0060591865330934525,0.6550726890563965,mask_Face_pure_random_03_mean,pure_matched_random,842,0.0060591865330934525,E3_interaction,,,,,Scene,180625,0.8184124231338501,Face,,,coco_polygon,,0.06031383110176275,1.0,12345,0.2756060371214967
0.589417576789856,0.11407963931560516,0.589417576789856,mask_Face_pure_random_03_mean,pure_matched_random,893,0.11407963931560516,E3_interaction,,,,,Scene,180625,0.7987120747566223,Face,,,coco_polygon,,0.3471565624694258,0.0,12345,0.283471467849783
0.6290538311004639,0.00654627475887537,0.6290538311004639,mask_Face_pure_random_03_mean,pure_matched_random,999,0.00654627475887537,E3_interaction,,,,,Scene,180625,0.7472030520439148,Face,,,coco_polygon,,0.10464979978274615,1.0,12345,0.3542291013621724
0.5184305906295776,0.1487225890159607,0.5438533425331116,mask_Face_pure_random_04_mean,pure_matched_random,132,0.10752855986356735,E3_interaction,,,,,Scene,173828,0.6750545501708984,Face,,,coco_polygon,,0.10092759066370166,1.0,12345,0.10074869869618418
0.6343313455581665,0.1511010080575943,0.6343313455581665,mask_Face_pure_random_04_mean,pure_matched_random,199,0.1511010080575943,E3_interaction,,,,,Scene,180625,0.6796832084655762,Face,,,coco_polygon,,0.14474231020381856,1.0,12345,0.2018260044701178
0.7671688795089722,0.1772661656141281,0.7671688795089722,mask_Face_pure_random_04_mean,pure_matched_random,214,0.1772661656141281,E3_interaction,,,,,Scene,180625,0.6700499057769775,Face,,,coco_polygon,,-0.10016761103681537,1.0,12345,0.31146225339020106
0.6204472780227661,0.059769198298454285,0.6204472780227661,mask_Face_pure_random_04_mean,pure_matched_random,303,0.059769198298454285,E3_interaction,,,,,Scene,180625,0.7347694635391235,Face,,,coco_polygon,,0.12537025976647115,1.0,12345,0.4403884679561084
0.6261695623397827,0.15824323892593384,0.6261695623397827,mask_Face_pure_random_04_mean,pure_matched_random,486,0.15824323892593384,E3_interaction,,,,,Scene,180625,0.7056251764297485,Face,,,coco_polygon,,0.1229907565943917,0.0,12345,0.08894409566394405
0.6867794990539551,0.0518689900636673,0.6867794990539551,mask_Face_pure_random_04_mean,pure_matched_random,545,0.0518689900636673,E3_interaction,,,,,Scene,180625,0.7662388682365417,Face,,,coco_polygon,,0.09800168392455877,1.0,12345,0.4277563907818437
0.8190505504608154,0.6491336226463318,0.8190505504608154,mask_Face_pure_random_04_mean,pure_matched_random,640,0.6491336226463318,E3_interaction,,,,,Scene,180625,0.654332160949707,Face,,,coco_polygon,,-0.06427147301564601,0.0,12345,0.1650914661243929
0.7087043523788452,0.05876968428492546,0.7087043523788452,mask_Face_pure_random_04_mean,pure_matched_random,842,0.05876968428492546,E3_interaction,,,,,Scene,180625,0.7865626811981201,Face,,,coco_polygon,,0.033907298795012496,1.0,12345,0.26161866375139675
0.5532817840576172,0.04238968342542648,0.5532817840576172,mask_Face_pure_random_04_mean,pure_matched_random,893,0.04238968342542648,E3_interaction,,,,,Scene,180625,0.7935304641723633,Face,,,coco_polygon,,0.3444990986674998,0.0,12345,0.2831871570044332
0.699229896068573,0.004024878144264221,0.699229896068573,mask_Face_pure_random_04_mean,pure_matched_random,999,0.004024878144264221,E3_interaction,,,,,Scene,180625,0.7110273838043213,Face,,,coco_polygon,,0.10005698351129702,1.0,12345,0.3190255968665942
0.5804799795150757,0.18188297748565674,0.5928397178649902,mask_Face_pure_random_05_mean,pure_matched_random,132,0.13180193305015564,E3_interaction,,,,,Scene,173828,0.6801099181175232,Face,,,coco_polygon,,0.09114594794774039,1.0,12345,0.10426241030773938
0.6522790789604187,0.1745627373456955,0.6522790789604187,mask_Face_pure_random_05_mean,pure_matched_random,199,0.1745627373456955,E3_interaction,,,,,Scene,180625,0.6990286111831665,Face,,,coco_polygon,,0.14373158339179848,1.0,12345,0.19499393732793546
0.6405498385429382,0.00806309375911951,0.6405498385429382,mask_Face_pure_random_05_mean,pure_matched_random,214,0.00806309375911951,E3_interaction,,,,,Scene,180625,0.7149198055267334,Face,,,coco_polygon,,-0.13170356522784082,1.0,12345,0.2846009667811004
0.735224723815918,0.03769543766975403,0.735224723815918,mask_Face_pure_random_05_mean,pure_matched_random,303,0.03769543766975403,E3_interaction,,,,,Scene,180625,0.7342652082443237,Face,,,coco_polygon,,0.08502132012786308,1.0,12345,0.4152534100476152
0.6773396134376526,0.133329838514328,0.6773396134376526,mask_Face_pure_random_05_mean,pure_matched_random,486,0.133329838514328,E3_interaction,,,,,Scene,180625,0.7243173122406006,Face,,,coco_polygon,,0.12592418450540088,0.0,12345,0.09819209502304956
0.7100350856781006,0.035239361226558685,0.7100350856781006,mask_Face_pure_random_05_mean,pure_matched_random,545,0.035239361226558685,E3_interaction,,,,,Scene,180625,0.7788522839546204,Face,,,coco_polygon,,0.10925294031075061,1.0,12345,0.4535811498662021
0.7891534566879272,0.5244892835617065,0.7891534566879272,mask_Face_pure_random_05_mean,pure_matched_random,640,0.5244892835617065,E3_interaction,,,,,Scene,180625,0.6376644372940063,Face,,,coco_polygon,,-0.06360454229076636,0.0,12345,0.1707793181178163
0.6580236554145813,0.011959312483668327,0.6580236554145813,mask_Face_pure_random_05_mean,pure_matched_random,842,0.011959312483668327,E3_interaction,,,,,Scene,180625,0.8068588376045227,Face,,,coco_polygon,,0.05598012726898211,1.0,12345,0.270367846689129
0.6183955669403076,0.11137557774782181,0.6183955669403076,mask_Face_pure_random_05_mean,pure_matched_random,893,0.11137557774782181,E3_interaction,,,,,Scene,180625,0.7956891655921936,Face,,,coco_polygon,,0.3453945728319289,0.0,12345,0.2817151906421508
0.6327295899391174,0.009501410648226738,0.6327295899391174,mask_Face_pure_random_05_mean,pure_matched_random,999,0.009501410648226738,E3_interaction,,,,,Scene,180625,0.7444870471954346,Face,,,coco_polygon,,0.1041703010348245,1.0,12345,0.3555601965541876
0.5177699327468872,0.19594578444957733,0.5388742089271545,mask_Scene_mean,target_roi,132,0.143301323056221,E3_interaction,,,,,Scene,173828,0.6865853071212769,Scene,,,coco_polygon,,0.08495390624283147,1.0,12345,0.10358169466999574
0.6481634974479675,0.13588082790374756,0.6481634974479675,mask_Scene_mean,target_roi,199,0.13588082790374756,E3_interaction,,,,,Scene,180625,0.6787251830101013,Scene,,,coco_polygon,,0.14563304655229917,1.0,12345,0.20214462889186816
0.7276948690414429,0.12087717652320862,0.7276948690414429,mask_Scene_mean,target_roi,214,0.12087717652320862,E3_interaction,,,,,Scene,180625,0.6780993342399597,Scene,,,coco_polygon,,-0.0986887537905755,1.0,12345,0.3044035307980611
0.6257253289222717,0.05957138538360596,0.6257253289222717,mask_Scene_mean,target_roi,303,0.05957138538360596,E3_interaction,,,,,Scene,180625,0.7344661951065063,Scene,,,coco_polygon,,0.12604060367188738,1.0,12345,0.4411438234002232
0.5359015464782715,0.07455917447805405,0.5359015464782715,mask_Scene_mean,target_roi,486,0.07455917447805405,E3_interaction,,,,,Scene,180625,0.7326872944831848,Scene,,,coco_polygon,,0.11499737800206392,0.0,12345,0.08712519278620938
0.6778945326805115,0.028947148472070694,0.6778945326805115,mask_Scene_mean,target_roi,545,0.028947148472070694,E3_interaction,,,,,Scene,180625,0.7478418946266174,Scene,,,coco_polygon,,0.09166243120910818,1.0,12345,0.42645579081661517
0.8490949273109436,0.6439964771270752,0.8490949273109436,mask_Scene_mean,target_roi,640,0.6439964771270752,E3_interaction,,,,,Scene,180625,0.6433476209640503,Scene,,,coco_polygon,,-0.08610519605346191,0.0,12345,0.1721763301281441
0.6987105011940002,0.07043564319610596,0.6987105011940002,mask_Scene_mean,target_roi,842,0.07043564319610596,E3_interaction,,,,,Scene,180625,0.7877382040023804,Scene,,,coco_polygon,,0.03783859215320934,1.0,12345,0.26320651559001235
0.5245329737663269,0.11280085146427155,0.5245329737663269,mask_Scene_mean,target_roi,893,0.11280085146427155,E3_interaction,,,,,Scene,180625,0.7970570921897888,Scene,,,coco_polygon,,0.3410133481245163,0.0,12345,0.28384914611771045
0.6559444069862366,0.028422456234693527,0.6559444069862366,mask_Scene_mean,target_roi,999,0.028422456234693527,E3_interaction,,,,,Scene,180625,0.7258210182189941,Scene,,,coco_polygon,,0.07960490071287,1.0,12345,0.3184786867498725
0.537341296672821,0.19774311780929565,0.5668951869010925,mask_Scene_pure_random_01_mean,pure_matched_random,132,0.14263084530830383,E3_interaction,,,,,Scene,173828,0.6871370077133179,Scene,,,coco_polygon,,0.08249506437955768,1.0,12345,0.10296777549050544
0.6301760673522949,0.13752232491970062,0.6301760673522949,mask_Scene_pure_random_01_mean,pure_matched_random,199,0.13752232491970062,E3_interaction,,,,,Scene,180625,0.6780943274497986,Scene,,,coco_polygon,,0.14405327061522763,1.0,12345,0.20237366829449613
0.8667454123497009,0.29012537002563477,0.8667454123497009,mask_Scene_pure_random_01_mean,pure_matched_random,214,0.29012537002563477,E3_interaction,,,,,Scene,180625,0.6698523163795471,Scene,,,coco_polygon,,-0.08363436789014592,1.0,12345,0.2962181806252812
0.6192094087600708,0.06791634857654572,0.6192094087600708,mask_Scene_pure_random_01_mean,pure_matched_random,303,0.06791634857654572,E3_interaction,,,,,Scene,180625,0.7372682094573975,Scene,,,coco_polygon,,0.12654711011430864,1.0,12345,0.4394345776479799
0.518729031085968,0.03389981389045715,0.518729031085968,mask_Scene_pure_random_01_mean,pure_matched_random,486,0.03389981389045715,E3_interaction,,,,,Scene,180625,0.79163658618927,Scene,,,coco_polygon,,0.28872318617259424,0.0,12345,0.11665119626320401
0.7296772003173828,0.11031536757946014,0.7296772003173828,mask_Scene_pure_random_01_mean,pure_matched_random,545,0.11031536757946014,E3_interaction,,,,,Scene,180625,0.7582657337188721,Scene,,,coco_polygon,,0.07541084247298695,1.0,12345,0.43662270660366514
0.787526547908783,0.6287334561347961,0.787526547908783,mask_Scene_pure_random_01_mean,pure_matched_random,640,0.6287334561347961,E3_interaction,,,,,Scene,180625,0.6363340616226196,Scene,,,coco_polygon,,-0.052095941441811455,0.0,12345,0.16660113452723385
0.7351199984550476,0.043097399175167084,0.7351199984550476,mask_Scene_pure_random_01_mean,pure_matched_random,842,0.043097399175167084,E3_interaction,,,,,Scene,180625,0.7829639315605164,Scene,,,coco_polygon,,0.07892523477397519,1.0,12345,0.2735766864579757
0.5208631753921509,0.10193192213773727,0.5208631753921509,mask_Scene_pure_random_01_mean,pure_matched_random,893,0.10193192213773727,E3_interaction,,,,,Scene,180625,0.7754471302032471,Scene,,,coco_polygon,,0.3432200576779638,0.0,12345,0.28243427091754836
0.6447706818580627,-0.010020904242992401,0.6447706818580627,mask_Scene_pure_random_01_mean,pure_matched_random,999,-0.010020904242992401,E3_interaction,,,,,Scene,180625,0.7377236485481262,Scene,,,coco_polygon,,0.04941872560819229,1.0,12345,0.32535352335827905
0.5287401080131531,0.19151878356933594,0.5517979264259338,mask_Scene_pure_random_02_mean,pure_matched_random,132,0.13916049897670746,E3_interaction,,,,,Scene,173828,0.6908231973648071,Scene,,,coco_polygon,,0.08147656168835374,1.0,12345,0.1021094106211101
0.5536403656005859,0.06487886607646942,0.5536403656005859,mask_Scene_pure_random_02_mean,pure_matched_random,199,0.06487886607646942,E3_interaction,,,,,Scene,180625,0.6954578757286072,Scene,,,coco_polygon,,0.15555876484224143,0.0,12345,0.20652241292736115
0.8603137135505676,0.1561034768819809,0.8603137135505676,mask_Scene_pure_random_02_mean,pure_matched_random,214,0.1561034768819809,E3_interaction,,,,,Scene,180625,0.6890698671340942,Scene,,,coco_polygon,,-0.10515167301957311,1.0,12345,0.2968905351210334
0.6112856864929199,0.06317363679409027,0.6112856864929199,mask_Scene_pure_random_02_mean,pure_matched_random,303,0.06317363679409027,E3_interaction,,,,,Scene,180625,0.7375047206878662,Scene,,,coco_polygon,,0.12505730673045448,1.0,12345,0.4376388419383346
0.517412543296814,-0.0020914990454912186,0.517412543296814,mask_Scene_pure_random_02_mean,pure_matched_random,486,-0.0020914990454912186,E3_interaction,,,,,Scene,180625,0.8006144762039185,Scene,,,coco_polygon,,0.2562640910148295,0.0,12345,0.11317766411069045
0.7388114929199219,0.13135965168476105,0.7388114929199219,mask_Scene_pure_random_02_mean,pure_matched_random,545,0.13135965168476105,E3_interaction,,,,,Scene,180625,0.7603974342346191,Scene,,,coco_polygon,,0.07748074407785754,1.0,12345,0.44117106649457677
0.8194359540939331,0.6546800136566162,0.8194359540939331,mask_Scene_pure_random_02_mean,pure_matched_random,640,0.6546800136566162,E3_interaction,,,,,Scene,180625,0.6285434365272522,Scene,,,coco_polygon,,-0.04664863235500798,0.0,12345,0.1682283963558596
0.7188189625740051,0.012926996685564518,0.7188189625740051,mask_Scene_pure_random_02_mean,pure_matched_random,842,0.012926996685564518,E3_interaction,,,,,Scene,180625,0.7901142835617065,Scene,,,coco_polygon,,0.07896266567022191,1.0,12345,0.27283193775617104
0.5164397954940796,0.10728966444730759,0.5164397954940796,mask_Scene_pure_random_02_mean,pure_matched_random,893,0.10728966444730759,E3_interaction,,,,,Scene,180625,0.7644515037536621,Scene,,,coco_polygon,,0.35035067357072425,0.0,12345,0.28400523493518653
0.676237940788269,-0.007900024764239788,0.676237940788269,mask_Scene_pure_random_02_mean,pure_matched_random,999,-0.007900024764239788,E3_interaction,,,,,Scene,180625,0.7350293397903442,Scene,,,coco_polygon,,0.038774845795663246,1.0,12345,0.3270213293378266
0.5098061561584473,0.22757691144943237,0.5356965661048889,mask_Scene_pure_random_03_mean,pure_matched_random,132,0.18790635466575623,E3_interaction,,,,,Scene,173828,0.6856150031089783,Scene,,,coco_polygon,,0.08044704614979972,1.0,12345,0.10159822006602558
0.6535370945930481,0.18401072919368744,0.6535370945930481,mask_Scene_pure_random_03_mean,pure_matched_random,199,0.18401072919368744,E3_interaction,,,,,Scene,180625,0.6834144592285156,Scene,,,coco_polygon,,0.13600519662103835,1.0,12345,0.19921467854464237
0.8420608043670654,0.19791938364505768,0.8420608043670654,mask_Scene_pure_random_03_mean,pure_matched_random,214,0.19791938364505768,E3_interaction,,,,,Scene,180625,0.683474600315094,Scene,,,coco_polygon,,-0.1001076110153259,1.0,12345,0.2793405438682535
0.6914322376251221,0.06728386133909225,0.6914322376251221,mask_Scene_pure_random_03_mean,pure_matched_random,303,0.06728386133909225,E3_interaction,,,,,Scene,180625,0.7295311689376831,Scene,,,coco_polygon,,0.1537707172498065,1.0,12345,0.4409543040714289
0.6363275051116943,0.16894492506980896,0.6363275051116943,mask_Scene_pure_random_03_mean,pure_matched_random,486,0.16894492506980896,E3_interaction,,,,,Scene,180625,0.7004334926605225,Scene,,,coco_polygon,,0.11557654421977824,0.0,12345,0.09260879564002471
0.6597776412963867,0.07338301837444305,0.6597776412963867,mask_Scene_pure_random_03_mean,pure_matched_random,545,0.07338301837444305,E3_interaction,,,,,Scene,180625,0.769240140914917,Scene,,,coco_polygon,,0.09290841379559231,1.0,12345,0.4395012395829023
0.7949044704437256,0.6357086896896362,0.7949044704437256,mask_Scene_pure_random_03_mean,pure_matched_random,640,0.6357086896896362,E3_interaction,,,,,Scene,180625,0.635745108127594,Scene,,,coco_polygon,,-0.06722563746299431,0.0,12345,0.168585039902794
0.7029408812522888,0.07987339794635773,0.7029408812522888,mask_Scene_pure_random_03_mean,pure_matched_random,842,0.07987339794635773,E3_interaction,,,,,Scene,180625,0.7891513705253601,Scene,,,coco_polygon,,0.02522201284386692,1.0,12345,0.2604016734697474
0.531664252281189,0.09112799912691116,0.531664252281189,mask_Scene_pure_random_03_mean,pure_matched_random,893,0.09112799912691116,E3_interaction,,,,,Scene,180625,0.7810207605361938,Scene,,,coco_polygon,,0.3427793661878452,0.0,12345,0.28294244025029186
0.6765732169151306,-0.001642134040594101,0.6765732169151306,mask_Scene_pure_random_03_mean,pure_matched_random,999,-0.001642134040594101,E3_interaction,,,,,Scene,180625,0.7331573367118835,Scene,,,coco_polygon,,0.09362576144052814,1.0,12345,0.3341644736898409
0.5292007327079773,0.11038513481616974,0.5495731830596924,mask_Scene_pure_random_04_mean,pure_matched_random,132,0.09031357616186142,E3_interaction,,,,,Scene,173828,0.6815019249916077,Scene,,,coco_polygon,,0.08911823366874994,1.0,12345,0.10831430658566407
0.6636022329330444,0.17622870206832886,0.6636022329330444,mask_Scene_pure_random_04_mean,pure_matched_random,199,0.17622870206832886,E3_interaction,,,,,Scene,180625,0.6876605153083801,Scene,,,coco_polygon,,0.13597332838399562,1.0,12345,0.19959078851761689
0.7845777869224548,0.1866944283246994,0.7845777869224548,mask_Scene_pure_random_04_mean,pure_matched_random,214,0.1866944283246994,E3_interaction,,,,,Scene,180625,0.6845652461051941,Scene,,,coco_polygon,,-0.10853363698539287,1.0,12345,0.30503825365152315
0.6519390940666199,0.04399405047297478,0.6519390940666199,mask_Scene_pure_random_04_mean,pure_matched_random,303,0.04399405047297478,E3_interaction,,,,,Scene,180625,0.7513749003410339,Scene,,,coco_polygon,,0.1358294421026165,1.0,12345,0.45541514234622504
0.6494454145431519,0.19255051016807556,0.6494454145431519,mask_Scene_pure_random_04_mean,pure_matched_random,486,0.19255051016807556,E3_interaction,,,,,Scene,180625,0.7075259685516357,Scene,,,coco_polygon,,0.1234839534936287,0.0,12345,0.09314584363946363
0.6517019867897034,0.088873490691185,0.6517019867897034,mask_Scene_pure_random_04_mean,pure_matched_random,545,0.088873490691185,E3_interaction,,,,,Scene,180625,0.7718791365623474,Scene,,,coco_polygon,,0.09418736415588777,1.0,12345,0.4463352079707141
0.8049981594085693,0.6027736067771912,0.8049981594085693,mask_Scene_pure_random_04_mean,pure_matched_random,640,0.6027736067771912,E3_interaction,,,,,Scene,180625,0.6428389549255371,Scene,,,coco_polygon,,-0.06903835184560035,0.0,12345,0.16788878480571331
0.6900631785392761,0.06639281660318375,0.6900631785392761,mask_Scene_pure_random_04_mean,pure_matched_random,842,0.06639281660318375,E3_interaction,,,,,Scene,180625,0.77174973487854,Scene,,,coco_polygon,,0.028944840899926584,1.0,12345,0.25982218173614813
0.5874989628791809,0.07075628638267517,0.5874989628791809,mask_Scene_pure_random_04_mean,pure_matched_random,893,0.07075628638267517,E3_interaction,,,,,Scene,180625,0.7961042523384094,Scene,,,coco_polygon,,0.3303543095394813,0.0,12345,0.27852149716408264
0.6655827164649963,0.028513234108686447,0.6655827164649963,mask_Scene_pure_random_04_mean,pure_matched_random,999,0.028513234108686447,E3_interaction,,,,,Scene,180625,0.721730649471283,Scene,,,coco_polygon,,0.08117702459472445,1.0,12345,0.3311095370720188
0.5277292728424072,0.15801210701465607,0.5244548320770264,mask_Scene_pure_random_05_mean,pure_matched_random,132,0.10495331138372421,E3_interaction,,,,,Scene,173828,0.6761866807937622,Scene,,,coco_polygon,,0.08827538205601938,1.0,12345,0.10737270218766853
0.6241719126701355,0.09941348433494568,0.6241719126701355,mask_Scene_pure_random_05_mean,pure_matched_random,199,0.09941348433494568,E3_interaction,,,,,Scene,180625,0.711041271686554,Scene,,,coco_polygon,,0.11327794828888126,1.0,12345,0.19866853962998582
0.7476615905761719,0.08328955620527267,0.7476615905761719,mask_Scene_pure_random_05_mean,pure_matched_random,214,0.08328955620527267,E3_interaction,,,,,Scene,180625,0.6578079462051392,Scene,,,coco_polygon,,-0.15604484907807045,1.0,12345,0.31733385945033676
0.6716200709342957,0.0908244252204895,0.6716200709342957,mask_Scene_pure_random_05_mean,pure_matched_random,303,0.0908244252204895,E3_interaction,,,,,Scene,180625,0.7483471632003784,Scene,,,coco_polygon,,0.1434204078851227,1.0,12345,0.4588734084331942
0.6635670065879822,0.14586053788661957,0.6635670065879822,mask_Scene_pure_random_05_mean,pure_matched_random,486,0.14586053788661957,E3_interaction,,,,,Scene,180625,0.7148586511611938,Scene,,,coco_polygon,,0.12393377397679083,0.0,12345,0.10330381147193096
0.6919787526130676,0.048627763986587524,0.6919787526130676,mask_Scene_pure_random_05_mean,pure_matched_random,545,0.048627763986587524,E3_interaction,,,,,Scene,180625,0.7613304257392883,Scene,,,coco_polygon,,0.09739486839949278,1.0,12345,0.4329796661381473
0.8261356353759766,0.6120980978012085,0.8261356353759766,mask_Scene_pure_random_05_mean,pure_matched_random,640,0.6120980978012085,E3_interaction,,,,,Scene,180625,0.6318126320838928,Scene,,,coco_polygon,,-0.04803898770267906,0.0,12345,0.16715847359177485
0.6868370771408081,0.09708118438720703,0.6868370771408081,mask_Scene_pure_random_05_mean,pure_matched_random,842,0.09708118438720703,E3_interaction,,,,,Scene,180625,0.7952292561531067,Scene,,,coco_polygon,,0.040025988238333365,1.0,12345,0.2681925076277032
0.5126190185546875,0.07887279987335205,0.5126190185546875,mask_Scene_pure_random_05_mean,pure_matched_random,893,0.07887279987335205,E3_interaction,,,,,Scene,180625,0.7927917242050171,Scene,,,coco_polygon,,0.34206659198417244,0.0,12345,0.2841678784078486
0.6330452561378479,0.027856919914484024,0.6330452561378479,mask_Scene_pure_random_05_mean,pure_matched_random,999,0.027856919914484024,E3_interaction,,,,,Scene,180625,0.7363362312316895,Scene,,,coco_polygon,,0.07602181814258943,1.0,12345,0.33716143465255083
0.5089651942253113,0.21401779353618622,0.5377212762832642,no_mask,none,132,0.15916597843170166,E3_interaction,,,,,Scene,173828,0.6798518300056458,none,,,coco_polygon,,0.08359801283194034,1.0,12345,0.10187761130218921
0.646779477596283,0.1339290887117386,0.646779477596283,no_mask,none,199,0.1339290887117386,E3_interaction,,,,,Scene,180625,0.6789929866790771,none,,,coco_polygon,,0.14532005140008,1.0,12345,0.2019177690990224
0.7897874116897583,0.15435479581356049,0.7897874116897583,no_mask,none,214,0.15435479581356049,E3_interaction,,,,,Scene,180625,0.7013276815414429,none,,,coco_polygon,,-0.11008662854275526,1.0,12345,0.31933604677619787
0.6187888383865356,0.06225881725549698,0.6187888383865356,no_mask,none,303,0.06225881725549698,E3_interaction,,,,,Scene,180625,0.735164225101471,none,,,coco_polygon,,0.12523300164131781,1.0,12345,0.442278232182648
0.626547634601593,0.17104199528694153,0.626547634601593,no_mask,none,486,0.17104199528694153,E3_interaction,,,,,Scene,180625,0.7079369425773621,none,,,coco_polygon,,0.1201107558537632,0.0,12345,0.08790386848517617
0.7139410972595215,-0.014000646770000458,0.7139410972595215,no_mask,none,545,-0.014000646770000458,E3_interaction,,,,,Scene,180625,0.7464742064476013,none,,,coco_polygon,,0.10486398113400656,1.0,12345,0.43409120421961533
0.8197050094604492,0.6440849304199219,0.8197050094604492,no_mask,none,640,0.6440849304199219,E3_interaction,,,,,Scene,180625,0.6447330117225647,none,,,coco_polygon,,-0.05620480625686535,0.0,12345,0.1658653806479968
0.6995592713356018,0.07228434085845947,0.6995592713356018,no_mask,none,842,0.07228434085845947,E3_interaction,,,,,Scene,180625,0.7896345257759094,none,,,coco_polygon,,0.040630952251259886,1.0,12345,0.26358187735174887
0.5361815094947815,0.09187387675046921,0.5361815094947815,no_mask,none,893,0.09187387675046921,E3_interaction,,,,,Scene,180625,0.7856427431106567,none,,,coco_polygon,,0.3438162126308746,0.0,12345,0.2836476508846109
0.6646041870117188,0.030521240085363388,0.6646041870117188,no_mask,none,999,0.030521240085363388,E3_interaction,,,,,Scene,180625,0.7284445762634277,none,,,coco_polygon,,0.07996375783268637,1.0,12345,0.3201064312296886
0.5089651942253113,0.21401779353618622,0.5377212762832642,no_mask_repeat,none,132,0.15916597843170166,E3_interaction,,,,,Scene,173828,0.6798518300056458,none,,,coco_polygon,,0.08359801283194034,1.0,12345,0.10187761130218921
0.646779477596283,0.1339290887117386,0.646779477596283,no_mask_repeat,none,199,0.1339290887117386,E3_interaction,,,,,Scene,180625,0.6789929866790771,none,,,coco_polygon,,0.14532005140008,1.0,12345,0.2019177690990224
0.7897874116897583,0.15435479581356049,0.7897874116897583,no_mask_repeat,none,214,0.15435479581356049,E3_interaction,,,,,Scene,180625,0.7013276815414429,none,,,coco_polygon,,-0.11008662854275526,1.0,12345,0.31933604677619787
0.6187888383865356,0.06225881725549698,0.6187888383865356,no_mask_repeat,none,303,0.06225881725549698,E3_interaction,,,,,Scene,180625,0.735164225101471,none,,,coco_polygon,,0.12523300164131781,1.0,12345,0.442278232182648
0.626547634601593,0.17104199528694153,0.626547634601593,no_mask_repeat,none,486,0.17104199528694153,E3_interaction,,,,,Scene,180625,0.7079369425773621,none,,,coco_polygon,,0.1201107558537632,0.0,12345,0.08790386848517617
0.7139410972595215,-0.014000646770000458,0.7139410972595215,no_mask_repeat,none,545,-0.014000646770000458,E3_interaction,,,,,Scene,180625,0.7464742064476013,none,,,coco_polygon,,0.10486398113400656,1.0,12345,0.43409120421961533
0.8197050094604492,0.6440849304199219,0.8197050094604492,no_mask_repeat,none,640,0.6440849304199219,E3_interaction,,,,,Scene,180625,0.6447330117225647,none,,,coco_polygon,,-0.05620480625686535,0.0,12345,0.1658653806479968
0.6995592713356018,0.07228434085845947,0.6995592713356018,no_mask_repeat,none,842,0.07228434085845947,E3_interaction,,,,,Scene,180625,0.7896345257759094,none,,,coco_polygon,,0.040630952251259886,1.0,12345,0.26358187735174887
0.5361815094947815,0.09187387675046921,0.5361815094947815,no_mask_repeat,none,893,0.09187387675046921,E3_interaction,,,,,Scene,180625,0.7856427431106567,none,,,coco_polygon,,0.3438162126308746,0.0,12345,0.2836476508846109
0.6646041870117188,0.030521240085363388,0.6646041870117188,no_mask_repeat,none,999,0.030521240085363388,E3_interaction,,,,,Scene,180625,0.7284445762634277,none,,,coco_polygon,,0.07996375783268637,1.0,12345,0.3201064312296886
