category,condition,seed,dataset_idx,pixel_corr,ssim,lpips,clip,dino
Body,Body_equal4_zero,12345,21,0.06525291407818071,0.22869753011730565,0.6529244184494019,0.7459589242935181,0.6081361770629883
Body,Body_equal4_zero,12345,38,-0.02670612174527731,0.2541729529243505,0.6799405813217163,0.7291752696037292,0.39049166440963745
Body,Body_equal4_zero,12345,40,0.24544054135174556,0.7015187981896961,0.5820764303207397,0.7269409894943237,0.23642781376838684
Body,Body_equal4_zero,12345,59,0.0326912850883268,0.30100785623903514,0.6587622165679932,0.43846097588539124,0.028497856110334396
Body,Body_equal4_zero,12345,88,0.2350311451159267,0.3378118195327044,0.7307790517807007,0.4046308100223541,0.02111341431736946
Body,Body_equal4_zero,12345,116,0.06845990267189378,0.21389004199311926,0.7853885293006897,0.6374354958534241,0.3758901357650757
Body,Body_equal4_zero,12345,133,-0.05632699346956996,0.5961026117511544,0.6653898358345032,0.48551300168037415,0.009887688793241978
Body,Body_equal4_zero,12345,161,0.08506489227348295,0.37208109043623044,0.6250737905502319,0.6858384013175964,0.6449358463287354
Body,Body_equal4_zero,12345,170,-0.07138145930719834,0.23123348984227912,0.639174222946167,0.6368869543075562,0.02436096780002117
Body,Body_equal4_zero,12345,179,0.046902415817880204,0.3057226812243533,0.7839654684066772,0.6029130220413208,0.15639466047286987
Body,Body_equal4_zero,12345,220,-0.2165441088846427,0.4193024326073316,0.7130870819091797,0.35804277658462524,0.08312922716140747
Body,Body_equal4_zero,12345,233,0.05549941191242676,0.16043054717083013,0.6798372864723206,0.4823415279388428,-0.0019023614004254341
Body,Body_equal4_zero,12345,257,-0.05774871334448193,0.22803191866770745,0.655966579914093,0.48833703994750977,0.0995560884475708
Body,Body_equal4_zero,12345,290,-0.10565518208466902,0.2651328905383952,0.7520321011543274,0.5412163138389587,0.21152739226818085
Body,Body_equal4_zero,12345,331,0.1925831428786972,0.27411559321985723,0.7523486614227295,0.4497813582420349,-0.0024612825363874435
Body,Body_equal4_zero,12345,339,0.060477597023433284,0.36299131349421687,0.679632306098938,0.7327530384063721,0.6137742400169373
Body,Body_equal4_zero,12345,355,-0.012768359549351503,0.5675093823766236,0.7306565046310425,0.6361839771270752,0.5838193893432617
Body,Body_equal4_zero,12345,366,-0.09590383666241807,0.3957041029610221,0.7271090745925903,0.7166627049446106,0.161581888794899
Body,Body_equal4_zero,12345,474,0.22137818370056161,0.23794276966272404,0.6620475053787231,0.4921356439590454,0.13904798030853271
Body,Body_equal4_zero,12345,492,0.19402102845801503,0.40346254793904296,0.6149436831474304,0.6562889814376831,0.45410290360450745
Body,Body_equal4_zero,12345,527,0.2444312671078498,0.2167824311394045,0.7747930884361267,0.48465844988822937,0.15495793521404266
Body,Body_equal4_zero,12345,530,-0.14583045604708708,0.48012932952208526,0.6685178279876709,0.6239556074142456,0.3563322424888611
Body,Body_equal4_zero,12345,542,-0.1281824432131987,0.31741722167476083,0.6248905658721924,0.6420773863792419,0.290696918964386
Body,Body_equal4_zero,12345,574,0.02011574470301276,0.541663418547626,0.6557044386863708,0.6250377297401428,0.6848995089530945
Body,Body_equal4_zero,12345,597,-0.10064618589285687,0.2847822291059228,0.7236161231994629,0.6225817799568176,0.081210657954216
Body,Body_equal4_zero,12345,619,0.0342631002958097,0.19778225271097175,0.6753920912742615,0.6467734575271606,0.5895525217056274
Body,Body_equal4_zero,12345,656,0.0596295056227756,0.2031778900833185,0.6734112501144409,0.5064591765403748,0.052990756928920746
Body,Body_equal4_zero,12345,661,-0.14202143682727286,0.30736568336882736,0.6726351380348206,0.6491243243217468,0.25739428400993347
Body,Body_equal4_zero,12345,664,0.06589199834317093,0.4808154712873501,0.7333652973175049,0.8349762558937073,0.5911073088645935
Body,Body_equal4_zero,12345,698,-0.12717490261390704,0.27053946209449026,0.7541608214378357,0.5856325030326843,0.05950808525085449
Body,Body_equal4_zero,12345,700,0.20162495901611158,0.27281322048238144,0.7124204635620117,0.40251681208610535,0.2058706283569336
Body,Body_equal4_zero,12345,716,-0.04509028778429213,0.225205552300788,0.6809315085411072,0.4704724848270416,0.0810881108045578
Body,Body_equal4_zero,12345,765,-0.037384408382989606,0.31534157867882184,0.7122039794921875,0.6324558258056641,0.24961735308170319
Body,Body_equal4_zero,12345,771,0.032837395306925844,0.38762769109964657,0.7116947770118713,0.6290954947471619,0.18507860600948334
Body,Body_equal4_zero,12345,786,0.008585642601270194,0.07851987873156271,0.8238199353218079,0.7137914896011353,0.43563875555992126
Body,Body_equal4_zero,12345,806,-0.04468880722345797,0.21399205153213155,0.6329936385154724,0.583406925201416,0.12561117112636566
Body,Body_equal4_zero,12345,813,0.10401359064744557,0.2023034576954932,0.7174555063247681,0.5278582572937012,0.04963911697268486
Body,Body_equal4_zero,12345,816,-0.09675501831324335,0.19602130170488583,0.6800123453140259,0.43006089329719543,0.17066600918769836
Body,Body_equal4_zero,12345,822,0.32878945811653426,0.3496993298880993,0.6341008543968201,0.36884909868240356,0.09068915247917175
Body,Body_equal4_zero,12345,826,0.4908000693912717,0.40002576915715987,0.6660861968994141,0.3312426805496216,0.07109073549509048
Body,Body_equal4_zero,12345,847,-0.0236727056744767,0.3280781952562418,0.6794220209121704,0.6549686193466187,0.10045111179351807
Body,Body_equal4_zero,12345,876,-0.0870298383977003,0.12593345184226956,0.743706464767456,0.37422090768814087,-0.027772845700383186
Body,Body_equal4_zero,12345,891,-0.1416989897753229,0.07888698035180755,0.7455150485038757,0.5082582831382751,0.08388710021972656
Body,Body_equal4_zero,12345,919,-0.015559215387251425,0.16501480821710626,0.7330304384231567,0.4480542838573456,0.24774444103240967
Body,Body_equal4_zero,12345,931,0.08770645755057485,0.29052034825392375,0.6679494380950928,0.7345492243766785,0.7158334255218506
Body,Body_equal4_zero,12345,933,0.16028921609079827,0.3531513218675943,0.6826337575912476,0.6243282556533813,0.39573419094085693
Body,Body_equal4_zero,12345,941,0.01499399224587017,0.3413883445729323,0.6528304815292358,0.6199185848236084,0.26663386821746826
Body,Body_equal4_zero,12345,960,0.03448813256617604,0.33656183634488124,0.736495852470398,0.6298531889915466,0.14087358117103577
Body,Body_equal4_zero,12345,968,0.03746123460784508,0.12122253781849905,0.6756192445755005,0.6296625733375549,0.23895524442195892
Body,Body_equal4_zero,12345,989,0.0850535637327921,0.5241346504681519,0.6857436895370483,0.8493436574935913,0.8100707530975342
Body,Body_full_zero,12345,21,0.04565754979317001,0.25477350758019907,0.6743825078010559,0.7318131923675537,0.5992620587348938
Body,Body_full_zero,12345,38,-0.03835468041355405,0.24283846634852482,0.6611657738685608,0.7464494109153748,0.28013932704925537
Body,Body_full_zero,12345,40,0.34669149039751307,0.7094118431789914,0.5598935484886169,0.8060115575790405,0.5490065813064575
Body,Body_full_zero,12345,59,0.03716815733644696,0.3144543239327662,0.6828148365020752,0.4805498421192169,0.031526848673820496
Body,Body_full_zero,12345,88,0.08926704189398661,0.34385289478536585,0.7210485339164734,0.387428879737854,0.009084216319024563
Body,Body_full_zero,12345,116,0.11569337186233297,0.19760280064027536,0.8592967987060547,0.6954681873321533,0.6157517433166504
Body,Body_full_zero,12345,133,-0.09444239397496729,0.5721338907284553,0.6970192790031433,0.4409300684928894,0.3024875819683075
Body,Body_full_zero,12345,161,0.029123247657276485,0.36728666205035676,0.6246901750564575,0.675728976726532,0.5770617723464966
Body,Body_full_zero,12345,170,-0.11078145911621924,0.26441611184871855,0.6179629564285278,0.6197634935379028,0.039827995002269745
Body,Body_full_zero,12345,179,-0.03139531020910464,0.30784022797324423,0.7916327118873596,0.6405059099197388,0.2377554476261139
Body,Body_full_zero,12345,220,-0.0849587272847608,0.42943760513330037,0.6648851037025452,0.5558990240097046,0.12312816083431244
Body,Body_full_zero,12345,233,0.18518080332420309,0.17799519269275715,0.7083694934844971,0.5855950117111206,0.29549509286880493
Body,Body_full_zero,12345,257,-0.03779682635120713,0.23809054304353722,0.6594560742378235,0.5072299242019653,0.08650220185518265
Body,Body_full_zero,12345,290,-0.08238604015288689,0.28543190621010917,0.7732197046279907,0.5702744126319885,0.21655292809009552
Body,Body_full_zero,12345,331,0.1867566286112384,0.26832287334558236,0.7234433889389038,0.3904534876346588,-0.01784474402666092
Body,Body_full_zero,12345,339,0.05021649015890188,0.33587305314377713,0.6716110706329346,0.6652012467384338,0.46377700567245483
Body,Body_full_zero,12345,355,-0.018263701194549974,0.584200028987089,0.7223097085952759,0.5877624750137329,0.39386504888534546
Body,Body_full_zero,12345,366,-0.12521496119973147,0.3738305034788208,0.733856201171875,0.5810574293136597,0.033420223742723465
Body,Body_full_zero,12345,474,0.2709257650220322,0.23463655140488876,0.6731828451156616,0.5142895579338074,0.12214849889278412
Body,Body_full_zero,12345,492,0.18600857428262,0.4024975590834328,0.615199863910675,0.6534757018089294,0.34060245752334595
Body,Body_full_zero,12345,527,0.23715034638145593,0.2248140484255952,0.778021514415741,0.408607542514801,0.1347244381904602
Body,Body_full_zero,12345,530,-0.1727211038272667,0.47352809826847936,0.6693289279937744,0.6246141195297241,0.25488197803497314
Body,Body_full_zero,12345,542,-0.1387900670454486,0.322905324958735,0.6454465389251709,0.6129181385040283,0.3689875304698944
Body,Body_full_zero,12345,574,0.02253191931743447,0.5544940123783083,0.6610462665557861,0.6363626718521118,0.569686233997345
Body,Body_full_zero,12345,597,-0.09267567006149707,0.2864895051911437,0.7272253036499023,0.5519989132881165,0.11129612475633621
Body,Body_full_zero,12345,619,-0.0013671449897714302,0.21506958640724258,0.7176107168197632,0.7376824617385864,0.6442406177520752
Body,Body_full_zero,12345,656,0.0429590889243547,0.223826954292153,0.6923897862434387,0.5025631785392761,0.03465655446052551
Body,Body_full_zero,12345,661,-0.1548209044492453,0.3134409962643601,0.6778303384780884,0.6221038699150085,0.3415146768093109
Body,Body_full_zero,12345,664,0.08737608953099606,0.4801514237139241,0.7167048454284668,0.8056206703186035,0.6339437961578369
Body,Body_full_zero,12345,698,-0.10743045771935389,0.27534596614170215,0.7519444227218628,0.6483914852142334,0.05599949508905411
Body,Body_full_zero,12345,700,0.2160276919433652,0.284105564303163,0.7819522619247437,0.46392107009887695,0.35124272108078003
Body,Body_full_zero,12345,716,-0.1285061026424164,0.21379943026194184,0.6664404273033142,0.43202388286590576,-0.016760505735874176
Body,Body_full_zero,12345,765,0.017048115354571694,0.29263140318766556,0.7032254934310913,0.579431414604187,0.28467270731925964
Body,Body_full_zero,12345,771,0.02908525627318431,0.38701637277315043,0.7195649147033691,0.611568033695221,0.06980033963918686
Body,Body_full_zero,12345,786,-0.006176030598721353,0.07902562974776067,0.8689674735069275,0.6483420133590698,0.31555476784706116
Body,Body_full_zero,12345,806,-0.036403915671938375,0.19774894307512553,0.6382806301116943,0.5677936673164368,0.4241013824939728
Body,Body_full_zero,12345,813,0.10485144719917208,0.20219787858994082,0.7216228246688843,0.5714157223701477,0.10716371238231659
Body,Body_full_zero,12345,816,-0.07947639355427276,0.20240577317423525,0.6569138765335083,0.2953345775604248,0.06432532519102097
Body,Body_full_zero,12345,822,0.35621809520613523,0.35392370267311174,0.6206007599830627,0.36900174617767334,0.13655778765678406
Body,Body_full_zero,12345,826,0.48215945719327935,0.40081440892272013,0.7065709233283997,0.4114297926425934,0.17658938467502594
Body,Body_full_zero,12345,847,-0.030211379550102887,0.3235486601312798,0.6873033046722412,0.6522408723831177,0.22141098976135254
Body,Body_full_zero,12345,876,-0.07485968403998002,0.1273284775619936,0.7665214538574219,0.3637336194515228,0.005321149714291096
Body,Body_full_zero,12345,891,-0.09553352946539184,0.07422543086077911,0.806130051612854,0.5392755270004272,0.08076838403940201
Body,Body_full_zero,12345,919,-0.01620990978004873,0.16577717224625635,0.7663727402687073,0.4890153110027313,0.21941949427127838
Body,Body_full_zero,12345,931,0.20449249089280241,0.280071926600311,0.6680150032043457,0.6833739876747131,0.6856573820114136
Body,Body_full_zero,12345,933,0.21164894908932044,0.3558726387960022,0.6403899192810059,0.6759660243988037,0.3962441384792328
Body,Body_full_zero,12345,941,-0.05710140965258116,0.3042024482617929,0.6480274200439453,0.5111011266708374,0.0809483602643013
Body,Body_full_zero,12345,960,-0.032073430092059235,0.3747739596813839,0.7960850596427917,0.7013006210327148,0.30586278438568115
Body,Body_full_zero,12345,968,0.017318201671137495,0.13005171056789983,0.6574609279632568,0.5990397334098816,0.3289772868156433
Body,Body_full_zero,12345,989,0.0923322076226643,0.5280411936712924,0.6763608455657959,0.853042721748352,0.8324427604675293
Body,Body_random_equal4_01_zero,12345,21,0.07161280330372002,0.2206456735466461,0.6547625064849854,0.7339547872543335,0.5980330109596252
Body,Body_random_equal4_01_zero,12345,38,-0.024153939416290023,0.25956729150166236,0.6895760893821716,0.7190971970558167,0.3465721607208252
Body,Body_random_equal4_01_zero,12345,40,0.24109912900042624,0.7042445758790787,0.577027440071106,0.7145323157310486,0.23402446508407593
Body,Body_random_equal4_01_zero,12345,59,0.030879304190214955,0.30330781178738553,0.6575666666030884,0.4387887716293335,0.0144620630890131
Body,Body_random_equal4_01_zero,12345,88,0.12463556821491822,0.2533241485674241,0.7282074093818665,0.4586571455001831,0.02631481923162937
Body,Body_random_equal4_01_zero,12345,116,0.03339827068111122,0.22191275362493665,0.7700091600418091,0.4920492172241211,0.25385603308677673
Body,Body_random_equal4_01_zero,12345,133,-0.06444353700844394,0.6005734091369456,0.6783655881881714,0.48808908462524414,0.027706056833267212
Body,Body_random_equal4_01_zero,12345,161,0.04096192292952325,0.38292181206004366,0.6368618607521057,0.7405250072479248,0.6512464880943298
Body,Body_random_equal4_01_zero,12345,170,-0.06176971869588819,0.2313613661962155,0.6336646676063538,0.6390224695205688,0.019394326955080032
Body,Body_random_equal4_01_zero,12345,179,0.02075793078564676,0.2362735010999253,0.8174073100090027,0.5630024075508118,0.07753176242113113
Body,Body_random_equal4_01_zero,12345,220,-0.14103528384593064,0.42282789375444363,0.7103310227394104,0.4229072630405426,0.045518659055233
Body,Body_random_equal4_01_zero,12345,233,0.05433989384470958,0.16594347384152097,0.6824416518211365,0.48068973422050476,0.014431895688176155
Body,Body_random_equal4_01_zero,12345,257,-0.06642655719534919,0.2281461130246711,0.6475831270217896,0.4945642352104187,0.12517397105693817
Body,Body_random_equal4_01_zero,12345,290,-0.07282941496151202,0.26772641426816507,0.7517420053482056,0.5762297511100769,0.23117586970329285
Body,Body_random_equal4_01_zero,12345,331,0.20067822314619566,0.2730935340468359,0.7643340826034546,0.4618944227695465,-0.012412435375154018
Body,Body_random_equal4_01_zero,12345,339,0.058653855325957446,0.35974784809112775,0.6694729924201965,0.7152897119522095,0.6839311718940735
Body,Body_random_equal4_01_zero,12345,355,-0.09458489755284685,0.47374615299241934,0.7529831528663635,0.6417792439460754,0.7240820527076721
Body,Body_random_equal4_01_zero,12345,366,-0.1341843331662349,0.37425295042974444,0.7357421517372131,0.6772998571395874,0.12274399399757385
Body,Body_random_equal4_01_zero,12345,474,0.2124287294186178,0.2422380136895545,0.6714580655097961,0.401695191860199,0.06900529563426971
Body,Body_random_equal4_01_zero,12345,492,0.18229813471802125,0.4097915638900767,0.6186695098876953,0.6970466375350952,0.42403289675712585
Body,Body_random_equal4_01_zero,12345,527,0.24150331092964486,0.19811931394029872,0.7778850197792053,0.3688058853149414,0.13810500502586365
Body,Body_random_equal4_01_zero,12345,530,-0.15542754317042493,0.4810019613921352,0.669365644454956,0.6108947396278381,0.39749568700790405
Body,Body_random_equal4_01_zero,12345,542,-0.14019380920248045,0.320192421037633,0.6267415285110474,0.6242854595184326,0.25891852378845215
Body,Body_random_equal4_01_zero,12345,574,0.002019851040965428,0.5299412544602727,0.6483582258224487,0.7166451215744019,0.7493143081665039
Body,Body_random_equal4_01_zero,12345,597,-0.07628890804812163,0.2814875294107936,0.7334240078926086,0.6409164667129517,0.07697338610887527
Body,Body_random_equal4_01_zero,12345,619,0.04232882450723188,0.19515845008649046,0.657386839389801,0.6614851355552673,0.634902834892273
Body,Body_random_equal4_01_zero,12345,656,0.08157885147446975,0.2140691546989762,0.6607215404510498,0.4783995747566223,0.054574526846408844
Body,Body_random_equal4_01_zero,12345,661,-0.152729090768553,0.3163181927592142,0.7056856155395508,0.5718848705291748,0.2136911302804947
Body,Body_random_equal4_01_zero,12345,664,0.054939368802198976,0.4713644753353374,0.7460483312606812,0.7883692383766174,0.551662027835846
Body,Body_random_equal4_01_zero,12345,698,-0.13182577652431973,0.26746520375648575,0.7679529786109924,0.5637513995170593,0.035424474626779556
Body,Body_random_equal4_01_zero,12345,700,0.18925913840990038,0.2753106575721407,0.7021105289459229,0.4320138990879059,0.13130517303943634
Body,Body_random_equal4_01_zero,12345,716,-0.07636059971495496,0.20823469707453732,0.6572945713996887,0.4342060387134552,0.015802863985300064
Body,Body_random_equal4_01_zero,12345,765,-0.02930829005579169,0.3322408972120738,0.716647744178772,0.5837744474411011,0.17367598414421082
Body,Body_random_equal4_01_zero,12345,771,0.03516404762378836,0.3889724377380043,0.7050167322158813,0.6587601900100708,0.11598071455955505
Body,Body_random_equal4_01_zero,12345,786,0.04297758883165874,0.07950781151208572,0.8106908798217773,0.6846364140510559,0.3930772840976715
Body,Body_random_equal4_01_zero,12345,806,-0.04765576273494799,0.21216189702846155,0.6395983099937439,0.5529626607894897,0.10383980721235275
Body,Body_random_equal4_01_zero,12345,813,0.09369488346470879,0.19766823844777856,0.7148473858833313,0.5166741609573364,0.053279273211956024
Body,Body_random_equal4_01_zero,12345,816,-0.09175315277434822,0.19995645243373136,0.682471752166748,0.40957334637641907,0.15183646976947784
Body,Body_random_equal4_01_zero,12345,822,0.328220544089213,0.3460347868084853,0.6190341711044312,0.42574772238731384,0.061580538749694824
Body,Body_random_equal4_01_zero,12345,826,0.470331406782711,0.3926053831349172,0.6619600653648376,0.3513003885746002,0.04820789396762848
Body,Body_random_equal4_01_zero,12345,847,-0.009623659644912389,0.2937103295110998,0.6886284351348877,0.6557795405387878,0.26825466752052307
Body,Body_random_equal4_01_zero,12345,876,-0.09592057118921891,0.11863605195179971,0.7366142272949219,0.3807159960269928,-0.011793275363743305
Body,Body_random_equal4_01_zero,12345,891,-0.16113215591236416,0.07692006491287637,0.7469489574432373,0.5349982380867004,0.027445070445537567
Body,Body_random_equal4_01_zero,12345,919,-0.04872412527048524,0.13943200380811985,0.7448236346244812,0.5223107933998108,0.033576905727386475
Body,Body_random_equal4_01_zero,12345,931,0.20102586889377538,0.269896218585284,0.653580367565155,0.7258689403533936,0.7694972157478333
Body,Body_random_equal4_01_zero,12345,933,-0.03390187674836985,0.34667869935924184,0.7280769944190979,0.5568568706512451,0.26103225350379944
Body,Body_random_equal4_01_zero,12345,941,-0.05422105272534024,0.3430708685184614,0.6677271127700806,0.4903733730316162,0.1087934747338295
Body,Body_random_equal4_01_zero,12345,960,0.05755158668965612,0.34769224148359973,0.7337980270385742,0.6359818577766418,0.21159760653972626
Body,Body_random_equal4_01_zero,12345,968,0.050085690460634144,0.1215816146133332,0.6785443425178528,0.6472970247268677,0.21437270939350128
Body,Body_random_equal4_01_zero,12345,989,0.08814550360583367,0.523236030209641,0.6802838444709778,0.8588470220565796,0.8173395991325378
Body,Body_random_equal4_02_zero,12345,21,0.07153040451117842,0.22683792524814872,0.654361367225647,0.7521894574165344,0.6091555953025818
Body,Body_random_equal4_02_zero,12345,38,-0.03421729950872036,0.2558161144217606,0.6748442649841309,0.7383655309677124,0.3292849063873291
Body,Body_random_equal4_02_zero,12345,40,0.24527131575332947,0.701294713248819,0.5821531414985657,0.7235201001167297,0.2634769082069397
Body,Body_random_equal4_02_zero,12345,59,0.02231781178602733,0.30008440449972623,0.6555733680725098,0.4231563210487366,0.02140764147043228
Body,Body_random_equal4_02_zero,12345,88,0.08752081009639862,0.23355343855558627,0.7237188220024109,0.4599871337413788,0.04079348221421242
Body,Body_random_equal4_02_zero,12345,116,0.027260622363049332,0.23665790990328667,0.7703783512115479,0.5214630365371704,0.33905407786369324
Body,Body_random_equal4_02_zero,12345,133,-0.06503924406592138,0.6095901419120654,0.6693974733352661,0.42236578464508057,0.03151632472872734
Body,Body_random_equal4_02_zero,12345,161,0.06791235309685521,0.40000709997528366,0.6499944925308228,0.7634266018867493,0.6784379482269287
Body,Body_random_equal4_02_zero,12345,170,-0.07331641597595252,0.23514595996230486,0.6350601315498352,0.6884645223617554,-0.002450906205922365
Body,Body_random_equal4_02_zero,12345,179,0.10482536225228377,0.29704400014381876,0.765154242515564,0.593212902545929,0.08090148121118546
Body,Body_random_equal4_02_zero,12345,220,-0.13920351447734228,0.42792372552955904,0.7110912799835205,0.3536719083786011,0.04913578927516937
Body,Body_random_equal4_02_zero,12345,233,0.045411791296892726,0.16260317389398585,0.6807321310043335,0.49317413568496704,0.002713968977332115
Body,Body_random_equal4_02_zero,12345,257,-0.047338804246002994,0.2352484183784318,0.6523140668869019,0.49963825941085815,0.10321484506130219
Body,Body_random_equal4_02_zero,12345,290,-0.10287479922262528,0.25157463314410006,0.7463309168815613,0.5676449537277222,0.1936275213956833
Body,Body_random_equal4_02_zero,12345,331,0.19712716426104762,0.27862905274853655,0.7685647010803223,0.4434729814529419,-0.021212823688983917
Body,Body_random_equal4_02_zero,12345,339,0.06275870716305033,0.3639594081716752,0.6826675534248352,0.7393805980682373,0.598908007144928
Body,Body_random_equal4_02_zero,12345,355,-0.062463928780611036,0.5317390077382746,0.7460494041442871,0.67555171251297,0.6767513751983643
Body,Body_random_equal4_02_zero,12345,366,0.0033675515336125646,0.3554019857315147,0.7263730764389038,0.5586856603622437,0.3712886869907379
Body,Body_random_equal4_02_zero,12345,474,0.21457228650198756,0.24285231717506944,0.6715572476387024,0.40601515769958496,0.1022181361913681
Body,Body_random_equal4_02_zero,12345,492,0.20179209491059297,0.4024742623021051,0.6155537962913513,0.6720045208930969,0.4473688006401062
Body,Body_random_equal4_02_zero,12345,527,0.24761589686120322,0.18625724673578584,0.7713785171508789,0.44561994075775146,0.22442737221717834
Body,Body_random_equal4_02_zero,12345,530,-0.14917915404572668,0.4834463220701435,0.6729320287704468,0.6172980070114136,0.37970906496047974
Body,Body_random_equal4_02_zero,12345,542,-0.10684419876770455,0.32240637162788277,0.6343536972999573,0.6389037370681763,0.1453341692686081
Body,Body_random_equal4_02_zero,12345,574,0.01764747718336456,0.542124331510956,0.6543940305709839,0.6494250297546387,0.6892465949058533
Body,Body_random_equal4_02_zero,12345,597,-0.09407466233157831,0.28394880150209934,0.7262387871742249,0.5994044542312622,0.09268247336149216
Body,Body_random_equal4_02_zero,12345,619,0.02004969649750194,0.21242410036988219,0.7105194926261902,0.7035481929779053,0.6066614389419556
Body,Body_random_equal4_02_zero,12345,656,0.07388459173596834,0.21332754719531632,0.6717011332511902,0.5129011273384094,0.046812865883111954
Body,Body_random_equal4_02_zero,12345,661,-0.14693151710896338,0.30691605804133065,0.6816221475601196,0.625328004360199,0.30712297558784485
Body,Body_random_equal4_02_zero,12345,664,0.049147554688635624,0.48087235857166716,0.7359942197799683,0.8386222720146179,0.5922480225563049
Body,Body_random_equal4_02_zero,12345,698,-0.12423508617205022,0.26714909037923573,0.7622699737548828,0.6153355836868286,0.0935511440038681
Body,Body_random_equal4_02_zero,12345,700,0.2017669702166272,0.27633248148116535,0.7041460871696472,0.42360883951187134,0.2527658939361572
Body,Body_random_equal4_02_zero,12345,716,-0.07497177296312477,0.21718062568532634,0.6688034534454346,0.4116493761539459,0.03345993906259537
Body,Body_random_equal4_02_zero,12345,765,-0.03165423361708846,0.33036860696165815,0.7073644995689392,0.594060480594635,0.22406138479709625
Body,Body_random_equal4_02_zero,12345,771,0.03352220591012097,0.38968682432215795,0.7022221088409424,0.695833146572113,0.3698844015598297
Body,Body_random_equal4_02_zero,12345,786,0.03324023683407398,0.07944335890760285,0.8191811442375183,0.6960064172744751,0.3922245502471924
Body,Body_random_equal4_02_zero,12345,806,-0.04659255530328806,0.2166784660937319,0.6334762573242188,0.5458029508590698,0.1363983452320099
Body,Body_random_equal4_02_zero,12345,813,0.09716527094549733,0.20224795740789756,0.7154504060745239,0.4995748698711395,0.07254506647586823
Body,Body_random_equal4_02_zero,12345,816,-0.09095963157443102,0.2024870041797141,0.6794365644454956,0.367156982421875,0.13951924443244934
Body,Body_random_equal4_02_zero,12345,822,0.31884685900883464,0.34003976403329184,0.622119665145874,0.37427762150764465,0.09267152100801468
Body,Body_random_equal4_02_zero,12345,826,0.47467318719636975,0.395851688997672,0.6635773777961731,0.37833625078201294,0.03951582312583923
Body,Body_random_equal4_02_zero,12345,847,-0.020492131301066807,0.3166483696146721,0.6775911450386047,0.6574543118476868,0.21478082239627838
Body,Body_random_equal4_02_zero,12345,876,-0.09165189306355938,0.12022476057621327,0.7356672286987305,0.36569759249687195,-0.02154489979147911
Body,Body_random_equal4_02_zero,12345,891,-0.15773529403983438,0.0782591459296011,0.7395590543746948,0.5262084007263184,0.08607957512140274
Body,Body_random_equal4_02_zero,12345,919,-0.0870607130851459,0.15492002478623787,0.7392671704292297,0.4633142352104187,0.0594230592250824
Body,Body_random_equal4_02_zero,12345,931,0.08912213370762337,0.29305076856230355,0.6712148189544678,0.7269883155822754,0.7312304973602295
Body,Body_random_equal4_02_zero,12345,933,-0.04151907269061381,0.34194241468882247,0.7272180914878845,0.635487973690033,0.2585742771625519
Body,Body_random_equal4_02_zero,12345,941,-0.045330555041197276,0.3406490459746059,0.6734294295310974,0.4975445568561554,0.2041991502046585
Body,Body_random_equal4_02_zero,12345,960,0.05338897593076496,0.3119506441222246,0.7145624160766602,0.6403301358222961,0.06294012814760208
Body,Body_random_equal4_02_zero,12345,968,0.052869124657369634,0.12005016770304588,0.6797015070915222,0.6727312803268433,0.1724129617214203
Body,Body_random_equal4_02_zero,12345,989,0.0793559022475567,0.5230424046299007,0.6833760738372803,0.8098255395889282,0.7805317044258118
Body,Body_random_equal4_03_zero,12345,21,0.06543316083233958,0.2210494435462873,0.6563324332237244,0.746238648891449,0.6096053719520569
Body,Body_random_equal4_03_zero,12345,38,-0.01595214907934334,0.2556373173366189,0.6718299984931946,0.7517443299293518,0.34683579206466675
Body,Body_random_equal4_03_zero,12345,40,0.24356299291238434,0.7068190139437904,0.5713500380516052,0.6878580451011658,0.2775680124759674
Body,Body_random_equal4_03_zero,12345,59,-0.024089971233866383,0.315876967310065,0.6652864217758179,0.46772414445877075,0.029215939342975616
Body,Body_random_equal4_03_zero,12345,88,0.09177162228478804,0.22268020944000863,0.7190976142883301,0.47777265310287476,0.002464866265654564
Body,Body_random_equal4_03_zero,12345,116,0.06431912013609851,0.17383568413392644,0.8053515553474426,0.6138057708740234,0.6178960204124451
Body,Body_random_equal4_03_zero,12345,133,-0.05340138485553037,0.6194263802121243,0.661693811416626,0.43764394521713257,0.000611601397395134
Body,Body_random_equal4_03_zero,12345,161,0.078663696231333,0.38879275913408246,0.6386581063270569,0.675677478313446,0.5750985145568848
Body,Body_random_equal4_03_zero,12345,170,-0.05372836487575324,0.23395370236973193,0.6365954279899597,0.6340271234512329,0.06675147265195847
Body,Body_random_equal4_03_zero,12345,179,-0.22961928087835215,0.18570392970188543,0.7711219787597656,0.612117350101471,0.16539955139160156
Body,Body_random_equal4_03_zero,12345,220,-0.1577743572710295,0.4266335718949613,0.6460644602775574,0.4608710706233978,0.07488343864679337
Body,Body_random_equal4_03_zero,12345,233,0.0404453832804889,0.1794796507625497,0.6796618103981018,0.49222421646118164,0.003901813179254532
Body,Body_random_equal4_03_zero,12345,257,-0.06685080557645567,0.24112161513224098,0.6511063575744629,0.5155042409896851,0.009202634915709496
Body,Body_random_equal4_03_zero,12345,290,-0.08559033447916173,0.2643071090136297,0.7606537342071533,0.534843385219574,0.21037077903747559
Body,Body_random_equal4_03_zero,12345,331,0.1860769428327981,0.2667820749117459,0.7677619457244873,0.5052390694618225,0.013364252634346485
Body,Body_random_equal4_03_zero,12345,339,0.052305319080433454,0.3611173807911553,0.6803550124168396,0.7765883803367615,0.6312240362167358
Body,Body_random_equal4_03_zero,12345,355,-0.14439972507034946,0.5636872017084598,0.74174565076828,0.7004102468490601,0.7005904316902161
Body,Body_random_equal4_03_zero,12345,366,-0.08027744541646381,0.4048213403242544,0.7351593971252441,0.6557594537734985,0.27790895104408264
Body,Body_random_equal4_03_zero,12345,474,0.22422244093884297,0.23835306177711466,0.672762930393219,0.45211824774742126,0.061735425144433975
Body,Body_random_equal4_03_zero,12345,492,0.10497676064034134,0.3867792655255965,0.6282689571380615,0.6870176792144775,0.3789772391319275
Body,Body_random_equal4_03_zero,12345,527,0.2538229417392998,0.23933559379727692,0.7516804337501526,0.42377522587776184,0.11276700347661972
Body,Body_random_equal4_03_zero,12345,530,-0.1552068779044389,0.4760813863945301,0.659893274307251,0.6538507342338562,0.356823205947876
Body,Body_random_equal4_03_zero,12345,542,-0.11791404830620494,0.3134780746204984,0.6552650928497314,0.6114287972450256,0.30006852746009827
Body,Body_random_equal4_03_zero,12345,574,0.0017473388244717114,0.545401672517928,0.6687999367713928,0.6249353885650635,0.702155351638794
Body,Body_random_equal4_03_zero,12345,597,-0.09311803431327623,0.2759548803369428,0.7315601110458374,0.5795371532440186,0.10485434532165527
Body,Body_random_equal4_03_zero,12345,619,-0.024016307377831586,0.2283720731766965,0.7255222201347351,0.7692410945892334,0.6900335550308228
Body,Body_random_equal4_03_zero,12345,656,0.07816800833626786,0.19956654317790584,0.6577706336975098,0.49064937233924866,0.06324289739131927
Body,Body_random_equal4_03_zero,12345,661,-0.13741658860423878,0.31943903435778775,0.6916685104370117,0.6112673878669739,0.17269328236579895
Body,Body_random_equal4_03_zero,12345,664,0.04716628255745523,0.4734574542668674,0.7384088635444641,0.8407227396965027,0.6264292597770691
Body,Body_random_equal4_03_zero,12345,698,-0.12019749533131467,0.2688286319486506,0.7571676969528198,0.5708582401275635,0.07424792647361755
Body,Body_random_equal4_03_zero,12345,700,0.16902326344266433,0.25749375956669984,0.7254458665847778,0.442050039768219,0.2775910198688507
Body,Body_random_equal4_03_zero,12345,716,-0.07352355137234548,0.2223134120364374,0.663629412651062,0.4164601266384125,0.029254773631691933
Body,Body_random_equal4_03_zero,12345,765,-0.012249512369858407,0.3368365248453811,0.7126805186271667,0.5787394642829895,0.1837874948978424
Body,Body_random_equal4_03_zero,12345,771,0.03313852656571615,0.38774398470769716,0.7106870412826538,0.6587001085281372,0.4016720652580261
Body,Body_random_equal4_03_zero,12345,786,-0.008415537221022465,0.07838870920422403,0.8468738794326782,0.5999631881713867,0.2671404182910919
Body,Body_random_equal4_03_zero,12345,806,-0.06077032284750155,0.23130012895374735,0.670437216758728,0.49239057302474976,0.13979512453079224
Body,Body_random_equal4_03_zero,12345,813,0.09985975914508277,0.20594752461089727,0.7153986692428589,0.5243460536003113,0.07365208119153976
Body,Body_random_equal4_03_zero,12345,816,-0.08226644792912767,0.20251779017711408,0.6807194352149963,0.3691069483757019,0.1304120570421219
Body,Body_random_equal4_03_zero,12345,822,0.31953637741606905,0.34929219259737226,0.6251092553138733,0.4390048086643219,0.07715956121683121
Body,Body_random_equal4_03_zero,12345,826,0.476689371783485,0.3967930715107347,0.6672895550727844,0.33853477239608765,0.036174871027469635
Body,Body_random_equal4_03_zero,12345,847,-0.042289875541569835,0.287496809577365,0.6892666220664978,0.6486706733703613,0.09821520745754242
Body,Body_random_equal4_03_zero,12345,876,-0.09770573154281528,0.12609955436035597,0.7377963066101074,0.4863738417625427,0.007581165060400963
Body,Body_random_equal4_03_zero,12345,891,-0.15919148856880658,0.077118718517126,0.7512103319168091,0.5240046977996826,0.02760513871908188
Body,Body_random_equal4_03_zero,12345,919,-0.08020840763717113,0.1242657492335627,0.7271681427955627,0.49371543526649475,0.11209788173437119
Body,Body_random_equal4_03_zero,12345,931,0.16850158975814064,0.2749460606824513,0.6819077730178833,0.6810925006866455,0.7843568325042725
Body,Body_random_equal4_03_zero,12345,933,-0.03637824171520785,0.3424029400258945,0.7244095206260681,0.6190795302391052,0.23885373771190643
Body,Body_random_equal4_03_zero,12345,941,0.004222055789271926,0.33146117819026233,0.6749078035354614,0.6645621657371521,0.34029072523117065
Body,Body_random_equal4_03_zero,12345,960,-0.014317926652299019,0.38996004832365916,0.7942185997962952,0.508726179599762,-0.012371094897389412
Body,Body_random_equal4_03_zero,12345,968,0.03844553750510658,0.11484516807833184,0.6817101240158081,0.7200316190719604,0.15921196341514587
Body,Body_random_equal4_03_zero,12345,989,0.07588755109326642,0.5241554419859732,0.6860747337341309,0.8356601595878601,0.7693639993667603
Body,Body_random_equal4_04_zero,12345,21,0.06947971409465004,0.22079672698553238,0.6545589566230774,0.7362329363822937,0.6199120879173279
Body,Body_random_equal4_04_zero,12345,38,-0.02841455177904632,0.25445154912787654,0.6727726459503174,0.7522178888320923,0.3727042078971863
Body,Body_random_equal4_04_zero,12345,40,0.24956933058786493,0.7053533157679373,0.577743411064148,0.7278496623039246,0.273373007774353
Body,Body_random_equal4_04_zero,12345,59,0.02405537759728111,0.29963343150978866,0.6623256802558899,0.43328699469566345,0.011893670074641705
Body,Body_random_equal4_04_zero,12345,88,0.09233067261641117,0.2432178392158579,0.7235732674598694,0.4894043803215027,0.02401326596736908
Body,Body_random_equal4_04_zero,12345,116,0.028609591777754902,0.23219178726073328,0.7795289158821106,0.43757393956184387,0.2990514039993286
Body,Body_random_equal4_04_zero,12345,133,-0.07828753332056264,0.6174151530717988,0.69329833984375,0.47502413392066956,0.0315437912940979
Body,Body_random_equal4_04_zero,12345,161,0.08873469934289799,0.3532738119718019,0.6333816647529602,0.731783390045166,0.6846168637275696
Body,Body_random_equal4_04_zero,12345,170,-0.1475342654359184,0.2260481049319587,0.6479268074035645,0.6874362230300903,0.10274971276521683
Body,Body_random_equal4_04_zero,12345,179,-0.10091639903871366,0.22409788006585013,0.8161835074424744,0.5767195820808411,0.04639144614338875
Body,Body_random_equal4_04_zero,12345,220,-0.142995136184634,0.3396746427481901,0.7193769216537476,0.4549441635608673,0.08666955679655075
Body,Body_random_equal4_04_zero,12345,233,0.05947376651214094,0.16448306958022327,0.7026190757751465,0.49243417382240295,0.008656497113406658
Body,Body_random_equal4_04_zero,12345,257,-0.061813293718313594,0.22730029192953807,0.6611594557762146,0.5112568140029907,0.13874298334121704
Body,Body_random_equal4_04_zero,12345,290,-0.04440155821797164,0.27250767599627906,0.7450191974639893,0.5404788851737976,0.2252710610628128
Body,Body_random_equal4_04_zero,12345,331,0.19594403401080512,0.27318586911955134,0.769402801990509,0.46334511041641235,-0.023310275748372078
Body,Body_random_equal4_04_zero,12345,339,0.06412519292925653,0.37210986790911443,0.6808533668518066,0.7652127146720886,0.6806669235229492
Body,Body_random_equal4_04_zero,12345,355,-0.045154698613401247,0.5137879678997744,0.7425673007965088,0.7440402507781982,0.7288416028022766
Body,Body_random_equal4_04_zero,12345,366,-0.10547549713332299,0.39215271223533327,0.7308013439178467,0.7120906710624695,0.13262735307216644
Body,Body_random_equal4_04_zero,12345,474,0.2222456476218593,0.24567509141985897,0.6775798201560974,0.3902447819709778,0.102568119764328
Body,Body_random_equal4_04_zero,12345,492,0.22596700256295119,0.410297208745307,0.6272026300430298,0.6314077377319336,0.3996042013168335
Body,Body_random_equal4_04_zero,12345,527,0.2441202737111015,0.23505431697029697,0.7613916397094727,0.4132454991340637,0.1126197874546051
Body,Body_random_equal4_04_zero,12345,530,-0.13887094383962717,0.463643600196485,0.6871188282966614,0.4914335012435913,0.17871975898742676
Body,Body_random_equal4_04_zero,12345,542,-0.12459697045968836,0.3269705693660397,0.6208456754684448,0.6334640383720398,0.17325331270694733
Body,Body_random_equal4_04_zero,12345,574,0.031488887716696695,0.5780631794933098,0.62823885679245,0.6145117878913879,0.72934490442276
Body,Body_random_equal4_04_zero,12345,597,-0.08870289891819724,0.2855157532288477,0.7253358364105225,0.595100462436676,0.07412915676832199
Body,Body_random_equal4_04_zero,12345,619,0.02113932200565986,0.21426342221844918,0.6935484409332275,0.7328781485557556,0.6552290320396423
Body,Body_random_equal4_04_zero,12345,656,0.0711273631548015,0.21923433325419608,0.6705265045166016,0.5173633098602295,0.054463647305965424
Body,Body_random_equal4_04_zero,12345,661,-0.1553061576052091,0.3168891946193044,0.7032769322395325,0.5961973071098328,0.19906821846961975
Body,Body_random_equal4_04_zero,12345,664,0.05500751824202717,0.47324132992720347,0.7517026662826538,0.8147991895675659,0.5918234586715698
Body,Body_random_equal4_04_zero,12345,698,-0.13479584231313615,0.26994375519041897,0.7696000337600708,0.6138162612915039,0.07168123126029968
Body,Body_random_equal4_04_zero,12345,700,0.1639989033211557,0.24629792436769635,0.7236659526824951,0.4529486298561096,0.1707136183977127
Body,Body_random_equal4_04_zero,12345,716,-0.07660526959751755,0.21204872235411057,0.6733373999595642,0.4508153200149536,0.05823434889316559
Body,Body_random_equal4_04_zero,12345,765,-0.003579925359177612,0.3028339971463275,0.7059905529022217,0.5929957032203674,0.182771235704422
Body,Body_random_equal4_04_zero,12345,771,0.035410561808417756,0.3854532642504215,0.7080091834068298,0.6480880975723267,0.11745772510766983
Body,Body_random_equal4_04_zero,12345,786,0.039601871547387396,0.0796941573235402,0.8124922513961792,0.708219051361084,0.3981435298919678
Body,Body_random_equal4_04_zero,12345,806,-0.04664246541384811,0.2147227632772402,0.6351081728935242,0.5397248268127441,0.13161085546016693
Body,Body_random_equal4_04_zero,12345,813,0.10055403950880251,0.21790850599410858,0.7475117444992065,0.6168149709701538,0.07699853181838989
Body,Body_random_equal4_04_zero,12345,816,-0.08998999854264801,0.2015130674524918,0.6808747053146362,0.42608219385147095,0.16334481537342072
Body,Body_random_equal4_04_zero,12345,822,0.33660703354429977,0.3188674280361131,0.6241505742073059,0.4268544614315033,0.03865186125040054
Body,Body_random_equal4_04_zero,12345,826,0.09376263585764749,0.25555196546509296,0.7230172753334045,0.5016359686851501,0.24215781688690186
Body,Body_random_equal4_04_zero,12345,847,-0.004987863351642018,0.3001784173835908,0.6844167709350586,0.6715965270996094,0.23780004680156708
Body,Body_random_equal4_04_zero,12345,876,-0.09200754980209029,0.11972715264621403,0.7339999675750732,0.38778114318847656,-0.035445649176836014
Body,Body_random_equal4_04_zero,12345,891,-0.16206180807397796,0.07547732296960658,0.7475487589836121,0.5260522365570068,0.09623266756534576
Body,Body_random_equal4_04_zero,12345,919,-0.050297174417611834,0.14130909363744762,0.7327408790588379,0.4683053195476532,0.010536594316363335
Body,Body_random_equal4_04_zero,12345,931,0.20931604635702372,0.2687100891069735,0.6589220762252808,0.7188875675201416,0.7669093608856201
Body,Body_random_equal4_04_zero,12345,933,0.11272801603649818,0.33690611853182767,0.6822161674499512,0.5897949934005737,0.21936321258544922
Body,Body_random_equal4_04_zero,12345,941,-0.18342210886266283,0.21064223969637708,0.6655502915382385,0.4981468915939331,0.06347151100635529
Body,Body_random_equal4_04_zero,12345,960,0.04226800198698,0.3600760110321532,0.7702876329421997,0.6932833790779114,0.09886536002159119
Body,Body_random_equal4_04_zero,12345,968,0.04227461294727386,0.12062710807992265,0.6778784990310669,0.6252765655517578,0.19544589519500732
Body,Body_random_equal4_04_zero,12345,989,0.06902166166671271,0.5180704471465784,0.6837426424026489,0.8340447545051575,0.7441935539245605
Body,Body_random_equal4_05_zero,12345,21,0.056679456871755,0.21667377148705555,0.6635212302207947,0.7402929663658142,0.6291632056236267
Body,Body_random_equal4_05_zero,12345,38,-0.031355405050365305,0.2559427066432935,0.6792101263999939,0.7379276752471924,0.4139688014984131
Body,Body_random_equal4_05_zero,12345,40,0.29754776015196954,0.7136208475388949,0.5662464499473572,0.749282717704773,0.32707613706588745
Body,Body_random_equal4_05_zero,12345,59,0.03160115727890472,0.30336522010620726,0.6598983407020569,0.46585968136787415,0.0199112631380558
Body,Body_random_equal4_05_zero,12345,88,0.041810151249298586,0.285078578803754,0.7057873010635376,0.44184792041778564,0.04531094804406166
Body,Body_random_equal4_05_zero,12345,116,0.08149725607841474,0.28348670285833394,0.7477254867553711,0.5693148970603943,0.2605988085269928
Body,Body_random_equal4_05_zero,12345,133,-0.05002609090817233,0.6047320866085784,0.6789757609367371,0.4371306896209717,0.04611969739198685
Body,Body_random_equal4_05_zero,12345,161,0.005777603565602239,0.34834118838931305,0.6361928582191467,0.7031369805335999,0.40827006101608276
Body,Body_random_equal4_05_zero,12345,170,-0.09902074891021631,0.23190078822826615,0.652172863483429,0.7228719592094421,0.2236413061618805
Body,Body_random_equal4_05_zero,12345,179,0.0556977374784412,0.28010567555692695,0.8114320039749146,0.5844095945358276,0.13705109059810638
Body,Body_random_equal4_05_zero,12345,220,-0.14954482613873907,0.4253263093192857,0.6780362725257874,0.5239570140838623,0.1235894188284874
Body,Body_random_equal4_05_zero,12345,233,0.17838454610020996,0.211500650684059,0.681354284286499,0.49737605452537537,0.0998193770647049
Body,Body_random_equal4_05_zero,12345,257,-0.07565188253340509,0.243653957168961,0.655038595199585,0.49372825026512146,0.044100962579250336
Body,Body_random_equal4_05_zero,12345,290,-0.13106912189445247,0.2591019349528233,0.7540013790130615,0.4856081008911133,0.1422308087348938
Body,Body_random_equal4_05_zero,12345,331,0.19935565466314753,0.26746031874427745,0.7667161226272583,0.4767383337020874,-0.010792133398354053
Body,Body_random_equal4_05_zero,12345,339,0.08075713555042942,0.36439306777013325,0.7002803683280945,0.6700700521469116,0.42837512493133545
Body,Body_random_equal4_05_zero,12345,355,-0.12637830751131646,0.584103977905053,0.7481882572174072,0.7017822265625,0.6526062488555908
Body,Body_random_equal4_05_zero,12345,366,-0.10977222772246996,0.39147990458555143,0.7387973666191101,0.7052615880966187,0.17342641949653625
Body,Body_random_equal4_05_zero,12345,474,0.2244607549391528,0.23929195456636576,0.6684300303459167,0.4225972890853882,0.08774550259113312
Body,Body_random_equal4_05_zero,12345,492,0.06789098742811076,0.389021853904131,0.6518274545669556,0.7269961833953857,0.3630489706993103
Body,Body_random_equal4_05_zero,12345,527,0.23361210473290472,0.2522508503237995,0.7658558487892151,0.4970414936542511,0.19864337146282196
Body,Body_random_equal4_05_zero,12345,530,-0.11663275569993721,0.49395957248790695,0.7042180895805359,0.7629903554916382,0.5755884647369385
Body,Body_random_equal4_05_zero,12345,542,-0.13795236167182104,0.29705081018704,0.6458276510238647,0.6539801359176636,0.2896234691143036
Body,Body_random_equal4_05_zero,12345,574,-0.018543849027001624,0.5459336007695448,0.6601365804672241,0.6690528988838196,0.6986585259437561
Body,Body_random_equal4_05_zero,12345,597,-0.07354775415859251,0.2774520985957006,0.7289201617240906,0.6139004230499268,0.12863944470882416
Body,Body_random_equal4_05_zero,12345,619,0.06064477107640522,0.23369282068633215,0.7010101079940796,0.7802824974060059,0.7717454433441162
Body,Body_random_equal4_05_zero,12345,656,0.04560426613940023,0.2083282757273071,0.6703609824180603,0.4992259740829468,0.04654290899634361
Body,Body_random_equal4_05_zero,12345,661,-0.14288539480650347,0.32420503873271084,0.7096901535987854,0.6313318610191345,0.2999988794326782
Body,Body_random_equal4_05_zero,12345,664,0.053593228729469644,0.4821392123237397,0.7285283207893372,0.821610152721405,0.6234660744667053
Body,Body_random_equal4_05_zero,12345,698,-0.10968116441144521,0.2729335201211763,0.7524580955505371,0.6189386248588562,0.11395935714244843
Body,Body_random_equal4_05_zero,12345,700,0.21599591186510692,0.2694438018229473,0.7050645351409912,0.37975743412971497,0.21158520877361298
Body,Body_random_equal4_05_zero,12345,716,-0.0634913064008684,0.2206236026989199,0.6653922200202942,0.43782860040664673,-0.0046509806998074055
Body,Body_random_equal4_05_zero,12345,765,-0.014309457201344836,0.3425631136778541,0.7122541666030884,0.6001175045967102,0.2080826312303543
Body,Body_random_equal4_05_zero,12345,771,0.03195734076132691,0.3836703880333845,0.7144327163696289,0.6778831481933594,0.37805724143981934
Body,Body_random_equal4_05_zero,12345,786,0.026330636411981405,0.07796618519258237,0.8518403768539429,0.5818100571632385,0.24936243891716003
Body,Body_random_equal4_05_zero,12345,806,-0.030723932599611804,0.22801155310420665,0.6409311294555664,0.43455976247787476,0.08703093230724335
Body,Body_random_equal4_05_zero,12345,813,0.10376991784587007,0.2029713856690911,0.697111964225769,0.5715265274047852,0.10445056110620499
Body,Body_random_equal4_05_zero,12345,816,-0.08405778639152049,0.19886425084248013,0.6771765351295471,0.3873198628425598,0.11417344957590103
Body,Body_random_equal4_05_zero,12345,822,0.31643746636389203,0.3509327989213377,0.6274585127830505,0.4078514277935028,0.06778039038181305
Body,Body_random_equal4_05_zero,12345,826,0.5486491608367376,0.40758890683701854,0.6696092486381531,0.35562533140182495,0.09814106673002243
Body,Body_random_equal4_05_zero,12345,847,-0.022277732687602136,0.31342835940767577,0.6949467062950134,0.6891798377037048,0.17176061868667603
Body,Body_random_equal4_05_zero,12345,876,-0.08936092716164358,0.12036115554302271,0.7436769604682922,0.5166789889335632,0.050846654921770096
Body,Body_random_equal4_05_zero,12345,891,-0.09243507685411242,0.10244763504060368,0.759921133518219,0.5583975911140442,0.04227571561932564
Body,Body_random_equal4_05_zero,12345,919,-0.12276601912175955,0.1224347749706838,0.7151089906692505,0.3598308265209198,0.0500325970351696
Body,Body_random_equal4_05_zero,12345,931,0.0939768299958135,0.2911032531917188,0.6562078595161438,0.7321282029151917,0.7293689250946045
Body,Body_random_equal4_05_zero,12345,933,-0.05499895115028202,0.3429607935907644,0.7280343770980835,0.5856974124908447,0.25873467326164246
Body,Body_random_equal4_05_zero,12345,941,0.0023633368473142346,0.33207191174093637,0.6521804928779602,0.5345118641853333,0.16583357751369476
Body,Body_random_equal4_05_zero,12345,960,-0.023564283162619572,0.35290253994470455,0.7988535165786743,0.5787489414215088,0.02233315259218216
Body,Body_random_equal4_05_zero,12345,968,0.03522085717991215,0.11691229997448013,0.6699697971343994,0.6438507437705994,0.1271975338459015
Body,Body_random_equal4_05_zero,12345,989,0.08366033983042728,0.5241897186883631,0.687425971031189,0.86244136095047,0.7966427803039551
Body,Body_random_full_01_zero,12345,21,0.04037401828733581,0.1934183856147299,0.666762113571167,0.7750811576843262,0.6321494579315186
Body,Body_random_full_01_zero,12345,38,-0.029339639509371702,0.2658671804684378,0.687305212020874,0.7314366102218628,0.2812597453594208
Body,Body_random_full_01_zero,12345,40,0.3514739797108602,0.7005773128637365,0.5381810069084167,0.7525826096534729,0.2578333616256714
Body,Body_random_full_01_zero,12345,59,0.0018670201269038401,0.31425124310500274,0.7059230804443359,0.4715889096260071,0.0041803158819675446
Body,Body_random_full_01_zero,12345,88,0.14267226107070624,0.25259734236414716,0.7622339725494385,0.5016142129898071,-0.04463322088122368
Body,Body_random_full_01_zero,12345,116,0.052630177023773886,0.16260010461315907,0.8259457349777222,0.4504726529121399,0.1842484027147293
Body,Body_random_full_01_zero,12345,133,-0.07902106837356769,0.6015193884341204,0.6745899319648743,0.4412023425102234,0.012119017541408539
Body,Body_random_full_01_zero,12345,161,0.026077799133308845,0.3956860184932596,0.6616435647010803,0.6476005911827087,0.5437847375869751
Body,Body_random_full_01_zero,12345,170,-0.12516035008707196,0.2124119869681081,0.6264089345932007,0.6489317417144775,0.1413138061761856
Body,Body_random_full_01_zero,12345,179,-0.10635210950972152,0.21117465727546098,0.7813060879707336,0.6204429268836975,0.10757289826869965
Body,Body_random_full_01_zero,12345,220,-0.143072095356595,0.42207536836079174,0.7021291851997375,0.3954606354236603,0.03218311816453934
Body,Body_random_full_01_zero,12345,233,0.0514471219392901,0.19224215777435621,0.6835811138153076,0.4554445147514343,0.019160285592079163
Body,Body_random_full_01_zero,12345,257,-0.06040019618415223,0.2483995933530971,0.6848759651184082,0.5512093305587769,0.14078526198863983
Body,Body_random_full_01_zero,12345,290,-0.0880437205693993,0.2750636989828783,0.7604425549507141,0.5271890163421631,0.15692569315433502
Body,Body_random_full_01_zero,12345,331,0.1919282894508893,0.26290723583043785,0.7797428369522095,0.4608461558818817,-0.012216061353683472
Body,Body_random_full_01_zero,12345,339,0.07700066959984835,0.3706046923105787,0.6707914471626282,0.751476526260376,0.6603567600250244
Body,Body_random_full_01_zero,12345,355,-0.13437290960803297,0.561880300930022,0.7271534204483032,0.7236189842224121,0.6166779398918152
Body,Body_random_full_01_zero,12345,366,-0.050269166967029294,0.40617518801173286,0.7330414056777954,0.6581681370735168,0.24241185188293457
Body,Body_random_full_01_zero,12345,474,0.24143833479967486,0.23555919309410459,0.6555784940719604,0.473998486995697,0.1611143797636032
Body,Body_random_full_01_zero,12345,492,0.2802546220754805,0.4352529487924722,0.6117457747459412,0.6119575500488281,0.3786446452140808
Body,Body_random_full_01_zero,12345,527,0.24343479528913925,0.21330579102055547,0.7650876045227051,0.5700768828392029,0.21068167686462402
Body,Body_random_full_01_zero,12345,530,-0.18207603520443816,0.47874925486532827,0.6719328165054321,0.6237241625785828,0.3596072494983673
Body,Body_random_full_01_zero,12345,542,-0.13407623642484565,0.2985499346408522,0.6544986367225647,0.6318378448486328,0.36930760741233826
Body,Body_random_full_01_zero,12345,574,0.009766281819707427,0.5615846346403176,0.6515509486198425,0.6704966425895691,0.737652599811554
Body,Body_random_full_01_zero,12345,597,-0.0800548831355657,0.26735309679242336,0.7327404618263245,0.5717819929122925,0.0839318260550499
Body,Body_random_full_01_zero,12345,619,0.16693672070063273,0.24926361833339353,0.6713401079177856,0.8233515024185181,0.810762882232666
Body,Body_random_full_01_zero,12345,656,0.061313961795362214,0.20867845483352715,0.6879292726516724,0.48716551065444946,0.030954789370298386
Body,Body_random_full_01_zero,12345,661,-0.1419547956701391,0.31911116876442863,0.6881421804428101,0.5868721008300781,0.1748790144920349
Body,Body_random_full_01_zero,12345,664,0.05790604855744964,0.4752540263127504,0.7363030910491943,0.8346341252326965,0.677651047706604
Body,Body_random_full_01_zero,12345,698,-0.11795055169821687,0.2681212674488214,0.755611777305603,0.5643917918205261,0.10893820226192474
Body,Body_random_full_01_zero,12345,700,0.22037071151826432,0.2667890619364106,0.7279953956604004,0.44139423966407776,0.3319970369338989
Body,Body_random_full_01_zero,12345,716,-0.04179324579160738,0.22233379076995,0.6737649440765381,0.4498542249202728,0.07242754101753235
Body,Body_random_full_01_zero,12345,765,-0.02222516713324603,0.3479002726125197,0.6926406025886536,0.5625008344650269,0.2243419587612152
Body,Body_random_full_01_zero,12345,771,0.03856303872127934,0.38151891529609433,0.702583372592926,0.6550498008728027,0.17233513295650482
Body,Body_random_full_01_zero,12345,786,-0.008715199502312082,0.07907008594172299,0.8475805521011353,0.6802598834037781,0.34498855471611023
Body,Body_random_full_01_zero,12345,806,-0.034419194507636676,0.29651147981698184,0.6673044562339783,0.5076141953468323,0.062085095793008804
Body,Body_random_full_01_zero,12345,813,0.12897599642970436,0.21021975812030363,0.7094306349754333,0.5806276798248291,0.06783854961395264
Body,Body_random_full_01_zero,12345,816,-0.06697694912400298,0.207981729997946,0.6865649223327637,0.4146835207939148,0.11907699704170227
Body,Body_random_full_01_zero,12345,822,0.3139642691674491,0.364803695730274,0.6440714001655579,0.4127475917339325,0.06048540771007538
Body,Body_random_full_01_zero,12345,826,0.5081337539981061,0.3885309748663857,0.6646480560302734,0.3601725399494171,0.08038831502199173
Body,Body_random_full_01_zero,12345,847,-0.01920838246015103,0.2823570021125582,0.6628410816192627,0.5155307650566101,-0.021497312933206558
Body,Body_random_full_01_zero,12345,876,-0.09645604094668084,0.11050793985692742,0.7246126532554626,0.4906119108200073,0.034438855946063995
Body,Body_random_full_01_zero,12345,891,-0.11346685839062348,0.0857884933620419,0.8287467956542969,0.509778618812561,0.02748679742217064
Body,Body_random_full_01_zero,12345,919,-0.11148416854576129,0.11832013557806613,0.6992224454879761,0.3933369219303131,0.05364803969860077
Body,Body_random_full_01_zero,12345,931,0.20593145634272936,0.2815133804476711,0.6686505079269409,0.7990275025367737,0.7498558163642883
Body,Body_random_full_01_zero,12345,933,-0.04323059581934298,0.3598023766522556,0.7382153272628784,0.5242535471916199,0.19009274244308472
Body,Body_random_full_01_zero,12345,941,-0.04029647308800905,0.325506583272333,0.6599835157394409,0.5213329792022705,0.10897845029830933
Body,Body_random_full_01_zero,12345,960,-0.030583350153300066,0.3952444651987081,0.7901110649108887,0.46556901931762695,0.06980094313621521
Body,Body_random_full_01_zero,12345,968,0.04082350344292524,0.12758287501173296,0.6815587282180786,0.6640231609344482,0.30114904046058655
Body,Body_random_full_01_zero,12345,989,0.05101879571114016,0.5194020860412092,0.7051131725311279,0.8486921191215515,0.8445224761962891
Body,Body_random_full_02_zero,12345,21,0.04015983392866632,0.20352855095401184,0.6626690626144409,0.7620390057563782,0.6202852725982666
Body,Body_random_full_02_zero,12345,38,-0.031510369284180356,0.25002941448464194,0.6771610975265503,0.7519930601119995,0.4578268826007843
Body,Body_random_full_02_zero,12345,40,0.2896936097439363,0.713694870011518,0.5585962533950806,0.6401287317276001,0.1821780800819397
Body,Body_random_full_02_zero,12345,59,0.003565294511624997,0.3025824002867453,0.6743898391723633,0.46982309222221375,0.06766802072525024
Body,Body_random_full_02_zero,12345,88,0.01946879764386602,0.25185470539296506,0.6944637298583984,0.49568644165992737,0.036514148116111755
Body,Body_random_full_02_zero,12345,116,0.1366162298575737,0.2235717380512756,0.8195872902870178,0.4739132523536682,0.09765434265136719
Body,Body_random_full_02_zero,12345,133,-0.04917466049345144,0.6123029185810053,0.670876681804657,0.4549708366394043,0.016548098996281624
Body,Body_random_full_02_zero,12345,161,-0.026656952048646605,0.35110756433474716,0.6605292558670044,0.6745572686195374,0.44770169258117676
Body,Body_random_full_02_zero,12345,170,-0.05709492181809771,0.23742151203911416,0.6296974420547485,0.6516501903533936,0.0784478485584259
Body,Body_random_full_02_zero,12345,179,0.022241411187846522,0.22035009442019712,0.7924975156784058,0.5863394141197205,0.07123008370399475
Body,Body_random_full_02_zero,12345,220,-0.18951892772728332,0.42105549304344797,0.7097688317298889,0.3901721239089966,0.04745122417807579
Body,Body_random_full_02_zero,12345,233,0.16601791960332452,0.1997482608668161,0.6624202728271484,0.5436411499977112,0.12683388590812683
Body,Body_random_full_02_zero,12345,257,-0.03904015824648071,0.2556779913491273,0.6637997031211853,0.4561406970024109,0.07806098461151123
Body,Body_random_full_02_zero,12345,290,-0.13155256456426864,0.2709888862738102,0.7534607648849487,0.510496199131012,0.14237719774246216
Body,Body_random_full_02_zero,12345,331,0.19306856911584097,0.2619279665713285,0.7335458993911743,0.3598843812942505,-0.017685119062662125
Body,Body_random_full_02_zero,12345,339,0.022550720788318667,0.33167615773237097,0.6688083410263062,0.6795546412467957,0.46340084075927734
Body,Body_random_full_02_zero,12345,355,-0.12422725207928291,0.5308894875462501,0.7639551758766174,0.6269423961639404,0.3913150131702423
Body,Body_random_full_02_zero,12345,366,-0.018963788484458823,0.4068775694809406,0.7413674592971802,0.5991557240486145,0.08401736617088318
Body,Body_random_full_02_zero,12345,474,0.22629491603414179,0.22045855623303487,0.6651059985160828,0.42984896898269653,0.09091764688491821
Body,Body_random_full_02_zero,12345,492,0.2199793249066661,0.44456697031496417,0.6410672068595886,0.6439602971076965,0.400850385427475
Body,Body_random_full_02_zero,12345,527,0.31026199320337966,0.2585477502540918,0.7554802894592285,0.46631839871406555,0.035512540489435196
Body,Body_random_full_02_zero,12345,530,-0.1067962827612985,0.47462533759594494,0.6827725768089294,0.7694258689880371,0.5839143991470337
Body,Body_random_full_02_zero,12345,542,-0.12333247859492667,0.3029105967936288,0.6483001112937927,0.622641921043396,0.27150747179985046
Body,Body_random_full_02_zero,12345,574,0.02690324050203079,0.5957748416570886,0.6411581039428711,0.6490368843078613,0.7058002352714539
Body,Body_random_full_02_zero,12345,597,-0.024900859324748018,0.2804758040893538,0.7239060401916504,0.5357189774513245,0.07683722674846649
Body,Body_random_full_02_zero,12345,619,0.07191256005631654,0.24553753941777745,0.7255308032035828,0.7958440780639648,0.7803699970245361
Body,Body_random_full_02_zero,12345,656,0.041920148126371744,0.20217988712715426,0.6797274351119995,0.48160308599472046,0.029237039387226105
Body,Body_random_full_02_zero,12345,661,-0.15018576994533722,0.3278987780468867,0.6912423372268677,0.5666725635528564,0.2405766248703003
Body,Body_random_full_02_zero,12345,664,0.10806226676809814,0.47184338768717776,0.7427958250045776,0.873177170753479,0.5962374210357666
Body,Body_random_full_02_zero,12345,698,-0.11845941835563326,0.26672434828048414,0.758521556854248,0.6398301124572754,-0.023827403783798218
Body,Body_random_full_02_zero,12345,700,0.17102632257161363,0.29856576744366986,0.7067605257034302,0.40050265192985535,0.3090955317020416
Body,Body_random_full_02_zero,12345,716,-0.15644039978915084,0.2361778510581691,0.6684098243713379,0.5221336483955383,0.048707060515880585
Body,Body_random_full_02_zero,12345,765,-0.03224686882768862,0.3264505889834957,0.7110767364501953,0.5620183944702148,0.25962916016578674
Body,Body_random_full_02_zero,12345,771,0.030217204441130928,0.3874898844349013,0.7167894244194031,0.7231804132461548,0.2955360412597656
Body,Body_random_full_02_zero,12345,786,0.027801475329441407,0.07881350801814677,0.8374780416488647,0.5779996514320374,0.31411850452423096
Body,Body_random_full_02_zero,12345,806,-0.03603883971009621,0.22223790783046038,0.668066143989563,0.396832138299942,0.08598741888999939
Body,Body_random_full_02_zero,12345,813,0.1392770503693809,0.2045623376717824,0.6917218565940857,0.578652560710907,0.10954894125461578
Body,Body_random_full_02_zero,12345,816,-0.0932782686993707,0.20168584407982793,0.6904275417327881,0.44668009877204895,0.11119300872087479
Body,Body_random_full_02_zero,12345,822,0.33893359488670566,0.34202440836995895,0.6268375515937805,0.42868682742118835,0.1310950219631195
Body,Body_random_full_02_zero,12345,826,0.5486551513363938,0.40727137870750746,0.6751462817192078,0.3550305664539337,0.12555962800979614
Body,Body_random_full_02_zero,12345,847,-0.0475788440325802,0.30573171953391387,0.6912081837654114,0.7042582631111145,0.15560346841812134
Body,Body_random_full_02_zero,12345,876,-0.1016343310041796,0.11646223999206357,0.7289043068885803,0.5651211738586426,0.042189694941043854
Body,Body_random_full_02_zero,12345,891,-0.08811497132643013,0.0710074868826419,0.8258090019226074,0.5223312377929688,0.06443803757429123
Body,Body_random_full_02_zero,12345,919,-0.12958362896146375,0.10980446011460085,0.707740068435669,0.3029891550540924,0.022887375205755234
Body,Body_random_full_02_zero,12345,931,0.0920759697022623,0.2943983992454836,0.657322108745575,0.7393050789833069,0.7100598812103271
Body,Body_random_full_02_zero,12345,933,-0.09350926649424986,0.33811426535141803,0.7507952451705933,0.5765242576599121,0.22452431917190552
Body,Body_random_full_02_zero,12345,941,-0.0013903449447375583,0.32928176267889897,0.6514105200767517,0.565132737159729,0.1885688602924347
Body,Body_random_full_02_zero,12345,960,0.013577610762787143,0.3396643650287623,0.7897220253944397,0.5571097135543823,0.026200521737337112
Body,Body_random_full_02_zero,12345,968,0.027760324273641602,0.1205200522422776,0.6721882224082947,0.6772056221961975,0.1818895787000656
Body,Body_random_full_02_zero,12345,989,0.1256425014195357,0.49290088154163525,0.691368579864502,0.8366231918334961,0.7688549757003784
Body,Body_random_full_03_zero,12345,21,0.08196252333405556,0.23748693228284032,0.663697361946106,0.7169698476791382,0.6560994386672974
Body,Body_random_full_03_zero,12345,38,-0.018001451594671244,0.2618534299020511,0.6944395899772644,0.7478045225143433,0.36795711517333984
Body,Body_random_full_03_zero,12345,40,0.26317361340024026,0.7017816145421297,0.584359884262085,0.704286515712738,0.3532782196998596
Body,Body_random_full_03_zero,12345,59,0.036243422081732916,0.31141122054464976,0.6657166481018066,0.4742918908596039,0.005794933065772057
Body,Body_random_full_03_zero,12345,88,0.2068251443573195,0.2830088978777069,0.800737738609314,0.5054959058761597,-0.025704851374030113
Body,Body_random_full_03_zero,12345,116,0.05689340295317532,0.18230321902375968,0.7470202445983887,0.571233868598938,0.5830966830253601
Body,Body_random_full_03_zero,12345,133,-0.019332192958871477,0.6005405942954457,0.6547223925590515,0.4426777958869934,0.047564517706632614
Body,Body_random_full_03_zero,12345,161,0.056766735220240915,0.35338014477581053,0.6398084163665771,0.7144182324409485,0.5791158676147461
Body,Body_random_full_03_zero,12345,170,-0.10350195974016979,0.25134524979600353,0.6391661167144775,0.6169540286064148,0.08545265346765518
Body,Body_random_full_03_zero,12345,179,-0.27635933903859683,0.1712797081780334,0.775085985660553,0.5901399254798889,0.11314898729324341
Body,Body_random_full_03_zero,12345,220,-0.0971362170566257,0.3728343296071752,0.7385699152946472,0.48730993270874023,0.09675378352403641
Body,Body_random_full_03_zero,12345,233,0.25160116352117606,0.17330091913841958,0.683035135269165,0.47032642364501953,0.05539846792817116
Body,Body_random_full_03_zero,12345,257,-0.06869002796500909,0.2632018623998167,0.6580324172973633,0.5045257806777954,0.07323932647705078
Body,Body_random_full_03_zero,12345,290,-0.14552391926922975,0.2610605596989318,0.7575563192367554,0.5056947469711304,0.14868125319480896
Body,Body_random_full_03_zero,12345,331,0.14296368797516953,0.24300357315984705,0.7612956762313843,0.49732697010040283,-0.025668568909168243
Body,Body_random_full_03_zero,12345,339,0.06765934823104958,0.36566219752518575,0.6853631734848022,0.7697380185127258,0.5901669859886169
Body,Body_random_full_03_zero,12345,355,-0.09239130369455897,0.44217949555525,0.7567822933197021,0.621455729007721,0.4760463237762451
Body,Body_random_full_03_zero,12345,366,-0.08475065801261772,0.385019116481015,0.7359125018119812,0.6671704649925232,0.2888139486312866
Body,Body_random_full_03_zero,12345,474,0.22991501876339923,0.23623724614014266,0.6504438519477844,0.4519958794116974,0.1694488227367401
Body,Body_random_full_03_zero,12345,492,0.24553893723538295,0.43346643853918354,0.6076807975769043,0.6692224740982056,0.48946863412857056
Body,Body_random_full_03_zero,12345,527,0.2623171237446577,0.22690407894317516,0.7806298732757568,0.46707674860954285,0.13073842227458954
Body,Body_random_full_03_zero,12345,530,-0.12877750468893073,0.4537013646317622,0.7008098363876343,0.5350573658943176,0.1142045110464096
Body,Body_random_full_03_zero,12345,542,-0.14283057640947333,0.300451244806743,0.6477850675582886,0.6304649114608765,0.32741421461105347
Body,Body_random_full_03_zero,12345,574,0.02010070493982013,0.5689172268024522,0.6376712918281555,0.6730518937110901,0.7877941131591797
Body,Body_random_full_03_zero,12345,597,-0.0894714179078973,0.256505045042281,0.7566527128219604,0.6040933132171631,0.10354788601398468
Body,Body_random_full_03_zero,12345,619,-0.021314411866784837,0.2301071172743283,0.7242010235786438,0.7575918436050415,0.4358261227607727
Body,Body_random_full_03_zero,12345,656,0.05778313348941678,0.19524601798433505,0.6509413719177246,0.5434990525245667,0.07113881409168243
Body,Body_random_full_03_zero,12345,661,-0.17508977895816052,0.314486843761303,0.6950857043266296,0.6427693963050842,0.3108341097831726
Body,Body_random_full_03_zero,12345,664,0.054551621213041794,0.47490077862405966,0.7343261241912842,0.8282618522644043,0.39933401346206665
Body,Body_random_full_03_zero,12345,698,-0.11564099416541188,0.2687697629551135,0.7576412558555603,0.6384101510047913,0.028599008917808533
Body,Body_random_full_03_zero,12345,700,0.17047172799444574,0.2555259549080981,0.7334076762199402,0.4459605813026428,0.21030756831169128
Body,Body_random_full_03_zero,12345,716,-0.05272809641472082,0.2446348311640669,0.6500258445739746,0.5645069479942322,0.04835193604230881
Body,Body_random_full_03_zero,12345,765,-0.040514899625047146,0.3175030668534621,0.7013369202613831,0.6098923087120056,0.18297895789146423
Body,Body_random_full_03_zero,12345,771,0.044218901086493,0.3823944701187311,0.7039336562156677,0.653783917427063,0.1440052092075348
Body,Body_random_full_03_zero,12345,786,-0.007728038192039528,0.0789006310799768,0.8594326376914978,0.6120665669441223,0.3261614143848419
Body,Body_random_full_03_zero,12345,806,-0.04412418506248716,0.23011796779506652,0.6705211400985718,0.4822617471218109,0.060855790972709656
Body,Body_random_full_03_zero,12345,813,0.10496933281015822,0.21811006866216262,0.7346033453941345,0.6554259657859802,0.2840922176837921
Body,Body_random_full_03_zero,12345,816,-0.09791372136871976,0.18873098334653185,0.6631832718849182,0.44889575242996216,0.10330130904912949
Body,Body_random_full_03_zero,12345,822,0.3427077144942086,0.34570479076772614,0.6396543383598328,0.36024966835975647,0.0546848401427269
Body,Body_random_full_03_zero,12345,826,0.05971303461250711,0.25189515155499814,0.7364920377731323,0.36785364151000977,0.06657090783119202
Body,Body_random_full_03_zero,12345,847,-0.004032375838273536,0.34558868650836455,0.727584183216095,0.6158860325813293,0.08403406292200089
Body,Body_random_full_03_zero,12345,876,-0.08259901586212218,0.12264220008412978,0.7443439364433289,0.45813706517219543,-0.011416077613830566
Body,Body_random_full_03_zero,12345,891,-0.1744040690895413,0.06885505763206948,0.7879459857940674,0.4234025478363037,-0.0056257471442222595
Body,Body_random_full_03_zero,12345,919,-0.06384571902394694,0.11151044321767649,0.6789883971214294,0.38486939668655396,0.12702220678329468
Body,Body_random_full_03_zero,12345,931,0.1389471760907542,0.29574403341124456,0.6841856241226196,0.7574374079704285,0.7299144268035889
Body,Body_random_full_03_zero,12345,933,-0.0855663541558604,0.33815217801288344,0.7452888488769531,0.607542097568512,0.1676648110151291
Body,Body_random_full_03_zero,12345,941,-0.1849813955031629,0.2237870311661522,0.6704408526420593,0.5542261600494385,0.08007436990737915
Body,Body_random_full_03_zero,12345,960,0.009695084314049106,0.36258254698911235,0.7894801497459412,0.5802441239356995,0.043282631784677505
Body,Body_random_full_03_zero,12345,968,0.06933358973772936,0.11829354872727192,0.6825233101844788,0.6556159257888794,0.17359904944896698
Body,Body_random_full_03_zero,12345,989,0.03807972008107721,0.5027175239286423,0.7334095239639282,0.8088235259056091,0.8294646739959717
Body,Body_random_full_04_zero,12345,21,0.0708334117040967,0.2089085257431695,0.6637874245643616,0.7389956712722778,0.6263967752456665
Body,Body_random_full_04_zero,12345,38,-0.0392466053486894,0.2677484699016872,0.6847800612449646,0.7225122451782227,0.30185478925704956
Body,Body_random_full_04_zero,12345,40,0.2870125965116583,0.716731820425343,0.5722342729568481,0.7523658871650696,0.4249587655067444
Body,Body_random_full_04_zero,12345,59,0.008634885766621567,0.2999073075393333,0.6595119833946228,0.46218082308769226,0.03337720036506653
Body,Body_random_full_04_zero,12345,88,0.08537942906301725,0.29270501089423956,0.7006047964096069,0.48733940720558167,0.06472557038068771
Body,Body_random_full_04_zero,12345,116,0.010186185843410259,0.18267569675569353,0.7800799012184143,0.518857479095459,0.2763807773590088
Body,Body_random_full_04_zero,12345,133,-0.08596669007815924,0.5930958359447782,0.693770706653595,0.4522877335548401,0.22183683514595032
Body,Body_random_full_04_zero,12345,161,0.005544464024601464,0.3609432777592708,0.625826895236969,0.7260613441467285,0.46466147899627686
Body,Body_random_full_04_zero,12345,170,-0.11277015094245271,0.24654068984066885,0.6454497575759888,0.6287943124771118,0.009177342057228088
Body,Body_random_full_04_zero,12345,179,-0.06858148119966345,0.29356789621944246,0.7929879426956177,0.6439756751060486,0.1446479856967926
Body,Body_random_full_04_zero,12345,220,-0.17230416677885643,0.43234524233655264,0.6953287720680237,0.3057456314563751,0.060470808297395706
Body,Body_random_full_04_zero,12345,233,0.17794373542571382,0.1673716037876809,0.6850325465202332,0.43706491589546204,0.05017247796058655
Body,Body_random_full_04_zero,12345,257,0.0091205584280063,0.2707643727657756,0.6822900176048279,0.48997223377227783,0.05920583754777908
Body,Body_random_full_04_zero,12345,290,-0.1796823114836677,0.2759044194063327,0.776088535785675,0.4923815131187439,0.26108160614967346
Body,Body_random_full_04_zero,12345,331,0.1989823621439325,0.22092487772768626,0.7460919618606567,0.461311936378479,-0.02369195595383644
Body,Body_random_full_04_zero,12345,339,0.03699314304645291,0.30673551021674345,0.7018740177154541,0.6530672311782837,0.41770437359809875
Body,Body_random_full_04_zero,12345,355,-0.009425348647145263,0.6053949050291799,0.7023006677627563,0.6115536689758301,0.3193039894104004
Body,Body_random_full_04_zero,12345,366,-0.07032589490073352,0.40529555575506726,0.7456434965133667,0.649383008480072,0.24941293895244598
Body,Body_random_full_04_zero,12345,474,0.2354852319669263,0.22832803733842202,0.6554914712905884,0.4663665294647217,0.08960800617933273
Body,Body_random_full_04_zero,12345,492,0.12795829073176973,0.39759871805703906,0.6422227025032043,0.6841588020324707,0.34712767601013184
Body,Body_random_full_04_zero,12345,527,0.2785497358180245,0.2996908633965363,0.7614622116088867,0.3624539375305176,0.0778421014547348
Body,Body_random_full_04_zero,12345,530,0.06794704273672526,0.48896425030923435,0.6687238812446594,0.7595018148422241,0.3415405750274658
Body,Body_random_full_04_zero,12345,542,-0.10869292649880555,0.32521175115411083,0.6481580138206482,0.5774967670440674,0.23743225634098053
Body,Body_random_full_04_zero,12345,574,0.028158767572811754,0.5292322786528671,0.6833509206771851,0.6696728467941284,0.6725893020629883
Body,Body_random_full_04_zero,12345,597,-0.06415705433629014,0.2722377649393851,0.7302942276000977,0.5659608840942383,0.10117465257644653
Body,Body_random_full_04_zero,12345,619,-0.03288918729736877,0.2298119590075382,0.7325002551078796,0.7446595430374146,0.5823001861572266
Body,Body_random_full_04_zero,12345,656,0.031673688612086276,0.20178052891389073,0.6693903207778931,0.50568687915802,0.03244505450129509
Body,Body_random_full_04_zero,12345,661,-0.16585624799365795,0.32629369805208197,0.694267988204956,0.6540817022323608,0.32631945610046387
Body,Body_random_full_04_zero,12345,664,0.09223901017504135,0.46465955027863937,0.7214469313621521,0.7914502620697021,0.544550359249115
Body,Body_random_full_04_zero,12345,698,-0.1322996890545176,0.2755522892912057,0.7664865255355835,0.6350943446159363,0.01800232008099556
Body,Body_random_full_04_zero,12345,700,0.18657805111899095,0.2502890098839284,0.7002743482589722,0.5469337701797485,0.49871644377708435
Body,Body_random_full_04_zero,12345,716,-0.14463812143840624,0.23264597163581544,0.659199059009552,0.5517579317092896,0.04384641721844673
Body,Body_random_full_04_zero,12345,765,-0.00583913475222875,0.31492672423552376,0.7079023718833923,0.5721030831336975,0.2406979501247406
Body,Body_random_full_04_zero,12345,771,0.026325784783350376,0.3993547587728765,0.729217529296875,0.6791380047798157,0.1280238926410675
Body,Body_random_full_04_zero,12345,786,0.010527838805721735,0.07834013212347234,0.8265595436096191,0.6250896453857422,0.2592780292034149
Body,Body_random_full_04_zero,12345,806,-0.04041291058036795,0.2186738932455365,0.6437995433807373,0.5293302536010742,0.2861626446247101
Body,Body_random_full_04_zero,12345,813,0.1194150799401647,0.1859666079400322,0.6960236430168152,0.4948141574859619,0.06312055140733719
Body,Body_random_full_04_zero,12345,816,-0.15295775991144087,0.19736963207373093,0.6764044761657715,0.615441083908081,0.10142192989587784
Body,Body_random_full_04_zero,12345,822,0.3376017479215714,0.2915568458072576,0.6321465969085693,0.3994131088256836,0.13801755011081696
Body,Body_random_full_04_zero,12345,826,0.5886641390301678,0.4149053802218684,0.6957471966743469,0.39953428506851196,0.03787118196487427
Body,Body_random_full_04_zero,12345,847,-0.04600286414265431,0.2850506851194435,0.6732119917869568,0.6035136580467224,0.13135604560375214
Body,Body_random_full_04_zero,12345,876,-0.10952899981059673,0.11638403329963104,0.7184351086616516,0.2977633476257324,-0.04469556733965874
Body,Body_random_full_04_zero,12345,891,-0.12199425854573763,0.11996999823657806,0.709031879901886,0.5021762847900391,0.10492284595966339
Body,Body_random_full_04_zero,12345,919,-0.07674621311752008,0.134452448356213,0.7275136709213257,0.37284281849861145,0.13768166303634644
Body,Body_random_full_04_zero,12345,931,0.1271257702978959,0.2839577336813041,0.6425528526306152,0.7237942218780518,0.7331740260124207
Body,Body_random_full_04_zero,12345,933,0.023954917245363735,0.3348261133263431,0.720322847366333,0.65280681848526,0.1690891534090042
Body,Body_random_full_04_zero,12345,941,0.0064202656093583915,0.3196234222261669,0.6521002054214478,0.6470349431037903,0.23604992032051086
Body,Body_random_full_04_zero,12345,960,0.06135683417980763,0.3553689615590957,0.7276495099067688,0.6086602210998535,0.4495162069797516
Body,Body_random_full_04_zero,12345,968,0.036290850794073015,0.11906579789205446,0.6753020286560059,0.6141197681427002,0.19865620136260986
Body,Body_random_full_04_zero,12345,989,0.07515331564576813,0.5144655375569832,0.7032967805862427,0.8632133603096008,0.8360188603401184
Body,Body_random_full_05_zero,12345,21,0.07711526050218677,0.2199646475216684,0.6627585887908936,0.7391623258590698,0.610858678817749
Body,Body_random_full_05_zero,12345,38,-0.04030708664383081,0.25577718179774356,0.680155873298645,0.7198576331138611,0.306768536567688
Body,Body_random_full_05_zero,12345,40,0.30089288919382723,0.7278056243919643,0.5537880063056946,0.6909958124160767,0.24134854972362518
Body,Body_random_full_05_zero,12345,59,0.0030114949775423764,0.3023911026557097,0.6614323258399963,0.4574619233608246,0.01258266530930996
Body,Body_random_full_05_zero,12345,88,0.0726464767874134,0.25325714958957335,0.667572021484375,0.45180532336235046,0.07621533423662186
Body,Body_random_full_05_zero,12345,116,0.0920369656012432,0.20731367249394117,0.7855035066604614,0.44424402713775635,0.046169690787792206
Body,Body_random_full_05_zero,12345,133,-0.059419017632522136,0.5950057346363307,0.6880879402160645,0.43637555837631226,0.14313024282455444
Body,Body_random_full_05_zero,12345,161,0.11345275045335301,0.3520381981611131,0.6551916599273682,0.6230493187904358,0.6109760999679565
Body,Body_random_full_05_zero,12345,170,-0.08951895199252614,0.23015217439391372,0.6318116188049316,0.6137046217918396,0.026032840833067894
Body,Body_random_full_05_zero,12345,179,-0.03960633346689595,0.28611179065213704,0.7929078340530396,0.6598221659660339,0.19099482893943787
Body,Body_random_full_05_zero,12345,220,-0.1461921770572088,0.40962437904204896,0.7223622798919678,0.41221949458122253,0.06678852438926697
Body,Body_random_full_05_zero,12345,233,0.14133779928422038,0.1864592097883682,0.6861150860786438,0.477566659450531,0.017918184399604797
Body,Body_random_full_05_zero,12345,257,-0.05117949842461591,0.2500723912328197,0.674585223197937,0.5519185066223145,0.2174847275018692
Body,Body_random_full_05_zero,12345,290,-0.07743950247026346,0.26381594896234506,0.7556757926940918,0.500505805015564,0.14822445809841156
Body,Body_random_full_05_zero,12345,331,0.20119674264942847,0.2696070237876941,0.7670731544494629,0.47245436906814575,-0.03192072734236717
Body,Body_random_full_05_zero,12345,339,0.0428972795259997,0.34970967444518486,0.6685163378715515,0.7532519698143005,0.6309573650360107
Body,Body_random_full_05_zero,12345,355,-0.00914309727906413,0.5715827529834204,0.705463707447052,0.5466341972351074,0.3396231532096863
Body,Body_random_full_05_zero,12345,366,-0.09095174202402932,0.35828863806719063,0.7316505312919617,0.7203412055969238,0.2294768989086151
Body,Body_random_full_05_zero,12345,474,0.2205278674619276,0.2338803640459603,0.6696707606315613,0.44721299409866333,0.10196574032306671
Body,Body_random_full_05_zero,12345,492,0.18386511656481302,0.41308846506729996,0.6170312762260437,0.704576849937439,0.3548794984817505
Body,Body_random_full_05_zero,12345,527,0.23778237037274144,0.17604489838825027,0.7652836441993713,0.554199755191803,0.28975754976272583
Body,Body_random_full_05_zero,12345,530,-0.09976511638906933,0.47511803460664964,0.6515534520149231,0.8704042434692383,0.6606760621070862
Body,Body_random_full_05_zero,12345,542,-0.16040062141810316,0.3035437311545797,0.6403332352638245,0.6268538236618042,0.3459528088569641
Body,Body_random_full_05_zero,12345,574,0.023029182085033434,0.5907353350904376,0.6505190134048462,0.6154856085777283,0.7117900252342224
Body,Body_random_full_05_zero,12345,597,-0.06579312711441372,0.2805112599698199,0.7129836082458496,0.6575261354446411,0.09538677334785461
Body,Body_random_full_05_zero,12345,619,-0.006575249264258057,0.21799796879941286,0.7100546360015869,0.7285757064819336,0.6210457682609558
Body,Body_random_full_05_zero,12345,656,0.053383943668527487,0.1958581477379476,0.6730775237083435,0.5219638347625732,0.05502951890230179
Body,Body_random_full_05_zero,12345,661,-0.14931761918688174,0.31731691729444433,0.7016572952270508,0.6011143326759338,0.28368133306503296
Body,Body_random_full_05_zero,12345,664,0.11248674496776774,0.47613096732630156,0.7315306067466736,0.7781967520713806,0.5101045370101929
Body,Body_random_full_05_zero,12345,698,-0.12506009647137176,0.26915317918660864,0.7585978507995605,0.5623000860214233,0.03244858607649803
Body,Body_random_full_05_zero,12345,700,0.2635473599704718,0.30165787869728944,0.7103828191757202,0.3977203667163849,0.26761776208877563
Body,Body_random_full_05_zero,12345,716,-0.009961417127958581,0.21604131080547923,0.6765056252479553,0.5588562488555908,0.020499393343925476
Body,Body_random_full_05_zero,12345,765,-0.023966157690933663,0.3115462639990268,0.7164154052734375,0.5961458086967468,0.27294570207595825
Body,Body_random_full_05_zero,12345,771,0.05405157124288956,0.3819547119693468,0.7027194499969482,0.6385393738746643,0.11501575261354446
Body,Body_random_full_05_zero,12345,786,0.005428977692935899,0.07888579993857137,0.8557407259941101,0.5887879133224487,0.36929768323898315
Body,Body_random_full_05_zero,12345,806,-0.03714914927604082,0.2114024109084811,0.6282400488853455,0.4964204728603363,0.20773929357528687
Body,Body_random_full_05_zero,12345,813,0.1087209637784649,0.18952811373083983,0.7020298838615417,0.46757596731185913,0.0670902356505394
Body,Body_random_full_05_zero,12345,816,-0.14852467992185664,0.16004296202727603,0.680340051651001,0.5379945635795593,0.1099359542131424
Body,Body_random_full_05_zero,12345,822,0.3253492684730977,0.3289568350790496,0.6219097971916199,0.32051610946655273,0.12387505173683167
Body,Body_random_full_05_zero,12345,826,0.48352446579881647,0.38790765908827646,0.6604208946228027,0.3840985894203186,0.0697423666715622
Body,Body_random_full_05_zero,12345,847,-0.008148634101984395,0.2963626277402179,0.6674749255180359,0.6237876415252686,0.15522131323814392
Body,Body_random_full_05_zero,12345,876,-0.10177910714999505,0.11528081607687907,0.7171862125396729,0.4703967869281769,0.08081360161304474
Body,Body_random_full_05_zero,12345,891,-0.17441514022186333,0.10240196728294691,0.7438189387321472,0.4977239668369293,0.0072450190782547
Body,Body_random_full_05_zero,12345,919,-0.05171752250008365,0.15602072859523886,0.7404744625091553,0.556541383266449,0.29508280754089355
Body,Body_random_full_05_zero,12345,931,0.11615088529532817,0.28724476891855527,0.6348502039909363,0.742099404335022,0.7338230609893799
Body,Body_random_full_05_zero,12345,933,0.043764056399825974,0.3463142390204957,0.7070573568344116,0.6068359017372131,0.2042701542377472
Body,Body_random_full_05_zero,12345,941,-0.014521393888844637,0.3155860713778797,0.6548436284065247,0.629204273223877,0.2409525215625763
Body,Body_random_full_05_zero,12345,960,0.025505660120283137,0.3574289942227596,0.7322065830230713,0.7279868125915527,0.2347882241010666
Body,Body_random_full_05_zero,12345,968,0.015091353932960119,0.12283399306614755,0.693742036819458,0.7021083235740662,0.28543204069137573
Body,Body_random_full_05_zero,12345,989,0.0792659144451506,0.5200330557180639,0.699114978313446,0.8383857011795044,0.8036096096038818
Body,Scene_unrelated_equal4_zero,12345,21,0.05735200767192935,0.22264220685375322,0.6611979007720947,0.7673022150993347,0.599023699760437
Body,Scene_unrelated_equal4_zero,12345,38,-0.027909763926802687,0.2581678153942855,0.6692547798156738,0.7603481411933899,0.3792584538459778
Body,Scene_unrelated_equal4_zero,12345,40,0.24854439079240373,0.6986918684162032,0.574161946773529,0.6978376507759094,0.26343780755996704
Body,Scene_unrelated_equal4_zero,12345,59,0.02497191479458566,0.30306491647365214,0.6575926542282104,0.44835078716278076,0.017410390079021454
Body,Scene_unrelated_equal4_zero,12345,88,0.11338033225983335,0.22121709178032875,0.7267189621925354,0.4253964126110077,0.011263905093073845
Body,Scene_unrelated_equal4_zero,12345,116,0.09303047976369284,0.21164802904735278,0.777074933052063,0.46109187602996826,0.11063626408576965
Body,Scene_unrelated_equal4_zero,12345,133,-0.03489349096118615,0.6363216266001491,0.6720256805419922,0.458107054233551,-0.004955586977303028
Body,Scene_unrelated_equal4_zero,12345,161,0.05191610698184932,0.3887053595414924,0.6457821130752563,0.7736189961433411,0.7011814713478088
Body,Scene_unrelated_equal4_zero,12345,170,-0.0690573543216902,0.24507982241191684,0.6372721195220947,0.6501156091690063,0.1390070617198944
Body,Scene_unrelated_equal4_zero,12345,179,-0.15428933471197215,0.2578520269481925,0.741300642490387,0.5825373530387878,0.04907985404133797
Body,Scene_unrelated_equal4_zero,12345,220,-0.13019888126755694,0.4260838340638772,0.6778626441955566,0.4432087242603302,0.10031247138977051
Body,Scene_unrelated_equal4_zero,12345,233,0.04895550354933346,0.16195565933098177,0.67290198802948,0.48378124833106995,-0.0021088765934109688
Body,Scene_unrelated_equal4_zero,12345,257,-0.06189325446844517,0.24074793176767698,0.6623455882072449,0.4548317790031433,-0.011413369327783585
Body,Scene_unrelated_equal4_zero,12345,290,-0.10699452119996306,0.2592949273192517,0.7549440264701843,0.4722974896430969,0.15977418422698975
Body,Scene_unrelated_equal4_zero,12345,331,0.19071820576314133,0.26783297833004815,0.7684175372123718,0.46885716915130615,-0.021070746704936028
Body,Scene_unrelated_equal4_zero,12345,339,0.05592665857155565,0.3607701042578956,0.6789721250534058,0.7722782492637634,0.6655098795890808
Body,Scene_unrelated_equal4_zero,12345,355,-0.15630470333586713,0.5523882300435368,0.7484670877456665,0.7181276082992554,0.7213808298110962
Body,Scene_unrelated_equal4_zero,12345,366,-0.09489866581055119,0.3997508640029752,0.7336646318435669,0.6711271405220032,0.19352762401103973
Body,Scene_unrelated_equal4_zero,12345,474,0.2199049060906102,0.232472572712381,0.6646917462348938,0.36467695236206055,0.13153280317783356
Body,Scene_unrelated_equal4_zero,12345,492,0.13906541064778793,0.41735704133748425,0.636785089969635,0.6585863828659058,0.3485879898071289
Body,Scene_unrelated_equal4_zero,12345,527,0.2436829062231003,0.212729943957458,0.7698243856430054,0.45756852626800537,0.15337267518043518
Body,Scene_unrelated_equal4_zero,12345,530,-0.1568844183177016,0.4725994095223543,0.6629688143730164,0.6308964490890503,0.29626908898353577
Body,Scene_unrelated_equal4_zero,12345,542,-0.13253446743681627,0.3137705322825055,0.6494354605674744,0.6182002425193787,0.25854313373565674
Body,Scene_unrelated_equal4_zero,12345,574,-0.003886300629710789,0.5607632516625288,0.6576079726219177,0.6060472726821899,0.698068380355835
Body,Scene_unrelated_equal4_zero,12345,597,-0.09255933691102018,0.2704143551785781,0.7302040457725525,0.6485780477523804,0.08768007159233093
Body,Scene_unrelated_equal4_zero,12345,619,0.03969895468936911,0.1983552595772266,0.6854314804077148,0.6434388160705566,0.5653135180473328
Body,Scene_unrelated_equal4_zero,12345,656,0.05151122543879677,0.20153235807185801,0.6554163694381714,0.53178870677948,0.0736704021692276
Body,Scene_unrelated_equal4_zero,12345,661,-0.13441094116945532,0.3204964188508676,0.6877870559692383,0.6367798447608948,0.31049320101737976
Body,Scene_unrelated_equal4_zero,12345,664,0.05093370246999686,0.483564053404862,0.7318687438964844,0.8027823567390442,0.5725468993186951
Body,Scene_unrelated_equal4_zero,12345,698,-0.13795190940414834,0.2683151718541927,0.7689818143844604,0.6337897777557373,0.09911493211984634
Body,Scene_unrelated_equal4_zero,12345,700,0.19935970260497599,0.27165225411020727,0.7171308398246765,0.376911997795105,0.18177735805511475
Body,Scene_unrelated_equal4_zero,12345,716,-0.04371860150984063,0.2369279866160321,0.6897733211517334,0.5389252305030823,0.184868723154068
Body,Scene_unrelated_equal4_zero,12345,765,-0.00474620805246158,0.3162958174285908,0.7212606072425842,0.612496554851532,0.1868889182806015
Body,Scene_unrelated_equal4_zero,12345,771,0.025024104950104424,0.37669844847109735,0.7068629264831543,0.5831079483032227,0.18290391564369202
Body,Scene_unrelated_equal4_zero,12345,786,-0.002700437573994723,0.07860798031549773,0.854885458946228,0.6015884876251221,0.24933521449565887
Body,Scene_unrelated_equal4_zero,12345,806,-0.06705676062452276,0.24011096351717004,0.6751530170440674,0.45611584186553955,0.11439961194992065
Body,Scene_unrelated_equal4_zero,12345,813,0.11364192513020586,0.19629323173454452,0.7099173665046692,0.5193256735801697,-0.0015798257663846016
Body,Scene_unrelated_equal4_zero,12345,816,-0.0831072952939842,0.202736075523587,0.6783156991004944,0.3729686141014099,0.13767077028751373
Body,Scene_unrelated_equal4_zero,12345,822,0.3198351093434119,0.3540933253474359,0.6243393421173096,0.42895472049713135,0.07227884978055954
Body,Scene_unrelated_equal4_zero,12345,826,0.4681996434635375,0.3935459926930799,0.6654457449913025,0.3766787350177765,0.06986334919929504
Body,Scene_unrelated_equal4_zero,12345,847,-0.04848112774706651,0.298121667755671,0.6826675534248352,0.599412202835083,0.04574423283338547
Body,Scene_unrelated_equal4_zero,12345,876,-0.09867763722512621,0.12358526407619685,0.7416172623634338,0.4911843240261078,0.06070356443524361
Body,Scene_unrelated_equal4_zero,12345,891,-0.11545098201032797,0.07194201849849473,0.7426990866661072,0.5288543105125427,0.059598151594400406
Body,Scene_unrelated_equal4_zero,12345,919,-0.07094853660435495,0.150335747629096,0.7358766794204712,0.5261874198913574,0.13852068781852722
Body,Scene_unrelated_equal4_zero,12345,931,0.07193331249857335,0.28865108438129594,0.6522254347801208,0.7867020964622498,0.6772928237915039
Body,Scene_unrelated_equal4_zero,12345,933,-0.1047799811895874,0.3438335590774079,0.7435641288757324,0.47493940591812134,0.16868288815021515
Body,Scene_unrelated_equal4_zero,12345,941,0.004458441721219179,0.340867955355971,0.6616989374160767,0.5541083812713623,0.2788551449775696
Body,Scene_unrelated_equal4_zero,12345,960,-0.005857885479083888,0.34751132804744406,0.8032211065292358,0.5492650270462036,0.02409212291240692
Body,Scene_unrelated_equal4_zero,12345,968,0.057280621405307056,0.12231972408144613,0.67521071434021,0.6326310038566589,0.24761374294757843
Body,Scene_unrelated_equal4_zero,12345,989,0.03494489676024584,0.5091392684950264,0.7320161461830139,0.82801753282547,0.7874129414558411
Body,no_mask,12345,21,0.06432817153643916,0.22534238281676572,0.652892529964447,0.7512772083282471,0.6236371994018555
Body,no_mask,12345,38,-0.031954056505539424,0.2554743913290706,0.6729453206062317,0.7254163026809692,0.3653178811073303
Body,no_mask,12345,40,0.24723432861012945,0.7038116787554429,0.5782890915870667,0.7060604691505432,0.2515607178211212
Body,no_mask,12345,59,0.03037590225857392,0.3000475705161679,0.6574432253837585,0.43306830525398254,0.028376983478665352
Body,no_mask,12345,88,0.11888339311972301,0.23529035856341415,0.7378708720207214,0.4822532534599304,0.02737046778202057
Body,no_mask,12345,116,0.024581808538868318,0.2391027142976287,0.7804334163665771,0.42185497283935547,0.26546403765678406
Body,no_mask,12345,133,-0.06371674304067095,0.603746820375917,0.6709417700767517,0.44113537669181824,0.04505659267306328
Body,no_mask,12345,161,0.04306475657115125,0.40452192718502356,0.6531692743301392,0.7885518670082092,0.6598889231681824
Body,no_mask,12345,170,-0.06421037835000086,0.23449127408977918,0.6417778730392456,0.6529359221458435,-0.026197336614131927
Body,no_mask,12345,179,0.028118104160087993,0.23916724150256646,0.8203951120376587,0.5625260472297668,0.04571094363927841
Body,no_mask,12345,220,-0.14297189321554613,0.42146190484882085,0.7014921307563782,0.351481556892395,0.04091636836528778
Body,no_mask,12345,233,0.04725166163340347,0.16425734784643486,0.6772648692131042,0.486245334148407,0.007623892277479172
Body,no_mask,12345,257,-0.0607924318169207,0.24116473286515205,0.6505736112594604,0.5142500400543213,0.07969033718109131
Body,no_mask,12345,290,-0.09464517909074686,0.25797669243154364,0.747632622718811,0.5759487152099609,0.2075788527727127
Body,no_mask,12345,331,0.20512696371692887,0.2800670539741242,0.7684375047683716,0.4536316692829132,-0.023038627579808235
Body,no_mask,12345,339,0.05610000801263703,0.36463105759145226,0.6785686016082764,0.7915146946907043,0.6338706612586975
Body,no_mask,12345,355,-0.011754393028901642,0.5209839967582658,0.7402209043502808,0.6542731523513794,0.6421633362770081
Body,no_mask,12345,366,-0.11337976758929498,0.3868244767957292,0.7353141903877258,0.6390030384063721,0.08386708050966263
Body,no_mask,12345,474,0.22105794913997762,0.24491002211627344,0.6690241098403931,0.4086611270904541,0.11467700451612473
Body,no_mask,12345,492,0.18048212591226945,0.40492418857962476,0.620682418346405,0.695453941822052,0.42187416553497314
Body,no_mask,12345,527,0.24552224144816945,0.19509567861245022,0.7690573930740356,0.41599220037460327,0.18440620601177216
Body,no_mask,12345,530,-0.15181597689292356,0.48389765843877913,0.6670783162117004,0.624317467212677,0.40191957354545593
Body,no_mask,12345,542,-0.11575846340979563,0.32768969033642303,0.633335530757904,0.6512351036071777,0.1676298975944519
Body,no_mask,12345,574,0.007482610744070733,0.5206485612968139,0.6592316627502441,0.6159826517105103,0.6896016001701355
Body,no_mask,12345,597,-0.08907741186378429,0.28616519801528534,0.7220290303230286,0.590685248374939,0.07273103296756744
Body,no_mask,12345,619,0.011543495332864305,0.21476406562109632,0.7006860375404358,0.7600942254066467,0.5891944169998169
Body,no_mask,12345,656,0.0838643361301589,0.21717405427715297,0.6645705103874207,0.5282119512557983,0.056149713695049286
Body,no_mask,12345,661,-0.14426655786133616,0.30670941731343593,0.6812126040458679,0.6143410801887512,0.2679508328437805
Body,no_mask,12345,664,0.06015430702979642,0.47960431897826483,0.7342092990875244,0.8445079326629639,0.5669963955879211
Body,no_mask,12345,698,-0.12124843067761672,0.268730141859327,0.7632567286491394,0.5960744619369507,0.0773366391658783
Body,no_mask,12345,700,0.20078273108688002,0.2735359316000171,0.7033413648605347,0.44415000081062317,0.2522929310798645
Body,no_mask,12345,716,-0.07003514056428942,0.21290676922549093,0.6629226207733154,0.4358534812927246,0.030892297625541687
Body,no_mask,12345,765,-0.026273636487619424,0.3310981035354057,0.7063998579978943,0.5840675234794617,0.24759423732757568
Body,no_mask,12345,771,0.03806084223457584,0.38657296212366016,0.7077710628509521,0.696764349937439,0.4475964307785034
Body,no_mask,12345,786,0.019808239228558108,0.07967965891567606,0.829561173915863,0.642591655254364,0.33925676345825195
Body,no_mask,12345,806,-0.04858421934225812,0.21518035759478574,0.6400416493415833,0.5367088913917542,0.11849969625473022
Body,no_mask,12345,813,0.0987551372903709,0.19966292358387597,0.7147595286369324,0.5046048760414124,0.06130495294928551
Body,no_mask,12345,816,-0.09309153741046627,0.20060213993855072,0.681126058101654,0.3805235028266907,0.14463265240192413
Body,no_mask,12345,822,0.32536163054325806,0.3485066982359283,0.6209126710891724,0.420137494802475,0.05845510959625244
Body,no_mask,12345,826,0.47674123370851934,0.3968455842639964,0.6637207269668579,0.37562695145606995,0.051272764801979065
Body,no_mask,12345,847,-0.023023453779171848,0.31483713112392436,0.6723765730857849,0.6331427097320557,0.17545495927333832
Body,no_mask,12345,876,-0.08450439699437841,0.12190822274038017,0.7351834774017334,0.3775905668735504,-0.016902975738048553
Body,no_mask,12345,891,-0.12938142293403318,0.0784048993724378,0.7438279986381531,0.5456652641296387,0.1083904281258583
Body,no_mask,12345,919,-0.0880634607437725,0.15268013203948083,0.7461941838264465,0.427316814661026,0.08305824548006058
Body,no_mask,12345,931,0.08554160568597433,0.29313692928289525,0.6719454526901245,0.7325503826141357,0.7382659912109375
Body,no_mask,12345,933,-0.04444449621561852,0.34413892438326477,0.7317396402359009,0.5935055613517761,0.2679370045661926
Body,no_mask,12345,941,-0.04325136720696574,0.34315618454296487,0.6690236330032349,0.5137518644332886,0.15443821251392365
Body,no_mask,12345,960,0.03659237068461235,0.3107759800539414,0.7234494090080261,0.6417356133460999,0.057781435549259186
Body,no_mask,12345,968,0.05072750929401608,0.1202716957430395,0.6815416216850281,0.664040744304657,0.1632532775402069
Body,no_mask,12345,989,0.09003199043525532,0.5233157448091921,0.6820672750473022,0.8161075115203857,0.776313304901123
Body,no_mask_repeat,12345,21,0.06432817153643916,0.22534238281676572,0.652892529964447,0.7512772083282471,0.6236371994018555
Body,no_mask_repeat,12345,38,-0.031954056505539424,0.2554743913290706,0.6729453206062317,0.7254163026809692,0.3653178811073303
Body,no_mask_repeat,12345,40,0.24723432861012945,0.7038116787554429,0.5782890915870667,0.7060604691505432,0.2515607178211212
Body,no_mask_repeat,12345,59,0.03037590225857392,0.3000475705161679,0.6574432253837585,0.43306830525398254,0.028376983478665352
Body,no_mask_repeat,12345,88,0.11888339311972301,0.23529035856341415,0.7378708720207214,0.4822532534599304,0.02737046778202057
Body,no_mask_repeat,12345,116,0.024581808538868318,0.2391027142976287,0.7804334163665771,0.42185497283935547,0.26546403765678406
Body,no_mask_repeat,12345,133,-0.06371674304067095,0.603746820375917,0.6709417700767517,0.44113537669181824,0.04505659267306328
Body,no_mask_repeat,12345,161,0.04306475657115125,0.40452192718502356,0.6531692743301392,0.7885518670082092,0.6598889231681824
Body,no_mask_repeat,12345,170,-0.06421037835000086,0.23449127408977918,0.6417778730392456,0.6529359221458435,-0.026197336614131927
Body,no_mask_repeat,12345,179,0.028118104160087993,0.23916724150256646,0.8203951120376587,0.5625260472297668,0.04571094363927841
Body,no_mask_repeat,12345,220,-0.14297189321554613,0.42146190484882085,0.7014921307563782,0.351481556892395,0.04091636836528778
Body,no_mask_repeat,12345,233,0.04725166163340347,0.16425734784643486,0.6772648692131042,0.486245334148407,0.007623892277479172
Body,no_mask_repeat,12345,257,-0.0607924318169207,0.24116473286515205,0.6505736112594604,0.5142500400543213,0.07969033718109131
Body,no_mask_repeat,12345,290,-0.09464517909074686,0.25797669243154364,0.747632622718811,0.5759487152099609,0.2075788527727127
Body,no_mask_repeat,12345,331,0.20512696371692887,0.2800670539741242,0.7684375047683716,0.4536316692829132,-0.023038627579808235
Body,no_mask_repeat,12345,339,0.05610000801263703,0.36463105759145226,0.6785686016082764,0.7915146946907043,0.6338706612586975
Body,no_mask_repeat,12345,355,-0.011754393028901642,0.5209839967582658,0.7402209043502808,0.6542731523513794,0.6421633362770081
Body,no_mask_repeat,12345,366,-0.11337976758929498,0.3868244767957292,0.7353141903877258,0.6390030384063721,0.08386708050966263
Body,no_mask_repeat,12345,474,0.22105794913997762,0.24491002211627344,0.6690241098403931,0.4086611270904541,0.11467700451612473
Body,no_mask_repeat,12345,492,0.18048212591226945,0.40492418857962476,0.620682418346405,0.695453941822052,0.42187416553497314
Body,no_mask_repeat,12345,527,0.24552224144816945,0.19509567861245022,0.7690573930740356,0.41599220037460327,0.18440620601177216
Body,no_mask_repeat,12345,530,-0.15181597689292356,0.48389765843877913,0.6670783162117004,0.624317467212677,0.40191957354545593
Body,no_mask_repeat,12345,542,-0.11575846340979563,0.32768969033642303,0.633335530757904,0.6512351036071777,0.1676298975944519
Body,no_mask_repeat,12345,574,0.007482610744070733,0.5206485612968139,0.6592316627502441,0.6159826517105103,0.6896016001701355
Body,no_mask_repeat,12345,597,-0.08907741186378429,0.28616519801528534,0.7220290303230286,0.590685248374939,0.07273103296756744
Body,no_mask_repeat,12345,619,0.011543495332864305,0.21476406562109632,0.7006860375404358,0.7600942254066467,0.5891944169998169
Body,no_mask_repeat,12345,656,0.0838643361301589,0.21717405427715297,0.6645705103874207,0.5282119512557983,0.056149713695049286
Body,no_mask_repeat,12345,661,-0.14426655786133616,0.30670941731343593,0.6812126040458679,0.6143410801887512,0.2679508328437805
Body,no_mask_repeat,12345,664,0.06015430702979642,0.47960431897826483,0.7342092990875244,0.8445079326629639,0.5669963955879211
Body,no_mask_repeat,12345,698,-0.12124843067761672,0.268730141859327,0.7632567286491394,0.5960744619369507,0.0773366391658783
Body,no_mask_repeat,12345,700,0.20078273108688002,0.2735359316000171,0.7033413648605347,0.44415000081062317,0.2522929310798645
Body,no_mask_repeat,12345,716,-0.07003514056428942,0.21290676922549093,0.6629226207733154,0.4358534812927246,0.030892297625541687
Body,no_mask_repeat,12345,765,-0.026273636487619424,0.3310981035354057,0.7063998579978943,0.5840675234794617,0.24759423732757568
Body,no_mask_repeat,12345,771,0.03806084223457584,0.38657296212366016,0.7077710628509521,0.696764349937439,0.4475964307785034
Body,no_mask_repeat,12345,786,0.019808239228558108,0.07967965891567606,0.829561173915863,0.642591655254364,0.33925676345825195
Body,no_mask_repeat,12345,806,-0.04858421934225812,0.21518035759478574,0.6400416493415833,0.5367088913917542,0.11849969625473022
Body,no_mask_repeat,12345,813,0.0987551372903709,0.19966292358387597,0.7147595286369324,0.5046048760414124,0.06130495294928551
Body,no_mask_repeat,12345,816,-0.09309153741046627,0.20060213993855072,0.681126058101654,0.3805235028266907,0.14463265240192413
Body,no_mask_repeat,12345,822,0.32536163054325806,0.3485066982359283,0.6209126710891724,0.420137494802475,0.05845510959625244
Body,no_mask_repeat,12345,826,0.47674123370851934,0.3968455842639964,0.6637207269668579,0.37562695145606995,0.051272764801979065
Body,no_mask_repeat,12345,847,-0.023023453779171848,0.31483713112392436,0.6723765730857849,0.6331427097320557,0.17545495927333832
Body,no_mask_repeat,12345,876,-0.08450439699437841,0.12190822274038017,0.7351834774017334,0.3775905668735504,-0.016902975738048553
Body,no_mask_repeat,12345,891,-0.12938142293403318,0.0784048993724378,0.7438279986381531,0.5456652641296387,0.1083904281258583
Body,no_mask_repeat,12345,919,-0.0880634607437725,0.15268013203948083,0.7461941838264465,0.427316814661026,0.08305824548006058
Body,no_mask_repeat,12345,931,0.08554160568597433,0.29313692928289525,0.6719454526901245,0.7325503826141357,0.7382659912109375
Body,no_mask_repeat,12345,933,-0.04444449621561852,0.34413892438326477,0.7317396402359009,0.5935055613517761,0.2679370045661926
Body,no_mask_repeat,12345,941,-0.04325136720696574,0.34315618454296487,0.6690236330032349,0.5137518644332886,0.15443821251392365
Body,no_mask_repeat,12345,960,0.03659237068461235,0.3107759800539414,0.7234494090080261,0.6417356133460999,0.057781435549259186
Body,no_mask_repeat,12345,968,0.05072750929401608,0.1202716957430395,0.6815416216850281,0.664040744304657,0.1632532775402069
Body,no_mask_repeat,12345,989,0.09003199043525532,0.5233157448091921,0.6820672750473022,0.8161075115203857,0.776313304901123
Body,Body_equal4_zero,23456,21,-0.15106743141699566,0.25389733811257065,0.7250362634658813,0.7051954865455627,0.6042711138725281
Body,Body_equal4_zero,23456,38,0.31142066129569246,0.2983874902220731,0.6265084743499756,0.82628333568573,0.29680654406547546
Body,Body_equal4_zero,23456,40,0.34398726888872694,0.7200950526038251,0.5203708410263062,0.689459502696991,0.3100484609603882
Body,Body_equal4_zero,23456,59,-0.03868198485657202,0.20920257722343952,0.6786519885063171,0.8125055432319641,0.7061516046524048
Body,Body_equal4_zero,23456,88,-0.3772427095159239,0.24274212571661402,0.7681781053543091,0.3822591304779053,0.1651058793067932
Body,Body_equal4_zero,23456,116,-0.04103506245529998,0.2563376115052138,0.704883873462677,0.7110846042633057,0.7932988405227661
Body,Body_equal4_zero,23456,133,-0.10167972648216927,0.6049461263682219,0.6645267605781555,0.3889138996601105,0.05838271230459213
Body,Body_equal4_zero,23456,161,-0.24720458070481618,0.3700079991865892,0.6270760893821716,0.6656495928764343,0.49926939606666565
Body,Body_equal4_zero,23456,170,0.024690921808938546,0.3160916731150453,0.6470938324928284,0.5262553095817566,-0.02404746413230896
Body,Body_equal4_zero,23456,179,0.20704167315763755,0.26782289922592106,0.7353740930557251,0.6452930569648743,0.21740953624248505
Body,Body_equal4_zero,23456,220,0.2780431768178465,0.43638972996285524,0.6637687087059021,0.6396448016166687,0.5759947299957275
Body,Body_equal4_zero,23456,233,0.022979916064123578,0.2145925133296193,0.6968230605125427,0.532709002494812,0.26195764541625977
Body,Body_equal4_zero,23456,257,0.11615054860964215,0.2435662686536809,0.6669137477874756,0.4937426447868347,0.05304932966828346
Body,Body_equal4_zero,23456,290,0.3835977966127795,0.3091100470591957,0.7657767534255981,0.6548855900764465,0.42098480463027954
Body,Body_equal4_zero,23456,331,0.049570870302886455,0.22506527814836885,0.7629473805427551,0.5558522939682007,0.042447395622730255
Body,Body_equal4_zero,23456,339,0.11477328587492514,0.25326217451169525,0.6716760993003845,0.7392572164535522,0.38131362199783325
Body,Body_equal4_zero,23456,355,-0.18151482385525486,0.5915451514696012,0.602776288986206,0.7619527578353882,0.8103416562080383
Body,Body_equal4_zero,23456,366,0.21771891554567602,0.34908447326587533,0.6984829902648926,0.5813102722167969,0.19884976744651794
Body,Body_equal4_zero,23456,474,-0.27193838175623564,0.18203391606416647,0.67357337474823,0.4442545771598816,0.15617866814136505
Body,Body_equal4_zero,23456,492,-0.18869954511344184,0.3771360767848927,0.6423712968826294,0.7437757253646851,0.5430033206939697
Body,Body_equal4_zero,23456,527,0.035541177911768335,0.3235988946011669,0.7353469133377075,0.5807855129241943,0.26522329449653625
Body,Body_equal4_zero,23456,530,0.28898910597547134,0.4501109217241307,0.6596827507019043,0.5973639488220215,0.14319002628326416
Body,Body_equal4_zero,23456,542,0.03590046483261854,0.29651751691627015,0.6533824801445007,0.5615532994270325,0.2968725562095642
Body,Body_equal4_zero,23456,574,-0.018238039302747883,0.5765396290702619,0.6232644319534302,0.564279317855835,0.7542008757591248
Body,Body_equal4_zero,23456,597,0.10399903426565747,0.3120112757026331,0.7844220399856567,0.6235564947128296,0.1122426837682724
Body,Body_equal4_zero,23456,619,-0.08662101596949526,0.21223645538861072,0.7627672553062439,0.45489993691444397,-0.0768355280160904
Body,Body_equal4_zero,23456,656,-0.045051647965654106,0.2087246181918462,0.6903243064880371,0.7468199729919434,0.28792527318000793
Body,Body_equal4_zero,23456,661,-0.011344227348447469,0.296811640651108,0.6839300394058228,0.6357261538505554,0.3360811769962311
Body,Body_equal4_zero,23456,664,0.21955736849396437,0.43175619020084377,0.642782986164093,0.867848813533783,0.8218801617622375
Body,Body_equal4_zero,23456,698,0.13906607549988353,0.2191795656659561,0.6738808155059814,0.5385214686393738,0.27890264987945557
Body,Body_equal4_zero,23456,700,0.19542720387584742,0.2906042760182017,0.7870113849639893,0.3997023105621338,0.2891373932361603
Body,Body_equal4_zero,23456,716,-0.13869675895827127,0.26103740718165513,0.6942615509033203,0.5549203753471375,0.18764939904212952
Body,Body_equal4_zero,23456,765,0.10234672139141499,0.31779770916077893,0.7273980975151062,0.7187208533287048,0.18793006241321564
Body,Body_equal4_zero,23456,771,0.026637900207539027,0.2839918495666214,0.6705578565597534,0.593830943107605,0.1807275414466858
Body,Body_equal4_zero,23456,786,0.015050715612395776,0.07632917438258359,0.8694201111793518,0.6041212677955627,0.31816214323043823
Body,Body_equal4_zero,23456,806,-0.10841585211483871,0.2049524228202994,0.637093722820282,0.6097506880760193,0.33489033579826355
Body,Body_equal4_zero,23456,813,0.09911565812864781,0.25863662137646926,0.7266056537628174,0.5164646506309509,0.017644235864281654
Body,Body_equal4_zero,23456,816,0.18829795039916278,0.22574090920108242,0.6271119713783264,0.4051877558231354,0.1791054606437683
Body,Body_equal4_zero,23456,822,0.0895239377287737,0.24831104237874194,0.6104683876037598,0.7488734722137451,0.7749276757240295
Body,Body_equal4_zero,23456,826,0.5026070041599381,0.41826396910283864,0.7161520719528198,0.5219070911407471,0.053162582218647
Body,Body_equal4_zero,23456,847,-0.021459027696727802,0.3959971520595445,0.6751401424407959,0.6755928993225098,0.37534359097480774
Body,Body_equal4_zero,23456,876,0.08323597193641996,0.15160538587716346,0.775751531124115,0.6206948757171631,0.16454124450683594
Body,Body_equal4_zero,23456,891,0.11470376251121274,0.1200367843523001,0.6515231132507324,0.5271189212799072,0.02156371995806694
Body,Body_equal4_zero,23456,919,0.23959739314344314,0.1703828258428279,0.6936932802200317,0.4952082335948944,0.01053193025290966
Body,Body_equal4_zero,23456,931,-0.04768075313107229,0.21217472219092015,0.681830644607544,0.7460314631462097,0.7063148617744446
Body,Body_equal4_zero,23456,933,0.2920140158298703,0.3387695832245153,0.5465508103370667,0.5880666971206665,0.5261080861091614
Body,Body_equal4_zero,23456,941,0.10490989448555899,0.24851986217217087,0.6594147682189941,0.5175344347953796,0.0920981913805008
Body,Body_equal4_zero,23456,960,-0.13574382817744712,0.26322367264936414,0.7279849052429199,0.6024711728096008,0.037577852606773376
Body,Body_equal4_zero,23456,968,0.21000241139782796,0.15685588201600248,0.7443676590919495,0.5040203332901001,0.08207796514034271
Body,Body_equal4_zero,23456,989,0.1925023757542948,0.5318014640172828,0.6726824045181274,0.837465226650238,0.4982532262802124
Body,Body_full_zero,23456,21,-0.16696468389255723,0.28033250258039166,0.7923399209976196,0.5532020330429077,0.3138090968132019
Body,Body_full_zero,23456,38,0.3322825382298576,0.2994372544650979,0.6315168142318726,0.7879741191864014,0.4600110650062561
Body,Body_full_zero,23456,40,0.36528508603659093,0.7183872881102085,0.532448947429657,0.685474693775177,0.15257073938846588
Body,Body_full_zero,23456,59,-0.026547999417595003,0.2109177940948999,0.6419370174407959,0.768750786781311,0.7064319849014282
Body,Body_full_zero,23456,88,-0.3474400890927864,0.23584382907642643,0.7684339880943298,0.3403078317642212,0.17850090563297272
Body,Body_full_zero,23456,116,-0.02362033606424398,0.31582578171128034,0.7659010291099548,0.6080417633056641,0.7423428297042847
Body,Body_full_zero,23456,133,-0.11285871309223111,0.6035496687325597,0.664826512336731,0.3923584222793579,0.09794211387634277
Body,Body_full_zero,23456,161,-0.2563065194542273,0.35996450953337344,0.6336891651153564,0.6104610562324524,0.5063447952270508
Body,Body_full_zero,23456,170,0.09036730687175146,0.2981458910532785,0.6539880633354187,0.5019563436508179,0.013524658046662807
Body,Body_full_zero,23456,179,0.1953938309858511,0.27929455268918196,0.7491436004638672,0.6267357468605042,0.17956261336803436
Body,Body_full_zero,23456,220,0.30246731305142815,0.4352881227738756,0.6607629060745239,0.5660077333450317,0.6821146607398987
Body,Body_full_zero,23456,233,0.001607111017574609,0.208006817117988,0.7214598059654236,0.5154944658279419,0.10377905517816544
Body,Body_full_zero,23456,257,0.12457306370405609,0.26568559707847755,0.6500470042228699,0.5044301152229309,0.034237246960401535
Body,Body_full_zero,23456,290,0.20873338895961568,0.2939314891590585,0.8190963268280029,0.4894554316997528,0.16067537665367126
Body,Body_full_zero,23456,331,-0.023770070230330894,0.22482927230815938,0.755288302898407,0.4844528138637543,0.0482802651822567
Body,Body_full_zero,23456,339,0.08338335731176592,0.26158760548446197,0.6715186238288879,0.7239888906478882,0.4465923309326172
Body,Body_full_zero,23456,355,-0.1598364035827186,0.6097908054732857,0.6143176555633545,0.7195804119110107,0.7973749041557312
Body,Body_full_zero,23456,366,0.1397182161925773,0.32134718024624054,0.7764638066291809,0.6501525640487671,0.13199013471603394
Body,Body_full_zero,23456,474,-0.28845713029344233,0.17992318034048035,0.6814470887184143,0.4256897568702698,0.14164192974567413
Body,Body_full_zero,23456,492,-0.1810079185983391,0.39108800399993254,0.6521495580673218,0.7040897607803345,0.6553252935409546
Body,Body_full_zero,23456,527,0.07034470829523017,0.3595871675948352,0.7284923791885376,0.6628598570823669,0.299893856048584
Body,Body_full_zero,23456,530,0.22338400087511864,0.42673452232871106,0.6835671067237854,0.4167243540287018,0.004538354463875294
Body,Body_full_zero,23456,542,-0.04170942928458751,0.30372381682085503,0.6723394989967346,0.63099604845047,0.11912716925144196
Body,Body_full_zero,23456,574,-0.029886081311766788,0.5539793589730272,0.6353042125701904,0.6597124338150024,0.6968684196472168
Body,Body_full_zero,23456,597,0.11053829637723421,0.3135889848214153,0.7756513357162476,0.6291969418525696,0.08000925183296204
Body,Body_full_zero,23456,619,-0.06348326505294821,0.22412193749430218,0.7152894735336304,0.49694502353668213,0.006745718419551849
Body,Body_full_zero,23456,656,-0.04692676836187392,0.22598265777917315,0.6977605223655701,0.7578226327896118,0.31498345732688904
Body,Body_full_zero,23456,661,-0.03610518268102568,0.2862078483074879,0.6546692848205566,0.5557181239128113,0.3785104751586914
Body,Body_full_zero,23456,664,0.2364125812721118,0.4218584004394501,0.6572563648223877,0.8426439762115479,0.7872836589813232
Body,Body_full_zero,23456,698,0.14475905071209663,0.2185162415903454,0.6684129238128662,0.5708042979240417,0.33755114674568176
Body,Body_full_zero,23456,700,0.2856350917738977,0.30047945749192895,0.7963308095932007,0.33933329582214355,0.11170750856399536
Body,Body_full_zero,23456,716,-0.11446003354624748,0.26381454333869864,0.6918522119522095,0.6213480830192566,0.11263848841190338
Body,Body_full_zero,23456,765,0.1083969689888213,0.334506258281237,0.7478774785995483,0.6216614842414856,0.2082851678133011
Body,Body_full_zero,23456,771,-0.02128217550924382,0.2776406713819961,0.6772735714912415,0.6418343782424927,0.24489592015743256
Body,Body_full_zero,23456,786,-0.050349985184134784,0.07636926139089473,0.8399667739868164,0.587296187877655,0.2815646529197693
Body,Body_full_zero,23456,806,-0.10120249304513705,0.22977343547056672,0.66754150390625,0.5059677362442017,0.42027756571769714
Body,Body_full_zero,23456,813,0.10216958777614228,0.2667087892699144,0.7278153300285339,0.47550663352012634,0.09473787248134613
Body,Body_full_zero,23456,816,0.21066996202864258,0.2325507151813336,0.6109715700149536,0.334225058555603,0.14222410321235657
Body,Body_full_zero,23456,822,0.12466648414116059,0.3026155606734541,0.6331042647361755,0.7156969904899597,0.7263945937156677
Body,Body_full_zero,23456,826,0.6157721951970627,0.4320029131198305,0.7390496730804443,0.3866800367832184,0.038133397698402405
Body,Body_full_zero,23456,847,-0.01990128081330163,0.3759859895957831,0.6701940298080444,0.6419240236282349,0.24588952958583832
Body,Body_full_zero,23456,876,0.07933587799210438,0.14872118991136868,0.7864846587181091,0.5792491436004639,0.11440468579530716
Body,Body_full_zero,23456,891,0.09265999823848275,0.13820981982825004,0.6509819030761719,0.47832274436950684,0.004095710348337889
Body,Body_full_zero,23456,919,0.23918200975571027,0.169935474628706,0.7232847213745117,0.5162187814712524,0.030278842896223068
Body,Body_full_zero,23456,931,-0.05878798447446014,0.2560118029050284,0.6901727914810181,0.7670741677284241,0.7953433990478516
Body,Body_full_zero,23456,933,0.2720505093109163,0.34797548334278317,0.5399051904678345,0.6017029881477356,0.43593212962150574
Body,Body_full_zero,23456,941,0.1188514646501234,0.339591842105054,0.6530612111091614,0.5169562101364136,0.07345923036336899
Body,Body_full_zero,23456,960,-0.21070711231575537,0.20796854121899006,0.7016398906707764,0.6215437054634094,0.06270678341388702
Body,Body_full_zero,23456,968,0.19195434067844608,0.15357583026708024,0.7858187556266785,0.5719059109687805,0.09503324329853058
Body,Body_full_zero,23456,989,0.16714163241326047,0.5198380553372094,0.6511479616165161,0.7810574769973755,0.46486711502075195
Body,Body_random_equal4_01_zero,23456,21,-0.1621945726730514,0.2586590440239722,0.7140191197395325,0.6647887825965881,0.530775785446167
Body,Body_random_equal4_01_zero,23456,38,0.3314857836873189,0.30317554598408597,0.6172785758972168,0.819943904876709,0.2820562720298767
Body,Body_random_equal4_01_zero,23456,40,0.36431866957969083,0.7215130348835579,0.5220685005187988,0.6775928735733032,0.21866391599178314
Body,Body_random_equal4_01_zero,23456,59,-0.011822759231144252,0.22023693431303207,0.6943308711051941,0.7983943223953247,0.6867616176605225
Body,Body_random_equal4_01_zero,23456,88,-0.38457564148279516,0.23661522992901302,0.778083086013794,0.3046113848686218,0.10029032081365585
Body,Body_random_equal4_01_zero,23456,116,-0.03322364397597866,0.27248206458198365,0.7661271691322327,0.6872131824493408,0.7692821025848389
Body,Body_random_equal4_01_zero,23456,133,-0.04136598712580014,0.6431297840168062,0.6719503402709961,0.3823097050189972,0.004235290922224522
Body,Body_random_equal4_01_zero,23456,161,-0.26031659966481535,0.36197165627697653,0.6426547765731812,0.7216640710830688,0.49358153343200684
Body,Body_random_equal4_01_zero,23456,170,0.01883479656309472,0.3040722986937762,0.622536838054657,0.5819728374481201,0.0009729810990393162
Body,Body_random_equal4_01_zero,23456,179,0.20640490280651377,0.2562119572618398,0.7191181778907776,0.6051512360572815,0.2195880115032196
Body,Body_random_equal4_01_zero,23456,220,0.26874105585158176,0.4347218571858281,0.660893440246582,0.6248334646224976,0.5264238715171814
Body,Body_random_equal4_01_zero,23456,233,0.042139887368893424,0.21796606625540044,0.7079875469207764,0.5143125653266907,0.2807076573371887
Body,Body_random_equal4_01_zero,23456,257,0.11311971437977145,0.2374073576584683,0.6447519063949585,0.5382119417190552,0.04851861298084259
Body,Body_random_equal4_01_zero,23456,290,0.35080980784815874,0.2911015306974895,0.7427077293395996,0.7403208017349243,0.44990766048431396
Body,Body_random_equal4_01_zero,23456,331,0.007534277422905233,0.22354327892901021,0.7486460208892822,0.5195356607437134,0.06345657259225845
Body,Body_random_equal4_01_zero,23456,339,0.10570530173470186,0.24903754172395492,0.6754910945892334,0.7330814599990845,0.35667598247528076
Body,Body_random_equal4_01_zero,23456,355,-0.17690859674448095,0.589226125684557,0.5954359769821167,0.7715598344802856,0.8045559525489807
Body,Body_random_equal4_01_zero,23456,366,0.2500289401310332,0.3517915649851832,0.6985623836517334,0.5892382860183716,0.08160971850156784
Body,Body_random_equal4_01_zero,23456,474,-0.26047052591489506,0.18146967085573448,0.6743970513343811,0.4718317985534668,0.16115562617778778
Body,Body_random_equal4_01_zero,23456,492,-0.1894476220066522,0.38030427978452136,0.639692485332489,0.7976238131523132,0.571341872215271
Body,Body_random_equal4_01_zero,23456,527,0.020847443780829884,0.2900762294310168,0.7590892910957336,0.6081257462501526,0.24284085631370544
Body,Body_random_equal4_01_zero,23456,530,0.29485018518889644,0.4572908911678529,0.6450368165969849,0.5777409672737122,0.16306458413600922
Body,Body_random_equal4_01_zero,23456,542,0.02934133463280388,0.302047984545076,0.6608060598373413,0.5537654757499695,0.2586246430873871
Body,Body_random_equal4_01_zero,23456,574,-0.016792361935613568,0.5688510562316579,0.6207260489463806,0.624596118927002,0.7291346788406372
Body,Body_random_equal4_01_zero,23456,597,0.11831331157998105,0.3257207099862022,0.7535603642463684,0.6284707188606262,0.06877081096172333
Body,Body_random_equal4_01_zero,23456,619,-0.08214933861664592,0.2159180138711599,0.7339180707931519,0.4823557138442993,-0.0620579794049263
Body,Body_random_equal4_01_zero,23456,656,-0.035692657470571064,0.2242256599102729,0.6904274225234985,0.7415050268173218,0.3299556374549866
Body,Body_random_equal4_01_zero,23456,661,-0.03521638131930004,0.27410097926910404,0.6634995937347412,0.5344216823577881,0.2831140160560608
Body,Body_random_equal4_01_zero,23456,664,0.2284258486119457,0.4233153499478097,0.6519684195518494,0.8458981513977051,0.798127293586731
Body,Body_random_equal4_01_zero,23456,698,0.15088924755154226,0.22489756170942968,0.6680518388748169,0.4674643576145172,0.1162351667881012
Body,Body_random_equal4_01_zero,23456,700,0.19691218030103202,0.28386184677124915,0.7809429168701172,0.3633042871952057,0.23539693653583527
Body,Body_random_equal4_01_zero,23456,716,-0.12618739227948192,0.26025771323911817,0.688922643661499,0.540868878364563,0.2444450706243515
Body,Body_random_equal4_01_zero,23456,765,0.09592675520206878,0.3580354689610841,0.7118210196495056,0.6493663787841797,0.2924942076206207
Body,Body_random_equal4_01_zero,23456,771,0.029716165252883765,0.287803371952042,0.6718287467956543,0.6094881892204285,0.11701851338148117
Body,Body_random_equal4_01_zero,23456,786,0.01032862782375142,0.07667387898641108,0.8622627854347229,0.6415647268295288,0.30641087889671326
Body,Body_random_equal4_01_zero,23456,806,-0.10889168223958953,0.20710081707265957,0.6417180895805359,0.6163246631622314,0.2964323163032532
Body,Body_random_equal4_01_zero,23456,813,0.10499631173941286,0.25937325987298676,0.7439630031585693,0.5820135474205017,0.05526508763432503
Body,Body_random_equal4_01_zero,23456,816,0.19407030315396684,0.22276463691483958,0.6405392289161682,0.4322305917739868,0.18172955513000488
Body,Body_random_equal4_01_zero,23456,822,0.11589635413077559,0.26630906765631274,0.6089091897010803,0.7953365445137024,0.7602463364601135
Body,Body_random_equal4_01_zero,23456,826,0.5276078559557007,0.4236835285286353,0.73658686876297,0.4666830599308014,0.0429990254342556
Body,Body_random_equal4_01_zero,23456,847,-0.013530306740384333,0.38765490550119847,0.6796610355377197,0.6621365547180176,0.30989062786102295
Body,Body_random_equal4_01_zero,23456,876,0.08230190269945688,0.15058719790575012,0.77736896276474,0.5519930124282837,0.11456551402807236
Body,Body_random_equal4_01_zero,23456,891,0.10270256573839678,0.1412771190248567,0.6399611234664917,0.48408034443855286,0.015354448929429054
Body,Body_random_equal4_01_zero,23456,919,0.23269076412361162,0.1619417653842507,0.6962392330169678,0.4906012713909149,0.04452287778258324
Body,Body_random_equal4_01_zero,23456,931,-0.05947637760659634,0.21426271920794127,0.7046840786933899,0.7972986698150635,0.7322267293930054
Body,Body_random_equal4_01_zero,23456,933,0.21138055461573407,0.2711153565805284,0.5899366140365601,0.5174145698547363,0.2173793911933899
Body,Body_random_equal4_01_zero,23456,941,0.09866408306883158,0.23106398078803106,0.647576093673706,0.5672403573989868,0.07604902237653732
Body,Body_random_equal4_01_zero,23456,960,-0.10800821069495305,0.2704741685362883,0.6924104690551758,0.5797023773193359,0.09260281175374985
Body,Body_random_equal4_01_zero,23456,968,0.21369862123716965,0.15518015391573578,0.7446318864822388,0.46778082847595215,0.08101232349872589
Body,Body_random_equal4_01_zero,23456,989,0.20538912350112348,0.5322458880611719,0.6533592343330383,0.8312761187553406,0.7578489184379578
Body,Body_random_equal4_02_zero,23456,21,-0.15087633009591786,0.2622282181331772,0.7182238101959229,0.6633487343788147,0.5258732438087463
Body,Body_random_equal4_02_zero,23456,38,0.26133854875300006,0.28394615195115946,0.6853983402252197,0.7787991166114807,0.34232863783836365
Body,Body_random_equal4_02_zero,23456,40,0.33994400273657954,0.7188660992640867,0.5153025388717651,0.7041453719139099,0.31863734126091003
Body,Body_random_equal4_02_zero,23456,59,-0.02893420043952781,0.22241433044697279,0.6822829842567444,0.787895917892456,0.7716834545135498
Body,Body_random_equal4_02_zero,23456,88,-0.33092199249074594,0.2548100393378508,0.7707542181015015,0.41680142283439636,0.08351954817771912
Body,Body_random_equal4_02_zero,23456,116,-0.04404521352940913,0.2579843109722531,0.7136126756668091,0.6639997363090515,0.7942099571228027
Body,Body_random_equal4_02_zero,23456,133,-0.10346973640967613,0.6237525130877003,0.6857545971870422,0.38354554772377014,0.06034860387444496
Body,Body_random_equal4_02_zero,23456,161,-0.26537948388168203,0.37341772878509716,0.6314570903778076,0.7326000928878784,0.5343659520149231
Body,Body_random_equal4_02_zero,23456,170,0.03846719675953458,0.3150104769182353,0.6544858813285828,0.5240289568901062,-0.04291616752743721
Body,Body_random_equal4_02_zero,23456,179,0.2121394132863226,0.25702974854462873,0.729387640953064,0.6321496367454529,0.2571459114551544
Body,Body_random_equal4_02_zero,23456,220,0.2724216591254426,0.4346035736926594,0.6618826985359192,0.6725408434867859,0.5647802948951721
Body,Body_random_equal4_02_zero,23456,233,0.01946514623958226,0.21883606301983305,0.7000651955604553,0.5720884799957275,0.23646950721740723
Body,Body_random_equal4_02_zero,23456,257,0.10305452824176872,0.23768986714133217,0.6316688060760498,0.4589977562427521,0.06745797395706177
Body,Body_random_equal4_02_zero,23456,290,0.3392942309233924,0.2941837381871212,0.8226871490478516,0.7051377296447754,0.5713294744491577
Body,Body_random_equal4_02_zero,23456,331,0.0705354055534939,0.23151914193017048,0.7496429085731506,0.5572079420089722,0.0626959577202797
Body,Body_random_equal4_02_zero,23456,339,0.11502260786614478,0.24610648414665898,0.6705537438392639,0.7095209956169128,0.4347923994064331
Body,Body_random_equal4_02_zero,23456,355,-0.1763269664155187,0.5925644413567333,0.5993762016296387,0.754004716873169,0.7941355109214783
Body,Body_random_equal4_02_zero,23456,366,0.2944371440655833,0.3414551426736699,0.7357450723648071,0.6443697214126587,0.3021661937236786
Body,Body_random_equal4_02_zero,23456,474,-0.29135536737050644,0.17825848185883233,0.6771308779716492,0.4644051194190979,0.37061575055122375
Body,Body_random_equal4_02_zero,23456,492,-0.19293844418946737,0.3850033489751752,0.6325734257698059,0.8062708973884583,0.6014496088027954
Body,Body_random_equal4_02_zero,23456,527,0.037264397840542245,0.3098307065241903,0.7577310800552368,0.5619337558746338,0.19297459721565247
Body,Body_random_equal4_02_zero,23456,530,0.3102769565965035,0.4465879307612147,0.6498034000396729,0.5814469456672668,0.16081365942955017
Body,Body_random_equal4_02_zero,23456,542,0.0358047919810928,0.3060926801248551,0.6695041656494141,0.5601561069488525,0.27808642387390137
Body,Body_random_equal4_02_zero,23456,574,-0.010520259249166266,0.5846320788990431,0.6209439635276794,0.5453057289123535,0.7404788136482239
Body,Body_random_equal4_02_zero,23456,597,0.12342264298590302,0.3165856642008565,0.7794820070266724,0.6035155057907104,0.1097775399684906
Body,Body_random_equal4_02_zero,23456,619,-0.07989362386785775,0.20986832843989345,0.7623037099838257,0.5004137754440308,-0.07780086994171143
Body,Body_random_equal4_02_zero,23456,656,-0.04609874027553072,0.2172883386034511,0.6858715415000916,0.7333199381828308,0.29161226749420166
Body,Body_random_equal4_02_zero,23456,661,-0.029466152956817867,0.27760700947585065,0.6809758543968201,0.5323914885520935,0.31015950441360474
Body,Body_random_equal4_02_zero,23456,664,0.21854575799298873,0.43480717789826384,0.641994297504425,0.8692610859870911,0.8252089619636536
Body,Body_random_equal4_02_zero,23456,698,0.14498778090092843,0.22229370668356863,0.6680819988250732,0.5445243716239929,0.29164135456085205
Body,Body_random_equal4_02_zero,23456,700,0.18904013212950782,0.2878917401233733,0.7857643961906433,0.36099278926849365,0.22026371955871582
Body,Body_random_equal4_02_zero,23456,716,-0.10845925415340214,0.2586013479848305,0.6781562566757202,0.5642238259315491,0.0904698446393013
Body,Body_random_equal4_02_zero,23456,765,0.08044098750789423,0.356842004873172,0.714587926864624,0.6403754949569702,0.2569538354873657
Body,Body_random_equal4_02_zero,23456,771,0.04413637656902116,0.2948410677917495,0.6619406342506409,0.6378434896469116,0.14407534897327423
Body,Body_random_equal4_02_zero,23456,786,0.018216853161355965,0.07650528567423062,0.8608203530311584,0.5661096572875977,0.33679497241973877
Body,Body_random_equal4_02_zero,23456,806,-0.1055718302539114,0.20293949805230374,0.6418672800064087,0.6393822431564331,0.32063695788383484
Body,Body_random_equal4_02_zero,23456,813,0.08925606323040147,0.2586938131371401,0.7290284037590027,0.5463099479675293,0.001328563317656517
Body,Body_random_equal4_02_zero,23456,816,0.18322990316937876,0.2240255406443662,0.6417542099952698,0.418893039226532,0.19792526960372925
Body,Body_random_equal4_02_zero,23456,822,0.11646909849810501,0.27094252869661206,0.5986688137054443,0.768984854221344,0.74027419090271
Body,Body_random_equal4_02_zero,23456,826,0.5227101611314168,0.42346616839776985,0.7286486029624939,0.46375802159309387,0.065148264169693
Body,Body_random_equal4_02_zero,23456,847,-0.019095684859249396,0.3908766239541841,0.6802526712417603,0.6680688858032227,0.22187833487987518
Body,Body_random_equal4_02_zero,23456,876,0.07770232040057745,0.15270777596376375,0.7862601280212402,0.6104654669761658,0.08750511705875397
Body,Body_random_equal4_02_zero,23456,891,0.10855218775193756,0.1249779221809342,0.6516993045806885,0.5388467311859131,0.012316906824707985
Body,Body_random_equal4_02_zero,23456,919,0.23959637403812611,0.1628095242833526,0.7054628133773804,0.4970127046108246,0.03678296506404877
Body,Body_random_equal4_02_zero,23456,931,-0.04948213209451044,0.2582796374215098,0.6954171061515808,0.7576691508293152,0.7859498262405396
Body,Body_random_equal4_02_zero,23456,933,0.2727639806562076,0.3021261467915437,0.5795320868492126,0.5402474403381348,0.3635464906692505
Body,Body_random_equal4_02_zero,23456,941,0.09168123135796787,0.2339155748945075,0.6496028304100037,0.5662595629692078,0.1786091923713684
Body,Body_random_equal4_02_zero,23456,960,-0.09142692312326149,0.2830223318368762,0.7501590847969055,0.6565747261047363,0.03025057539343834
Body,Body_random_equal4_02_zero,23456,968,0.21570251533476945,0.15701688520878126,0.7498965859413147,0.511646032333374,0.07947331666946411
Body,Body_random_equal4_02_zero,23456,989,0.20950982169316995,0.5300210744030297,0.6578316688537598,0.8870362639427185,0.8103350400924683
Body,Body_random_equal4_03_zero,23456,21,-0.15433480846405723,0.28231144333075653,0.7553473711013794,0.6293363571166992,0.45597922801971436
Body,Body_random_equal4_03_zero,23456,38,0.24203711699840474,0.2788488834786013,0.6665124893188477,0.7657541036605835,0.35992154479026794
Body,Body_random_equal4_03_zero,23456,40,0.33723169772073014,0.7174786242974907,0.5450542569160461,0.7016565799713135,0.18539489805698395
Body,Body_random_equal4_03_zero,23456,59,-0.017792777448951757,0.2288823711674888,0.6781541109085083,0.8073829412460327,0.6481505632400513
Body,Body_random_equal4_03_zero,23456,88,-0.36115799398755766,0.23991419748233797,0.768822431564331,0.2889450490474701,0.06457249075174332
Body,Body_random_equal4_03_zero,23456,116,-0.01162110865207893,0.26351082959995664,0.7497503757476807,0.5491536855697632,0.7492154836654663
Body,Body_random_equal4_03_zero,23456,133,-0.0205999207789893,0.6381597512988498,0.6621288657188416,0.372567355632782,0.060225628316402435
Body,Body_random_equal4_03_zero,23456,161,-0.23987959456317443,0.35341402836500907,0.6517585515975952,0.7087253332138062,0.319553405046463
Body,Body_random_equal4_03_zero,23456,170,0.03057210258634054,0.2872878096280476,0.6181179285049438,0.6011993288993835,0.0541437566280365
Body,Body_random_equal4_03_zero,23456,179,0.14989269833799915,0.2790795264343916,0.7260225415229797,0.5984743237495422,0.22924025356769562
Body,Body_random_equal4_03_zero,23456,220,0.31243654776700797,0.4387512767587127,0.6630232930183411,0.595855712890625,0.3077852725982666
Body,Body_random_equal4_03_zero,23456,233,0.009023962279142421,0.22120379873723015,0.6970829367637634,0.579584002494812,0.29566338658332825
Body,Body_random_equal4_03_zero,23456,257,0.09847479552060123,0.24432214620957515,0.6444692611694336,0.515241801738739,0.07969988882541656
Body,Body_random_equal4_03_zero,23456,290,0.19213783810547141,0.2792956678387582,0.783146858215332,0.472525954246521,0.12147043645381927
Body,Body_random_equal4_03_zero,23456,331,-0.042786683393056364,0.21402240856872842,0.74226313829422,0.5279207229614258,0.04437015950679779
Body,Body_random_equal4_03_zero,23456,339,0.11074905500117707,0.24553383588982047,0.6639095544815063,0.7299179434776306,0.3700668215751648
Body,Body_random_equal4_03_zero,23456,355,-0.18667958367010046,0.608355211064332,0.6204547882080078,0.6731275320053101,0.7484709620475769
Body,Body_random_equal4_03_zero,23456,366,0.23843140882522676,0.3021741063448554,0.6992926597595215,0.6767725348472595,0.36727651953697205
Body,Body_random_equal4_03_zero,23456,474,-0.2778946867818475,0.17145515071929177,0.6669291257858276,0.4602111876010895,0.2119501680135727
Body,Body_random_equal4_03_zero,23456,492,-0.1741931072486764,0.3999561151603867,0.6256585121154785,0.7276467084884644,0.5050174593925476
Body,Body_random_equal4_03_zero,23456,527,0.02254820778067781,0.32245685399309715,0.7705384492874146,0.5495796799659729,0.2616977095603943
Body,Body_random_equal4_03_zero,23456,530,0.3005884852720741,0.45256558993448637,0.6523202657699585,0.5964546799659729,0.12689967453479767
Body,Body_random_equal4_03_zero,23456,542,0.018997525212112905,0.30690113489728,0.6713868975639343,0.5592110753059387,0.21843162178993225
Body,Body_random_equal4_03_zero,23456,574,-0.052085594353907895,0.4912834657275652,0.700166642665863,0.5920875668525696,0.6674124598503113
Body,Body_random_equal4_03_zero,23456,597,0.0692881677007712,0.3137606388092857,0.7690578103065491,0.5884343385696411,0.06810231506824493
Body,Body_random_equal4_03_zero,23456,619,-0.10797189760257557,0.1894667771469086,0.7549023032188416,0.4663121998310089,-0.03910674527287483
Body,Body_random_equal4_03_zero,23456,656,-0.04947887757926601,0.21624976320808945,0.6882528066635132,0.7485958337783813,0.40352723002433777
Body,Body_random_equal4_03_zero,23456,661,-0.016334865443619652,0.2915796146350838,0.6659231185913086,0.4272530674934387,0.2518714666366577
Body,Body_random_equal4_03_zero,23456,664,0.23153918868445655,0.42904731692121756,0.6510838866233826,0.8430145978927612,0.7888169288635254
Body,Body_random_equal4_03_zero,23456,698,0.1401432672427121,0.22543228415317032,0.6764554977416992,0.5740818977355957,0.23953847587108612
Body,Body_random_equal4_03_zero,23456,700,0.21488450190596,0.2827609728362063,0.7709319591522217,0.2757965922355652,0.2233538180589676
Body,Body_random_equal4_03_zero,23456,716,-0.11550170380345591,0.24467577553117512,0.6735891103744507,0.4955352246761322,0.13230130076408386
Body,Body_random_equal4_03_zero,23456,765,0.07115840676732652,0.36227122102098297,0.7190624475479126,0.6400150656700134,0.23910966515541077
Body,Body_random_equal4_03_zero,23456,771,0.05070125325883159,0.2988825609648073,0.6655562520027161,0.6137148141860962,0.1456536203622818
Body,Body_random_equal4_03_zero,23456,786,0.021010775366745893,0.07585337083647117,0.8649763464927673,0.5707417130470276,0.31486204266548157
Body,Body_random_equal4_03_zero,23456,806,-0.08059625310220839,0.2654852721174458,0.6986303925514221,0.46485018730163574,0.17621763050556183
Body,Body_random_equal4_03_zero,23456,813,0.11177745504592795,0.26859186990901174,0.7421020269393921,0.5448787808418274,0.09039079397916794
Body,Body_random_equal4_03_zero,23456,816,0.2099118110005794,0.22644850716954493,0.6323464512825012,0.39405393600463867,0.24957682192325592
Body,Body_random_equal4_03_zero,23456,822,0.10377635518592215,0.23879740101887367,0.6139780282974243,0.7558757662773132,0.7300426959991455
Body,Body_random_equal4_03_zero,23456,826,0.5135903772635022,0.42080117337825057,0.722721517086029,0.5008695125579834,0.0709834024310112
Body,Body_random_equal4_03_zero,23456,847,-0.01657725673682362,0.381604777606456,0.6713625192642212,0.658257782459259,0.3325449824333191
Body,Body_random_equal4_03_zero,23456,876,0.07099199700996597,0.14707984741628127,0.7666826248168945,0.5360201597213745,0.12770293653011322
Body,Body_random_equal4_03_zero,23456,891,0.10827714393033866,0.13401042738692476,0.642596423625946,0.5493320226669312,0.000963219441473484
Body,Body_random_equal4_03_zero,23456,919,0.24235112541409637,0.1615849623962155,0.6997907161712646,0.4990135431289673,0.0500790998339653
Body,Body_random_equal4_03_zero,23456,931,-0.04774820816633933,0.22264012162261532,0.6885266304016113,0.82094806432724,0.7694577574729919
Body,Body_random_equal4_03_zero,23456,933,0.1977121180373628,0.26926957684966557,0.6012291312217712,0.5341165065765381,0.2198011726140976
Body,Body_random_equal4_03_zero,23456,941,0.07706673871863033,0.22155570364365199,0.6618421673774719,0.5514111518859863,0.1615591049194336
Body,Body_random_equal4_03_zero,23456,960,-0.18143424640612038,0.28889568051272785,0.6683505773544312,0.6362094879150391,0.09851152449846268
Body,Body_random_equal4_03_zero,23456,968,0.21394801689528786,0.15850772936430127,0.7572414875030518,0.49157488346099854,0.0728241428732872
Body,Body_random_equal4_03_zero,23456,989,0.171050936331146,0.5129667991702942,0.6744897365570068,0.8764610290527344,0.5270946025848389
Body,Body_random_equal4_04_zero,23456,21,-0.17039205580453928,0.2593914451452738,0.7183732986450195,0.6442044377326965,0.53298020362854
Body,Body_random_equal4_04_zero,23456,38,0.31638887101059476,0.30305804103528156,0.6445456743240356,0.7935852408409119,0.47556519508361816
Body,Body_random_equal4_04_zero,23456,40,0.3688652468074965,0.7216564749160842,0.5243338346481323,0.6823313236236572,0.2637256979942322
Body,Body_random_equal4_04_zero,23456,59,-0.024904257081916098,0.21417018455576248,0.6892632842063904,0.7612268924713135,0.7004290819168091
Body,Body_random_equal4_04_zero,23456,88,-0.3768803124492753,0.24349506572250984,0.7682076096534729,0.2871144413948059,0.04707777872681618
Body,Body_random_equal4_04_zero,23456,116,0.007428796631240196,0.3255025752797898,0.7314115166664124,0.6697426438331604,0.8206990361213684
Body,Body_random_equal4_04_zero,23456,133,-0.03845691383935724,0.6385597518838745,0.6578857898712158,0.43077850341796875,0.036428965628147125
Body,Body_random_equal4_04_zero,23456,161,-0.21632013639701003,0.3018678356373757,0.7049926519393921,0.7727746963500977,0.6236844062805176
Body,Body_random_equal4_04_zero,23456,170,0.007591504909493935,0.3050524910150202,0.6515818238258362,0.5135212540626526,-0.028876017779111862
Body,Body_random_equal4_04_zero,23456,179,0.20445398060264766,0.2587304991279332,0.7271245121955872,0.6327441930770874,0.27413612604141235
Body,Body_random_equal4_04_zero,23456,220,0.27618603545864273,0.429115398380168,0.6560227870941162,0.5940049290657043,0.463042676448822
Body,Body_random_equal4_04_zero,23456,233,0.03407614461679389,0.2217406153793894,0.7067950367927551,0.5101315975189209,0.18220090866088867
Body,Body_random_equal4_04_zero,23456,257,0.11391306724145138,0.23690548635045752,0.6539710760116577,0.5487125515937805,0.08719997853040695
Body,Body_random_equal4_04_zero,23456,290,0.33914385456425666,0.2994880571285457,0.7699496150016785,0.6125765442848206,0.3153899610042572
Body,Body_random_equal4_04_zero,23456,331,-0.021513497197537527,0.2207591769011284,0.7562132477760315,0.5468952059745789,0.07197386771440506
Body,Body_random_equal4_04_zero,23456,339,0.1175549905496303,0.2526961203523003,0.6654150485992432,0.7471364736557007,0.3405899703502655
Body,Body_random_equal4_04_zero,23456,355,-0.20475862662475253,0.5419730172002534,0.6408262252807617,0.6508530378341675,0.7443755865097046
Body,Body_random_equal4_04_zero,23456,366,0.2733603865891198,0.3674422813259799,0.7211562395095825,0.6635328531265259,0.15753717720508575
Body,Body_random_equal4_04_zero,23456,474,-0.25978299422740403,0.18086466039296023,0.6819458603858948,0.39783838391304016,0.12874174118041992
Body,Body_random_equal4_04_zero,23456,492,-0.26014289845063476,0.3273793982428004,0.6797655820846558,0.6439081430435181,0.5028359293937683
Body,Body_random_equal4_04_zero,23456,527,0.039605782367937714,0.31705014123796166,0.746120810508728,0.6913604140281677,0.271321564912796
Body,Body_random_equal4_04_zero,23456,530,0.30002747277924624,0.39436779411941275,0.6482830047607422,0.6555997729301453,0.09778913855552673
Body,Body_random_equal4_04_zero,23456,542,0.026528843115902517,0.30282630463083354,0.6679855585098267,0.5496153831481934,0.2645837068557739
Body,Body_random_equal4_04_zero,23456,574,-0.013704001868405596,0.5503471566025622,0.63910311460495,0.5910559296607971,0.664651095867157
Body,Body_random_equal4_04_zero,23456,597,0.09038651937382602,0.28657597246487565,0.7836323976516724,0.5986101627349854,0.07137136161327362
Body,Body_random_equal4_04_zero,23456,619,-0.07852336328720097,0.2186193703830947,0.7296926975250244,0.47926342487335205,-0.07609066367149353
Body,Body_random_equal4_04_zero,23456,656,-0.03824507173427489,0.21507157634827725,0.6984047293663025,0.7176408171653748,0.3546750545501709
Body,Body_random_equal4_04_zero,23456,661,-0.014272244397687817,0.26023880468019933,0.6610984802246094,0.48459091782569885,0.3372010886669159
Body,Body_random_equal4_04_zero,23456,664,0.22754694518936938,0.421962521219571,0.6535050868988037,0.8477886915206909,0.7975184321403503
Body,Body_random_equal4_04_zero,23456,698,0.1510112097724833,0.22794759964479544,0.6686948537826538,0.5906807780265808,0.23032009601593018
Body,Body_random_equal4_04_zero,23456,700,0.19631368123884677,0.2826067306310519,0.7812832593917847,0.36261120438575745,0.24388520419597626
Body,Body_random_equal4_04_zero,23456,716,-0.11446187997762837,0.26728989906154743,0.6872538328170776,0.5886926651000977,0.05009879171848297
Body,Body_random_equal4_04_zero,23456,765,0.06460702313043677,0.3321640338179071,0.6990191340446472,0.6448083519935608,0.22981266677379608
Body,Body_random_equal4_04_zero,23456,771,0.026569884504592314,0.29002218017564346,0.6745621562004089,0.5702387690544128,0.17448629438877106
Body,Body_random_equal4_04_zero,23456,786,0.008785847929074695,0.07700944521099996,0.8718371391296387,0.6279107332229614,0.3161858022212982
Body,Body_random_equal4_04_zero,23456,806,-0.10649446642938418,0.2066380607072202,0.6382901668548584,0.634966254234314,0.3391956090927124
Body,Body_random_equal4_04_zero,23456,813,0.04192978846539635,0.2409200821018905,0.7555299401283264,0.5956354737281799,0.11767072230577469
Body,Body_random_equal4_04_zero,23456,816,0.20807506101680803,0.22067005203034923,0.638580322265625,0.46269193291664124,0.19281117618083954
Body,Body_random_equal4_04_zero,23456,822,0.05614042847122482,0.256310203529206,0.614492654800415,0.7310592532157898,0.7826484441757202
Body,Body_random_equal4_04_zero,23456,826,0.43093028318674004,0.40387809417478315,0.710094153881073,0.39555487036705017,0.06396550685167313
Body,Body_random_equal4_04_zero,23456,847,-0.021079985880675015,0.3956753167145007,0.6806432604789734,0.655357837677002,0.2855851948261261
Body,Body_random_equal4_04_zero,23456,876,0.0831272555252125,0.14822310035060912,0.7681782245635986,0.5359429121017456,0.13442490994930267
Body,Body_random_equal4_04_zero,23456,891,0.11060291876769457,0.132419568154316,0.6440432071685791,0.5182707905769348,0.034986261278390884
Body,Body_random_equal4_04_zero,23456,919,0.24439370161178073,0.168890782977737,0.7027347087860107,0.5039528012275696,0.047483593225479126
Body,Body_random_equal4_04_zero,23456,931,-0.04499622419885738,0.21427977109944552,0.7007629871368408,0.7366980314254761,0.7171304225921631
Body,Body_random_equal4_04_zero,23456,933,0.2523695897955644,0.2858816961878547,0.5746070742607117,0.49838414788246155,0.3878299295902252
Body,Body_random_equal4_04_zero,23456,941,-0.012896782439529606,0.24768567233202507,0.6558399796485901,0.5584836006164551,0.16272719204425812
Body,Body_random_equal4_04_zero,23456,960,-0.10137439661714068,0.2698299829296519,0.6921342611312866,0.5950855016708374,0.09042954444885254
Body,Body_random_equal4_04_zero,23456,968,0.2137862994875581,0.1566144781413465,0.74619060754776,0.5004309415817261,0.06887062638998032
Body,Body_random_equal4_04_zero,23456,989,0.20881497204511007,0.5298275502574936,0.650476336479187,0.8739413022994995,0.808337390422821
Body,Body_random_equal4_05_zero,23456,21,-0.18150848797954772,0.25608486463588326,0.7161267995834351,0.6869813203811646,0.6245105266571045
Body,Body_random_equal4_05_zero,23456,38,0.22710476592933443,0.2817507353636771,0.6628872752189636,0.7501848936080933,0.3492854833602905
Body,Body_random_equal4_05_zero,23456,40,0.15015127050135274,0.5999685069817472,0.5485366582870483,0.5191466212272644,0.06990357488393784
Body,Body_random_equal4_05_zero,23456,59,-0.026404144758310304,0.20311946671951553,0.6742240786552429,0.7948945760726929,0.6877379417419434
Body,Body_random_equal4_05_zero,23456,88,-0.319109788874173,0.2605409117638608,0.7412242889404297,0.29833582043647766,0.04296433553099632
Body,Body_random_equal4_05_zero,23456,116,0.01904583653237174,0.38122505871627516,0.7276022434234619,0.672810971736908,0.7896292209625244
Body,Body_random_equal4_05_zero,23456,133,-0.055759174857173,0.6421410465085765,0.6741645336151123,0.39335358142852783,0.02221818082034588
Body,Body_random_equal4_05_zero,23456,161,-0.23070992788638003,0.34804291798042614,0.6699589490890503,0.6732425093650818,0.6214940547943115
Body,Body_random_equal4_05_zero,23456,170,0.06739033824260485,0.30680413243441773,0.6342004537582397,0.5196758508682251,-0.0126035176217556
Body,Body_random_equal4_05_zero,23456,179,0.20238593584801648,0.26616074252754324,0.7282959818840027,0.6356067657470703,0.1989499032497406
Body,Body_random_equal4_05_zero,23456,220,0.2975441465130291,0.44463736602732556,0.6638987064361572,0.6043506860733032,0.331554114818573
Body,Body_random_equal4_05_zero,23456,233,-0.00837787770672847,0.21169184468012042,0.716412365436554,0.6173762083053589,0.10221976041793823
Body,Body_random_equal4_05_zero,23456,257,0.11971997542203781,0.2556166899126084,0.6558464169502258,0.49912092089653015,0.11115388572216034
Body,Body_random_equal4_05_zero,23456,290,0.2881213808892175,0.2779607626354827,0.7701104879379272,0.5576703548431396,0.31659579277038574
Body,Body_random_equal4_05_zero,23456,331,-0.02883193480758731,0.21965700288212192,0.7478182911872864,0.5282961130142212,0.04055775701999664
Body,Body_random_equal4_05_zero,23456,339,0.105320714136338,0.2527531739148378,0.6660000085830688,0.7089256048202515,0.35935038328170776
Body,Body_random_equal4_05_zero,23456,355,-0.1110118802597231,0.5652992148893704,0.6890802383422852,0.7204490900039673,0.7306239604949951
Body,Body_random_equal4_05_zero,23456,366,0.26216541317767605,0.34028215964002184,0.696530818939209,0.5966341495513916,0.44537222385406494
Body,Body_random_equal4_05_zero,23456,474,-0.29623988961718417,0.2159232246735954,0.6738651990890503,0.37072911858558655,0.14423125982284546
Body,Body_random_equal4_05_zero,23456,492,-0.19967422206951124,0.3449650264033871,0.6257886290550232,0.7096592783927917,0.5554529428482056
Body,Body_random_equal4_05_zero,23456,527,0.10218712041169326,0.2989053384012086,0.7583743333816528,0.5052419900894165,0.17607314884662628
Body,Body_random_equal4_05_zero,23456,530,0.26848527686866025,0.4351891297886116,0.6589416861534119,0.5904364585876465,0.15464304387569427
Body,Body_random_equal4_05_zero,23456,542,-0.09593394686751099,0.28711578608314864,0.6903434991836548,0.7091820240020752,0.17488546669483185
Body,Body_random_equal4_05_zero,23456,574,-0.05683729937461808,0.4881645489420639,0.6954436898231506,0.5707266330718994,0.6585942506790161
Body,Body_random_equal4_05_zero,23456,597,0.09253610549078879,0.3249197439649373,0.7854243516921997,0.6212278008460999,0.07186052203178406
Body,Body_random_equal4_05_zero,23456,619,-0.10203945952979544,0.19987351598676745,0.7525349855422974,0.582247257232666,-0.03652649000287056
Body,Body_random_equal4_05_zero,23456,656,-0.0432505452490055,0.22180919326788603,0.6751648187637329,0.6805593967437744,0.3844691216945648
Body,Body_random_equal4_05_zero,23456,661,-0.007244081699717288,0.2594771405753757,0.6544356346130371,0.4799838662147522,0.14120827615261078
Body,Body_random_equal4_05_zero,23456,664,0.2102831800471687,0.41860798700138385,0.649580717086792,0.8875309824943542,0.8107372522354126
Body,Body_random_equal4_05_zero,23456,698,0.15470195017820992,0.2230120700845637,0.681258499622345,0.5013586282730103,0.14212298393249512
Body,Body_random_equal4_05_zero,23456,700,0.2162868617221891,0.2853359957620103,0.7705919742584229,0.3284044563770294,0.25585949420928955
Body,Body_random_equal4_05_zero,23456,716,-0.12945758526451143,0.25338156662885963,0.6862755417823792,0.6211094260215759,0.2988853454589844
Body,Body_random_equal4_05_zero,23456,765,0.10007016970745991,0.34030854405956235,0.7310575842857361,0.6663885116577148,0.21176239848136902
Body,Body_random_equal4_05_zero,23456,771,0.03152581356400883,0.3107209687118063,0.6814020276069641,0.648671567440033,0.2580680847167969
Body,Body_random_equal4_05_zero,23456,786,0.04341269598031756,0.0752784162902611,0.841966450214386,0.5588333606719971,0.2984435558319092
Body,Body_random_equal4_05_zero,23456,806,-0.0928404745516618,0.26174322801595273,0.6865267157554626,0.43364307284355164,0.17561621963977814
Body,Body_random_equal4_05_zero,23456,813,0.16177694688397468,0.2892375030443006,0.729806661605835,0.4891461431980133,0.07777301967144012
Body,Body_random_equal4_05_zero,23456,816,0.17616389476006805,0.22192875640076237,0.6205855011940002,0.44903552532196045,0.17093782126903534
Body,Body_random_equal4_05_zero,23456,822,0.09833800150805067,0.24307360937488304,0.6139043569564819,0.7977145314216614,0.7882461547851562
Body,Body_random_equal4_05_zero,23456,826,0.5830914956999635,0.43010236410366487,0.7136356830596924,0.4036807417869568,0.08516067266464233
Body,Body_random_equal4_05_zero,23456,847,-0.0031463696828504355,0.38048513458542527,0.6696153879165649,0.640931248664856,0.13430805504322052
Body,Body_random_equal4_05_zero,23456,876,0.07611304808142706,0.14818281318544813,0.8016278147697449,0.6042495965957642,0.10497836768627167
Body,Body_random_equal4_05_zero,23456,891,0.08872293665946743,0.11896729072950239,0.6533985137939453,0.49172163009643555,0.004825335927307606
Body,Body_random_equal4_05_zero,23456,919,0.17352679235300203,0.11975081756688966,0.6746271848678589,0.46991294622421265,-0.017262738198041916
Body,Body_random_equal4_05_zero,23456,931,-0.033936350993917404,0.21958380300803715,0.6889806985855103,0.8072932958602905,0.750492513179779
Body,Body_random_equal4_05_zero,23456,933,0.2621732204905022,0.3295385580356707,0.6284492611885071,0.603927731513977,0.2851070463657379
Body,Body_random_equal4_05_zero,23456,941,0.0881979969024526,0.2393984602435057,0.652593195438385,0.5255123972892761,0.11688859760761261
Body,Body_random_equal4_05_zero,23456,960,-0.16041691753426654,0.34763020194646965,0.719133734703064,0.6289968490600586,0.04346836358308792
Body,Body_random_equal4_05_zero,23456,968,0.21195731557357567,0.1497371407184409,0.7595329284667969,0.5150922536849976,0.07978349179029465
Body,Body_random_equal4_05_zero,23456,989,0.21569267457081584,0.5304071609584713,0.653831958770752,0.849242091178894,0.7945996522903442
Body,Body_random_full_01_zero,23456,21,-0.14938389098875038,0.2771131225527651,0.7422778010368347,0.5766615271568298,0.3229588568210602
Body,Body_random_full_01_zero,23456,38,0.23343617440141123,0.2816968053338718,0.6848210692405701,0.7615013718605042,0.3115125298500061
Body,Body_random_full_01_zero,23456,40,0.28348780342792307,0.7289826648458637,0.5419586300849915,0.7364985942840576,0.1838037371635437
Body,Body_random_full_01_zero,23456,59,0.01411730082197371,0.19147837107017113,0.6981183886528015,0.7917470932006836,0.7943248152732849
Body,Body_random_full_01_zero,23456,88,-0.3655016704819879,0.24373361174324107,0.7458724975585938,0.34787294268608093,0.09387557953596115
Body,Body_random_full_01_zero,23456,116,0.024094592460243234,0.3944937078936185,0.7400624752044678,0.636753499507904,0.8163419365882874
Body,Body_random_full_01_zero,23456,133,-0.04854523488325954,0.6377940616190961,0.6703183650970459,0.4029717743396759,0.03145177289843559
Body,Body_random_full_01_zero,23456,161,-0.23488842465656654,0.36633317227527307,0.6611472368240356,0.6629634499549866,0.5134227275848389
Body,Body_random_full_01_zero,23456,170,0.001228588067321837,0.2540216102005306,0.5978313088417053,0.5687274932861328,-0.0235663503408432
Body,Body_random_full_01_zero,23456,179,0.1773884456504854,0.2474794535437807,0.7172832489013672,0.6516406536102295,0.20380964875221252
Body,Body_random_full_01_zero,23456,220,0.28370837738584875,0.4284730768882021,0.6642308235168457,0.7140571475028992,0.5257774591445923
Body,Body_random_full_01_zero,23456,233,0.03451875959919278,0.21855602056661114,0.6903086304664612,0.5496610999107361,0.24450045824050903
Body,Body_random_full_01_zero,23456,257,0.12161823801839974,0.24065872799581836,0.6509629487991333,0.48985785245895386,0.058227743953466415
Body,Body_random_full_01_zero,23456,290,0.16581629028707107,0.27628581913425504,0.8014780282974243,0.4627872407436371,0.12485770136117935
Body,Body_random_full_01_zero,23456,331,0.0036024892492018123,0.23488345392371335,0.7860842347145081,0.4775609076023102,-0.062302857637405396
Body,Body_random_full_01_zero,23456,339,0.11425245060631029,0.2542855411650568,0.6672950983047485,0.6820787191390991,0.293986976146698
Body,Body_random_full_01_zero,23456,355,-0.1862907213596784,0.5563217104917921,0.6708051562309265,0.7201053500175476,0.6879337430000305
Body,Body_random_full_01_zero,23456,366,0.27323686883233245,0.3547551751412391,0.7221347093582153,0.5932846069335938,0.19671471416950226
Body,Body_random_full_01_zero,23456,474,-0.27126760651765414,0.19071209526082789,0.6622825860977173,0.5053749084472656,0.24536681175231934
Body,Body_random_full_01_zero,23456,492,-0.17241486304337805,0.41236578224007114,0.6409329175949097,0.7398853302001953,0.5685878396034241
Body,Body_random_full_01_zero,23456,527,0.06016590915790981,0.3327126341004766,0.7424876093864441,0.6702672243118286,0.28000497817993164
Body,Body_random_full_01_zero,23456,530,0.3215785810191627,0.45265118871774834,0.63335782289505,0.5720248222351074,0.13952495157718658
Body,Body_random_full_01_zero,23456,542,0.02963846700756151,0.31799092495343656,0.6873593330383301,0.6077550053596497,0.3753703236579895
Body,Body_random_full_01_zero,23456,574,-0.06055357110357631,0.4942216123642416,0.6917553544044495,0.5915763974189758,0.6543869972229004
Body,Body_random_full_01_zero,23456,597,0.06565721533145731,0.297825883036493,0.7489675283432007,0.6386802792549133,0.10557623207569122
Body,Body_random_full_01_zero,23456,619,-0.1260276300636752,0.2256091918539553,0.7518766522407532,0.5794091820716858,-0.0058884527534246445
Body,Body_random_full_01_zero,23456,656,-0.05011272210034278,0.2259085871406154,0.6820663213729858,0.6464688181877136,0.2861785888671875
Body,Body_random_full_01_zero,23456,661,-0.006977027172487128,0.28122969752262666,0.6791363954544067,0.3925810754299164,0.2007398009300232
Body,Body_random_full_01_zero,23456,664,0.264966300072244,0.4247067436050038,0.6569580435752869,0.8704599738121033,0.8043459057807922
Body,Body_random_full_01_zero,23456,698,0.15055285471899504,0.23055505376170443,0.6831695437431335,0.47019949555397034,0.17128214240074158
Body,Body_random_full_01_zero,23456,700,0.23512725184644126,0.3105265519325342,0.7490612268447876,0.34178274869918823,0.222035214304924
Body,Body_random_full_01_zero,23456,716,-0.14328929044015312,0.2657840548678684,0.6834744811058044,0.7209810614585876,0.28225192427635193
Body,Body_random_full_01_zero,23456,765,0.11617426738137485,0.33145489270329687,0.7106691598892212,0.7044929265975952,0.15390588343143463
Body,Body_random_full_01_zero,23456,771,0.023516225458415363,0.29071691119146453,0.6667425036430359,0.5936990976333618,0.14980512857437134
Body,Body_random_full_01_zero,23456,786,0.009967063809396184,0.07608181392963455,0.8634388446807861,0.587753176689148,0.2874998152256012
Body,Body_random_full_01_zero,23456,806,-0.08423994730924408,0.2573838693320986,0.7125037908554077,0.3648414611816406,0.126921147108078
Body,Body_random_full_01_zero,23456,813,0.111651214499447,0.2677665467647907,0.7054377198219299,0.5411781668663025,0.08724837005138397
Body,Body_random_full_01_zero,23456,816,0.13203724980955833,0.22207641337043865,0.6347441673278809,0.5821235179901123,0.3346802890300751
Body,Body_random_full_01_zero,23456,822,0.05190118609326167,0.23293453089053018,0.6190207004547119,0.741093635559082,0.7452915906906128
Body,Body_random_full_01_zero,23456,826,0.5957635940430819,0.4232040901943161,0.7398319244384766,0.4620226323604584,0.05933009460568428
Body,Body_random_full_01_zero,23456,847,-0.03254136290985065,0.3386638733710203,0.6955341696739197,0.5449321269989014,0.2634561359882355
Body,Body_random_full_01_zero,23456,876,0.036541163056081204,0.12413873184425808,0.7713308930397034,0.6135347485542297,0.08235146850347519
Body,Body_random_full_01_zero,23456,891,0.10909072206609972,0.17060345367534088,0.6665687561035156,0.518194854259491,0.0300210602581501
Body,Body_random_full_01_zero,23456,919,0.1826960690807955,0.13106050483173112,0.7133444547653198,0.4014768600463867,0.029824405908584595
Body,Body_random_full_01_zero,23456,931,-0.016053987426048397,0.26387079719378,0.7140226364135742,0.8163939714431763,0.750557541847229
Body,Body_random_full_01_zero,23456,933,0.19785255411811056,0.3036139723818202,0.6039822101593018,0.6623639464378357,0.268772691488266
Body,Body_random_full_01_zero,23456,941,0.16609280768182694,0.2220440456165449,0.6718312501907349,0.5119864344596863,0.16657531261444092
Body,Body_random_full_01_zero,23456,960,-0.20309843316368936,0.3721331297196528,0.7212044596672058,0.5380377173423767,0.0037893876433372498
Body,Body_random_full_01_zero,23456,968,0.21403586563095356,0.15667247457245312,0.7378458380699158,0.4943140745162964,0.03365570306777954
Body,Body_random_full_01_zero,23456,989,0.1858899652020024,0.5296181966959979,0.621147632598877,0.7779427766799927,0.6293203234672546
Body,Body_random_full_02_zero,23456,21,-0.16738425714245211,0.2748773004666761,0.7362828254699707,0.6933300495147705,0.5254607200622559
Body,Body_random_full_02_zero,23456,38,0.2430461525813397,0.2738591305403928,0.6587005853652954,0.7690256237983704,0.5395289659500122
Body,Body_random_full_02_zero,23456,40,0.16809748008165615,0.6151788336387455,0.5729167461395264,0.5346375107765198,0.026403050869703293
Body,Body_random_full_02_zero,23456,59,-0.053507696390082446,0.20738720034646238,0.6676031947135925,0.8003772497177124,0.7136214971542358
Body,Body_random_full_02_zero,23456,88,-0.3584149254985872,0.2717956821005131,0.7567664980888367,0.3989795744419098,0.14687007665634155
Body,Body_random_full_02_zero,23456,116,0.07229084443390428,0.36843688080948556,0.720401406288147,0.5094802975654602,0.5876954197883606
Body,Body_random_full_02_zero,23456,133,-0.03194758757395434,0.6460220993015118,0.6683701872825623,0.4458649158477783,0.04436330124735832
Body,Body_random_full_02_zero,23456,161,-0.1986833495787509,0.3677438107259896,0.6749399900436401,0.6610763669013977,0.592595636844635
Body,Body_random_full_02_zero,23456,170,0.028784656321574443,0.2672807127288197,0.6193975806236267,0.6035289764404297,0.03583206981420517
Body,Body_random_full_02_zero,23456,179,0.20421823586153118,0.26878701779865466,0.7505028247833252,0.6101373434066772,0.2701015770435333
Body,Body_random_full_02_zero,23456,220,0.29818876144241285,0.43692004985526534,0.6761906147003174,0.7165392637252808,0.49838703870773315
Body,Body_random_full_02_zero,23456,233,-0.01485153184276014,0.21201863651092057,0.7090834379196167,0.4940328896045685,0.0570860430598259
Body,Body_random_full_02_zero,23456,257,0.11940921634719258,0.2527674428197357,0.6493892669677734,0.5053227543830872,0.10496415942907333
Body,Body_random_full_02_zero,23456,290,0.16176966747552463,0.2831276897812405,0.8431601524353027,0.46250906586647034,0.12366598099470139
Body,Body_random_full_02_zero,23456,331,0.01797107679918393,0.23210756221304588,0.7695202827453613,0.5188376903533936,0.03865230828523636
Body,Body_random_full_02_zero,23456,339,0.10309636837840436,0.29242991603979124,0.6585060954093933,0.7869611382484436,0.4085434377193451
Body,Body_random_full_02_zero,23456,355,-0.10937551940502116,0.5787003517071388,0.6758652925491333,0.7307427525520325,0.6151531934738159
Body,Body_random_full_02_zero,23456,366,0.10544193866384083,0.2804744616000424,0.7214632034301758,0.5191654562950134,0.28657975792884827
Body,Body_random_full_02_zero,23456,474,-0.2968739492338998,0.20863029587808704,0.6671735048294067,0.4470125138759613,0.1377478837966919
Body,Body_random_full_02_zero,23456,492,-0.07414944894451225,0.45715592094941787,0.6444138884544373,0.6417030096054077,0.4056532084941864
Body,Body_random_full_02_zero,23456,527,0.08133229083987313,0.33821149035242926,0.7546840906143188,0.6056803464889526,0.2574017643928528
Body,Body_random_full_02_zero,23456,530,0.28801685819714756,0.4451101785252107,0.6481048464775085,0.6365864872932434,0.39723607897758484
Body,Body_random_full_02_zero,23456,542,-0.07694590053248085,0.3199739764007348,0.6668965220451355,0.7002992033958435,0.37854182720184326
Body,Body_random_full_02_zero,23456,574,-0.019691408848532866,0.5711957937424177,0.6515216827392578,0.5678943991661072,0.7056621313095093
Body,Body_random_full_02_zero,23456,597,0.040835748837495134,0.31684170691230074,0.8055242896080017,0.5850009918212891,0.10426615178585052
Body,Body_random_full_02_zero,23456,619,-0.0664905698488759,0.20503100223794024,0.7386969327926636,0.5215013027191162,-0.06944140791893005
Body,Body_random_full_02_zero,23456,656,-0.034012274750689284,0.22129401230365203,0.6837754249572754,0.7478417158126831,0.46705853939056396
Body,Body_random_full_02_zero,23456,661,-0.0034123031654950137,0.28101971140025167,0.6788333654403687,0.47226086258888245,0.20301350951194763
Body,Body_random_full_02_zero,23456,664,0.22968076109125643,0.43062176859982865,0.6377190351486206,0.8765041828155518,0.7893236875534058
Body,Body_random_full_02_zero,23456,698,0.11739360510642223,0.21343185378663143,0.6927980184555054,0.5970489382743835,0.2351243644952774
Body,Body_random_full_02_zero,23456,700,0.27171486380569415,0.318893821486398,0.7349967956542969,0.383050799369812,0.31957656145095825
Body,Body_random_full_02_zero,23456,716,-0.1180118222894411,0.26584848095609803,0.6894591450691223,0.5295553803443909,0.17514032125473022
Body,Body_random_full_02_zero,23456,765,0.08555174215708578,0.34630620535828177,0.7538039088249207,0.635345995426178,0.2028169184923172
Body,Body_random_full_02_zero,23456,771,-0.01096134457537104,0.2765005056604524,0.679926872253418,0.6195711493492126,0.20166149735450745
Body,Body_random_full_02_zero,23456,786,0.007085170901085283,0.07493370398465389,0.864983320236206,0.5999401807785034,0.2777683436870575
Body,Body_random_full_02_zero,23456,806,-0.07640541267900426,0.26710347120556377,0.7232276201248169,0.276765376329422,0.15746362507343292
Body,Body_random_full_02_zero,23456,813,0.14022581128007383,0.2901686077234752,0.7323940992355347,0.5942709445953369,0.0881728082895279
Body,Body_random_full_02_zero,23456,816,0.17434599947117094,0.22049059458169942,0.6286706924438477,0.4075314700603485,0.1659809648990631
Body,Body_random_full_02_zero,23456,822,0.1443690410072126,0.2634644579399917,0.6053096055984497,0.7908267974853516,0.7427787184715271
Body,Body_random_full_02_zero,23456,826,0.6104534696573906,0.4293800314623341,0.7225995659828186,0.3185168504714966,0.035744089633226395
Body,Body_random_full_02_zero,23456,847,-0.013304140708383969,0.36740643343985147,0.6329773664474487,0.574187159538269,0.2498932182788849
Body,Body_random_full_02_zero,23456,876,0.07520350605994831,0.14023243696884158,0.7518066763877869,0.5720290541648865,0.1012391522526741
Body,Body_random_full_02_zero,23456,891,0.09861740294068617,0.13422623731082822,0.6295128464698792,0.597569465637207,0.06180986762046814
Body,Body_random_full_02_zero,23456,919,0.14516182805371558,0.11990956391365816,0.6705766320228577,0.49471768736839294,0.041847798973321915
Body,Body_random_full_02_zero,23456,931,-0.05128435366035353,0.26638227727771646,0.7039808630943298,0.7541840076446533,0.7454128265380859
Body,Body_random_full_02_zero,23456,933,0.23397661575487277,0.31640825917850934,0.6309053301811218,0.6192870140075684,0.34533146023750305
Body,Body_random_full_02_zero,23456,941,0.043329928031030564,0.23908740284204782,0.6673214435577393,0.38992971181869507,0.10135381668806076
Body,Body_random_full_02_zero,23456,960,-0.12329669535058731,0.3272984718152989,0.728838324546814,0.6061154007911682,0.04334576427936554
Body,Body_random_full_02_zero,23456,968,0.21117581468727004,0.15458126230015962,0.7515209913253784,0.5087876319885254,0.08659137040376663
Body,Body_random_full_02_zero,23456,989,0.23915419847221198,0.5276425546506185,0.5790861248970032,0.8549036383628845,0.7977355122566223
Body,Body_random_full_03_zero,23456,21,-0.1771935757930721,0.2646558952741707,0.7163214087486267,0.6787005662918091,0.5317423939704895
Body,Body_random_full_03_zero,23456,38,0.3789129317828657,0.30009281485588707,0.6126127243041992,0.8271815180778503,0.45719456672668457
Body,Body_random_full_03_zero,23456,40,0.13760014867718412,0.5980690095640502,0.55324387550354,0.5169330835342407,-0.01124141737818718
Body,Body_random_full_03_zero,23456,59,-0.012456485292816956,0.23091309436638935,0.6932992339134216,0.7845543026924133,0.703652560710907
Body,Body_random_full_03_zero,23456,88,-0.3794076529223258,0.2703345899653107,0.7540581226348877,0.5178058743476868,0.13545404374599457
Body,Body_random_full_03_zero,23456,116,-0.014505131974019139,0.2832187193655413,0.733643651008606,0.6940800547599792,0.7127695679664612
Body,Body_random_full_03_zero,23456,133,-0.034274646529169006,0.6464185053563191,0.6676082611083984,0.4217689037322998,0.03738836199045181
Body,Body_random_full_03_zero,23456,161,-0.33145474603058844,0.3128742332466968,0.7112090587615967,0.785452663898468,0.5702561736106873
Body,Body_random_full_03_zero,23456,170,0.03832754187759821,0.30682156306940594,0.6247789263725281,0.5424293279647827,-0.026675209403038025
Body,Body_random_full_03_zero,23456,179,0.07383518976017396,0.2777164826984814,0.7201051712036133,0.5793598890304565,0.24603226780891418
Body,Body_random_full_03_zero,23456,220,0.30934978097711774,0.44673247768668223,0.6578570008277893,0.6342752575874329,0.435085654258728
Body,Body_random_full_03_zero,23456,233,0.015345298757795304,0.22067537136095094,0.6911782026290894,0.5512259602546692,0.22271014750003815
Body,Body_random_full_03_zero,23456,257,0.09382998585093094,0.22221045338402148,0.6298285722732544,0.5055534839630127,0.12883469462394714
Body,Body_random_full_03_zero,23456,290,0.2676123639586718,0.29247332516625996,0.7599717378616333,0.6610636711120605,0.5852313041687012
Body,Body_random_full_03_zero,23456,331,-0.0022033838127476944,0.23393004774784282,0.7499938607215881,0.5072875022888184,0.048484429717063904
Body,Body_random_full_03_zero,23456,339,0.07182152388568622,0.2533590878131123,0.670799195766449,0.6911128163337708,0.5317580103874207
Body,Body_random_full_03_zero,23456,355,-0.12977896592890556,0.5548822536714372,0.575782060623169,0.7158329486846924,0.5219804644584656
Body,Body_random_full_03_zero,23456,366,0.19657956448384492,0.2903737310887317,0.6986855268478394,0.6302684545516968,0.31079182028770447
Body,Body_random_full_03_zero,23456,474,-0.28303585752740135,0.18759182680621952,0.6505635976791382,0.5059147477149963,0.14079996943473816
Body,Body_random_full_03_zero,23456,492,-0.2535815324736414,0.32958200353426703,0.681877851486206,0.6669323444366455,0.39786818623542786
Body,Body_random_full_03_zero,23456,527,0.04023432666168288,0.2932562332624469,0.7583327889442444,0.6803382635116577,0.2639838755130768
Body,Body_random_full_03_zero,23456,530,0.28554404122357935,0.40920783286725537,0.6631324291229248,0.5999859571456909,0.1305924504995346
Body,Body_random_full_03_zero,23456,542,0.016394282556086697,0.3014757798965402,0.6550079584121704,0.5542742013931274,0.34131330251693726
Body,Body_random_full_03_zero,23456,574,-0.014754520696305293,0.5735324974191569,0.6404461860656738,0.49832651019096375,0.6941965222358704
Body,Body_random_full_03_zero,23456,597,0.10134665785751193,0.2869856088410381,0.7647501826286316,0.540084958076477,0.09293460100889206
Body,Body_random_full_03_zero,23456,619,0.10035397126879607,0.28332674490200754,0.7231101393699646,0.6073731184005737,-0.011455616913735867
Body,Body_random_full_03_zero,23456,656,-0.036481235703479574,0.2113700028471685,0.6961118578910828,0.759591817855835,0.372391015291214
Body,Body_random_full_03_zero,23456,661,-0.018636431795233308,0.2680079159997661,0.6472330689430237,0.5174624919891357,0.30781686305999756
Body,Body_random_full_03_zero,23456,664,0.22794341810052032,0.4321333144767739,0.646697998046875,0.872373640537262,0.7812491059303284
Body,Body_random_full_03_zero,23456,698,0.13617215226220622,0.2362717346392837,0.6774623394012451,0.5880402326583862,0.2657175064086914
Body,Body_random_full_03_zero,23456,700,0.22727692197066088,0.28236402979280784,0.7668665647506714,0.31893685460090637,0.18465429544448853
Body,Body_random_full_03_zero,23456,716,-0.0884932905147376,0.268878987948669,0.6842749118804932,0.5286328196525574,0.026895741000771523
Body,Body_random_full_03_zero,23456,765,0.11042753466069243,0.31492856331199043,0.7118964195251465,0.6349671483039856,0.19168797135353088
Body,Body_random_full_03_zero,23456,771,0.0011972360861174066,0.2725618099926021,0.6622305512428284,0.5960031151771545,0.19966495037078857
Body,Body_random_full_03_zero,23456,786,0.034213614331548084,0.07679890622120085,0.8554028868675232,0.5322309732437134,0.2680858373641968
Body,Body_random_full_03_zero,23456,806,-0.10083900735761889,0.25628670133960507,0.7248740196228027,0.4242001175880432,0.16242648661136627
Body,Body_random_full_03_zero,23456,813,0.04151353201068006,0.22942569296083326,0.7505115866661072,0.5321630835533142,0.033209457993507385
Body,Body_random_full_03_zero,23456,816,0.13292615543340633,0.23403566998347664,0.628655731678009,0.5829277634620667,0.2760504484176636
Body,Body_random_full_03_zero,23456,822,0.05625394906648106,0.2531998055638082,0.6146549582481384,0.7436181306838989,0.6565539836883545
Body,Body_random_full_03_zero,23456,826,0.4169285335612078,0.4000196029472373,0.7257347702980042,0.3716057538986206,0.06830663233995438
Body,Body_random_full_03_zero,23456,847,-0.019146528709969163,0.3531208564215981,0.6929733753204346,0.5547077059745789,0.09884804487228394
Body,Body_random_full_03_zero,23456,876,0.06315356776246402,0.13334365522913832,0.7698777914047241,0.6486330032348633,0.1062191054224968
Body,Body_random_full_03_zero,23456,891,0.11149758082553812,0.11313555547475013,0.6608757972717285,0.5461525917053223,0.049805957823991776
Body,Body_random_full_03_zero,23456,919,0.1973010307923464,0.14984961141061848,0.6954491138458252,0.5077018737792969,0.036974284797906876
Body,Body_random_full_03_zero,23456,931,-0.031747581997857544,0.21813516589639523,0.69301438331604,0.7833780646324158,0.7407732009887695
Body,Body_random_full_03_zero,23456,933,0.183148266252698,0.25474235083828706,0.5939276218414307,0.5233632922172546,0.10409054160118103
Body,Body_random_full_03_zero,23456,941,-0.07624506606584996,0.25992502329984707,0.7091673612594604,0.4413873255252838,0.147581547498703
Body,Body_random_full_03_zero,23456,960,-0.13181907742945626,0.3338378965465001,0.7244301438331604,0.6386464834213257,0.048350557684898376
Body,Body_random_full_03_zero,23456,968,0.22226993228642866,0.1566217730169494,0.7719223499298096,0.580801248550415,0.05137878283858299
Body,Body_random_full_03_zero,23456,989,0.2299384010287045,0.5339508464011391,0.5880131721496582,0.8383048176765442,0.8116476535797119
Body,Body_random_full_04_zero,23456,21,-0.16391597931871008,0.2365696683117422,0.7166335582733154,0.7507317066192627,0.6052719950675964
Body,Body_random_full_04_zero,23456,38,0.3113024915151441,0.31261142817778664,0.6366946697235107,0.789957582950592,0.417212575674057
Body,Body_random_full_04_zero,23456,40,0.24414491042232078,0.7155246742720794,0.5170531868934631,0.5452133417129517,0.15715768933296204
Body,Body_random_full_04_zero,23456,59,-0.05631747024399024,0.22248768210664585,0.6485627889633179,0.7895865440368652,0.703455924987793
Body,Body_random_full_04_zero,23456,88,-0.31477939963280543,0.24717024417065364,0.7546384334564209,0.38892316818237305,0.07506617903709412
Body,Body_random_full_04_zero,23456,116,0.027490438801666715,0.3292579361717235,0.7490546703338623,0.6497782468795776,0.8077472448348999
Body,Body_random_full_04_zero,23456,133,-0.12201769203061089,0.6099192622339878,0.6837227940559387,0.4283486306667328,0.09210516512393951
Body,Body_random_full_04_zero,23456,161,-0.2490245157545159,0.37127198669234635,0.6444846391677856,0.6313827633857727,0.36150988936424255
Body,Body_random_full_04_zero,23456,170,0.048113660758581166,0.29720795062553695,0.6047612428665161,0.6132144927978516,0.054394159466028214
Body,Body_random_full_04_zero,23456,179,0.1981994365198865,0.25600276640713865,0.7365343570709229,0.6137069463729858,0.14291198551654816
Body,Body_random_full_04_zero,23456,220,0.28413343686677595,0.44215868939565944,0.6599200963973999,0.7272603511810303,0.568939745426178
Body,Body_random_full_04_zero,23456,233,0.016947318498282796,0.22773187956530247,0.7268150448799133,0.5499245524406433,0.14165183901786804
Body,Body_random_full_04_zero,23456,257,0.12630295266716096,0.22239937149238043,0.6683557629585266,0.5208937525749207,0.1539880782365799
Body,Body_random_full_04_zero,23456,290,0.3027521125126461,0.282588144581965,0.6939294338226318,0.7623085379600525,0.7704601287841797
Body,Body_random_full_04_zero,23456,331,0.04015175880400314,0.21363470861348,0.745564877986908,0.5009570121765137,0.004955751821398735
Body,Body_random_full_04_zero,23456,339,0.08768386104715291,0.2476753579150827,0.6731274127960205,0.7450090646743774,0.408152312040329
Body,Body_random_full_04_zero,23456,355,0.055917077777435056,0.6291433629346251,0.5887224078178406,0.7157700657844543,0.7786026000976562
Body,Body_random_full_04_zero,23456,366,0.30032543431097536,0.3360641882006366,0.710942268371582,0.7424364686012268,0.30298498272895813
Body,Body_random_full_04_zero,23456,474,-0.32538987617746545,0.17900814350130292,0.6702012419700623,0.3726906478404999,0.21880751848220825
Body,Body_random_full_04_zero,23456,492,-0.1953090710178426,0.4152307219348774,0.6573466658592224,0.7729165554046631,0.5819216966629028
Body,Body_random_full_04_zero,23456,527,0.11822942749393175,0.31288448344018244,0.749836802482605,0.5118335485458374,0.16754256188869476
Body,Body_random_full_04_zero,23456,530,0.19713007407987818,0.35899335915610636,0.6624251008033752,0.6603889465332031,0.21554705500602722
Body,Body_random_full_04_zero,23456,542,-0.044287600258410456,0.3182925969195348,0.6620921492576599,0.6729274392127991,0.2587912976741791
Body,Body_random_full_04_zero,23456,574,-0.021099045269823265,0.4121717039469436,0.6341562271118164,0.4568559527397156,0.5033504366874695
Body,Body_random_full_04_zero,23456,597,0.11536801332860588,0.31683679319005487,0.7688530683517456,0.5096650123596191,0.09965018928050995
Body,Body_random_full_04_zero,23456,619,-0.07986801998804095,0.20090734975918012,0.7555604577064514,0.555457353591919,-0.06884115934371948
Body,Body_random_full_04_zero,23456,656,-0.030648728464747067,0.21939470320280252,0.6731064915657043,0.7424291968345642,0.4384809136390686
Body,Body_random_full_04_zero,23456,661,-0.0011282690915863443,0.2379301465005641,0.6723403930664062,0.38727709650993347,0.15130086243152618
Body,Body_random_full_04_zero,23456,664,0.22995981336423066,0.4224165192146791,0.6277767419815063,0.8789454698562622,0.7652044892311096
Body,Body_random_full_04_zero,23456,698,0.11097871198223205,0.2183463899599148,0.690190315246582,0.6498801112174988,0.24645254015922546
Body,Body_random_full_04_zero,23456,700,0.24033112941197818,0.28848358978003447,0.7682415246963501,0.392370343208313,0.2646265923976898
Body,Body_random_full_04_zero,23456,716,-0.1166307557316057,0.2640959323360856,0.6695156097412109,0.6295858025550842,0.18216091394424438
Body,Body_random_full_04_zero,23456,765,0.03683319549446976,0.2812234355829187,0.7193331122398376,0.6427668333053589,0.21671219170093536
Body,Body_random_full_04_zero,23456,771,-0.027952800834472803,0.2849904080925112,0.6592339873313904,0.6500018239021301,0.1950923204421997
Body,Body_random_full_04_zero,23456,786,0.0292716087760428,0.07554206597791105,0.8622516989707947,0.6056424379348755,0.3049124479293823
Body,Body_random_full_04_zero,23456,806,-0.04010725284619383,0.2275858935696642,0.6663006544113159,0.3776753842830658,0.10941136628389359
Body,Body_random_full_04_zero,23456,813,0.10461326806694948,0.26408319503490135,0.7436936497688293,0.5200345516204834,0.0322239026427269
Body,Body_random_full_04_zero,23456,816,0.17188737700663825,0.22318396070994517,0.5948334336280823,0.38416004180908203,-0.03066168539226055
Body,Body_random_full_04_zero,23456,822,0.11040487711488585,0.24494680111015416,0.6254867911338806,0.769707441329956,0.7254688143730164
Body,Body_random_full_04_zero,23456,826,0.6127532562212094,0.4292954467018707,0.6932809352874756,0.39047789573669434,0.10582103580236435
Body,Body_random_full_04_zero,23456,847,-0.03670864996109006,0.3580589924022454,0.678888201713562,0.5822514295578003,0.24734030663967133
Body,Body_random_full_04_zero,23456,876,0.09673841630794643,0.14399516329848808,0.7508343458175659,0.6162281036376953,0.16647568345069885
Body,Body_random_full_04_zero,23456,891,0.07494659731349305,0.12517391684398627,0.6419026851654053,0.4768034815788269,0.032487254589796066
Body,Body_random_full_04_zero,23456,919,0.179554664146923,0.15428158024924837,0.721119225025177,0.45679768919944763,0.06563626229763031
Body,Body_random_full_04_zero,23456,931,0.054212359444766135,0.19570426225520265,0.689106285572052,0.838512659072876,0.7819169759750366
Body,Body_random_full_04_zero,23456,933,0.29792848589138543,0.33184869645617737,0.5601588487625122,0.6048225164413452,0.3608103096485138
Body,Body_random_full_04_zero,23456,941,0.09884851733128922,0.24983826348609786,0.6566557884216309,0.5212258100509644,0.2540053129196167
Body,Body_random_full_04_zero,23456,960,-0.0789314780543849,0.24194277436584072,0.7581422328948975,0.5284931063652039,-0.024719934910535812
Body,Body_random_full_04_zero,23456,968,0.19326328904529652,0.15569887803880259,0.763630211353302,0.5464827418327332,0.10991977155208588
Body,Body_random_full_04_zero,23456,989,0.16205474748752263,0.5262286205272129,0.6329774856567383,0.7382003664970398,0.4264388680458069
Body,Body_random_full_05_zero,23456,21,-0.1589265837172927,0.26176871318328465,0.7092121839523315,0.7694807648658752,0.6451852917671204
Body,Body_random_full_05_zero,23456,38,0.3579009894883149,0.30201316139677553,0.6032795906066895,0.8223870396614075,0.4359642267227173
Body,Body_random_full_05_zero,23456,40,0.16581700891334453,0.6889340380502306,0.5420430898666382,0.5317826271057129,0.03959297388792038
Body,Body_random_full_05_zero,23456,59,-0.015405514594567323,0.2313970414094564,0.686180830001831,0.8047963976860046,0.7441085577011108
Body,Body_random_full_05_zero,23456,88,-0.34488323655598074,0.2579181121551783,0.7614022493362427,0.44367095828056335,0.06820687651634216
Body,Body_random_full_05_zero,23456,116,-0.04749317038450371,0.25191692937261045,0.706401526927948,0.693449854850769,0.7921403646469116
Body,Body_random_full_05_zero,23456,133,-0.12672778201105614,0.6163535812932569,0.6907185316085815,0.44780415296554565,0.09582573175430298
Body,Body_random_full_05_zero,23456,161,-0.2565140396421846,0.40571700847253567,0.6456096172332764,0.6067867875099182,0.4783375859260559
Body,Body_random_full_05_zero,23456,170,0.014607398594887298,0.3115045631571098,0.6682830452919006,0.5350277423858643,-0.041985344141721725
Body,Body_random_full_05_zero,23456,179,0.2065674019263566,0.2587180633051783,0.7277647256851196,0.6313371658325195,0.19552397727966309
Body,Body_random_full_05_zero,23456,220,0.24357042583056446,0.41518302735020907,0.6681374907493591,0.6447262763977051,0.5467594861984253
Body,Body_random_full_05_zero,23456,233,0.040894276216746336,0.2133103695893874,0.6965793371200562,0.554345965385437,0.16793765127658844
Body,Body_random_full_05_zero,23456,257,0.09865882390060111,0.22161585673026732,0.6467379927635193,0.44502532482147217,0.11158948391675949
Body,Body_random_full_05_zero,23456,290,0.44741580026319655,0.30847667824294484,0.6696303486824036,0.7518589496612549,0.8253124952316284
Body,Body_random_full_05_zero,23456,331,0.046157595882030035,0.21885219105447196,0.7528381943702698,0.5467034578323364,-0.01702527515590191
Body,Body_random_full_05_zero,23456,339,0.07487019560703594,0.25372644682479917,0.6596236824989319,0.7911507487297058,0.5055854320526123
Body,Body_random_full_05_zero,23456,355,-0.18602012858274034,0.5956243353666492,0.6010952591896057,0.760025143623352,0.8060358166694641
Body,Body_random_full_05_zero,23456,366,0.25568372804706346,0.33283773796473626,0.6873378157615662,0.5732898116111755,0.183700829744339
Body,Body_random_full_05_zero,23456,474,-0.29604081125566817,0.17074643671419762,0.6883062124252319,0.3789328336715698,0.2623785436153412
Body,Body_random_full_05_zero,23456,492,-0.18678580666371764,0.32827832673729906,0.6742672324180603,0.6645060777664185,0.4137512445449829
Body,Body_random_full_05_zero,23456,527,0.023146400287006343,0.3220856883354913,0.7601873278617859,0.5947738289833069,0.2756357192993164
Body,Body_random_full_05_zero,23456,530,0.2824124337887283,0.4250831320290844,0.6527276039123535,0.5973634719848633,0.17407101392745972
Body,Body_random_full_05_zero,23456,542,0.042801613175191926,0.315483830929961,0.6742076873779297,0.7059124112129211,0.35028043389320374
Body,Body_random_full_05_zero,23456,574,0.002211042974234105,0.522347648224749,0.645432710647583,0.4725368022918701,0.5946701765060425
Body,Body_random_full_05_zero,23456,597,0.1303109757222047,0.2728571995605019,0.7441282272338867,0.6982777714729309,0.26098018884658813
Body,Body_random_full_05_zero,23456,619,-0.06515671637986228,0.1981925385232734,0.7441819906234741,0.5204880237579346,-0.03537141531705856
Body,Body_random_full_05_zero,23456,656,-0.036308490340694666,0.21489839405209332,0.687747597694397,0.7316998243331909,0.4150411784648895
Body,Body_random_full_05_zero,23456,661,-0.029848043821455134,0.2623683009194733,0.6345676183700562,0.45251208543777466,0.294177770614624
Body,Body_random_full_05_zero,23456,664,0.22778293594248472,0.4328108624594062,0.6341608166694641,0.883638322353363,0.7939995527267456
Body,Body_random_full_05_zero,23456,698,0.15055628390605555,0.23243972268240928,0.6821626424789429,0.46231669187545776,0.15386399626731873
Body,Body_random_full_05_zero,23456,700,0.2999389399880443,0.3208675691652412,0.7307161688804626,0.4187135398387909,0.22585031390190125
Body,Body_random_full_05_zero,23456,716,-0.1068826151936535,0.2705196142005938,0.7182607650756836,0.5872277021408081,0.13470041751861572
Body,Body_random_full_05_zero,23456,765,0.06591569247339261,0.3314861462456861,0.7315481901168823,0.7137024998664856,0.30052027106285095
Body,Body_random_full_05_zero,23456,771,0.035137682622154574,0.2622066454309037,0.6773993968963623,0.5660240650177002,0.1331074982881546
Body,Body_random_full_05_zero,23456,786,0.031772658176440406,0.07784259504402753,0.8716496229171753,0.604556679725647,0.2568638324737549
Body,Body_random_full_05_zero,23456,806,-0.06417746976109878,0.21997607928502266,0.6683967709541321,0.4991365671157837,0.1655171513557434
Body,Body_random_full_05_zero,23456,813,0.11187453449906827,0.27954598650469514,0.7452200651168823,0.5752410292625427,0.0847470685839653
Body,Body_random_full_05_zero,23456,816,0.03231777912785184,0.250938572222782,0.675268828868866,0.5203732252120972,0.016601713374257088
Body,Body_random_full_05_zero,23456,822,0.12606691754937913,0.26849538670761897,0.6177233457565308,0.8038753271102905,0.7568743824958801
Body,Body_random_full_05_zero,23456,826,0.5840495175223172,0.4283358319846019,0.6911286115646362,0.3091312348842621,0.05733649432659149
Body,Body_random_full_05_zero,23456,847,-0.03412460251840121,0.3701397053962759,0.6513553857803345,0.6824125051498413,0.2910254895687103
Body,Body_random_full_05_zero,23456,876,0.06015964170826781,0.14674788249394463,0.7954368591308594,0.5879680514335632,0.08659438788890839
Body,Body_random_full_05_zero,23456,891,0.13043928221014703,0.10457044575519753,0.6397601962089539,0.5254989862442017,0.07234512269496918
Body,Body_random_full_05_zero,23456,919,0.2450609151902735,0.1619523162416716,0.7072342038154602,0.5063173770904541,0.004447175655514002
Body,Body_random_full_05_zero,23456,931,0.06177718104280995,0.20144518449041904,0.7210341691970825,0.7745242714881897,0.7481536865234375
Body,Body_random_full_05_zero,23456,933,0.2611801453606126,0.3297780831095128,0.5503751039505005,0.5402563810348511,0.2940826117992401
Body,Body_random_full_05_zero,23456,941,0.09581160691658745,0.24722430939520745,0.6675399541854858,0.4909854531288147,0.12619920074939728
Body,Body_random_full_05_zero,23456,960,-0.1106432978133775,0.27189542783228565,0.7842095494270325,0.6335223913192749,-0.0037349872291088104
Body,Body_random_full_05_zero,23456,968,0.2128937045168234,0.1538152854040353,0.7313919067382812,0.5381803512573242,0.09653502702713013
Body,Body_random_full_05_zero,23456,989,0.2327645757529611,0.5090873904207781,0.6256688833236694,0.8886382579803467,0.8049924969673157
Body,Scene_unrelated_equal4_zero,23456,21,-0.1558494099030076,0.280060335169064,0.75467848777771,0.6327018737792969,0.4377750754356384
Body,Scene_unrelated_equal4_zero,23456,38,0.2493381095657785,0.27875397277983827,0.6758891940116882,0.75938481092453,0.49956631660461426
Body,Scene_unrelated_equal4_zero,23456,40,0.2233459007880295,0.583651571578337,0.5752545595169067,0.5416085720062256,0.03406761586666107
Body,Scene_unrelated_equal4_zero,23456,59,-0.036074926999504826,0.20811322682798414,0.6799799203872681,0.8055629134178162,0.6889690160751343
Body,Scene_unrelated_equal4_zero,23456,88,-0.32131863958987905,0.2885612403248031,0.7710109353065491,0.3854631185531616,0.11182757467031479
Body,Scene_unrelated_equal4_zero,23456,116,0.014854359620955023,0.3701841471883159,0.7488497495651245,0.6818703413009644,0.7814130187034607
Body,Scene_unrelated_equal4_zero,23456,133,-0.13508296320641835,0.6356204815074796,0.6896588802337646,0.429921954870224,0.002123775891959667
Body,Scene_unrelated_equal4_zero,23456,161,-0.21609591666200909,0.3705000807385368,0.6548693180084229,0.6850111484527588,0.5156940221786499
Body,Scene_unrelated_equal4_zero,23456,170,0.05454586648615362,0.3153651047207544,0.6166481971740723,0.566593587398529,0.0066311839036643505
Body,Scene_unrelated_equal4_zero,23456,179,0.18462002508377756,0.2669379469045649,0.708166778087616,0.5990201234817505,0.20789648592472076
Body,Scene_unrelated_equal4_zero,23456,220,0.3170584428088754,0.4451583442871678,0.6652094125747681,0.6015315651893616,0.24153459072113037
Body,Scene_unrelated_equal4_zero,23456,233,0.011902579607587747,0.21803164466899533,0.6874295473098755,0.47606658935546875,0.37298229336738586
Body,Scene_unrelated_equal4_zero,23456,257,0.10592310450135524,0.24779546742433825,0.6565849184989929,0.4962516725063324,0.07656779885292053
Body,Scene_unrelated_equal4_zero,23456,290,0.2886610321318415,0.27256941267285206,0.7787242531776428,0.6071785688400269,0.31474417448043823
Body,Scene_unrelated_equal4_zero,23456,331,-0.004971059336670263,0.2183119106431345,0.7489990592002869,0.5270017385482788,0.06300391256809235
Body,Scene_unrelated_equal4_zero,23456,339,0.10456734496691417,0.24388484675069377,0.6718050241470337,0.7094722390174866,0.37476402521133423
Body,Scene_unrelated_equal4_zero,23456,355,-0.19563110242839632,0.5849132142156684,0.6542098522186279,0.77611243724823,0.6881077289581299
Body,Scene_unrelated_equal4_zero,23456,366,0.1945494285614465,0.3061365735166035,0.7245455980300903,0.6032754778862,0.4329588711261749
Body,Scene_unrelated_equal4_zero,23456,474,-0.2635844365913797,0.1866932773989938,0.6733146905899048,0.5261069536209106,0.2196968048810959
Body,Scene_unrelated_equal4_zero,23456,492,-0.05101381991814866,0.4278025792042772,0.6333893537521362,0.768917977809906,0.3530617952346802
Body,Scene_unrelated_equal4_zero,23456,527,0.03417412921152877,0.31412148781099375,0.7633197903633118,0.560172438621521,0.2925944924354553
Body,Scene_unrelated_equal4_zero,23456,530,0.2896361750286615,0.44274272119663816,0.6479165554046631,0.5728776454925537,0.12123601138591766
Body,Scene_unrelated_equal4_zero,23456,542,0.02913066420116672,0.3086539874506719,0.6781071424484253,0.5786760449409485,0.26285648345947266
Body,Scene_unrelated_equal4_zero,23456,574,-0.05714522460157543,0.48269416363865353,0.6923866271972656,0.576408863067627,0.6823104023933411
Body,Scene_unrelated_equal4_zero,23456,597,0.11927999487652932,0.29402549036883463,0.7596948742866516,0.5904654264450073,0.06722810864448547
Body,Scene_unrelated_equal4_zero,23456,619,-0.07452760656853438,0.21481072116508093,0.7695993185043335,0.42333176732063293,-0.07072039693593979
Body,Scene_unrelated_equal4_zero,23456,656,-0.04551344109141337,0.21044263237171437,0.6946010589599609,0.7320921421051025,0.2725611627101898
Body,Scene_unrelated_equal4_zero,23456,661,-0.03309025873291078,0.27264502420365383,0.6678943037986755,0.662818968296051,0.38378041982650757
Body,Scene_unrelated_equal4_zero,23456,664,0.2327122305230761,0.416450561032069,0.6486318111419678,0.8706225156784058,0.711783230304718
Body,Scene_unrelated_equal4_zero,23456,698,0.13931275982462224,0.2189585948866717,0.6707475781440735,0.5762318968772888,0.33077260851860046
Body,Scene_unrelated_equal4_zero,23456,700,0.2052026061945727,0.2949642561317961,0.7586661577224731,0.35384175181388855,0.2649059295654297
Body,Scene_unrelated_equal4_zero,23456,716,-0.11792380688906212,0.2651962514989913,0.6744973063468933,0.5246541500091553,0.017584670335054398
Body,Scene_unrelated_equal4_zero,23456,765,0.07842169671801988,0.35163063179730225,0.7208506464958191,0.6963514685630798,0.2861658036708832
Body,Scene_unrelated_equal4_zero,23456,771,0.062232628533233844,0.3010562755374821,0.6641592979431152,0.6262801885604858,0.16576983034610748
Body,Scene_unrelated_equal4_zero,23456,786,0.019649733223228476,0.0755189690899055,0.8565215468406677,0.5703129768371582,0.35518312454223633
Body,Scene_unrelated_equal4_zero,23456,806,-0.0781022406438848,0.25469000921275303,0.6830655932426453,0.43226778507232666,0.13874492049217224
Body,Scene_unrelated_equal4_zero,23456,813,0.10916165923905852,0.2632309067216912,0.7326729893684387,0.5474162101745605,0.04445016756653786
Body,Scene_unrelated_equal4_zero,23456,816,0.19835616290857472,0.2175642109886799,0.6478237509727478,0.4416991174221039,0.25738704204559326
Body,Scene_unrelated_equal4_zero,23456,822,0.10529428743181059,0.24114217078777,0.6284213066101074,0.7605863213539124,0.7528318166732788
Body,Scene_unrelated_equal4_zero,23456,826,0.5650826982998718,0.4287815703665597,0.7282738089561462,0.42381566762924194,0.03199530392885208
Body,Scene_unrelated_equal4_zero,23456,847,-0.006903000474462685,0.3785497534587718,0.663271963596344,0.6653955578804016,0.37147006392478943
Body,Scene_unrelated_equal4_zero,23456,876,0.07260778521374768,0.14717807425357418,0.7840580940246582,0.5428463220596313,0.10297437757253647
Body,Scene_unrelated_equal4_zero,23456,891,0.10215036984233636,0.132065366935916,0.662693440914154,0.5352282524108887,0.020706437528133392
Body,Scene_unrelated_equal4_zero,23456,919,0.1994315016200133,0.19329358620092157,0.70158851146698,0.5006344318389893,-0.025143049657344818
Body,Scene_unrelated_equal4_zero,23456,931,-0.05089020666217947,0.2182748344260011,0.6917318105697632,0.7679265737533569,0.7414283752441406
Body,Scene_unrelated_equal4_zero,23456,933,0.23323401061395377,0.28000985162787845,0.5986611247062683,0.541179358959198,0.24873469769954681
Body,Scene_unrelated_equal4_zero,23456,941,0.09185847570854112,0.2404498092179197,0.6601501107215881,0.5326236486434937,0.12274719774723053
Body,Scene_unrelated_equal4_zero,23456,960,-0.1708944871449049,0.21702411222088333,0.6950410008430481,0.570302426815033,0.06783795356750488
Body,Scene_unrelated_equal4_zero,23456,968,0.22027075827862017,0.15796191309356147,0.7482911348342896,0.48965126276016235,0.09190628677606583
Body,Scene_unrelated_equal4_zero,23456,989,0.18547092705166177,0.5199831338043392,0.691975474357605,0.8138258457183838,0.41042810678482056
Body,no_mask,23456,21,-0.15508205665915906,0.26249854844362813,0.7188042998313904,0.6592303514480591,0.5102735757827759
Body,no_mask,23456,38,0.3138882167189092,0.2984740764587738,0.6341217160224915,0.8162499666213989,0.3113470673561096
Body,no_mask,23456,40,0.3456500956709051,0.7175004409643526,0.5201047658920288,0.7163571715354919,0.36675992608070374
Body,no_mask,23456,59,-0.02284971516285536,0.2214100158907296,0.681124210357666,0.789306640625,0.69697505235672
Body,no_mask,23456,88,-0.33342669980519635,0.2532871001348271,0.7748019099235535,0.4148753881454468,0.025698434561491013
Body,no_mask,23456,116,-0.04060957148574976,0.26491061227322915,0.7250807881355286,0.6138709187507629,0.7970066666603088
Body,no_mask,23456,133,-0.11630363160675067,0.6172682982272514,0.6759281754493713,0.4212968945503235,0.03834541141986847
Body,no_mask,23456,161,-0.27058358594756526,0.3803646132850106,0.6184635162353516,0.7347497940063477,0.493450790643692
Body,no_mask,23456,170,0.030971186775728902,0.31361895046123456,0.6515687108039856,0.5224315524101257,-0.031227650120854378
Body,no_mask,23456,179,0.2134356672857847,0.25993709504537393,0.7268695831298828,0.5827999711036682,0.21091167628765106
Body,no_mask,23456,220,0.2725585907757032,0.43617986030067224,0.6544661521911621,0.6355367302894592,0.5871004462242126
Body,no_mask,23456,233,0.02163619021638197,0.22075525878383678,0.7032084465026855,0.557226836681366,0.20667220652103424
Body,no_mask,23456,257,0.10708483864100343,0.2360490563521946,0.6296736598014832,0.5086485147476196,0.08761545270681381
Body,no_mask,23456,290,0.36704529656265406,0.3096137424020326,0.7654430866241455,0.6612749695777893,0.53592848777771
Body,no_mask,23456,331,0.04171543878662649,0.22894027844028889,0.7662493586540222,0.5368734002113342,0.041443709284067154
Body,no_mask,23456,339,0.11313333827795725,0.25004903796795497,0.6787357926368713,0.7264622449874878,0.36872583627700806
Body,no_mask,23456,355,-0.17976705781985886,0.5897984037945881,0.6082326173782349,0.7564800977706909,0.8004634380340576
Body,no_mask,23456,366,0.26458339156249383,0.3688079715896316,0.715015709400177,0.629006564617157,0.1860843300819397
Body,no_mask,23456,474,-0.2751595514239798,0.18512762601137214,0.672565221786499,0.41190585494041443,0.15846367180347443
Body,no_mask,23456,492,-0.19437662654997398,0.3832509108763778,0.6312993168830872,0.7673267722129822,0.5153633952140808
Body,no_mask,23456,527,0.033932006355952934,0.31283431384442023,0.7560448050498962,0.5643237829208374,0.18838834762573242
Body,no_mask,23456,530,0.30117038970206556,0.44686096184240115,0.6546828746795654,0.5457164645195007,0.1335459053516388
Body,no_mask,23456,542,0.048381884230772956,0.30070518768089577,0.663449764251709,0.6136230230331421,0.41981613636016846
Body,no_mask,23456,574,-0.017132866232445094,0.585613979765812,0.6238064765930176,0.5624293088912964,0.7241427898406982
Body,no_mask,23456,597,0.12160317964792701,0.31449183707774664,0.765762984752655,0.6384101510047913,0.15173423290252686
Body,no_mask,23456,619,-0.07922836824864396,0.21793000161943824,0.7437306642532349,0.5203510522842407,-0.08433057367801666
Body,no_mask,23456,656,-0.04340782664623735,0.21804984478705242,0.686693012714386,0.7448999285697937,0.3440963625907898
Body,no_mask,23456,661,-0.02399658187557526,0.272689472063145,0.673879861831665,0.5340566039085388,0.29506951570510864
Body,no_mask,23456,664,0.22157145005289766,0.4340781690461013,0.644762396812439,0.8664945363998413,0.8300919532775879
Body,no_mask,23456,698,0.1513454369080283,0.22607611108195927,0.6693300604820251,0.5986212491989136,0.20575815439224243
Body,no_mask,23456,700,0.19493231228348254,0.28870368226413007,0.7919354438781738,0.3785364627838135,0.23995715379714966
Body,no_mask,23456,716,-0.10878123236426171,0.2592821877392592,0.6738319396972656,0.5452401041984558,0.1654157191514969
Body,no_mask,23456,765,0.08541845927884237,0.36056647028226946,0.7182580828666687,0.6298313736915588,0.2865617871284485
Body,no_mask,23456,771,0.039686201409841255,0.29333482702606284,0.6733182668685913,0.6323280334472656,0.08911024034023285
Body,no_mask,23456,786,0.015996175646053202,0.07627468356316998,0.8595392107963562,0.5703039169311523,0.3299572169780731
Body,no_mask,23456,806,-0.10554213413372694,0.20744841889603888,0.6491572260856628,0.5684308409690857,0.16115929186344147
Body,no_mask,23456,813,0.10127401308045832,0.2595164882123295,0.7308310270309448,0.5465196371078491,0.0020717671141028404
Body,no_mask,23456,816,0.18624222662649495,0.22504159483860353,0.6390358209609985,0.41598036885261536,0.19316108524799347
Body,no_mask,23456,822,0.1128097151237575,0.27069487095556266,0.6072521805763245,0.7865087389945984,0.7061911225318909
Body,no_mask,23456,826,0.5374107462625989,0.42693401946348014,0.7355814576148987,0.494781494140625,0.07920922338962555
Body,no_mask,23456,847,-0.028442778663876334,0.3921329782760495,0.6785087585449219,0.6717997193336487,0.29763779044151306
Body,no_mask,23456,876,0.07870706669367593,0.15239406103533373,0.7764145135879517,0.6005072593688965,0.08640255033969879
Body,no_mask,23456,891,0.11988593239905823,0.1267597436645301,0.650413990020752,0.49991416931152344,0.017486542463302612
Body,no_mask,23456,919,0.2340283557083595,0.15826395426157594,0.6997009515762329,0.4921278655529022,0.031069381162524223
Body,no_mask,23456,931,-0.04225675714571603,0.2137041124251707,0.679610550403595,0.7570170760154724,0.7169149518013
Body,no_mask,23456,933,0.22182396249270556,0.277697476120924,0.5861908793449402,0.5616767406463623,0.3688977360725403
Body,no_mask,23456,941,0.09373021075255064,0.2334082499736036,0.6558504104614258,0.5543326139450073,0.08192156255245209
Body,no_mask,23456,960,-0.12998226005397842,0.2644850889129926,0.7323607802391052,0.5867748856544495,0.04822902753949165
Body,no_mask,23456,968,0.2128332421492289,0.1571179142563065,0.7435870170593262,0.5080306529998779,0.06984151154756546
Body,no_mask,23456,989,0.21100552289547111,0.5312757028147329,0.6527262330055237,0.8638750314712524,0.8144433498382568
Body,no_mask_repeat,23456,21,-0.15508205665915906,0.26249854844362813,0.7188042998313904,0.6592303514480591,0.5102735757827759
Body,no_mask_repeat,23456,38,0.3138882167189092,0.2984740764587738,0.6341217160224915,0.8162499666213989,0.3113470673561096
Body,no_mask_repeat,23456,40,0.3456500956709051,0.7175004409643526,0.5201047658920288,0.7163571715354919,0.36675992608070374
Body,no_mask_repeat,23456,59,-0.02284971516285536,0.2214100158907296,0.681124210357666,0.789306640625,0.69697505235672
Body,no_mask_repeat,23456,88,-0.33342669980519635,0.2532871001348271,0.7748019099235535,0.4148753881454468,0.025698434561491013
Body,no_mask_repeat,23456,116,-0.04060957148574976,0.26491061227322915,0.7250807881355286,0.6138709187507629,0.7970066666603088
Body,no_mask_repeat,23456,133,-0.11630363160675067,0.6172682982272514,0.6759281754493713,0.4212968945503235,0.03834541141986847
Body,no_mask_repeat,23456,161,-0.27058358594756526,0.3803646132850106,0.6184635162353516,0.7347497940063477,0.493450790643692
Body,no_mask_repeat,23456,170,0.030971186775728902,0.31361895046123456,0.6515687108039856,0.5224315524101257,-0.031227650120854378
Body,no_mask_repeat,23456,179,0.2134356672857847,0.25993709504537393,0.7268695831298828,0.5827999711036682,0.21091167628765106
Body,no_mask_repeat,23456,220,0.2725585907757032,0.43617986030067224,0.6544661521911621,0.6355367302894592,0.5871004462242126
Body,no_mask_repeat,23456,233,0.02163619021638197,0.22075525878383678,0.7032084465026855,0.557226836681366,0.20667220652103424
Body,no_mask_repeat,23456,257,0.10708483864100343,0.2360490563521946,0.6296736598014832,0.5086485147476196,0.08761545270681381
Body,no_mask_repeat,23456,290,0.36704529656265406,0.3096137424020326,0.7654430866241455,0.6612749695777893,0.53592848777771
Body,no_mask_repeat,23456,331,0.04171543878662649,0.22894027844028889,0.7662493586540222,0.5368734002113342,0.041443709284067154
Body,no_mask_repeat,23456,339,0.11313333827795725,0.25004903796795497,0.6787357926368713,0.7264622449874878,0.36872583627700806
Body,no_mask_repeat,23456,355,-0.17976705781985886,0.5897984037945881,0.6082326173782349,0.7564800977706909,0.8004634380340576
Body,no_mask_repeat,23456,366,0.26458339156249383,0.3688079715896316,0.715015709400177,0.629006564617157,0.1860843300819397
Body,no_mask_repeat,23456,474,-0.2751595514239798,0.18512762601137214,0.672565221786499,0.41190585494041443,0.15846367180347443
Body,no_mask_repeat,23456,492,-0.19437662654997398,0.3832509108763778,0.6312993168830872,0.7673267722129822,0.5153633952140808
Body,no_mask_repeat,23456,527,0.033932006355952934,0.31283431384442023,0.7560448050498962,0.5643237829208374,0.18838834762573242
Body,no_mask_repeat,23456,530,0.30117038970206556,0.44686096184240115,0.6546828746795654,0.5457164645195007,0.1335459053516388
Body,no_mask_repeat,23456,542,0.048381884230772956,0.30070518768089577,0.663449764251709,0.6136230230331421,0.41981613636016846
Body,no_mask_repeat,23456,574,-0.017132866232445094,0.585613979765812,0.6238064765930176,0.5624293088912964,0.7241427898406982
Body,no_mask_repeat,23456,597,0.12160317964792701,0.31449183707774664,0.765762984752655,0.6384101510047913,0.15173423290252686
Body,no_mask_repeat,23456,619,-0.07922836824864396,0.21793000161943824,0.7437306642532349,0.5203510522842407,-0.08433057367801666
Body,no_mask_repeat,23456,656,-0.04340782664623735,0.21804984478705242,0.686693012714386,0.7448999285697937,0.3440963625907898
Body,no_mask_repeat,23456,661,-0.02399658187557526,0.272689472063145,0.673879861831665,0.5340566039085388,0.29506951570510864
Body,no_mask_repeat,23456,664,0.22157145005289766,0.4340781690461013,0.644762396812439,0.8664945363998413,0.8300919532775879
Body,no_mask_repeat,23456,698,0.1513454369080283,0.22607611108195927,0.6693300604820251,0.5986212491989136,0.20575815439224243
Body,no_mask_repeat,23456,700,0.19493231228348254,0.28870368226413007,0.7919354438781738,0.3785364627838135,0.23995715379714966
Body,no_mask_repeat,23456,716,-0.10878123236426171,0.2592821877392592,0.6738319396972656,0.5452401041984558,0.1654157191514969
Body,no_mask_repeat,23456,765,0.08541845927884237,0.36056647028226946,0.7182580828666687,0.6298313736915588,0.2865617871284485
Body,no_mask_repeat,23456,771,0.039686201409841255,0.29333482702606284,0.6733182668685913,0.6323280334472656,0.08911024034023285
Body,no_mask_repeat,23456,786,0.015996175646053202,0.07627468356316998,0.8595392107963562,0.5703039169311523,0.3299572169780731
Body,no_mask_repeat,23456,806,-0.10554213413372694,0.20744841889603888,0.6491572260856628,0.5684308409690857,0.16115929186344147
Body,no_mask_repeat,23456,813,0.10127401308045832,0.2595164882123295,0.7308310270309448,0.5465196371078491,0.0020717671141028404
Body,no_mask_repeat,23456,816,0.18624222662649495,0.22504159483860353,0.6390358209609985,0.41598036885261536,0.19316108524799347
Body,no_mask_repeat,23456,822,0.1128097151237575,0.27069487095556266,0.6072521805763245,0.7865087389945984,0.7061911225318909
Body,no_mask_repeat,23456,826,0.5374107462625989,0.42693401946348014,0.7355814576148987,0.494781494140625,0.07920922338962555
Body,no_mask_repeat,23456,847,-0.028442778663876334,0.3921329782760495,0.6785087585449219,0.6717997193336487,0.29763779044151306
Body,no_mask_repeat,23456,876,0.07870706669367593,0.15239406103533373,0.7764145135879517,0.6005072593688965,0.08640255033969879
Body,no_mask_repeat,23456,891,0.11988593239905823,0.1267597436645301,0.650413990020752,0.49991416931152344,0.017486542463302612
Body,no_mask_repeat,23456,919,0.2340283557083595,0.15826395426157594,0.6997009515762329,0.4921278655529022,0.031069381162524223
Body,no_mask_repeat,23456,931,-0.04225675714571603,0.2137041124251707,0.679610550403595,0.7570170760154724,0.7169149518013
Body,no_mask_repeat,23456,933,0.22182396249270556,0.277697476120924,0.5861908793449402,0.5616767406463623,0.3688977360725403
Body,no_mask_repeat,23456,941,0.09373021075255064,0.2334082499736036,0.6558504104614258,0.5543326139450073,0.08192156255245209
Body,no_mask_repeat,23456,960,-0.12998226005397842,0.2644850889129926,0.7323607802391052,0.5867748856544495,0.04822902753949165
Body,no_mask_repeat,23456,968,0.2128332421492289,0.1571179142563065,0.7435870170593262,0.5080306529998779,0.06984151154756546
Body,no_mask_repeat,23456,989,0.21100552289547111,0.5312757028147329,0.6527262330055237,0.8638750314712524,0.8144433498382568
Body,Body_equal4_zero,34567,21,0.0038021679938288395,0.27921119010403184,0.6881989240646362,0.46973395347595215,0.11580061912536621
Body,Body_equal4_zero,34567,38,0.04912576294784089,0.25408215216792707,0.6729508638381958,0.7382708787918091,0.41753625869750977
Body,Body_equal4_zero,34567,40,0.4324842047095142,0.718890795028314,0.5555437207221985,0.7512310147285461,0.3579350411891937
Body,Body_equal4_zero,34567,59,0.12339479988153597,0.28236645284556505,0.6542887091636658,0.7037763595581055,0.3967688977718353
Body,Body_equal4_zero,34567,88,0.14635203136495067,0.284028213160141,0.6839064359664917,0.37114888429641724,0.029915284365415573
Body,Body_equal4_zero,34567,116,-0.020041317202925173,0.2533257709302642,0.7642157077789307,0.23661471903324127,0.006385691463947296
Body,Body_equal4_zero,34567,133,-0.07522078222520738,0.5230359864821782,0.6965261101722717,0.48437389731407166,0.2645016014575958
Body,Body_equal4_zero,34567,161,-0.17366628610412216,0.47900629464214717,0.6030299663543701,0.6517944931983948,0.7549370527267456
Body,Body_equal4_zero,34567,170,0.016662738870179626,0.29610428675729733,0.6405260562896729,0.5795004367828369,0.10821516066789627
Body,Body_equal4_zero,34567,179,0.27072646035839365,0.2878477746457149,0.6515644788742065,0.6692204475402832,0.28196728229522705
Body,Body_equal4_zero,34567,220,0.05801395144229023,0.36397720304124087,0.7347468733787537,0.49930113554000854,0.1760144680738449
Body,Body_equal4_zero,34567,233,-0.10397423728313927,0.16534118203792286,0.6699507236480713,0.48120853304862976,0.20198576152324677
Body,Body_equal4_zero,34567,257,0.05765440238407657,0.3069700307451039,0.6883862614631653,0.5279130339622498,0.0772930309176445
Body,Body_equal4_zero,34567,290,-0.15743607426059766,0.2180699486653996,0.8014370799064636,0.6743812561035156,0.7267624139785767
Body,Body_equal4_zero,34567,331,0.27561312618270684,0.27105395638467195,0.7888321876525879,0.6076614856719971,0.03949284553527832
Body,Body_equal4_zero,34567,339,0.11884094838498317,0.28804770623792914,0.6671234369277954,0.642489492893219,0.38248762488365173
Body,Body_equal4_zero,34567,355,-0.020933111889468066,0.6080957306155282,0.7276711463928223,0.6823439598083496,0.599761962890625
Body,Body_equal4_zero,34567,366,0.18500192042493235,0.310961495922747,0.7551185488700867,0.5468776226043701,0.04696205258369446
Body,Body_equal4_zero,34567,474,0.17463091088861057,0.21693662614410336,0.64495849609375,0.4087800979614258,0.17087498307228088
Body,Body_equal4_zero,34567,492,-0.013096709474762672,0.48173525645556525,0.7120986580848694,0.6525660157203674,0.4015423655509949
Body,Body_equal4_zero,34567,527,-0.09691961937430259,0.2334130202554982,0.7698643207550049,0.6586160659790039,0.21598738431930542
Body,Body_equal4_zero,34567,530,0.1288608301721799,0.4843732417306746,0.5815975666046143,0.662949800491333,0.4740474820137024
Body,Body_equal4_zero,34567,542,0.044173284711050205,0.3452612475953572,0.7173334956169128,0.6040979623794556,0.17284651100635529
Body,Body_equal4_zero,34567,574,-0.027772309107255606,0.5026191686816914,0.6385457515716553,0.4275912940502167,0.16911375522613525
Body,Body_equal4_zero,34567,597,0.09258386382491204,0.3219735675954278,0.7538368105888367,0.572929322719574,0.07927684485912323
Body,Body_equal4_zero,34567,619,-0.001501421605912959,0.17819746422888605,0.7259117364883423,0.5993534326553345,0.026849493384361267
Body,Body_equal4_zero,34567,656,-0.022217351161290113,0.21098303852724368,0.6674454212188721,0.647050142288208,0.13564735651016235
Body,Body_equal4_zero,34567,661,-0.0054549334124085955,0.2536082966734214,0.66146320104599,0.6940314173698425,0.3954419195652008
Body,Body_equal4_zero,34567,664,0.038019984942420114,0.40907959620020334,0.7048516273498535,0.7549561262130737,0.7023375630378723
Body,Body_equal4_zero,34567,698,-0.2412162452149456,0.22750059463717687,0.6999666690826416,0.5353633165359497,0.04965069890022278
Body,Body_equal4_zero,34567,700,0.05218994802666538,0.3228722205671059,0.7707985639572144,0.4055982530117035,0.3264102041721344
Body,Body_equal4_zero,34567,716,-0.021084932397773003,0.270193232198644,0.6618518233299255,0.49496233463287354,0.10155633091926575
Body,Body_equal4_zero,34567,765,-0.12091562436928849,0.36842761394827456,0.7142404913902283,0.6229669451713562,0.2217661589384079
Body,Body_equal4_zero,34567,771,-0.06480548956518474,0.38701166806464693,0.7160887718200684,0.6649315357208252,0.3570860028266907
Body,Body_equal4_zero,34567,786,-0.06681542773064185,0.061477576536924004,0.7644895911216736,0.708430826663971,0.5102429389953613
Body,Body_equal4_zero,34567,806,0.010071648701551264,0.29021157365802586,0.6551418900489807,0.45378509163856506,0.07959610968828201
Body,Body_equal4_zero,34567,813,0.13316087861270406,0.24580030788224602,0.6798713207244873,0.5223783850669861,0.11939173191785812
Body,Body_equal4_zero,34567,816,0.028517823109596788,0.28034277442830324,0.687050461769104,0.6681563258171082,0.33451277017593384
Body,Body_equal4_zero,34567,822,0.25761937277131797,0.36834682035261185,0.6813422441482544,0.5083631277084351,0.08664295822381973
Body,Body_equal4_zero,34567,826,0.3864312723916344,0.4109547661449811,0.7288335561752319,0.43467217683792114,0.15110082924365997
Body,Body_equal4_zero,34567,847,0.28160621487020576,0.39459969135637474,0.6780894994735718,0.4272523522377014,-0.006541994400322437
Body,Body_equal4_zero,34567,876,0.07257689684211947,0.12205969814254099,0.7396568655967712,0.5669345855712891,0.03262796998023987
Body,Body_equal4_zero,34567,891,0.02380655136365218,0.18162543050392232,0.692186713218689,0.5569238662719727,-0.01440456137061119
Body,Body_equal4_zero,34567,919,0.013894245106271526,0.17688227765388365,0.7621435523033142,0.5166045427322388,0.060217857360839844
Body,Body_equal4_zero,34567,931,0.22676381499090772,0.26962672826027245,0.6402831077575684,0.8225233554840088,0.7099034786224365
Body,Body_equal4_zero,34567,933,-0.2418506573858965,0.27769272066033057,0.627400815486908,0.3215150237083435,0.038968026638031006
Body,Body_equal4_zero,34567,941,-0.30000416927956625,0.2654202647326368,0.6793394088745117,0.4956592321395874,0.10388679802417755
Body,Body_equal4_zero,34567,960,0.1577510076918363,0.31727419506750854,0.6679373979568481,0.5905928611755371,-0.027788933366537094
Body,Body_equal4_zero,34567,968,0.2804502780608177,0.14012243155298634,0.6842654943466187,0.5419638156890869,0.11035537719726562
Body,Body_equal4_zero,34567,989,-0.058525349800113445,0.4303061445809877,0.7649625539779663,0.7335588932037354,0.5663065314292908
Body,Body_full_zero,34567,21,-0.006990922582034304,0.26609174599249824,0.7015425562858582,0.5046983361244202,0.13068993389606476
Body,Body_full_zero,34567,38,0.07572657132854538,0.2742321970681125,0.6712162494659424,0.7233486175537109,0.5294064283370972
Body,Body_full_zero,34567,40,0.3987559580335033,0.7085941964934991,0.5307818651199341,0.7808597087860107,0.38935214281082153
Body,Body_full_zero,34567,59,0.1307700107082566,0.2785221414298868,0.6108771562576294,0.636576771736145,0.2699741721153259
Body,Body_full_zero,34567,88,0.21442763436451986,0.28149298409125606,0.7647362947463989,0.3877783715724945,0.011631203815340996
Body,Body_full_zero,34567,116,-0.03213981338025836,0.222122195112062,0.7527259588241577,0.28569450974464417,0.1025143563747406
Body,Body_full_zero,34567,133,-0.09453947182206641,0.5622830945750472,0.7145583629608154,0.4515315592288971,0.059428852051496506
Body,Body_full_zero,34567,161,-0.16007740820460514,0.4814843295567063,0.5958420038223267,0.6728383302688599,0.7288679480552673
Body,Body_full_zero,34567,170,-0.009967435528806981,0.31961957132192736,0.611871600151062,0.6152769327163696,0.07133327424526215
Body,Body_full_zero,34567,179,0.09203252235524333,0.2756798431932292,0.7256813049316406,0.6818031072616577,0.19617915153503418
Body,Body_full_zero,34567,220,0.047536288420798316,0.3892031168549119,0.6947521567344666,0.5449300408363342,0.18996024131774902
Body,Body_full_zero,34567,233,-0.14549338984392454,0.15675413333666463,0.6582860350608826,0.5994763970375061,0.09185528755187988
Body,Body_full_zero,34567,257,0.049535968603167314,0.3062047781915189,0.723551869392395,0.533865213394165,0.1389254480600357
Body,Body_full_zero,34567,290,-0.1441981995918811,0.2715599563311975,0.7712137699127197,0.5421220660209656,0.2554163634777069
Body,Body_full_zero,34567,331,0.2576378161591427,0.24593834470427198,0.7382884621620178,0.5940560102462769,0.0054201907478272915
Body,Body_full_zero,34567,339,0.11071198723347617,0.29070100122317494,0.6722190380096436,0.7147597670555115,0.3403964042663574
Body,Body_full_zero,34567,355,0.1561680492687623,0.6294805402397609,0.7526724338531494,0.7007139325141907,0.6172043681144714
Body,Body_full_zero,34567,366,0.17753391407662383,0.28947975344093635,0.7808718681335449,0.4153309762477875,0.032298408448696136
Body,Body_full_zero,34567,474,0.20291396635970071,0.2279483658469786,0.6642113327980042,0.42108380794525146,0.13693994283676147
Body,Body_full_zero,34567,492,-0.03469886371646361,0.4533940051884005,0.7314481735229492,0.6890014410018921,0.3785659074783325
Body,Body_full_zero,34567,527,-0.0968525341701844,0.26924030715825714,0.7642879486083984,0.5656518340110779,0.14702147245407104
Body,Body_full_zero,34567,530,0.1274371579843667,0.4862953332563335,0.5855597853660583,0.666749894618988,0.42032769322395325
Body,Body_full_zero,34567,542,0.0414357235978772,0.34789431923179964,0.7105504274368286,0.5627387166023254,0.1770458221435547
Body,Body_full_zero,34567,574,-0.04636058448425466,0.5037473145219017,0.6500231027603149,0.41071972250938416,0.14454932510852814
Body,Body_full_zero,34567,597,0.09599460774496771,0.3316023602576725,0.7547445297241211,0.5280070900917053,0.059651296585798264
Body,Body_full_zero,34567,619,-0.0025325973126312956,0.18512503926315302,0.7279762029647827,0.50927734375,0.06565344333648682
Body,Body_full_zero,34567,656,-0.05202422471328969,0.21644039748896482,0.680552065372467,0.5956557393074036,0.1243775337934494
Body,Body_full_zero,34567,661,0.000413117002304148,0.25789545478995984,0.6493550539016724,0.6917200684547424,0.28695109486579895
Body,Body_full_zero,34567,664,0.002174828899392844,0.4050289169929464,0.7031927704811096,0.8317412734031677,0.7720245718955994
Body,Body_full_zero,34567,698,-0.2022040892162405,0.2414484890521799,0.7227163314819336,0.5718328952789307,0.17167821526527405
Body,Body_full_zero,34567,700,0.07462306481658551,0.30711591156221907,0.7585434317588806,0.4476317763328552,0.16421881318092346
Body,Body_full_zero,34567,716,-0.005651077850335062,0.26696954566416276,0.663611650466919,0.5189029574394226,0.03555576875805855
Body,Body_full_zero,34567,765,-0.158599183739116,0.39404678270750987,0.7274344563484192,0.6180539727210999,0.219508558511734
Body,Body_full_zero,34567,771,-0.04118702339582783,0.39068851290751927,0.7174760103225708,0.6778063178062439,0.36673566699028015
Body,Body_full_zero,34567,786,-0.07251533613929724,0.05792833825000961,0.7687630653381348,0.6563161015510559,0.4754171669483185
Body,Body_full_zero,34567,806,0.037107482496750305,0.2860852456657609,0.6684386730194092,0.3671000599861145,0.22057436406612396
Body,Body_full_zero,34567,813,0.1943744725592534,0.2526876357109889,0.702489972114563,0.4579768776893616,0.1245628222823143
Body,Body_full_zero,34567,816,0.050266760090634466,0.2804316066964337,0.6663069128990173,0.5633653998374939,0.3304012715816498
Body,Body_full_zero,34567,822,0.2713193266377182,0.35911264293925793,0.6734097599983215,0.43495532870292664,0.07712092995643616
Body,Body_full_zero,34567,826,0.5237464435897315,0.41533838626514086,0.7513899803161621,0.447923481464386,0.08942365646362305
Body,Body_full_zero,34567,847,0.3174812748622711,0.4051505941492374,0.6492648124694824,0.46693292260169983,0.04770080745220184
Body,Body_full_zero,34567,876,0.1019129719061951,0.13115450319961164,0.7525388598442078,0.5453917384147644,0.042860373854637146
Body,Body_full_zero,34567,891,-0.007817395984452583,0.17276461654351422,0.6921002268791199,0.5509456396102905,0.04091610386967659
Body,Body_full_zero,34567,919,0.009949617902759817,0.18812706897820453,0.7697811126708984,0.5176631808280945,0.06768789142370224
Body,Body_full_zero,34567,931,0.23610194212118255,0.2667375200358522,0.6382327079772949,0.785771369934082,0.7304517030715942
Body,Body_full_zero,34567,933,-0.24142029566232423,0.2696201021817283,0.6526250839233398,0.3800356686115265,0.0302239079028368
Body,Body_full_zero,34567,941,-0.26697300164480686,0.2570655598790574,0.6797822713851929,0.5204553604125977,0.11395923048257828
Body,Body_full_zero,34567,960,0.1584149236194237,0.29962005373940226,0.6666868329048157,0.5965035557746887,0.0007672160863876343
Body,Body_full_zero,34567,968,0.28004201718706206,0.1452352235672043,0.7006857395172119,0.5163356065750122,0.0820208191871643
Body,Body_full_zero,34567,989,-0.06503491515196225,0.4406746027544823,0.7374229431152344,0.6965501308441162,0.3376857042312622
Body,Body_random_equal4_01_zero,34567,21,0.008431119788871178,0.27987186735327235,0.6903788447380066,0.4545705020427704,0.17855486273765564
Body,Body_random_equal4_01_zero,34567,38,0.060485835797498846,0.25868068933903215,0.676459789276123,0.7588348388671875,0.46627992391586304
Body,Body_random_equal4_01_zero,34567,40,0.4174748856189485,0.7144988604854237,0.5503320097923279,0.7947745323181152,0.48116692900657654
Body,Body_random_equal4_01_zero,34567,59,0.12387958579708788,0.30085154066539643,0.6375533938407898,0.7597262859344482,0.3707525134086609
Body,Body_random_equal4_01_zero,34567,88,0.1853978001656726,0.2632074569366518,0.6778903007507324,0.32078567147254944,0.0746595710515976
Body,Body_random_equal4_01_zero,34567,116,-0.021107064514653703,0.20796688773486813,0.7659479975700378,0.2312479168176651,0.023705441504716873
Body,Body_random_equal4_01_zero,34567,133,-0.07153457048833815,0.5497253144133296,0.7050364017486572,0.42931222915649414,0.05821654573082924
Body,Body_random_equal4_01_zero,34567,161,-0.16822488726686505,0.47486472678266844,0.5992947816848755,0.6074830889701843,0.6369723677635193
Body,Body_random_equal4_01_zero,34567,170,0.022979289149576632,0.2820812719781357,0.6436514854431152,0.617263674736023,0.16173945367336273
Body,Body_random_equal4_01_zero,34567,179,0.27258941770115286,0.2868821084432861,0.6442833542823792,0.6600447297096252,0.30708304047584534
Body,Body_random_equal4_01_zero,34567,220,0.05881843547319561,0.3715253952549721,0.7237772345542908,0.44087857007980347,0.07184752076864243
Body,Body_random_equal4_01_zero,34567,233,-0.04436420371760764,0.20213853297013698,0.6788351535797119,0.44807490706443787,0.25174129009246826
Body,Body_random_equal4_01_zero,34567,257,0.061283888186181947,0.30507144161769495,0.6763882637023926,0.48492878675460815,0.12767192721366882
Body,Body_random_equal4_01_zero,34567,290,-0.11787019468138732,0.28185112667783796,0.7982285618782043,0.6430422067642212,0.670799195766449
Body,Body_random_equal4_01_zero,34567,331,0.27487683178191263,0.25382519383716534,0.7559812664985657,0.5879186391830444,0.043527279049158096
Body,Body_random_equal4_01_zero,34567,339,0.09751006329177705,0.29591655169892545,0.6580265164375305,0.6563971042633057,0.39135220646858215
Body,Body_random_equal4_01_zero,34567,355,-0.0367423112685243,0.5968927214365873,0.7283861637115479,0.6664159893989563,0.6219778656959534
Body,Body_random_equal4_01_zero,34567,366,0.20808559002292965,0.30533545015467933,0.7518272399902344,0.5623714923858643,0.16869716346263885
Body,Body_random_equal4_01_zero,34567,474,0.17692331313482323,0.22911872351102888,0.6620200276374817,0.46098819375038147,0.27805227041244507
Body,Body_random_equal4_01_zero,34567,492,0.0029723415715106607,0.47750087386859685,0.7185913324356079,0.6991230249404907,0.4742588996887207
Body,Body_random_equal4_01_zero,34567,527,-0.09679725434394146,0.2346813741374905,0.7569629549980164,0.6487680673599243,0.2974502444267273
Body,Body_random_equal4_01_zero,34567,530,0.12191934410034282,0.4823002950927719,0.5870795249938965,0.6096506118774414,0.45613035559654236
Body,Body_random_equal4_01_zero,34567,542,0.040219020160954556,0.34697606515357465,0.7175553441047668,0.5865492224693298,0.17114119231700897
Body,Body_random_equal4_01_zero,34567,574,-0.035134067660667775,0.49251141914259494,0.6391830444335938,0.3780044615268707,0.21644480526447296
Body,Body_random_equal4_01_zero,34567,597,0.0907163331877855,0.32659624317146185,0.7625311017036438,0.5371326804161072,0.09395962953567505
Body,Body_random_equal4_01_zero,34567,619,0.005234885447635276,0.1786594547849624,0.7278980016708374,0.5921099781990051,0.02065463550388813
Body,Body_random_equal4_01_zero,34567,656,-0.02866990480976116,0.20385134729954604,0.6676455140113831,0.613023579120636,0.12516729533672333
Body,Body_random_equal4_01_zero,34567,661,0.007845676325656603,0.24996322412448146,0.6715431213378906,0.7100360989570618,0.448469340801239
Body,Body_random_equal4_01_zero,34567,664,0.05891750054677039,0.4107377184783008,0.7125788927078247,0.7713489532470703,0.7046520709991455
Body,Body_random_equal4_01_zero,34567,698,-0.23196919831048787,0.22831337789366,0.7108840942382812,0.49820566177368164,0.08646714687347412
Body,Body_random_equal4_01_zero,34567,700,0.012671891136684854,0.3269529022067028,0.7635542750358582,0.39774858951568604,0.3898608684539795
Body,Body_random_equal4_01_zero,34567,716,0.024060706077283597,0.2627402915246116,0.6849709153175354,0.5637831687927246,0.07630585879087448
Body,Body_random_equal4_01_zero,34567,765,-0.1461221348087181,0.38259764630930815,0.71858149766922,0.6051324605941772,0.21769307553768158
Body,Body_random_equal4_01_zero,34567,771,-0.06484305850601357,0.37620006583107685,0.7192411422729492,0.643656849861145,0.3075772821903229
Body,Body_random_equal4_01_zero,34567,786,-0.11730321874950303,0.06149139113433039,0.7707312107086182,0.6907258629798889,0.5632711052894592
Body,Body_random_equal4_01_zero,34567,806,0.0060728190313970865,0.28291925288510456,0.6547207236289978,0.46638578176498413,0.10539683699607849
Body,Body_random_equal4_01_zero,34567,813,0.10984502515548186,0.23804282194565024,0.6796602010726929,0.5288819074630737,0.09909702837467194
Body,Body_random_equal4_01_zero,34567,816,0.02999238373872725,0.2812656206438839,0.6848605275154114,0.6593508124351501,0.3429175019264221
Body,Body_random_equal4_01_zero,34567,822,0.27645504114734976,0.35547181399276834,0.6202092170715332,0.4041709899902344,0.1575760692358017
Body,Body_random_equal4_01_zero,34567,826,0.38692663562698093,0.40867119116141026,0.7289425730705261,0.34100496768951416,0.12040826678276062
Body,Body_random_equal4_01_zero,34567,847,0.32183444607419565,0.411480532228328,0.6693688035011292,0.4568914473056793,0.00860096886754036
Body,Body_random_equal4_01_zero,34567,876,0.0707695403770095,0.1222552499147048,0.7398626804351807,0.5131053924560547,0.030191849917173386
Body,Body_random_equal4_01_zero,34567,891,0.024887572961881006,0.1822172081004044,0.6966157555580139,0.5534226298332214,-0.022809237241744995
Body,Body_random_equal4_01_zero,34567,919,0.0048976100568190835,0.17818592243149303,0.7568740248680115,0.5478770732879639,0.04087711125612259
Body,Body_random_equal4_01_zero,34567,931,0.22308521290837927,0.26768939748553966,0.6423196196556091,0.8258907794952393,0.7264553904533386
Body,Body_random_equal4_01_zero,34567,933,-0.23733246041886533,0.28806546693115487,0.6210042834281921,0.4473346173763275,0.05532750487327576
Body,Body_random_equal4_01_zero,34567,941,-0.2794627658170311,0.2710829843185682,0.6913781762123108,0.47425878047943115,0.1500723659992218
Body,Body_random_equal4_01_zero,34567,960,0.18690625192761456,0.3067503031438276,0.6524507999420166,0.6404122114181519,0.0044770557433366776
Body,Body_random_equal4_01_zero,34567,968,0.2834146813208959,0.14424116268418816,0.6833833456039429,0.5314581990242004,0.1357647180557251
Body,Body_random_equal4_01_zero,34567,989,-0.09881221443570853,0.4244398049349852,0.7594764232635498,0.7019326090812683,0.37314003705978394
Body,Body_random_equal4_02_zero,34567,21,0.0073608326107608936,0.2803818547931908,0.6912930011749268,0.45724260807037354,0.1451820731163025
Body,Body_random_equal4_02_zero,34567,38,0.07738954243305386,0.273350735980331,0.671177864074707,0.7233982086181641,0.38699978590011597
Body,Body_random_equal4_02_zero,34567,40,0.4356273700788115,0.7205223120358961,0.532463788986206,0.8140105605125427,0.6463913917541504
Body,Body_random_equal4_02_zero,34567,59,0.11911272104171593,0.27515629488242205,0.6206954121589661,0.7220737338066101,0.41087663173675537
Body,Body_random_equal4_02_zero,34567,88,0.14057450462528842,0.27235314533186644,0.6955046653747559,0.32914772629737854,0.01889338344335556
Body,Body_random_equal4_02_zero,34567,116,-0.06374618517743996,0.23364671912776505,0.7640230059623718,0.2517748177051544,0.1304062157869339
Body,Body_random_equal4_02_zero,34567,133,-0.06979319930442258,0.5259794783701939,0.7027058005332947,0.42961475253105164,0.08260823041200638
Body,Body_random_equal4_02_zero,34567,161,-0.1764728239284557,0.47587677025858344,0.6065363883972168,0.6398610472679138,0.6881314516067505
Body,Body_random_equal4_02_zero,34567,170,0.0046623771832935345,0.2775426052097586,0.6236521005630493,0.5884227156639099,0.15277941524982452
Body,Body_random_equal4_02_zero,34567,179,0.03222207950076419,0.2702348296047701,0.6561194062232971,0.7134400606155396,0.18752610683441162
Body,Body_random_equal4_02_zero,34567,220,0.05665684783813528,0.3621730215961747,0.7288177609443665,0.47059494256973267,0.16047227382659912
Body,Body_random_equal4_02_zero,34567,233,-0.07297170902930102,0.18040103228206075,0.6647040247917175,0.4532550871372223,0.07129025459289551
Body,Body_random_equal4_02_zero,34567,257,0.05265135303402249,0.2970697344217195,0.6757825613021851,0.5380412340164185,0.023967070505023003
Body,Body_random_equal4_02_zero,34567,290,-0.16483652637769283,0.219657001349049,0.7987456917762756,0.6268244385719299,0.7057206630706787
Body,Body_random_equal4_02_zero,34567,331,0.28726520463567695,0.2542383349621978,0.7537857294082642,0.6252524852752686,0.0489790104329586
Body,Body_random_equal4_02_zero,34567,339,0.10191269677882284,0.28390336762154483,0.6627620458602905,0.6497769355773926,0.3614685535430908
Body,Body_random_equal4_02_zero,34567,355,-0.0438983141140759,0.5858962495271846,0.720225989818573,0.6656568050384521,0.6384138464927673
Body,Body_random_equal4_02_zero,34567,366,0.2480143904589671,0.3395153013994116,0.7457380294799805,0.7115007638931274,0.1897282600402832
Body,Body_random_equal4_02_zero,34567,474,0.18181591914845646,0.22668268424381624,0.6623790264129639,0.48422423005104065,0.27991366386413574
Body,Body_random_equal4_02_zero,34567,492,-0.03660439629677605,0.467572235932284,0.722353994846344,0.7206724286079407,0.4620567560195923
Body,Body_random_equal4_02_zero,34567,527,-0.09343956219449391,0.22842284793876239,0.771001935005188,0.6684703826904297,0.31176507472991943
Body,Body_random_equal4_02_zero,34567,530,0.12701945489241429,0.4846228992316421,0.5773621201515198,0.667047381401062,0.43027210235595703
Body,Body_random_equal4_02_zero,34567,542,0.047564736515813964,0.3489395152424951,0.719089150428772,0.5876342058181763,0.19437375664710999
Body,Body_random_equal4_02_zero,34567,574,-0.028813959624313247,0.5011677272752594,0.6382881999015808,0.4169391989707947,0.15284089744091034
Body,Body_random_equal4_02_zero,34567,597,0.09861931592256108,0.3164338393827397,0.763097882270813,0.5252807140350342,0.09731166809797287
Body,Body_random_equal4_02_zero,34567,619,-0.005283266102977147,0.17176538025163185,0.708208441734314,0.5428650379180908,0.017623187974095345
Body,Body_random_equal4_02_zero,34567,656,-0.02065283235817617,0.20990676267860445,0.6644290685653687,0.6339693665504456,0.1306832730770111
Body,Body_random_equal4_02_zero,34567,661,0.012030265174419654,0.2362954473599614,0.6729184985160828,0.6401680111885071,0.37129998207092285
Body,Body_random_equal4_02_zero,34567,664,0.02354823262556859,0.409078954596303,0.6999059915542603,0.8324826955795288,0.7269818782806396
Body,Body_random_equal4_02_zero,34567,698,-0.2217631322212099,0.21099772404604678,0.6837453842163086,0.5004097819328308,0.09661372005939484
Body,Body_random_equal4_02_zero,34567,700,0.02193231817991414,0.3192794287217505,0.7850699424743652,0.4073694944381714,0.27341070771217346
Body,Body_random_equal4_02_zero,34567,716,0.02695626146524302,0.26280324953582146,0.6825209259986877,0.5239729285240173,0.07210707664489746
Body,Body_random_equal4_02_zero,34567,765,-0.1303893697716747,0.37789816977376056,0.7168819904327393,0.6308550238609314,0.15376538038253784
Body,Body_random_equal4_02_zero,34567,771,-0.06823952894700067,0.37558243374668293,0.7229954600334167,0.6671719551086426,0.3330652117729187
Body,Body_random_equal4_02_zero,34567,786,-0.0677994917060076,0.06287860139091685,0.7629543542861938,0.7183988094329834,0.5322272777557373
Body,Body_random_equal4_02_zero,34567,806,0.010312649831540413,0.29481289905882463,0.6614692211151123,0.4483689069747925,0.14923831820487976
Body,Body_random_equal4_02_zero,34567,813,0.09835651232617815,0.23415373378714743,0.6793795824050903,0.5296111702919006,0.11540878564119339
Body,Body_random_equal4_02_zero,34567,816,0.03123669145525588,0.2818816307517142,0.6809276342391968,0.6567105650901794,0.3396364450454712
Body,Body_random_equal4_02_zero,34567,822,0.26331254445680435,0.36725017339040383,0.683742344379425,0.5042735934257507,0.17377570271492004
Body,Body_random_equal4_02_zero,34567,826,0.3922692985683313,0.41205917025077116,0.7302674651145935,0.44381001591682434,0.11918401718139648
Body,Body_random_equal4_02_zero,34567,847,0.31262135819140074,0.41145792225980976,0.6757012009620667,0.48673567175865173,0.022809840738773346
Body,Body_random_equal4_02_zero,34567,876,0.07214820683790073,0.1235192697806767,0.745232105255127,0.5637949109077454,0.04261687397956848
Body,Body_random_equal4_02_zero,34567,891,0.0321887724315914,0.18032457527090892,0.676222562789917,0.5323780179023743,0.0246683731675148
Body,Body_random_equal4_02_zero,34567,919,0.008642625288054885,0.16791233435108854,0.7515704035758972,0.5257930755615234,0.050850771367549896
Body,Body_random_equal4_02_zero,34567,931,0.22244780859301294,0.2750279227973296,0.6428977847099304,0.8283051252365112,0.7124971151351929
Body,Body_random_equal4_02_zero,34567,933,-0.24085046261911186,0.2831027023726946,0.6245974898338318,0.38650941848754883,0.03472874313592911
Body,Body_random_equal4_02_zero,34567,941,-0.28134826865218837,0.2601734629954722,0.6817458868026733,0.4916331171989441,0.11064410209655762
Body,Body_random_equal4_02_zero,34567,960,0.17811669219883255,0.33977611744183733,0.6610474586486816,0.5735419392585754,0.01730366051197052
Body,Body_random_equal4_02_zero,34567,968,0.2946503854789969,0.14172950232666828,0.6761047840118408,0.5231724381446838,0.1386035978794098
Body,Body_random_equal4_02_zero,34567,989,-0.06253182489539606,0.4359160369278931,0.759596586227417,0.7358302474021912,0.46526968479156494
Body,Body_random_equal4_03_zero,34567,21,0.034560688125576895,0.28156721119654765,0.7069310545921326,0.4461642801761627,0.15016990900039673
Body,Body_random_equal4_03_zero,34567,38,0.06743110278510672,0.2694688121437349,0.677112340927124,0.756132185459137,0.4311133325099945
Body,Body_random_equal4_03_zero,34567,40,0.4167415611439008,0.7127501906151041,0.5368123650550842,0.8003734350204468,0.3503991663455963
Body,Body_random_equal4_03_zero,34567,59,0.14055951263528846,0.27374374096218196,0.633549153804779,0.7347464561462402,0.5845164060592651
Body,Body_random_equal4_03_zero,34567,88,0.12910911883075876,0.2712357303905382,0.6931788325309753,0.3969530761241913,0.05584632232785225
Body,Body_random_equal4_03_zero,34567,116,-0.04405746153479876,0.23604264091822477,0.765092134475708,0.45280230045318604,0.24518483877182007
Body,Body_random_equal4_03_zero,34567,133,-0.06760065000477763,0.5479918972330562,0.7053818702697754,0.4284992516040802,0.040114760398864746
Body,Body_random_equal4_03_zero,34567,161,-0.19541645356356216,0.46813815121417546,0.6001065969467163,0.64313143491745,0.4943278431892395
Body,Body_random_equal4_03_zero,34567,170,0.02971171538001543,0.28047027990576207,0.6354251503944397,0.6730397939682007,0.20992159843444824
Body,Body_random_equal4_03_zero,34567,179,0.27508377022110125,0.28816549281248865,0.6596501469612122,0.6735080480575562,0.2516214847564697
Body,Body_random_equal4_03_zero,34567,220,0.07883676344208468,0.3620341606262099,0.7145112752914429,0.4083230495452881,0.11289042979478836
Body,Body_random_equal4_03_zero,34567,233,0.05208466965182618,0.2171286317575765,0.64430832862854,0.5284884572029114,0.14604070782661438
Body,Body_random_equal4_03_zero,34567,257,0.07150783834804565,0.31420006436449893,0.7028235197067261,0.48949000239372253,0.1576635241508484
Body,Body_random_equal4_03_zero,34567,290,0.05592367813709089,0.3308411674694479,0.8205122351646423,0.4843243360519409,0.17445634305477142
Body,Body_random_equal4_03_zero,34567,331,0.26324755754204504,0.25212841614332243,0.7506412267684937,0.5938342213630676,0.02386837638914585
Body,Body_random_equal4_03_zero,34567,339,0.09381597116814465,0.28554951117879074,0.6584066152572632,0.6323979496955872,0.2522412836551666
Body,Body_random_equal4_03_zero,34567,355,-0.048545551292378336,0.5703622242053719,0.7714467644691467,0.5953601002693176,0.7119275331497192
Body,Body_random_equal4_03_zero,34567,366,0.17961961879494265,0.3445602463223594,0.7444456815719604,0.649980366230011,0.1506630778312683
Body,Body_random_equal4_03_zero,34567,474,0.20236562119732607,0.22866467011685876,0.6649839878082275,0.4993833303451538,0.17605049908161163
Body,Body_random_equal4_03_zero,34567,492,-0.0380945905688311,0.49733545557764086,0.7406717538833618,0.7418336272239685,0.30872195959091187
Body,Body_random_equal4_03_zero,34567,527,-0.09426114646855079,0.22519347906879958,0.7577536702156067,0.6587098836898804,0.31244659423828125
Body,Body_random_equal4_03_zero,34567,530,0.11038170563795363,0.4868249621951068,0.5814628005027771,0.6605594158172607,0.48379042744636536
Body,Body_random_equal4_03_zero,34567,542,0.03585430169165521,0.34637947695023946,0.7178874015808105,0.5885688662528992,0.16542600095272064
Body,Body_random_equal4_03_zero,34567,574,-0.032131851155438595,0.581881430787137,0.6549484133720398,0.34453147649765015,0.08181082457304001
Body,Body_random_equal4_03_zero,34567,597,0.07283324295804795,0.3116680316500151,0.7593474388122559,0.529498815536499,0.1026465892791748
Body,Body_random_equal4_03_zero,34567,619,-0.014120503340361959,0.16115931299945094,0.7242281436920166,0.47960421442985535,0.026816360652446747
Body,Body_random_equal4_03_zero,34567,656,-0.010673689124756273,0.2024662033488035,0.6704373359680176,0.6318249702453613,0.15024933218955994
Body,Body_random_equal4_03_zero,34567,661,0.020818499685099093,0.24460495726742196,0.6683170199394226,0.6862779259681702,0.42442968487739563
Body,Body_random_equal4_03_zero,34567,664,0.007279220981944696,0.407300948601447,0.7037793397903442,0.8071649074554443,0.6656310558319092
Body,Body_random_equal4_03_zero,34567,698,-0.24351701848643073,0.2275601386343809,0.6949551701545715,0.5042824745178223,0.04950321838259697
Body,Body_random_equal4_03_zero,34567,700,-0.08445089182678098,0.3341170064513377,0.7256336212158203,0.37987643480300903,0.35221222043037415
Body,Body_random_equal4_03_zero,34567,716,0.025965566737360744,0.2680436733902844,0.6837235689163208,0.5461870431900024,0.08017653971910477
Body,Body_random_equal4_03_zero,34567,765,-0.1518786510248591,0.3717192351807693,0.7232149839401245,0.5949005484580994,0.21566443145275116
Body,Body_random_equal4_03_zero,34567,771,-0.0691182938105366,0.37792326318041813,0.7219866514205933,0.5768296718597412,0.21013155579566956
Body,Body_random_equal4_03_zero,34567,786,-0.07858792270477048,0.058834142961284405,0.7953848838806152,0.6562350988388062,0.5126172304153442
Body,Body_random_equal4_03_zero,34567,806,0.007404993247609199,0.2718847759017732,0.6519225239753723,0.4804628789424896,0.11132698506116867
Body,Body_random_equal4_03_zero,34567,813,0.10010432339685045,0.24447537119019178,0.6783926486968994,0.5105705857276917,0.10602513700723648
Body,Body_random_equal4_03_zero,34567,816,0.05190147383837246,0.28214469734158815,0.6840399503707886,0.6744687557220459,0.3459424376487732
Body,Body_random_equal4_03_zero,34567,822,0.2340938718796857,0.36773088017679306,0.7194801568984985,0.5851150751113892,0.2537156641483307
Body,Body_random_equal4_03_zero,34567,826,0.40154097233440905,0.4116580306471864,0.7316133379936218,0.39508056640625,0.17425188422203064
Body,Body_random_equal4_03_zero,34567,847,0.29403948361230975,0.4002306121478515,0.6805185079574585,0.4702858626842499,-0.01757137104868889
Body,Body_random_equal4_03_zero,34567,876,0.08596662661894691,0.11912021856976947,0.7380533218383789,0.5882492065429688,0.02401382476091385
Body,Body_random_equal4_03_zero,34567,891,0.0006173843036788338,0.1809096184578787,0.6991701722145081,0.49846121668815613,0.03441077098250389
Body,Body_random_equal4_03_zero,34567,919,0.0175132717246303,0.17750206463322973,0.7369443774223328,0.5341733694076538,0.02253466472029686
Body,Body_random_equal4_03_zero,34567,931,0.23968263646035703,0.27340923155122593,0.6511124968528748,0.8195294737815857,0.7199347615242004
Body,Body_random_equal4_03_zero,34567,933,-0.21965982724331856,0.20448695478944118,0.6768844723701477,0.44369515776634216,0.08406815677881241
Body,Body_random_equal4_03_zero,34567,941,-0.2916075212962663,0.2657797176524354,0.683911144733429,0.5162171125411987,0.1331326961517334
Body,Body_random_equal4_03_zero,34567,960,0.17766405043954223,0.2952206172410254,0.6692906618118286,0.590947687625885,-0.004644877277314663
Body,Body_random_equal4_03_zero,34567,968,0.2890891772090799,0.14364833255008758,0.6834814548492432,0.5172804594039917,0.1210256889462471
Body,Body_random_equal4_03_zero,34567,989,-0.0414731003488773,0.4057265918311907,0.7604281306266785,0.7813025116920471,0.6637904644012451
Body,Body_random_equal4_04_zero,34567,21,0.08103755708240828,0.29472235704749483,0.714637041091919,0.40108150243759155,0.07736144959926605
Body,Body_random_equal4_04_zero,34567,38,0.05435286349967573,0.2615892005943818,0.6774404644966125,0.7696884870529175,0.46623387932777405
Body,Body_random_equal4_04_zero,34567,40,0.41825884140858255,0.7099974069160391,0.5686483383178711,0.8058038949966431,0.47486263513565063
Body,Body_random_equal4_04_zero,34567,59,0.1387488718430591,0.2907174329560107,0.6387901306152344,0.6686530113220215,0.4730001389980316
Body,Body_random_equal4_04_zero,34567,88,0.19221148586898926,0.2651415677560533,0.6781764626502991,0.3011739253997803,0.060676153749227524
Body,Body_random_equal4_04_zero,34567,116,-0.021025839668694157,0.2477411900905692,0.7670964598655701,0.199214369058609,0.04592524468898773
Body,Body_random_equal4_04_zero,34567,133,-0.04020929287403622,0.5547311872685136,0.6838009357452393,0.37898704409599304,0.027577951550483704
Body,Body_random_equal4_04_zero,34567,161,-0.383049711662099,0.3275109952544166,0.6441373229026794,0.6612284183502197,0.563383936882019
Body,Body_random_equal4_04_zero,34567,170,0.01037419212007256,0.2771000588068178,0.6339850425720215,0.6027117967605591,0.087417371571064
Body,Body_random_equal4_04_zero,34567,179,-0.02079189739859975,0.26889307850033295,0.6238704919815063,0.6612808704376221,0.3211534321308136
Body,Body_random_equal4_04_zero,34567,220,0.03687153438809125,0.3580458938517882,0.7229700088500977,0.45795711874961853,0.15962012112140656
Body,Body_random_equal4_04_zero,34567,233,-0.06119114239611322,0.1971742318935787,0.6793623566627502,0.5333356857299805,0.12367864698171616
Body,Body_random_equal4_04_zero,34567,257,0.05760024783440411,0.3041591915360846,0.6834527254104614,0.49906396865844727,0.18876615166664124
Body,Body_random_equal4_04_zero,34567,290,-0.1626550444979875,0.29875206301623836,0.801417350769043,0.5459480881690979,0.5477759838104248
Body,Body_random_equal4_04_zero,34567,331,0.253802140329148,0.2514121925934826,0.7521869540214539,0.5984775424003601,0.015198279172182083
Body,Body_random_equal4_04_zero,34567,339,0.0920186548386967,0.28354459351271694,0.6502853035926819,0.6371769905090332,0.309617280960083
Body,Body_random_equal4_04_zero,34567,355,-0.11878189478043676,0.5689255464590544,0.6997318863868713,0.6607428789138794,0.6925723552703857
Body,Body_random_equal4_04_zero,34567,366,0.2053107567018546,0.2969507360726605,0.755570113658905,0.5792102217674255,0.14276129007339478
Body,Body_random_equal4_04_zero,34567,474,0.17776936204239072,0.23014726883079986,0.6655360460281372,0.4822593629360199,0.26747989654541016
Body,Body_random_equal4_04_zero,34567,492,-0.23633989398685265,0.44703642518703995,0.7455101013183594,0.7769374847412109,0.416644811630249
Body,Body_random_equal4_04_zero,34567,527,-0.09725471988504497,0.21704299405479754,0.7558135390281677,0.5728179216384888,0.2731276750564575
Body,Body_random_equal4_04_zero,34567,530,0.08417682475116192,0.4774435797155636,0.5658148527145386,0.7916771769523621,0.6202084422111511
Body,Body_random_equal4_04_zero,34567,542,0.04396869033570085,0.34738066227906406,0.7199358344078064,0.5863736867904663,0.1843700110912323
Body,Body_random_equal4_04_zero,34567,574,-0.009705561481728265,0.5655184799206523,0.5899344086647034,0.49838054180145264,0.17812325060367584
Body,Body_random_equal4_04_zero,34567,597,0.09428221652906439,0.31299289544419,0.7671303749084473,0.6222752332687378,0.10467620939016342
Body,Body_random_equal4_04_zero,34567,619,0.030120370610763666,0.16978031532060728,0.7286876440048218,0.5529797673225403,-0.01735416054725647
Body,Body_random_equal4_04_zero,34567,656,-0.02163959301915767,0.18926927368194255,0.6685783863067627,0.6175450682640076,0.22659169137477875
Body,Body_random_equal4_04_zero,34567,661,0.030186615270707963,0.25416144334082436,0.6665470004081726,0.6577581167221069,0.43273788690567017
Body,Body_random_equal4_04_zero,34567,664,0.05640357749978309,0.4080399495446028,0.7088775634765625,0.7584499716758728,0.6922174096107483
Body,Body_random_equal4_04_zero,34567,698,-0.2372199440081025,0.22826259719892125,0.7022661566734314,0.5243651270866394,0.021022282540798187
Body,Body_random_equal4_04_zero,34567,700,-0.05227707627038112,0.31127984289856275,0.7629214525222778,0.40698572993278503,0.27372896671295166
Body,Body_random_equal4_04_zero,34567,716,0.017762061400592413,0.2606732082953239,0.681071937084198,0.5620519518852234,0.06359928846359253
Body,Body_random_equal4_04_zero,34567,765,-0.13553829313937776,0.32964942863564956,0.7115020155906677,0.5453556180000305,0.169446662068367
Body,Body_random_equal4_04_zero,34567,771,-0.07192015078905199,0.3807695063306137,0.7181524634361267,0.6890615224838257,0.3921331465244293
Body,Body_random_equal4_04_zero,34567,786,-0.13034033090819583,0.06311697191597877,0.7718039751052856,0.7085754871368408,0.5991336107254028
Body,Body_random_equal4_04_zero,34567,806,0.004381425979895122,0.30299123942194983,0.6686605215072632,0.411345899105072,0.15105921030044556
Body,Body_random_equal4_04_zero,34567,813,0.14395712037451422,0.23805997831474981,0.6895321011543274,0.5347465872764587,0.11121676862239838
Body,Body_random_equal4_04_zero,34567,816,0.02536706436703626,0.2780009733883198,0.6843655109405518,0.6722448468208313,0.34659624099731445
Body,Body_random_equal4_04_zero,34567,822,0.33167721979438414,0.3410140415227717,0.6111143827438354,0.5402615666389465,0.08683494478464127
Body,Body_random_equal4_04_zero,34567,826,-0.10021725798081914,0.19677390808778125,0.7503374218940735,0.41311171650886536,0.06930354237556458
Body,Body_random_equal4_04_zero,34567,847,0.3189839906726893,0.4103929281782858,0.672286868095398,0.4984287917613983,0.009781289845705032
Body,Body_random_equal4_04_zero,34567,876,0.07417990664612766,0.12020576095712147,0.7391681671142578,0.5409682989120483,0.03222624585032463
Body,Body_random_equal4_04_zero,34567,891,0.005697096475839855,0.18022397814560653,0.7034779191017151,0.487667053937912,0.06507807970046997
Body,Body_random_equal4_04_zero,34567,919,0.005449078677601438,0.18733730336343069,0.7734557390213013,0.5221249461174011,0.034432314336299896
Body,Body_random_equal4_04_zero,34567,931,0.21970263087961378,0.2688096051856366,0.6425825357437134,0.8259300589561462,0.7152120471000671
Body,Body_random_equal4_04_zero,34567,933,-0.229613944839796,0.2141738438060332,0.6658467054367065,0.3705541789531708,0.0319746695458889
Body,Body_random_equal4_04_zero,34567,941,-0.28727493026452405,0.22809286715696087,0.6817333698272705,0.7050161361694336,0.256936639547348
Body,Body_random_equal4_04_zero,34567,960,0.1429487163562055,0.30416967316322563,0.6795338988304138,0.6279118657112122,0.02218059077858925
Body,Body_random_equal4_04_zero,34567,968,0.2888775514033442,0.14253826500128472,0.6816630363464355,0.5195316076278687,0.1397506594657898
Body,Body_random_equal4_04_zero,34567,989,-0.047824997394194116,0.44458582487858056,0.7668737769126892,0.7094181180000305,0.456317663192749
Body,Body_random_equal4_05_zero,34567,21,0.016972670718571902,0.27551376024909335,0.6985788345336914,0.41557586193084717,0.08777593821287155
Body,Body_random_equal4_05_zero,34567,38,0.09820594970641618,0.2696407631499365,0.6918001174926758,0.6487600803375244,0.43033367395401
Body,Body_random_equal4_05_zero,34567,40,0.39117058102619845,0.7105352695410848,0.5297148823738098,0.772043764591217,0.4173511564731598
Body,Body_random_equal4_05_zero,34567,59,0.15127868497739852,0.288456949336514,0.6137224435806274,0.8237773776054382,0.606803297996521
Body,Body_random_equal4_05_zero,34567,88,0.1602153594870942,0.2865521040354295,0.7040902972221375,0.3828834593296051,0.00754351494833827
Body,Body_random_equal4_05_zero,34567,116,-0.015760901038527,0.23651060703274573,0.7680037021636963,0.23816491663455963,0.03146883472800255
Body,Body_random_equal4_05_zero,34567,133,-0.07860073078399793,0.5601471207539372,0.7129002213478088,0.4999597668647766,0.2691009044647217
Body,Body_random_equal4_05_zero,34567,161,-0.13385357528721145,0.4693736191656985,0.5965102910995483,0.6159577965736389,0.7232655882835388
Body,Body_random_equal4_05_zero,34567,170,-0.02458033848451977,0.2931413541982958,0.6384894251823425,0.5956149101257324,0.16948376595973969
Body,Body_random_equal4_05_zero,34567,179,0.022975974890726423,0.27095170060047485,0.6268881559371948,0.629138171672821,0.24852657318115234
Body,Body_random_equal4_05_zero,34567,220,0.1116736585032908,0.40617611008449056,0.7407869696617126,0.41177719831466675,0.17268060147762299
Body,Body_random_equal4_05_zero,34567,233,0.014034487097757311,0.2104370995008395,0.6635706424713135,0.4735974967479706,0.22600401937961578
Body,Body_random_equal4_05_zero,34567,257,0.06334823070373553,0.3140614727443704,0.7071192860603333,0.5036754608154297,0.15272779762744904
Body,Body_random_equal4_05_zero,34567,290,0.03337705920738065,0.33096333556160973,0.8209869861602783,0.4468560218811035,0.08412536233663559
Body,Body_random_equal4_05_zero,34567,331,0.2811057138681008,0.26961306785182393,0.7855778336524963,0.6174114346504211,0.03467165306210518
Body,Body_random_equal4_05_zero,34567,339,0.09116318215982777,0.28471685711115574,0.6648393869400024,0.6505418419837952,0.3206145167350769
Body,Body_random_equal4_05_zero,34567,355,-0.0010065731803422023,0.5724962132612637,0.7875908613204956,0.68631911277771,0.6814848184585571
Body,Body_random_equal4_05_zero,34567,366,0.1605357159269142,0.32489798536671094,0.7605618238449097,0.649728000164032,0.14100442826747894
Body,Body_random_equal4_05_zero,34567,474,0.2045155974902576,0.22150563701087114,0.6314901113510132,0.47213122248649597,0.11113369464874268
Body,Body_random_equal4_05_zero,34567,492,-0.006038648927502919,0.5020532497209953,0.7527332305908203,0.7182420492172241,0.32754823565483093
Body,Body_random_equal4_05_zero,34567,527,-0.05573826156696314,0.22936585315763544,0.7689839005470276,0.6909947991371155,0.33719971776008606
Body,Body_random_equal4_05_zero,34567,530,0.17294234204198175,0.5063290019254212,0.5704723596572876,0.8208144903182983,0.6463027000427246
Body,Body_random_equal4_05_zero,34567,542,0.0324596344738339,0.3490003551060287,0.7225903272628784,0.5812894701957703,0.07292846590280533
Body,Body_random_equal4_05_zero,34567,574,-0.036110240614558684,0.5858720923845422,0.6448934078216553,0.3240947723388672,0.2357747107744217
Body,Body_random_equal4_05_zero,34567,597,0.07189256400190179,0.31017913824337306,0.7657329440116882,0.48798733949661255,0.07997386157512665
Body,Body_random_equal4_05_zero,34567,619,0.028510717199789693,0.15736353112802093,0.7188706398010254,0.5795496702194214,0.022820066660642624
Body,Body_random_equal4_05_zero,34567,656,-0.036385208122966285,0.199762257860283,0.6730446219444275,0.6157461404800415,0.18863144516944885
Body,Body_random_equal4_05_zero,34567,661,0.025031559235893112,0.23900208854658223,0.6493692398071289,0.6713235378265381,0.4255583584308624
Body,Body_random_equal4_05_zero,34567,664,-0.018756530840752485,0.4068936254126473,0.6870765686035156,0.8324623703956604,0.7843525409698486
Body,Body_random_equal4_05_zero,34567,698,-0.22577591519456539,0.22517561437361622,0.7133705615997314,0.4796845316886902,0.06654709577560425
Body,Body_random_equal4_05_zero,34567,700,-0.10205026427206007,0.33608103923395005,0.7278630137443542,0.3724992871284485,0.3154173493385315
Body,Body_random_equal4_05_zero,34567,716,0.006070106158039384,0.2694241491942064,0.6657274961471558,0.5435540676116943,0.1054234653711319
Body,Body_random_equal4_05_zero,34567,765,-0.19248905294303204,0.36447149789579664,0.715394139289856,0.6624707579612732,0.3466009199619293
Body,Body_random_equal4_05_zero,34567,771,-0.06645780088027647,0.3788128160896474,0.7321796417236328,0.6793803572654724,0.35525453090667725
Body,Body_random_equal4_05_zero,34567,786,-0.08839536480035873,0.058340757094409994,0.7670385837554932,0.6509682536125183,0.4621329605579376
Body,Body_random_equal4_05_zero,34567,806,0.005137343877428389,0.2646628327600359,0.658227264881134,0.44264736771583557,0.08817271888256073
Body,Body_random_equal4_05_zero,34567,813,0.1152694620426256,0.2411383647405621,0.6855581402778625,0.5207883715629578,0.09373115748167038
Body,Body_random_equal4_05_zero,34567,816,0.04433014807309994,0.26434433641634725,0.6571597456932068,0.6390693187713623,0.26120680570602417
Body,Body_random_equal4_05_zero,34567,822,0.21101941063474006,0.3568880274519778,0.7344281077384949,0.4510032832622528,0.06690412014722824
Body,Body_random_equal4_05_zero,34567,826,0.3840265010395404,0.40981392556798607,0.7629188299179077,0.4479263722896576,0.07426264137029648
Body,Body_random_equal4_05_zero,34567,847,0.3914268535157007,0.39529363172654197,0.6902165412902832,0.5490021109580994,0.02293158881366253
Body,Body_random_equal4_05_zero,34567,876,0.15094385059024187,0.12645180722618168,0.7273616790771484,0.37902578711509705,-0.03922595456242561
Body,Body_random_equal4_05_zero,34567,891,0.01401179732821431,0.1666456456040233,0.6770584583282471,0.5276566743850708,-0.02505580149590969
Body,Body_random_equal4_05_zero,34567,919,0.030604161442004223,0.18696581393895556,0.7428338527679443,0.4894716441631317,0.07674538344144821
Body,Body_random_equal4_05_zero,34567,931,0.23105316505759876,0.26583965821618993,0.6478718519210815,0.8009594678878784,0.7297496795654297
Body,Body_random_equal4_05_zero,34567,933,-0.2113569772005704,0.22032162995892404,0.670692503452301,0.4339965283870697,0.02663235180079937
Body,Body_random_equal4_05_zero,34567,941,-0.3049361548950906,0.2687514507707285,0.7072209119796753,0.480082243680954,0.1051495298743248
Body,Body_random_equal4_05_zero,34567,960,0.14812144567597446,0.32847018549169926,0.676988422870636,0.6370848417282104,-0.008735578507184982
Body,Body_random_equal4_05_zero,34567,968,0.322340543949131,0.1510876067664065,0.6812392473220825,0.5255103707313538,0.07588093727827072
Body,Body_random_equal4_05_zero,34567,989,-0.05150389235390719,0.43547562191244377,0.7584547996520996,0.751707136631012,0.39187726378440857
Body,Body_random_full_01_zero,34567,21,-0.004835212009530519,0.253002855619224,0.6964578628540039,0.5072399973869324,0.09628625959157944
Body,Body_random_full_01_zero,34567,38,0.12155980743359968,0.27360835579642506,0.6693103313446045,0.6156120896339417,0.41974326968193054
Body,Body_random_full_01_zero,34567,40,0.3352438422278382,0.6820538063717735,0.5552964210510254,0.8175905346870422,0.6290927529335022
Body,Body_random_full_01_zero,34567,59,0.11411853359478431,0.2674422316111572,0.6188237071037292,0.7547735571861267,0.587044358253479
Body,Body_random_full_01_zero,34567,88,0.18125721720996188,0.27642475615051365,0.6701011657714844,0.36945047974586487,0.020276367664337158
Body,Body_random_full_01_zero,34567,116,-0.03575003108474713,0.25123963411072175,0.7764438390731812,0.2353389412164688,0.022096015512943268
Body,Body_random_full_01_zero,34567,133,-0.06255408896075162,0.5096293259264472,0.7044386863708496,0.3894830048084259,0.02899984084069729
Body,Body_random_full_01_zero,34567,161,-0.1713986043830113,0.4711199555158154,0.5911308526992798,0.5915098786354065,0.43490123748779297
Body,Body_random_full_01_zero,34567,170,0.002809404237257578,0.28193747174049605,0.6119504570960999,0.5647295713424683,0.1274794191122055
Body,Body_random_full_01_zero,34567,179,-0.029467426140302528,0.27802541105229533,0.6275823712348938,0.6701105833053589,0.24603325128555298
Body,Body_random_full_01_zero,34567,220,0.06308429476435165,0.3818370811916764,0.7188975214958191,0.47684866189956665,0.26959389448165894
Body,Body_random_full_01_zero,34567,233,0.07713137121194673,0.20986612046103337,0.6578729152679443,0.48143821954727173,0.05391949415206909
Body,Body_random_full_01_zero,34567,257,0.05082693438736625,0.283644132091975,0.6909917593002319,0.5183867812156677,0.06763102114200592
Body,Body_random_full_01_zero,34567,290,0.246453013317058,0.32795005500791063,0.7970116138458252,0.49310368299484253,0.01820339262485504
Body,Body_random_full_01_zero,34567,331,0.25079490547837113,0.26016465478429796,0.7525854110717773,0.6359136700630188,0.026950962841510773
Body,Body_random_full_01_zero,34567,339,0.13388763765194422,0.29698225971604497,0.6576061248779297,0.5832412242889404,0.28454455733299255
Body,Body_random_full_01_zero,34567,355,0.013173192808352887,0.6081964672986605,0.7486705183982849,0.6308637857437134,0.7033944129943848
Body,Body_random_full_01_zero,34567,366,0.21658276014120265,0.34601736833770164,0.7364980578422546,0.6457133889198303,0.1453271210193634
Body,Body_random_full_01_zero,34567,474,0.187649872305245,0.22852178395113398,0.6548078656196594,0.43776237964630127,0.15895363688468933
Body,Body_random_full_01_zero,34567,492,0.05190186398154937,0.47502614606161353,0.7408251166343689,0.6226193308830261,0.22772516310214996
Body,Body_random_full_01_zero,34567,527,-0.023366710085461886,0.26488106326007915,0.7731942534446716,0.5147168636322021,0.281513512134552
Body,Body_random_full_01_zero,34567,530,0.15083844009909939,0.49483962586982494,0.5810877680778503,0.6536880135536194,0.4771237373352051
Body,Body_random_full_01_zero,34567,542,0.03520851944757467,0.3416053070329122,0.7245879173278809,0.569903552532196,0.11522629112005234
Body,Body_random_full_01_zero,34567,574,-0.02877639382904384,0.4958073907189144,0.6630902886390686,0.44711604714393616,0.11133074760437012
Body,Body_random_full_01_zero,34567,597,-0.001535728060154155,0.28486504298210213,0.7594128847122192,0.5480353832244873,0.11745922267436981
Body,Body_random_full_01_zero,34567,619,0.017565749499257804,0.2041518418399897,0.7290456295013428,0.5187376737594604,0.07710908353328705
Body,Body_random_full_01_zero,34567,656,0.05183058131286242,0.1889325292999333,0.6696451306343079,0.5742388963699341,0.08250468224287033
Body,Body_random_full_01_zero,34567,661,-0.0026835135901584657,0.23542551744629245,0.6457778215408325,0.6090821623802185,0.4982585310935974
Body,Body_random_full_01_zero,34567,664,0.02650714303023613,0.4013797720590026,0.6975648403167725,0.8448293805122375,0.7323485612869263
Body,Body_random_full_01_zero,34567,698,-0.23032552775234094,0.22383058556531021,0.7089482545852661,0.5049642324447632,0.030301077291369438
Body,Body_random_full_01_zero,34567,700,-0.07889690300899035,0.34173610089727147,0.7205383777618408,0.3696978986263275,0.3431486189365387
Body,Body_random_full_01_zero,34567,716,0.06156749840432115,0.24176772397150814,0.6863486766815186,0.5137804746627808,0.03282757103443146
Body,Body_random_full_01_zero,34567,765,-0.13995400325953125,0.3720889366084592,0.7348226308822632,0.5742049813270569,0.12811033427715302
Body,Body_random_full_01_zero,34567,771,-0.07419907233026095,0.3769325556560979,0.7178375124931335,0.6419918537139893,0.3739444315433502
Body,Body_random_full_01_zero,34567,786,-0.07105598853872612,0.05953793414514633,0.8064389228820801,0.6877497434616089,0.5374386310577393
Body,Body_random_full_01_zero,34567,806,-0.03220401711681532,0.3041761501801167,0.6925266981124878,0.3768453001976013,0.12025241553783417
Body,Body_random_full_01_zero,34567,813,0.1396677440807895,0.24569244943913435,0.7149878740310669,0.5353491306304932,0.14358697831630707
Body,Body_random_full_01_zero,34567,816,0.05982616267867073,0.2616029415930872,0.6746968030929565,0.6870551109313965,0.25397858023643494
Body,Body_random_full_01_zero,34567,822,0.2843672279913399,0.35843650294886414,0.6593208312988281,0.4316067695617676,0.04624238982796669
Body,Body_random_full_01_zero,34567,826,0.3966846259008782,0.4150387560557301,0.766399085521698,0.3414442241191864,0.05499500781297684
Body,Body_random_full_01_zero,34567,847,0.3934145619066647,0.4220266542434279,0.6685066223144531,0.5448625683784485,0.017169151455163956
Body,Body_random_full_01_zero,34567,876,0.1950077350608597,0.1300523775546244,0.7364488840103149,0.5098385214805603,0.027903391048312187
Body,Body_random_full_01_zero,34567,891,-0.16587717283595307,0.108862055921063,0.6926159858703613,0.4537533223628998,0.018470674753189087
Body,Body_random_full_01_zero,34567,919,-0.004587409552733695,0.155300863385581,0.7514535784721375,0.497181236743927,-0.024817772209644318
Body,Body_random_full_01_zero,34567,931,0.20338557033772006,0.2641380903065562,0.639102041721344,0.8236554265022278,0.7295122146606445
Body,Body_random_full_01_zero,34567,933,-0.18490714147718146,0.1869193590710657,0.6978943347930908,0.3458123803138733,0.09132266044616699
Body,Body_random_full_01_zero,34567,941,-0.2753422377033334,0.24480122641572502,0.6711077690124512,0.4634960889816284,0.1061796322464943
Body,Body_random_full_01_zero,34567,960,0.21334158080479407,0.32061170329006106,0.6715555191040039,0.6169654130935669,-0.005312483757734299
Body,Body_random_full_01_zero,34567,968,0.2735685514823228,0.13044035909989385,0.6713221669197083,0.5621181130409241,0.10215597599744797
Body,Body_random_full_01_zero,34567,989,-0.07918265650657352,0.4119741741029431,0.7593702077865601,0.5453105568885803,0.3377346992492676
Body,Body_random_full_02_zero,34567,21,0.03800218422732321,0.2674959364367104,0.6966832876205444,0.40756529569625854,0.13958223164081573
Body,Body_random_full_02_zero,34567,38,0.05387255008323091,0.26317923396806747,0.6703652143478394,0.726001501083374,0.42222654819488525
Body,Body_random_full_02_zero,34567,40,0.3906544609824235,0.6999384568677262,0.5407876372337341,0.7795354723930359,0.3502456247806549
Body,Body_random_full_02_zero,34567,59,0.17226012014008527,0.30404026081274466,0.6230989098548889,0.6653788685798645,0.5592838525772095
Body,Body_random_full_02_zero,34567,88,0.2004695491013094,0.2690352187067015,0.6803960204124451,0.3882262110710144,0.029155312106013298
Body,Body_random_full_02_zero,34567,116,-0.032581542862104275,0.23275831378566558,0.7816016674041748,0.3645685613155365,0.10224102437496185
Body,Body_random_full_02_zero,34567,133,-0.04613277376341503,0.5473444287448207,0.6948462128639221,0.4542884826660156,0.08854708075523376
Body,Body_random_full_02_zero,34567,161,-0.13329489008857598,0.4694536323376743,0.5931735038757324,0.581628143787384,0.6149411797523499
Body,Body_random_full_02_zero,34567,170,0.014355096852856311,0.28905359609492026,0.6153855919837952,0.5784207582473755,0.06580827385187149
Body,Body_random_full_02_zero,34567,179,0.26790441864131165,0.2856240523790236,0.6630050539970398,0.6732714176177979,0.26942023634910583
Body,Body_random_full_02_zero,34567,220,0.05310203624756349,0.40288276818828334,0.7380513548851013,0.4216304421424866,0.1640029102563858
Body,Body_random_full_02_zero,34567,233,0.06697755643850192,0.20597366128633726,0.6448398232460022,0.5165380835533142,0.16247937083244324
Body,Body_random_full_02_zero,34567,257,0.09336244872463818,0.3110023132773139,0.6979451179504395,0.5208600759506226,0.09969543665647507
Body,Body_random_full_02_zero,34567,290,0.027549159015233214,0.3139981175539773,0.7779645919799805,0.3848254680633545,0.24073900282382965
Body,Body_random_full_02_zero,34567,331,0.18863267175601936,0.24727479144574344,0.7600200772285461,0.5833345651626587,0.04105902090668678
Body,Body_random_full_02_zero,34567,339,0.08620511724468297,0.2865773401580658,0.6636454463005066,0.6453106999397278,0.25117069482803345
Body,Body_random_full_02_zero,34567,355,0.07270979030796121,0.5720313485777907,0.8067153692245483,0.6279899477958679,0.6034014225006104
Body,Body_random_full_02_zero,34567,366,0.16574474617472382,0.3306593618331439,0.7450718879699707,0.6213570833206177,0.1406019926071167
Body,Body_random_full_02_zero,34567,474,0.19515586982168542,0.22663786146065215,0.6262187361717224,0.4606363773345947,0.14058317244052887
Body,Body_random_full_02_zero,34567,492,-0.1641775375288074,0.4609136631289654,0.7444634437561035,0.696824312210083,0.30140990018844604
Body,Body_random_full_02_zero,34567,527,-0.0730999826442323,0.24174274438910784,0.7787708044052124,0.5012328624725342,0.21214385330677032
Body,Body_random_full_02_zero,34567,530,0.1888762967353188,0.5036819905194512,0.5562121868133545,0.7906770706176758,0.5354092717170715
Body,Body_random_full_02_zero,34567,542,0.03999255344005051,0.34379448519418476,0.7218642830848694,0.5728541612625122,0.06586222350597382
Body,Body_random_full_02_zero,34567,574,-0.03229799774012605,0.534959285175904,0.647674560546875,0.4023294746875763,0.17028690874576569
Body,Body_random_full_02_zero,34567,597,0.06288643405033546,0.3056408460531511,0.7867834568023682,0.5750882029533386,0.12888072431087494
Body,Body_random_full_02_zero,34567,619,0.0249265466758885,0.15227294554617987,0.7346804141998291,0.5956489443778992,0.0382225438952446
Body,Body_random_full_02_zero,34567,656,-0.02745555957540456,0.20730357574743016,0.6834061145782471,0.5742560029029846,0.13690780103206635
Body,Body_random_full_02_zero,34567,661,0.010199168069799687,0.23753543277439185,0.6412177681922913,0.5673081278800964,0.4331851005554199
Body,Body_random_full_02_zero,34567,664,0.05820584970393304,0.4083809328714294,0.6975087523460388,0.7960290908813477,0.5875898003578186
Body,Body_random_full_02_zero,34567,698,-0.23956930135147314,0.2216250512072431,0.7070520520210266,0.48028165102005005,0.05569840595126152
Body,Body_random_full_02_zero,34567,700,-0.04278298284155678,0.35951401874853406,0.727594792842865,0.4105108678340912,0.34519970417022705
Body,Body_random_full_02_zero,34567,716,-0.003674568702034119,0.2655563193484285,0.6835805773735046,0.5637124180793762,0.0747665986418724
Body,Body_random_full_02_zero,34567,765,-0.18539462019086644,0.3325847547125947,0.687592625617981,0.6382561922073364,0.2245526909828186
Body,Body_random_full_02_zero,34567,771,-0.06976859808261628,0.37365140518974893,0.7141391634941101,0.6286323070526123,0.2928490936756134
Body,Body_random_full_02_zero,34567,786,-0.08766118429592917,0.05749990456898365,0.7725552916526794,0.6773068308830261,0.5498257279396057
Body,Body_random_full_02_zero,34567,806,-0.0019084506999966857,0.2553129271637794,0.6501536965370178,0.4849185645580292,0.08539814502000809
Body,Body_random_full_02_zero,34567,813,0.1401876101118963,0.25681148779055296,0.6985613107681274,0.5721462368965149,0.09652233868837357
Body,Body_random_full_02_zero,34567,816,0.03973626671487395,0.2605435866734649,0.68726646900177,0.6617544889450073,0.27552515268325806
Body,Body_random_full_02_zero,34567,822,0.2597594427568322,0.3660023754053234,0.6960280537605286,0.5054017305374146,0.3437977135181427
Body,Body_random_full_02_zero,34567,826,0.48763158604624673,0.41788703479809286,0.7577680945396423,0.434360533952713,0.09610248357057571
Body,Body_random_full_02_zero,34567,847,0.3877933515080526,0.4101717543703065,0.6592236757278442,0.453514963388443,0.011339887976646423
Body,Body_random_full_02_zero,34567,876,0.17544943079117112,0.12841896231201155,0.738371729850769,0.3385075330734253,-0.028673864901065826
Body,Body_random_full_02_zero,34567,891,-0.03020627694913296,0.18259649645731796,0.7065919041633606,0.47772616147994995,-0.029863033443689346
Body,Body_random_full_02_zero,34567,919,0.018601273336095472,0.18290030487522344,0.7548048496246338,0.48107340931892395,0.04979317635297775
Body,Body_random_full_02_zero,34567,931,0.2603618326428543,0.277423355261309,0.6637759208679199,0.7647590041160583,0.7404648065567017
Body,Body_random_full_02_zero,34567,933,-0.18906585946061202,0.1864378557276777,0.7287254929542542,0.32555603981018066,0.09075300395488739
Body,Body_random_full_02_zero,34567,941,-0.2688678198662491,0.259214982068981,0.6731101274490356,0.4682890772819519,0.06616860628128052
Body,Body_random_full_02_zero,34567,960,0.1810820178599417,0.3119487507148154,0.6687684655189514,0.6385488510131836,0.029702207073569298
Body,Body_random_full_02_zero,34567,968,0.3062334114357195,0.15406304215249556,0.6881409883499146,0.4801952540874481,0.09234131127595901
Body,Body_random_full_02_zero,34567,989,-0.0838418512971692,0.40107807248635446,0.8336839079856873,0.5283775925636292,0.12585893273353577
Body,Body_random_full_03_zero,34567,21,0.06920851878013566,0.2824587518423096,0.6965084075927734,0.39434564113616943,0.11778353154659271
Body,Body_random_full_03_zero,34567,38,0.10905721778751454,0.2690013865282292,0.6915791034698486,0.6931063532829285,0.3928481936454773
Body,Body_random_full_03_zero,34567,40,0.2614018183880317,0.6795393098673677,0.5715446472167969,0.7997615933418274,0.39679840207099915
Body,Body_random_full_03_zero,34567,59,0.12385954381426717,0.29484230376519094,0.6396842002868652,0.8138272762298584,0.6783217191696167
Body,Body_random_full_03_zero,34567,88,0.44527872449538913,0.3384684707202382,0.6935805678367615,0.4238104820251465,0.00738879106938839
Body,Body_random_full_03_zero,34567,116,-0.0328430042628836,0.22778737633874097,0.7594109773635864,0.2501058876514435,0.06295982748270035
Body,Body_random_full_03_zero,34567,133,-0.0078006636931449505,0.5333989338607281,0.7039408087730408,0.4463765025138855,0.23439542949199677
Body,Body_random_full_03_zero,34567,161,-0.3857679675707718,0.3288852651181826,0.6448782086372375,0.6786190867424011,0.5500041842460632
Body,Body_random_full_03_zero,34567,170,0.00044944028621890633,0.2879615327123802,0.6282410025596619,0.5176112651824951,0.055056508630514145
Body,Body_random_full_03_zero,34567,179,-0.08800512028240035,0.23121405629837435,0.6638013124465942,0.6626448631286621,0.2044130563735962
Body,Body_random_full_03_zero,34567,220,0.044395669811294426,0.3683428093514309,0.7057505249977112,0.42324090003967285,0.06751260161399841
Body,Body_random_full_03_zero,34567,233,-0.03918252391772908,0.19555014295141948,0.6916840076446533,0.45526283979415894,0.21051257848739624
Body,Body_random_full_03_zero,34567,257,0.024151264535353295,0.2912328463624073,0.6519873738288879,0.4661414325237274,0.04418272525072098
Body,Body_random_full_03_zero,34567,290,-0.02553146253779939,0.3013026401031692,0.8336374163627625,0.5232698917388916,-0.04127642512321472
Body,Body_random_full_03_zero,34567,331,0.1546694287665474,0.25455507816323647,0.7703191041946411,0.5453792810440063,0.0440000556409359
Body,Body_random_full_03_zero,34567,339,0.11046243183799992,0.3046633606384073,0.6607313752174377,0.6342048048973083,0.40531229972839355
Body,Body_random_full_03_zero,34567,355,-0.15591226046750578,0.5834473735062049,0.6858052015304565,0.6337946057319641,0.6361721754074097
Body,Body_random_full_03_zero,34567,366,0.20927469161266013,0.3191916947341365,0.767692506313324,0.5598918199539185,0.1629151701927185
Body,Body_random_full_03_zero,34567,474,0.17651858221989622,0.2170764771628853,0.6354678869247437,0.4597387909889221,0.32514557242393494
Body,Body_random_full_03_zero,34567,492,-0.24897987296004231,0.459650993067698,0.7628486156463623,0.725083589553833,0.3197794556617737
Body,Body_random_full_03_zero,34567,527,-0.16446627230255076,0.18943171942788248,0.7568633556365967,0.6248311400413513,0.2458415925502777
Body,Body_random_full_03_zero,34567,530,0.07931517563166292,0.47653233188070926,0.5778042674064636,0.8017122745513916,0.5587958097457886
Body,Body_random_full_03_zero,34567,542,0.03447524390256993,0.3434539703826258,0.7085731029510498,0.5158017873764038,0.3182024359703064
Body,Body_random_full_03_zero,34567,574,-0.013733219860720576,0.5408676330182145,0.5788370370864868,0.579340934753418,0.607003390789032
Body,Body_random_full_03_zero,34567,597,0.06362967250167693,0.3046747229227932,0.7422900795936584,0.48651576042175293,0.0840744823217392
Body,Body_random_full_03_zero,34567,619,0.047836440363090024,0.15376087070884764,0.7305620908737183,0.5069980621337891,-0.009574400261044502
Body,Body_random_full_03_zero,34567,656,-0.01340598470650609,0.17927138765379388,0.6622992753982544,0.6044118404388428,0.12476477771997452
Body,Body_random_full_03_zero,34567,661,0.06514101642506785,0.2533680027694606,0.6595444679260254,0.6794763803482056,0.47014009952545166
Body,Body_random_full_03_zero,34567,664,-0.0031144333243562764,0.4145984838533099,0.7115110754966736,0.8203814625740051,0.7106019854545593
Body,Body_random_full_03_zero,34567,698,-0.23190888522377312,0.21743661459787644,0.7120779752731323,0.518599271774292,0.10750985890626907
Body,Body_random_full_03_zero,34567,700,-0.07336805765224154,0.30000395855929946,0.7677201628684998,0.3747677505016327,0.3249632716178894
Body,Body_random_full_03_zero,34567,716,-0.008577230090465099,0.2669435144083937,0.6623193025588989,0.6227428913116455,0.040893081575632095
Body,Body_random_full_03_zero,34567,765,-0.1653099605767263,0.3644849836061108,0.7232512831687927,0.6838124394416809,0.16964389383792877
Body,Body_random_full_03_zero,34567,771,-0.05991204407527707,0.3766698127631203,0.7246185541152954,0.6707936525344849,0.2446075826883316
Body,Body_random_full_03_zero,34567,786,-0.06839201907116879,0.05975876624115495,0.7421815395355225,0.6880546808242798,0.5246956944465637
Body,Body_random_full_03_zero,34567,806,-0.0017685219283365432,0.2559226885120885,0.6374412775039673,0.40524932742118835,0.06262487173080444
Body,Body_random_full_03_zero,34567,813,-0.09621069545491642,0.20026614020770123,0.707653284072876,0.6146508455276489,0.16531623899936676
Body,Body_random_full_03_zero,34567,816,0.051215911338925106,0.26323472291820643,0.6714285612106323,0.7052990198135376,0.2905081510543823
Body,Body_random_full_03_zero,34567,822,0.32527408689465553,0.35855477180162487,0.6328414678573608,0.47598329186439514,0.138076514005661
Body,Body_random_full_03_zero,34567,826,-0.07857589318413097,0.16756544001814697,0.744456946849823,0.390891432762146,0.00367613323032856
Body,Body_random_full_03_zero,34567,847,0.3330175941670605,0.4219577795906582,0.672524631023407,0.47925522923469543,-0.024843651801347733
Body,Body_random_full_03_zero,34567,876,0.08889495351436895,0.12492416973704171,0.7447930574417114,0.5289705395698547,0.020527567714452744
Body,Body_random_full_03_zero,34567,891,-0.0006030374250133112,0.150265253365235,0.68686443567276,0.514214038848877,0.07775222510099411
Body,Body_random_full_03_zero,34567,919,-0.0015152183326448162,0.16762310578044098,0.7472674250602722,0.5243380665779114,0.039718128740787506
Body,Body_random_full_03_zero,34567,931,0.21014376943113836,0.2578040657082089,0.647896409034729,0.8318154811859131,0.6819213032722473
Body,Body_random_full_03_zero,34567,933,-0.23575674075688557,0.22910774615153956,0.616243302822113,0.41474586725234985,0.041549332439899445
Body,Body_random_full_03_zero,34567,941,-0.2754551985507787,0.2276425115284631,0.6854402422904968,0.5523074269294739,0.24123787879943848
Body,Body_random_full_03_zero,34567,960,0.13592817943161364,0.40091197309951376,0.6209611296653748,0.5992612838745117,0.10920848697423935
Body,Body_random_full_03_zero,34567,968,0.2689396814690397,0.14050075473260962,0.6970057487487793,0.5667968988418579,0.10318310558795929
Body,Body_random_full_03_zero,34567,989,-0.06612413818270023,0.353214025681626,0.8118191361427307,0.7283336520195007,0.3241102397441864
Body,Body_random_full_04_zero,34567,21,0.04824495275605819,0.2772362030206083,0.7020683288574219,0.3885129988193512,0.11182958632707596
Body,Body_random_full_04_zero,34567,38,0.08702770249370521,0.274830421565488,0.6898747682571411,0.6925097107887268,0.400727242231369
Body,Body_random_full_04_zero,34567,40,0.37253118552820813,0.7124908889560129,0.5277066826820374,0.8267422914505005,0.5467959046363831
Body,Body_random_full_04_zero,34567,59,0.15040814559022528,0.2711987511973161,0.6296210289001465,0.7563244104385376,0.4599413275718689
Body,Body_random_full_04_zero,34567,88,0.13869375710337942,0.2615050269608293,0.6809182167053223,0.3971470296382904,0.03321173042058945
Body,Body_random_full_04_zero,34567,116,-0.039317553895501345,0.2280669928675639,0.7720717787742615,0.20675455033779144,0.015384373255074024
Body,Body_random_full_04_zero,34567,133,-0.06415475359403969,0.5366389640201498,0.7034271359443665,0.45037421584129333,0.10633072257041931
Body,Body_random_full_04_zero,34567,161,-0.14705449357873226,0.47562810801754835,0.6041151285171509,0.6226397156715393,0.3955845534801483
Body,Body_random_full_04_zero,34567,170,0.014408287514372394,0.28436669218029015,0.646884024143219,0.5835710167884827,0.09117087721824646
Body,Body_random_full_04_zero,34567,179,-0.05386351735066994,0.23697406684805325,0.7168184518814087,0.5970780849456787,0.2306032031774521
Body,Body_random_full_04_zero,34567,220,0.06411836483275372,0.39661549414324915,0.7438716888427734,0.4134442210197449,0.10306689888238907
Body,Body_random_full_04_zero,34567,233,0.051007558424234545,0.211470169887055,0.6676608920097351,0.44185733795166016,0.13169929385185242
Body,Body_random_full_04_zero,34567,257,0.13298292424487065,0.2827414700395016,0.6711452007293701,0.4228874444961548,0.0426013357937336
Body,Body_random_full_04_zero,34567,290,0.14738865512890656,0.17192240559788552,0.7764107584953308,0.7598425149917603,0.8139948844909668
Body,Body_random_full_04_zero,34567,331,0.14321296005164394,0.23469508483608056,0.7669049501419067,0.5350089073181152,0.0043203579261898994
Body,Body_random_full_04_zero,34567,339,0.08718520405922518,0.2658546381667621,0.6473048329353333,0.658454179763794,0.34168604016304016
Body,Body_random_full_04_zero,34567,355,0.03896184893502996,0.5458995208650784,0.8108277320861816,0.6779133081436157,0.6758607625961304
Body,Body_random_full_04_zero,34567,366,0.24861169023928453,0.3374350907310419,0.7663661241531372,0.6558024883270264,0.12847940623760223
Body,Body_random_full_04_zero,34567,474,0.1854439730356091,0.2223492607574173,0.6343104839324951,0.38086360692977905,0.06360675394535065
Body,Body_random_full_04_zero,34567,492,-0.07142419538464664,0.4536070301489662,0.7172119617462158,0.6980512142181396,0.40575239062309265
Body,Body_random_full_04_zero,34567,527,-0.07615967016425476,0.2047485716341809,0.7834575176239014,0.5692773461341858,0.12733404338359833
Body,Body_random_full_04_zero,34567,530,0.15233053068990585,0.48837510242796767,0.581618070602417,0.6744667887687683,0.4185905456542969
Body,Body_random_full_04_zero,34567,542,0.03508866632080428,0.34491268243026046,0.7289406061172485,0.5741788148880005,0.15232443809509277
Body,Body_random_full_04_zero,34567,574,0.010424086233631467,0.5465164206633076,0.6079598069190979,0.5285943746566772,0.10821216553449631
Body,Body_random_full_04_zero,34567,597,0.061908088602056766,0.2896651656224864,0.7896363735198975,0.4816579222679138,0.11188821494579315
Body,Body_random_full_04_zero,34567,619,-0.009458622203431978,0.17333640838761535,0.7312753796577454,0.45731955766677856,0.03662046045064926
Body,Body_random_full_04_zero,34567,656,-0.017830311718967,0.18967618096368621,0.6724623441696167,0.5200622081756592,0.08304719626903534
Body,Body_random_full_04_zero,34567,661,-0.010908089434861946,0.22286220972107137,0.6530560255050659,0.6362139582633972,0.45086580514907837
Body,Body_random_full_04_zero,34567,664,0.038545525857651225,0.3980031741858899,0.7201011776924133,0.6909288167953491,0.18611565232276917
Body,Body_random_full_04_zero,34567,698,-0.23419094313012534,0.22387966893451988,0.7119317650794983,0.5236297249794006,0.026241417974233627
Body,Body_random_full_04_zero,34567,700,-0.10395065588795313,0.3634245460223299,0.7262848019599915,0.375196635723114,0.3630049526691437
Body,Body_random_full_04_zero,34567,716,-0.011119897257211901,0.24804288037016747,0.669571042060852,0.45022162795066833,0.03831453248858452
Body,Body_random_full_04_zero,34567,765,-0.10817070773030042,0.3388521283371783,0.7095597386360168,0.6656435132026672,0.2644617259502411
Body,Body_random_full_04_zero,34567,771,-0.09477327030742277,0.3858759649941347,0.72612065076828,0.7000146508216858,0.31096702814102173
Body,Body_random_full_04_zero,34567,786,-0.08812123444918704,0.06363792026212198,0.7558133006095886,0.6788873076438904,0.5042421817779541
Body,Body_random_full_04_zero,34567,806,-7.879251558257784e-06,0.28646619868749307,0.6638385057449341,0.46220725774765015,0.12901613116264343
Body,Body_random_full_04_zero,34567,813,0.03972953305016268,0.23841476073335532,0.6890026330947876,0.4891905188560486,0.14347031712532043
Body,Body_random_full_04_zero,34567,816,0.057761155991247086,0.2514925637558463,0.6295382976531982,0.565920889377594,0.19640716910362244
Body,Body_random_full_04_zero,34567,822,0.29251646461546604,0.3691424690199746,0.6756943464279175,0.5018734335899353,0.14525985717773438
Body,Body_random_full_04_zero,34567,826,0.5698095747076837,0.4184774160129577,0.7554904818534851,0.425018310546875,0.02044813334941864
Body,Body_random_full_04_zero,34567,847,0.33452677165975103,0.41239460864952737,0.6805872917175293,0.5559219717979431,0.05153739079833031
Body,Body_random_full_04_zero,34567,876,0.17332115087730024,0.12864158511728105,0.7385965585708618,0.34863460063934326,-0.0025188010185956955
Body,Body_random_full_04_zero,34567,891,-0.022181323882841886,0.15599270672647325,0.6835325360298157,0.47459834814071655,0.007901066914200783
Body,Body_random_full_04_zero,34567,919,0.04012279629083959,0.1885446928788801,0.7456580996513367,0.5049085021018982,0.06758160144090652
Body,Body_random_full_04_zero,34567,931,0.1838240135299119,0.23842824480665326,0.7312475442886353,0.7738656401634216,0.6982408761978149
Body,Body_random_full_04_zero,34567,933,-0.21698234221336102,0.2793342306955351,0.6120674014091492,0.4821327030658722,0.02408931404352188
Body,Body_random_full_04_zero,34567,941,-0.2754944677947817,0.2750065930782609,0.6918417811393738,0.5524358153343201,0.044837720692157745
Body,Body_random_full_04_zero,34567,960,0.1351588265095601,0.3736876232860578,0.6390643119812012,0.6800478100776672,0.15818648040294647
Body,Body_random_full_04_zero,34567,968,0.30901506002814394,0.1535995671391387,0.6933006048202515,0.5176514983177185,0.12261047214269638
Body,Body_random_full_04_zero,34567,989,-0.05473923486009169,0.4274792420688213,0.7482600212097168,0.6688852310180664,0.31690114736557007
Body,Body_random_full_05_zero,34567,21,0.022078743912933393,0.2783030750390156,0.6924675107002258,0.4166005253791809,0.16580304503440857
Body,Body_random_full_05_zero,34567,38,0.057614626851074546,0.2618614538803813,0.6590180397033691,0.7680366039276123,0.491533488035202
Body,Body_random_full_05_zero,34567,40,0.40578566018842904,0.7015888831859358,0.5482813715934753,0.7735489010810852,0.581258237361908
Body,Body_random_full_05_zero,34567,59,0.11886124374014882,0.26840042843004047,0.6223163604736328,0.7366979122161865,0.5319796204566956
Body,Body_random_full_05_zero,34567,88,0.17579036057633907,0.2721886248534431,0.6754966974258423,0.3319225013256073,0.030267145484685898
Body,Body_random_full_05_zero,34567,116,-0.032021266901099965,0.24819017017241546,0.755979061126709,0.2010178565979004,-0.014156045392155647
Body,Body_random_full_05_zero,34567,133,-0.08198905553293856,0.5501755772077769,0.7059156894683838,0.46681898832321167,0.10918004810810089
Body,Body_random_full_05_zero,34567,161,-0.13249807747065057,0.5014054375084422,0.5889304876327515,0.652006983757019,0.7206676602363586
Body,Body_random_full_05_zero,34567,170,0.015600618276954572,0.2937027260430437,0.6321268677711487,0.5292090773582458,0.021849865093827248
Body,Body_random_full_05_zero,34567,179,0.2594478375121072,0.28637304777416106,0.6520913243293762,0.6078989505767822,0.27845412492752075
Body,Body_random_full_05_zero,34567,220,-0.06269191062882025,0.35430241935434253,0.6600146293640137,0.49843260645866394,0.2948378622531891
Body,Body_random_full_05_zero,34567,233,0.042211677474644466,0.22363434372356714,0.6874839663505554,0.45404666662216187,0.10171365737915039
Body,Body_random_full_05_zero,34567,257,0.0418510847963411,0.2886780459732494,0.674938440322876,0.4338657557964325,0.11464262753725052
Body,Body_random_full_05_zero,34567,290,0.3110073876964587,0.1539268961440259,0.7651066780090332,0.7489301562309265,0.769104540348053
Body,Body_random_full_05_zero,34567,331,0.27819926308104287,0.25073343532014475,0.7418885231018066,0.6375473737716675,0.02657320350408554
Body,Body_random_full_05_zero,34567,339,0.11880697893547036,0.29407893018670606,0.6678522825241089,0.6176071166992188,0.2616063356399536
Body,Body_random_full_05_zero,34567,355,-0.05428153018068292,0.584792446758718,0.7412684559822083,0.6708272695541382,0.647037148475647
Body,Body_random_full_05_zero,34567,366,0.21162153879565943,0.2845863115390814,0.7447643876075745,0.5343961119651794,0.1654556393623352
Body,Body_random_full_05_zero,34567,474,0.18440469753413166,0.22077483522455302,0.639434278011322,0.4394576847553253,0.15352962911128998
Body,Body_random_full_05_zero,34567,492,-0.09800238079473153,0.4507775705453842,0.7364196181297302,0.692129373550415,0.35170066356658936
Body,Body_random_full_05_zero,34567,527,-0.11836339869725333,0.25653024201071817,0.7650893926620483,0.6093791723251343,0.23746581375598907
Body,Body_random_full_05_zero,34567,530,0.1230308350667594,0.4940380954163261,0.5843918323516846,0.6766306757926941,0.35152339935302734
Body,Body_random_full_05_zero,34567,542,0.034674785020722965,0.34801898417300947,0.7175254225730896,0.5956444144248962,0.19017572700977325
Body,Body_random_full_05_zero,34567,574,-0.003821590418893402,0.5372747279647625,0.6022282838821411,0.5438660979270935,0.3662029504776001
Body,Body_random_full_05_zero,34567,597,0.016019564836375164,0.2808433623707627,0.7487471103668213,0.5203021764755249,0.12626780569553375
Body,Body_random_full_05_zero,34567,619,-0.008695491342339852,0.18629260086568508,0.7472026944160461,0.4782300591468811,0.03472202271223068
Body,Body_random_full_05_zero,34567,656,-0.021974314031425274,0.19725843424193257,0.6684831380844116,0.5551610589027405,0.15778005123138428
Body,Body_random_full_05_zero,34567,661,0.05437254500149969,0.24440311784342958,0.6512349843978882,0.6728600859642029,0.4476631283760071
Body,Body_random_full_05_zero,34567,664,0.039065954098890174,0.4125388169732012,0.7106567621231079,0.7935454845428467,0.6191226243972778
Body,Body_random_full_05_zero,34567,698,-0.24596786920352262,0.22995378842149564,0.7044951915740967,0.5435720682144165,0.02373366802930832
Body,Body_random_full_05_zero,34567,700,0.019090364114856755,0.34952270515065686,0.7184202671051025,0.39010003209114075,0.3559378683567047
Body,Body_random_full_05_zero,34567,716,0.03406424090201447,0.2662964798465765,0.7033376693725586,0.5628657341003418,0.06181684881448746
Body,Body_random_full_05_zero,34567,765,-0.09861619191312611,0.37575517753268517,0.7181916236877441,0.6051607131958008,0.1299346685409546
Body,Body_random_full_05_zero,34567,771,-0.0747805779406971,0.3676307347250401,0.7136384844779968,0.61983722448349,0.28234586119651794
Body,Body_random_full_05_zero,34567,786,-0.09485423074388762,0.05999696743419818,0.7345262169837952,0.7836501002311707,0.6415542960166931
Body,Body_random_full_05_zero,34567,806,0.01384463608843528,0.30262496065112643,0.679489254951477,0.5120120048522949,0.15507306158542633
Body,Body_random_full_05_zero,34567,813,0.09550786611432242,0.2388160623407518,0.6793116331100464,0.577328085899353,0.1199905201792717
Body,Body_random_full_05_zero,34567,816,0.036246082903171786,0.2737004068654374,0.6540496945381165,0.6619619727134705,0.16446049511432648
Body,Body_random_full_05_zero,34567,822,0.30672259286173986,0.3485291559891835,0.5936596393585205,0.6764312386512756,0.2636439800262451
Body,Body_random_full_05_zero,34567,826,0.4039677476251997,0.411462167440583,0.7202543616294861,0.35832706093788147,0.06482931226491928
Body,Body_random_full_05_zero,34567,847,0.35477173609533313,0.3889801231193181,0.6567819714546204,0.43944060802459717,0.05260489135980606
Body,Body_random_full_05_zero,34567,876,0.08113810045784965,0.12706125847981262,0.7382423281669617,0.5761565566062927,0.11750403046607971
Body,Body_random_full_05_zero,34567,891,-0.017809003133980168,0.16527166161142998,0.6877875924110413,0.4881398677825928,0.009053043089807034
Body,Body_random_full_05_zero,34567,919,-0.020538887386511544,0.1682388794397565,0.7439974546432495,0.5017046332359314,0.05271819606423378
Body,Body_random_full_05_zero,34567,931,0.17841707465902823,0.24006367966615313,0.7272236943244934,0.7956573963165283,0.718433141708374
Body,Body_random_full_05_zero,34567,933,-0.21595702252258414,0.28224829341035707,0.616429328918457,0.44518786668777466,0.08058041334152222
Body,Body_random_full_05_zero,34567,941,-0.29152883686361236,0.25556629613967446,0.6750290393829346,0.49794694781303406,0.14017841219902039
Body,Body_random_full_05_zero,34567,960,0.12271210906117758,0.37408991107414424,0.6435056328773499,0.6044673919677734,0.05125950276851654
Body,Body_random_full_05_zero,34567,968,0.27911985618792307,0.1411262488105228,0.6839486956596375,0.49201855063438416,0.1311514675617218
Body,Body_random_full_05_zero,34567,989,-0.10275490328504482,0.4088954810195389,0.7765306234359741,0.695252001285553,0.4565187990665436
Body,Scene_unrelated_equal4_zero,34567,21,-0.0059137082300991985,0.2589204821277193,0.7046003937721252,0.5142499208450317,0.1739339977502823
Body,Scene_unrelated_equal4_zero,34567,38,0.0684771219101503,0.27107318584562273,0.6726408004760742,0.6953125,0.4079640507698059
Body,Scene_unrelated_equal4_zero,34567,40,0.4225295317806301,0.7114887429304866,0.5396773815155029,0.7981191873550415,0.4414103627204895
Body,Scene_unrelated_equal4_zero,34567,59,0.12274474624192763,0.2813110800806081,0.6192816495895386,0.7416529655456543,0.3709756135940552
Body,Scene_unrelated_equal4_zero,34567,88,0.12759109445556438,0.2716935112259844,0.6825659275054932,0.36759787797927856,0.023070313036441803
Body,Scene_unrelated_equal4_zero,34567,116,-0.05720409467733233,0.23585861628627075,0.7656884789466858,0.35713210701942444,0.3473357558250427
Body,Scene_unrelated_equal4_zero,34567,133,-0.0882155596461943,0.5184914236920769,0.7035045623779297,0.4503795802593231,0.10852794349193573
Body,Scene_unrelated_equal4_zero,34567,161,-0.17327390797294032,0.4726881988678375,0.6059927940368652,0.6281768083572388,0.7492283582687378
Body,Scene_unrelated_equal4_zero,34567,170,-0.0009077929868776309,0.30635550935542916,0.65207839012146,0.6482071876525879,0.14889705181121826
Body,Scene_unrelated_equal4_zero,34567,179,0.2754426070602446,0.29220725583492807,0.6635222434997559,0.694960355758667,0.22142532467842102
Body,Scene_unrelated_equal4_zero,34567,220,0.07164205849069097,0.40573989672468547,0.7446213960647583,0.40857136249542236,0.10183209180831909
Body,Scene_unrelated_equal4_zero,34567,233,0.011393645358226992,0.20482197968209653,0.6677597761154175,0.459489643573761,0.20680201053619385
Body,Scene_unrelated_equal4_zero,34567,257,0.06144423423306506,0.3046914650601952,0.6803826689720154,0.5272346138954163,0.13988849520683289
Body,Scene_unrelated_equal4_zero,34567,290,0.010937585991994785,0.33107930850337186,0.8198176026344299,0.5003402829170227,0.1350727528333664
Body,Scene_unrelated_equal4_zero,34567,331,0.2718009534547456,0.2700392864142697,0.7874264717102051,0.5412729978561401,-0.011825477704405785
Body,Scene_unrelated_equal4_zero,34567,339,0.08724311724205595,0.28716719866319534,0.6652382016181946,0.6401631832122803,0.30058228969573975
Body,Scene_unrelated_equal4_zero,34567,355,0.04716317090515474,0.5494044957477271,0.8091707229614258,0.7229732871055603,0.7762482166290283
Body,Scene_unrelated_equal4_zero,34567,366,0.1950122707118218,0.32943540686459677,0.7560583353042603,0.5912756323814392,0.1540597379207611
Body,Scene_unrelated_equal4_zero,34567,474,0.1907220743767812,0.22233509886375172,0.6581625938415527,0.512734591960907,0.19958750903606415
Body,Scene_unrelated_equal4_zero,34567,492,-0.12934599945363318,0.48051917530692734,0.75248783826828,0.6237910985946655,0.24603848159313202
Body,Scene_unrelated_equal4_zero,34567,527,-0.08947174554399642,0.22390354470982549,0.761521577835083,0.6707649827003479,0.3495396077632904
Body,Scene_unrelated_equal4_zero,34567,530,0.10719543376275348,0.4860246393774569,0.5824687480926514,0.6642560362815857,0.48277270793914795
Body,Scene_unrelated_equal4_zero,34567,542,0.04182524874060087,0.34721979795300484,0.7202454209327698,0.6081100702285767,0.13344000279903412
Body,Scene_unrelated_equal4_zero,34567,574,-0.009973923085347334,0.5944141599356867,0.6590304374694824,0.41046684980392456,0.14751200377941132
Body,Scene_unrelated_equal4_zero,34567,597,0.07817130751755996,0.3083173764344916,0.757070004940033,0.5128818154335022,0.08537128567695618
Body,Scene_unrelated_equal4_zero,34567,619,0.031744379730890185,0.1601120691580735,0.7241002321243286,0.5253936052322388,0.041490182280540466
Body,Scene_unrelated_equal4_zero,34567,656,-0.017298862444235476,0.19943562717530758,0.6641809344291687,0.6457439064979553,0.1761120855808258
Body,Scene_unrelated_equal4_zero,34567,661,0.018297814831630742,0.23935508178037443,0.6789941787719727,0.6281898021697998,0.4271871745586395
Body,Scene_unrelated_equal4_zero,34567,664,0.03929275127004546,0.40636557888428043,0.6929569244384766,0.7917311191558838,0.7350537180900574
Body,Scene_unrelated_equal4_zero,34567,698,-0.23581055438041607,0.22812754287457868,0.7282155752182007,0.5653901100158691,0.10537196695804596
Body,Scene_unrelated_equal4_zero,34567,700,-0.045455624949947385,0.33521456782372655,0.7200500965118408,0.3911566734313965,0.2788112759590149
Body,Scene_unrelated_equal4_zero,34567,716,0.0211565372822593,0.2688181978609452,0.6844387054443359,0.49640387296676636,0.06239035725593567
Body,Scene_unrelated_equal4_zero,34567,765,-0.13082035119016364,0.3773169589240814,0.7108445763587952,0.6736711263656616,0.19589385390281677
Body,Scene_unrelated_equal4_zero,34567,771,-0.06882632672214782,0.3756204685931386,0.7230088114738464,0.6747182607650757,0.31357622146606445
Body,Scene_unrelated_equal4_zero,34567,786,-0.08450895359480547,0.058910649966740246,0.7722150087356567,0.6834056377410889,0.5403518080711365
Body,Scene_unrelated_equal4_zero,34567,806,-0.008426679774363283,0.2360212979597726,0.6470704078674316,0.40343737602233887,0.05853160843253136
Body,Scene_unrelated_equal4_zero,34567,813,0.11421912582355478,0.24233711208595587,0.6814489364624023,0.5347551107406616,0.12472555786371231
Body,Scene_unrelated_equal4_zero,34567,816,0.06378563963182826,0.280629213592826,0.6637687087059021,0.6398945450782776,0.3463103175163269
Body,Scene_unrelated_equal4_zero,34567,822,0.23998529307029198,0.3705732159678328,0.7307935953140259,0.5940033793449402,0.2707931101322174
Body,Scene_unrelated_equal4_zero,34567,826,0.4080495874128607,0.41146171056912334,0.7348982095718384,0.41706278920173645,0.1965402215719223
Body,Scene_unrelated_equal4_zero,34567,847,0.3341514472937255,0.3977584459502961,0.7002882957458496,0.48209720849990845,0.058396779000759125
Body,Scene_unrelated_equal4_zero,34567,876,0.0682854667118142,0.12045487318177521,0.7424060702323914,0.5737196207046509,0.03976426646113396
Body,Scene_unrelated_equal4_zero,34567,891,0.019740677418498193,0.17652163081580954,0.6818137168884277,0.5096757411956787,0.03651748597621918
Body,Scene_unrelated_equal4_zero,34567,919,0.008455767588930645,0.16702412167641165,0.7571138739585876,0.528037428855896,0.050271354615688324
Body,Scene_unrelated_equal4_zero,34567,931,0.2225306533183883,0.2712707142611723,0.6502549648284912,0.8073645234107971,0.730433464050293
Body,Scene_unrelated_equal4_zero,34567,933,-0.1683873482318165,0.17235525624090112,0.7287470102310181,0.3172248601913452,0.1156059205532074
Body,Scene_unrelated_equal4_zero,34567,941,-0.2880578833266041,0.2665713793764597,0.6843019723892212,0.5088343620300293,0.09332479536533356
Body,Scene_unrelated_equal4_zero,34567,960,0.1286102824109344,0.3425792829435947,0.6635223031044006,0.6310660243034363,0.02479017898440361
Body,Scene_unrelated_equal4_zero,34567,968,0.29487862985387303,0.14365894900325604,0.6782855987548828,0.5169782638549805,0.15388888120651245
Body,Scene_unrelated_equal4_zero,34567,989,-0.08373748253617627,0.4281358731481406,0.7728292942047119,0.7274584174156189,0.43138933181762695
Body,no_mask,34567,21,0.008636470791784166,0.28272175196249216,0.6885226964950562,0.4651954770088196,0.11137035489082336
Body,no_mask,34567,38,0.0716304554364295,0.26802089215483216,0.6663544178009033,0.7371595501899719,0.41214537620544434
Body,no_mask,34567,40,0.4447875792837692,0.7206424861402513,0.5588082075119019,0.779302179813385,0.5798676609992981
Body,no_mask,34567,59,0.12709720848946537,0.28817954164234305,0.632141649723053,0.7579442262649536,0.5525961518287659
Body,no_mask,34567,88,0.1374166995728046,0.2674686553229919,0.6927903294563293,0.35072124004364014,0.04324008524417877
Body,no_mask,34567,116,-0.05780422119555832,0.23232788882904964,0.7662174105644226,0.2656778395175934,0.07156184315681458
Body,no_mask,34567,133,-0.09290879521793001,0.5516388991416095,0.6987707018852234,0.42851319909095764,0.3061456084251404
Body,no_mask,34567,161,-0.17657330871314314,0.47832181651701305,0.6059693098068237,0.6541584730148315,0.7428233623504639
Body,no_mask,34567,170,0.0033290249134751513,0.28020008510775246,0.623814046382904,0.5565778613090515,0.1346570998430252
Body,no_mask,34567,179,-0.044027561832481486,0.23857470840863979,0.6557168364524841,0.6605005264282227,0.1779313087463379
Body,no_mask,34567,220,0.048252726504016755,0.35882692068304034,0.7304255962371826,0.4438226819038391,0.1783670037984848
Body,no_mask,34567,233,-0.07154044501519222,0.19673527477321562,0.6882297992706299,0.4898604452610016,0.14721499383449554
Body,no_mask,34567,257,0.054877107455889466,0.2981267860964125,0.6869672536849976,0.5618809461593628,0.046619001775979996
Body,no_mask,34567,290,-0.26134129670544837,0.23217075334542617,0.8207594156265259,0.57294762134552,0.3804219663143158
Body,no_mask,34567,331,0.28148568540976987,0.25377284520253285,0.7494157552719116,0.6177509427070618,0.0627041906118393
Body,no_mask,34567,339,0.09702414274263743,0.2872247550941451,0.6745808720588684,0.6784194707870483,0.340122789144516
Body,no_mask,34567,355,-0.045089561017431105,0.5998714896446639,0.7266886234283447,0.6553033590316772,0.6720914840698242
Body,no_mask,34567,366,0.2032100565514793,0.3186932489936426,0.7602540254592896,0.5768211483955383,0.12861938774585724
Body,no_mask,34567,474,0.1733577548564764,0.21648508682762999,0.645641028881073,0.4342700242996216,0.2561911344528198
Body,no_mask,34567,492,-0.013346647126331665,0.4609245927571133,0.7152025103569031,0.6986270546913147,0.3636937439441681
Body,no_mask,34567,527,-0.08754790556447255,0.2309328791077983,0.7684210538864136,0.6550806164741516,0.3004888892173767
Body,no_mask,34567,530,0.12481573480792751,0.4817173697348612,0.5838487148284912,0.6064479351043701,0.48764604330062866
Body,no_mask,34567,542,0.049326905068052644,0.3496435216415029,0.7187045216560364,0.5958930850028992,0.15313437581062317
Body,no_mask,34567,574,-0.03368031390340948,0.49496265518757965,0.6375983357429504,0.37824350595474243,0.14970722794532776
Body,no_mask,34567,597,0.09104991318486054,0.3173336219985339,0.7618575096130371,0.5016185641288757,0.08013273030519485
Body,no_mask,34567,619,0.006158806975715323,0.18046510681737257,0.7226614356040955,0.5741344690322876,0.03630474954843521
Body,no_mask,34567,656,-0.02257351807327569,0.21121980944910404,0.6650726795196533,0.6297111511230469,0.15268273651599884
Body,no_mask,34567,661,0.018139539032718043,0.2505001592234954,0.6624292135238647,0.6730101108551025,0.43177330493927
Body,no_mask,34567,664,0.030471683600078996,0.4092218565848967,0.7015507817268372,0.8426032066345215,0.7178186178207397
Body,no_mask,34567,698,-0.21415299051152822,0.22377085809046504,0.6977958679199219,0.4804684519767761,0.11924055963754654
Body,no_mask,34567,700,0.022214804895629135,0.31854741865275304,0.7885891199111938,0.40042591094970703,0.2879636585712433
Body,no_mask,34567,716,0.027763296230928724,0.2627934904157878,0.6789810657501221,0.5654770135879517,0.07531125098466873
Body,no_mask,34567,765,-0.12854613751500196,0.380613297323773,0.7113591432571411,0.6164294481277466,0.1395072191953659
Body,no_mask,34567,771,-0.08553300633272007,0.36546285280781293,0.7184182405471802,0.5877867937088013,0.2739963233470917
Body,no_mask,34567,786,-0.07412146329794986,0.06227542377791415,0.7517979145050049,0.7315208315849304,0.5031687021255493
Body,no_mask,34567,806,0.008059879637888234,0.2981927779641201,0.6665326356887817,0.42275774478912354,0.13208633661270142
Body,no_mask,34567,813,0.10336319779957868,0.24171422205828877,0.6948314309120178,0.5290245413780212,0.116840660572052
Body,no_mask,34567,816,0.0329274436094238,0.28035274604351096,0.6830458641052246,0.6518860459327698,0.35312482714653015
Body,no_mask,34567,822,0.2600704157196027,0.3684578277760819,0.6884070038795471,0.5066918730735779,0.1731681376695633
Body,no_mask,34567,826,0.3914763125421374,0.41174417603304103,0.7238124012947083,0.4666738510131836,0.14578446745872498
Body,no_mask,34567,847,0.31594829834709676,0.4135872179295732,0.6766771078109741,0.4790083169937134,0.00761459581553936
Body,no_mask,34567,876,0.07074380088987248,0.12257139319764726,0.7499054670333862,0.5658455491065979,0.032858364284038544
Body,no_mask,34567,891,0.03600179762319646,0.17662918237060013,0.6763088703155518,0.543515682220459,0.02383938804268837
Body,no_mask,34567,919,0.005745556131362525,0.16761405738001756,0.7555243372917175,0.5295116305351257,0.04694119468331337
Body,no_mask,34567,931,0.2267603298377475,0.2689563580376975,0.6413977146148682,0.820906937122345,0.6912712454795837
Body,no_mask,34567,933,-0.22244932948675478,0.2932083338712697,0.6206744313240051,0.3860623240470886,0.03241261839866638
Body,no_mask,34567,941,-0.28252757504807385,0.2599372344236261,0.6811640858650208,0.4932904839515686,0.09064017236232758
Body,no_mask,34567,960,0.19014703586126136,0.339216402788233,0.643257200717926,0.5771356821060181,-0.0013863667845726013
Body,no_mask,34567,968,0.2995623782168831,0.14289248248366393,0.6753823757171631,0.5236632227897644,0.14423078298568726
Body,no_mask,34567,989,-0.05295915112893201,0.4435939992904277,0.761430025100708,0.7193899750709534,0.560489296913147
Body,no_mask_repeat,34567,21,0.008636470791784166,0.28272175196249216,0.6885226964950562,0.4651954770088196,0.11137035489082336
Body,no_mask_repeat,34567,38,0.0716304554364295,0.26802089215483216,0.6663544178009033,0.7371595501899719,0.41214537620544434
Body,no_mask_repeat,34567,40,0.4447875792837692,0.7206424861402513,0.5588082075119019,0.779302179813385,0.5798676609992981
Body,no_mask_repeat,34567,59,0.12709720848946537,0.28817954164234305,0.632141649723053,0.7579442262649536,0.5525961518287659
Body,no_mask_repeat,34567,88,0.1374166995728046,0.2674686553229919,0.6927903294563293,0.35072124004364014,0.04324008524417877
Body,no_mask_repeat,34567,116,-0.05780422119555832,0.23232788882904964,0.7662174105644226,0.2656778395175934,0.07156184315681458
Body,no_mask_repeat,34567,133,-0.09290879521793001,0.5516388991416095,0.6987707018852234,0.42851319909095764,0.3061456084251404
Body,no_mask_repeat,34567,161,-0.17657330871314314,0.47832181651701305,0.6059693098068237,0.6541584730148315,0.7428233623504639
Body,no_mask_repeat,34567,170,0.0033290249134751513,0.28020008510775246,0.623814046382904,0.5565778613090515,0.1346570998430252
Body,no_mask_repeat,34567,179,-0.044027561832481486,0.23857470840863979,0.6557168364524841,0.6605005264282227,0.1779313087463379
Body,no_mask_repeat,34567,220,0.048252726504016755,0.35882692068304034,0.7304255962371826,0.4438226819038391,0.1783670037984848
Body,no_mask_repeat,34567,233,-0.07154044501519222,0.19673527477321562,0.6882297992706299,0.4898604452610016,0.14721499383449554
Body,no_mask_repeat,34567,257,0.054877107455889466,0.2981267860964125,0.6869672536849976,0.5618809461593628,0.046619001775979996
Body,no_mask_repeat,34567,290,-0.26134129670544837,0.23217075334542617,0.8207594156265259,0.57294762134552,0.3804219663143158
Body,no_mask_repeat,34567,331,0.28148568540976987,0.25377284520253285,0.7494157552719116,0.6177509427070618,0.0627041906118393
Body,no_mask_repeat,34567,339,0.09702414274263743,0.2872247550941451,0.6745808720588684,0.6784194707870483,0.340122789144516
Body,no_mask_repeat,34567,355,-0.045089561017431105,0.5998714896446639,0.7266886234283447,0.6553033590316772,0.6720914840698242
Body,no_mask_repeat,34567,366,0.2032100565514793,0.3186932489936426,0.7602540254592896,0.5768211483955383,0.12861938774585724
Body,no_mask_repeat,34567,474,0.1733577548564764,0.21648508682762999,0.645641028881073,0.4342700242996216,0.2561911344528198
Body,no_mask_repeat,34567,492,-0.013346647126331665,0.4609245927571133,0.7152025103569031,0.6986270546913147,0.3636937439441681
Body,no_mask_repeat,34567,527,-0.08754790556447255,0.2309328791077983,0.7684210538864136,0.6550806164741516,0.3004888892173767
Body,no_mask_repeat,34567,530,0.12481573480792751,0.4817173697348612,0.5838487148284912,0.6064479351043701,0.48764604330062866
Body,no_mask_repeat,34567,542,0.049326905068052644,0.3496435216415029,0.7187045216560364,0.5958930850028992,0.15313437581062317
Body,no_mask_repeat,34567,574,-0.03368031390340948,0.49496265518757965,0.6375983357429504,0.37824350595474243,0.14970722794532776
Body,no_mask_repeat,34567,597,0.09104991318486054,0.3173336219985339,0.7618575096130371,0.5016185641288757,0.08013273030519485
Body,no_mask_repeat,34567,619,0.006158806975715323,0.18046510681737257,0.7226614356040955,0.5741344690322876,0.03630474954843521
Body,no_mask_repeat,34567,656,-0.02257351807327569,0.21121980944910404,0.6650726795196533,0.6297111511230469,0.15268273651599884
Body,no_mask_repeat,34567,661,0.018139539032718043,0.2505001592234954,0.6624292135238647,0.6730101108551025,0.43177330493927
Body,no_mask_repeat,34567,664,0.030471683600078996,0.4092218565848967,0.7015507817268372,0.8426032066345215,0.7178186178207397
Body,no_mask_repeat,34567,698,-0.21415299051152822,0.22377085809046504,0.6977958679199219,0.4804684519767761,0.11924055963754654
Body,no_mask_repeat,34567,700,0.022214804895629135,0.31854741865275304,0.7885891199111938,0.40042591094970703,0.2879636585712433
Body,no_mask_repeat,34567,716,0.027763296230928724,0.2627934904157878,0.6789810657501221,0.5654770135879517,0.07531125098466873
Body,no_mask_repeat,34567,765,-0.12854613751500196,0.380613297323773,0.7113591432571411,0.6164294481277466,0.1395072191953659
Body,no_mask_repeat,34567,771,-0.08553300633272007,0.36546285280781293,0.7184182405471802,0.5877867937088013,0.2739963233470917
Body,no_mask_repeat,34567,786,-0.07412146329794986,0.06227542377791415,0.7517979145050049,0.7315208315849304,0.5031687021255493
Body,no_mask_repeat,34567,806,0.008059879637888234,0.2981927779641201,0.6665326356887817,0.42275774478912354,0.13208633661270142
Body,no_mask_repeat,34567,813,0.10336319779957868,0.24171422205828877,0.6948314309120178,0.5290245413780212,0.116840660572052
Body,no_mask_repeat,34567,816,0.0329274436094238,0.28035274604351096,0.6830458641052246,0.6518860459327698,0.35312482714653015
Body,no_mask_repeat,34567,822,0.2600704157196027,0.3684578277760819,0.6884070038795471,0.5066918730735779,0.1731681376695633
Body,no_mask_repeat,34567,826,0.3914763125421374,0.41174417603304103,0.7238124012947083,0.4666738510131836,0.14578446745872498
Body,no_mask_repeat,34567,847,0.31594829834709676,0.4135872179295732,0.6766771078109741,0.4790083169937134,0.00761459581553936
Body,no_mask_repeat,34567,876,0.07074380088987248,0.12257139319764726,0.7499054670333862,0.5658455491065979,0.032858364284038544
Body,no_mask_repeat,34567,891,0.03600179762319646,0.17662918237060013,0.6763088703155518,0.543515682220459,0.02383938804268837
Body,no_mask_repeat,34567,919,0.005745556131362525,0.16761405738001756,0.7555243372917175,0.5295116305351257,0.04694119468331337
Body,no_mask_repeat,34567,931,0.2267603298377475,0.2689563580376975,0.6413977146148682,0.820906937122345,0.6912712454795837
Body,no_mask_repeat,34567,933,-0.22244932948675478,0.2932083338712697,0.6206744313240051,0.3860623240470886,0.03241261839866638
Body,no_mask_repeat,34567,941,-0.28252757504807385,0.2599372344236261,0.6811640858650208,0.4932904839515686,0.09064017236232758
Body,no_mask_repeat,34567,960,0.19014703586126136,0.339216402788233,0.643257200717926,0.5771356821060181,-0.0013863667845726013
Body,no_mask_repeat,34567,968,0.2995623782168831,0.14289248248366393,0.6753823757171631,0.5236632227897644,0.14423078298568726
Body,no_mask_repeat,34567,989,-0.05295915112893201,0.4435939992904277,0.761430025100708,0.7193899750709534,0.560489296913147
