category,condition,seed,dataset_idx,pixel_corr,ssim,lpips,clip,dino
Face,Body_unrelated_equal4_zero,12345,1,-0.009299606780956026,0.22015836660230034,0.6974122524261475,0.6915327310562134,0.5022183656692505
Face,Body_unrelated_equal4_zero,12345,16,0.07319762878795168,0.195319250442425,0.7059329748153687,0.3493068516254425,0.09135321527719498
Face,Body_unrelated_equal4_zero,12345,20,-0.08288410372919383,0.24268434180510357,0.6311838626861572,0.7018955945968628,0.3628021478652954
Face,Body_unrelated_equal4_zero,12345,51,-0.015335215371727943,0.26833983839136105,0.7826566100120544,0.44502273201942444,0.028497852385044098
Face,Body_unrelated_equal4_zero,12345,77,-0.1282994634431547,0.2292443608019887,0.712939977645874,0.5136337876319885,0.032103098928928375
Face,Body_unrelated_equal4_zero,12345,135,0.03308797883920835,0.24540812322411498,0.7061178088188171,0.530055820941925,0.31036698818206787
Face,Body_unrelated_equal4_zero,12345,158,-0.1743163094264741,0.21971242603098878,0.7732735872268677,0.4277021288871765,0.15484917163848877
Face,Body_unrelated_equal4_zero,12345,177,0.2742228518425869,0.306434341736503,0.6270732879638672,0.6593589782714844,0.2990419864654541
Face,Body_unrelated_equal4_zero,12345,188,0.11355912641457146,0.4853059798312316,0.7330726385116577,0.49663177132606506,-0.005751872435212135
Face,Body_unrelated_equal4_zero,12345,218,0.12758097863901394,0.13260457023318248,0.6992475986480713,0.6075223088264465,0.48399144411087036
Face,Body_unrelated_equal4_zero,12345,287,0.03584201397385641,0.35189013255312807,0.7260284423828125,0.4956452250480652,0.14015863835811615
Face,Body_unrelated_equal4_zero,12345,292,0.21207504995294882,0.32000160896193397,0.6731834411621094,0.4291296899318695,0.29909825325012207
Face,Body_unrelated_equal4_zero,12345,295,-0.1721869207936138,0.4756927954586857,0.626197338104248,0.3665989339351654,-0.005848008207976818
Face,Body_unrelated_equal4_zero,12345,340,-0.06602162849402488,0.21630213181877944,0.6706172227859497,0.5377099514007568,0.3436974287033081
Face,Body_unrelated_equal4_zero,12345,375,0.058366989692967344,0.1198727021532106,0.6982148885726929,0.5257301926612854,0.02057240530848503
Face,Body_unrelated_equal4_zero,12345,384,0.1892126106077736,0.3269612854712053,0.7888467311859131,0.6701573133468628,0.3290373384952545
Face,Body_unrelated_equal4_zero,12345,415,-0.09997516153987307,0.5386617845755255,0.6527373790740967,0.6121116876602173,0.28214648365974426
Face,Body_unrelated_equal4_zero,12345,434,0.20444784892951753,0.27851771132164715,0.7044382095336914,0.5186874270439148,0.18198522925376892
Face,Body_unrelated_equal4_zero,12345,465,-0.12645925747883427,0.2385794357181845,0.6967451572418213,0.44269639253616333,0.2129901647567749
Face,Body_unrelated_equal4_zero,12345,498,0.03853912778806189,0.42365559729818675,0.721950113773346,0.7611952424049377,0.8418450951576233
Face,Body_unrelated_equal4_zero,12345,507,0.18980740587055442,0.4132082995984073,0.6596845984458923,0.4991532564163208,0.1667320430278778
Face,Body_unrelated_equal4_zero,12345,529,0.04010301390443597,0.4166888397655568,0.681172788143158,0.6257814764976501,0.27128782868385315
Face,Body_unrelated_equal4_zero,12345,561,0.12709098105492944,0.16177842664593026,0.6538100242614746,0.36847034096717834,0.12279164046049118
Face,Body_unrelated_equal4_zero,12345,588,0.11951876179421392,0.18576552974434443,0.7020984888076782,0.5318531394004822,0.0970631092786789
Face,Body_unrelated_equal4_zero,12345,606,-0.01636785559876686,0.2989698271227755,0.6744520664215088,0.45351487398147583,0.05648861452937126
Face,Body_unrelated_equal4_zero,12345,678,-0.050980015652365485,0.2579018148942803,0.6950658559799194,0.5978703498840332,0.09966811537742615
Face,Body_unrelated_equal4_zero,12345,708,0.22319901912920062,0.327133210351424,0.7923192977905273,0.6055334806442261,0.21419557929039001
Face,Body_unrelated_equal4_zero,12345,756,-0.11526677938186224,0.4475836201878076,0.7345949411392212,0.6587969660758972,0.3524320125579834
Face,Body_unrelated_equal4_zero,12345,762,0.02636852176324436,0.17265758821747337,0.6684073805809021,0.6463218927383423,0.39420801401138306
Face,Body_unrelated_equal4_zero,12345,781,0.011603485077073188,0.41646340968674994,0.6649245023727417,0.6856939196586609,0.26702681183815
Face,Body_unrelated_equal4_zero,12345,789,0.10669849437151013,0.2226638960146276,0.6795485019683838,0.5162743330001831,0.09462302923202515
Face,Body_unrelated_equal4_zero,12345,817,-0.3048027628843762,0.2621143610012504,0.7861015200614929,0.6382479667663574,0.551731526851654
Face,Body_unrelated_equal4_zero,12345,820,-0.03905174752169384,0.206208316664017,0.7010464668273926,0.495619535446167,0.1131795272231102
Face,Body_unrelated_equal4_zero,12345,838,0.17441247162184031,0.378617775444088,0.6755839586257935,0.5037903785705566,0.11027533560991287
Face,Body_unrelated_equal4_zero,12345,877,-0.04688340907598658,0.18542143877986633,0.7553170323371887,0.7631253004074097,0.774170458316803
Face,Body_unrelated_equal4_zero,12345,887,0.04371322905117601,0.21766042708277403,0.6481660604476929,0.5538405776023865,0.2898917496204376
Face,Body_unrelated_equal4_zero,12345,973,-0.06711703783170025,0.37191601128832774,0.7404859066009521,0.5709617733955383,0.2885555028915405
Face,Face_full_zero,12345,1,-0.03963108156302498,0.21280714468993445,0.715491533279419,0.5965756177902222,0.2825385332107544
Face,Face_full_zero,12345,16,0.0764596689083366,0.19590909553071448,0.7005574107170105,0.38017356395721436,0.11431460827589035
Face,Face_full_zero,12345,20,-0.08531355497865187,0.242343517452816,0.6296885013580322,0.7083882093429565,0.37011390924453735
Face,Face_full_zero,12345,51,0.004552496551175406,0.2694306475966264,0.7779463529586792,0.42403289675712585,0.029401110485196114
Face,Face_full_zero,12345,77,-0.09924057469712325,0.23019524705052608,0.7165564298629761,0.5315965414047241,0.015793878585100174
Face,Face_full_zero,12345,135,-0.035842999168386847,0.32603459099160287,0.6882418990135193,0.507188618183136,0.2940770983695984
Face,Face_full_zero,12345,158,-0.17270658210083642,0.22232587581315083,0.7758393287658691,0.42190060019493103,0.15397773683071136
Face,Face_full_zero,12345,177,0.02547244778938577,0.3105567930403965,0.6699907183647156,0.6009246706962585,0.1500200480222702
Face,Face_full_zero,12345,188,0.13203957447766873,0.48875564803193927,0.7191404104232788,0.4698867201805115,-0.003428589552640915
Face,Face_full_zero,12345,218,0.13219340850419684,0.12797702410335873,0.6882326602935791,0.5029981732368469,0.49619537591934204
Face,Face_full_zero,12345,287,0.04385504230095475,0.35782244293010235,0.7260571718215942,0.4830165207386017,0.13015997409820557
Face,Face_full_zero,12345,292,0.1691246093052199,0.33579599488423756,0.6862790584564209,0.5285454392433167,0.24830350279808044
Face,Face_full_zero,12345,295,-0.1953773073660179,0.4756534000699931,0.6310175061225891,0.30166131258010864,0.012211685068905354
Face,Face_full_zero,12345,340,-0.06358058084810261,0.2242399641953613,0.6683387160301208,0.5137503743171692,0.30368971824645996
Face,Face_full_zero,12345,375,0.06442141834329729,0.12017481435050824,0.6943384408950806,0.5270631313323975,0.02382790297269821
Face,Face_full_zero,12345,384,0.19672871908694073,0.3268033681028581,0.7871849536895752,0.6695699691772461,0.3423067331314087
Face,Face_full_zero,12345,415,-0.10228915476754588,0.5390901727271527,0.6507290601730347,0.6000915169715881,0.2666693329811096
Face,Face_full_zero,12345,434,0.20358883963219312,0.27577870684319417,0.704366147518158,0.5579671859741211,0.17873477935791016
Face,Face_full_zero,12345,465,-0.12082121678674626,0.2374586379972506,0.6936996579170227,0.44928398728370667,0.2373095452785492
Face,Face_full_zero,12345,498,0.04239969923563356,0.44582901631716426,0.7414283752441406,0.7620265483856201,0.7919126749038696
Face,Face_full_zero,12345,507,0.1814232233648929,0.4031733967739276,0.6586328744888306,0.5474949479103088,0.20153610408306122
Face,Face_full_zero,12345,529,0.03581760536080561,0.42966852824563273,0.679850161075592,0.6206647753715515,0.2108706831932068
Face,Face_full_zero,12345,561,0.11522851228440704,0.16169329565917326,0.6608033180236816,0.3603852391242981,0.07730546593666077
Face,Face_full_zero,12345,588,0.12179968766064814,0.17762929206867034,0.7141990065574646,0.5061386823654175,0.05231147259473801
Face,Face_full_zero,12345,606,-0.014003863633219428,0.2998139791735165,0.6782195568084717,0.3831774890422821,0.033802714198827744
Face,Face_full_zero,12345,678,-0.046532482576176024,0.25842679571424093,0.6988413333892822,0.5873263478279114,0.08509953320026398
Face,Face_full_zero,12345,708,0.2393413339371894,0.33096223009478093,0.8033682107925415,0.6123197078704834,0.2121341973543167
Face,Face_full_zero,12345,756,-0.11973086809202933,0.4389150734173719,0.7373306751251221,0.6099898815155029,0.38639968633651733
Face,Face_full_zero,12345,762,0.033366844930619644,0.17202137129476622,0.6688847541809082,0.6028091907501221,0.42351675033569336
Face,Face_full_zero,12345,781,-0.00033273011547386804,0.39130326966865125,0.6480699777603149,0.7009658217430115,0.3261849880218506
Face,Face_full_zero,12345,789,0.14408479420297607,0.2295882137588672,0.6749050617218018,0.5100933909416199,0.08962643891572952
Face,Face_full_zero,12345,817,-0.3103388709439727,0.2708513902572929,0.7914450168609619,0.6218372583389282,0.5335760712623596
Face,Face_full_zero,12345,820,-0.0744074078385139,0.2330837040209426,0.6942039132118225,0.6190482974052429,0.16756698489189148
Face,Face_full_zero,12345,838,0.17233972822506574,0.3819477729539633,0.6843042969703674,0.5132740139961243,0.16598621010780334
Face,Face_full_zero,12345,877,-0.04282401359301329,0.18144946349721244,0.7527468800544739,0.7111363410949707,0.7747939825057983
Face,Face_full_zero,12345,887,0.040270679343796884,0.2138950287441492,0.6446565389633179,0.5805889964103699,0.35319167375564575
Face,Face_full_zero,12345,973,-0.07456470522108605,0.3636184918593646,0.745495617389679,0.540950357913971,0.2681806981563568
Face,Face_random_full_01_zero,12345,1,-0.035051772929868316,0.22064482649877934,0.712517261505127,0.5551371574401855,0.2800649106502533
Face,Face_random_full_01_zero,12345,16,0.06417714594135072,0.18970669100391838,0.7038731575012207,0.39936399459838867,0.2102324664592743
Face,Face_random_full_01_zero,12345,20,-0.08732676361265694,0.24135924063612255,0.6340078115463257,0.7015709280967712,0.4107185900211334
Face,Face_random_full_01_zero,12345,51,-0.023019292261265152,0.2797723712930105,0.7929865121841431,0.46695956587791443,0.07786676287651062
Face,Face_random_full_01_zero,12345,77,-0.12152071127213489,0.22892121297365145,0.7186291217803955,0.5625143647193909,0.027940070256590843
Face,Face_random_full_01_zero,12345,135,0.16542567737845373,0.347215111754799,0.6649041175842285,0.4765973687171936,0.25752317905426025
Face,Face_random_full_01_zero,12345,158,-0.14838919559713745,0.2353673410061103,0.774245023727417,0.4599396288394928,0.20833919942378998
Face,Face_random_full_01_zero,12345,177,0.06036412937748514,0.3135371374062483,0.6970643997192383,0.5883966088294983,0.22826096415519714
Face,Face_random_full_01_zero,12345,188,0.10909160422299007,0.48291886387662913,0.736258864402771,0.454329252243042,0.01703128218650818
Face,Face_random_full_01_zero,12345,218,0.11335163113198181,0.12985820505384527,0.7018001079559326,0.5860087275505066,0.3620221018791199
Face,Face_random_full_01_zero,12345,287,0.04415109633389866,0.3589112809858261,0.728269636631012,0.4891199469566345,0.14076562225818634
Face,Face_random_full_01_zero,12345,292,0.17952750703618445,0.307322545772916,0.6568089127540588,0.5142689943313599,0.19556084275245667
Face,Face_random_full_01_zero,12345,295,-0.1715635060975015,0.4748190916055809,0.632426381111145,0.28872165083885193,-0.026562146842479706
Face,Face_random_full_01_zero,12345,340,-0.05348035703646489,0.22145341147384642,0.6825143694877625,0.5151084661483765,0.2646333575248718
Face,Face_random_full_01_zero,12345,375,0.07235325137224642,0.11973789338213758,0.7090473175048828,0.5150633454322815,0.03962591663002968
Face,Face_random_full_01_zero,12345,384,0.1875270361022702,0.32234338059516054,0.7935307025909424,0.7171396613121033,0.35343360900878906
Face,Face_random_full_01_zero,12345,415,-0.10106962551661806,0.5356078225585409,0.6407886147499084,0.6001017689704895,0.22553667426109314
Face,Face_random_full_01_zero,12345,434,0.20341081561575772,0.2755485398225585,0.733053982257843,0.5206754207611084,0.19813549518585205
Face,Face_random_full_01_zero,12345,465,-0.11755105145535805,0.23965020734811002,0.6982893347740173,0.4350185692310333,0.2150069922208786
Face,Face_random_full_01_zero,12345,498,0.047155507877445706,0.4342470699370612,0.7354639768600464,0.7939068078994751,0.7645766139030457
Face,Face_random_full_01_zero,12345,507,0.17785003521163834,0.41026409756174914,0.6600381135940552,0.5342122316360474,0.16009879112243652
Face,Face_random_full_01_zero,12345,529,0.031235014480761346,0.42665562149269814,0.6738826036453247,0.6074646711349487,0.21805277466773987
Face,Face_random_full_01_zero,12345,561,0.1173771147917757,0.162523803721399,0.6499204635620117,0.40332284569740295,0.05311472713947296
Face,Face_random_full_01_zero,12345,588,0.1364078344531068,0.18424355328766445,0.7168691158294678,0.5397523045539856,0.07375264167785645
Face,Face_random_full_01_zero,12345,606,0.016616384667985564,0.29416890351308944,0.6784192323684692,0.432616651058197,0.03216622769832611
Face,Face_random_full_01_zero,12345,678,-0.03841668332692388,0.25913925288497086,0.6931037902832031,0.573687732219696,0.12932085990905762
Face,Face_random_full_01_zero,12345,708,0.2391409776177829,0.3327744224187915,0.7912304997444153,0.5864301919937134,0.2198668271303177
Face,Face_random_full_01_zero,12345,756,-0.10499366996141374,0.4302555793803406,0.7191224098205566,0.6372717022895813,0.3940068781375885
Face,Face_random_full_01_zero,12345,762,0.035274998054213386,0.16663188553992997,0.6638873815536499,0.6117942333221436,0.37587305903434753
Face,Face_random_full_01_zero,12345,781,0.04162210121313827,0.42123840874452534,0.6645548343658447,0.680505096912384,0.29855334758758545
Face,Face_random_full_01_zero,12345,789,0.14252280355843316,0.2296593306706446,0.6817179322242737,0.5054492950439453,0.07544480264186859
Face,Face_random_full_01_zero,12345,817,-0.33136808386220956,0.2708506464335686,0.7957477569580078,0.623762845993042,0.487941175699234
Face,Face_random_full_01_zero,12345,820,-0.031228766373167106,0.2157123562991036,0.6959776878356934,0.4317038059234619,0.10642817616462708
Face,Face_random_full_01_zero,12345,838,0.17833012829572223,0.3764706960689902,0.6767571568489075,0.514838457107544,0.12059111893177032
Face,Face_random_full_01_zero,12345,877,-0.050760643783441854,0.18245913895937346,0.757777750492096,0.7265119552612305,0.7993026971817017
Face,Face_random_full_01_zero,12345,887,0.012529690638829343,0.1894569173781339,0.6637929081916809,0.5677552223205566,0.40590643882751465
Face,Face_random_full_01_zero,12345,973,-0.06510297570150762,0.37633018051972644,0.738762378692627,0.579217255115509,0.2953893542289734
Face,Face_random_full_02_zero,12345,1,-0.05108934838136928,0.20640777918844883,0.703080952167511,0.5622116327285767,0.38121992349624634
Face,Face_random_full_02_zero,12345,16,0.07959573159268009,0.19916298469203694,0.7109084725379944,0.3127431273460388,0.07769576460123062
Face,Face_random_full_02_zero,12345,20,-0.0781108999323368,0.25869698595192353,0.6251822710037231,0.6251503229141235,0.33151891827583313
Face,Face_random_full_02_zero,12345,51,-0.003891175488008509,0.264029314820047,0.7645699381828308,0.43091318011283875,0.04927424341440201
Face,Face_random_full_02_zero,12345,77,-0.11145494888764249,0.2190584290984539,0.707848072052002,0.5458803772926331,0.03978124260902405
Face,Face_random_full_02_zero,12345,135,0.12787009333130958,0.3552814435365012,0.7057751417160034,0.5107781291007996,0.3749707043170929
Face,Face_random_full_02_zero,12345,158,-0.12790761450232646,0.22166220013694798,0.7708854675292969,0.44123613834381104,0.24460390210151672
Face,Face_random_full_02_zero,12345,177,0.021994677053673407,0.3160195731824688,0.6776366829872131,0.6205735206604004,0.21277059614658356
Face,Face_random_full_02_zero,12345,188,0.12008016401258978,0.4854608360248789,0.7326224446296692,0.45704761147499084,0.01897779479622841
Face,Face_random_full_02_zero,12345,218,0.12675252690253733,0.13171764727307836,0.6922188997268677,0.6487244963645935,0.5818030834197998
Face,Face_random_full_02_zero,12345,287,0.04544960107036582,0.3554815427255107,0.7305487990379333,0.5169996619224548,0.1921612024307251
Face,Face_random_full_02_zero,12345,292,0.16649169337248734,0.2905371955123114,0.6639779210090637,0.4671718180179596,0.20094332098960876
Face,Face_random_full_02_zero,12345,295,-0.20358940613057255,0.4889561331052242,0.6743212342262268,0.3206068277359009,0.03834478557109833
Face,Face_random_full_02_zero,12345,340,-0.05729622831229527,0.22232876512239025,0.6745092272758484,0.4715677797794342,0.2962328791618347
Face,Face_random_full_02_zero,12345,375,0.047458480323064135,0.11862701350206466,0.6972790956497192,0.5027037858963013,0.02780800312757492
Face,Face_random_full_02_zero,12345,384,0.19432351558926486,0.3265517052140732,0.7817038893699646,0.6748707890510559,0.37998029589653015
Face,Face_random_full_02_zero,12345,415,-0.09779932736791563,0.5385960201856582,0.6292679905891418,0.6038334965705872,0.23254668712615967
Face,Face_random_full_02_zero,12345,434,0.20912410293491085,0.2763704692169722,0.7077963948249817,0.5476423501968384,0.1933143138885498
Face,Face_random_full_02_zero,12345,465,-0.14142740894103162,0.23887641015420086,0.692314624786377,0.43255379796028137,0.2098163515329361
Face,Face_random_full_02_zero,12345,498,0.046658898609677396,0.4289704468082672,0.7251840829849243,0.7545737028121948,0.8045639991760254
Face,Face_random_full_02_zero,12345,507,0.21470505939090398,0.40146418056819133,0.6844848990440369,0.4916815459728241,0.22569578886032104
Face,Face_random_full_02_zero,12345,529,0.04953140943647752,0.4190041762865986,0.6875404119491577,0.6277334094047546,0.29897767305374146
Face,Face_random_full_02_zero,12345,561,0.12597039666497015,0.1508110602771036,0.6543874144554138,0.3731141984462738,0.03165091946721077
Face,Face_random_full_02_zero,12345,588,0.14196663786507813,0.1814702484955424,0.7120648622512817,0.5269407033920288,0.027916058897972107
Face,Face_random_full_02_zero,12345,606,-0.0030764562684468637,0.30382873393078297,0.6880413293838501,0.3813835382461548,0.033744774758815765
Face,Face_random_full_02_zero,12345,678,-0.04817704886942752,0.2512975481470476,0.6980676054954529,0.5387392044067383,0.1464877724647522
Face,Face_random_full_02_zero,12345,708,0.2361494399063773,0.3320533084274599,0.8039318323135376,0.612950325012207,0.19330132007598877
Face,Face_random_full_02_zero,12345,756,-0.08558418720900439,0.4383751617901916,0.7246977686882019,0.7554665803909302,0.39529308676719666
Face,Face_random_full_02_zero,12345,762,0.045025319874978625,0.17022201109480695,0.662447988986969,0.5871269702911377,0.4040670096874237
Face,Face_random_full_02_zero,12345,781,-0.020302588653197826,0.3984853290621184,0.6367809772491455,0.708870530128479,0.2940670847892761
Face,Face_random_full_02_zero,12345,789,0.13948899637547393,0.22656078956579073,0.6739410758018494,0.49585703015327454,0.07168924808502197
Face,Face_random_full_02_zero,12345,817,-0.32307396545715167,0.2698560094248516,0.7959829568862915,0.641720175743103,0.4790051579475403
Face,Face_random_full_02_zero,12345,820,-0.052148356190110115,0.22580400852187557,0.6884843707084656,0.46274706721305847,0.16655848920345306
Face,Face_random_full_02_zero,12345,838,0.17573928458120314,0.37628898420809503,0.6767058372497559,0.506950318813324,0.16853544116020203
Face,Face_random_full_02_zero,12345,877,-0.05152041311928478,0.17908266824319258,0.7535264492034912,0.6784217953681946,0.7882450819015503
Face,Face_random_full_02_zero,12345,887,0.04600077212239697,0.21452878668585637,0.6645646095275879,0.5900060534477234,0.28833720088005066
Face,Face_random_full_02_zero,12345,973,-0.0674524049592531,0.35530934313867385,0.7386079430580139,0.5920945405960083,0.3407266139984131
Face,Face_random_full_03_zero,12345,1,-0.04679083060797114,0.21619000800774388,0.7206451296806335,0.541756272315979,0.2715180218219757
Face,Face_random_full_03_zero,12345,16,0.07372428837792187,0.19631101633456144,0.7057080864906311,0.34223970770835876,0.10404104739427567
Face,Face_random_full_03_zero,12345,20,-0.08527480544499554,0.24491354758984824,0.632280707359314,0.6853282451629639,0.3372741639614105
Face,Face_random_full_03_zero,12345,51,-0.007517144709590689,0.2777240778385025,0.789829432964325,0.35483771562576294,0.05268364027142525
Face,Face_random_full_03_zero,12345,77,-0.10527571277537835,0.2207238165520221,0.7101658582687378,0.5286965370178223,0.031027911230921745
Face,Face_random_full_03_zero,12345,135,0.08936792999400746,0.3547105599045128,0.689285397529602,0.5119874477386475,0.44953131675720215
Face,Face_random_full_03_zero,12345,158,-0.14739497150734163,0.21909050577670358,0.768211841583252,0.47426071763038635,0.22495141625404358
Face,Face_random_full_03_zero,12345,177,0.033104736295884334,0.31021196567215736,0.6692569255828857,0.6119601130485535,0.21676917374134064
Face,Face_random_full_03_zero,12345,188,0.13140526405691685,0.4857968160097951,0.7382702827453613,0.49650120735168457,0.01677689701318741
Face,Face_random_full_03_zero,12345,218,0.11365412887912284,0.13004946780696217,0.6958017945289612,0.5107624530792236,0.4474515914916992
Face,Face_random_full_03_zero,12345,287,0.048376194334362854,0.35835074382405707,0.7267510890960693,0.4804288446903229,0.12601356208324432
Face,Face_random_full_03_zero,12345,292,0.16595145367167283,0.3498413703950512,0.6850122213363647,0.4952383041381836,0.22973302006721497
Face,Face_random_full_03_zero,12345,295,-0.19157194579582548,0.48128194046256345,0.6332336664199829,0.2964377701282501,0.003724890761077404
Face,Face_random_full_03_zero,12345,340,-0.06143642494991235,0.21799812038905092,0.6680790185928345,0.497442364692688,0.3345775604248047
Face,Face_random_full_03_zero,12345,375,0.026859178222531286,0.11750894453309632,0.7136152982711792,0.4960553050041199,0.03131725266575813
Face,Face_random_full_03_zero,12345,384,0.19449564048678725,0.3276529299824131,0.786941409111023,0.6724674701690674,0.3327704071998596
Face,Face_random_full_03_zero,12345,415,-0.0944305594090289,0.5353312312081763,0.649229109287262,0.5576765537261963,0.23480536043643951
Face,Face_random_full_03_zero,12345,434,0.19045295422334865,0.2762802958557257,0.7275945544242859,0.5434131026268005,0.16186347603797913
Face,Face_random_full_03_zero,12345,465,-0.10567224927941844,0.2321806304641165,0.6970228552818298,0.43435969948768616,0.14234210550785065
Face,Face_random_full_03_zero,12345,498,0.05597398237217687,0.42754855269454706,0.7195924520492554,0.7455992102622986,0.8127911686897278
Face,Face_random_full_03_zero,12345,507,0.19353682276461923,0.4059589759275547,0.655687689781189,0.5896596908569336,0.16777890920639038
Face,Face_random_full_03_zero,12345,529,0.04383248159701263,0.42597410312547973,0.6752426624298096,0.598636269569397,0.2683999538421631
Face,Face_random_full_03_zero,12345,561,0.10155499967037686,0.16057278875157024,0.6517631411552429,0.3583625853061676,0.09091249853372574
Face,Face_random_full_03_zero,12345,588,0.12281353287046544,0.17795383633164585,0.7140875458717346,0.5123741030693054,0.05029383301734924
Face,Face_random_full_03_zero,12345,606,-0.003906197596174054,0.3029832449374549,0.682496190071106,0.4371238946914673,0.004306227900087833
Face,Face_random_full_03_zero,12345,678,-0.041561403672466565,0.2595503993400976,0.6981253623962402,0.6134470701217651,0.11246055364608765
Face,Face_random_full_03_zero,12345,708,0.2183083103574263,0.33025478767222105,0.7882286906242371,0.6337241530418396,0.24620644748210907
Face,Face_random_full_03_zero,12345,756,-0.11849160572424086,0.4441820155484905,0.7359670400619507,0.6449292898178101,0.3788135051727295
Face,Face_random_full_03_zero,12345,762,0.03229911654032286,0.16967292231919973,0.6604830622673035,0.6227464079856873,0.3684350252151489
Face,Face_random_full_03_zero,12345,781,0.025871791503943625,0.400437693249851,0.6590436697006226,0.7232644557952881,0.32578542828559875
Face,Face_random_full_03_zero,12345,789,0.13214202837751587,0.2261376953050121,0.6651492118835449,0.5134620666503906,0.10549599677324295
Face,Face_random_full_03_zero,12345,817,-0.31632775350206116,0.2701404891687178,0.7944462895393372,0.6379871368408203,0.472151517868042
Face,Face_random_full_03_zero,12345,820,-0.04813185880599366,0.22622822201158782,0.7036631107330322,0.42357727885246277,0.1831972897052765
Face,Face_random_full_03_zero,12345,838,0.17204027377325576,0.38275613971232175,0.6760759353637695,0.5087020397186279,0.12028799951076508
Face,Face_random_full_03_zero,12345,877,-0.04464216457441072,0.1854992203281236,0.749118447303772,0.710415244102478,0.8086110353469849
Face,Face_random_full_03_zero,12345,887,0.04961147062350808,0.2076142294154734,0.6432765126228333,0.6007114052772522,0.2922438383102417
Face,Face_random_full_03_zero,12345,973,-0.07165750856000745,0.3673957138869085,0.7427127361297607,0.5358368158340454,0.25165337324142456
Face,Face_random_full_04_zero,12345,1,-0.051909235120839815,0.2055828705277868,0.7097938656806946,0.5807648301124573,0.4928286671638489
Face,Face_random_full_04_zero,12345,16,0.06937854157485672,0.2021885860732111,0.7076654434204102,0.4017217457294464,0.16942161321640015
Face,Face_random_full_04_zero,12345,20,-0.08308751476321319,0.2445640781335484,0.628279447555542,0.6861419081687927,0.2575288414955139
Face,Face_random_full_04_zero,12345,51,0.0010384413945279617,0.2669334049994719,0.766205370426178,0.415729284286499,0.0268588624894619
Face,Face_random_full_04_zero,12345,77,-0.10651342482627416,0.22940589397130376,0.718458354473114,0.5093743801116943,0.0494336262345314
Face,Face_random_full_04_zero,12345,135,0.07055973401762063,0.3466123954146731,0.6788952350616455,0.5890805721282959,0.2917088270187378
Face,Face_random_full_04_zero,12345,158,-0.18133144700761666,0.236065917525158,0.7816425561904907,0.42077940702438354,0.17330604791641235
Face,Face_random_full_04_zero,12345,177,0.29459725411723153,0.3308562509437215,0.6208049058914185,0.6546801328659058,0.3127167522907257
Face,Face_random_full_04_zero,12345,188,0.1202155191835708,0.4869869761081444,0.7344603538513184,0.4365871548652649,0.04378454014658928
Face,Face_random_full_04_zero,12345,218,0.11379217030825077,0.1464693337129753,0.7083620429039001,0.5225580930709839,0.2196475863456726
Face,Face_random_full_04_zero,12345,287,0.04515577293745113,0.3586983144722505,0.7215798497200012,0.48513948917388916,0.13637836277484894
Face,Face_random_full_04_zero,12345,292,0.1575601736039299,0.31938133019313986,0.6830299496650696,0.44867223501205444,0.2232014238834381
Face,Face_random_full_04_zero,12345,295,-0.2115573696710835,0.489143271258292,0.681091845035553,0.3119671046733856,0.09004548192024231
Face,Face_random_full_04_zero,12345,340,-0.06150919624891207,0.2183379309422426,0.6801160573959351,0.5345004796981812,0.2475765496492386
Face,Face_random_full_04_zero,12345,375,0.06858467362344879,0.11956307839613958,0.6971068978309631,0.5289183259010315,0.037011876702308655
Face,Face_random_full_04_zero,12345,384,0.19187166321688348,0.32503143504659227,0.7921265363693237,0.6841413378715515,0.3299241364002228
Face,Face_random_full_04_zero,12345,415,-0.09282044303008719,0.5368181037722328,0.6339896321296692,0.5496612191200256,0.21381191909313202
Face,Face_random_full_04_zero,12345,434,0.2069227607104453,0.27672024572354975,0.7194019556045532,0.5669063329696655,0.20674307644367218
Face,Face_random_full_04_zero,12345,465,-0.11970452184466018,0.23690353431678635,0.6938498020172119,0.4438689947128296,0.2358630895614624
Face,Face_random_full_04_zero,12345,498,0.04121222473507672,0.4306391208963942,0.7233158946037292,0.7491441965103149,0.8236745595932007
Face,Face_random_full_04_zero,12345,507,0.1931950138439956,0.4133862633900185,0.6563025116920471,0.5472831130027771,0.1815187633037567
Face,Face_random_full_04_zero,12345,529,0.03101159168730257,0.4228584126222976,0.6808382868766785,0.6365537643432617,0.22121353447437286
Face,Face_random_full_04_zero,12345,561,0.10730906097664601,0.15282214451892076,0.6473478078842163,0.39005711674690247,0.05282708257436752
Face,Face_random_full_04_zero,12345,588,0.11927071728318109,0.17778499247026033,0.7145742774009705,0.5224153995513916,0.04583358019590378
Face,Face_random_full_04_zero,12345,606,-0.0059605150745382215,0.3014795148046408,0.6788005828857422,0.43009060621261597,0.019663238897919655
Face,Face_random_full_04_zero,12345,678,-0.05715831969157332,0.25953909736840985,0.695021390914917,0.5726560354232788,0.14147377014160156
Face,Face_random_full_04_zero,12345,708,0.21533577858105368,0.32692244235556994,0.8018607497215271,0.5860611200332642,0.17446354031562805
Face,Face_random_full_04_zero,12345,756,-0.1023290504025891,0.4511837719614421,0.7371911406517029,0.7308869957923889,0.42286521196365356
Face,Face_random_full_04_zero,12345,762,0.03894510422234133,0.17233581134472029,0.660979151725769,0.6194647550582886,0.3927323520183563
Face,Face_random_full_04_zero,12345,781,-0.003495783548218056,0.40198916419000463,0.6465508937835693,0.7073176503181458,0.32495206594467163
Face,Face_random_full_04_zero,12345,789,0.1414479726635698,0.2248773600534966,0.6976342797279358,0.5049680471420288,0.09459689259529114
Face,Face_random_full_04_zero,12345,817,-0.32451617535526756,0.2690571969254841,0.7960477471351624,0.6491276621818542,0.48463109135627747
Face,Face_random_full_04_zero,12345,820,-0.05414903604485207,0.23408013135180103,0.6870484948158264,0.5584666132926941,0.2825500965118408
Face,Face_random_full_04_zero,12345,838,0.17339224471128906,0.382121031751494,0.6858965754508972,0.5267353653907776,0.1747370809316635
Face,Face_random_full_04_zero,12345,877,-0.05044042927659903,0.18001729878855174,0.7478994727134705,0.6855928897857666,0.7800143361091614
Face,Face_random_full_04_zero,12345,887,0.04535577828766846,0.21382448414630495,0.6538200378417969,0.5762057900428772,0.3293057382106781
Face,Face_random_full_04_zero,12345,973,-0.07609752047795167,0.37393813156091393,0.7409528493881226,0.5864229798316956,0.33376288414001465
Face,Face_random_full_05_zero,12345,1,-0.04209302275407356,0.2138678356576397,0.7109118103981018,0.5187343955039978,0.34469935297966003
Face,Face_random_full_05_zero,12345,16,0.06778927022929956,0.19206070197808967,0.7060649394989014,0.3898736238479614,0.19139863550662994
Face,Face_random_full_05_zero,12345,20,-0.0840358242328475,0.24386330811381468,0.6303671598434448,0.6606742143630981,0.4159364104270935
Face,Face_random_full_05_zero,12345,51,0.005465347925670032,0.2637766206387004,0.7674882411956787,0.4241909682750702,0.05051008611917496
Face,Face_random_full_05_zero,12345,77,-0.12383181904407915,0.23287237960969392,0.7185717821121216,0.5498577952384949,0.034820131957530975
Face,Face_random_full_05_zero,12345,135,-0.009156750299616776,0.32824273220052075,0.6734743118286133,0.5863447785377502,0.24044044315814972
Face,Face_random_full_05_zero,12345,158,-0.15001129297894464,0.23414749151239125,0.7635109424591064,0.41728776693344116,0.21025730669498444
Face,Face_random_full_05_zero,12345,177,0.023130739047963814,0.3093864420623263,0.6647354960441589,0.6105079650878906,0.19726330041885376
Face,Face_random_full_05_zero,12345,188,0.141347892733368,0.48639667267242903,0.7314414381980896,0.4989238381385803,0.009945124387741089
Face,Face_random_full_05_zero,12345,218,0.1148158173498364,0.13609187707819959,0.7072498798370361,0.6170824766159058,0.5224006175994873
Face,Face_random_full_05_zero,12345,287,0.049450743326397546,0.3548112733197217,0.722484290599823,0.5013554096221924,0.0996025875210762
Face,Face_random_full_05_zero,12345,292,0.21022976677852712,0.3199119868240252,0.6604607105255127,0.40617623925209045,0.1681179255247116
Face,Face_random_full_05_zero,12345,295,-0.17750417130002757,0.4779063486439005,0.6346817016601562,0.25797712802886963,-0.021333029493689537
Face,Face_random_full_05_zero,12345,340,-0.054948554640040045,0.21547878285673974,0.6700232028961182,0.5205349326133728,0.3138849437236786
Face,Face_random_full_05_zero,12345,375,0.023724192028072844,0.11869117931084726,0.7113960385322571,0.4989161193370819,0.028233591467142105
Face,Face_random_full_05_zero,12345,384,0.19842802249268457,0.3272061780111779,0.7885565757751465,0.6726669073104858,0.3673877716064453
Face,Face_random_full_05_zero,12345,415,-0.09810405148288663,0.5280067301235418,0.6514100432395935,0.5660406351089478,0.19963108003139496
Face,Face_random_full_05_zero,12345,434,0.19803400014432002,0.2762626464845372,0.7301727533340454,0.527367115020752,0.22057050466537476
Face,Face_random_full_05_zero,12345,465,-0.11202769589511057,0.23967389824859534,0.6962876319885254,0.4592606723308563,0.2311663031578064
Face,Face_random_full_05_zero,12345,498,0.04543623893499342,0.4265711210189756,0.7269958257675171,0.73516845703125,0.7811444997787476
Face,Face_random_full_05_zero,12345,507,0.1865739353300099,0.4034082746513084,0.6587716341018677,0.5275480151176453,0.17054325342178345
Face,Face_random_full_05_zero,12345,529,0.03428422773466366,0.4248896653351758,0.6761594414710999,0.6184202432632446,0.2633867859840393
Face,Face_random_full_05_zero,12345,561,0.12040602642447853,0.15825367691032605,0.6582481265068054,0.3713688552379608,0.057214293628931046
Face,Face_random_full_05_zero,12345,588,0.1323107761359193,0.17788291448675217,0.7105138301849365,0.49171361327171326,0.0796387791633606
Face,Face_random_full_05_zero,12345,606,-0.032277495032582496,0.2898683090558938,0.6723528504371643,0.4370337724685669,0.06449224799871445
Face,Face_random_full_05_zero,12345,678,-0.03783768945566011,0.26302548522088576,0.69744873046875,0.5965273976325989,0.12267742305994034
Face,Face_random_full_05_zero,12345,708,0.23148566359350076,0.3330235328388258,0.7946436405181885,0.5716806650161743,0.18650589883327484
Face,Face_random_full_05_zero,12345,756,-0.11266219077073619,0.43663020804789987,0.7154589295387268,0.6365223526954651,0.40559983253479004
Face,Face_random_full_05_zero,12345,762,0.03280603094783826,0.1710819246348962,0.6651039123535156,0.6257222294807434,0.3177646994590759
Face,Face_random_full_05_zero,12345,781,0.054861545087004256,0.4146369532600648,0.6606802940368652,0.7042564749717712,0.3186829090118408
Face,Face_random_full_05_zero,12345,789,0.14388021408888516,0.22552568781643714,0.6750323176383972,0.5058102011680603,0.10060591250658035
Face,Face_random_full_05_zero,12345,817,-0.32246275997974394,0.27136985672185104,0.7868297696113586,0.6251503229141235,0.528318464756012
Face,Face_random_full_05_zero,12345,820,-0.05439861803286792,0.22562818594015166,0.7029738426208496,0.4307882487773895,0.20147371292114258
Face,Face_random_full_05_zero,12345,838,0.1178335256390544,0.3862173401432841,0.6840234398841858,0.4392823874950409,0.05532035604119301
Face,Face_random_full_05_zero,12345,877,-0.04840454535982701,0.17698774234544543,0.7521641254425049,0.7450408339500427,0.7830034494400024
Face,Face_random_full_05_zero,12345,887,0.045464002402518494,0.19573915748170595,0.6541136503219604,0.6247952580451965,0.31602931022644043
Face,Face_random_full_05_zero,12345,973,-0.07566940528149294,0.36451581457346915,0.735194981098175,0.5594421625137329,0.3132825493812561
Face,no_mask,12345,1,-0.04395451322965924,0.2161964614707037,0.7146731615066528,0.5936561822891235,0.32633641362190247
Face,no_mask,12345,16,0.07779380733619302,0.19600958681825734,0.7087083458900452,0.4034900665283203,0.1443396806716919
Face,no_mask,12345,20,-0.08456760776982174,0.24340113715869902,0.632149875164032,0.6984044909477234,0.3841046690940857
Face,no_mask,12345,51,0.001820123739348242,0.2669879641183563,0.77805095911026,0.3979191482067108,0.043638743460178375
Face,no_mask,12345,77,-0.12219896260464645,0.23222461144690315,0.7230132818222046,0.5480671525001526,0.0328008234500885
Face,no_mask,12345,135,-0.016037027041872414,0.33803331903394707,0.6892762780189514,0.49641987681388855,0.3055543899536133
Face,no_mask,12345,158,-0.17304165666007998,0.22128520713083988,0.7729016542434692,0.4155861735343933,0.12675678730010986
Face,no_mask,12345,177,0.03026959795056424,0.31218419998618874,0.6709370613098145,0.6106639504432678,0.22451618313789368
Face,no_mask,12345,188,0.11904011981142779,0.4838277419303739,0.7477112412452698,0.5984903573989868,0.06485415995121002
Face,no_mask,12345,218,0.1132293281568149,0.13271810427128633,0.7010596394538879,0.5273829102516174,0.4150574505329132
Face,no_mask,12345,287,0.04858096490553917,0.3577018346179279,0.7255535125732422,0.49426043033599854,0.14112772047519684
Face,no_mask,12345,292,0.15242494939772502,0.3437982738309851,0.6861467361450195,0.5226438045501709,0.259972482919693
Face,no_mask,12345,295,-0.18311978978573645,0.476358937626982,0.634443461894989,0.2851365804672241,0.013587531633675098
Face,no_mask,12345,340,-0.055702611948940474,0.21828599015037883,0.6748545169830322,0.4930063784122467,0.29820162057876587
Face,no_mask,12345,375,0.06704975717331053,0.12002877067181028,0.6938502192497253,0.5314881801605225,0.0254044309258461
Face,no_mask,12345,384,0.19627376819190864,0.32663284250979546,0.7857558727264404,0.6727379560470581,0.36709272861480713
Face,no_mask,12345,415,-0.09667515178340398,0.5372379786546028,0.6506620049476624,0.5286333560943604,0.250287264585495
Face,no_mask,12345,434,0.20695853442338352,0.2760743690422005,0.7102218270301819,0.5728259086608887,0.19128218293190002
Face,no_mask,12345,465,-0.12671766509080643,0.2376999399621919,0.6966588497161865,0.4359135031700134,0.232976034283638
Face,no_mask,12345,498,0.04454743027201457,0.42941243284909547,0.728997528553009,0.7199793457984924,0.8249735832214355
Face,no_mask,12345,507,0.18738695193861735,0.40551784552120124,0.6589236259460449,0.5359641909599304,0.17705035209655762
Face,no_mask,12345,529,0.03488391632792293,0.425594475209944,0.6784005165100098,0.6299589276313782,0.23512956500053406
Face,no_mask,12345,561,0.12221721750943484,0.16423032093411752,0.6542686820030212,0.3962451219558716,0.1310853511095047
Face,no_mask,12345,588,0.11630872074618072,0.17678616694430707,0.7198365330696106,0.5263265371322632,0.033104777336120605
Face,no_mask,12345,606,-0.013000489849772649,0.29770963860762706,0.6791297793388367,0.4111306667327881,0.00483290571719408
Face,no_mask,12345,678,-0.04671807676319623,0.25916465226883734,0.697950541973114,0.5726999044418335,0.10372084379196167
Face,no_mask,12345,708,0.21606972689526235,0.3283708847314518,0.8024046421051025,0.5833074450492859,0.1967707723379135
Face,no_mask,12345,756,-0.11654148346446937,0.4405715666995325,0.7360385060310364,0.6528425812721252,0.35810741782188416
Face,no_mask,12345,762,0.03382125039750404,0.1709985095842809,0.6724199652671814,0.6048308610916138,0.39003103971481323
Face,no_mask,12345,781,0.005920772639721124,0.4000028935713823,0.6471988558769226,0.7278693318367004,0.3291642665863037
Face,no_mask,12345,789,0.14141374178490626,0.22854812889963716,0.6766179800033569,0.4892393946647644,0.09410572052001953
Face,no_mask,12345,817,-0.3208356629249489,0.27111532786282705,0.7946653962135315,0.6646302342414856,0.5258978009223938
Face,no_mask,12345,820,-0.04051667300493889,0.2024146291295394,0.6987141370773315,0.4021185636520386,0.11233559250831604
Face,no_mask,12345,838,0.17008105248369348,0.3813279401200951,0.6864601373672485,0.5149394273757935,0.14431479573249817
Face,no_mask,12345,877,-0.03494754260564883,0.1816704117905085,0.7491003274917603,0.7919163703918457,0.8042439222335815
Face,no_mask,12345,887,0.044699963744076934,0.20975892335292798,0.6506704092025757,0.5705056190490723,0.3217933475971222
Face,no_mask,12345,973,-0.07107759013264661,0.3655005521876332,0.7436922192573547,0.5470852255821228,0.26016777753829956
Face,no_mask_repeat,12345,1,-0.04395451322965924,0.2161964614707037,0.7146731615066528,0.5936561822891235,0.32633641362190247
Face,no_mask_repeat,12345,16,0.07779380733619302,0.19600958681825734,0.7087083458900452,0.4034900665283203,0.1443396806716919
Face,no_mask_repeat,12345,20,-0.08456760776982174,0.24340113715869902,0.632149875164032,0.6984044909477234,0.3841046690940857
Face,no_mask_repeat,12345,51,0.001820123739348242,0.2669879641183563,0.77805095911026,0.3979191482067108,0.043638743460178375
Face,no_mask_repeat,12345,77,-0.12219896260464645,0.23222461144690315,0.7230132818222046,0.5480671525001526,0.0328008234500885
Face,no_mask_repeat,12345,135,-0.016037027041872414,0.33803331903394707,0.6892762780189514,0.49641987681388855,0.3055543899536133
Face,no_mask_repeat,12345,158,-0.17304165666007998,0.22128520713083988,0.7729016542434692,0.4155861735343933,0.12675678730010986
Face,no_mask_repeat,12345,177,0.03026959795056424,0.31218419998618874,0.6709370613098145,0.6106639504432678,0.22451618313789368
Face,no_mask_repeat,12345,188,0.11904011981142779,0.4838277419303739,0.7477112412452698,0.5984903573989868,0.06485415995121002
Face,no_mask_repeat,12345,218,0.1132293281568149,0.13271810427128633,0.7010596394538879,0.5273829102516174,0.4150574505329132
Face,no_mask_repeat,12345,287,0.04858096490553917,0.3577018346179279,0.7255535125732422,0.49426043033599854,0.14112772047519684
Face,no_mask_repeat,12345,292,0.15242494939772502,0.3437982738309851,0.6861467361450195,0.5226438045501709,0.259972482919693
Face,no_mask_repeat,12345,295,-0.18311978978573645,0.476358937626982,0.634443461894989,0.2851365804672241,0.013587531633675098
Face,no_mask_repeat,12345,340,-0.055702611948940474,0.21828599015037883,0.6748545169830322,0.4930063784122467,0.29820162057876587
Face,no_mask_repeat,12345,375,0.06704975717331053,0.12002877067181028,0.6938502192497253,0.5314881801605225,0.0254044309258461
Face,no_mask_repeat,12345,384,0.19627376819190864,0.32663284250979546,0.7857558727264404,0.6727379560470581,0.36709272861480713
Face,no_mask_repeat,12345,415,-0.09667515178340398,0.5372379786546028,0.6506620049476624,0.5286333560943604,0.250287264585495
Face,no_mask_repeat,12345,434,0.20695853442338352,0.2760743690422005,0.7102218270301819,0.5728259086608887,0.19128218293190002
Face,no_mask_repeat,12345,465,-0.12671766509080643,0.2376999399621919,0.6966588497161865,0.4359135031700134,0.232976034283638
Face,no_mask_repeat,12345,498,0.04454743027201457,0.42941243284909547,0.728997528553009,0.7199793457984924,0.8249735832214355
Face,no_mask_repeat,12345,507,0.18738695193861735,0.40551784552120124,0.6589236259460449,0.5359641909599304,0.17705035209655762
Face,no_mask_repeat,12345,529,0.03488391632792293,0.425594475209944,0.6784005165100098,0.6299589276313782,0.23512956500053406
Face,no_mask_repeat,12345,561,0.12221721750943484,0.16423032093411752,0.6542686820030212,0.3962451219558716,0.1310853511095047
Face,no_mask_repeat,12345,588,0.11630872074618072,0.17678616694430707,0.7198365330696106,0.5263265371322632,0.033104777336120605
Face,no_mask_repeat,12345,606,-0.013000489849772649,0.29770963860762706,0.6791297793388367,0.4111306667327881,0.00483290571719408
Face,no_mask_repeat,12345,678,-0.04671807676319623,0.25916465226883734,0.697950541973114,0.5726999044418335,0.10372084379196167
Face,no_mask_repeat,12345,708,0.21606972689526235,0.3283708847314518,0.8024046421051025,0.5833074450492859,0.1967707723379135
Face,no_mask_repeat,12345,756,-0.11654148346446937,0.4405715666995325,0.7360385060310364,0.6528425812721252,0.35810741782188416
Face,no_mask_repeat,12345,762,0.03382125039750404,0.1709985095842809,0.6724199652671814,0.6048308610916138,0.39003103971481323
Face,no_mask_repeat,12345,781,0.005920772639721124,0.4000028935713823,0.6471988558769226,0.7278693318367004,0.3291642665863037
Face,no_mask_repeat,12345,789,0.14141374178490626,0.22854812889963716,0.6766179800033569,0.4892393946647644,0.09410572052001953
Face,no_mask_repeat,12345,817,-0.3208356629249489,0.27111532786282705,0.7946653962135315,0.6646302342414856,0.5258978009223938
Face,no_mask_repeat,12345,820,-0.04051667300493889,0.2024146291295394,0.6987141370773315,0.4021185636520386,0.11233559250831604
Face,no_mask_repeat,12345,838,0.17008105248369348,0.3813279401200951,0.6864601373672485,0.5149394273757935,0.14431479573249817
Face,no_mask_repeat,12345,877,-0.03494754260564883,0.1816704117905085,0.7491003274917603,0.7919163703918457,0.8042439222335815
Face,no_mask_repeat,12345,887,0.044699963744076934,0.20975892335292798,0.6506704092025757,0.5705056190490723,0.3217933475971222
Face,no_mask_repeat,12345,973,-0.07107759013264661,0.3655005521876332,0.7436922192573547,0.5470852255821228,0.26016777753829956
Face,Body_unrelated_equal4_zero,23456,1,-0.10857948697887615,0.1654491012150551,0.6546963453292847,0.7027889490127563,0.30396854877471924
Face,Body_unrelated_equal4_zero,23456,16,-0.25627834101205327,0.24063889621867213,0.6842699646949768,0.281319797039032,0.0199724268168211
Face,Body_unrelated_equal4_zero,23456,20,0.13523550182791388,0.28257141031915345,0.6554719805717468,0.76380854845047,0.5141372680664062
Face,Body_unrelated_equal4_zero,23456,51,0.283247772117022,0.30663426985874653,0.707750678062439,0.4365846514701843,0.018400654196739197
Face,Body_unrelated_equal4_zero,23456,77,-0.14815151483717873,0.21532157974748778,0.7013953924179077,0.5103939175605774,1.0407529771327972e-05
Face,Body_unrelated_equal4_zero,23456,135,0.1134146700958527,0.38883776703317363,0.6995522975921631,0.5326701998710632,0.24669614434242249
Face,Body_unrelated_equal4_zero,23456,158,-0.25865962194129033,0.23436603665257463,0.8138870000839233,0.5100010633468628,0.2787746787071228
Face,Body_unrelated_equal4_zero,23456,177,0.002861391346741179,0.361427267733214,0.7432913780212402,0.6629191040992737,0.2585948705673218
Face,Body_unrelated_equal4_zero,23456,188,-0.10567379072237636,0.4660211431091228,0.8057312965393066,0.3930455148220062,0.008984042331576347
Face,Body_unrelated_equal4_zero,23456,218,0.11586683441209968,0.16010845092168952,0.717652440071106,0.4438272714614868,0.07187757641077042
Face,Body_unrelated_equal4_zero,23456,287,-0.08559041815674501,0.31505247704074957,0.6895644068717957,0.4997323453426361,0.11002761125564575
Face,Body_unrelated_equal4_zero,23456,292,0.003296109256580152,0.2783102203088977,0.6983183026313782,0.49031364917755127,0.21259260177612305
Face,Body_unrelated_equal4_zero,23456,295,-0.27331885930222133,0.4126215694502177,0.7435756921768188,0.2676302492618561,0.1471882462501526
Face,Body_unrelated_equal4_zero,23456,340,0.03124723411223992,0.2057948857681939,0.6762797236442566,0.378371000289917,0.2665582299232483
Face,Body_unrelated_equal4_zero,23456,375,-0.040527977200250226,0.11786104903937004,0.915311336517334,0.5606541633605957,0.027782857418060303
Face,Body_unrelated_equal4_zero,23456,384,0.3333679240677267,0.31516855514396724,0.7148247361183167,0.694222629070282,0.41120263934135437
Face,Body_unrelated_equal4_zero,23456,415,0.020580688590985555,0.44537598210957713,0.5585201978683472,0.6429562568664551,0.5062094926834106
Face,Body_unrelated_equal4_zero,23456,434,0.22382670217687992,0.23696346879670058,0.6274893283843994,0.5615403652191162,0.274250328540802
Face,Body_unrelated_equal4_zero,23456,465,-0.27348978277638386,0.2555152675059245,0.698472261428833,0.3664168417453766,0.19458428025245667
Face,Body_unrelated_equal4_zero,23456,498,-0.07147553061328447,0.363882125842466,0.6923425793647766,0.41132885217666626,-0.01469101570546627
Face,Body_unrelated_equal4_zero,23456,507,-0.057219677322059216,0.426174563215607,0.8127986788749695,0.4633263051509857,0.14634887874126434
Face,Body_unrelated_equal4_zero,23456,529,0.14169139966095842,0.4366323107994691,0.6150181889533997,0.6780481934547424,0.3196288049221039
Face,Body_unrelated_equal4_zero,23456,561,0.24221134396235666,0.18875795611819093,0.642184853553772,0.4723093807697296,0.27934741973876953
Face,Body_unrelated_equal4_zero,23456,588,0.09160107695782062,0.19351871926667352,0.7242927551269531,0.46258142590522766,0.05596799775958061
Face,Body_unrelated_equal4_zero,23456,606,0.22481537004072072,0.3027561826976097,0.6159669160842896,0.5577049255371094,0.04933798313140869
Face,Body_unrelated_equal4_zero,23456,678,0.0504364947163786,0.29446337251899946,0.7725284099578857,0.52849942445755,0.13731980323791504
Face,Body_unrelated_equal4_zero,23456,708,0.0038669587783416,0.15273365233610506,0.80045086145401,0.5999334454536438,0.39880815148353577
Face,Body_unrelated_equal4_zero,23456,756,-0.06533662249625158,0.4109831734749356,0.7188718318939209,0.5425618886947632,0.1697830706834793
Face,Body_unrelated_equal4_zero,23456,762,0.1019675031898846,0.16984798630316783,0.6930029392242432,0.6722890734672546,0.5240326523780823
Face,Body_unrelated_equal4_zero,23456,781,-0.11529437087729764,0.33503877483705313,0.7309730052947998,0.6997787952423096,0.2930176854133606
Face,Body_unrelated_equal4_zero,23456,789,0.19827747965647594,0.23144514108078137,0.6852102875709534,0.611247181892395,0.1968005895614624
Face,Body_unrelated_equal4_zero,23456,817,0.1465370696010895,0.3303224298147617,0.8135958313941956,0.5905314087867737,0.12391410768032074
Face,Body_unrelated_equal4_zero,23456,820,0.03753708827941234,0.33675989331750694,0.7041452527046204,0.5676360130310059,0.3271242082118988
Face,Body_unrelated_equal4_zero,23456,838,0.04355507960288667,0.2993618585335587,0.6995723843574524,0.6428331732749939,0.16737262904644012
Face,Body_unrelated_equal4_zero,23456,877,0.038780552342115845,0.17973922789834376,0.7463728189468384,0.763137698173523,0.7310982942581177
Face,Body_unrelated_equal4_zero,23456,887,0.14400844849384256,0.22512392218942834,0.6860166788101196,0.6322467923164368,0.18889445066452026
Face,Body_unrelated_equal4_zero,23456,973,0.14325217427878606,0.32000363356309264,0.679031252861023,0.5207251906394958,0.20739303529262543
Face,Face_full_zero,23456,1,-0.11152981424386124,0.17336029338686318,0.6628058552742004,0.6986219882965088,0.40773674845695496
Face,Face_full_zero,23456,16,-0.2571563546559377,0.24576512767137135,0.7029523849487305,0.3108307123184204,0.0359441339969635
Face,Face_full_zero,23456,20,0.12812113609518386,0.2705072353817976,0.6502572298049927,0.7524910569190979,0.44525235891342163
Face,Face_full_zero,23456,51,0.3026821511603794,0.29784503414914537,0.7016779780387878,0.45488303899765015,0.01613214984536171
Face,Face_full_zero,23456,77,-0.14425737923309775,0.22330469988057264,0.7031542658805847,0.4632737338542938,-0.00834699161350727
Face,Face_full_zero,23456,135,0.14560012322810287,0.3923856308761988,0.7132034301757812,0.490988165140152,0.2760040760040283
Face,Face_full_zero,23456,158,-0.2671535687553008,0.23319084845184967,0.8195024728775024,0.5084519982337952,0.2782388925552368
Face,Face_full_zero,23456,177,0.00905193363420726,0.3573768674282074,0.737248957157135,0.6579824090003967,0.30030301213264465
Face,Face_full_zero,23456,188,-0.10956887627276167,0.4654142443151165,0.8064098954200745,0.3760513663291931,0.0039238762110471725
Face,Face_full_zero,23456,218,0.06838266812306285,0.1685224428750474,0.7096116542816162,0.39039167761802673,0.07379937171936035
Face,Face_full_zero,23456,287,-0.0830404960102884,0.31622983999292686,0.6830261945724487,0.5288879871368408,0.11431238055229187
Face,Face_full_zero,23456,292,-0.0041561691624498924,0.2853213787993751,0.7057318091392517,0.4375801384449005,0.1496945023536682
Face,Face_full_zero,23456,295,-0.22621801302054126,0.4196952042644915,0.7456054091453552,0.33227279782295227,0.1559874266386032
Face,Face_full_zero,23456,340,0.03109157262951652,0.2107379851415952,0.6666153073310852,0.4969431459903717,0.3097817301750183
Face,Face_full_zero,23456,375,-0.039085696812608414,0.11770151277675199,0.8954699635505676,0.5558339953422546,0.025192271918058395
Face,Face_full_zero,23456,384,0.2204069600233797,0.2849510600324836,0.7616536021232605,0.7086914777755737,0.5078907608985901
Face,Face_full_zero,23456,415,-0.03040348819985875,0.5023690806123329,0.5715656876564026,0.6265622973442078,0.471242755651474
Face,Face_full_zero,23456,434,0.21531564037645867,0.23376285506449868,0.6258164644241333,0.5617924928665161,0.32994991540908813
Face,Face_full_zero,23456,465,-0.2710654963145619,0.250571111122477,0.699241578578949,0.38641682267189026,0.17469076812267303
Face,Face_full_zero,23456,498,-0.08270061129619614,0.3664097127985824,0.6795728802680969,0.42331355810165405,0.06337785720825195
Face,Face_full_zero,23456,507,-0.09025100821895485,0.4259900962286944,0.7828771471977234,0.4937918186187744,0.20661091804504395
Face,Face_full_zero,23456,529,0.13773532397289726,0.43446254068873086,0.6276607513427734,0.6988166570663452,0.4153204560279846
Face,Face_full_zero,23456,561,0.2521264807660724,0.1873943279096348,0.6456310749053955,0.47797662019729614,0.2770071029663086
Face,Face_full_zero,23456,588,0.09121570708560199,0.19612221692039328,0.7236054539680481,0.443371444940567,0.046623408794403076
Face,Face_full_zero,23456,606,0.22730124468002721,0.31753221720339286,0.6156935095787048,0.584944486618042,0.08910895138978958
Face,Face_full_zero,23456,678,0.04964245485330562,0.29063025030655776,0.770889163017273,0.5210791230201721,0.1506001204252243
Face,Face_full_zero,23456,708,0.005516491937522343,0.1546426219149905,0.8061730861663818,0.5975683927536011,0.4264088571071625
Face,Face_full_zero,23456,756,-0.06626770810277588,0.4097023097228544,0.7279627323150635,0.46368926763534546,0.2374366819858551
Face,Face_full_zero,23456,762,0.09740016848887384,0.17247899884245288,0.6839220523834229,0.6723604202270508,0.5577419400215149
Face,Face_full_zero,23456,781,-0.12484524343673299,0.32430970971831413,0.7367265224456787,0.6370383501052856,0.2966903746128082
Face,Face_full_zero,23456,789,0.1871235884442195,0.233700263815143,0.6805799007415771,0.6287899017333984,0.2723400592803955
Face,Face_full_zero,23456,817,0.13879472128751486,0.3253214057401864,0.8208380341529846,0.5927156805992126,0.16056647896766663
Face,Face_full_zero,23456,820,0.047484039051339556,0.3320504778486989,0.7054014205932617,0.46163827180862427,0.32041263580322266
Face,Face_full_zero,23456,838,0.041912377159089756,0.29878730668658454,0.6954690217971802,0.6464548707008362,0.1519928127527237
Face,Face_full_zero,23456,877,0.0332962861014441,0.17884170026863014,0.7377606630325317,0.7815259695053101,0.8103281855583191
Face,Face_full_zero,23456,887,0.13583084090342676,0.2252319804648575,0.68965083360672,0.690995454788208,0.21358589828014374
Face,Face_full_zero,23456,973,0.13956811195359983,0.32831053014533407,0.6736553311347961,0.5594769716262817,0.28634029626846313
Face,Face_random_full_01_zero,23456,1,-0.11140053231029895,0.17077769375761037,0.6631813049316406,0.7072421312332153,0.5177000164985657
Face,Face_random_full_01_zero,23456,16,-0.25032214774047196,0.24460278393752502,0.6793932318687439,0.2730957865715027,0.0385645255446434
Face,Face_random_full_01_zero,23456,20,0.15017889049634156,0.30436583676944157,0.666326105594635,0.70816570520401,0.4966042637825012
Face,Face_random_full_01_zero,23456,51,0.29622493102417624,0.30215074197323516,0.6980780363082886,0.4458773732185364,0.013411135412752628
Face,Face_random_full_01_zero,23456,77,-0.14335495190235437,0.22544464723246113,0.7035408616065979,0.4559328854084015,-0.00706055574119091
Face,Face_random_full_01_zero,23456,135,0.11135413762076672,0.34653801109728755,0.7050378322601318,0.6419957876205444,0.19837816059589386
Face,Face_random_full_01_zero,23456,158,-0.257646030982144,0.23749779373232166,0.8032339215278625,0.499619722366333,0.24753627181053162
Face,Face_random_full_01_zero,23456,177,-0.04336593104720451,0.40981914357090515,0.7393880486488342,0.7178804874420166,0.18820548057556152
Face,Face_random_full_01_zero,23456,188,-0.1185979868607261,0.4646054328645896,0.8082156181335449,0.3740788996219635,-0.03409478813409805
Face,Face_random_full_01_zero,23456,218,0.08711140730766512,0.16741326204065132,0.7061188220977783,0.4069327116012573,0.1211802288889885
Face,Face_random_full_01_zero,23456,287,-0.06495971770507025,0.32841636266324814,0.6773256063461304,0.5037859082221985,0.13339410722255707
Face,Face_random_full_01_zero,23456,292,0.010795876150837186,0.2848296835417758,0.689000129699707,0.3567420542240143,0.1668280065059662
Face,Face_random_full_01_zero,23456,295,-0.23206762514478346,0.4095203098341454,0.7439467906951904,0.28627461194992065,0.04542401432991028
Face,Face_random_full_01_zero,23456,340,0.03486352622229074,0.20502527278005575,0.675193190574646,0.46924474835395813,0.31547942757606506
Face,Face_random_full_01_zero,23456,375,-0.04322699688834297,0.11801124188147274,0.9197602272033691,0.5554687976837158,0.03572552651166916
Face,Face_random_full_01_zero,23456,384,0.23477277813185013,0.27972963786181326,0.7606704235076904,0.6806958913803101,0.4850437641143799
Face,Face_random_full_01_zero,23456,415,0.03444950981832079,0.5120378405111331,0.6019553542137146,0.7147770524024963,0.33387887477874756
Face,Face_random_full_01_zero,23456,434,0.22212967405731981,0.2377005659520874,0.6241259574890137,0.5625896453857422,0.41596487164497375
Face,Face_random_full_01_zero,23456,465,-0.24877083488435708,0.25018663839262223,0.697432279586792,0.38862740993499756,0.19646477699279785
Face,Face_random_full_01_zero,23456,498,-0.10890304241534768,0.3580101229767407,0.7185958623886108,0.5593350529670715,0.6249299645423889
Face,Face_random_full_01_zero,23456,507,-0.07669996529271683,0.42527868674006986,0.7755914330482483,0.4965575933456421,0.1575905978679657
Face,Face_random_full_01_zero,23456,529,0.14050905651185402,0.4354516605532617,0.6227468252182007,0.663950502872467,0.3712948262691498
Face,Face_random_full_01_zero,23456,561,0.24923489708790117,0.19623426093735752,0.6483818888664246,0.4573424756526947,0.17098309099674225
Face,Face_random_full_01_zero,23456,588,0.09043493531978422,0.19438347479962415,0.7227319478988647,0.4533860385417938,0.05642104893922806
Face,Face_random_full_01_zero,23456,606,0.21869634536730395,0.3152833503319182,0.6174911260604858,0.5682340264320374,0.2434178590774536
Face,Face_random_full_01_zero,23456,678,0.04600430827000156,0.2800498286983609,0.764323890209198,0.49456503987312317,0.13217996060848236
Face,Face_random_full_01_zero,23456,708,0.0030099556543807084,0.15791491677781513,0.8090304136276245,0.6962760090827942,0.36090710759162903
Face,Face_random_full_01_zero,23456,756,-0.07953539234208311,0.4085041786939755,0.7014486193656921,0.5272950530052185,0.2292649894952774
Face,Face_random_full_01_zero,23456,762,0.10141414760617722,0.17113341284478115,0.6869591474533081,0.6531757116317749,0.5339707136154175
Face,Face_random_full_01_zero,23456,781,-0.09496583524261462,0.33514493865895884,0.7432829141616821,0.6520947813987732,0.323254257440567
Face,Face_random_full_01_zero,23456,789,0.1872548260303552,0.23055454649371912,0.671220600605011,0.6543354392051697,0.25864794850349426
Face,Face_random_full_01_zero,23456,817,0.13831189009413275,0.3267252093914141,0.8261164426803589,0.5842989087104797,0.1493079662322998
Face,Face_random_full_01_zero,23456,820,0.04463855105780401,0.33853096736779836,0.7137727737426758,0.4606376588344574,0.27077826857566833
Face,Face_random_full_01_zero,23456,838,0.033410033853398566,0.30323426614985405,0.6924105882644653,0.5965956449508667,0.10679540038108826
Face,Face_random_full_01_zero,23456,877,0.03634837487812812,0.1769993567468907,0.7278892993927002,0.7880805730819702,0.8046112656593323
Face,Face_random_full_01_zero,23456,887,0.1275047285652119,0.22529070816294577,0.6828089952468872,0.6365218162536621,0.17205655574798584
Face,Face_random_full_01_zero,23456,973,0.1400179572815151,0.31879616601876226,0.6883132457733154,0.5628999471664429,0.24535490572452545
Face,Face_random_full_02_zero,23456,1,-0.1056087885667665,0.17665161849985403,0.6509610414505005,0.7205327749252319,0.44024553894996643
Face,Face_random_full_02_zero,23456,16,-0.25931098326074614,0.2354249443409427,0.666897177696228,0.23681315779685974,0.03423789143562317
Face,Face_random_full_02_zero,23456,20,0.19034725177050277,0.27630848416951576,0.6325141191482544,0.7191321849822998,0.45568394660949707
Face,Face_random_full_02_zero,23456,51,0.2761991650516251,0.30003117138523144,0.7059792876243591,0.43091803789138794,0.010564782656729221
Face,Face_random_full_02_zero,23456,77,-0.14422698357327182,0.2079967763462169,0.7032718658447266,0.49035248160362244,-0.016035648062825203
Face,Face_random_full_02_zero,23456,135,0.07957182920046217,0.39116321335912546,0.6819123029708862,0.6423241496086121,0.3041233718395233
Face,Face_random_full_02_zero,23456,158,-0.25011092129570983,0.23531931072353132,0.8234062194824219,0.5224527716636658,0.27944135665893555
Face,Face_random_full_02_zero,23456,177,-0.0007223031339191401,0.3578411274922529,0.7366025447845459,0.6678898930549622,0.2912561297416687
Face,Face_random_full_02_zero,23456,188,-0.11094671472382579,0.46483523494716067,0.8047971129417419,0.38709554076194763,0.010401351377367973
Face,Face_random_full_02_zero,23456,218,0.06745394747796803,0.1695804818054433,0.7196512222290039,0.2812320590019226,0.04499654471874237
Face,Face_random_full_02_zero,23456,287,-0.06717549592450552,0.32215580902841007,0.6883254647254944,0.5282284617424011,0.16356663405895233
Face,Face_random_full_02_zero,23456,292,0.0072287838522838935,0.27240856201869124,0.6980332136154175,0.539992094039917,0.17327579855918884
Face,Face_random_full_02_zero,23456,295,-0.23006412284204028,0.43611518995872456,0.7236672043800354,0.27586036920547485,0.04983086138963699
Face,Face_random_full_02_zero,23456,340,0.037603641028539705,0.19893341645340748,0.6796164512634277,0.42846089601516724,0.3022500276565552
Face,Face_random_full_02_zero,23456,375,-0.040647839662768824,0.11813382230859051,0.8828243017196655,0.549960732460022,0.032872021198272705
Face,Face_random_full_02_zero,23456,384,0.24647635138597163,0.2734964117600506,0.7559670805931091,0.6910721659660339,0.4856245219707489
Face,Face_random_full_02_zero,23456,415,-0.0028371007399837856,0.47835112520725004,0.5741284489631653,0.6620137095451355,0.4154122471809387
Face,Face_random_full_02_zero,23456,434,0.21097187462212033,0.23523236810993478,0.6219561100006104,0.6168789863586426,0.2654939293861389
Face,Face_random_full_02_zero,23456,465,-0.253043892336007,0.25176474808471344,0.6960739493370056,0.38788434863090515,0.205829456448555
Face,Face_random_full_02_zero,23456,498,-0.08252118985368796,0.36037477442151045,0.6929343342781067,0.49237799644470215,0.16410307586193085
Face,Face_random_full_02_zero,23456,507,-0.09242735402211945,0.39079576429140467,0.7838348150253296,0.5004314184188843,0.23812243342399597
Face,Face_random_full_02_zero,23456,529,0.11177662374303392,0.44409582043826706,0.6157360076904297,0.6304997801780701,0.3306517004966736
Face,Face_random_full_02_zero,23456,561,0.25511603495695806,0.18633293819676297,0.6536160707473755,0.4796659052371979,0.17406034469604492
Face,Face_random_full_02_zero,23456,588,0.10652942390231268,0.19468353067207858,0.719884991645813,0.47873684763908386,0.08529284596443176
Face,Face_random_full_02_zero,23456,606,0.22073613159758762,0.32777621738017926,0.6114562749862671,0.5754597187042236,0.22116461396217346
Face,Face_random_full_02_zero,23456,678,0.0411410890761055,0.28535762190844277,0.7833734750747681,0.5513104200363159,0.14495137333869934
Face,Face_random_full_02_zero,23456,708,-0.005943351110493167,0.16129650811853435,0.8051156997680664,0.655588686466217,0.3220042586326599
Face,Face_random_full_02_zero,23456,756,-0.13664205481079666,0.3915992319405545,0.7031574249267578,0.4874013364315033,0.23803600668907166
Face,Face_random_full_02_zero,23456,762,0.10663478601239558,0.17679781155282354,0.7053877711296082,0.697738766670227,0.5030837059020996
Face,Face_random_full_02_zero,23456,781,-0.1264921783582215,0.3403078309789253,0.739506185054779,0.6818546056747437,0.22269226610660553
Face,Face_random_full_02_zero,23456,789,0.18824730568121606,0.23257192650349034,0.6756026148796082,0.5636612176895142,0.26092663407325745
Face,Face_random_full_02_zero,23456,817,0.14032901807159287,0.3292192309614639,0.8242462873458862,0.5940384864807129,0.12412004172801971
Face,Face_random_full_02_zero,23456,820,0.03272205342768869,0.33667878755342867,0.7285146713256836,0.4918113946914673,0.28516846895217896
Face,Face_random_full_02_zero,23456,838,0.041798784479261795,0.2993777281595623,0.7076907157897949,0.6179167628288269,0.15386871993541718
Face,Face_random_full_02_zero,23456,877,0.018002241066118033,0.17764304892665406,0.7407774925231934,0.7882076501846313,0.811453640460968
Face,Face_random_full_02_zero,23456,887,0.13100546910951746,0.23027496324857533,0.7293257713317871,0.7562760710716248,0.2825224697589874
Face,Face_random_full_02_zero,23456,973,0.14423550517327888,0.33447098489659893,0.673482358455658,0.6119824647903442,0.19222339987754822
Face,Face_random_full_03_zero,23456,1,-0.11499754263782208,0.16990269505134176,0.6586939096450806,0.698158323764801,0.4417070150375366
Face,Face_random_full_03_zero,23456,16,-0.2581508390062068,0.23745413226475404,0.6923132538795471,0.30112820863723755,0.014976691454648972
Face,Face_random_full_03_zero,23456,20,0.18213186156000322,0.2831155847525943,0.6422555446624756,0.6587477326393127,0.43978917598724365
Face,Face_random_full_03_zero,23456,51,0.3192300409342166,0.3061589256609613,0.7063968181610107,0.4850005507469177,0.04441707581281662
Face,Face_random_full_03_zero,23456,77,-0.1418718398089102,0.22543512368919993,0.6959360241889954,0.4677278399467468,0.007194895762950182
Face,Face_random_full_03_zero,23456,135,0.09083956165394652,0.3868836610114675,0.717860758304596,0.6104976534843445,0.3975425660610199
Face,Face_random_full_03_zero,23456,158,-0.2687512218582381,0.23294565820369548,0.8172913789749146,0.5087003707885742,0.25538477301597595
Face,Face_random_full_03_zero,23456,177,0.011293303278207293,0.3575900464226978,0.7376198768615723,0.6633104681968689,0.3168356418609619
Face,Face_random_full_03_zero,23456,188,-0.10579925172799574,0.46582045085826795,0.8087184429168701,0.37412548065185547,-0.004957242868840694
Face,Face_random_full_03_zero,23456,218,0.07244059250268929,0.16018707087990605,0.7026106119155884,0.30855441093444824,0.06506619602441788
Face,Face_random_full_03_zero,23456,287,-0.06213660245605453,0.32997911589599177,0.6828125715255737,0.5149428844451904,0.13706909120082855
Face,Face_random_full_03_zero,23456,292,0.002726021103464563,0.28314232379283955,0.7013092637062073,0.47082871198654175,0.1966794729232788
Face,Face_random_full_03_zero,23456,295,-0.25901398174482393,0.4302761071011818,0.719464123249054,0.23528248071670532,0.022801974788308144
Face,Face_random_full_03_zero,23456,340,0.032921967335544505,0.21062329320696613,0.6699166297912598,0.5112494230270386,0.2814401686191559
Face,Face_random_full_03_zero,23456,375,-0.041674206898923115,0.116202731861991,0.9037367105484009,0.5643656253814697,0.02001279965043068
Face,Face_random_full_03_zero,23456,384,0.3134530234687075,0.29745922658516655,0.7033976316452026,0.8601685762405396,0.6655294895172119
Face,Face_random_full_03_zero,23456,415,-0.045562115981872035,0.4922061609953124,0.5753818154335022,0.6229207515716553,0.43547722697257996
Face,Face_random_full_03_zero,23456,434,0.21322390161960916,0.23608033409677534,0.6278400421142578,0.5678185224533081,0.21200250089168549
Face,Face_random_full_03_zero,23456,465,-0.2682712389817514,0.2502066139675331,0.6891545057296753,0.38530322909355164,0.19080853462219238
Face,Face_random_full_03_zero,23456,498,-0.10439110481670011,0.3548128576090016,0.7169176936149597,0.5401216745376587,0.6044116020202637
Face,Face_random_full_03_zero,23456,507,-0.05225938037208897,0.418070193961948,0.7934103608131409,0.48089656233787537,0.11316097527742386
Face,Face_random_full_03_zero,23456,529,0.1490407469424757,0.43997990651218244,0.6234766244888306,0.6955432891845703,0.38576939702033997
Face,Face_random_full_03_zero,23456,561,0.24853376474161182,0.19295037636914839,0.6463016271591187,0.4562525749206543,0.2478160262107849
Face,Face_random_full_03_zero,23456,588,0.09373227899874775,0.1951117847410447,0.7280104756355286,0.41520410776138306,0.05973600223660469
Face,Face_random_full_03_zero,23456,606,0.22267323039099113,0.32401078805594224,0.622171938419342,0.5694225430488586,0.13215303421020508
Face,Face_random_full_03_zero,23456,678,0.041137867199599595,0.296254909596392,0.7753857374191284,0.5461083650588989,0.13741855323314667
Face,Face_random_full_03_zero,23456,708,0.018117963189026993,0.16674523173597985,0.8029748797416687,0.6959030628204346,0.2936951220035553
Face,Face_random_full_03_zero,23456,756,-0.061402205406559635,0.4149266934633651,0.716873049736023,0.4798060655593872,0.22787506878376007
Face,Face_random_full_03_zero,23456,762,0.10577227168555797,0.1693553413703744,0.6863121390342712,0.6991236209869385,0.5483112931251526
Face,Face_random_full_03_zero,23456,781,-0.11415604144428326,0.3129751320895978,0.7406696081161499,0.6142695546150208,0.31331533193588257
Face,Face_random_full_03_zero,23456,789,0.1905025148995961,0.23042485099997412,0.6789335012435913,0.6090555787086487,0.22151508927345276
Face,Face_random_full_03_zero,23456,817,0.1364968867994372,0.33267797966344353,0.8269879817962646,0.6004775166511536,0.1546885222196579
Face,Face_random_full_03_zero,23456,820,0.04891072137155962,0.34737926912749567,0.696309506893158,0.5125573873519897,0.37638622522354126
Face,Face_random_full_03_zero,23456,838,0.04311796155805526,0.30221951089924737,0.7001195549964905,0.6514679193496704,0.15334902703762054
Face,Face_random_full_03_zero,23456,877,0.017427303338389124,0.17375509381092674,0.7410465478897095,0.7846267223358154,0.8024874925613403
Face,Face_random_full_03_zero,23456,887,0.11084490929762038,0.22504419163044237,0.7141689658164978,0.4167836904525757,0.18625901639461517
Face,Face_random_full_03_zero,23456,973,0.1350970508931366,0.3294453415905974,0.6751630306243896,0.5709681510925293,0.2812749743461609
Face,Face_random_full_04_zero,23456,1,-0.11516017290003752,0.16961010703261026,0.6672796010971069,0.7013665437698364,0.4541453421115875
Face,Face_random_full_04_zero,23456,16,-0.25157355298899653,0.2450072616886022,0.6923732161521912,0.3222232460975647,0.02614619955420494
Face,Face_random_full_04_zero,23456,20,0.18381441895866063,0.2906865623463928,0.6282200217247009,0.69638592004776,0.4723571538925171
Face,Face_random_full_04_zero,23456,51,0.3064576859817076,0.3036740659495807,0.7027379274368286,0.445736825466156,0.00427926704287529
Face,Face_random_full_04_zero,23456,77,-0.13738532545890358,0.2234545711708736,0.6981891393661499,0.4503423273563385,0.0034924037754535675
Face,Face_random_full_04_zero,23456,135,0.07970295822978656,0.38221423277748107,0.6824309825897217,0.660971462726593,0.329669326543808
Face,Face_random_full_04_zero,23456,158,-0.2553183993144497,0.2399708530489848,0.8049895763397217,0.48558124899864197,0.2827722132205963
Face,Face_random_full_04_zero,23456,177,-0.009934940111974652,0.35449112101962504,0.7337265610694885,0.6372686624526978,0.2491568922996521
Face,Face_random_full_04_zero,23456,188,-0.10770436384829839,0.4654183755526732,0.8043766617774963,0.38458195328712463,-0.0014801379293203354
Face,Face_random_full_04_zero,23456,218,0.05763647656638835,0.1609207291222384,0.7150877714157104,0.2372140884399414,0.004399002529680729
Face,Face_random_full_04_zero,23456,287,-0.07760775352346623,0.3154790484810163,0.6828306317329407,0.5322303175926208,0.12661130726337433
Face,Face_random_full_04_zero,23456,292,-0.003510010754746468,0.293510281218357,0.7065773606300354,0.5146438479423523,0.18660521507263184
Face,Face_random_full_04_zero,23456,295,-0.23333579329369886,0.4496250991667328,0.7283729910850525,0.3196987509727478,0.20454952120780945
Face,Face_random_full_04_zero,23456,340,0.0331855358165481,0.20782076310300826,0.6755799055099487,0.4255726933479309,0.3000984191894531
Face,Face_random_full_04_zero,23456,375,-0.040468181416867234,0.11777357181950923,0.8979018330574036,0.5542111992835999,0.02362068183720112
Face,Face_random_full_04_zero,23456,384,0.24398575417654533,0.28239789134855087,0.7557159662246704,0.6911952495574951,0.49342629313468933
Face,Face_random_full_04_zero,23456,415,-0.022255472645060868,0.4728148327723565,0.5751835703849792,0.6076499819755554,0.4475407600402832
Face,Face_random_full_04_zero,23456,434,0.21841212488384934,0.23335407582933096,0.6190797090530396,0.5493122935295105,0.29675155878067017
Face,Face_random_full_04_zero,23456,465,-0.24847278376856557,0.2370489990573438,0.7142980098724365,0.428315132856369,0.24242621660232544
Face,Face_random_full_04_zero,23456,498,-0.09595929713262039,0.3612228887773113,0.7009941339492798,0.6820400357246399,0.6354252696037292
Face,Face_random_full_04_zero,23456,507,-0.08738085686712123,0.4173365767284146,0.78836989402771,0.4973298907279968,0.21117569506168365
Face,Face_random_full_04_zero,23456,529,0.14539074937459,0.43931632198366966,0.6185122132301331,0.6842641830444336,0.36040374636650085
Face,Face_random_full_04_zero,23456,561,0.2501553354791844,0.1949747282656722,0.6429165601730347,0.43777695298194885,0.2955458462238312
Face,Face_random_full_04_zero,23456,588,0.10165117492042654,0.1949696672953784,0.7296905517578125,0.4974806308746338,0.0663372054696083
Face,Face_random_full_04_zero,23456,606,0.22485084208219522,0.3253898466962778,0.6118508577346802,0.6077361702919006,0.21985365450382233
Face,Face_random_full_04_zero,23456,678,0.05603803315180208,0.2814386814691094,0.7809453010559082,0.5163792967796326,0.15265119075775146
Face,Face_random_full_04_zero,23456,708,0.0006459643552699048,0.16025913010196666,0.8019106388092041,0.71024489402771,0.32075560092926025
Face,Face_random_full_04_zero,23456,756,-0.07760024499638744,0.40106026265549144,0.6972055435180664,0.49040648341178894,0.18833433091640472
Face,Face_random_full_04_zero,23456,762,0.10189017324932585,0.17048858284931304,0.6908175945281982,0.65911465883255,0.5559735894203186
Face,Face_random_full_04_zero,23456,781,-0.1257549711374396,0.3370900047487378,0.7410138845443726,0.6424804329872131,0.3000369668006897
Face,Face_random_full_04_zero,23456,789,0.20275411079379982,0.2327512504487631,0.7039760947227478,0.6386020183563232,0.261987566947937
Face,Face_random_full_04_zero,23456,817,0.1371578035605262,0.32398804376117335,0.8210767507553101,0.5868788361549377,0.14030301570892334
Face,Face_random_full_04_zero,23456,820,0.03978247072719174,0.3408825775645531,0.7180818915367126,0.4728274643421173,0.2811832129955292
Face,Face_random_full_04_zero,23456,838,0.04294838032535971,0.304970790217964,0.6974385380744934,0.6212285161018372,0.11771202087402344
Face,Face_random_full_04_zero,23456,877,0.020121707498308,0.18068614781172063,0.727118194103241,0.7831814289093018,0.8036777377128601
Face,Face_random_full_04_zero,23456,887,0.12573678751832928,0.23032790238473075,0.7198956608772278,0.7411220669746399,0.25426334142684937
Face,Face_random_full_04_zero,23456,973,0.12398187828326598,0.32165704059859834,0.6660616397857666,0.5251802802085876,0.22101953625679016
Face,Face_random_full_05_zero,23456,1,-0.10835854120452289,0.1699583066635558,0.6496453881263733,0.6964610815048218,0.4158960282802582
Face,Face_random_full_05_zero,23456,16,-0.237557072583457,0.24266064564832027,0.6869121789932251,0.31572356820106506,0.013073444366455078
Face,Face_random_full_05_zero,23456,20,0.1268068262937909,0.2837841488946211,0.6643722057342529,0.7523537874221802,0.5000528693199158
Face,Face_random_full_05_zero,23456,51,0.30359425107238763,0.3036193763689633,0.7002720832824707,0.4352424442768097,0.041981473565101624
Face,Face_random_full_05_zero,23456,77,-0.14559923761667673,0.22883955679883955,0.7008073925971985,0.46025991439819336,-0.00102265365421772
Face,Face_random_full_05_zero,23456,135,0.0918086673559471,0.3820518523512436,0.6758536100387573,0.6707103252410889,0.3414176106452942
Face,Face_random_full_05_zero,23456,158,-0.2578937426108196,0.23629182638763255,0.8080823421478271,0.5042127370834351,0.2972889244556427
Face,Face_random_full_05_zero,23456,177,0.011552544401022661,0.3561239373805948,0.7384984493255615,0.6330816745758057,0.27243876457214355
Face,Face_random_full_05_zero,23456,188,-0.1133242934375281,0.46505792333469304,0.810086190700531,0.36385583877563477,-0.025587838143110275
Face,Face_random_full_05_zero,23456,218,0.10479844487571219,0.16894743367966297,0.7434439063072205,0.5234726667404175,0.16561950743198395
Face,Face_random_full_05_zero,23456,287,-0.08512490560346965,0.3115436967606047,0.6797012090682983,0.5220822095870972,0.11707188189029694
Face,Face_random_full_05_zero,23456,292,-0.010788784300935403,0.28273263625342,0.7048287987709045,0.41514232754707336,0.18020722270011902
Face,Face_random_full_05_zero,23456,295,-0.2682976794654366,0.4229405058391079,0.7430715560913086,0.21648511290550232,0.02959371730685234
Face,Face_random_full_05_zero,23456,340,0.036554698919649985,0.20354427745630624,0.6785292029380798,0.44229236245155334,0.36887407302856445
Face,Face_random_full_05_zero,23456,375,-0.04913763375337057,0.11815248646693173,0.9092404842376709,0.5580315589904785,0.03722564876079559
Face,Face_random_full_05_zero,23456,384,0.23225553024460932,0.26434908883109476,0.7610666751861572,0.6663423776626587,0.4808347225189209
Face,Face_random_full_05_zero,23456,415,0.04120645268225039,0.5251440610776844,0.6095518469810486,0.6424978971481323,0.27628016471862793
Face,Face_random_full_05_zero,23456,434,0.21519561053410985,0.23756125129003103,0.6221137046813965,0.5833815932273865,0.34435513615608215
Face,Face_random_full_05_zero,23456,465,-0.26613854356964867,0.24968213217259602,0.6952967047691345,0.39053717255592346,0.15096847712993622
Face,Face_random_full_05_zero,23456,498,-0.11064231068913474,0.36712471677212805,0.7052370309829712,0.5180904269218445,0.43251699209213257
Face,Face_random_full_05_zero,23456,507,-0.09601140963346151,0.4206909019927686,0.775303840637207,0.5001795291900635,0.17305831611156464
Face,Face_random_full_05_zero,23456,529,0.14162606248474735,0.4379443685387515,0.6195824146270752,0.6716684103012085,0.34715378284454346
Face,Face_random_full_05_zero,23456,561,0.2524892984834764,0.18954212681043114,0.6438387632369995,0.4645175635814667,0.29476627707481384
Face,Face_random_full_05_zero,23456,588,0.08955503748802805,0.1962476281631758,0.7255139946937561,0.47025027871131897,0.0627373456954956
Face,Face_random_full_05_zero,23456,606,0.22151962466514713,0.31326504610106337,0.6147009134292603,0.6090192794799805,0.07538636028766632
Face,Face_random_full_05_zero,23456,678,0.04470557145026506,0.2908414306766127,0.7788017988204956,0.5538638830184937,0.14772048592567444
Face,Face_random_full_05_zero,23456,708,0.0014012925072885876,0.1592232849288959,0.8050580620765686,0.6500835418701172,0.36170557141304016
Face,Face_random_full_05_zero,23456,756,-0.08265373626361468,0.40714008441646043,0.7006663084030151,0.5275338292121887,0.2162870317697525
Face,Face_random_full_05_zero,23456,762,0.10474318066297728,0.16777048292239366,0.6843622326850891,0.6773460507392883,0.5316423177719116
Face,Face_random_full_05_zero,23456,781,-0.11301214416016932,0.3314484223364142,0.7379517555236816,0.6664003729820251,0.21099762618541718
Face,Face_random_full_05_zero,23456,789,0.19052091092248621,0.23266428650483553,0.6892204880714417,0.6356033086776733,0.19988927245140076
Face,Face_random_full_05_zero,23456,817,0.12025670659544371,0.3322009961353116,0.8318943977355957,0.5713865160942078,0.12195572257041931
Face,Face_random_full_05_zero,23456,820,0.04947173137461513,0.3381160734765446,0.7052510976791382,0.521035373210907,0.3699888586997986
Face,Face_random_full_05_zero,23456,838,0.04351658733209715,0.3040529171192893,0.7057915329933167,0.6344871520996094,0.16570626199245453
Face,Face_random_full_05_zero,23456,877,0.023530049083893022,0.17740983360940238,0.7288603782653809,0.7875188589096069,0.8006811141967773
Face,Face_random_full_05_zero,23456,887,0.11390965014839657,0.2259319062450216,0.7176908850669861,0.61817866563797,0.26321297883987427
Face,Face_random_full_05_zero,23456,973,0.12527784924356505,0.3217407762314709,0.6810740828514099,0.5742108225822449,0.2702433168888092
Face,no_mask,23456,1,-0.11476644064249837,0.1690242643769176,0.6580406427383423,0.7099741101264954,0.4602189362049103
Face,no_mask,23456,16,-0.2569221893115044,0.24259876884287565,0.7021023035049438,0.30868420004844666,0.024456478655338287
Face,no_mask,23456,20,0.15157159674181664,0.27471437609564175,0.6433501243591309,0.7495420575141907,0.4614407420158386
Face,no_mask,23456,51,0.30538520504581845,0.2957821103232922,0.6921014785766602,0.44287922978401184,-0.008457927964627743
Face,no_mask,23456,77,-0.14191125356728457,0.22433477836055102,0.7022069096565247,0.46249252557754517,-0.008135294541716576
Face,no_mask,23456,135,0.14423749377929876,0.39600042755420267,0.7174974083900452,0.5486689805984497,0.3609493672847748
Face,no_mask,23456,158,-0.2645626987065635,0.23453994373165474,0.8145337104797363,0.5098157525062561,0.27614015340805054
Face,no_mask,23456,177,0.01072325169862659,0.35739888017158367,0.7380583882331848,0.655960202217102,0.3093335032463074
Face,no_mask,23456,188,-0.10885448150351884,0.465508612861614,0.8078761696815491,0.37870165705680847,0.006027338095009327
Face,no_mask,23456,218,0.06900546894420231,0.16537844219830594,0.714582085609436,0.39650195837020874,0.1275690793991089
Face,no_mask,23456,287,-0.08487783253015832,0.31233976606333375,0.6842281818389893,0.492418497800827,0.10300680249929428
Face,no_mask,23456,292,0.004968587852311689,0.2765512002687273,0.7032899260520935,0.5201716423034668,0.17433466017246246
Face,no_mask,23456,295,-0.24204612686841354,0.4104511684944815,0.7587061524391174,0.33427873253822327,0.05644757300615311
Face,no_mask,23456,340,0.03350432815912351,0.21113616335271868,0.6707050800323486,0.4762227535247803,0.32801997661590576
Face,no_mask,23456,375,-0.039865723675565345,0.11772990833071793,0.8963269591331482,0.5548664331436157,0.024099141359329224
Face,no_mask,23456,384,0.24326992837085837,0.2792134023253621,0.7580951452255249,0.6878092288970947,0.48877766728401184
Face,no_mask,23456,415,-0.05509911849476637,0.4838711655406093,0.5655245184898376,0.6351816654205322,0.2715051770210266
Face,no_mask,23456,434,0.21999179207973893,0.23667577551796512,0.627421498298645,0.5804285407066345,0.2785986363887787
Face,no_mask,23456,465,-0.26185180566849175,0.25376635526277724,0.6909180879592896,0.4172815680503845,0.19005441665649414
Face,no_mask,23456,498,-0.09827080276343417,0.36302959292950704,0.6971679925918579,0.4974979758262634,0.4112841486930847
Face,no_mask,23456,507,-0.08830763713841198,0.42238484911767316,0.7832732200622559,0.49136680364608765,0.17527958750724792
Face,no_mask,23456,529,0.14550764545799072,0.43534017901303834,0.6264057755470276,0.7014161348342896,0.3746725022792816
Face,no_mask,23456,561,0.2496090172168845,0.18600652560642025,0.6463881731033325,0.48994380235671997,0.25678813457489014
Face,no_mask,23456,588,0.09252975020090766,0.1969034294157411,0.7208109498023987,0.4504275619983673,0.045496128499507904
Face,no_mask,23456,606,0.22353276182124987,0.3238223793197822,0.6165356040000916,0.5277535319328308,0.09381549805402756
Face,no_mask,23456,678,0.04959864324485696,0.29347765323560093,0.768110454082489,0.5412991642951965,0.13832759857177734
Face,no_mask,23456,708,0.002005270720972045,0.154315807829144,0.8123711943626404,0.5943241119384766,0.36485564708709717
Face,no_mask,23456,756,-0.0652215300155944,0.40611404899262865,0.7263005971908569,0.4961755871772766,0.23267993330955505
Face,no_mask,23456,762,0.09709325523855605,0.1708951331728269,0.6789796948432922,0.6746671199798584,0.5576552748680115
Face,no_mask,23456,781,-0.12073069703006295,0.33955207183906744,0.7394054532051086,0.6308696269989014,0.24746254086494446
Face,no_mask,23456,789,0.1927258194845411,0.23317832247288311,0.6788968443870544,0.6441705822944641,0.22557806968688965
Face,no_mask,23456,817,0.13770521667788593,0.3290948254665668,0.8206324577331543,0.592598021030426,0.17577259242534637
Face,no_mask,23456,820,0.045180635617497515,0.34724322453470313,0.7016265392303467,0.4855695366859436,0.3636639416217804
Face,no_mask,23456,838,0.04108272778303398,0.3026708976945416,0.7041263580322266,0.6512019634246826,0.16391022503376007
Face,no_mask,23456,877,0.024574783892140163,0.17695330937381726,0.7388306260108948,0.8012778759002686,0.8124334812164307
Face,no_mask,23456,887,0.10499220172241594,0.22249950848823416,0.7051870822906494,0.4973738193511963,0.13058003783226013
Face,no_mask,23456,973,0.1364344935711245,0.3291750528902449,0.6767652630805969,0.560070276260376,0.2977537214756012
Face,no_mask_repeat,23456,1,-0.11476644064249837,0.1690242643769176,0.6580406427383423,0.7099741101264954,0.4602189362049103
Face,no_mask_repeat,23456,16,-0.2569221893115044,0.24259876884287565,0.7021023035049438,0.30868420004844666,0.024456478655338287
Face,no_mask_repeat,23456,20,0.15157159674181664,0.27471437609564175,0.6433501243591309,0.7495420575141907,0.4614407420158386
Face,no_mask_repeat,23456,51,0.30538520504581845,0.2957821103232922,0.6921014785766602,0.44287922978401184,-0.008457927964627743
Face,no_mask_repeat,23456,77,-0.14191125356728457,0.22433477836055102,0.7022069096565247,0.46249252557754517,-0.008135294541716576
Face,no_mask_repeat,23456,135,0.14423749377929876,0.39600042755420267,0.7174974083900452,0.5486689805984497,0.3609493672847748
Face,no_mask_repeat,23456,158,-0.2645626987065635,0.23453994373165474,0.8145337104797363,0.5098157525062561,0.27614015340805054
Face,no_mask_repeat,23456,177,0.01072325169862659,0.35739888017158367,0.7380583882331848,0.655960202217102,0.3093335032463074
Face,no_mask_repeat,23456,188,-0.10885448150351884,0.465508612861614,0.8078761696815491,0.37870165705680847,0.006027338095009327
Face,no_mask_repeat,23456,218,0.06900546894420231,0.16537844219830594,0.714582085609436,0.39650195837020874,0.1275690793991089
Face,no_mask_repeat,23456,287,-0.08487783253015832,0.31233976606333375,0.6842281818389893,0.492418497800827,0.10300680249929428
Face,no_mask_repeat,23456,292,0.004968587852311689,0.2765512002687273,0.7032899260520935,0.5201716423034668,0.17433466017246246
Face,no_mask_repeat,23456,295,-0.24204612686841354,0.4104511684944815,0.7587061524391174,0.33427873253822327,0.05644757300615311
Face,no_mask_repeat,23456,340,0.03350432815912351,0.21113616335271868,0.6707050800323486,0.4762227535247803,0.32801997661590576
Face,no_mask_repeat,23456,375,-0.039865723675565345,0.11772990833071793,0.8963269591331482,0.5548664331436157,0.024099141359329224
Face,no_mask_repeat,23456,384,0.24326992837085837,0.2792134023253621,0.7580951452255249,0.6878092288970947,0.48877766728401184
Face,no_mask_repeat,23456,415,-0.05509911849476637,0.4838711655406093,0.5655245184898376,0.6351816654205322,0.2715051770210266
Face,no_mask_repeat,23456,434,0.21999179207973893,0.23667577551796512,0.627421498298645,0.5804285407066345,0.2785986363887787
Face,no_mask_repeat,23456,465,-0.26185180566849175,0.25376635526277724,0.6909180879592896,0.4172815680503845,0.19005441665649414
Face,no_mask_repeat,23456,498,-0.09827080276343417,0.36302959292950704,0.6971679925918579,0.4974979758262634,0.4112841486930847
Face,no_mask_repeat,23456,507,-0.08830763713841198,0.42238484911767316,0.7832732200622559,0.49136680364608765,0.17527958750724792
Face,no_mask_repeat,23456,529,0.14550764545799072,0.43534017901303834,0.6264057755470276,0.7014161348342896,0.3746725022792816
Face,no_mask_repeat,23456,561,0.2496090172168845,0.18600652560642025,0.6463881731033325,0.48994380235671997,0.25678813457489014
Face,no_mask_repeat,23456,588,0.09252975020090766,0.1969034294157411,0.7208109498023987,0.4504275619983673,0.045496128499507904
Face,no_mask_repeat,23456,606,0.22353276182124987,0.3238223793197822,0.6165356040000916,0.5277535319328308,0.09381549805402756
Face,no_mask_repeat,23456,678,0.04959864324485696,0.29347765323560093,0.768110454082489,0.5412991642951965,0.13832759857177734
Face,no_mask_repeat,23456,708,0.002005270720972045,0.154315807829144,0.8123711943626404,0.5943241119384766,0.36485564708709717
Face,no_mask_repeat,23456,756,-0.0652215300155944,0.40611404899262865,0.7263005971908569,0.4961755871772766,0.23267993330955505
Face,no_mask_repeat,23456,762,0.09709325523855605,0.1708951331728269,0.6789796948432922,0.6746671199798584,0.5576552748680115
Face,no_mask_repeat,23456,781,-0.12073069703006295,0.33955207183906744,0.7394054532051086,0.6308696269989014,0.24746254086494446
Face,no_mask_repeat,23456,789,0.1927258194845411,0.23317832247288311,0.6788968443870544,0.6441705822944641,0.22557806968688965
Face,no_mask_repeat,23456,817,0.13770521667788593,0.3290948254665668,0.8206324577331543,0.592598021030426,0.17577259242534637
Face,no_mask_repeat,23456,820,0.045180635617497515,0.34724322453470313,0.7016265392303467,0.4855695366859436,0.3636639416217804
Face,no_mask_repeat,23456,838,0.04108272778303398,0.3026708976945416,0.7041263580322266,0.6512019634246826,0.16391022503376007
Face,no_mask_repeat,23456,877,0.024574783892140163,0.17695330937381726,0.7388306260108948,0.8012778759002686,0.8124334812164307
Face,no_mask_repeat,23456,887,0.10499220172241594,0.22249950848823416,0.7051870822906494,0.4973738193511963,0.13058003783226013
Face,no_mask_repeat,23456,973,0.1364344935711245,0.3291750528902449,0.6767652630805969,0.560070276260376,0.2977537214756012
Face,Body_unrelated_equal4_zero,34567,1,0.08822802459723689,0.2038016119780449,0.7067375779151917,0.6992306709289551,0.48773348331451416
Face,Body_unrelated_equal4_zero,34567,16,-0.17264960359656834,0.20138098766370396,0.6751536130905151,0.3565548360347748,0.032668232917785645
Face,Body_unrelated_equal4_zero,34567,20,-0.03360229182804849,0.2241283342391875,0.5780596137046814,0.7152307629585266,0.4875747561454773
Face,Body_unrelated_equal4_zero,34567,51,-0.21898379900083245,0.2724410793568369,0.7628059983253479,0.40783974528312683,-0.008552096784114838
Face,Body_unrelated_equal4_zero,34567,77,-0.06778957276197668,0.23180713191826166,0.7256165742874146,0.6305952072143555,0.19080708920955658
Face,Body_unrelated_equal4_zero,34567,135,-0.03788807944772823,0.46936037887910587,0.6544064283370972,0.5695605874061584,0.09025879204273224
Face,Body_unrelated_equal4_zero,34567,158,-0.16045868370870076,0.26667048567022894,0.7980990409851074,0.5143934488296509,0.33243346214294434
Face,Body_unrelated_equal4_zero,34567,177,0.26900943792283905,0.2518924567527025,0.6327466368675232,0.6167672276496887,0.15460523962974548
Face,Body_unrelated_equal4_zero,34567,188,0.01999570284769839,0.3452021169813349,0.7794238924980164,0.3545617461204529,0.04952634871006012
Face,Body_unrelated_equal4_zero,34567,218,0.09225780049082886,0.17269747847597594,0.7035671472549438,0.6885808706283569,0.4321129620075226
Face,Body_unrelated_equal4_zero,34567,287,-0.1323789091072372,0.28045018218424567,0.6961430311203003,0.5598328113555908,0.18253503739833832
Face,Body_unrelated_equal4_zero,34567,292,-0.1370777850635727,0.2328827036086056,0.700779378414154,0.35523131489753723,0.029308540746569633
Face,Body_unrelated_equal4_zero,34567,295,-0.06253046200128821,0.42330547382751554,0.7218464016914368,0.5687683820724487,0.30012160539627075
Face,Body_unrelated_equal4_zero,34567,340,0.256159601723488,0.1985037236907567,0.6446539759635925,0.5791423320770264,0.3431183099746704
Face,Body_unrelated_equal4_zero,34567,375,-0.029786906090647127,0.12468668373603885,0.8364942073822021,0.5661050081253052,0.04534720256924629
Face,Body_unrelated_equal4_zero,34567,384,-0.20724408942243544,0.28917924093130265,0.8041101694107056,0.660888671875,0.3791450262069702
Face,Body_unrelated_equal4_zero,34567,415,0.05747864524520161,0.4104158656760273,0.6480637788772583,0.5711719393730164,0.08684133738279343
Face,Body_unrelated_equal4_zero,34567,434,-0.15303115499508504,0.2079353333341205,0.6311110854148865,0.5155971050262451,0.1866665482521057
Face,Body_unrelated_equal4_zero,34567,465,0.10532296077671936,0.2535290248098421,0.6406187415122986,0.42204320430755615,0.20118354260921478
Face,Body_unrelated_equal4_zero,34567,498,0.042159629038925985,0.32477642866182793,0.712287425994873,0.5310839414596558,0.17445361614227295
Face,Body_unrelated_equal4_zero,34567,507,-0.056907544908557296,0.39514300010905007,0.7503769993782043,0.5871737599372864,0.25675344467163086
Face,Body_unrelated_equal4_zero,34567,529,0.2563725260898392,0.3988311455282,0.683185338973999,0.6051176190376282,0.15583781898021698
Face,Body_unrelated_equal4_zero,34567,561,0.07533567654677971,0.1653931226122375,0.6807320713996887,0.5113974809646606,0.3800134062767029
Face,Body_unrelated_equal4_zero,34567,588,0.025703999372875718,0.1614037609344515,0.7289870977401733,0.3940863609313965,0.020934633910655975
Face,Body_unrelated_equal4_zero,34567,606,0.11917554416141758,0.30314526136842024,0.6634923219680786,0.427889883518219,0.037259023636579514
Face,Body_unrelated_equal4_zero,34567,678,0.03358255211934903,0.3546408297438544,0.7156648635864258,0.6311356425285339,0.2401501089334488
Face,Body_unrelated_equal4_zero,34567,708,-0.21557677168334305,0.2074914962730085,0.8240821361541748,0.6989388465881348,0.26851794123649597
Face,Body_unrelated_equal4_zero,34567,756,0.0014433264859123134,0.4783395815815516,0.7140753269195557,0.634880781173706,0.3148724436759949
Face,Body_unrelated_equal4_zero,34567,762,-0.0470519052931572,0.2119752415698166,0.6582981944084167,0.6771982908248901,0.3310229778289795
Face,Body_unrelated_equal4_zero,34567,781,0.0041465732932987245,0.4437771156032222,0.6231083869934082,0.784155011177063,0.22853843867778778
Face,Body_unrelated_equal4_zero,34567,789,0.07373491162813328,0.2193731117100183,0.6938172578811646,0.4285283088684082,0.10815012454986572
Face,Body_unrelated_equal4_zero,34567,817,0.13838883238145855,0.18044400606315186,0.7880260944366455,0.7404174208641052,0.4762049615383148
Face,Body_unrelated_equal4_zero,34567,820,-0.11651654395931942,0.34390914284482227,0.692854106426239,0.3602462112903595,0.3189064860343933
Face,Body_unrelated_equal4_zero,34567,838,0.03351960927833735,0.30303395422829266,0.6948740482330322,0.5852457284927368,0.2750166058540344
Face,Body_unrelated_equal4_zero,34567,877,-0.08684386329487942,0.19964301823244796,0.7460170388221741,0.8194014430046082,0.7619357705116272
Face,Body_unrelated_equal4_zero,34567,887,0.08440095659638543,0.2032354580121871,0.6743017435073853,0.5791731476783752,0.11713612824678421
Face,Body_unrelated_equal4_zero,34567,973,0.09354218380315976,0.33371722136508425,0.7539381980895996,0.4970793128013611,0.17252355813980103
Face,Face_full_zero,34567,1,0.09312157031590239,0.21243410899126025,0.669748842716217,0.7288163304328918,0.5152493119239807
Face,Face_full_zero,34567,16,-0.1789451900664212,0.20193010599927744,0.6784901022911072,0.35661593079566956,0.049910787492990494
Face,Face_full_zero,34567,20,-0.041843900908715544,0.22574941194964004,0.5793366432189941,0.727066159248352,0.5357365608215332
Face,Face_full_zero,34567,51,-0.21844685218469037,0.26713085504304196,0.7651233673095703,0.4353986978530884,0.037899065762758255
Face,Face_full_zero,34567,77,-0.0828828576878485,0.23076833967381888,0.7100968360900879,0.5368520021438599,0.2560255527496338
Face,Face_full_zero,34567,135,-0.041857552870713105,0.46668695391663106,0.6563274264335632,0.5361968278884888,0.09655265510082245
Face,Face_full_zero,34567,158,-0.12892030237396213,0.26085261070052757,0.7919644117355347,0.46132391691207886,0.26703310012817383
Face,Face_full_zero,34567,177,0.2433538067593003,0.297920172705486,0.5968191623687744,0.6226881146430969,0.19518165290355682
Face,Face_full_zero,34567,188,0.030308100456770095,0.37096452066991575,0.809627890586853,0.40063998103141785,0.0831841230392456
Face,Face_full_zero,34567,218,0.0882298922045153,0.17437916208417145,0.6955001354217529,0.6264784336090088,0.44099074602127075
Face,Face_full_zero,34567,287,-0.12143149550749126,0.28293751412784646,0.706771731376648,0.5405068397521973,0.17391744256019592
Face,Face_full_zero,34567,292,-0.10656141653977955,0.30785924497342715,0.7014699578285217,0.40033549070358276,0.06901980936527252
Face,Face_full_zero,34567,295,-0.05546567800125248,0.4400242975277346,0.6905527114868164,0.6041448712348938,0.5972289443016052
Face,Face_full_zero,34567,340,0.25151049978511025,0.19747284224666253,0.6509281396865845,0.5868993997573853,0.35363560914993286
Face,Face_full_zero,34567,375,-0.020456806843779353,0.1248045561595103,0.831048846244812,0.571327805519104,0.04013361781835556
Face,Face_full_zero,34567,384,-0.19354179730776294,0.28936639312083867,0.7959264516830444,0.6872472167015076,0.4714381694793701
Face,Face_full_zero,34567,415,0.04971012667480682,0.4159968178999715,0.6428034901618958,0.5675780177116394,0.0869237408041954
Face,Face_full_zero,34567,434,-0.08557431866747954,0.20776220236726567,0.6197865009307861,0.3554237484931946,0.11875385046005249
Face,Face_full_zero,34567,465,0.07367832540701628,0.2496041705323186,0.6200060248374939,0.41048765182495117,0.16535711288452148
Face,Face_full_zero,34567,498,0.039339551929474074,0.31642926311306774,0.7252812385559082,0.5413700938224792,0.19810616970062256
Face,Face_full_zero,34567,507,0.02711773590031429,0.387980242060955,0.7018957138061523,0.5868186950683594,0.2348112314939499
Face,Face_full_zero,34567,529,0.2618795701649301,0.4062755684897789,0.6673437356948853,0.592578649520874,0.21309295296669006
Face,Face_full_zero,34567,561,0.08632800775919137,0.16983645703259675,0.6812760829925537,0.5020431280136108,0.41972023248672485
Face,Face_full_zero,34567,588,0.030120635997119907,0.16096615298143385,0.7488989233970642,0.3993859589099884,0.041059091687202454
Face,Face_full_zero,34567,606,0.1085253607453038,0.3040011466555814,0.6444574594497681,0.4026148319244385,0.06114508956670761
Face,Face_full_zero,34567,678,0.01755181242175398,0.3552802724778607,0.7235696315765381,0.5991778373718262,0.22747816145420074
Face,Face_full_zero,34567,708,-0.21795778552521694,0.20875319997783306,0.8161889314651489,0.6605907082557678,0.21704979240894318
Face,Face_full_zero,34567,756,0.003084445149762241,0.4792131063085756,0.7218387722969055,0.5611212849617004,0.21807900071144104
Face,Face_full_zero,34567,762,-0.0416639424946106,0.2053669829150257,0.6658564209938049,0.6745139360427856,0.3728548288345337
Face,Face_full_zero,34567,781,-0.022086192340015656,0.44275363764696374,0.6608468890190125,0.6893836855888367,0.2849583029747009
Face,Face_full_zero,34567,789,0.09161395926530651,0.2278500437465239,0.685422956943512,0.46389737725257874,0.171075239777565
Face,Face_full_zero,34567,817,0.12057446045148447,0.18556322678229353,0.798126757144928,0.7165732979774475,0.45627495646476746
Face,Face_full_zero,34567,820,-0.15032254517009916,0.34740764335272767,0.6985065340995789,0.4580261707305908,0.26543840765953064
Face,Face_full_zero,34567,838,0.016782252685398173,0.2943762797180876,0.6905288100242615,0.6484998464584351,0.42974114418029785
Face,Face_full_zero,34567,877,-0.0731287048195136,0.19875363880599753,0.7383665442466736,0.7895359992980957,0.7610359191894531
Face,Face_full_zero,34567,887,0.0868416104434139,0.20113687969869454,0.6642976403236389,0.555524468421936,0.23129849135875702
Face,Face_full_zero,34567,973,0.0919806006544983,0.33645600227957817,0.7564853429794312,0.4834030568599701,0.1621500849723816
Face,Face_random_full_01_zero,34567,1,0.08998682474886262,0.21615731902734694,0.6898410320281982,0.596854567527771,0.36878111958503723
Face,Face_random_full_01_zero,34567,16,-0.16149442546701598,0.20193400494078018,0.6765590906143188,0.3525327742099762,0.05657011270523071
Face,Face_random_full_01_zero,34567,20,-0.02426300566805169,0.22365288542841125,0.5814754962921143,0.6779120564460754,0.38076603412628174
Face,Face_random_full_01_zero,34567,51,-0.25335581591817796,0.28717959045776725,0.7867717146873474,0.4516015350818634,-0.02890043333172798
Face,Face_random_full_01_zero,34567,77,-0.07843155320637116,0.23234080153906433,0.7238881587982178,0.5931727290153503,0.2491879165172577
Face,Face_random_full_01_zero,34567,135,-0.030843087985036672,0.4579100991168863,0.6653259992599487,0.5655965805053711,0.08310209214687347
Face,Face_random_full_01_zero,34567,158,-0.12239224237102488,0.26219668307214944,0.8056097030639648,0.4211791157722473,0.2036629319190979
Face,Face_random_full_01_zero,34567,177,0.27141511585962214,0.30612536251972416,0.5951008796691895,0.6189016103744507,0.22283820807933807
Face,Face_random_full_01_zero,34567,188,0.03354463176180864,0.36761206200344154,0.812049150466919,0.43339937925338745,0.08922451734542847
Face,Face_random_full_01_zero,34567,218,0.10218602722925214,0.17339535343699422,0.6975410580635071,0.6470289826393127,0.47855234146118164
Face,Face_random_full_01_zero,34567,287,-0.1214087348021169,0.28410645080520375,0.7066283226013184,0.5520878434181213,0.1732325404882431
Face,Face_random_full_01_zero,34567,292,-0.061492303251778443,0.2880258261233085,0.6816360354423523,0.4565907120704651,0.11170200258493423
Face,Face_random_full_01_zero,34567,295,-0.07011395956277612,0.4291645327401046,0.6992906332015991,0.48227089643478394,0.17712697386741638
Face,Face_random_full_01_zero,34567,340,0.26702521315837174,0.19393338384679343,0.6464698314666748,0.5208064317703247,0.3579232394695282
Face,Face_random_full_01_zero,34567,375,-0.02530218308384497,0.12288790963245132,0.848334014415741,0.5870692133903503,0.033280301839113235
Face,Face_random_full_01_zero,34567,384,-0.19420244345178875,0.2910829668200621,0.8019515872001648,0.6830047965049744,0.35552704334259033
Face,Face_random_full_01_zero,34567,415,0.03590528552394808,0.41190895641850656,0.647622287273407,0.5710379481315613,0.08628595620393753
Face,Face_random_full_01_zero,34567,434,-0.125198838053502,0.19754551749126603,0.6227654814720154,0.4767218828201294,0.21742767095565796
Face,Face_random_full_01_zero,34567,465,0.09241261429694851,0.2585594114082576,0.6454733610153198,0.34733960032463074,0.10180571675300598
Face,Face_random_full_01_zero,34567,498,0.04112723894201315,0.3261669462756043,0.7157696485519409,0.5554900765419006,0.13018129765987396
Face,Face_random_full_01_zero,34567,507,0.043982466699438574,0.37693896056274073,0.7266045212745667,0.5113473534584045,0.14749141037464142
Face,Face_random_full_01_zero,34567,529,0.258833402863204,0.41031810067013785,0.6781683564186096,0.6452023386955261,0.18438538908958435
Face,Face_random_full_01_zero,34567,561,0.09293521910968185,0.17608625590931828,0.679118275642395,0.488506019115448,0.389443963766098
Face,Face_random_full_01_zero,34567,588,0.04895199461008357,0.1564195837834145,0.7421715259552002,0.42258283495903015,0.0379495769739151
Face,Face_random_full_01_zero,34567,606,0.13135413301294077,0.30637866649334466,0.6377350091934204,0.4297921359539032,0.06689339876174927
Face,Face_random_full_01_zero,34567,678,0.03069395546895513,0.3621977946927654,0.7434568405151367,0.615462601184845,0.1753046214580536
Face,Face_random_full_01_zero,34567,708,-0.2202244290948639,0.2092887365295758,0.8189533948898315,0.6478396654129028,0.23017185926437378
Face,Face_random_full_01_zero,34567,756,2.179444182636419e-06,0.47978794464006613,0.7192981839179993,0.5713318586349487,0.30060577392578125
Face,Face_random_full_01_zero,34567,762,-0.034161272090017875,0.2077456102432383,0.6550774574279785,0.7166574597358704,0.3695591390132904
Face,Face_random_full_01_zero,34567,781,-0.012979164689752127,0.4492705940193653,0.655146062374115,0.686320960521698,0.14487484097480774
Face,Face_random_full_01_zero,34567,789,0.09359510844787794,0.22342764903919282,0.6765334606170654,0.46528780460357666,0.1626744121313095
Face,Face_random_full_01_zero,34567,817,0.12768719886889107,0.20133523914004967,0.7578552961349487,0.7587913274765015,0.5289644598960876
Face,Face_random_full_01_zero,34567,820,-0.14183977301102263,0.34560307268641727,0.697422444820404,0.3748857378959656,0.28155389428138733
Face,Face_random_full_01_zero,34567,838,-0.015865490002193842,0.3165586352065719,0.7253711819648743,0.5464852452278137,0.285248726606369
Face,Face_random_full_01_zero,34567,877,-0.08538653552755862,0.19861860325806438,0.7423094511032104,0.7958618402481079,0.7684568762779236
Face,Face_random_full_01_zero,34567,887,0.09797212449709826,0.20646413761502608,0.6648691296577454,0.6922504901885986,0.22823284566402435
Face,Face_random_full_01_zero,34567,973,0.09294072475258486,0.33922108364773496,0.757133424282074,0.5024817585945129,0.1519341766834259
Face,Face_random_full_02_zero,34567,1,0.09962296313311404,0.19823153619973433,0.67484450340271,0.7542778253555298,0.40356823801994324
Face,Face_random_full_02_zero,34567,16,-0.16533066099653923,0.19708052911873367,0.6800206899642944,0.33392709493637085,0.05241015926003456
Face,Face_random_full_02_zero,34567,20,-0.02316092431597584,0.21071237041429625,0.5997615456581116,0.6335376501083374,0.27530646324157715
Face,Face_random_full_02_zero,34567,51,-0.2897958607006647,0.2773665216971528,0.7702431678771973,0.4215529263019562,0.03024768829345703
Face,Face_random_full_02_zero,34567,77,-0.09344469075460628,0.2266657872397223,0.7175859212875366,0.5067721605300903,0.20315714180469513
Face,Face_random_full_02_zero,34567,135,-0.03459362870424966,0.46351626906097254,0.660935640335083,0.5315333604812622,0.05716323480010033
Face,Face_random_full_02_zero,34567,158,-0.11992781160530488,0.2836547629170837,0.786736249923706,0.47765684127807617,0.20426005125045776
Face,Face_random_full_02_zero,34567,177,0.2547190438692029,0.3062626148651917,0.5938335061073303,0.6269605159759521,0.1673271507024765
Face,Face_random_full_02_zero,34567,188,0.022423711790779684,0.36656999384191247,0.7977121472358704,0.3561230003833771,0.012182635255157948
Face,Face_random_full_02_zero,34567,218,0.10388092232248847,0.17811310855164264,0.6955509781837463,0.586168646812439,0.5904743671417236
Face,Face_random_full_02_zero,34567,287,-0.14270789242736392,0.2805724014285253,0.6999289989471436,0.5490133762359619,0.18181495368480682
Face,Face_random_full_02_zero,34567,292,-0.12177333206812282,0.3384388495481827,0.7086387276649475,0.38926225900650024,0.03897383064031601
Face,Face_random_full_02_zero,34567,295,-0.04955001797877883,0.46291120349914633,0.7183513641357422,0.5171381235122681,0.31852594017982483
Face,Face_random_full_02_zero,34567,340,0.2590818647340887,0.19569733322404081,0.647428572177887,0.6104744076728821,0.43675389885902405
Face,Face_random_full_02_zero,34567,375,-0.030076325823330304,0.12329567469758992,0.8388275504112244,0.5782869458198547,0.036436013877391815
Face,Face_random_full_02_zero,34567,384,-0.18952151121613203,0.29299649588810484,0.8022384643554688,0.6758766770362854,0.38944515585899353
Face,Face_random_full_02_zero,34567,415,0.025839859555875935,0.4200004073891615,0.6334415078163147,0.5891735553741455,0.08643247932195663
Face,Face_random_full_02_zero,34567,434,-0.08761855973219725,0.21041461922383944,0.6193134188652039,0.3442354202270508,0.16280652582645416
Face,Face_random_full_02_zero,34567,465,0.06916371729472628,0.2513237063038815,0.6380329132080078,0.3788805902004242,0.16960293054580688
Face,Face_random_full_02_zero,34567,498,0.025456013387192566,0.3386148826365218,0.7053616046905518,0.39834341406822205,0.44384732842445374
Face,Face_random_full_02_zero,34567,507,0.06857190720076098,0.36525913022920137,0.7034816145896912,0.4554698169231415,0.16421055793762207
Face,Face_random_full_02_zero,34567,529,0.25538635305433816,0.4042276252968673,0.6824371814727783,0.6223499774932861,0.2536979913711548
Face,Face_random_full_02_zero,34567,561,0.09402057122669623,0.17526659961255908,0.6787474751472473,0.48609787225723267,0.3946032226085663
Face,Face_random_full_02_zero,34567,588,0.05271860946166571,0.15930376740956428,0.7389643788337708,0.43198439478874207,0.016896486282348633
Face,Face_random_full_02_zero,34567,606,0.10596896059526523,0.30022164892862546,0.660530686378479,0.3860108554363251,0.03118702583014965
Face,Face_random_full_02_zero,34567,678,0.0393640440987207,0.35635282266709206,0.7263031601905823,0.6239746809005737,0.22013992071151733
Face,Face_random_full_02_zero,34567,708,-0.21250686253712137,0.20581336508764791,0.8290013670921326,0.6991404294967651,0.3058543801307678
Face,Face_random_full_02_zero,34567,756,0.014455209400250735,0.48236690303031593,0.7249226570129395,0.5854322910308838,0.21916911005973816
Face,Face_random_full_02_zero,34567,762,-0.027858845541550055,0.20798269034810082,0.6575711965560913,0.7260846495628357,0.34206992387771606
Face,Face_random_full_02_zero,34567,781,-0.02048446413515432,0.438302981911097,0.6338052749633789,0.7619631886482239,0.19749239087104797
Face,Face_random_full_02_zero,34567,789,0.08136031722399079,0.22784155770268344,0.7001336216926575,0.4765082895755768,0.11954846978187561
Face,Face_random_full_02_zero,34567,817,0.1164390345383665,0.1777527949758994,0.7706324458122253,0.77687007188797,0.4840307831764221
Face,Face_random_full_02_zero,34567,820,-0.10937535224538272,0.35430834163420594,0.6902256011962891,0.47363975644111633,0.23165501654148102
Face,Face_random_full_02_zero,34567,838,-0.046703464235880565,0.2996163182284837,0.7148343920707703,0.6009300351142883,0.3540206253528595
Face,Face_random_full_02_zero,34567,877,-0.08836547916321918,0.19742950846238355,0.7436298131942749,0.8001085519790649,0.7542500495910645
Face,Face_random_full_02_zero,34567,887,0.09225288832389789,0.20977727885970585,0.6850869655609131,0.628524899482727,0.21905763447284698
Face,Face_random_full_02_zero,34567,973,0.09084910115658684,0.34089820254814057,0.7882667183876038,0.4751807153224945,0.2034715712070465
Face,Face_random_full_03_zero,34567,1,0.0991154396479851,0.20856360802702084,0.6690049171447754,0.7426403164863586,0.47827044129371643
Face,Face_random_full_03_zero,34567,16,-0.17500682283063781,0.2011233170709041,0.6758366227149963,0.35248613357543945,0.038428761065006256
Face,Face_random_full_03_zero,34567,20,-0.031525873561444075,0.2256276703003632,0.5740412473678589,0.7184262275695801,0.4286574125289917
Face,Face_random_full_03_zero,34567,51,-0.28465458701190854,0.27626411391143463,0.7854265570640564,0.4221051037311554,0.008206604048609734
Face,Face_random_full_03_zero,34567,77,-0.08754309923430233,0.22755809015791614,0.7172105312347412,0.5766019225120544,0.28276968002319336
Face,Face_random_full_03_zero,34567,135,-0.03542501910347669,0.4661804107932784,0.6625743508338928,0.5442255735397339,0.08661602437496185
Face,Face_random_full_03_zero,34567,158,-0.12348152990997001,0.25639293078761144,0.7777215242385864,0.47254127264022827,0.2855965495109558
Face,Face_random_full_03_zero,34567,177,0.24287818887922316,0.29727595857300754,0.595558226108551,0.6272374987602234,0.20142798125743866
Face,Face_random_full_03_zero,34567,188,0.024964924479184556,0.36750615815261006,0.7935649156570435,0.39383620023727417,0.07823915779590607
Face,Face_random_full_03_zero,34567,218,0.08941164843135373,0.17828307975478508,0.6885000467300415,0.6246432662010193,0.39920204877853394
Face,Face_random_full_03_zero,34567,287,-0.13219956207673447,0.2877364615461133,0.7074969410896301,0.5020177960395813,0.17053844034671783
Face,Face_random_full_03_zero,34567,292,-0.06239655292064475,0.3234945989914045,0.7660341262817383,0.5330023765563965,0.04454917088150978
Face,Face_random_full_03_zero,34567,295,-0.05431448837290876,0.44832643400191996,0.7086405158042908,0.5153363943099976,0.5814752578735352
Face,Face_random_full_03_zero,34567,340,0.250538004792452,0.19990092982778487,0.651602029800415,0.5517337918281555,0.34561485052108765
Face,Face_random_full_03_zero,34567,375,-0.021352276509910784,0.12517256664386156,0.8276901245117188,0.5641003847122192,0.04911526292562485
Face,Face_random_full_03_zero,34567,384,-0.2050790656701235,0.2905136503376161,0.8058784604072571,0.6816082000732422,0.36262989044189453
Face,Face_random_full_03_zero,34567,415,0.030444235813416085,0.4104089886031535,0.6353477239608765,0.5533847212791443,0.04774431139230728
Face,Face_random_full_03_zero,34567,434,-0.07301841888969499,0.21043531277288258,0.620288610458374,0.41707009077072144,0.19348272681236267
Face,Face_random_full_03_zero,34567,465,0.037938064367493446,0.24248264969887048,0.643140971660614,0.423138827085495,0.16737815737724304
Face,Face_random_full_03_zero,34567,498,0.03952752759855765,0.32505982734034083,0.7164171934127808,0.5415874123573303,0.1302323043346405
Face,Face_random_full_03_zero,34567,507,-0.037087704603453404,0.39679322955966007,0.745659351348877,0.45129355788230896,0.14513683319091797
Face,Face_random_full_03_zero,34567,529,0.2639834538593045,0.41189595856400435,0.6819490194320679,0.6069715023040771,0.2795308828353882
Face,Face_random_full_03_zero,34567,561,0.08078711405738959,0.16499906620919777,0.6713461875915527,0.533301591873169,0.39823076128959656
Face,Face_random_full_03_zero,34567,588,0.04259772628760494,0.1563273258059504,0.7409890294075012,0.40978264808654785,0.039911702275276184
Face,Face_random_full_03_zero,34567,606,0.09744003260414393,0.3061442129615569,0.6525998115539551,0.3765774667263031,0.018959175795316696
Face,Face_random_full_03_zero,34567,678,0.01743544616552174,0.3606106941589445,0.717277467250824,0.5942215323448181,0.22808966040611267
Face,Face_random_full_03_zero,34567,708,-0.2020351402769766,0.20791040655412424,0.839887797832489,0.6073987483978271,0.1884399950504303
Face,Face_random_full_03_zero,34567,756,-0.005602127784488181,0.47012485444699426,0.7229375839233398,0.57154780626297,0.2088620662689209
Face,Face_random_full_03_zero,34567,762,-0.041451224080649614,0.21819120075735524,0.657343327999115,0.7249294519424438,0.36507484316825867
Face,Face_random_full_03_zero,34567,781,-0.024308748782374018,0.44327238216066367,0.6485622525215149,0.7356999516487122,0.20842283964157104
Face,Face_random_full_03_zero,34567,789,0.09174426047340714,0.21848620881794312,0.6795424818992615,0.4443867802619934,0.18186576664447784
Face,Face_random_full_03_zero,34567,817,0.10990196712521735,0.19110848593405236,0.7629716396331787,0.7871947288513184,0.5427395701408386
Face,Face_random_full_03_zero,34567,820,-0.1485861067817745,0.3473052380344416,0.6878435611724854,0.4113040268421173,0.23123401403427124
Face,Face_random_full_03_zero,34567,838,0.020805967278403194,0.29422370970735545,0.6884741187095642,0.46475663781166077,0.2611074149608612
Face,Face_random_full_03_zero,34567,877,-0.08752327783323871,0.19796178357642719,0.7381516098976135,0.8086848258972168,0.7541211247444153
Face,Face_random_full_03_zero,34567,887,0.08332599774091531,0.20616566966157499,0.6592931151390076,0.6532706022262573,0.21550236642360687
Face,Face_random_full_03_zero,34567,973,0.08785924894873377,0.3382281331622441,0.7598533034324646,0.4905284643173218,0.18601548671722412
Face,Face_random_full_04_zero,34567,1,0.10715351106206646,0.2168305059657313,0.6718961596488953,0.7769551277160645,0.5477690696716309
Face,Face_random_full_04_zero,34567,16,-0.18253917967767852,0.20354749256509308,0.676841676235199,0.3428857922554016,0.040608327835798264
Face,Face_random_full_04_zero,34567,20,0.00519972925716458,0.22365917574805716,0.5690735578536987,0.6954571604728699,0.44407057762145996
Face,Face_random_full_04_zero,34567,51,-0.2817607449203055,0.26694669758093703,0.7850150465965271,0.41523924469947815,0.024104805663228035
Face,Face_random_full_04_zero,34567,77,-0.08299304547177819,0.23484297243595145,0.7221093773841858,0.5562341213226318,0.23748910427093506
Face,Face_random_full_04_zero,34567,135,-0.04118150340781413,0.4676332097366829,0.655182421207428,0.5337746143341064,0.11747381091117859
Face,Face_random_full_04_zero,34567,158,-0.13190373343025122,0.28272802045219364,0.8148096799850464,0.43775230646133423,0.18932589888572693
Face,Face_random_full_04_zero,34567,177,0.2103764417584244,0.3160021621228222,0.6117285490036011,0.5925000309944153,0.15157894790172577
Face,Face_random_full_04_zero,34567,188,0.02415716763158643,0.3683112566219319,0.8102818131446838,0.42636942863464355,0.09618324786424637
Face,Face_random_full_04_zero,34567,218,0.11319929027720517,0.17582624178729886,0.7003440260887146,0.565399706363678,0.5176491737365723
Face,Face_random_full_04_zero,34567,287,-0.12805506978454925,0.2754604406597392,0.7061367630958557,0.5689390897750854,0.19650325179100037
Face,Face_random_full_04_zero,34567,292,-0.15494513969729795,0.26711180200067375,0.6658905744552612,0.442837655544281,0.08133421093225479
Face,Face_random_full_04_zero,34567,295,-0.032209504590985594,0.4423580393993539,0.7132717967033386,0.4530113637447357,0.3409624397754669
Face,Face_random_full_04_zero,34567,340,0.24599811418290032,0.18996222545686656,0.6591629981994629,0.593544065952301,0.3557308614253998
Face,Face_random_full_04_zero,34567,375,-0.01820673166446389,0.12478822635943837,0.8498375415802002,0.5813647508621216,0.03454066440463066
Face,Face_random_full_04_zero,34567,384,-0.1869401939773636,0.2898106974375142,0.7982480525970459,0.7085617184638977,0.4501095116138458
Face,Face_random_full_04_zero,34567,415,0.018863303213217796,0.4207331331832994,0.6352052092552185,0.5811660289764404,0.069059818983078
Face,Face_random_full_04_zero,34567,434,-0.07982116527675993,0.20947186013905722,0.6164581179618835,0.3604372441768646,0.14271898567676544
Face,Face_random_full_04_zero,34567,465,0.06679244186512387,0.24555861913065924,0.6192870140075684,0.41312769055366516,0.19867095351219177
Face,Face_random_full_04_zero,34567,498,0.04349324717188631,0.31558494338697857,0.7197284698486328,0.5529869198799133,0.1856219619512558
Face,Face_random_full_04_zero,34567,507,-0.037488253251284416,0.40008904384238314,0.7495700716972351,0.44889014959335327,0.06160147860646248
Face,Face_random_full_04_zero,34567,529,0.24218255210148287,0.3966753369906418,0.6836031079292297,0.6351702809333801,0.1548190414905548
Face,Face_random_full_04_zero,34567,561,0.08824125638458033,0.16443497193087098,0.6822328567504883,0.4964157044887543,0.41005921363830566
Face,Face_random_full_04_zero,34567,588,0.03474416202565928,0.16313083458514321,0.7416367530822754,0.3963397443294525,0.013446848839521408
Face,Face_random_full_04_zero,34567,606,0.11829695162302958,0.30722095768544966,0.6526021361351013,0.410484254360199,0.06520013511180878
Face,Face_random_full_04_zero,34567,678,0.02701731800967039,0.35642710130853267,0.7329704165458679,0.6245759725570679,0.2630930244922638
Face,Face_random_full_04_zero,34567,708,-0.22275624816952808,0.209042100098998,0.8251791000366211,0.643117368221283,0.2462071180343628
Face,Face_random_full_04_zero,34567,756,-0.006581853147323487,0.4355056486388647,0.7247979044914246,0.5506921410560608,0.2083459347486496
Face,Face_random_full_04_zero,34567,762,-0.03673519359616494,0.20754760247162513,0.6602678298950195,0.6839293241500854,0.37187185883522034
Face,Face_random_full_04_zero,34567,781,-0.020579686942304477,0.4535887192423338,0.6633334159851074,0.7325454354286194,0.2547629773616791
Face,Face_random_full_04_zero,34567,789,0.09430095869979815,0.21573146552793648,0.6872904896736145,0.37141481041908264,0.13631440699100494
Face,Face_random_full_04_zero,34567,817,0.13395339029124606,0.184905318059253,0.7855647206306458,0.7490748167037964,0.5056493282318115
Face,Face_random_full_04_zero,34567,820,-0.11814324101785988,0.35150360080664533,0.6812441349029541,0.4769953489303589,0.24529746174812317
Face,Face_random_full_04_zero,34567,838,0.02849445944055622,0.30359509690800807,0.6947461366653442,0.5918166637420654,0.28379616141319275
Face,Face_random_full_04_zero,34567,877,-0.08714751904171907,0.19847184676125168,0.7445783615112305,0.7888500690460205,0.7572728991508484
Face,Face_random_full_04_zero,34567,887,0.09119315742362367,0.2065565592256752,0.6637555360794067,0.6303454637527466,0.24846607446670532
Face,Face_random_full_04_zero,34567,973,0.08234785012818804,0.33721733581246527,0.7593847513198853,0.44363248348236084,0.18737447261810303
Face,Face_random_full_05_zero,34567,1,0.10237506537844021,0.22091908909460464,0.6791694760322571,0.7506927251815796,0.47103065252304077
Face,Face_random_full_05_zero,34567,16,-0.16445371481694418,0.20190913818267273,0.6800656914710999,0.344168096780777,0.04167193919420242
Face,Face_random_full_05_zero,34567,20,-0.029934958150356208,0.22332841875500234,0.5738257765769958,0.7265647649765015,0.4730863869190216
Face,Face_random_full_05_zero,34567,51,-0.28034249699227204,0.27064856092963524,0.7744954824447632,0.44512438774108887,-0.03343836963176727
Face,Face_random_full_05_zero,34567,77,-0.08554716093187649,0.2348929189964679,0.7231608033180237,0.554658055305481,0.34525004029273987
Face,Face_random_full_05_zero,34567,135,-0.0378047771267129,0.4627309487316555,0.6592119336128235,0.5393599271774292,0.09144175797700882
Face,Face_random_full_05_zero,34567,158,-0.10788541630118188,0.2573561539445024,0.7695456743240356,0.47800251841545105,0.2703414559364319
Face,Face_random_full_05_zero,34567,177,0.21706626570452725,0.2908045653321168,0.6034111380577087,0.5984275341033936,0.14469130337238312
Face,Face_random_full_05_zero,34567,188,0.04766068797300056,0.3640266732452199,0.7826259732246399,0.3668593168258667,0.06961917132139206
Face,Face_random_full_05_zero,34567,218,0.09977171130115536,0.17630087095462124,0.6990742683410645,0.6271193027496338,0.3985004723072052
Face,Face_random_full_05_zero,34567,287,-0.1302116013036472,0.281823623362562,0.6960852742195129,0.5267422795295715,0.14692798256874084
Face,Face_random_full_05_zero,34567,292,-0.03451295367495851,0.27181680078521864,0.6739876866340637,0.43923652172088623,0.08394961804151535
Face,Face_random_full_05_zero,34567,295,-0.06611586112241347,0.4371570650335126,0.7151147127151489,0.464891254901886,0.6019411683082581
Face,Face_random_full_05_zero,34567,340,0.24948210790011244,0.19511201987827745,0.6474995613098145,0.5376823544502258,0.3364775478839874
Face,Face_random_full_05_zero,34567,375,-0.03150620466052118,0.12395320047111406,0.8487403392791748,0.5856133103370667,0.03412584960460663
Face,Face_random_full_05_zero,34567,384,-0.2049500056785233,0.2898127169085285,0.8041774034500122,0.6939286589622498,0.35476818680763245
Face,Face_random_full_05_zero,34567,415,0.04003775669752341,0.4068208220697092,0.6467767953872681,0.5679133534431458,0.0790988951921463
Face,Face_random_full_05_zero,34567,434,-0.12035593795918197,0.204891688300862,0.6103526949882507,0.41513994336128235,0.16762858629226685
Face,Face_random_full_05_zero,34567,465,0.08967387819550772,0.25693746295617975,0.6290464401245117,0.43343305587768555,0.18343041837215424
Face,Face_random_full_05_zero,34567,498,0.04284265866989797,0.3201389662047921,0.7235685586929321,0.5392292737960815,0.12606419622898102
Face,Face_random_full_05_zero,34567,507,0.04535185788230257,0.3716477177773338,0.7378968000411987,0.549048125743866,0.18172991275787354
Face,Face_random_full_05_zero,34567,529,0.26246194780581766,0.4072162732492623,0.6882273554801941,0.6217424869537354,0.25165456533432007
Face,Face_random_full_05_zero,34567,561,0.09090447961925929,0.16437271416841095,0.6915227174758911,0.5078737139701843,0.41076818108558655
Face,Face_random_full_05_zero,34567,588,0.05152440350455423,0.1566077484448361,0.7387482523918152,0.3966214060783386,0.01899860054254532
Face,Face_random_full_05_zero,34567,606,0.11168728293430107,0.2951604510233931,0.6578438878059387,0.3452077805995941,0.021783821284770966
Face,Face_random_full_05_zero,34567,678,0.0001808067944449769,0.35276938737652297,0.7353827953338623,0.6149976849555969,0.19566410779953003
Face,Face_random_full_05_zero,34567,708,-0.19967870369704155,0.21172761762835468,0.8408993482589722,0.5915699601173401,0.15303322672843933
Face,Face_random_full_05_zero,34567,756,0.031802559529442886,0.49501940257978094,0.7001267671585083,0.5927833914756775,0.26389095187187195
Face,Face_random_full_05_zero,34567,762,-0.04436087420005695,0.21649391107064742,0.6578864455223083,0.6870460510253906,0.39868736267089844
Face,Face_random_full_05_zero,34567,781,-0.02715875100119114,0.4474923122950396,0.6500605344772339,0.6167243719100952,0.18265977501869202
Face,Face_random_full_05_zero,34567,789,0.09009665646501905,0.22379315704402694,0.6845676898956299,0.46839070320129395,0.1734868735074997
Face,Face_random_full_05_zero,34567,817,0.12629074994841535,0.19751460895350134,0.7850969433784485,0.7541719675064087,0.5637372732162476
Face,Face_random_full_05_zero,34567,820,-0.1465900369466838,0.3371451792954154,0.6905943155288696,0.43672555685043335,0.22091618180274963
Face,Face_random_full_05_zero,34567,838,-0.016975571230590878,0.3057096251517957,0.7219663858413696,0.5211606025695801,0.22615723311901093
Face,Face_random_full_05_zero,34567,877,-0.07910241847945304,0.20017683323339028,0.7394065856933594,0.8201249241828918,0.7691711187362671
Face,Face_random_full_05_zero,34567,887,0.0820749553637735,0.20657102194236396,0.6715362071990967,0.6472544074058533,0.21742890775203705
Face,Face_random_full_05_zero,34567,973,0.08635436081354496,0.33895019163375634,0.7578062415122986,0.5013160109519958,0.16779658198356628
Face,no_mask,34567,1,0.1024456741827645,0.20914581256546227,0.6923397779464722,0.7224452495574951,0.48573827743530273
Face,no_mask,34567,16,-0.17688144523123706,0.20171178726018182,0.6773844361305237,0.3559524714946747,0.038785047829151154
Face,no_mask,34567,20,-0.037125000725152554,0.22263059599400783,0.5739489793777466,0.7146111130714417,0.48076361417770386
Face,no_mask,34567,51,-0.24372798457188707,0.28152243136953214,0.7973416447639465,0.4623473286628723,-0.0042759720236063
Face,no_mask,34567,77,-0.08030588490435141,0.23144823903713424,0.7091432213783264,0.5517546534538269,0.27159199118614197
Face,no_mask,34567,135,-0.041712741873515494,0.46410987390319636,0.655367374420166,0.5385628342628479,0.09764724969863892
Face,no_mask,34567,158,-0.12620107674049363,0.2762777649785577,0.7870047092437744,0.4216075539588928,0.1962929368019104
Face,no_mask,34567,177,0.2515246856992744,0.3020513482813852,0.5973324179649353,0.6069460511207581,0.17439284920692444
Face,no_mask,34567,188,0.02739241980922744,0.3698050330627303,0.8140438795089722,0.40053412318229675,0.0982201024889946
Face,no_mask,34567,218,0.0942596431792189,0.17328143965501008,0.6976746320724487,0.6167203783988953,0.42864862084388733
Face,no_mask,34567,287,-0.12444032425696307,0.2799429836632121,0.7049635648727417,0.5591989755630493,0.16477908194065094
Face,no_mask,34567,292,-0.07608491357546941,0.32808156761960483,0.7691208720207214,0.5294288992881775,0.10890181362628937
Face,no_mask,34567,295,-0.04870909196765384,0.4473933761078396,0.7251892685890198,0.48505812883377075,0.29960736632347107
Face,no_mask,34567,340,0.254499080905405,0.19434120782421285,0.6557472944259644,0.543179988861084,0.35180845856666565
Face,no_mask,34567,375,-0.017988154884320047,0.1250513453913028,0.8431023359298706,0.5715622901916504,0.05265463888645172
Face,no_mask,34567,384,-0.19687867492855765,0.2915474177816654,0.8029112219810486,0.679635226726532,0.36627721786499023
Face,no_mask,34567,415,0.03459398858008989,0.41743454219316345,0.6367781162261963,0.5775073766708374,0.08671477437019348
Face,no_mask,34567,434,-0.09447624373157006,0.20557022804199293,0.6186440587043762,0.36713579297065735,0.14602428674697876
Face,no_mask,34567,465,0.08048137944149675,0.25361302338927516,0.6275853514671326,0.43396151065826416,0.16216233372688293
Face,no_mask,34567,498,0.04074180941273256,0.3213986298004868,0.7193872332572937,0.5454612970352173,0.20220521092414856
Face,no_mask,34567,507,0.01077077276731916,0.367435727561499,0.7433004379272461,0.571529746055603,0.1753365844488144
Face,no_mask,34567,529,0.26346231726886343,0.413145524622763,0.6743854284286499,0.5809304714202881,0.20883381366729736
Face,no_mask,34567,561,0.08092667848855051,0.1652864407488614,0.6830594539642334,0.5351282358169556,0.40057581663131714
Face,no_mask,34567,588,0.03272603144125307,0.16220442581165234,0.7471323609352112,0.40661364793777466,0.025367919355630875
Face,no_mask,34567,606,0.11108175585116573,0.30618961079710755,0.6496425867080688,0.3946153521537781,0.06133906543254852
Face,no_mask,34567,678,0.026849204349729767,0.3609678822087654,0.7189731001853943,0.6038037538528442,0.2339385747909546
Face,no_mask,34567,708,-0.2180387078274543,0.20812355398987062,0.8162322044372559,0.6870741248130798,0.2437773048877716
Face,no_mask,34567,756,-0.0014283970263664657,0.4774543414199938,0.719894289970398,0.5656377077102661,0.20463202893733978
Face,no_mask,34567,762,-0.03634634646867908,0.2110664221348561,0.660152018070221,0.6963114738464355,0.3805307447910309
Face,no_mask,34567,781,-0.013561715868424938,0.4462852165989869,0.6603132486343384,0.7222123146057129,0.24492239952087402
Face,no_mask,34567,789,0.09540327283716277,0.22632754662061214,0.6773108839988708,0.4333076477050781,0.17755696177482605
Face,no_mask,34567,817,0.11432635668201488,0.18040883797358967,0.7789018750190735,0.765031099319458,0.5105631351470947
Face,no_mask,34567,820,-0.14846437923809475,0.34789747265267545,0.6968416571617126,0.44946786761283875,0.2877890467643738
Face,no_mask,34567,838,0.030047614849702593,0.3020743041592121,0.6942983865737915,0.5950341820716858,0.20615938305854797
Face,no_mask,34567,877,-0.08365511240648249,0.20076569896313765,0.7435387372970581,0.8095281720161438,0.7602210640907288
Face,no_mask,34567,887,0.08733809249235662,0.20164805370946665,0.6667295694351196,0.5843790769577026,0.19005858898162842
Face,no_mask,34567,973,0.09017458640963504,0.3358896829302577,0.7589414119720459,0.48688164353370667,0.15748989582061768
Face,no_mask_repeat,34567,1,0.1024456741827645,0.20914581256546227,0.6923397779464722,0.7224452495574951,0.48573827743530273
Face,no_mask_repeat,34567,16,-0.17688144523123706,0.20171178726018182,0.6773844361305237,0.3559524714946747,0.038785047829151154
Face,no_mask_repeat,34567,20,-0.037125000725152554,0.22263059599400783,0.5739489793777466,0.7146111130714417,0.48076361417770386
Face,no_mask_repeat,34567,51,-0.24372798457188707,0.28152243136953214,0.7973416447639465,0.4623473286628723,-0.0042759720236063
Face,no_mask_repeat,34567,77,-0.08030588490435141,0.23144823903713424,0.7091432213783264,0.5517546534538269,0.27159199118614197
Face,no_mask_repeat,34567,135,-0.041712741873515494,0.46410987390319636,0.655367374420166,0.5385628342628479,0.09764724969863892
Face,no_mask_repeat,34567,158,-0.12620107674049363,0.2762777649785577,0.7870047092437744,0.4216075539588928,0.1962929368019104
Face,no_mask_repeat,34567,177,0.2515246856992744,0.3020513482813852,0.5973324179649353,0.6069460511207581,0.17439284920692444
Face,no_mask_repeat,34567,188,0.02739241980922744,0.3698050330627303,0.8140438795089722,0.40053412318229675,0.0982201024889946
Face,no_mask_repeat,34567,218,0.0942596431792189,0.17328143965501008,0.6976746320724487,0.6167203783988953,0.42864862084388733
Face,no_mask_repeat,34567,287,-0.12444032425696307,0.2799429836632121,0.7049635648727417,0.5591989755630493,0.16477908194065094
Face,no_mask_repeat,34567,292,-0.07608491357546941,0.32808156761960483,0.7691208720207214,0.5294288992881775,0.10890181362628937
Face,no_mask_repeat,34567,295,-0.04870909196765384,0.4473933761078396,0.7251892685890198,0.48505812883377075,0.29960736632347107
Face,no_mask_repeat,34567,340,0.254499080905405,0.19434120782421285,0.6557472944259644,0.543179988861084,0.35180845856666565
Face,no_mask_repeat,34567,375,-0.017988154884320047,0.1250513453913028,0.8431023359298706,0.5715622901916504,0.05265463888645172
Face,no_mask_repeat,34567,384,-0.19687867492855765,0.2915474177816654,0.8029112219810486,0.679635226726532,0.36627721786499023
Face,no_mask_repeat,34567,415,0.03459398858008989,0.41743454219316345,0.6367781162261963,0.5775073766708374,0.08671477437019348
Face,no_mask_repeat,34567,434,-0.09447624373157006,0.20557022804199293,0.6186440587043762,0.36713579297065735,0.14602428674697876
Face,no_mask_repeat,34567,465,0.08048137944149675,0.25361302338927516,0.6275853514671326,0.43396151065826416,0.16216233372688293
Face,no_mask_repeat,34567,498,0.04074180941273256,0.3213986298004868,0.7193872332572937,0.5454612970352173,0.20220521092414856
Face,no_mask_repeat,34567,507,0.01077077276731916,0.367435727561499,0.7433004379272461,0.571529746055603,0.1753365844488144
Face,no_mask_repeat,34567,529,0.26346231726886343,0.413145524622763,0.6743854284286499,0.5809304714202881,0.20883381366729736
Face,no_mask_repeat,34567,561,0.08092667848855051,0.1652864407488614,0.6830594539642334,0.5351282358169556,0.40057581663131714
Face,no_mask_repeat,34567,588,0.03272603144125307,0.16220442581165234,0.7471323609352112,0.40661364793777466,0.025367919355630875
Face,no_mask_repeat,34567,606,0.11108175585116573,0.30618961079710755,0.6496425867080688,0.3946153521537781,0.06133906543254852
Face,no_mask_repeat,34567,678,0.026849204349729767,0.3609678822087654,0.7189731001853943,0.6038037538528442,0.2339385747909546
Face,no_mask_repeat,34567,708,-0.2180387078274543,0.20812355398987062,0.8162322044372559,0.6870741248130798,0.2437773048877716
Face,no_mask_repeat,34567,756,-0.0014283970263664657,0.4774543414199938,0.719894289970398,0.5656377077102661,0.20463202893733978
Face,no_mask_repeat,34567,762,-0.03634634646867908,0.2110664221348561,0.660152018070221,0.6963114738464355,0.3805307447910309
Face,no_mask_repeat,34567,781,-0.013561715868424938,0.4462852165989869,0.6603132486343384,0.7222123146057129,0.24492239952087402
Face,no_mask_repeat,34567,789,0.09540327283716277,0.22632754662061214,0.6773108839988708,0.4333076477050781,0.17755696177482605
Face,no_mask_repeat,34567,817,0.11432635668201488,0.18040883797358967,0.7789018750190735,0.765031099319458,0.5105631351470947
Face,no_mask_repeat,34567,820,-0.14846437923809475,0.34789747265267545,0.6968416571617126,0.44946786761283875,0.2877890467643738
Face,no_mask_repeat,34567,838,0.030047614849702593,0.3020743041592121,0.6942983865737915,0.5950341820716858,0.20615938305854797
Face,no_mask_repeat,34567,877,-0.08365511240648249,0.20076569896313765,0.7435387372970581,0.8095281720161438,0.7602210640907288
Face,no_mask_repeat,34567,887,0.08733809249235662,0.20164805370946665,0.6667295694351196,0.5843790769577026,0.19005858898162842
Face,no_mask_repeat,34567,973,0.09017458640963504,0.3358896829302577,0.7589414119720459,0.48688164353370667,0.15748989582061768
