category,condition,seed,dataset_idx,pixel_corr,ssim,lpips,clip,dino
Scene,Body_unrelated_equal4_zero,12345,14,0.6723586819359302,0.5537663512579707,0.5070183277130127,0.45531103014945984,0.06265103071928024
Scene,Body_unrelated_equal4_zero,12345,15,-0.013342037590460662,0.3750763631727827,0.8260089755058289,0.7701380252838135,0.07448974251747131
Scene,Body_unrelated_equal4_zero,12345,36,0.13488406232191769,0.25249397603529905,0.6724135279655457,0.40174105763435364,0.057652346789836884
Scene,Body_unrelated_equal4_zero,12345,39,-0.5301761094740302,0.2874179873110249,0.5478904247283936,0.7071956992149353,0.4005087614059448
Scene,Body_unrelated_equal4_zero,12345,126,-0.1734931617132935,0.4202167385799286,0.7396796941757202,0.8797494769096375,0.34174343943595886
Scene,Body_unrelated_equal4_zero,12345,132,0.08463534758988527,0.1008526710372861,0.6916841268539429,0.5497855544090271,0.16511330008506775
Scene,Body_unrelated_equal4_zero,12345,167,0.19325041714170915,0.10277475650265917,0.722732663154602,0.4429132640361786,-0.000984691083431244
Scene,Body_unrelated_equal4_zero,12345,196,0.12204444456507839,0.27808755200758895,0.65895676612854,0.7271254062652588,0.1378912478685379
Scene,Body_unrelated_equal4_zero,12345,199,0.16855357482352493,0.20356780234441782,0.6868491172790527,0.6675888895988464,0.14323091506958008
Scene,Body_unrelated_equal4_zero,12345,214,-0.10519746857261647,0.3228094370606034,0.6883644461631775,0.6741122603416443,0.08085750043392181
Scene,Body_unrelated_equal4_zero,12345,241,0.1464171344397892,0.34935240707543536,0.6993476748466492,0.509492039680481,0.038383789360523224
Scene,Body_unrelated_equal4_zero,12345,242,-0.055108888125310077,0.47181678513998915,0.8214591145515442,0.5103686451911926,0.009683528915047646
Scene,Body_unrelated_equal4_zero,12345,245,-0.06932937695902591,0.42249412308211565,0.6812499165534973,0.5775853395462036,0.010999673046171665
Scene,Body_unrelated_equal4_zero,12345,249,-0.02001459227207108,0.3763460307200401,0.8340471982955933,0.42901599407196045,0.02530135214328766
Scene,Body_unrelated_equal4_zero,12345,282,0.0999056335441375,0.3376961941428004,0.6809688210487366,0.43666160106658936,-0.0008089020848274231
Scene,Body_unrelated_equal4_zero,12345,289,-0.1889954409961961,0.36345363593261965,0.7266061305999756,0.6386607885360718,0.13232854008674622
Scene,Body_unrelated_equal4_zero,12345,303,0.139940529892721,0.46222956108751334,0.7568457722663879,0.6212310791015625,-0.001833852380514145
Scene,Body_unrelated_equal4_zero,12345,314,-0.06870555301870641,0.19137296450705385,0.8126643300056458,0.6000776290893555,0.06697718054056168
Scene,Body_unrelated_equal4_zero,12345,393,0.3528073517001624,0.3948596357109876,0.66422438621521,0.8324206471443176,0.38908201456069946
Scene,Body_unrelated_equal4_zero,12345,412,0.588695649876685,0.5064180924704038,0.5807791352272034,0.5315704941749573,0.14119385182857513
Scene,Body_unrelated_equal4_zero,12345,442,-0.02177879700751358,0.31259957941509026,0.7208159565925598,0.6337854862213135,0.07838983833789825
Scene,Body_unrelated_equal4_zero,12345,463,-0.18380022054875933,0.10129245107674377,0.8130847811698914,0.44040337204933167,0.03508888930082321
Scene,Body_unrelated_equal4_zero,12345,469,0.026493663785232494,0.23544035085534776,0.7745187282562256,0.46159833669662476,-0.02116117998957634
Scene,Body_unrelated_equal4_zero,12345,486,0.10221249669087491,0.08180734020966011,0.7255709171295166,0.5246627926826477,0.03419150039553642
Scene,Body_unrelated_equal4_zero,12345,491,0.5793227958592595,0.39661129295019304,0.5779502987861633,0.7536294460296631,0.10665174573659897
Scene,Body_unrelated_equal4_zero,12345,518,0.22261911232454484,0.5050367274742231,0.7558783292770386,0.5909389853477478,0.1861734837293625
Scene,Body_unrelated_equal4_zero,12345,523,-0.05095628003998312,0.10656666784456244,0.6398830413818359,0.4679903984069824,0.08242638409137726
Scene,Body_unrelated_equal4_zero,12345,545,0.07420837261413468,0.42737883787614767,0.7593562006950378,0.6935057640075684,0.01564916782081127
Scene,Body_unrelated_equal4_zero,12345,551,0.020127793278147572,0.05904764771126148,0.829332709312439,0.4063052535057068,-0.02243354171514511
Scene,Body_unrelated_equal4_zero,12345,568,0.1168504989228898,0.4104825919780742,0.7407948970794678,0.785861611366272,0.3538943827152252
Scene,Body_unrelated_equal4_zero,12345,620,0.772773065165911,0.5314825019132421,0.5713227391242981,0.5894131064414978,0.2598351538181305
Scene,Body_unrelated_equal4_zero,12345,640,-0.06128713855048459,0.16517057542936547,0.6445314884185791,0.8277499079704285,0.5830742716789246
Scene,Body_unrelated_equal4_zero,12345,648,0.07403380601302949,0.25467935787143836,0.7439779043197632,0.6079227924346924,0.01522846333682537
Scene,Body_unrelated_equal4_zero,12345,671,0.12569638009172174,0.4010895264169526,0.6336321830749512,0.7612658739089966,0.3555693030357361
Scene,Body_unrelated_equal4_zero,12345,755,0.40438302180041175,0.3980099192796128,0.6425982713699341,0.5809242129325867,0.20587174594402313
Scene,Body_unrelated_equal4_zero,12345,811,0.21024561541915343,0.23469146876273872,0.7352670431137085,0.4761964976787567,0.041150398552417755
Scene,Body_unrelated_equal4_zero,12345,821,0.02684092454392708,0.23693362735345644,0.646076500415802,0.7658528685569763,0.7129776477813721
Scene,Body_unrelated_equal4_zero,12345,824,-0.06507409310682655,0.09422287169934958,0.7452595829963684,0.6051007509231567,0.2322087287902832
Scene,Body_unrelated_equal4_zero,12345,841,0.11480791365829103,0.29966536131345706,0.7843519449234009,0.61231929063797,0.12308434396982193
Scene,Body_unrelated_equal4_zero,12345,842,0.045665422361891375,0.2574778412333455,0.781079888343811,0.7201161980628967,0.059633560478687286
Scene,Body_unrelated_equal4_zero,12345,850,0.08547855353235834,0.29056082318403664,0.7151504755020142,0.7074517607688904,0.32830628752708435
Scene,Body_unrelated_equal4_zero,12345,855,0.04948742546658175,0.4547983712962113,0.688707172870636,0.7142161130905151,0.06650425493717194
Scene,Body_unrelated_equal4_zero,12345,872,0.011090232401865196,0.09349891388200302,0.7318434715270996,0.33967387676239014,0.06654281169176102
Scene,Body_unrelated_equal4_zero,12345,873,0.5472791931888452,0.5520555612449096,0.6160558462142944,0.4141163229942322,0.08240042626857758
Scene,Body_unrelated_equal4_zero,12345,893,0.33784547821173566,0.28165339728260824,0.8056394457817078,0.545372724533081,0.0659242570400238
Scene,Body_unrelated_equal4_zero,12345,894,0.04867731481218328,0.3047729472019445,0.7646065950393677,0.550350546836853,-0.01168171688914299
Scene,Body_unrelated_equal4_zero,12345,918,0.0238312583454949,0.31338139135105253,0.7099759578704834,0.749690592288971,0.19905942678451538
Scene,Body_unrelated_equal4_zero,12345,943,0.0754699738215436,0.5422338141284097,0.7493385076522827,0.6192964315414429,0.32582560181617737
Scene,Body_unrelated_equal4_zero,12345,978,0.6338716716103688,0.5818720589634344,0.5648229718208313,0.787416934967041,0.8116984367370605
Scene,Body_unrelated_equal4_zero,12345,999,0.1111208762184496,0.3211184774365567,0.719037652015686,0.683555006980896,0.0024321526288986206
Scene,Scene_equal4_zero,12345,14,0.6917502797497754,0.5593040487752154,0.518441915512085,0.4548477530479431,0.05921528860926628
Scene,Scene_equal4_zero,12345,15,-0.040332576781146504,0.32105994318392284,0.7500184774398804,0.7108232378959656,0.21177294850349426
Scene,Scene_equal4_zero,12345,36,0.13297748992129327,0.18258292854567293,0.6450514793395996,0.5104956030845642,0.03345920890569687
Scene,Scene_equal4_zero,12345,39,-0.5219690692279333,0.2845273792134567,0.5313331484794617,0.696873128414154,0.3959399461746216
Scene,Scene_equal4_zero,12345,126,-0.13058406638367173,0.41193184600336663,0.6826421618461609,0.8714715242385864,0.31978946924209595
Scene,Scene_equal4_zero,12345,132,0.08511188593462995,0.10300726103012918,0.6876779198646545,0.5407334566116333,0.13608406484127045
Scene,Scene_equal4_zero,12345,167,0.20369003296150684,0.10408524915002489,0.7266121506690979,0.4503012001514435,-0.0027413014322519302
Scene,Scene_equal4_zero,12345,196,0.1164940338252262,0.28068642859297127,0.6602144241333008,0.7538486123085022,0.17749474942684174
Scene,Scene_equal4_zero,12345,199,0.12626581267937276,0.19297394536252754,0.7067428231239319,0.6061499118804932,0.1201462522149086
Scene,Scene_equal4_zero,12345,214,-0.10514311117286598,0.3114387358519391,0.6756274104118347,0.6685810685157776,0.15414494276046753
Scene,Scene_equal4_zero,12345,241,0.15520229287678103,0.35246624384547587,0.7002964019775391,0.49817991256713867,0.020658060908317566
Scene,Scene_equal4_zero,12345,242,0.4357486198875153,0.5777129750092331,0.7019036412239075,0.5933223962783813,0.09213604778051376
Scene,Scene_equal4_zero,12345,245,-0.05373679125524029,0.44135102288889994,0.6836485266685486,0.5400741100311279,0.012489723041653633
Scene,Scene_equal4_zero,12345,249,-0.02612569531241871,0.37637164073299606,0.8283165693283081,0.44016486406326294,0.033421263098716736
Scene,Scene_equal4_zero,12345,282,0.09810668144499471,0.3253330137142074,0.6773852109909058,0.43107739090919495,-0.015214173123240471
Scene,Scene_equal4_zero,12345,289,-0.16127600526535407,0.35565910973969234,0.7352612018585205,0.6329863667488098,0.16220101714134216
Scene,Scene_equal4_zero,12345,303,0.17412853782444454,0.4670720570470238,0.7547659277915955,0.6638321876525879,0.01522741001099348
Scene,Scene_equal4_zero,12345,314,-0.07212007906626289,0.19125527506017656,0.8227016925811768,0.6008161306381226,0.06763782352209091
Scene,Scene_equal4_zero,12345,393,0.3623203978632156,0.3903913121722479,0.6669119000434875,0.8481621146202087,0.37871843576431274
Scene,Scene_equal4_zero,12345,412,0.4269012402681516,0.5071589752592894,0.5556785464286804,0.416576087474823,0.0034301630221307278
Scene,Scene_equal4_zero,12345,442,-0.015839857547630603,0.3129363600137439,0.7219654321670532,0.6374548673629761,0.07751396298408508
Scene,Scene_equal4_zero,12345,463,-0.1870324180504291,0.09168948851530534,0.826114296913147,0.40994152426719666,0.0020779483020305634
Scene,Scene_equal4_zero,12345,469,0.003837035266418973,0.23318207408104577,0.765240490436554,0.4648357033729553,-0.014046813361346722
Scene,Scene_equal4_zero,12345,486,0.10661918664419007,0.09040961025786319,0.6893918514251709,0.5545594692230225,0.12498805671930313
Scene,Scene_equal4_zero,12345,491,0.5824052677236734,0.4008066373020465,0.5724063515663147,0.7247349619865417,0.12616676092147827
Scene,Scene_equal4_zero,12345,518,0.002851757247854664,0.5262733876686343,0.7432963848114014,0.39137089252471924,0.045936405658721924
Scene,Scene_equal4_zero,12345,523,-0.05438475694585168,0.11606172053985796,0.623691737651825,0.6029651761054993,0.11171776056289673
Scene,Scene_equal4_zero,12345,545,0.10890817535957906,0.4372224214862742,0.7756738662719727,0.7460347414016724,0.026543069630861282
Scene,Scene_equal4_zero,12345,551,0.012000966050051328,0.04976548753642235,0.8250640630722046,0.44128331542015076,-0.0073244888335466385
Scene,Scene_equal4_zero,12345,568,0.09355256584016491,0.39760318701313013,0.7443028688430786,0.7652343511581421,0.4435001313686371
Scene,Scene_equal4_zero,12345,620,0.7714666194906079,0.5347922822767307,0.5775160789489746,0.5801857113838196,0.2589417099952698
Scene,Scene_equal4_zero,12345,640,-0.07705011442983335,0.171827270463217,0.629001796245575,0.8207165002822876,0.6504899263381958
Scene,Scene_equal4_zero,12345,648,0.05987989311719233,0.25126164128524214,0.7422940731048584,0.5879765152931213,0.0042338380590081215
Scene,Scene_equal4_zero,12345,671,0.13070604862423701,0.38667635948095946,0.5854859948158264,0.8044546842575073,0.39827200770378113
Scene,Scene_equal4_zero,12345,755,0.40131591869952565,0.39592322558216414,0.647221565246582,0.6696115732192993,0.3481261134147644
Scene,Scene_equal4_zero,12345,811,0.23826765903683508,0.2556732538766946,0.7271235585212708,0.477705180644989,0.01862342469394207
Scene,Scene_equal4_zero,12345,821,0.054986863249827614,0.257617010576677,0.6266447305679321,0.6536173224449158,0.32500797510147095
Scene,Scene_equal4_zero,12345,824,-0.04416542982894319,0.10069461692934814,0.745915949344635,0.5812283754348755,0.2654309868812561
Scene,Scene_equal4_zero,12345,841,0.09504771976451655,0.2598517341354304,0.7982831597328186,0.4768064022064209,0.03762534260749817
Scene,Scene_equal4_zero,12345,842,0.035556225700379314,0.26327959761637076,0.7864498496055603,0.7099162340164185,0.0794026181101799
Scene,Scene_equal4_zero,12345,850,0.05186931520535568,0.2981830886661786,0.7240535020828247,0.6496332883834839,0.29163554310798645
Scene,Scene_equal4_zero,12345,855,0.03823012005096227,0.44811179298602943,0.6919592022895813,0.7509273886680603,0.040296196937561035
Scene,Scene_equal4_zero,12345,872,0.012992745243175416,0.09154960790415731,0.7736210823059082,0.39524412155151367,0.060930926352739334
Scene,Scene_equal4_zero,12345,873,0.5509567846632533,0.5517816950912712,0.6091968417167664,0.40414145588874817,0.08682916313409805
Scene,Scene_equal4_zero,12345,893,0.3450677358371914,0.2824374831670519,0.785484790802002,0.5454443097114563,0.05897537246346474
Scene,Scene_equal4_zero,12345,894,0.00459378156430083,0.3263898585686441,0.7547147274017334,0.5496025085449219,0.029324403032660484
Scene,Scene_equal4_zero,12345,918,-0.003078512472787109,0.3085674557178588,0.7002096772193909,0.7608073353767395,0.3143634796142578
Scene,Scene_equal4_zero,12345,943,0.06965979974800086,0.542233371820566,0.7597416043281555,0.6124376654624939,0.3423004150390625
Scene,Scene_equal4_zero,12345,978,0.5433005614373504,0.567691644430783,0.6009328961372375,0.7357929348945618,0.3515462577342987
Scene,Scene_equal4_zero,12345,999,0.0664128142286741,0.3245308853577256,0.7270020246505737,0.6777680516242981,0.01672017201781273
Scene,Scene_full_zero,12345,14,0.675347837730897,0.553586368874555,0.5187943577766418,0.4406225085258484,0.051367245614528656
Scene,Scene_full_zero,12345,15,-0.08561706739654996,0.33756227877595224,0.765310525894165,0.6688830256462097,0.07692570984363556
Scene,Scene_full_zero,12345,36,-0.09793822301166147,0.12337291651368203,0.6421723365783691,0.5780764818191528,0.06284816563129425
Scene,Scene_full_zero,12345,39,-0.5357788665449378,0.2843762558931801,0.5301556587219238,0.6682599186897278,0.34239691495895386
Scene,Scene_full_zero,12345,126,-0.2197644856496714,0.3800072245028477,0.7154163122177124,0.8541392683982849,0.4961091876029968
Scene,Scene_full_zero,12345,132,0.11077460756095851,0.12762738034884238,0.6432222127914429,0.5256868600845337,0.11434285342693329
Scene,Scene_full_zero,12345,167,0.3069212605242814,0.10095255424680835,0.8148373365402222,0.4714876711368561,0.051484279334545135
Scene,Scene_full_zero,12345,196,0.13524188067684115,0.270044991751114,0.6849874258041382,0.744249701499939,0.1565849483013153
Scene,Scene_full_zero,12345,199,0.12159465617967506,0.20231455051959155,0.6925883293151855,0.5869604349136353,0.07489898800849915
Scene,Scene_full_zero,12345,214,-0.14327291261796346,0.3043806960899823,0.6854251623153687,0.8128517866134644,0.1460842788219452
Scene,Scene_full_zero,12345,241,0.1739518394368649,0.3569845512834956,0.7017659544944763,0.5515873432159424,0.01872105710208416
Scene,Scene_full_zero,12345,242,0.40595030295739565,0.5763624387276961,0.690666913986206,0.5810922980308533,0.09274297207593918
Scene,Scene_full_zero,12345,245,-0.08071220800714164,0.4307791738823559,0.6846264004707336,0.5573520064353943,0.03491957485675812
Scene,Scene_full_zero,12345,249,-0.005872666274436773,0.4039579502075235,0.8427704572677612,0.4103357493877411,0.031897805631160736
Scene,Scene_full_zero,12345,282,0.09363648327016882,0.32537492958847564,0.6622669100761414,0.4318675398826599,0.025000324472784996
Scene,Scene_full_zero,12345,289,-0.1379042948160805,0.3666826305234946,0.7740744948387146,0.5998092889785767,0.08356375247240067
Scene,Scene_full_zero,12345,303,0.10863888770655972,0.4624947857911076,0.719266414642334,0.6950399279594421,0.0076002757996320724
Scene,Scene_full_zero,12345,314,-0.08533683406025198,0.19314727791092393,0.8107423782348633,0.6050808429718018,0.03638559207320213
Scene,Scene_full_zero,12345,393,0.3732915531598355,0.3931868568633537,0.6447829604148865,0.821138858795166,0.42198190093040466
Scene,Scene_full_zero,12345,412,0.38313203089946163,0.5025701349039439,0.5550956130027771,0.47464659810066223,0.039782509207725525
Scene,Scene_full_zero,12345,442,-0.047423695464554334,0.29564520979514314,0.7074207663536072,0.6277632117271423,0.037398383021354675
Scene,Scene_full_zero,12345,463,-0.1607049356191296,0.10276266943867439,0.8159094452857971,0.3335336148738861,0.04141433164477348
Scene,Scene_full_zero,12345,469,0.013230405597656291,0.2264010704279135,0.7530874013900757,0.4522051215171814,-0.0034767338074743748
Scene,Scene_full_zero,12345,486,0.07542705277226737,0.07648691750963586,0.7386107444763184,0.6074862480163574,0.07140353322029114
Scene,Scene_full_zero,12345,491,0.5784452457682636,0.39743064156675034,0.566680908203125,0.7389257550239563,0.13609400391578674
Scene,Scene_full_zero,12345,518,-0.034910712333697566,0.5219493634597029,0.7342705130577087,0.44420933723449707,0.1095956414937973
Scene,Scene_full_zero,12345,523,-0.45043542656039454,0.11964905235094152,0.7580148577690125,0.40020501613616943,0.043868668377399445
Scene,Scene_full_zero,12345,545,0.06235370261231469,0.39850906187487417,0.7327491044998169,0.7350630760192871,0.026383092626929283
Scene,Scene_full_zero,12345,551,0.001211842166962734,0.05752000417300437,0.8376995921134949,0.4605214595794678,-0.022257056087255478
Scene,Scene_full_zero,12345,568,0.10722547157550034,0.4410011923445333,0.7455387711524963,0.7989675998687744,0.2506997585296631
Scene,Scene_full_zero,12345,620,0.7879869642448276,0.5406082820892617,0.5863837003707886,0.5723718404769897,0.21516253054141998
Scene,Scene_full_zero,12345,640,-0.07691948214083486,0.20586628354916783,0.8409260511398315,0.6121812462806702,0.0841333344578743
Scene,Scene_full_zero,12345,648,0.17738541283576947,0.27603111569502825,0.7285254001617432,0.6451015472412109,0.040674448013305664
Scene,Scene_full_zero,12345,671,0.16904433327066848,0.39477655608881224,0.5983387231826782,0.7959429025650024,0.3904075622558594
Scene,Scene_full_zero,12345,755,0.40695319093888,0.38386642842005925,0.6475058794021606,0.6754751801490784,0.40740635991096497
Scene,Scene_full_zero,12345,811,0.40847341797752973,0.2899795610073338,0.6278666853904724,0.5753049254417419,0.01758488267660141
Scene,Scene_full_zero,12345,821,0.1790773577863317,0.28893156575983314,0.7173734307289124,0.5181992650032043,0.17167460918426514
Scene,Scene_full_zero,12345,824,-0.03738954021125408,0.09489411534883492,0.776342511177063,0.3948836624622345,-0.05323433876037598
Scene,Scene_full_zero,12345,841,-0.27336989672851625,0.3504284496216616,0.8475863933563232,0.46403199434280396,0.06293602287769318
Scene,Scene_full_zero,12345,842,0.11948468111833034,0.2645386881917482,0.7660788297653198,0.7302953600883484,0.04695672541856766
Scene,Scene_full_zero,12345,850,0.03963897586619499,0.2963025190030957,0.7026013135910034,0.5791638493537903,0.1677909642457962
Scene,Scene_full_zero,12345,855,0.06613322803774176,0.44372185049494123,0.6590112447738647,0.716178834438324,0.038106657564640045
Scene,Scene_full_zero,12345,872,0.025862147122578123,0.09572387808835939,0.7798970341682434,0.46749114990234375,0.04848863184452057
Scene,Scene_full_zero,12345,873,0.5736248176178788,0.5512302000630064,0.6091215014457703,0.3788934648036957,0.046201519668102264
Scene,Scene_full_zero,12345,893,0.21213494342395864,0.26970163637740163,0.7882341146469116,0.3911641240119934,0.08955217897891998
Scene,Scene_full_zero,12345,894,0.030264686435018905,0.333056206724951,0.7520846724510193,0.5400029420852661,0.02806142345070839
Scene,Scene_full_zero,12345,918,0.07985707942871945,0.3019024140913595,0.7107257843017578,0.7518689632415771,0.11328377574682236
Scene,Scene_full_zero,12345,943,0.05152379244069005,0.5395688445862789,0.781607449054718,0.6499003767967224,0.15851622819900513
Scene,Scene_full_zero,12345,978,0.5440152280953825,0.5694373943597377,0.6132562160491943,0.627841055393219,0.11375153064727783
Scene,Scene_full_zero,12345,999,0.08087468952479507,0.3184291697405645,0.7308235168457031,0.6812756061553955,0.02605181373655796
Scene,Scene_random_equal4_01_zero,12345,14,0.6848252139947374,0.5568693751473627,0.5184247493743896,0.4671933352947235,0.11187297850847244
Scene,Scene_random_equal4_01_zero,12345,15,-0.04379788396704347,0.33893544867980063,0.7407671213150024,0.6412131786346436,0.07161454111337662
Scene,Scene_random_equal4_01_zero,12345,36,0.05423537271268745,0.1927493152353777,0.6484586000442505,0.5487313270568848,0.044052522629499435
Scene,Scene_random_equal4_01_zero,12345,39,-0.535316675031003,0.28387585763639356,0.5389294624328613,0.6868249177932739,0.40367618203163147
Scene,Scene_random_equal4_01_zero,12345,126,-0.1346099358173861,0.407884415066607,0.7085889577865601,0.8533433675765991,0.3339744210243225
Scene,Scene_random_equal4_01_zero,12345,132,0.09653304331436131,0.1015342731293278,0.6746006011962891,0.5238825678825378,0.11602926254272461
Scene,Scene_random_equal4_01_zero,12345,167,0.19697181129720606,0.10268511169486846,0.7256945371627808,0.4265063405036926,-0.011063935235142708
Scene,Scene_random_equal4_01_zero,12345,196,0.14692311908055772,0.278444505851185,0.6746165156364441,0.7168599367141724,0.15599718689918518
Scene,Scene_random_equal4_01_zero,12345,199,0.12905131724764174,0.20422197755002428,0.6803957223892212,0.5848544836044312,0.07919739186763763
Scene,Scene_random_equal4_01_zero,12345,214,-0.12573924160770533,0.28384641387620063,0.6623157262802124,0.8811268210411072,0.19568563997745514
Scene,Scene_random_equal4_01_zero,12345,241,0.15353209397184212,0.35317287033549033,0.696000874042511,0.5055167078971863,0.022799409925937653
Scene,Scene_random_equal4_01_zero,12345,242,-0.0063989363884470905,0.5130416444056837,0.7975229024887085,0.5354955196380615,0.012099442072212696
Scene,Scene_random_equal4_01_zero,12345,245,-0.08596274113476053,0.4263020668016471,0.7029455900192261,0.5368792414665222,0.0637262836098671
Scene,Scene_random_equal4_01_zero,12345,249,-0.022496980018583995,0.3774639611797463,0.8231457471847534,0.44818827509880066,0.02377122826874256
Scene,Scene_random_equal4_01_zero,12345,282,0.10225390384656535,0.32468786599503147,0.6813979744911194,0.463650643825531,0.017504509538412094
Scene,Scene_random_equal4_01_zero,12345,289,-0.16402193660667264,0.3620021288924945,0.7406445741653442,0.6028971076011658,0.12444886565208435
Scene,Scene_random_equal4_01_zero,12345,303,0.126274409160069,0.4436025588229802,0.7275557518005371,0.6219690442085266,0.05653265491127968
Scene,Scene_random_equal4_01_zero,12345,314,-0.07635873329312814,0.1941528097084482,0.8222419619560242,0.6175714731216431,0.08712246268987656
Scene,Scene_random_equal4_01_zero,12345,393,0.3684976801598006,0.3972261361178744,0.6515547037124634,0.847933292388916,0.4115232229232788
Scene,Scene_random_equal4_01_zero,12345,412,0.4246880600479403,0.5078402214609418,0.5528931021690369,0.4752119183540344,-0.0018202802166342735
Scene,Scene_random_equal4_01_zero,12345,442,-0.03232886127820754,0.28912863967597413,0.7128230929374695,0.6447992920875549,0.08316422253847122
Scene,Scene_random_equal4_01_zero,12345,463,-0.17569837386393025,0.09898947653743058,0.8087072968482971,0.4110562205314636,0.062081485986709595
Scene,Scene_random_equal4_01_zero,12345,469,0.015870696828453865,0.23848227132886096,0.7909284830093384,0.4243241548538208,-0.029441243037581444
Scene,Scene_random_equal4_01_zero,12345,486,0.12855565196708116,0.09482042228534321,0.7215937376022339,0.6890019774436951,0.18107250332832336
Scene,Scene_random_equal4_01_zero,12345,491,0.587398790888021,0.40703767970568827,0.5847906470298767,0.719200849533081,0.144496351480484
Scene,Scene_random_equal4_01_zero,12345,518,0.15970109627817422,0.3394377091250328,0.7502091526985168,0.4756224751472473,0.06517565250396729
Scene,Scene_random_equal4_01_zero,12345,523,-0.03343200018435038,0.10900166990333549,0.6066504716873169,0.7272623777389526,0.2014012336730957
Scene,Scene_random_equal4_01_zero,12345,545,0.08463563782336977,0.4119080003690918,0.7507980465888977,0.7221038937568665,0.07449454069137573
Scene,Scene_random_equal4_01_zero,12345,551,0.015716149535811488,0.06389006513723991,0.821112334728241,0.42537665367126465,0.032987453043460846
Scene,Scene_random_equal4_01_zero,12345,568,0.10918034054982839,0.4124485394620213,0.7353811264038086,0.8066009283065796,0.37850046157836914
Scene,Scene_random_equal4_01_zero,12345,620,0.7704830376965617,0.5250551944589786,0.5796242952346802,0.5706822872161865,0.20275592803955078
Scene,Scene_random_equal4_01_zero,12345,640,-0.05680116831581055,0.1655364684020188,0.6392631530761719,0.7999963760375977,0.6317635774612427
Scene,Scene_random_equal4_01_zero,12345,648,0.052507994618930846,0.254172981260322,0.7431460022926331,0.6159828901290894,0.005013955757021904
Scene,Scene_random_equal4_01_zero,12345,671,0.12851669789451214,0.4004774123471507,0.6222716569900513,0.7782762050628662,0.3717155456542969
Scene,Scene_random_equal4_01_zero,12345,755,0.39644493580212364,0.3969022039161841,0.6445513367652893,0.6646177768707275,0.4239087998867035
Scene,Scene_random_equal4_01_zero,12345,811,0.21590997977549145,0.2560372340918741,0.7112946510314941,0.6079026460647583,0.055762846022844315
Scene,Scene_random_equal4_01_zero,12345,821,0.030626244002216692,0.22272286251346662,0.6687065958976746,0.7702044248580933,0.7145832777023315
Scene,Scene_random_equal4_01_zero,12345,824,-0.0606739080251257,0.09718257527355592,0.7246756553649902,0.5348517894744873,0.14756008982658386
Scene,Scene_random_equal4_01_zero,12345,841,0.1209837072253766,0.30085646792848464,0.7898153066635132,0.6214743256568909,0.14694590866565704
Scene,Scene_random_equal4_01_zero,12345,842,0.06031811585692422,0.270711464574222,0.7906694412231445,0.6820361018180847,0.0770321637392044
Scene,Scene_random_equal4_01_zero,12345,850,0.0656498104154313,0.2803853070849287,0.7185834646224976,0.6767067909240723,0.2574918568134308
Scene,Scene_random_equal4_01_zero,12345,855,0.03086236719289695,0.4506258264333819,0.7024851441383362,0.7162038087844849,0.033095523715019226
Scene,Scene_random_equal4_01_zero,12345,872,-0.028367591623401293,0.0900119618734707,0.7138447761535645,0.3851171135902405,0.04899435490369797
Scene,Scene_random_equal4_01_zero,12345,873,0.5430266135852609,0.5487123429927397,0.6216161847114563,0.41171807050704956,0.08888207376003265
Scene,Scene_random_equal4_01_zero,12345,893,0.3436234775723118,0.28437157535257285,0.7788792848587036,0.5369472503662109,0.07192707806825638
Scene,Scene_random_equal4_01_zero,12345,894,0.018380407202381502,0.32266911638431617,0.7397327423095703,0.5540172457695007,0.023857079446315765
Scene,Scene_random_equal4_01_zero,12345,918,0.02378697774145981,0.3123415429440499,0.6935981512069702,0.6005503535270691,0.24822118878364563
Scene,Scene_random_equal4_01_zero,12345,943,0.08826254205864097,0.5316592072067585,0.7534085512161255,0.6277753710746765,0.2925591766834259
Scene,Scene_random_equal4_01_zero,12345,978,0.5706654817400432,0.5794609302094642,0.6009055376052856,0.8342205882072449,0.7284877896308899
Scene,Scene_random_equal4_01_zero,12345,999,0.07668232137121381,0.32384051679313514,0.7235096096992493,0.6536564230918884,0.0067417193204164505
Scene,Scene_random_equal4_02_zero,12345,14,0.6798702309319986,0.5540186625645843,0.5049589276313782,0.460868775844574,0.05210411548614502
Scene,Scene_random_equal4_02_zero,12345,15,-0.065243201127304,0.3360990489444819,0.7756999731063843,0.7355422973632812,0.07559975236654282
Scene,Scene_random_equal4_02_zero,12345,36,0.19083809059074802,0.2673353711968753,0.6732211112976074,0.3922007977962494,0.04733710736036301
Scene,Scene_random_equal4_02_zero,12345,39,-0.5187122338939412,0.28298841388421253,0.5281869769096375,0.6856732368469238,0.39567023515701294
Scene,Scene_random_equal4_02_zero,12345,126,-0.16645356510845818,0.4273530637931851,0.7372976541519165,0.9057598114013672,0.2731643617153168
Scene,Scene_random_equal4_02_zero,12345,132,0.08799802967545649,0.10321977425531279,0.6891444325447083,0.5386199355125427,0.14499236643314362
Scene,Scene_random_equal4_02_zero,12345,167,0.2047175568281972,0.10501181790853174,0.722042977809906,0.4233091473579407,-0.02573784440755844
Scene,Scene_random_equal4_02_zero,12345,196,0.10210004727164455,0.27001070560453566,0.6914033889770508,0.7360247373580933,0.11670225113630295
Scene,Scene_random_equal4_02_zero,12345,199,0.1394844883160928,0.20311110569114543,0.6863522529602051,0.577875554561615,0.1003294438123703
Scene,Scene_random_equal4_02_zero,12345,214,-0.08804600999892022,0.2788788391212557,0.6512875556945801,0.8191989660263062,0.12396625429391861
Scene,Scene_random_equal4_02_zero,12345,241,0.15780671097791035,0.35088041266211756,0.6940496563911438,0.5164779424667358,0.013336455449461937
Scene,Scene_random_equal4_02_zero,12345,242,-0.059964769659788815,0.503105378083543,0.816116452217102,0.5127768516540527,-0.012580778449773788
Scene,Scene_random_equal4_02_zero,12345,245,-0.0912851815213607,0.43170535988049624,0.6889545321464539,0.5405220985412598,-0.005629474297165871
Scene,Scene_random_equal4_02_zero,12345,249,-0.029875452095486074,0.3818254998015027,0.8275465965270996,0.4477069675922394,0.018993448466062546
Scene,Scene_random_equal4_02_zero,12345,282,0.10956414469081494,0.31580966152310513,0.6787617206573486,0.493039071559906,0.02916569635272026
Scene,Scene_random_equal4_02_zero,12345,289,-0.15026311918950083,0.3905322586945215,0.7511626482009888,0.7198126912117004,0.09019654989242554
Scene,Scene_random_equal4_02_zero,12345,303,0.09003072187133371,0.4576985620372573,0.7526272535324097,0.7126365303993225,0.0573820061981678
Scene,Scene_random_equal4_02_zero,12345,314,-0.07364683333672338,0.19003906818040409,0.8180333375930786,0.5759418606758118,0.06613573431968689
Scene,Scene_random_equal4_02_zero,12345,393,0.32031984359819565,0.39013246421716713,0.6784936189651489,0.8224620223045349,0.2916322946548462
Scene,Scene_random_equal4_02_zero,12345,412,0.4283427514572488,0.5075840013976459,0.5542472004890442,0.44761988520622253,0.01545235700905323
Scene,Scene_random_equal4_02_zero,12345,442,-0.05291927406967373,0.31409887963537525,0.7202808260917664,0.6594969034194946,0.03723708540201187
Scene,Scene_random_equal4_02_zero,12345,463,-0.16818093103829024,0.09972254915308128,0.8043715357780457,0.4296659231185913,0.05723729357123375
Scene,Scene_random_equal4_02_zero,12345,469,-0.005211030013796432,0.23221658574706278,0.7682485580444336,0.4657140374183655,-0.012661043554544449
Scene,Scene_random_equal4_02_zero,12345,486,0.11549255977124469,0.08903268529369571,0.7375555038452148,0.5666450262069702,0.09515407681465149
Scene,Scene_random_equal4_02_zero,12345,491,0.5917623748496478,0.40883730438919036,0.5745778679847717,0.7099934220314026,0.14179609715938568
Scene,Scene_random_equal4_02_zero,12345,518,0.01486114160491848,0.5280339316941774,0.7616446018218994,0.5215184688568115,0.031986646354198456
Scene,Scene_random_equal4_02_zero,12345,523,-0.030007533884411807,0.09870388216029087,0.6505154967308044,0.5479565858840942,0.015433866530656815
Scene,Scene_random_equal4_02_zero,12345,545,0.16071959864259708,0.4365640969858475,0.770776629447937,0.6865134239196777,0.04371293634176254
Scene,Scene_random_equal4_02_zero,12345,551,0.009932044622926649,0.06027272186701161,0.8173124194145203,0.3675755560398102,0.01191722135990858
Scene,Scene_random_equal4_02_zero,12345,568,0.07443789476962959,0.4293276837906228,0.7491825819015503,0.7869405746459961,0.3085078299045563
Scene,Scene_random_equal4_02_zero,12345,620,0.7771932142715818,0.5308639454950201,0.5721433758735657,0.6397066116333008,0.20572569966316223
Scene,Scene_random_equal4_02_zero,12345,640,-0.05822586393464383,0.1652166176668228,0.6355127096176147,0.8112868666648865,0.6482844352722168
Scene,Scene_random_equal4_02_zero,12345,648,0.058669303896460585,0.2589383506709351,0.7409471869468689,0.6244550943374634,0.0007151035824790597
Scene,Scene_random_equal4_02_zero,12345,671,0.11737814689281943,0.3963748080428614,0.6209609508514404,0.7845465540885925,0.34488531947135925
Scene,Scene_random_equal4_02_zero,12345,755,0.4049359132483929,0.39675106187096537,0.6432280540466309,0.6571665406227112,0.4153991937637329
Scene,Scene_random_equal4_02_zero,12345,811,0.2233458366778896,0.25391984714305643,0.732734739780426,0.483754426240921,-0.013393256813287735
Scene,Scene_random_equal4_02_zero,12345,821,0.055520964579419296,0.22989229557430224,0.6352572441101074,0.7949296832084656,0.7063772082328796
Scene,Scene_random_equal4_02_zero,12345,824,-0.04912384711936875,0.10096212752365191,0.7410166263580322,0.5669167637825012,0.22983714938163757
Scene,Scene_random_equal4_02_zero,12345,841,0.1435350338262313,0.2940481050741662,0.7914203405380249,0.5730053186416626,0.1386910080909729
Scene,Scene_random_equal4_02_zero,12345,842,0.09017105054743527,0.278371388997437,0.8022451400756836,0.6789199113845825,0.06856022775173187
Scene,Scene_random_equal4_02_zero,12345,850,0.06102715040846524,0.28849030856266816,0.7122543454170227,0.7034991979598999,0.2564889192581177
Scene,Scene_random_equal4_02_zero,12345,855,0.029299622947371862,0.44849222086499013,0.6969083547592163,0.7219361066818237,-0.03591182082891464
Scene,Scene_random_equal4_02_zero,12345,872,-0.02333877427887665,0.09217387242358425,0.7195324897766113,0.33286792039871216,0.015938417986035347
Scene,Scene_random_equal4_02_zero,12345,873,0.5406810098165137,0.5481807468997577,0.6183472275733948,0.41590484976768494,0.07741071283817291
Scene,Scene_random_equal4_02_zero,12345,893,0.3380768858688808,0.28159375894458055,0.7911211252212524,0.5408809185028076,0.07351849973201752
Scene,Scene_random_equal4_02_zero,12345,894,0.03363807030243146,0.3296633184353323,0.7551224231719971,0.5346640348434448,0.005180178675800562
Scene,Scene_random_equal4_02_zero,12345,918,0.08475755699557702,0.31565991478044814,0.6847843527793884,0.6991732120513916,0.07203705608844757
Scene,Scene_random_equal4_02_zero,12345,943,0.06549589049650717,0.5391356416414601,0.7613725066184998,0.6017865538597107,0.3264748454093933
Scene,Scene_random_equal4_02_zero,12345,978,0.5523596695300556,0.5667779660240038,0.6034793853759766,0.7297624349594116,0.30271366238594055
Scene,Scene_random_equal4_02_zero,12345,999,0.08540586960986021,0.3248837477658985,0.7302043437957764,0.6602773666381836,-0.03138028457760811
Scene,Scene_random_equal4_03_zero,12345,14,0.671981575091525,0.5575066889477119,0.5302286744117737,0.4603251516819,0.06228141486644745
Scene,Scene_random_equal4_03_zero,12345,15,-0.04013132033790516,0.3390931078936478,0.7563437223434448,0.6091995239257812,0.032211922109127045
Scene,Scene_random_equal4_03_zero,12345,36,0.19459741123438182,0.26819399174035735,0.6840944290161133,0.41574302315711975,0.051985323429107666
Scene,Scene_random_equal4_03_zero,12345,39,-0.5177804702671331,0.2841249515725727,0.535615086555481,0.7038171291351318,0.4100228250026703
Scene,Scene_random_equal4_03_zero,12345,126,-0.15728182408590172,0.41426942632621566,0.6893090605735779,0.87392657995224,0.2263610064983368
Scene,Scene_random_equal4_03_zero,12345,132,0.07967369703520458,0.10175307151853664,0.6875620484352112,0.5433533191680908,0.12676085531711578
Scene,Scene_random_equal4_03_zero,12345,167,0.18688451202228767,0.10074902118874249,0.7116381525993347,0.4339181184768677,0.010864551179111004
Scene,Scene_random_equal4_03_zero,12345,196,0.11412294929360675,0.27598025643457674,0.6495672464370728,0.748279333114624,0.17274945974349976
Scene,Scene_random_equal4_03_zero,12345,199,0.1579997445694857,0.20410471648875658,0.7009983062744141,0.5808989405632019,0.05949053168296814
Scene,Scene_random_equal4_03_zero,12345,214,-0.0862208923671579,0.3118110696761655,0.6916790008544922,0.7139837145805359,0.06716322898864746
Scene,Scene_random_equal4_03_zero,12345,241,0.15734762402692484,0.3511329667459435,0.6906149983406067,0.5380096435546875,0.034417957067489624
Scene,Scene_random_equal4_03_zero,12345,242,-0.04258777321284268,0.5071386863426433,0.8188519477844238,0.5082256197929382,0.009397399611771107
Scene,Scene_random_equal4_03_zero,12345,245,-0.10648922598450224,0.43077324902245173,0.6753628849983215,0.5307942628860474,-0.007626961916685104
Scene,Scene_random_equal4_03_zero,12345,249,-0.023969236924401113,0.3812813792399963,0.8231720328330994,0.43244391679763794,0.016328422352671623
Scene,Scene_random_equal4_03_zero,12345,282,0.11164274328284261,0.2977502923804122,0.6645219326019287,0.4705014228820801,0.09883913397789001
Scene,Scene_random_equal4_03_zero,12345,289,-0.16584145990307492,0.3615804227336279,0.7555272579193115,0.686313271522522,0.17311206459999084
Scene,Scene_random_equal4_03_zero,12345,303,0.1220491862888135,0.43917752234405105,0.7322219610214233,0.5998531579971313,0.04845434054732323
Scene,Scene_random_equal4_03_zero,12345,314,-0.0766622664736682,0.19116920809247356,0.828291118144989,0.5846652388572693,0.06585738807916641
Scene,Scene_random_equal4_03_zero,12345,393,0.36105616380400735,0.39834174760792557,0.6568396091461182,0.8585015535354614,0.39672812819480896
Scene,Scene_random_equal4_03_zero,12345,412,0.43347914564756523,0.5076080196951034,0.5679932832717896,0.46515196561813354,-0.017963942140340805
Scene,Scene_random_equal4_03_zero,12345,442,-0.03232140843621857,0.29531657137226414,0.7186998128890991,0.5953651070594788,0.12865585088729858
Scene,Scene_random_equal4_03_zero,12345,463,-0.16644712170075937,0.0992845099026228,0.8036304712295532,0.4022057056427002,0.04233139008283615
Scene,Scene_random_equal4_03_zero,12345,469,-0.004172862554403329,0.2313587808479938,0.773648202419281,0.47331178188323975,-0.016532475128769875
Scene,Scene_random_equal4_03_zero,12345,486,0.12896863028361244,0.09751061628707763,0.7101629972457886,0.6604236364364624,0.23494072258472443
Scene,Scene_random_equal4_03_zero,12345,491,0.583873194270442,0.4041546089586544,0.5731832385063171,0.6954573392868042,0.10830378532409668
Scene,Scene_random_equal4_03_zero,12345,518,0.01748195103082673,0.5267155877642715,0.7592059969902039,0.48702698945999146,0.08244848251342773
Scene,Scene_random_equal4_03_zero,12345,523,-0.017024009768353558,0.09062278578279859,0.6617158651351929,0.5054351687431335,-0.015275243669748306
Scene,Scene_random_equal4_03_zero,12345,545,0.1107137830191329,0.4496654615347139,0.7752536535263062,0.7436765432357788,0.0224999338388443
Scene,Scene_random_equal4_03_zero,12345,551,0.013625379629193095,0.05440420782344857,0.8325731754302979,0.3967094421386719,0.008129911497235298
Scene,Scene_random_equal4_03_zero,12345,568,0.12241983372090576,0.42046610966721976,0.7348973155021667,0.7775249481201172,0.38418570160865784
Scene,Scene_random_equal4_03_zero,12345,620,0.7722595132843123,0.5329123630469851,0.5712593793869019,0.6087819337844849,0.21429529786109924
Scene,Scene_random_equal4_03_zero,12345,640,-0.06610215481602856,0.1646600344025024,0.6402435302734375,0.8019223213195801,0.6578064560890198
Scene,Scene_random_equal4_03_zero,12345,648,0.09924474926318262,0.25891329296271093,0.7465355396270752,0.5721707940101624,0.05062294378876686
Scene,Scene_random_equal4_03_zero,12345,671,0.1137308076313105,0.3976481069080785,0.6178306341171265,0.7821364402770996,0.34041452407836914
Scene,Scene_random_equal4_03_zero,12345,755,0.39632335123926404,0.3933830187777085,0.6410048007965088,0.663221001625061,0.4196299612522125
Scene,Scene_random_equal4_03_zero,12345,811,0.22939790698632964,0.25541453682422577,0.7357855439186096,0.4675886929035187,0.007829654961824417
Scene,Scene_random_equal4_03_zero,12345,821,0.029238132134003975,0.2258650237238876,0.6412359476089478,0.7582078576087952,0.7028903365135193
Scene,Scene_random_equal4_03_zero,12345,824,-0.06900186402941055,0.09485694513674216,0.7329154014587402,0.5915557742118835,0.2649771571159363
Scene,Scene_random_equal4_03_zero,12345,841,0.1384131699974551,0.29536295203735696,0.7952559590339661,0.5872671604156494,0.07227464765310287
Scene,Scene_random_equal4_03_zero,12345,842,0.025238139082627502,0.2620847285033477,0.7674249410629272,0.699434220790863,0.029082251712679863
Scene,Scene_random_equal4_03_zero,12345,850,0.07250253711893594,0.28845610982531683,0.7153618335723877,0.590050458908081,0.23418737947940826
Scene,Scene_random_equal4_03_zero,12345,855,0.04200223485520674,0.45500849958266454,0.6866419911384583,0.7190548777580261,0.03370461240410805
Scene,Scene_random_equal4_03_zero,12345,872,-0.01562803498965766,0.09187755711857042,0.7281872034072876,0.32453060150146484,0.06064614653587341
Scene,Scene_random_equal4_03_zero,12345,873,0.5395936075123184,0.5475277718723854,0.6102319955825806,0.39922136068344116,0.06567198038101196
Scene,Scene_random_equal4_03_zero,12345,893,0.34353433912260833,0.2832307880254384,0.7794661521911621,0.5215983986854553,0.08153797686100006
Scene,Scene_random_equal4_03_zero,12345,894,0.029900560248992018,0.3267917331433874,0.7520722150802612,0.5382959842681885,0.02144579589366913
Scene,Scene_random_equal4_03_zero,12345,918,0.028387517877036566,0.3034906626596883,0.6812961101531982,0.6942077279090881,0.29286226630210876
Scene,Scene_random_equal4_03_zero,12345,943,0.06336506214542374,0.539113182611718,0.764886736869812,0.5980299115180969,0.32442206144332886
Scene,Scene_random_equal4_03_zero,12345,978,0.5513495283182814,0.5685315037494225,0.6040462851524353,0.7505965232849121,0.31341660022735596
Scene,Scene_random_equal4_03_zero,12345,999,0.05585493927346759,0.3217322114008973,0.728148341178894,0.6797834634780884,-0.00359258521348238
Scene,Scene_random_equal4_04_zero,12345,14,0.6831084858349403,0.557496947176117,0.5196484327316284,0.45398008823394775,0.07434727251529694
Scene,Scene_random_equal4_04_zero,12345,15,-0.04556288525872915,0.33492849684931303,0.737255334854126,0.6159949898719788,0.0730222761631012
Scene,Scene_random_equal4_04_zero,12345,36,0.016274368329768002,0.18209583855084893,0.6516591310501099,0.5768712759017944,-0.004713642410933971
Scene,Scene_random_equal4_04_zero,12345,39,-0.5324234114209311,0.28400389108977553,0.5362978577613831,0.6792492866516113,0.3945985734462738
Scene,Scene_random_equal4_04_zero,12345,126,-0.09291912265515317,0.39855346741383024,0.7010228633880615,0.8803898692131042,0.47225356101989746
Scene,Scene_random_equal4_04_zero,12345,132,0.0895432876653548,0.10000470144192256,0.6676579117774963,0.5032029151916504,0.1851355880498886
Scene,Scene_random_equal4_04_zero,12345,167,0.19821530949974916,0.10119428788309914,0.7263784408569336,0.4070371985435486,-0.007225518114864826
Scene,Scene_random_equal4_04_zero,12345,196,0.14109012884086772,0.2717112451226531,0.6691083312034607,0.696222186088562,0.11289051175117493
Scene,Scene_random_equal4_04_zero,12345,199,0.1161177510347823,0.1989010223992786,0.7077319025993347,0.6898376941680908,0.1633981615304947
Scene,Scene_random_equal4_04_zero,12345,214,-0.1148268270238355,0.291818840691901,0.6773779988288879,0.85784912109375,0.2652246356010437
Scene,Scene_random_equal4_04_zero,12345,241,0.15360419048252397,0.35369202745481493,0.6968933343887329,0.4961951673030853,0.02927269972860813
Scene,Scene_random_equal4_04_zero,12345,242,-0.010966666961128508,0.5129105580441385,0.8012083768844604,0.5220322608947754,0.015688415616750717
Scene,Scene_random_equal4_04_zero,12345,245,-0.0847869558500943,0.43408367403455084,0.6910724639892578,0.57138991355896,0.0894046425819397
Scene,Scene_random_equal4_04_zero,12345,249,-0.022917277329279662,0.3782525052638029,0.8231343030929565,0.43738144636154175,0.021733326837420464
Scene,Scene_random_equal4_04_zero,12345,282,0.10165390215698898,0.324701507855607,0.6829405426979065,0.4667438864707947,0.016216633841395378
Scene,Scene_random_equal4_04_zero,12345,289,-0.16695777928714572,0.36159594977389253,0.7437680959701538,0.6783691048622131,0.12336686998605728
Scene,Scene_random_equal4_04_zero,12345,303,0.1266027318752595,0.44195164564488804,0.7372315526008606,0.6275165677070618,0.1299484223127365
Scene,Scene_random_equal4_04_zero,12345,314,-0.0758096078096249,0.19451338370813548,0.8168945908546448,0.625333309173584,0.05472176522016525
Scene,Scene_random_equal4_04_zero,12345,393,0.36956651979155697,0.3979937204208593,0.6526563763618469,0.8542393445968628,0.40848585963249207
Scene,Scene_random_equal4_04_zero,12345,412,0.4194422487473089,0.5077302283735069,0.5557677149772644,0.4627802073955536,0.02814202755689621
Scene,Scene_random_equal4_04_zero,12345,442,-0.024611828070945665,0.29246103855957134,0.7101523876190186,0.633115291595459,0.06086516007781029
Scene,Scene_random_equal4_04_zero,12345,463,-0.17767978749463686,0.09966779814408941,0.8105737566947937,0.4090889096260071,0.06456571817398071
Scene,Scene_random_equal4_04_zero,12345,469,0.02526788715989648,0.23900536544636947,0.7933794260025024,0.37391209602355957,-0.02480430342257023
Scene,Scene_random_equal4_04_zero,12345,486,0.1193910126824997,0.09744324984175239,0.7232412695884705,0.6424548625946045,0.18066814541816711
Scene,Scene_random_equal4_04_zero,12345,491,0.5817356382124268,0.4062029941185621,0.5701904296875,0.7291370034217834,0.14492423832416534
Scene,Scene_random_equal4_04_zero,12345,518,0.1673266524183303,0.34571576597771436,0.7493482828140259,0.42083030939102173,0.05209276080131531
Scene,Scene_random_equal4_04_zero,12345,523,-0.03962801642632573,0.10473839946916623,0.6128133535385132,0.7203191518783569,0.26991355419158936
Scene,Scene_random_equal4_04_zero,12345,545,0.0774073966945164,0.4049677754405641,0.7661644816398621,0.7376875281333923,0.07088786363601685
Scene,Scene_random_equal4_04_zero,12345,551,0.02204580782334971,0.06303883631087764,0.8077081441879272,0.438648521900177,0.027347207069396973
Scene,Scene_random_equal4_04_zero,12345,568,0.09053542063803151,0.41076378735225594,0.7465213537216187,0.7575469613075256,0.4568701386451721
Scene,Scene_random_equal4_04_zero,12345,620,0.7550361757066529,0.5169506989215796,0.574343740940094,0.6325154900550842,0.29865044355392456
Scene,Scene_random_equal4_04_zero,12345,640,-0.05979975626606185,0.1678888818093787,0.6328287124633789,0.8194404244422913,0.6129529476165771
Scene,Scene_random_equal4_04_zero,12345,648,0.05425439341623059,0.2548452967542447,0.7453076839447021,0.6378175020217896,0.015517487190663815
Scene,Scene_random_equal4_04_zero,12345,671,0.15214290968894784,0.3983525151901382,0.613268256187439,0.7547001838684082,0.3084239661693573
Scene,Scene_random_equal4_04_zero,12345,755,0.3958668056071178,0.3956509748123105,0.6437962055206299,0.6744028925895691,0.41518130898475647
Scene,Scene_random_equal4_04_zero,12345,811,0.19507223230568138,0.2538161032243484,0.7206252813339233,0.6045981645584106,-0.016214173287153244
Scene,Scene_random_equal4_04_zero,12345,821,0.029289104050100528,0.22061333782790912,0.6696074604988098,0.7587345838546753,0.7091026306152344
Scene,Scene_random_equal4_04_zero,12345,824,-0.06497198633654096,0.09923679047575015,0.7276915311813354,0.519865870475769,0.09313875436782837
Scene,Scene_random_equal4_04_zero,12345,841,0.11556381033055577,0.3018439898451167,0.791181206703186,0.6243460774421692,0.1590999960899353
Scene,Scene_random_equal4_04_zero,12345,842,0.04988994770197799,0.2694427663327382,0.7855333089828491,0.6835106611251831,0.07234857976436615
Scene,Scene_random_equal4_04_zero,12345,850,0.08355067350019761,0.28901785524065216,0.7146353125572205,0.7172077894210815,0.28380560874938965
Scene,Scene_random_equal4_04_zero,12345,855,0.03152224791797425,0.4497112420598733,0.7214527130126953,0.7237054109573364,0.05181780830025673
Scene,Scene_random_equal4_04_zero,12345,872,-0.03170788224777995,0.09069571458139176,0.7250908613204956,0.33150118589401245,0.039981160312891006
Scene,Scene_random_equal4_04_zero,12345,873,0.5436918791696099,0.5528868881452775,0.6164332628250122,0.42706090211868286,0.07087719440460205
Scene,Scene_random_equal4_04_zero,12345,893,0.3434414132841345,0.2841330887675824,0.7817530035972595,0.5461202263832092,0.08699147403240204
Scene,Scene_random_equal4_04_zero,12345,894,0.036826351593446355,0.32519084259790726,0.752259373664856,0.5740330815315247,0.0234006829559803
Scene,Scene_random_equal4_04_zero,12345,918,-0.001510210628891735,0.3122800779389143,0.7118467092514038,0.7257364988327026,0.2629871368408203
Scene,Scene_random_equal4_04_zero,12345,943,0.0955178676759955,0.5315786696152306,0.7479546666145325,0.5508453845977783,0.385521799325943
Scene,Scene_random_equal4_04_zero,12345,978,0.5713207459637688,0.5804628624781021,0.5979046821594238,0.8008905053138733,0.663536787033081
Scene,Scene_random_equal4_04_zero,12345,999,0.08007428595940944,0.32546928713750495,0.7344813346862793,0.6811200380325317,0.015213217586278915
Scene,Scene_random_equal4_05_zero,12345,14,0.7101391682935008,0.5229524995214958,0.5064499378204346,0.550462007522583,0.2169882357120514
Scene,Scene_random_equal4_05_zero,12345,15,-0.0638157263997583,0.34193483791246143,0.7641238570213318,0.602417528629303,0.06934169679880142
Scene,Scene_random_equal4_05_zero,12345,36,0.0006863219001387948,0.16792495192020954,0.6172380447387695,0.559806764125824,0.016196895390748978
Scene,Scene_random_equal4_05_zero,12345,39,-0.4969933052169809,0.28099873528749464,0.5567319393157959,0.6364086866378784,0.39128202199935913
Scene,Scene_random_equal4_05_zero,12345,126,-0.18848205626384051,0.37730939481599535,0.7233926653862,0.90240478515625,0.20113764703273773
Scene,Scene_random_equal4_05_zero,12345,132,0.08065717749714667,0.1010654088920595,0.6731116771697998,0.5457407236099243,0.1575019210577011
Scene,Scene_random_equal4_05_zero,12345,167,0.19490292157082276,0.10301481647919053,0.7148128747940063,0.44636741280555725,0.030611470341682434
Scene,Scene_random_equal4_05_zero,12345,196,0.15651415207227995,0.293533164964229,0.6619390845298767,0.7344924211502075,0.09898211807012558
Scene,Scene_random_equal4_05_zero,12345,199,0.15063176425978317,0.20137218333058143,0.6890115141868591,0.65113365650177,0.24479609727859497
Scene,Scene_random_equal4_05_zero,12345,214,-0.05420534044839824,0.28710117423821147,0.6697595119476318,0.7506046891212463,0.18613073229789734
Scene,Scene_random_equal4_05_zero,12345,241,0.17033561838099381,0.3614266851244134,0.7012683749198914,0.5326130986213684,0.0075231632217764854
Scene,Scene_random_equal4_05_zero,12345,242,-0.06154794207694649,0.42702070424321764,0.8169553279876709,0.5120769143104553,0.06186608970165253
Scene,Scene_random_equal4_05_zero,12345,245,-0.024248886277124643,0.44237475424022127,0.685606837272644,0.6002762913703918,0.03188997134566307
Scene,Scene_random_equal4_05_zero,12345,249,-0.025195424333946448,0.3719417988602615,0.8282949924468994,0.44860467314720154,0.017223883420228958
Scene,Scene_random_equal4_05_zero,12345,282,-0.05197469425629007,0.2828895222351313,0.6190600395202637,0.2787075340747833,0.09139811247587204
Scene,Scene_random_equal4_05_zero,12345,289,-0.14542185021592618,0.3669243824961178,0.7561692595481873,0.5930721163749695,0.12152475863695145
Scene,Scene_random_equal4_05_zero,12345,303,0.10165285997842675,0.45493972661586735,0.7575375437736511,0.7320268154144287,0.1406726986169815
Scene,Scene_random_equal4_05_zero,12345,314,-0.046396407099382045,0.1955797600248274,0.8198955059051514,0.6074869632720947,0.12445762753486633
Scene,Scene_random_equal4_05_zero,12345,393,0.4050855916273886,0.3844173799724702,0.6270920634269714,0.830265998840332,0.3973073959350586
Scene,Scene_random_equal4_05_zero,12345,412,0.3509494404202438,0.4818517600830137,0.6290114521980286,0.44199037551879883,0.05003763735294342
Scene,Scene_random_equal4_05_zero,12345,442,-0.054572472881318154,0.2670728508453666,0.7118269205093384,0.5869378447532654,0.037522122263908386
Scene,Scene_random_equal4_05_zero,12345,463,-0.1759880562409789,0.10314558426132943,0.8102998733520508,0.47696101665496826,0.06937286257743835
Scene,Scene_random_equal4_05_zero,12345,469,0.07181609887757376,0.23692370212771677,0.7772923707962036,0.4298557937145233,-0.02387091889977455
Scene,Scene_random_equal4_05_zero,12345,486,0.0934835234666769,0.09010048498175793,0.717170000076294,0.5505825877189636,0.03140507638454437
Scene,Scene_random_equal4_05_zero,12345,491,0.5945266716183815,0.4037620820183488,0.5828317403793335,0.677807092666626,0.06609879434108734
Scene,Scene_random_equal4_05_zero,12345,518,0.15467153055554705,0.39504545949431596,0.7638329267501831,0.5088117122650146,0.07014314830303192
Scene,Scene_random_equal4_05_zero,12345,523,-0.059267530160190096,0.12058611066088501,0.6273064017295837,0.6299155950546265,0.1238071471452713
Scene,Scene_random_equal4_05_zero,12345,545,0.08980001340083872,0.4281520765186108,0.7667129635810852,0.7232511043548584,0.03101225197315216
Scene,Scene_random_equal4_05_zero,12345,551,0.00646210908602088,0.0606755020146916,0.8150331377983093,0.3963552713394165,0.01081863697618246
Scene,Scene_random_equal4_05_zero,12345,568,0.12436290457298094,0.4032685805967984,0.7316955327987671,0.810325562953949,0.31687062978744507
Scene,Scene_random_equal4_05_zero,12345,620,0.7673924925825881,0.5259632240740055,0.5793684720993042,0.6132060885429382,0.16036929190158844
Scene,Scene_random_equal4_05_zero,12345,640,-0.04699039418188152,0.16823627695991805,0.6368910074234009,0.8511403799057007,0.5998795032501221
Scene,Scene_random_equal4_05_zero,12345,648,0.04310723783696342,0.2537165723792215,0.7419357299804688,0.6155961155891418,0.03412014618515968
Scene,Scene_random_equal4_05_zero,12345,671,0.10507283212789849,0.39745410040877194,0.6215953230857849,0.7582803964614868,0.37551790475845337
Scene,Scene_random_equal4_05_zero,12345,755,0.3890837066812093,0.3864383520944234,0.6383070945739746,0.696215033531189,0.39829951524734497
Scene,Scene_random_equal4_05_zero,12345,811,0.2117534252529916,0.23420990211042347,0.7236416339874268,0.44993388652801514,0.03101324290037155
Scene,Scene_random_equal4_05_zero,12345,821,0.11391202522884925,0.27925563962135,0.6848471760749817,0.5340206027030945,0.25422364473342896
Scene,Scene_random_equal4_05_zero,12345,824,-0.07045366893102684,0.094907348602286,0.7363426089286804,0.534135103225708,0.1664848029613495
Scene,Scene_random_equal4_05_zero,12345,841,0.10324156833074383,0.29681507195031437,0.776091992855072,0.5943279266357422,0.0934504047036171
Scene,Scene_random_equal4_05_zero,12345,842,0.05086446727384469,0.2626303008097493,0.7760365009307861,0.7139489054679871,0.02499416284263134
Scene,Scene_random_equal4_05_zero,12345,850,0.093357221483086,0.30067038734362067,0.703988254070282,0.537212610244751,0.08440929651260376
Scene,Scene_random_equal4_05_zero,12345,855,0.0400000582283255,0.45569153661040107,0.6950451731681824,0.7248956561088562,0.03373487666249275
Scene,Scene_random_equal4_05_zero,12345,872,0.0049811108276759265,0.09149354849037007,0.7319691181182861,0.494327574968338,0.11800184100866318
Scene,Scene_random_equal4_05_zero,12345,873,0.5979468036708873,0.5270919310593609,0.6180387735366821,0.42627063393592834,0.08884593099355698
Scene,Scene_random_equal4_05_zero,12345,893,0.34072611016328086,0.2817651467911132,0.783247172832489,0.5543426871299744,0.10939407348632812
Scene,Scene_random_equal4_05_zero,12345,894,0.018398714101813207,0.32456962408746204,0.7480117082595825,0.5659157633781433,0.017354179173707962
Scene,Scene_random_equal4_05_zero,12345,918,0.07028224253858448,0.3090261375064643,0.6673522591590881,0.7175772190093994,0.05877695977687836
Scene,Scene_random_equal4_05_zero,12345,943,0.08380020225109065,0.5401909541711604,0.7528103590011597,0.6272509098052979,0.2975303530693054
Scene,Scene_random_equal4_05_zero,12345,978,0.5102480097118117,0.5705101676012954,0.6188918352127075,0.7250999808311462,0.2165115922689438
Scene,Scene_random_equal4_05_zero,12345,999,0.13252928341641249,0.3537718987281537,0.7258321046829224,0.6631599068641663,0.01323561929166317
Scene,Scene_random_full_01_zero,12345,14,0.6689753741518067,0.5512100752893558,0.5106432437896729,0.46297702193260193,0.07601960003376007
Scene,Scene_random_full_01_zero,12345,15,-0.08154726068197951,0.33799747053634915,0.7915642261505127,0.7493205070495605,0.17154479026794434
Scene,Scene_random_full_01_zero,12345,36,0.1130531522315112,0.24099206410956794,0.7025806307792664,0.39376264810562134,0.03001023456454277
Scene,Scene_random_full_01_zero,12345,39,-0.5212737111041588,0.27254109821005806,0.513459324836731,0.6528290510177612,0.40861019492149353
Scene,Scene_random_full_01_zero,12345,126,-0.06842933515716865,0.40392027324693497,0.7043946981430054,0.8160362839698792,0.36915910243988037
Scene,Scene_random_full_01_zero,12345,132,0.07062970266968403,0.11111070711733477,0.6777468323707581,0.5610761642456055,0.11250758171081543
Scene,Scene_random_full_01_zero,12345,167,0.17232159023183422,0.09635314750691075,0.7022888660430908,0.4684022068977356,0.06060057878494263
Scene,Scene_random_full_01_zero,12345,196,0.12139373484667591,0.29448252484279774,0.6980327367782593,0.7191182971000671,0.05580230429768562
Scene,Scene_random_full_01_zero,12345,199,0.12585446484452195,0.19241305400477166,0.7086617350578308,0.584514319896698,0.09396864473819733
Scene,Scene_random_full_01_zero,12345,214,-0.019034876070893433,0.2629641503495857,0.6761370897293091,0.8309009671211243,0.23724399507045746
Scene,Scene_random_full_01_zero,12345,241,0.1354151479286765,0.36704860558123026,0.7172263860702515,0.5131354331970215,0.013730408623814583
Scene,Scene_random_full_01_zero,12345,242,-0.15674982529776202,0.43549410549181805,0.8231381773948669,0.5538684129714966,0.04629238322377205
Scene,Scene_random_full_01_zero,12345,245,0.08333457600142677,0.4195601513270017,0.678176760673523,0.44639045000076294,0.005752183962613344
Scene,Scene_random_full_01_zero,12345,249,-0.0352951545070244,0.3879483705166415,0.8281070590019226,0.4383169114589691,0.016590820625424385
Scene,Scene_random_full_01_zero,12345,282,0.08044514125890519,0.31016508294431644,0.6614519357681274,0.5293751955032349,0.06479139626026154
Scene,Scene_random_full_01_zero,12345,289,-0.08565079390660335,0.4164585804326632,0.7893567085266113,0.635475754737854,0.04871544986963272
Scene,Scene_random_full_01_zero,12345,303,0.16998831672574055,0.43135330143378414,0.7445370554924011,0.5958738923072815,0.14794209599494934
Scene,Scene_random_full_01_zero,12345,314,-0.08830396111494178,0.19431470080126437,0.8165861368179321,0.5728569626808167,0.11655903607606888
Scene,Scene_random_full_01_zero,12345,393,0.292610200735818,0.37046492795911545,0.6847773790359497,0.8455077409744263,0.43433910608291626
Scene,Scene_random_full_01_zero,12345,412,0.47925568050491996,0.4987529037928833,0.5564672946929932,0.46880263090133667,0.01245664432644844
Scene,Scene_random_full_01_zero,12345,442,-0.008263047717657667,0.29241226433897394,0.7141945362091064,0.4754388928413391,0.07699361443519592
Scene,Scene_random_full_01_zero,12345,463,-0.15323147150209837,0.0986611028528601,0.7964932918548584,0.4953864812850952,0.11899207532405853
Scene,Scene_random_full_01_zero,12345,469,-0.04704402766326603,0.221947512209678,0.7713606357574463,0.47714149951934814,-0.005572295282036066
Scene,Scene_random_full_01_zero,12345,486,0.10998771390475535,0.09705845531375039,0.7591544985771179,0.6466570496559143,0.15286140143871307
Scene,Scene_random_full_01_zero,12345,491,0.5567783429946371,0.4048991099417136,0.5726827383041382,0.7162958383560181,0.13350129127502441
Scene,Scene_random_full_01_zero,12345,518,0.31125723255677024,0.38289340090831714,0.7297617197036743,0.4774600565433502,0.04233568161725998
Scene,Scene_random_full_01_zero,12345,523,-0.44398206130745393,0.12588582425278758,0.7535070180892944,0.41796982288360596,0.04230738803744316
Scene,Scene_random_full_01_zero,12345,545,0.0739746592415211,0.3711940654427496,0.7412635087966919,0.7189627885818481,0.051497261971235275
Scene,Scene_random_full_01_zero,12345,551,0.01275929574237003,0.06041030961881848,0.7417587041854858,0.437636137008667,-0.009006325155496597
Scene,Scene_random_full_01_zero,12345,568,-0.003081411737287741,0.41225755494852934,0.7447551488876343,0.7201854586601257,0.2669837474822998
Scene,Scene_random_full_01_zero,12345,620,0.7865271398427512,0.5463080955622068,0.596290111541748,0.5902274250984192,0.16216498613357544
Scene,Scene_random_full_01_zero,12345,640,-0.006883964969262323,0.18887229415429052,0.6951546669006348,0.7551494240760803,0.3027103543281555
Scene,Scene_random_full_01_zero,12345,648,0.10467008360935252,0.2519579820326098,0.7179112434387207,0.6057062149047852,0.03439536318182945
Scene,Scene_random_full_01_zero,12345,671,0.06798710867198124,0.3773052453296087,0.6622021794319153,0.5530906319618225,0.12353133410215378
Scene,Scene_random_full_01_zero,12345,755,0.3735759665029405,0.3874967976857276,0.655732274055481,0.637069582939148,0.23765194416046143
Scene,Scene_random_full_01_zero,12345,811,0.24625033357625167,0.25444937083867436,0.730570912361145,0.5457449555397034,0.05520171672105789
Scene,Scene_random_full_01_zero,12345,821,0.06888805692413462,0.23283775594058773,0.6620112061500549,0.7496287226676941,0.7110387086868286
Scene,Scene_random_full_01_zero,12345,824,-0.09919757659983733,0.07656932172062748,0.7034690976142883,0.5170339941978455,0.14573433995246887
Scene,Scene_random_full_01_zero,12345,841,0.05756155752768154,0.30022363616175307,0.8258768320083618,0.5834746956825256,0.04644116014242172
Scene,Scene_random_full_01_zero,12345,842,0.049011211497382384,0.24942439801025934,0.7775781154632568,0.7287433743476868,0.08422683924436569
Scene,Scene_random_full_01_zero,12345,850,0.12935813110219369,0.2740344142376588,0.6802261471748352,0.474154531955719,0.1986086219549179
Scene,Scene_random_full_01_zero,12345,855,0.007540994473245376,0.44475662215316814,0.7226992845535278,0.7085285782814026,0.03312591090798378
Scene,Scene_random_full_01_zero,12345,872,-0.05236455716069276,0.09280749588201465,0.7578338384628296,0.40949973464012146,-0.022452112287282944
Scene,Scene_random_full_01_zero,12345,873,0.5762785536846698,0.537986515639266,0.6408982872962952,0.4221867322921753,0.05003239959478378
Scene,Scene_random_full_01_zero,12345,893,0.3293864633330442,0.2876837188334246,0.7748172879219055,0.587303876876831,0.09388341754674911
Scene,Scene_random_full_01_zero,12345,894,0.10725861813764959,0.302128744483507,0.7214637398719788,0.5650386214256287,0.06717187911272049
Scene,Scene_random_full_01_zero,12345,918,-0.00825392730909543,0.299202245638451,0.7030863165855408,0.7404342293739319,0.24676012992858887
Scene,Scene_random_full_01_zero,12345,943,0.2864908016557371,0.5529979374969557,0.6592729687690735,0.572612464427948,0.25075864791870117
Scene,Scene_random_full_01_zero,12345,978,0.50521304309421,0.5731966902061096,0.6064761877059937,0.7183867692947388,0.5727484226226807
Scene,Scene_random_full_01_zero,12345,999,0.16791625012738853,0.339456185570119,0.7041302919387817,0.6599057912826538,0.030626751482486725
Scene,Scene_random_full_02_zero,12345,14,0.7014265123626041,0.5516839678026157,0.5158592462539673,0.42043840885162354,0.07803350687026978
Scene,Scene_random_full_02_zero,12345,15,-0.030440622448689243,0.34270780437146026,0.827714204788208,0.7081427574157715,0.09589047729969025
Scene,Scene_random_full_02_zero,12345,36,0.104482002280085,0.2482796878316352,0.7006325125694275,0.4036710560321808,0.023537060245871544
Scene,Scene_random_full_02_zero,12345,39,-0.5391932048087025,0.28517703607981654,0.5473376512527466,0.7216821908950806,0.42561063170433044
Scene,Scene_random_full_02_zero,12345,126,-0.1922628723920067,0.4346923895501508,0.7261521816253662,0.8433683514595032,0.41315406560897827
Scene,Scene_random_full_02_zero,12345,132,0.057469105791619485,0.10453815073547269,0.6676726341247559,0.5322158336639404,0.1687144786119461
Scene,Scene_random_full_02_zero,12345,167,0.18104478686319242,0.09188444023436355,0.7414860129356384,0.4514560401439667,0.02100020833313465
Scene,Scene_random_full_02_zero,12345,196,0.09416480540050627,0.2850931307249263,0.6930076479911804,0.7367239594459534,0.13501733541488647
Scene,Scene_random_full_02_zero,12345,199,0.1307494447801265,0.20346291766153393,0.6891335248947144,0.5620825290679932,-0.011706690303981304
Scene,Scene_random_full_02_zero,12345,214,-0.07652529706205723,0.2663070869318174,0.6760514974594116,0.8434503078460693,0.20292410254478455
Scene,Scene_random_full_02_zero,12345,241,0.1358841455753624,0.35001652467855265,0.7202385067939758,0.5416291356086731,-0.009738419204950333
Scene,Scene_random_full_02_zero,12345,242,-0.09807350804938854,0.48723839300181665,0.8424406051635742,0.49928033351898193,0.051727645099163055
Scene,Scene_random_full_02_zero,12345,245,-0.09035294139344165,0.3944843984531754,0.6804797649383545,0.5964285731315613,0.04883846640586853
Scene,Scene_random_full_02_zero,12345,249,-0.05072970616076524,0.3815063450567231,0.8087822198867798,0.39923277497291565,0.03216160833835602
Scene,Scene_random_full_02_zero,12345,282,-0.032005932185145074,0.3024038820235509,0.6664988994598389,0.31237098574638367,0.021818753331899643
Scene,Scene_random_full_02_zero,12345,289,-0.09513059793307461,0.39457797186643156,0.7562705278396606,0.6542322635650635,0.04103453457355499
Scene,Scene_random_full_02_zero,12345,303,0.08101254554685815,0.4171619908809501,0.7783195972442627,0.6104358434677124,0.07159798592329025
Scene,Scene_random_full_02_zero,12345,314,-0.08436439638039168,0.18704063741156138,0.8085077404975891,0.4602583944797516,-0.003851677291095257
Scene,Scene_random_full_02_zero,12345,393,0.24039214975994352,0.3489105568266781,0.6654680967330933,0.8174251317977905,0.3985997438430786
Scene,Scene_random_full_02_zero,12345,412,0.44164394516388283,0.5075340733279622,0.5704123377799988,0.5173920392990112,0.03690807521343231
Scene,Scene_random_full_02_zero,12345,442,0.04303264636297861,0.3349786004904384,0.7223877906799316,0.7470654845237732,0.04304659366607666
Scene,Scene_random_full_02_zero,12345,463,-0.2153540009014989,0.0978269127927159,0.7447615265846252,0.5484470129013062,0.14720216393470764
Scene,Scene_random_full_02_zero,12345,469,-0.030988577569285882,0.22451406943217436,0.7601680755615234,0.4475388526916504,-0.032135456800460815
Scene,Scene_random_full_02_zero,12345,486,0.23124116406268116,0.11434321857331263,0.7926637530326843,0.5564823150634766,0.05183859169483185
Scene,Scene_random_full_02_zero,12345,491,0.5545308445058601,0.38090461102282136,0.5758988857269287,0.7063168287277222,0.05753149092197418
Scene,Scene_random_full_02_zero,12345,518,0.2518791065910265,0.41050791933975384,0.7561092972755432,0.644237220287323,0.4045253396034241
Scene,Scene_random_full_02_zero,12345,523,-0.11910085042001016,0.09863230152569415,0.6575261950492859,0.5636741518974304,0.03329535201191902
Scene,Scene_random_full_02_zero,12345,545,0.0938096180848239,0.3733667194331773,0.7576727867126465,0.735758900642395,0.12089362740516663
Scene,Scene_random_full_02_zero,12345,551,0.006575107951546426,0.06146297342038661,0.8467471599578857,0.4544317126274109,-0.019924690946936607
Scene,Scene_random_full_02_zero,12345,568,0.05201099633109399,0.3971603813575892,0.7465222477912903,0.7307195067405701,0.02580803819000721
Scene,Scene_random_full_02_zero,12345,620,0.7763892513438327,0.544497151809826,0.5520291924476624,0.6095499396324158,0.17718327045440674
Scene,Scene_random_full_02_zero,12345,640,-0.03674018530711709,0.1660677641315948,0.6290439367294312,0.8018835783004761,0.5068463683128357
Scene,Scene_random_full_02_zero,12345,648,0.07489087965308353,0.2490768709472852,0.7380939722061157,0.6082512140274048,-0.01765243522822857
Scene,Scene_random_full_02_zero,12345,671,0.159252096504123,0.3890483746362939,0.6062749624252319,0.8054971098899841,0.47734320163726807
Scene,Scene_random_full_02_zero,12345,755,0.32099123499976207,0.3891034079595942,0.6671411395072937,0.6095995306968689,0.33196166157722473
Scene,Scene_random_full_02_zero,12345,811,0.25235157171937844,0.25200126379984805,0.7226158380508423,0.49763038754463196,0.02782076969742775
Scene,Scene_random_full_02_zero,12345,821,0.10612016793711358,0.24115657255582754,0.6500686407089233,0.70671147108078,0.37379777431488037
Scene,Scene_random_full_02_zero,12345,824,-0.10041921044258811,0.08432306711028265,0.7285522222518921,0.5772541761398315,0.12915022671222687
Scene,Scene_random_full_02_zero,12345,841,0.11746606225552747,0.2657286581315578,0.757952094078064,0.5923632383346558,0.10930145531892776
Scene,Scene_random_full_02_zero,12345,842,0.042962855207844056,0.26655652760484533,0.7941884994506836,0.692378580570221,0.03681853413581848
Scene,Scene_random_full_02_zero,12345,850,0.14804187035645974,0.29581383126939476,0.6849881410598755,0.6545184254646301,0.2562812268733978
Scene,Scene_random_full_02_zero,12345,855,0.016071929680592328,0.4432188380406832,0.7254248261451721,0.6642712950706482,0.05689337104558945
Scene,Scene_random_full_02_zero,12345,872,-0.03318090510534155,0.0939426814740394,0.7302196025848389,0.34999266266822815,0.06685812771320343
Scene,Scene_random_full_02_zero,12345,873,0.583165060799598,0.5239428579554792,0.6336802244186401,0.42579033970832825,0.05436720699071884
Scene,Scene_random_full_02_zero,12345,893,0.26069132367091585,0.2726409922136805,0.7559124827384949,0.35744935274124146,0.05696567893028259
Scene,Scene_random_full_02_zero,12345,894,0.06272991853286385,0.30345069590408413,0.7552720904350281,0.5595249533653259,0.025165801867842674
Scene,Scene_random_full_02_zero,12345,918,0.06073539045645727,0.2852756438520555,0.6762096881866455,0.7363025546073914,0.24124254286289215
Scene,Scene_random_full_02_zero,12345,943,0.06010406788347288,0.5406555881415296,0.7158124446868896,0.663163959980011,0.3295135498046875
Scene,Scene_random_full_02_zero,12345,978,0.4437237440215134,0.5504662236187413,0.6333688497543335,0.5425198078155518,0.07937252521514893
Scene,Scene_random_full_02_zero,12345,999,0.038652523075227006,0.3168845775793852,0.7422443628311157,0.6608811020851135,0.004258554428815842
Scene,Scene_random_full_03_zero,12345,14,0.6951821900504616,0.5608153170245687,0.5049258470535278,0.4551325738430023,0.09827910363674164
Scene,Scene_random_full_03_zero,12345,15,-0.06476097512571834,0.3112022618359098,0.798547089099884,0.8024927973747253,0.23653145134449005
Scene,Scene_random_full_03_zero,12345,36,0.06879725067473806,0.2377899446377256,0.7005346417427063,0.3736782670021057,0.044323988258838654
Scene,Scene_random_full_03_zero,12345,39,-0.5233042833701361,0.2822836108757357,0.5051770210266113,0.619299054145813,0.3190889358520508
Scene,Scene_random_full_03_zero,12345,126,-0.1545925597791503,0.4029021604452346,0.7070567607879639,0.8821974396705627,0.4033689796924591
Scene,Scene_random_full_03_zero,12345,132,0.08553065516313423,0.1057234058425642,0.68443363904953,0.5952645540237427,0.1177966520190239
Scene,Scene_random_full_03_zero,12345,167,0.27980068739408437,0.07640050169436774,0.7529962062835693,0.5690914392471313,0.06554672867059708
Scene,Scene_random_full_03_zero,12345,196,0.1006816145172384,0.29237398426504324,0.6605063676834106,0.7456467151641846,0.18015959858894348
Scene,Scene_random_full_03_zero,12345,199,0.05747307100934838,0.20429031245581233,0.7156432867050171,0.5785192251205444,0.48092955350875854
Scene,Scene_random_full_03_zero,12345,214,-0.014551551199896292,0.24304929502665856,0.6497496366500854,0.636852502822876,0.060908373445272446
Scene,Scene_random_full_03_zero,12345,241,0.15209815386625797,0.3757117154635703,0.7024194002151489,0.5404013991355896,0.13572104275226593
Scene,Scene_random_full_03_zero,12345,242,0.3888581998250307,0.5833732151333503,0.6803290843963623,0.5886116623878479,0.06138211488723755
Scene,Scene_random_full_03_zero,12345,245,0.002799344644022514,0.4625697340008856,0.711468517780304,0.5480207800865173,0.007034806534647942
Scene,Scene_random_full_03_zero,12345,249,-0.0914524475588731,0.319097230881694,0.8178919553756714,0.44506973028182983,-0.0013966639526188374
Scene,Scene_random_full_03_zero,12345,282,0.11037175924591476,0.3323326830523469,0.6661808490753174,0.43774867057800293,0.09322325140237808
Scene,Scene_random_full_03_zero,12345,289,-0.10947827730971971,0.3718418275226289,0.7377586960792542,0.7603745460510254,0.2448471337556839
Scene,Scene_random_full_03_zero,12345,303,0.093553134962579,0.415903532263152,0.7385072708129883,0.581475555896759,0.02757563441991806
Scene,Scene_random_full_03_zero,12345,314,-0.024124923776116303,0.20123391213251438,0.808144211769104,0.636838436126709,0.05935892090201378
Scene,Scene_random_full_03_zero,12345,393,0.23229681785199685,0.35214259941238557,0.7008493542671204,0.8569494485855103,0.37395957112312317
Scene,Scene_random_full_03_zero,12345,412,0.4366875051963637,0.5033823137816708,0.5553081631660461,0.44328656792640686,0.0001580696552991867
Scene,Scene_random_full_03_zero,12345,442,-0.0032040899178641625,0.2981988377445819,0.7126270532608032,0.6465547680854797,0.18097758293151855
Scene,Scene_random_full_03_zero,12345,463,-0.4904495321804444,0.11932035149207725,0.8570749759674072,0.5711274147033691,0.0915072113275528
Scene,Scene_random_full_03_zero,12345,469,-0.16369280098955027,0.20262985837612382,0.7849505543708801,0.45654457807540894,-0.025025049224495888
Scene,Scene_random_full_03_zero,12345,486,0.08128858997434926,0.09072819368517546,0.7437567710876465,0.5336948037147522,0.06021473929286003
Scene,Scene_random_full_03_zero,12345,491,0.5888273201550116,0.4083953185245323,0.5792335867881775,0.6240436434745789,0.09946337342262268
Scene,Scene_random_full_03_zero,12345,518,0.1432062683371054,0.2874211699025898,0.7360705733299255,0.5071476101875305,0.16564983129501343
Scene,Scene_random_full_03_zero,12345,523,-0.3521523661155247,0.12920871162907732,0.749703049659729,0.326377272605896,0.03264017030596733
Scene,Scene_random_full_03_zero,12345,545,0.1064686214192372,0.4018382421130844,0.7531231045722961,0.7465580105781555,0.019044041633605957
Scene,Scene_random_full_03_zero,12345,551,0.010552158788732169,0.08164474658402547,0.7786867618560791,0.6743968725204468,-0.04086532071232796
Scene,Scene_random_full_03_zero,12345,568,0.029770361998890178,0.3965506376006124,0.7424616813659668,0.7520672082901001,0.2612220048904419
Scene,Scene_random_full_03_zero,12345,620,0.7841549983523405,0.5543878956192138,0.5917806625366211,0.6299694180488586,0.26119139790534973
Scene,Scene_random_full_03_zero,12345,640,0.043760710758612494,0.208039523327747,0.7951534390449524,0.7027013897895813,0.28773561120033264
Scene,Scene_random_full_03_zero,12345,648,0.15399375611953356,0.2533837378698578,0.7190779447555542,0.6217450499534607,0.05017942935228348
Scene,Scene_random_full_03_zero,12345,671,0.1638899902559248,0.388353660808734,0.6402235627174377,0.8075852990150452,0.37126460671424866
Scene,Scene_random_full_03_zero,12345,755,0.34682834565766213,0.3939393205191064,0.6531198024749756,0.6578440070152283,0.3601105213165283
Scene,Scene_random_full_03_zero,12345,811,0.2393696999713538,0.24772794811213583,0.7260846495628357,0.5266585350036621,0.017155267298221588
Scene,Scene_random_full_03_zero,12345,821,0.04389049243112885,0.2685966664219185,0.6364755034446716,0.6023246645927429,0.21991926431655884
Scene,Scene_random_full_03_zero,12345,824,-0.04053019246211956,0.10498669449472751,0.7632349729537964,0.5889368653297424,0.2810351252555847
Scene,Scene_random_full_03_zero,12345,841,0.13033715185777034,0.29830727778159755,0.8069278597831726,0.5748504400253296,0.08551918715238571
Scene,Scene_random_full_03_zero,12345,842,0.10071679692960277,0.2573172857011798,0.7054997682571411,0.7386905550956726,0.06007445603609085
Scene,Scene_random_full_03_zero,12345,850,0.06588116477335357,0.29885027581179685,0.7389235496520996,0.657862663269043,0.22151216864585876
Scene,Scene_random_full_03_zero,12345,855,-0.010309437864103467,0.45973035982573085,0.74186772108078,0.6957277059555054,0.047310322523117065
Scene,Scene_random_full_03_zero,12345,872,-0.058653051738316975,0.08075260830290766,0.7307418584823608,0.35816851258277893,0.01509888842701912
Scene,Scene_random_full_03_zero,12345,873,0.599065371024257,0.5593840460332874,0.6259832978248596,0.3946475088596344,0.05384783446788788
Scene,Scene_random_full_03_zero,12345,893,0.3425836275046736,0.28575535019166753,0.7970947027206421,0.5223154425621033,0.12996524572372437
Scene,Scene_random_full_03_zero,12345,894,0.02074217545489438,0.33271401996728506,0.7694389224052429,0.5799015164375305,0.06632469594478607
Scene,Scene_random_full_03_zero,12345,918,0.09594762425558703,0.3152662454928637,0.7065544724464417,0.7382472157478333,0.14032424986362457
Scene,Scene_random_full_03_zero,12345,943,0.049386643115343846,0.5241911533054524,0.7634508609771729,0.6047506928443909,0.20619896054267883
Scene,Scene_random_full_03_zero,12345,978,0.5837234324358125,0.5756429928310905,0.606541097164154,0.7926657795906067,0.740357518196106
Scene,Scene_random_full_03_zero,12345,999,0.1234355085304222,0.3490820477143223,0.7445266842842102,0.6584184169769287,-0.019168995320796967
Scene,Scene_random_full_04_zero,12345,14,0.7012480522651766,0.51809814428815,0.5024349093437195,0.5687160491943359,0.08204520493745804
Scene,Scene_random_full_04_zero,12345,15,-0.07131341858904633,0.3241807716147662,0.7473995685577393,0.6457811594009399,0.07728632539510727
Scene,Scene_random_full_04_zero,12345,36,0.02675881761199836,0.21945215687664374,0.6593639850616455,0.48543548583984375,0.06949717551469803
Scene,Scene_random_full_04_zero,12345,39,-0.5129822364911995,0.2835537495999344,0.55336594581604,0.7425305843353271,0.4180169701576233
Scene,Scene_random_full_04_zero,12345,126,-0.2523091396736128,0.42475362931150384,0.716437816619873,0.8421216607093811,0.37675467133522034
Scene,Scene_random_full_04_zero,12345,132,0.07602253337159913,0.11142045282609975,0.6765334010124207,0.6558757424354553,0.19572284817695618
Scene,Scene_random_full_04_zero,12345,167,0.16813190884624538,0.10088201249905199,0.7231144309043884,0.4911334216594696,0.01522013545036316
Scene,Scene_random_full_04_zero,12345,196,0.11812530026797395,0.3018536486526452,0.6824523210525513,0.7189747095108032,0.09482908248901367
Scene,Scene_random_full_04_zero,12345,199,0.17348393178816615,0.19812407795958079,0.7103353142738342,0.6470735669136047,0.06200125813484192
Scene,Scene_random_full_04_zero,12345,214,-0.13202611981293702,0.2969562804746685,0.6768877506256104,0.7626438736915588,0.20786426961421967
Scene,Scene_random_full_04_zero,12345,241,0.14872257774882056,0.3540955165009107,0.7007193565368652,0.46516790986061096,0.07160094380378723
Scene,Scene_random_full_04_zero,12345,242,-0.13857164441680334,0.46357429020849705,0.8033680319786072,0.5310314893722534,0.03201593831181526
Scene,Scene_random_full_04_zero,12345,245,-0.004035935778153695,0.4396894699772062,0.6735718250274658,0.5736775398254395,0.08446872979402542
Scene,Scene_random_full_04_zero,12345,249,-0.020903667540669982,0.36964383082562213,0.8213168382644653,0.421357125043869,0.03248702362179756
Scene,Scene_random_full_04_zero,12345,282,-0.03500178441165415,0.2694645162875846,0.6385207176208496,0.2315218299627304,0.029314298182725906
Scene,Scene_random_full_04_zero,12345,289,-0.05070895816823519,0.4119846141160034,0.7692291736602783,0.6335892081260681,0.0038829315453767776
Scene,Scene_random_full_04_zero,12345,303,0.08977519949822017,0.40243995688907935,0.7334092855453491,0.6404681205749512,0.06291209161281586
Scene,Scene_random_full_04_zero,12345,314,-0.04964549655675808,0.1943882199572159,0.8362151980400085,0.459655225276947,-0.0063804155215620995
Scene,Scene_random_full_04_zero,12345,393,0.3015210446036541,0.37937755628965225,0.672893762588501,0.8434622287750244,0.36972111463546753
Scene,Scene_random_full_04_zero,12345,412,0.40142433398023136,0.4801111746357791,0.5933443307876587,0.40941959619522095,0.009721348993480206
Scene,Scene_random_full_04_zero,12345,442,-0.11681448412056505,0.27834748916296614,0.7011542916297913,0.7060157060623169,0.16343742609024048
Scene,Scene_random_full_04_zero,12345,463,-0.13893854418393028,0.09173341664734233,0.7896326184272766,0.5998196005821228,0.16591672599315643
Scene,Scene_random_full_04_zero,12345,469,-0.16034492670301798,0.19682924208546118,0.7773643732070923,0.44964927434921265,0.023671166971325874
Scene,Scene_random_full_04_zero,12345,486,0.08845968760809023,0.09863808930849711,0.7173789739608765,0.5504984259605408,0.09774205088615417
Scene,Scene_random_full_04_zero,12345,491,0.5820201844616455,0.4092935175057154,0.6005598902702332,0.6163653135299683,0.028979558497667313
Scene,Scene_random_full_04_zero,12345,518,-0.013146555139262788,0.5154715550175917,0.7407974600791931,0.42728278040885925,0.03970320522785187
Scene,Scene_random_full_04_zero,12345,523,-0.3920171181832327,0.12082101734845413,0.7408358454704285,0.4378260374069214,0.020429927855730057
Scene,Scene_random_full_04_zero,12345,545,0.07748518202005895,0.40837704918202333,0.7320022583007812,0.7650148272514343,0.08283369243144989
Scene,Scene_random_full_04_zero,12345,551,0.06677403585893416,0.06280648834771145,0.8345508575439453,0.39573240280151367,-0.005735341459512711
Scene,Scene_random_full_04_zero,12345,568,0.14409506650939793,0.37520468204368207,0.7098286151885986,0.8093031644821167,0.3943925201892853
Scene,Scene_random_full_04_zero,12345,620,0.7824414891185585,0.5468905133958767,0.521463930606842,0.7111003398895264,0.2569594979286194
Scene,Scene_random_full_04_zero,12345,640,0.041718523305340455,0.19802928296856676,0.7742238640785217,0.7492419481277466,0.22308853268623352
Scene,Scene_random_full_04_zero,12345,648,0.008368578219839738,0.26550102280983867,0.725957989692688,0.6274722814559937,0.018489541485905647
Scene,Scene_random_full_04_zero,12345,671,0.1242965236764494,0.3988600267182304,0.6235455870628357,0.7955529093742371,0.36931759119033813
Scene,Scene_random_full_04_zero,12345,755,0.3904216315857525,0.3842972234081018,0.6249064207077026,0.6375278830528259,0.3758794665336609
Scene,Scene_random_full_04_zero,12345,811,0.20565089225897729,0.2428170418526782,0.7548714876174927,0.4428642690181732,0.007069181650876999
Scene,Scene_random_full_04_zero,12345,821,0.1172477051884699,0.26007854020131616,0.6507010459899902,0.5796622037887573,0.24522553384304047
Scene,Scene_random_full_04_zero,12345,824,-0.07882807970407489,0.09698844911768842,0.738538920879364,0.5597220659255981,0.2503279447555542
Scene,Scene_random_full_04_zero,12345,841,0.09891787314798277,0.2990885832492512,0.793809711933136,0.5883293747901917,0.0071920473128557205
Scene,Scene_random_full_04_zero,12345,842,0.09259472528481613,0.275613949453261,0.7546339631080627,0.7582366466522217,0.14568625390529633
Scene,Scene_random_full_04_zero,12345,850,0.11896473209026928,0.2483572830491037,0.7035568952560425,0.4985705614089966,0.20669040083885193
Scene,Scene_random_full_04_zero,12345,855,0.012946619706541113,0.4269823367409632,0.6943623423576355,0.6919041872024536,0.04751544073224068
Scene,Scene_random_full_04_zero,12345,872,-0.0228149260623256,0.09131958970543332,0.729230523109436,0.3134600818157196,0.058313753455877304
Scene,Scene_random_full_04_zero,12345,873,0.5887126312233801,0.5129774950072733,0.6217330694198608,0.4136902391910553,0.02646275982260704
Scene,Scene_random_full_04_zero,12345,893,0.3500029279031011,0.2853653788808878,0.7526440024375916,0.537657618522644,0.10189211368560791
Scene,Scene_random_full_04_zero,12345,894,0.063418640799742,0.31207371400543166,0.7624104022979736,0.5627444386482239,0.02882051281630993
Scene,Scene_random_full_04_zero,12345,918,-0.0028362709283101107,0.3045135263314366,0.6852681636810303,0.6764429807662964,0.1622159332036972
Scene,Scene_random_full_04_zero,12345,943,0.003491640439813237,0.5281391318810974,0.7600312232971191,0.64424067735672,0.4199904203414917
Scene,Scene_random_full_04_zero,12345,978,0.5153140284665491,0.5620284583369942,0.6070820689201355,0.6637096405029297,0.22430698573589325
Scene,Scene_random_full_04_zero,12345,999,0.09627976141101627,0.35998651404546705,0.7284786105155945,0.650399923324585,-0.018048441037535667
Scene,Scene_random_full_05_zero,12345,14,0.5965972271039605,0.5495695179197866,0.5239285230636597,0.4813440442085266,0.07951872795820236
Scene,Scene_random_full_05_zero,12345,15,0.004719025559168335,0.38613558434376993,0.8016220927238464,0.6696622967720032,0.0812666118144989
Scene,Scene_random_full_05_zero,12345,36,6.648298827648501e-05,0.17803655866688486,0.6211971640586853,0.5889788866043091,0.0519760325551033
Scene,Scene_random_full_05_zero,12345,39,-0.5297279484853701,0.2809697291159095,0.5513691902160645,0.6770045161247253,0.4235759675502777
Scene,Scene_random_full_05_zero,12345,126,-0.16253153852467989,0.40635795383898926,0.7322348952293396,0.8970000147819519,0.32693180441856384
Scene,Scene_random_full_05_zero,12345,132,0.06520610217462668,0.10602040649226158,0.6871175169944763,0.6190576553344727,0.08247838914394379
Scene,Scene_random_full_05_zero,12345,167,0.2901792112355631,0.09927620512008506,0.7954205274581909,0.44005388021469116,0.038964152336120605
Scene,Scene_random_full_05_zero,12345,196,0.09319465123584399,0.2694898405055026,0.6668698787689209,0.6628031730651855,0.07679947465658188
Scene,Scene_random_full_05_zero,12345,199,0.11123826022220368,0.20717061441954948,0.7061022520065308,0.5461838841438293,0.0493646040558815
Scene,Scene_random_full_05_zero,12345,214,-0.04507846988660301,0.2815199515413396,0.6754776835441589,0.8547428250312805,0.21836258471012115
Scene,Scene_random_full_05_zero,12345,241,0.13203827219194073,0.36332714343258954,0.714356005191803,0.5017797350883484,-0.00039008352905511856
Scene,Scene_random_full_05_zero,12345,242,0.37256170712229153,0.5772108794829643,0.672307550907135,0.5959379076957703,0.030367569997906685
Scene,Scene_random_full_05_zero,12345,245,0.022538809753150268,0.46790729846468176,0.6814542412757874,0.6081867218017578,0.028576955199241638
Scene,Scene_random_full_05_zero,12345,249,-0.11553764682188528,0.33564570999998367,0.8228127956390381,0.43746668100357056,-0.0051311347633600235
Scene,Scene_random_full_05_zero,12345,282,0.08268228819613678,0.3427881200209461,0.6793787479400635,0.42822206020355225,0.024069370701909065
Scene,Scene_random_full_05_zero,12345,289,-0.15548264907840442,0.4030646521195056,0.7677422761917114,0.6975369453430176,0.03864024579524994
Scene,Scene_random_full_05_zero,12345,303,0.0768557250000711,0.48149658214460167,0.7762038707733154,0.6584774255752563,0.0062218159437179565
Scene,Scene_random_full_05_zero,12345,314,-0.08155630667396076,0.19553029722121315,0.8296860456466675,0.6315833926200867,0.15821383893489838
Scene,Scene_random_full_05_zero,12345,393,0.3223639202052463,0.37258038646265434,0.6447606086730957,0.8277347087860107,0.46812787652015686
Scene,Scene_random_full_05_zero,12345,412,0.43729235276058315,0.497933392442222,0.5525113940238953,0.45788002014160156,0.017097432166337967
Scene,Scene_random_full_05_zero,12345,442,-0.002972382478140414,0.2858365772780136,0.7214239239692688,0.4826146364212036,0.048935409635305405
Scene,Scene_random_full_05_zero,12345,463,-0.3339691805656773,0.10288142449627027,0.7960590124130249,0.45717939734458923,0.08608726412057877
Scene,Scene_random_full_05_zero,12345,469,-0.10160167839565809,0.22342860988604596,0.7902065515518188,0.46818023920059204,0.006472330540418625
Scene,Scene_random_full_05_zero,12345,486,0.2554933271720222,0.1158990171686218,0.8186377286911011,0.5090538859367371,0.04463760554790497
Scene,Scene_random_full_05_zero,12345,491,0.579923119952064,0.4008151566913343,0.5509286522865295,0.7288768887519836,0.2052091360092163
Scene,Scene_random_full_05_zero,12345,518,0.28130080350166964,0.5514755793901831,0.6842535138130188,0.6510739922523499,0.19008073210716248
Scene,Scene_random_full_05_zero,12345,523,-0.33240141199066764,0.10809667516956661,0.6937135457992554,0.5746591091156006,0.09684669971466064
Scene,Scene_random_full_05_zero,12345,545,0.13016608910218705,0.39825157847815035,0.7595928907394409,0.7574282288551331,0.09550762176513672
Scene,Scene_random_full_05_zero,12345,551,0.038632653071393075,0.09466722168674492,0.7815818786621094,0.4964757561683655,0.05554095283150673
Scene,Scene_random_full_05_zero,12345,568,0.0671074079075472,0.4080305554528319,0.7443599700927734,0.7354313731193542,0.3301140367984772
Scene,Scene_random_full_05_zero,12345,620,0.7409488231706496,0.494234486495709,0.5828384757041931,0.6055052876472473,0.2510976791381836
Scene,Scene_random_full_05_zero,12345,640,0.0448950656116142,0.18186534161389356,0.6926878094673157,0.49994683265686035,0.06492149829864502
Scene,Scene_random_full_05_zero,12345,648,0.1472605702369459,0.26744607222805816,0.7343471050262451,0.5919233560562134,0.0505969300866127
Scene,Scene_random_full_05_zero,12345,671,0.14061902326608003,0.3874630447732818,0.6333628296852112,0.7664236426353455,0.3907242715358734
Scene,Scene_random_full_05_zero,12345,755,0.41498147352787706,0.40492431677397234,0.6328275203704834,0.7455466389656067,0.3908669650554657
Scene,Scene_random_full_05_zero,12345,811,0.2160136199699474,0.2501654595848157,0.7489960193634033,0.5629180073738098,-0.004524967633187771
Scene,Scene_random_full_05_zero,12345,821,0.09739042476042876,0.22789906526732673,0.6258190870285034,0.7309234738349915,0.38510188460350037
Scene,Scene_random_full_05_zero,12345,824,-0.08026157498730643,0.09449852233041195,0.7359898090362549,0.4719265103340149,0.05753540247678757
Scene,Scene_random_full_05_zero,12345,841,-0.17602855257486766,0.30064283176008166,0.8011291027069092,0.4141559600830078,-0.015245618298649788
Scene,Scene_random_full_05_zero,12345,842,0.04422624209183194,0.2743943322231332,0.7978610992431641,0.6898378729820251,0.07704091817140579
Scene,Scene_random_full_05_zero,12345,850,0.0927863312778095,0.3025685677571576,0.708946168422699,0.5237016081809998,0.1618041843175888
Scene,Scene_random_full_05_zero,12345,855,0.002269055819151876,0.43147781812940994,0.6792119741439819,0.6400966048240662,-0.02053464576601982
Scene,Scene_random_full_05_zero,12345,872,-0.049357547601715165,0.08254953057843105,0.7122390866279602,0.3759872019290924,-0.014181617647409439
Scene,Scene_random_full_05_zero,12345,873,0.574757309615729,0.5375087740020156,0.6165996789932251,0.4258400797843933,0.038922399282455444
Scene,Scene_random_full_05_zero,12345,893,0.24938805389061783,0.26880454432354967,0.7587808966636658,0.41186997294425964,0.09845540672540665
Scene,Scene_random_full_05_zero,12345,894,0.06398433223092721,0.3276204025204037,0.7575364708900452,0.5240155458450317,0.02690303325653076
Scene,Scene_random_full_05_zero,12345,918,0.0035093209052363904,0.3008639196869751,0.6831638813018799,0.7223477363586426,0.14459462463855743
Scene,Scene_random_full_05_zero,12345,943,0.16629432712509817,0.5170495372009272,0.6711426973342896,0.7171326875686646,0.5045680403709412
Scene,Scene_random_full_05_zero,12345,978,0.48298916797702185,0.5683777028082195,0.6159836649894714,0.6419398784637451,0.31060487031936646
Scene,Scene_random_full_05_zero,12345,999,0.013206266566329663,0.33060058802607195,0.7672570943832397,0.6629677414894104,-0.006146281957626343
Scene,no_mask,12345,14,0.685975174259179,0.5580410729956963,0.5251792669296265,0.45825815200805664,0.056785136461257935
Scene,no_mask,12345,15,-0.06260073453245994,0.33073906989931,0.7673009634017944,0.7825109362602234,0.1181839182972908
Scene,no_mask,12345,36,0.12717699660686452,0.2313551661305695,0.6570273041725159,0.40388938784599304,0.014171765185892582
Scene,no_mask,12345,39,-0.5213161474294077,0.2839256996492289,0.532111644744873,0.6894248127937317,0.40735718607902527
Scene,no_mask,12345,126,-0.14838557321859241,0.4158273835493046,0.7021559476852417,0.8915132880210876,0.24413707852363586
Scene,no_mask,12345,132,0.08359801283194034,0.10187761130218921,0.6798518300056458,0.5376697182655334,0.15916554629802704
Scene,no_mask,12345,167,0.19649415067076467,0.10236684303388396,0.7173800468444824,0.41096481680870056,-0.023494739085435867
Scene,no_mask,12345,196,0.11205556520626057,0.28121564306216373,0.6608308553695679,0.7381352186203003,0.19835299253463745
Scene,no_mask,12345,199,0.14532005140008,0.2019177690990224,0.6789929270744324,0.6467702984809875,0.13392917811870575
Scene,no_mask,12345,214,-0.11008662854275526,0.31933604677619787,0.7013274431228638,0.7898276448249817,0.1543550193309784
Scene,no_mask,12345,241,0.1566337120100174,0.35113321332799596,0.6935405731201172,0.5054377913475037,0.023484963923692703
Scene,no_mask,12345,242,-0.07370934561908456,0.5072445406725106,0.8133591413497925,0.5250546336174011,0.005057145841419697
Scene,no_mask,12345,245,-0.0671418281911607,0.4377881807221386,0.6708861589431763,0.5604403018951416,0.0018076486885547638
Scene,no_mask,12345,249,-0.023001432910715748,0.3785711912504574,0.8265405893325806,0.4462753236293793,0.014296500943601131
Scene,no_mask,12345,282,0.11080499871876906,0.3168506955410151,0.6777663230895996,0.4800460934638977,0.015670262277126312
Scene,no_mask,12345,289,-0.15802504503851184,0.36535877870474687,0.7352730631828308,0.6354338526725769,0.14928129315376282
Scene,no_mask,12345,303,0.12523300164131781,0.442278232182648,0.7351639866828918,0.6187810897827148,0.06225885450839996
Scene,no_mask,12345,314,-0.07241903045977147,0.1907102292143598,0.8136017322540283,0.5986721515655518,0.05851484090089798
Scene,no_mask,12345,393,0.3514959975710105,0.3986363680405303,0.6652084589004517,0.8490884900093079,0.385073721408844
Scene,no_mask,12345,412,0.4246394490561873,0.5072557638298558,0.5548363924026489,0.4388026297092438,0.01684904843568802
Scene,no_mask,12345,442,-0.01973503070857828,0.3020666313101709,0.7122886776924133,0.6048064231872559,0.10275290906429291
Scene,no_mask,12345,463,-0.1810632644050536,0.09837472282242934,0.8079121112823486,0.4296641945838928,0.06470409035682678
Scene,no_mask,12345,469,-0.003321889838764671,0.23087730725066682,0.7755674719810486,0.47331902384757996,-0.021768439561128616
Scene,no_mask,12345,486,0.1201107558537632,0.08790386848517617,0.7079368829727173,0.6266616582870483,0.17104201018810272
Scene,no_mask,12345,491,0.5878647953671978,0.40364087357424816,0.5725613236427307,0.7205410599708557,0.13003207743167877
Scene,no_mask,12345,518,0.007578306300403006,0.5322087907583826,0.7357903122901917,0.45912855863571167,0.05124531686306
Scene,no_mask,12345,523,-0.02340179648646844,0.09922937565401103,0.6408188343048096,0.5187162160873413,0.05985915660858154
Scene,no_mask,12345,545,0.10486398113400656,0.43409120421961533,0.7464748620986938,0.7139877676963806,-0.014000766910612583
Scene,no_mask,12345,551,0.01973229202599751,0.06064785877135033,0.8146900534629822,0.421905517578125,-0.031375013291835785
Scene,no_mask,12345,568,0.08714891975537832,0.4152453337377321,0.7425122261047363,0.7818264961242676,0.3045913279056549
Scene,no_mask,12345,620,0.7731996298701505,0.5392285423876404,0.5692049860954285,0.6438798904418945,0.3416905999183655
Scene,no_mask,12345,640,-0.05620480625686535,0.1658653806479968,0.6447329521179199,0.8196316957473755,0.6440845727920532
Scene,no_mask,12345,648,0.057241455795072387,0.255773250005114,0.7458839416503906,0.6269647479057312,0.0045401668176054955
Scene,no_mask,12345,671,0.12852897932712318,0.3991328528460893,0.6178188920021057,0.7796332836151123,0.3581286668777466
Scene,no_mask,12345,755,0.39808637460634266,0.39624658833805204,0.6464361548423767,0.6438591480255127,0.43624308705329895
Scene,no_mask,12345,811,0.2196881977102323,0.25441392531447926,0.7400841116905212,0.47873395681381226,0.011639324948191643
Scene,no_mask,12345,821,0.03366252407524394,0.2302868719873208,0.6362751722335815,0.7734400033950806,0.7185112833976746
Scene,no_mask,12345,824,-0.05865592362940989,0.09647574424775382,0.7205261588096619,0.5631834268569946,0.1720113456249237
Scene,no_mask,12345,841,0.13167311292217965,0.29807937806719537,0.784065842628479,0.6026498079299927,0.14087051153182983
Scene,no_mask,12345,842,0.040630952251259886,0.26358187735174887,0.7896345853805542,0.6995631456375122,0.07228440046310425
Scene,no_mask,12345,850,0.06846720433675454,0.2884641328396288,0.7160958051681519,0.7054669857025146,0.2827726900577545
Scene,no_mask,12345,855,0.040777108293038204,0.4513165565065866,0.6866933703422546,0.7184723019599915,0.049060363322496414
Scene,no_mask,12345,872,-0.0133751221276723,0.0952950189353984,0.7112166285514832,0.30536237359046936,0.019408494234085083
Scene,no_mask,12345,873,0.5467698133563323,0.5532542010932304,0.6098306179046631,0.4147999584674835,0.09234873950481415
Scene,no_mask,12345,893,0.3438162126308746,0.2836476508846109,0.7856424450874329,0.5362313389778137,0.09187395125627518
Scene,no_mask,12345,894,0.008972574898510116,0.3275258825022145,0.7523261308670044,0.5518154501914978,0.03667639195919037
Scene,no_mask,12345,918,-0.0025042512010189423,0.3091287693160665,0.7244551777839661,0.7676306962966919,0.29557764530181885
Scene,no_mask,12345,943,0.07133581837256343,0.538945976358406,0.7619567513465881,0.601127028465271,0.32888519763946533
Scene,no_mask,12345,978,0.5511838892246367,0.5697768080954968,0.6018414497375488,0.7867425680160522,0.288662850856781
Scene,no_mask,12345,999,0.07996375783268637,0.3201064312296886,0.7284443974494934,0.6645850539207458,0.030521094799041748
Scene,no_mask_repeat,12345,14,0.685975174259179,0.5580410729956963,0.5251792669296265,0.45825815200805664,0.056785136461257935
Scene,no_mask_repeat,12345,15,-0.06260073453245994,0.33073906989931,0.7673009634017944,0.7825109362602234,0.1181839182972908
Scene,no_mask_repeat,12345,36,0.12717699660686452,0.2313551661305695,0.6570273041725159,0.40388938784599304,0.014171765185892582
Scene,no_mask_repeat,12345,39,-0.5213161474294077,0.2839256996492289,0.532111644744873,0.6894248127937317,0.40735718607902527
Scene,no_mask_repeat,12345,126,-0.14838557321859241,0.4158273835493046,0.7021559476852417,0.8915132880210876,0.24413707852363586
Scene,no_mask_repeat,12345,132,0.08359801283194034,0.10187761130218921,0.6798518300056458,0.5376697182655334,0.15916554629802704
Scene,no_mask_repeat,12345,167,0.19649415067076467,0.10236684303388396,0.7173800468444824,0.41096481680870056,-0.023494739085435867
Scene,no_mask_repeat,12345,196,0.11205556520626057,0.28121564306216373,0.6608308553695679,0.7381352186203003,0.19835299253463745
Scene,no_mask_repeat,12345,199,0.14532005140008,0.2019177690990224,0.6789929270744324,0.6467702984809875,0.13392917811870575
Scene,no_mask_repeat,12345,214,-0.11008662854275526,0.31933604677619787,0.7013274431228638,0.7898276448249817,0.1543550193309784
Scene,no_mask_repeat,12345,241,0.1566337120100174,0.35113321332799596,0.6935405731201172,0.5054377913475037,0.023484963923692703
Scene,no_mask_repeat,12345,242,-0.07370934561908456,0.5072445406725106,0.8133591413497925,0.5250546336174011,0.005057145841419697
Scene,no_mask_repeat,12345,245,-0.0671418281911607,0.4377881807221386,0.6708861589431763,0.5604403018951416,0.0018076486885547638
Scene,no_mask_repeat,12345,249,-0.023001432910715748,0.3785711912504574,0.8265405893325806,0.4462753236293793,0.014296500943601131
Scene,no_mask_repeat,12345,282,0.11080499871876906,0.3168506955410151,0.6777663230895996,0.4800460934638977,0.015670262277126312
Scene,no_mask_repeat,12345,289,-0.15802504503851184,0.36535877870474687,0.7352730631828308,0.6354338526725769,0.14928129315376282
Scene,no_mask_repeat,12345,303,0.12523300164131781,0.442278232182648,0.7351639866828918,0.6187810897827148,0.06225885450839996
Scene,no_mask_repeat,12345,314,-0.07241903045977147,0.1907102292143598,0.8136017322540283,0.5986721515655518,0.05851484090089798
Scene,no_mask_repeat,12345,393,0.3514959975710105,0.3986363680405303,0.6652084589004517,0.8490884900093079,0.385073721408844
Scene,no_mask_repeat,12345,412,0.4246394490561873,0.5072557638298558,0.5548363924026489,0.4388026297092438,0.01684904843568802
Scene,no_mask_repeat,12345,442,-0.01973503070857828,0.3020666313101709,0.7122886776924133,0.6048064231872559,0.10275290906429291
Scene,no_mask_repeat,12345,463,-0.1810632644050536,0.09837472282242934,0.8079121112823486,0.4296641945838928,0.06470409035682678
Scene,no_mask_repeat,12345,469,-0.003321889838764671,0.23087730725066682,0.7755674719810486,0.47331902384757996,-0.021768439561128616
Scene,no_mask_repeat,12345,486,0.1201107558537632,0.08790386848517617,0.7079368829727173,0.6266616582870483,0.17104201018810272
Scene,no_mask_repeat,12345,491,0.5878647953671978,0.40364087357424816,0.5725613236427307,0.7205410599708557,0.13003207743167877
Scene,no_mask_repeat,12345,518,0.007578306300403006,0.5322087907583826,0.7357903122901917,0.45912855863571167,0.05124531686306
Scene,no_mask_repeat,12345,523,-0.02340179648646844,0.09922937565401103,0.6408188343048096,0.5187162160873413,0.05985915660858154
Scene,no_mask_repeat,12345,545,0.10486398113400656,0.43409120421961533,0.7464748620986938,0.7139877676963806,-0.014000766910612583
Scene,no_mask_repeat,12345,551,0.01973229202599751,0.06064785877135033,0.8146900534629822,0.421905517578125,-0.031375013291835785
Scene,no_mask_repeat,12345,568,0.08714891975537832,0.4152453337377321,0.7425122261047363,0.7818264961242676,0.3045913279056549
Scene,no_mask_repeat,12345,620,0.7731996298701505,0.5392285423876404,0.5692049860954285,0.6438798904418945,0.3416905999183655
Scene,no_mask_repeat,12345,640,-0.05620480625686535,0.1658653806479968,0.6447329521179199,0.8196316957473755,0.6440845727920532
Scene,no_mask_repeat,12345,648,0.057241455795072387,0.255773250005114,0.7458839416503906,0.6269647479057312,0.0045401668176054955
Scene,no_mask_repeat,12345,671,0.12852897932712318,0.3991328528460893,0.6178188920021057,0.7796332836151123,0.3581286668777466
Scene,no_mask_repeat,12345,755,0.39808637460634266,0.39624658833805204,0.6464361548423767,0.6438591480255127,0.43624308705329895
Scene,no_mask_repeat,12345,811,0.2196881977102323,0.25441392531447926,0.7400841116905212,0.47873395681381226,0.011639324948191643
Scene,no_mask_repeat,12345,821,0.03366252407524394,0.2302868719873208,0.6362751722335815,0.7734400033950806,0.7185112833976746
Scene,no_mask_repeat,12345,824,-0.05865592362940989,0.09647574424775382,0.7205261588096619,0.5631834268569946,0.1720113456249237
Scene,no_mask_repeat,12345,841,0.13167311292217965,0.29807937806719537,0.784065842628479,0.6026498079299927,0.14087051153182983
Scene,no_mask_repeat,12345,842,0.040630952251259886,0.26358187735174887,0.7896345853805542,0.6995631456375122,0.07228440046310425
Scene,no_mask_repeat,12345,850,0.06846720433675454,0.2884641328396288,0.7160958051681519,0.7054669857025146,0.2827726900577545
Scene,no_mask_repeat,12345,855,0.040777108293038204,0.4513165565065866,0.6866933703422546,0.7184723019599915,0.049060363322496414
Scene,no_mask_repeat,12345,872,-0.0133751221276723,0.0952950189353984,0.7112166285514832,0.30536237359046936,0.019408494234085083
Scene,no_mask_repeat,12345,873,0.5467698133563323,0.5532542010932304,0.6098306179046631,0.4147999584674835,0.09234873950481415
Scene,no_mask_repeat,12345,893,0.3438162126308746,0.2836476508846109,0.7856424450874329,0.5362313389778137,0.09187395125627518
Scene,no_mask_repeat,12345,894,0.008972574898510116,0.3275258825022145,0.7523261308670044,0.5518154501914978,0.03667639195919037
Scene,no_mask_repeat,12345,918,-0.0025042512010189423,0.3091287693160665,0.7244551777839661,0.7676306962966919,0.29557764530181885
Scene,no_mask_repeat,12345,943,0.07133581837256343,0.538945976358406,0.7619567513465881,0.601127028465271,0.32888519763946533
Scene,no_mask_repeat,12345,978,0.5511838892246367,0.5697768080954968,0.6018414497375488,0.7867425680160522,0.288662850856781
Scene,no_mask_repeat,12345,999,0.07996375783268637,0.3201064312296886,0.7284443974494934,0.6645850539207458,0.030521094799041748
Scene,Body_unrelated_equal4_zero,23456,14,0.32457424176317135,0.47411191709438705,0.6742289662361145,0.45272183418273926,0.04849742725491524
Scene,Body_unrelated_equal4_zero,23456,15,0.015301069930921231,0.4206025789342672,0.8110587000846863,0.796709418296814,0.535279393196106
Scene,Body_unrelated_equal4_zero,23456,36,0.2651316791157544,0.229212428703117,0.6166739463806152,0.6793321967124939,0.005990944337099791
Scene,Body_unrelated_equal4_zero,23456,39,-0.4555335912900656,0.33970892172896094,0.5431666374206543,0.7110933661460876,0.31338492035865784
Scene,Body_unrelated_equal4_zero,23456,126,0.07293306448566104,0.4170726821121669,0.6662137508392334,0.902259349822998,0.39605170488357544
Scene,Body_unrelated_equal4_zero,23456,132,0.012496004589244322,0.11044133839732886,0.6348420977592468,0.665185272693634,0.27175262570381165
Scene,Body_unrelated_equal4_zero,23456,167,0.08224013758503673,0.11974714571462775,0.7002540230751038,0.6544766426086426,0.2593850791454315
Scene,Body_unrelated_equal4_zero,23456,196,0.04603987324016354,0.3446021387040799,0.768888533115387,0.7432329654693604,0.08550460636615753
Scene,Body_unrelated_equal4_zero,23456,199,0.1662513788848945,0.1754098212083673,0.7209123969078064,0.762302815914154,0.4847131371498108
Scene,Body_unrelated_equal4_zero,23456,214,0.12429284437523459,0.3765053935855046,0.7068830132484436,0.6206921935081482,0.07846374809741974
Scene,Body_unrelated_equal4_zero,23456,241,0.2150517338613996,0.3328851270021749,0.7359345555305481,0.493895024061203,0.03971891850233078
Scene,Body_unrelated_equal4_zero,23456,242,0.06329096315826171,0.509836439390136,0.7322014570236206,0.5971128344535828,0.06991557031869888
Scene,Body_unrelated_equal4_zero,23456,245,-0.017448534872952302,0.43067577804912494,0.6650263071060181,0.5819497108459473,0.032307371497154236
Scene,Body_unrelated_equal4_zero,23456,249,0.07997669743743695,0.3758339903916865,0.7925354838371277,0.4177325963973999,-0.013802716508507729
Scene,Body_unrelated_equal4_zero,23456,282,0.1948072845633054,0.36588861663700056,0.6221153736114502,0.43978169560432434,0.02254285290837288
Scene,Body_unrelated_equal4_zero,23456,289,-0.07086372788378831,0.3346223829990225,0.7794855237007141,0.6295049786567688,0.03334563970565796
Scene,Body_unrelated_equal4_zero,23456,303,0.06610706915004014,0.49751554013859023,0.7730770707130432,0.7301672101020813,0.051805250346660614
Scene,Body_unrelated_equal4_zero,23456,314,0.11288009824681053,0.19939597541125137,0.8481041193008423,0.6374596953392029,0.10070504248142242
Scene,Body_unrelated_equal4_zero,23456,393,-0.03548393997779713,0.3657292420038006,0.7079521417617798,0.7768369913101196,0.21501129865646362
Scene,Body_unrelated_equal4_zero,23456,412,0.5386375837225391,0.5397942679876806,0.5449141263961792,0.558667778968811,0.059792086482048035
Scene,Body_unrelated_equal4_zero,23456,442,0.09302426512840542,0.36692028352298606,0.7213950753211975,0.691787600517273,-0.059079572558403015
Scene,Body_unrelated_equal4_zero,23456,463,0.2188827968165572,0.09510786230856083,0.7656475901603699,0.5720541477203369,0.11448655277490616
Scene,Body_unrelated_equal4_zero,23456,469,-0.3786183190847283,0.21913074830953305,0.7920140027999878,0.4757012724876404,0.02528371661901474
Scene,Body_unrelated_equal4_zero,23456,486,-0.1603654206679963,0.10243493624353488,0.7373889088630676,0.6009893417358398,0.1537889838218689
Scene,Body_unrelated_equal4_zero,23456,491,0.36961660591519613,0.32364100163359416,0.6229438781738281,0.667184591293335,0.05038054287433624
Scene,Body_unrelated_equal4_zero,23456,518,0.5132998180546456,0.5878966015835507,0.5114759206771851,0.6829806566238403,0.20465926826000214
Scene,Body_unrelated_equal4_zero,23456,523,0.3921378146591388,0.1655660239668166,0.701289713382721,0.5367239117622375,0.12993250787258148
Scene,Body_unrelated_equal4_zero,23456,545,-0.044083423320649066,0.38038636390325004,0.7404489517211914,0.7062710523605347,0.0854090005159378
Scene,Body_unrelated_equal4_zero,23456,551,-0.031893490436256125,0.0771672833774687,0.8120545148849487,0.47992002964019775,0.031006641685962677
Scene,Body_unrelated_equal4_zero,23456,568,0.1277080131602827,0.4470193681485297,0.6798694133758545,0.807278037071228,0.5641051530838013
Scene,Body_unrelated_equal4_zero,23456,620,-0.29093061581874663,0.22650677008998082,0.7857359647750854,0.5885471105575562,0.3040718734264374
Scene,Body_unrelated_equal4_zero,23456,640,-0.15059656333826568,0.12183473383896669,0.7039541006088257,0.4501209855079651,0.04132473096251488
Scene,Body_unrelated_equal4_zero,23456,648,0.32909847258241137,0.2995487470054025,0.7462772130966187,0.6095843315124512,0.08696416020393372
Scene,Body_unrelated_equal4_zero,23456,671,-0.1637726001632215,0.34500669624737784,0.6077499985694885,0.7783087491989136,0.40705132484436035
Scene,Body_unrelated_equal4_zero,23456,755,0.38941998802337074,0.4162162105595782,0.7326291799545288,0.5787738561630249,0.1126638650894165
Scene,Body_unrelated_equal4_zero,23456,811,0.018114425028028125,0.2557328980709155,0.7540120482444763,0.5574091672897339,0.03530435264110565
Scene,Body_unrelated_equal4_zero,23456,821,0.35631595064286525,0.29406737810925093,0.6641068458557129,0.43150198459625244,0.046339813619852066
Scene,Body_unrelated_equal4_zero,23456,824,-0.1256443509807839,0.09348390593177065,0.7942497134208679,0.4550774395465851,0.03848811611533165
Scene,Body_unrelated_equal4_zero,23456,841,0.09828382172643316,0.24583032918623168,0.843235969543457,0.40848809480667114,0.05764582008123398
Scene,Body_unrelated_equal4_zero,23456,842,0.12859167303229913,0.2374438428133806,0.7081112265586853,0.7786849141120911,0.10365796089172363
Scene,Body_unrelated_equal4_zero,23456,850,0.07884989423522144,0.37292789925913433,0.7398849725723267,0.6942322850227356,0.3153006136417389
Scene,Body_unrelated_equal4_zero,23456,855,0.17366661264090028,0.4824419421849603,0.7236846089363098,0.7086700797080994,0.008016547188162804
Scene,Body_unrelated_equal4_zero,23456,872,-0.12999119864641442,0.07619985909580897,0.7189456224441528,0.3965243995189667,-0.0007922593504190445
Scene,Body_unrelated_equal4_zero,23456,873,0.44703885525032355,0.52466638758184,0.5735757946968079,0.48577719926834106,0.051836855709552765
Scene,Body_unrelated_equal4_zero,23456,893,0.3845489195079985,0.29110508133763485,0.688851535320282,0.7086950540542603,0.3153705596923828
Scene,Body_unrelated_equal4_zero,23456,894,-0.0402743477657988,0.23608702426360675,0.732292890548706,0.5600313544273376,0.06627897173166275
Scene,Body_unrelated_equal4_zero,23456,918,-0.02885306846619536,0.27057634443058437,0.6738525629043579,0.7312974333763123,0.26115527749061584
Scene,Body_unrelated_equal4_zero,23456,943,0.3441948733450603,0.5707791547203241,0.7190620303153992,0.6316919922828674,0.1478491574525833
Scene,Body_unrelated_equal4_zero,23456,978,0.6228792678138564,0.5861941166231773,0.5519890785217285,0.8629357814788818,0.8088942170143127
Scene,Body_unrelated_equal4_zero,23456,999,-0.06577505164231524,0.33138283051443745,0.7063868045806885,0.6839898824691772,0.005846546031534672
Scene,Scene_equal4_zero,23456,14,0.5834299969891933,0.5552299104983802,0.5297592282295227,0.4756130576133728,0.03829597681760788
Scene,Scene_equal4_zero,23456,15,-0.11164537069299249,0.42660599007862365,0.7698708176612854,0.7310946583747864,0.1107591986656189
Scene,Scene_equal4_zero,23456,36,0.2682017733610583,0.22878063846755328,0.6134211421012878,0.6454787850379944,0.015204135328531265
Scene,Scene_equal4_zero,23456,39,-0.47021209108592893,0.3306179222141342,0.4918561577796936,0.6350994110107422,0.23882175981998444
Scene,Scene_equal4_zero,23456,126,0.15027863073507358,0.4272591192472765,0.6500370502471924,0.8328742384910583,0.4859774708747864
Scene,Scene_equal4_zero,23456,132,0.005424747776100107,0.11000692475796928,0.6437416076660156,0.6185296773910522,0.3122755289077759
Scene,Scene_equal4_zero,23456,167,0.06012968697913214,0.11605325949786585,0.6992784738540649,0.6183196306228638,0.3048316240310669
Scene,Scene_equal4_zero,23456,196,0.03588540957073519,0.3459206822893347,0.7633915543556213,0.7162610292434692,0.08378101140260696
Scene,Scene_equal4_zero,23456,199,0.1426587208191233,0.1735664028993337,0.7244845628738403,0.7931240200996399,0.4318276345729828
Scene,Scene_equal4_zero,23456,214,0.12079009058505522,0.3773372747173611,0.7070135474205017,0.552838146686554,0.12508556246757507
Scene,Scene_equal4_zero,23456,241,0.28288853527961755,0.3298775545770042,0.7386952042579651,0.5085214972496033,0.1250317394733429
Scene,Scene_equal4_zero,23456,242,0.02032537021722134,0.4888214079514664,0.7692309021949768,0.5336846709251404,0.06676393002271652
Scene,Scene_equal4_zero,23456,245,-0.07244408587673411,0.43667895610075,0.6813950538635254,0.5666282176971436,0.0021599652245640755
Scene,Scene_equal4_zero,23456,249,-0.008755205097079461,0.367920032332945,0.809751033782959,0.45190533995628357,0.014464695006608963
Scene,Scene_equal4_zero,23456,282,0.18602787229419324,0.3665892049891725,0.6183046102523804,0.4150495231151581,0.06296759098768234
Scene,Scene_equal4_zero,23456,289,-0.060352597238787074,0.3256881804194165,0.7755001783370972,0.5924025774002075,0.059368714690208435
Scene,Scene_equal4_zero,23456,303,0.09646908682246125,0.4905811317512019,0.7459200620651245,0.7340386509895325,0.05870261788368225
Scene,Scene_equal4_zero,23456,314,0.11321153285754525,0.19838245105948915,0.8329942226409912,0.5961622595787048,0.034132592380046844
Scene,Scene_equal4_zero,23456,393,-0.07944520902893124,0.3533535125160621,0.6971957087516785,0.8032562732696533,0.1917867362499237
Scene,Scene_equal4_zero,23456,412,0.5683467163738987,0.5336087969508524,0.5583971738815308,0.513839066028595,0.07006161659955978
Scene,Scene_equal4_zero,23456,442,0.08432539065105761,0.37089469607648373,0.7257442474365234,0.7112555503845215,0.04386734962463379
Scene,Scene_equal4_zero,23456,463,0.2325999268282014,0.09588536095696339,0.7548598051071167,0.5669994354248047,0.12278739362955093
Scene,Scene_equal4_zero,23456,469,-0.33229206498646185,0.21753741372041024,0.764952540397644,0.4249010682106018,0.003772956319153309
Scene,Scene_equal4_zero,23456,486,-0.1711807714058354,0.10344178780382539,0.7437081336975098,0.5925167202949524,0.15149949491024017
Scene,Scene_equal4_zero,23456,491,0.3742011149307423,0.33267230585195007,0.6262377500534058,0.6648281812667847,-0.0016754553653299809
Scene,Scene_equal4_zero,23456,518,0.3856789235117153,0.5094423827120802,0.5842074155807495,0.7769131064414978,0.3425438702106476
Scene,Scene_equal4_zero,23456,523,0.37022511619213794,0.16536044780346199,0.694557785987854,0.516936182975769,0.16887526214122772
Scene,Scene_equal4_zero,23456,545,-0.020651961412061624,0.39639712518642384,0.7666482329368591,0.7191300392150879,0.07607180625200272
Scene,Scene_equal4_zero,23456,551,-0.01613147887990208,0.06910463575857574,0.8275356292724609,0.464737206697464,-0.05222504213452339
Scene,Scene_equal4_zero,23456,568,0.14962290815417226,0.4524861441020965,0.7045994400978088,0.8794093728065491,0.49101492762565613
Scene,Scene_equal4_zero,23456,620,-0.274265444372887,0.227860021768576,0.7731438279151917,0.4810032248497009,0.2414495348930359
Scene,Scene_equal4_zero,23456,640,-0.1410769842265435,0.12833223402790772,0.6862006187438965,0.4227197468280792,0.019563667476177216
Scene,Scene_equal4_zero,23456,648,0.4118646383090664,0.2680794103419191,0.7478291392326355,0.4843326210975647,0.01316087320446968
Scene,Scene_equal4_zero,23456,671,-0.16760204244719826,0.3502462006785102,0.6250275373458862,0.7382343411445618,0.40171459317207336
Scene,Scene_equal4_zero,23456,755,0.40173062004864046,0.41764469045856906,0.7340927124023438,0.6481623649597168,0.2574206292629242
Scene,Scene_equal4_zero,23456,811,0.010436232974918027,0.25543460898328957,0.7545210123062134,0.5649480819702148,-0.011391308158636093
Scene,Scene_equal4_zero,23456,821,0.3717059691056758,0.29820645604988966,0.6870979070663452,0.4774836301803589,0.0335821732878685
Scene,Scene_equal4_zero,23456,824,-0.1119445495014305,0.09328304836030311,0.7972107529640198,0.4686225652694702,0.03846379369497299
Scene,Scene_equal4_zero,23456,841,0.08627029570549509,0.2450096251041249,0.8412185311317444,0.46223124861717224,0.08694955706596375
Scene,Scene_equal4_zero,23456,842,0.15483275992343287,0.23889287247413976,0.7078288197517395,0.7657730579376221,0.10713939368724823
Scene,Scene_equal4_zero,23456,850,0.06501721790458224,0.3731992652172069,0.7392055988311768,0.7192334532737732,0.31653714179992676
Scene,Scene_equal4_zero,23456,855,0.18132452349624825,0.49060130264677954,0.7086821794509888,0.6654849052429199,0.024993091821670532
Scene,Scene_equal4_zero,23456,872,-0.11978514374730606,0.07902384115379875,0.7157191634178162,0.47857823967933655,-0.002512549050152302
Scene,Scene_equal4_zero,23456,873,0.46197438925934337,0.515486773261679,0.5749130249023438,0.48304110765457153,-0.006148490123450756
Scene,Scene_equal4_zero,23456,893,0.36955208217601127,0.263740564017493,0.6723266839981079,0.7502181529998779,0.27224647998809814
Scene,Scene_equal4_zero,23456,894,0.00531731468888856,0.2377608877966463,0.7381035089492798,0.561813473701477,0.1310282200574875
Scene,Scene_equal4_zero,23456,918,0.0273157713382686,0.27537760822987567,0.6693707704544067,0.7468471527099609,0.1765497326850891
Scene,Scene_equal4_zero,23456,943,0.34459962462491356,0.5697684553974531,0.6900162696838379,0.6073524951934814,0.1487569659948349
Scene,Scene_equal4_zero,23456,978,0.6253303333096331,0.5845781509119822,0.5521450042724609,0.8511216640472412,0.7831857800483704
Scene,Scene_equal4_zero,23456,999,0.037142969129942326,0.3530410610028786,0.7174367904663086,0.683247983455658,0.022005710750818253
Scene,Scene_full_zero,23456,14,0.5915334971366263,0.5581831138073827,0.5299055576324463,0.48093315958976746,0.04523172229528427
Scene,Scene_full_zero,23456,15,-0.11206493995336635,0.43367136372238047,0.7888500690460205,0.7913017868995667,0.1521076261997223
Scene,Scene_full_zero,23456,36,0.28856942326448276,0.23362233843045097,0.6170269250869751,0.6493754982948303,0.02034784108400345
Scene,Scene_full_zero,23456,39,-0.49630973345600726,0.31980438012612455,0.4655674695968628,0.6310057044029236,0.29112744331359863
Scene,Scene_full_zero,23456,126,0.10754568818955922,0.4077192432461944,0.6722447276115417,0.8827637434005737,0.3521968126296997
Scene,Scene_full_zero,23456,132,-0.005799093211383028,0.09266546536326944,0.6209867000579834,0.432754248380661,0.0828053280711174
Scene,Scene_full_zero,23456,167,0.09057228672260823,0.12086924248233452,0.7103517651557922,0.6091925501823425,0.1423768848180771
Scene,Scene_full_zero,23456,196,0.05244728827429925,0.342515861271905,0.7663006782531738,0.7437823414802551,0.05405145138502121
Scene,Scene_full_zero,23456,199,0.16649183530294473,0.18916857305917417,0.7306107878684998,0.7878274917602539,0.42756325006484985
Scene,Scene_full_zero,23456,214,0.13951957318178682,0.36632005606983886,0.7535094022750854,0.6050407886505127,0.05613909661769867
Scene,Scene_full_zero,23456,241,0.2703622524597357,0.3353904704994381,0.7323222160339355,0.5403559803962708,0.13426588475704193
Scene,Scene_full_zero,23456,242,0.06945371084804115,0.5045460617060128,0.7350585460662842,0.6016666293144226,0.04097265377640724
Scene,Scene_full_zero,23456,245,-0.021507482907735465,0.38580336656440434,0.6364287734031677,0.4942897856235504,0.04173678159713745
Scene,Scene_full_zero,23456,249,0.03686663645059574,0.353108900135816,0.7911975383758545,0.45261242985725403,-0.013218477368354797
Scene,Scene_full_zero,23456,282,0.18594348704331973,0.36979524062090474,0.6356412768363953,0.5715413093566895,0.33677905797958374
Scene,Scene_full_zero,23456,289,-0.05893480913794221,0.322333747823756,0.7757720351219177,0.6113559007644653,0.08375533670186996
Scene,Scene_full_zero,23456,303,0.10560322881128452,0.4920090096293456,0.7454507946968079,0.6945192217826843,0.07424847781658173
Scene,Scene_full_zero,23456,314,0.14819549437416404,0.19944712902528317,0.8116670250892639,0.522824227809906,-0.010654262267053127
Scene,Scene_full_zero,23456,393,0.01952341662916136,0.3933360458989853,0.7000595927238464,0.7516483664512634,0.4556351900100708
Scene,Scene_full_zero,23456,412,0.566937682109665,0.5373960240113735,0.5202439427375793,0.5076652765274048,0.037774860858917236
Scene,Scene_full_zero,23456,442,0.09288538229500831,0.35261543663367617,0.7089683413505554,0.6048258543014526,0.09351581335067749
Scene,Scene_full_zero,23456,463,0.330537665091584,0.10362038196721214,0.7436524033546448,0.5389968156814575,0.15350496768951416
Scene,Scene_full_zero,23456,469,-0.3824775881526665,0.21635581332447917,0.8152828812599182,0.45215561985969543,-0.005379189737141132
Scene,Scene_full_zero,23456,486,-0.15546281968522044,0.09792532584619239,0.721138596534729,0.5663525462150574,0.18976348638534546
Scene,Scene_full_zero,23456,491,0.5145503686755586,0.3474609481950681,0.6150974035263062,0.6538280844688416,0.0471525639295578
Scene,Scene_full_zero,23456,518,0.49889676194716304,0.5695988880308261,0.6016717553138733,0.7433586716651917,0.21923810243606567
Scene,Scene_full_zero,23456,523,0.38415753264754876,0.17347797041433274,0.6994880437850952,0.6961407661437988,0.2193092703819275
Scene,Scene_full_zero,23456,545,-0.07643097008144886,0.19048486873888595,0.7172186374664307,0.5732848644256592,0.09564974159002304
Scene,Scene_full_zero,23456,551,-0.015590918732246275,0.06250679188660711,0.8183550834655762,0.5136010646820068,0.01747530698776245
Scene,Scene_full_zero,23456,568,0.13600139046472884,0.4652797124640262,0.6832066178321838,0.7735517024993896,0.47203102707862854
Scene,Scene_full_zero,23456,620,-0.27344876328062623,0.22793548953536746,0.8002299666404724,0.5944023132324219,0.3613729476928711
Scene,Scene_full_zero,23456,640,0.06625688483403697,0.19128909724089904,0.7664687633514404,0.7753230333328247,0.3664172887802124
Scene,Scene_full_zero,23456,648,0.38166672494157705,0.3001478985439237,0.7056201100349426,0.6153287291526794,0.007312380243092775
Scene,Scene_full_zero,23456,671,-0.14601310169506723,0.34649361676750795,0.6129516363143921,0.745843768119812,0.31868788599967957
Scene,Scene_full_zero,23456,755,0.4103085511696639,0.42018978005828617,0.7349963784217834,0.6019320487976074,0.2273329645395279
Scene,Scene_full_zero,23456,811,-0.03039080595779892,0.26243691816501147,0.7047973871231079,0.5766003727912903,-0.04067927598953247
Scene,Scene_full_zero,23456,821,0.38194229977702093,0.2957861653588357,0.6740497350692749,0.5152578949928284,-0.00045457854866981506
Scene,Scene_full_zero,23456,824,-0.11376455632734843,0.07474922383104658,0.739449679851532,0.5456070303916931,0.17157983779907227
Scene,Scene_full_zero,23456,841,0.10796279147135801,0.24148004454634872,0.8670874834060669,0.39341503381729126,0.03254514932632446
Scene,Scene_full_zero,23456,842,0.16308137533059286,0.24177579653452846,0.7014542818069458,0.7784095406532288,0.09349733591079712
Scene,Scene_full_zero,23456,850,0.03669871183227229,0.36144920301990946,0.7325634956359863,0.5678898692131042,0.09636325389146805
Scene,Scene_full_zero,23456,855,0.14242537271045497,0.47834083540643213,0.6923395395278931,0.6866145730018616,0.030530637130141258
Scene,Scene_full_zero,23456,872,-0.12186518365197373,0.08448861772463079,0.7586919069290161,0.5721181035041809,0.1168147400021553
Scene,Scene_full_zero,23456,873,0.5611458354434583,0.5538782132612146,0.5791404247283936,0.4009513258934021,-0.025965576991438866
Scene,Scene_full_zero,23456,893,0.3677661369678276,0.29598657995737604,0.7115837931632996,0.7356252074241638,0.16314071416854858
Scene,Scene_full_zero,23456,894,-0.0015035105639835988,0.2444808657455019,0.7312380075454712,0.6048312187194824,0.08667135238647461
Scene,Scene_full_zero,23456,918,0.027772053317616088,0.26387585354020066,0.6653192043304443,0.7792747616767883,0.2384689301252365
Scene,Scene_full_zero,23456,943,0.263991786335107,0.5659543348190611,0.7643693685531616,0.497164249420166,0.14124299585819244
Scene,Scene_full_zero,23456,978,0.6256083409492745,0.5672077667553381,0.6171882152557373,0.5541942715644836,0.050302810966968536
Scene,Scene_full_zero,23456,999,-0.022450400494742954,0.3407692755140961,0.6995770335197449,0.7083618640899658,0.02027706429362297
Scene,Scene_random_equal4_01_zero,23456,14,0.5958284946923831,0.5544867661390429,0.5270191431045532,0.47798192501068115,0.04574386775493622
Scene,Scene_random_equal4_01_zero,23456,15,-0.12990108482187374,0.42398233684287007,0.7841770648956299,0.7597767114639282,0.12464609742164612
Scene,Scene_random_equal4_01_zero,23456,36,0.2789584919265997,0.23354389467838355,0.6110617518424988,0.6903670430183411,0.02256688103079796
Scene,Scene_random_equal4_01_zero,23456,39,-0.47853351071699807,0.32843986753605886,0.49352481961250305,0.6515764594078064,0.2221401184797287
Scene,Scene_random_equal4_01_zero,23456,126,0.1354019068820037,0.4269896339805791,0.6489014029502869,0.850101113319397,0.5435866713523865
Scene,Scene_random_equal4_01_zero,23456,132,0.0017089031866371473,0.10979479643113375,0.6357269287109375,0.6586953997612,0.3571392595767975
Scene,Scene_random_equal4_01_zero,23456,167,0.07048576344548618,0.11853649623065718,0.7018125057220459,0.6172000765800476,0.2910909652709961
Scene,Scene_random_equal4_01_zero,23456,196,0.048511841184263146,0.34748100740356425,0.7583820819854736,0.7097901701927185,0.07580015808343887
Scene,Scene_random_equal4_01_zero,23456,199,0.14970540803208607,0.18500947725240102,0.732120156288147,0.8066622614860535,0.38849619030952454
Scene,Scene_random_equal4_01_zero,23456,214,0.09952570923073853,0.37222830195298895,0.7508395910263062,0.6011490821838379,0.11544809490442276
Scene,Scene_random_equal4_01_zero,23456,241,0.28219422278982703,0.3364976396305018,0.7408849596977234,0.5264143943786621,0.06818605959415436
Scene,Scene_random_equal4_01_zero,23456,242,0.05816724132439932,0.5041457415746874,0.7358131408691406,0.6089465618133545,0.06259986758232117
Scene,Scene_random_equal4_01_zero,23456,245,-0.0889517933868366,0.43704079749476915,0.681368350982666,0.6270087957382202,0.05519646406173706
Scene,Scene_random_equal4_01_zero,23456,249,0.0029257215484784316,0.3647617307143779,0.8077386021614075,0.43263328075408936,-0.005783086642622948
Scene,Scene_random_equal4_01_zero,23456,282,0.19374636073406848,0.3681467450876221,0.6081194877624512,0.44485509395599365,0.10827811807394028
Scene,Scene_random_equal4_01_zero,23456,289,-0.07285861852735225,0.3176347011823578,0.7598688006401062,0.5966278314590454,0.026069477200508118
Scene,Scene_random_equal4_01_zero,23456,303,0.09365589217083377,0.4887560708533627,0.7488901615142822,0.7437808513641357,0.05451298505067825
Scene,Scene_random_equal4_01_zero,23456,314,0.15184406243205817,0.19939369014794317,0.8165289163589478,0.49216753244400024,-0.024486202746629715
Scene,Scene_random_equal4_01_zero,23456,393,-0.07272997201143717,0.3541652555473284,0.691798746585846,0.8118850588798523,0.24730560183525085
Scene,Scene_random_equal4_01_zero,23456,412,0.566718737717481,0.5344314163790099,0.5481001138687134,0.4951888620853424,0.06874066591262817
Scene,Scene_random_equal4_01_zero,23456,442,0.07697632234416311,0.37170972055587437,0.7308746576309204,0.6697731614112854,0.043196968734264374
Scene,Scene_random_equal4_01_zero,23456,463,0.2011000159926674,0.09259222435437608,0.7670628428459167,0.5725127458572388,0.11883720010519028
Scene,Scene_random_equal4_01_zero,23456,469,-0.35069221361012576,0.21826446153265477,0.7860989570617676,0.4505494236946106,0.025874223560094833
Scene,Scene_random_equal4_01_zero,23456,486,-0.19332643785226916,0.09583325617321972,0.7287662029266357,0.5494832992553711,0.0713886097073555
Scene,Scene_random_equal4_01_zero,23456,491,0.36729895159235637,0.33415433123422345,0.6321309804916382,0.6751441359519958,0.0064231837168335915
Scene,Scene_random_equal4_01_zero,23456,518,0.39855265504023263,0.5340034549407096,0.5356930494308472,0.6661012768745422,0.08366210758686066
Scene,Scene_random_equal4_01_zero,23456,523,0.3976650910319576,0.16331482394250857,0.7003862857818604,0.658234715461731,0.17483867704868317
Scene,Scene_random_equal4_01_zero,23456,545,-0.03994071470459836,0.3990979687367413,0.7592565417289734,0.6820436716079712,0.06656894087791443
Scene,Scene_random_equal4_01_zero,23456,551,-0.028948842663123094,0.07543147364863405,0.7918187379837036,0.4723623991012573,-0.003659352660179138
Scene,Scene_random_equal4_01_zero,23456,568,0.12902237861173196,0.44459771601816916,0.6866342425346375,0.8128435611724854,0.49814093112945557
Scene,Scene_random_equal4_01_zero,23456,620,-0.28896271989383104,0.23070045084495064,0.7870385050773621,0.6085951924324036,0.29127395153045654
Scene,Scene_random_equal4_01_zero,23456,640,-0.11068394962135365,0.149521868148326,0.726377010345459,0.4183178246021271,0.03502818942070007
Scene,Scene_random_equal4_01_zero,23456,648,0.4372643302533608,0.29231967428427064,0.7464062571525574,0.5561407804489136,0.00810091570019722
Scene,Scene_random_equal4_01_zero,23456,671,-0.16407940127647738,0.3452880454345303,0.6265262961387634,0.738578200340271,0.3336290717124939
Scene,Scene_random_equal4_01_zero,23456,755,0.3980102599824371,0.4194652487295045,0.7315372228622437,0.6561850309371948,0.2856195271015167
Scene,Scene_random_equal4_01_zero,23456,811,-0.015206155138686943,0.25083109815120463,0.7585396766662598,0.5649971961975098,0.035943347960710526
Scene,Scene_random_equal4_01_zero,23456,821,0.3307815955747757,0.311623937670629,0.7296708226203918,0.4940539598464966,0.0011327331885695457
Scene,Scene_random_equal4_01_zero,23456,824,-0.10899369560525723,0.09490423293247958,0.7959540486335754,0.44276466965675354,0.02088085561990738
Scene,Scene_random_equal4_01_zero,23456,841,0.09611673081931517,0.24685037843376498,0.8484946489334106,0.44858282804489136,0.08341797441244125
Scene,Scene_random_equal4_01_zero,23456,842,0.15058254513689806,0.23814382187022923,0.7095743417739868,0.7888568639755249,0.12275898456573486
Scene,Scene_random_equal4_01_zero,23456,850,0.06624601863914584,0.3732308403456006,0.7330936193466187,0.656420111656189,0.349193274974823
Scene,Scene_random_equal4_01_zero,23456,855,0.12385758072386356,0.46331161669468585,0.6922347545623779,0.7490527033805847,0.05633101984858513
Scene,Scene_random_equal4_01_zero,23456,872,-0.12597850865998605,0.07557652529205323,0.7144502401351929,0.4995775818824768,0.01809031516313553
Scene,Scene_random_equal4_01_zero,23456,873,0.4392604317855304,0.5141302143410877,0.5695602893829346,0.5908139944076538,0.13082410395145416
Scene,Scene_random_equal4_01_zero,23456,893,0.40827238893704,0.2727736860045561,0.6727198362350464,0.7435774207115173,0.2956490218639374
Scene,Scene_random_equal4_01_zero,23456,894,-0.02879051812461024,0.23139836323786311,0.7312012314796448,0.6222484111785889,0.09495043754577637
Scene,Scene_random_equal4_01_zero,23456,918,0.025683143767813835,0.27722889031804787,0.6678119897842407,0.7587775588035583,0.2149686962366104
Scene,Scene_random_equal4_01_zero,23456,943,0.3563402963818258,0.5700369303656085,0.6861273050308228,0.6041108965873718,0.14127369225025177
Scene,Scene_random_equal4_01_zero,23456,978,0.6076451067172183,0.5832220872547956,0.5738274455070496,0.8666561841964722,0.8245007991790771
Scene,Scene_random_equal4_01_zero,23456,999,-0.052978295586914616,0.33226605637975376,0.6981382966041565,0.735140860080719,0.04036958888173103
Scene,Scene_random_equal4_02_zero,23456,14,0.32884474586688206,0.4768027743319044,0.6553722620010376,0.4490032494068146,0.08806848526000977
Scene,Scene_random_equal4_02_zero,23456,15,-0.12457363027442443,0.42300269795836953,0.7831615209579468,0.7540612816810608,0.07389962673187256
Scene,Scene_random_equal4_02_zero,23456,36,0.23725275106847665,0.224152779812608,0.6237388849258423,0.6541498303413391,-0.0022884062491357327
Scene,Scene_random_equal4_02_zero,23456,39,-0.46997169568389074,0.33112088282368424,0.49006494879722595,0.6361722350120544,0.2299707680940628
Scene,Scene_random_equal4_02_zero,23456,126,0.07380246172512325,0.4118065670101043,0.669075071811676,0.9025698900222778,0.46823590993881226
Scene,Scene_random_equal4_02_zero,23456,132,0.004557031343166506,0.11070514392969803,0.6393045783042908,0.6745709776878357,0.3216160535812378
Scene,Scene_random_equal4_02_zero,23456,167,0.07286832949692391,0.11851420582928332,0.7130418419837952,0.6332171559333801,0.29490259289741516
Scene,Scene_random_equal4_02_zero,23456,196,0.066397367337166,0.3570208899435086,0.7408625483512878,0.7124042510986328,0.0246367659419775
Scene,Scene_random_equal4_02_zero,23456,199,0.15537668179852057,0.17452832220797992,0.7244988679885864,0.7872482538223267,0.46339938044548035
Scene,Scene_random_equal4_02_zero,23456,214,0.14333346116792722,0.38157963079174306,0.7041458487510681,0.643516480922699,0.09671063721179962
Scene,Scene_random_equal4_02_zero,23456,241,0.2772618095164177,0.34149051199034247,0.7025803327560425,0.5878955721855164,0.1312183141708374
Scene,Scene_random_equal4_02_zero,23456,242,0.062231909648883775,0.5084700397192278,0.732910692691803,0.5958942174911499,0.04252861440181732
Scene,Scene_random_equal4_02_zero,23456,245,-0.08342034355458339,0.4393954119223822,0.6707504987716675,0.6071886420249939,0.039647623896598816
Scene,Scene_random_equal4_02_zero,23456,249,0.04513332130022747,0.36856153216689524,0.797033429145813,0.4305116534233093,0.018406162038445473
Scene,Scene_random_equal4_02_zero,23456,282,0.1866448223810694,0.35953532884741257,0.6175891757011414,0.3665967285633087,0.08390939235687256
Scene,Scene_random_equal4_02_zero,23456,289,-0.05764371988870077,0.3375389083078416,0.7724898457527161,0.6144969463348389,0.01843956857919693
Scene,Scene_random_equal4_02_zero,23456,303,0.06478209766382458,0.4804513288318614,0.7354457378387451,0.6690359711647034,0.03314927965402603
Scene,Scene_random_equal4_02_zero,23456,314,0.10420873240884758,0.19882673984628219,0.8208383917808533,0.5238014459609985,0.015902336686849594
Scene,Scene_random_equal4_02_zero,23456,393,-0.060965137960615506,0.32465468696514793,0.7075285315513611,0.8256167769432068,0.222799152135849
Scene,Scene_random_equal4_02_zero,23456,412,0.5622350329463077,0.5338757106216887,0.540744423866272,0.4904109239578247,0.09809933602809906
Scene,Scene_random_equal4_02_zero,23456,442,0.09836107533953364,0.36708286195235157,0.725449800491333,0.6890577673912048,-0.01721491478383541
Scene,Scene_random_equal4_02_zero,23456,463,0.21828011283201834,0.09209401879120745,0.7608582973480225,0.594582736492157,0.1181279718875885
Scene,Scene_random_equal4_02_zero,23456,469,-0.3439951745174484,0.21981578096625723,0.7872152328491211,0.42692017555236816,0.021936427801847458
Scene,Scene_random_equal4_02_zero,23456,486,-0.16060908837242124,0.10678688180397693,0.735997200012207,0.5688723921775818,0.09491463750600815
Scene,Scene_random_equal4_02_zero,23456,491,0.37272225545524973,0.33508347269001004,0.6322183012962341,0.6562379598617554,0.021903906017541885
Scene,Scene_random_equal4_02_zero,23456,518,0.42240935885141595,0.5137058418337791,0.5816637277603149,0.7322709560394287,0.1906248927116394
Scene,Scene_random_equal4_02_zero,23456,523,0.40277869425332086,0.15967864069639592,0.6965963840484619,0.5846118330955505,0.1644013375043869
Scene,Scene_random_equal4_02_zero,23456,545,-0.0880015660128387,0.3747035902696374,0.7436742186546326,0.6681179404258728,0.03657816722989082
Scene,Scene_random_equal4_02_zero,23456,551,-0.019996640253423497,0.07158797973201887,0.7908761501312256,0.5377143621444702,-0.01921195350587368
Scene,Scene_random_equal4_02_zero,23456,568,0.16211377900060056,0.4823225905876379,0.7420546412467957,0.8128626942634583,0.3683626353740692
Scene,Scene_random_equal4_02_zero,23456,620,-0.27644148097202004,0.22490313129932318,0.7971895933151245,0.6467440724372864,0.3007597327232361
Scene,Scene_random_equal4_02_zero,23456,640,-0.14888966692216743,0.14112601919870674,0.7102033495903015,0.43437880277633667,0.07758600264787674
Scene,Scene_random_equal4_02_zero,23456,648,0.4285101487464464,0.28458778202122076,0.7636868357658386,0.5103028416633606,-0.0022438615560531616
Scene,Scene_random_equal4_02_zero,23456,671,-0.15762746880281045,0.3451537329120241,0.6153973340988159,0.747024655342102,0.3649546205997467
Scene,Scene_random_equal4_02_zero,23456,755,0.3990248050249831,0.4185653980299263,0.7336490154266357,0.6898042559623718,0.3261098563671112
Scene,Scene_random_equal4_02_zero,23456,811,0.01193283683120022,0.2546362792156468,0.7546241283416748,0.5489311218261719,-0.009334871545433998
Scene,Scene_random_equal4_02_zero,23456,821,0.35670293161973166,0.29116862389161047,0.6648312211036682,0.4455527067184448,0.0415012463927269
Scene,Scene_random_equal4_02_zero,23456,824,-0.10985621351475743,0.0950630032500553,0.7860417366027832,0.4843238890171051,0.07246287167072296
Scene,Scene_random_equal4_02_zero,23456,841,0.06281575535505841,0.23523725504862952,0.8449169993400574,0.35741809010505676,0.043674346059560776
Scene,Scene_random_equal4_02_zero,23456,842,0.14058156186059867,0.24515691515021568,0.6940352320671082,0.8149845600128174,0.1613224744796753
Scene,Scene_random_equal4_02_zero,23456,850,0.06494839439102619,0.3721544951452673,0.7317795753479004,0.7056628465652466,0.3244190216064453
Scene,Scene_random_equal4_02_zero,23456,855,0.18942699358780177,0.4872170048861977,0.7108598947525024,0.6675111055374146,-0.017788495868444443
Scene,Scene_random_equal4_02_zero,23456,872,-0.11740222304612463,0.07663885081767091,0.7141605615615845,0.516262412071228,0.002156667411327362
Scene,Scene_random_equal4_02_zero,23456,873,0.4573237914162685,0.5139095881592445,0.5752710103988647,0.5331490635871887,0.08560337126255035
Scene,Scene_random_equal4_02_zero,23456,893,0.37383099668451963,0.2671530758294151,0.6855443716049194,0.7017880082130432,0.19505448639392853
Scene,Scene_random_equal4_02_zero,23456,894,-0.010884437849360593,0.23607247717014807,0.7279735207557678,0.6043494343757629,0.0739949569106102
Scene,Scene_random_equal4_02_zero,23456,918,-0.0031600576709573227,0.2831226975717693,0.6995849013328552,0.7374690175056458,0.11912652850151062
Scene,Scene_random_equal4_02_zero,23456,943,0.3542311224722148,0.5714272170709225,0.7128459215164185,0.6295034885406494,0.15988413989543915
Scene,Scene_random_equal4_02_zero,23456,978,0.6082540307378123,0.5804529045992232,0.5697346925735474,0.8760372400283813,0.8340940475463867
Scene,Scene_random_equal4_02_zero,23456,999,-0.014916299931777488,0.3345728419218147,0.6842571496963501,0.7035309076309204,0.006207033060491085
Scene,Scene_random_equal4_03_zero,23456,14,0.2982223405887453,0.4678479023985945,0.6684820055961609,0.4113708734512329,0.02950003370642662
Scene,Scene_random_equal4_03_zero,23456,15,-0.1308704298834928,0.44208469583719984,0.7823610901832581,0.7629595994949341,0.1808912456035614
Scene,Scene_random_equal4_03_zero,23456,36,0.25125770284735094,0.22788638135142386,0.6201013326644897,0.6506146788597107,0.003525023115798831
Scene,Scene_random_equal4_03_zero,23456,39,-0.47253159768071085,0.3244703158859894,0.47632622718811035,0.6309781074523926,0.2042403668165207
Scene,Scene_random_equal4_03_zero,23456,126,0.10769263999220591,0.40629618574898674,0.6649245619773865,0.864851713180542,0.3826870620250702
Scene,Scene_random_equal4_03_zero,23456,132,0.0006253379455559367,0.11079020865405076,0.6404065489768982,0.6403143405914307,0.3264181315898895
Scene,Scene_random_equal4_03_zero,23456,167,0.069223725972815,0.11414030830453606,0.7052997350692749,0.6538773775100708,0.3023664355278015
Scene,Scene_random_equal4_03_zero,23456,196,0.03215795788843706,0.34673227099935294,0.7744489312171936,0.7433180809020996,0.08825137466192245
Scene,Scene_random_equal4_03_zero,23456,199,0.179311329629429,0.19232752454180038,0.7187070250511169,0.7852843999862671,0.5171930193901062
Scene,Scene_random_equal4_03_zero,23456,214,0.13746081521182596,0.3783853837106975,0.7059174180030823,0.653759241104126,0.06386148929595947
Scene,Scene_random_equal4_03_zero,23456,241,0.2680304748895489,0.3399159301378753,0.7207700610160828,0.5232815742492676,0.03216537460684776
Scene,Scene_random_equal4_03_zero,23456,242,0.009243470905613543,0.5025997059889789,0.7825511693954468,0.5624436140060425,0.044559549540281296
Scene,Scene_random_equal4_03_zero,23456,245,-0.09417293175487648,0.43407379694986437,0.6682142019271851,0.5959559679031372,0.034867167472839355
Scene,Scene_random_equal4_03_zero,23456,249,0.034291569924785534,0.3792154712011794,0.7949700355529785,0.4160912334918976,-8.044298738241196e-05
Scene,Scene_random_equal4_03_zero,23456,282,0.23302062368283874,0.3807662283830086,0.6371334791183472,0.484346866607666,0.3465048670768738
Scene,Scene_random_equal4_03_zero,23456,289,-0.07322462649630439,0.3181707838843042,0.7698138952255249,0.5860058665275574,0.020090650767087936
Scene,Scene_random_equal4_03_zero,23456,303,0.08887386164893331,0.48266154887577767,0.7381004095077515,0.7464634776115417,0.060490503907203674
Scene,Scene_random_equal4_03_zero,23456,314,0.1596915226649455,0.19938555244121103,0.8252372145652771,0.4868146479129791,-0.03229111060500145
Scene,Scene_random_equal4_03_zero,23456,393,-0.04160016069924675,0.3247730570625466,0.7100241780281067,0.8086633682250977,0.21303819119930267
Scene,Scene_random_equal4_03_zero,23456,412,0.5576661332914673,0.5362909600949554,0.5522009134292603,0.5034796595573425,0.1040322482585907
Scene,Scene_random_equal4_03_zero,23456,442,0.090345574226898,0.37015336800790133,0.7466238141059875,0.6944074034690857,-0.05278690159320831
Scene,Scene_random_equal4_03_zero,23456,463,0.22055724047941702,0.08915374219266345,0.7522946000099182,0.5840665102005005,0.11721472442150116
Scene,Scene_random_equal4_03_zero,23456,469,-0.3239085814269584,0.21762484509726068,0.7806365489959717,0.44109970331192017,-0.0010788412764668465
Scene,Scene_random_equal4_03_zero,23456,486,-0.1674142380077232,0.10474714496221978,0.7350996732711792,0.5730085968971252,0.0977523997426033
Scene,Scene_random_equal4_03_zero,23456,491,0.3570939419709438,0.32736629697400726,0.6298885941505432,0.6517500877380371,0.005126024130731821
Scene,Scene_random_equal4_03_zero,23456,518,0.4199557146914696,0.5107867105869738,0.5830402970314026,0.7285513281822205,0.1978154331445694
Scene,Scene_random_equal4_03_zero,23456,523,0.37101158474136603,0.15141887991227523,0.6762404441833496,0.5012327432632446,0.11338267475366592
Scene,Scene_random_equal4_03_zero,23456,545,-0.038162596323814565,0.39669551785768065,0.7536205053329468,0.6736387610435486,0.08433292806148529
Scene,Scene_random_equal4_03_zero,23456,551,-0.028715659194291834,0.0773567344966016,0.8128074407577515,0.483808696269989,-0.025948189198970795
Scene,Scene_random_equal4_03_zero,23456,568,0.1157289989673355,0.46288965695327294,0.6644646525382996,0.7889320254325867,0.5013843178749084
Scene,Scene_random_equal4_03_zero,23456,620,-0.2737182819841694,0.20986899578687676,0.7879948616027832,0.5554446578025818,0.20476005971431732
Scene,Scene_random_equal4_03_zero,23456,640,-0.13564127388387598,0.14996147187809447,0.7112855911254883,0.4579121172428131,0.04404932260513306
Scene,Scene_random_equal4_03_zero,23456,648,0.4260930746410124,0.2766577487368189,0.7356711626052856,0.5168711543083191,0.03332516923546791
Scene,Scene_random_equal4_03_zero,23456,671,-0.1750450110386734,0.34382699588812893,0.624064028263092,0.7137241363525391,0.329379141330719
Scene,Scene_random_equal4_03_zero,23456,755,0.39712546901728374,0.414431015434623,0.7246130704879761,0.6413983106613159,0.21527475118637085
Scene,Scene_random_equal4_03_zero,23456,811,0.009124753223875424,0.2549774567132954,0.7545704245567322,0.5343067049980164,-0.02214842662215233
Scene,Scene_random_equal4_03_zero,23456,821,0.35918897375653747,0.29086039809347214,0.6710342168807983,0.4438043534755707,0.047553569078445435
Scene,Scene_random_equal4_03_zero,23456,824,-0.11163837426936671,0.0962600345464079,0.796837568283081,0.46768718957901,0.07292117178440094
Scene,Scene_random_equal4_03_zero,23456,841,0.1022346851533716,0.251979114465859,0.8381017446517944,0.4098486304283142,0.06911390274763107
Scene,Scene_random_equal4_03_zero,23456,842,0.16837780445190295,0.23874581289409533,0.7030869722366333,0.783612847328186,0.09685289859771729
Scene,Scene_random_equal4_03_zero,23456,850,0.06855198664731278,0.37330499178838283,0.7310037612915039,0.6601924896240234,0.33997678756713867
Scene,Scene_random_equal4_03_zero,23456,855,0.17447586052747596,0.4934786827833044,0.7259035110473633,0.7014887928962708,-0.0029344316571950912
Scene,Scene_random_equal4_03_zero,23456,872,-0.0674961940830397,0.0841516318219194,0.7636460065841675,0.5309563875198364,0.10078511387109756
Scene,Scene_random_equal4_03_zero,23456,873,0.44670914894272756,0.5147278145463842,0.5671424865722656,0.5328464508056641,0.08365755528211594
Scene,Scene_random_equal4_03_zero,23456,893,0.4160645746230041,0.2777216712464231,0.6823224425315857,0.721720278263092,0.20960260927677155
Scene,Scene_random_equal4_03_zero,23456,894,-0.005823225935048788,0.23307219744442012,0.7288834452629089,0.6159822344779968,0.11969850957393646
Scene,Scene_random_equal4_03_zero,23456,918,-0.0023226695656952726,0.2793763790856702,0.6687129139900208,0.7450936436653137,0.17752566933631897
Scene,Scene_random_equal4_03_zero,23456,943,0.3395308229019952,0.5702152501050273,0.7199500799179077,0.602291464805603,0.1390804499387741
Scene,Scene_random_equal4_03_zero,23456,978,0.6019798064772609,0.5825338045600961,0.5771143436431885,0.8696222305297852,0.8159050941467285
Scene,Scene_random_equal4_03_zero,23456,999,0.05786034375421123,0.35661386828506747,0.7076481580734253,0.6976906657218933,0.022745704278349876
Scene,Scene_random_equal4_04_zero,23456,14,0.3706517079628754,0.4875038585712004,0.66021329164505,0.4577219784259796,0.04678697884082794
Scene,Scene_random_equal4_04_zero,23456,15,-0.1344433024159367,0.4221161913212865,0.7762417197227478,0.7541130185127258,0.1236015111207962
Scene,Scene_random_equal4_04_zero,23456,36,0.2762482246800469,0.23051412642928254,0.6147698163986206,0.6696464419364929,0.028538763523101807
Scene,Scene_random_equal4_04_zero,23456,39,-0.4770902276645619,0.329951428932707,0.4950445294380188,0.6485431790351868,0.21842354536056519
Scene,Scene_random_equal4_04_zero,23456,126,0.13311080391989066,0.41873306615187955,0.6665692925453186,0.8370497226715088,0.3851873278617859
Scene,Scene_random_equal4_04_zero,23456,132,0.001575869698592286,0.11024719065116649,0.6297080516815186,0.6719650030136108,0.337449312210083
Scene,Scene_random_equal4_04_zero,23456,167,0.08159982128792749,0.11918805923778762,0.7102081179618835,0.6587188243865967,0.24613144993782043
Scene,Scene_random_equal4_04_zero,23456,196,0.047465205987537784,0.347298329869258,0.7624726295471191,0.7163559198379517,0.08607850968837738
Scene,Scene_random_equal4_04_zero,23456,199,0.14795525009102284,0.18540458617210395,0.7317910194396973,0.7878338098526001,0.42980509996414185
Scene,Scene_random_equal4_04_zero,23456,214,0.0993906810579306,0.3723156228063146,0.7487863302230835,0.6028307676315308,0.10288060456514359
Scene,Scene_random_equal4_04_zero,23456,241,0.2751699273505549,0.3497061630126112,0.7349262237548828,0.5670010447502136,0.01542113907635212
Scene,Scene_random_equal4_04_zero,23456,242,0.052110793586790945,0.49321180013240207,0.7666590809822083,0.5546297430992126,0.025482553988695145
Scene,Scene_random_equal4_04_zero,23456,245,-0.08055024816798327,0.4298725092494935,0.6738919019699097,0.6011093854904175,0.0400705449283123
Scene,Scene_random_equal4_04_zero,23456,249,0.011283106059898605,0.3629143463874345,0.8068957328796387,0.466396301984787,0.019054565578699112
Scene,Scene_random_equal4_04_zero,23456,282,0.18388705332230693,0.3688821130524087,0.6175597906112671,0.4096488058567047,0.08175943791866302
Scene,Scene_random_equal4_04_zero,23456,289,-0.07963740506223267,0.3163378677055303,0.7604898810386658,0.6087362766265869,0.041732970625162125
Scene,Scene_random_equal4_04_zero,23456,303,0.0982993684201779,0.4912703166798295,0.7408716678619385,0.7362570762634277,0.051682934165000916
Scene,Scene_random_equal4_04_zero,23456,314,0.1502331427865117,0.1996018312463494,0.823903501033783,0.507794201374054,-0.019853267818689346
Scene,Scene_random_equal4_04_zero,23456,393,-0.06084142024388986,0.3644590336858462,0.6957147717475891,0.8063421249389648,0.20106160640716553
Scene,Scene_random_equal4_04_zero,23456,412,0.5588558057765282,0.5331132865589915,0.5413600206375122,0.4729461371898651,0.10972382128238678
Scene,Scene_random_equal4_04_zero,23456,442,0.07608905685616155,0.37148140831354026,0.7334184050559998,0.6486617922782898,0.051215797662734985
Scene,Scene_random_equal4_04_zero,23456,463,0.19780443209218984,0.09217036282112398,0.7621440887451172,0.5798195600509644,0.13451597094535828
Scene,Scene_random_equal4_04_zero,23456,469,-0.331063390233582,0.2183714548645295,0.7695991396903992,0.4320233166217804,0.0037344410084187984
Scene,Scene_random_equal4_04_zero,23456,486,-0.1944904338972189,0.09992054608069667,0.7227062582969666,0.5583551526069641,0.10178525000810623
Scene,Scene_random_equal4_04_zero,23456,491,0.36880157592718993,0.33280950994072067,0.6275128126144409,0.6728188395500183,-0.00022782711312174797
Scene,Scene_random_equal4_04_zero,23456,518,0.402509677667217,0.5373775362316027,0.5355408191680908,0.5872774124145508,0.07254883646965027
Scene,Scene_random_equal4_04_zero,23456,523,0.40390331113724465,0.1640155899361031,0.698030412197113,0.6329556703567505,0.17120012640953064
Scene,Scene_random_equal4_04_zero,23456,545,-0.05918062307362152,0.3853818132499732,0.7472535967826843,0.7066494226455688,0.06266328692436218
Scene,Scene_random_equal4_04_zero,23456,551,-0.03497897145949397,0.07423927385398578,0.7904790043830872,0.4666820466518402,-0.025149375200271606
Scene,Scene_random_equal4_04_zero,23456,568,0.11887222020110648,0.4412654413388548,0.6811549067497253,0.8196380734443665,0.5210492610931396
Scene,Scene_random_equal4_04_zero,23456,620,-0.2934352383850396,0.2286749049320517,0.7889539003372192,0.5543574094772339,0.2660335302352905
Scene,Scene_random_equal4_04_zero,23456,640,-0.12140228713850527,0.14619497658144814,0.708777129650116,0.4100345969200134,-0.02135484665632248
Scene,Scene_random_equal4_04_zero,23456,648,0.43617543807584097,0.292316460725144,0.7390481233596802,0.5646647810935974,-0.005767159163951874
Scene,Scene_random_equal4_04_zero,23456,671,-0.14861967406131804,0.3548234868032165,0.6174394488334656,0.7271385788917542,0.2629995048046112
Scene,Scene_random_equal4_04_zero,23456,755,0.398120902114304,0.4189075349610672,0.731451690196991,0.6512022018432617,0.2933078408241272
Scene,Scene_random_equal4_04_zero,23456,811,-0.012644720472978634,0.252410073873908,0.7542506456375122,0.5471938252449036,0.030899830162525177
Scene,Scene_random_equal4_04_zero,23456,821,0.3308991813345149,0.3093182034544206,0.7278048992156982,0.4828951358795166,0.022301357239484787
Scene,Scene_random_equal4_04_zero,23456,824,-0.10878852706709777,0.09515158885361613,0.7962374687194824,0.42530912160873413,0.022596782073378563
Scene,Scene_random_equal4_04_zero,23456,841,0.10051048090155265,0.2453092698208407,0.8478896617889404,0.4524715840816498,0.0673852488398552
Scene,Scene_random_equal4_04_zero,23456,842,0.15203016870504257,0.2380815390193428,0.7083028554916382,0.7765980362892151,0.11503356695175171
Scene,Scene_random_equal4_04_zero,23456,850,0.0694106787234614,0.3743235349730949,0.7331370711326599,0.6978484392166138,0.3680742681026459
Scene,Scene_random_equal4_04_zero,23456,855,0.14310345752021006,0.473330356213412,0.6973277926445007,0.7384810447692871,0.037110745906829834
Scene,Scene_random_equal4_04_zero,23456,872,-0.12902035988500676,0.07685310106111998,0.7108957767486572,0.496304988861084,0.004459665156900883
Scene,Scene_random_equal4_04_zero,23456,873,0.4375945281295757,0.5135911050265692,0.5705803036689758,0.6072252988815308,0.12206662446260452
Scene,Scene_random_equal4_04_zero,23456,893,0.3969567174956379,0.27137450242603384,0.6752328872680664,0.7541733384132385,0.266522079706192
Scene,Scene_random_equal4_04_zero,23456,894,-0.03002613165163592,0.23191280110195966,0.7353284955024719,0.6423003673553467,0.09720159322023392
Scene,Scene_random_equal4_04_zero,23456,918,0.03799149474874283,0.2772982609534934,0.6710082292556763,0.7574650645256042,0.1787380576133728
Scene,Scene_random_equal4_04_zero,23456,943,0.338448700394898,0.5696549494145562,0.7114644646644592,0.6008790731430054,0.18490467965602875
Scene,Scene_random_equal4_04_zero,23456,978,0.6057929274848399,0.5807882220523906,0.5737937688827515,0.8631765842437744,0.8040142059326172
Scene,Scene_random_equal4_04_zero,23456,999,-0.0541163968967586,0.3316865255431245,0.6960654854774475,0.7295717000961304,0.0342794805765152
Scene,Scene_random_equal4_05_zero,23456,14,0.36827766984368343,0.46757189875262145,0.629603922367096,0.5887611508369446,0.300520122051239
Scene,Scene_random_equal4_05_zero,23456,15,-0.12811927232643233,0.4497218301023599,0.7964725494384766,0.7134191393852234,0.27248460054397583
Scene,Scene_random_equal4_05_zero,23456,36,0.2786901671315958,0.2072587068851949,0.635655403137207,0.661640465259552,0.0018527833744883537
Scene,Scene_random_equal4_05_zero,23456,39,-0.40120194105026846,0.3125993601417171,0.5235974192619324,0.7385140061378479,0.21432802081108093
Scene,Scene_random_equal4_05_zero,23456,126,0.09593028482811536,0.3881663199913774,0.6440645456314087,0.9018199443817139,0.35889583826065063
Scene,Scene_random_equal4_05_zero,23456,132,0.0010935544743573909,0.11173576095345032,0.6462106704711914,0.6864778995513916,0.3302481770515442
Scene,Scene_random_equal4_05_zero,23456,167,0.08379412842810732,0.11828910053704861,0.7034127116203308,0.6440767049789429,0.2409895658493042
Scene,Scene_random_equal4_05_zero,23456,196,0.04400489796202737,0.3408856619194018,0.7920383214950562,0.737299919128418,0.048705678433179855
Scene,Scene_random_equal4_05_zero,23456,199,0.14701449642856554,0.1721738854842683,0.7178236246109009,0.7291432619094849,0.4481019079685211
Scene,Scene_random_equal4_05_zero,23456,214,0.155906742449564,0.3660417897916096,0.7031919956207275,0.6630097031593323,0.09847082197666168
Scene,Scene_random_equal4_05_zero,23456,241,0.27145479601009104,0.33993727539467944,0.7435970902442932,0.5150717496871948,0.08713030815124512
Scene,Scene_random_equal4_05_zero,23456,242,0.005348461810891682,0.46407198448926523,0.7597865462303162,0.5722283720970154,0.039811357855796814
Scene,Scene_random_equal4_05_zero,23456,245,-0.0158670430617851,0.4322992378516337,0.6714339256286621,0.5458374619483948,0.015390966087579727
Scene,Scene_random_equal4_05_zero,23456,249,0.034343111002988626,0.35565378835538075,0.7985319495201111,0.4237949550151825,0.00010747648775577545
Scene,Scene_random_equal4_05_zero,23456,282,0.16765537828932678,0.35778148565228723,0.6148884892463684,0.43614184856414795,-0.0005192505195736885
Scene,Scene_random_equal4_05_zero,23456,289,-0.040011120601599295,0.33541315880729394,0.7764155864715576,0.61190265417099,0.0775517076253891
Scene,Scene_random_equal4_05_zero,23456,303,0.06917217888677561,0.4865422640697287,0.7391395568847656,0.7570425868034363,0.031276267021894455
Scene,Scene_random_equal4_05_zero,23456,314,0.1482239474463748,0.1982220643754758,0.8369777202606201,0.4794926643371582,-0.027440156787633896
Scene,Scene_random_equal4_05_zero,23456,393,-0.0572798257621258,0.3595026810709857,0.696340799331665,0.8263771533966064,0.23360323905944824
Scene,Scene_random_equal4_05_zero,23456,412,0.5643163221770636,0.5301200527400352,0.5999639630317688,0.5605860948562622,0.061019185930490494
Scene,Scene_random_equal4_05_zero,23456,442,0.08385902572833452,0.37029711354472244,0.7362831830978394,0.6864094734191895,0.03407830372452736
Scene,Scene_random_equal4_05_zero,23456,463,0.20658908669395193,0.0899733236184678,0.7606695890426636,0.5571206212043762,0.12247098982334137
Scene,Scene_random_equal4_05_zero,23456,469,-0.3155420250357193,0.20973782602510627,0.7803383469581604,0.4416045546531677,-0.02106809802353382
Scene,Scene_random_equal4_05_zero,23456,486,-0.19338156017495456,0.0960975444136831,0.7347311973571777,0.6041187644004822,0.01441256981343031
Scene,Scene_random_equal4_05_zero,23456,491,0.355667996140919,0.3256817077666909,0.631854236125946,0.6458171606063843,0.024878177791833878
Scene,Scene_random_equal4_05_zero,23456,518,0.4442043363079759,0.4919531679005614,0.6105305552482605,0.7010894417762756,0.18462248146533966
Scene,Scene_random_equal4_05_zero,23456,523,0.39903886203961847,0.16318817516873815,0.6903560161590576,0.6108395457267761,0.15616299211978912
Scene,Scene_random_equal4_05_zero,23456,545,-0.05283416729759337,0.3843545334291642,0.7391700148582458,0.7277002334594727,0.05060846731066704
Scene,Scene_random_equal4_05_zero,23456,551,-0.03179774730910579,0.07527736301943559,0.8065838813781738,0.48254716396331787,-0.03973685950040817
Scene,Scene_random_equal4_05_zero,23456,568,0.12338924660612652,0.4515807867878737,0.706031084060669,0.7569071650505066,-0.0077982256188988686
Scene,Scene_random_equal4_05_zero,23456,620,-0.28470281037051165,0.23590069299817915,0.7916526794433594,0.5793101787567139,0.30821099877357483
Scene,Scene_random_equal4_05_zero,23456,640,-0.17751172356755035,0.1290016743395863,0.6763153076171875,0.4115961194038391,0.030887147411704063
Scene,Scene_random_equal4_05_zero,23456,648,0.44862418240397456,0.28140860211131624,0.7416113018989563,0.6150262951850891,-0.002519420348107815
Scene,Scene_random_equal4_05_zero,23456,671,-0.1364644684174472,0.3593251584323217,0.6056304574012756,0.7993628978729248,0.4430812895298004
Scene,Scene_random_equal4_05_zero,23456,755,0.36332230112504293,0.3819807415178602,0.7170575261116028,0.6407058835029602,0.1617312729358673
Scene,Scene_random_equal4_05_zero,23456,811,-0.09545524058215997,0.2307288290883127,0.6980737447738647,0.5271518230438232,-0.01987835019826889
Scene,Scene_random_equal4_05_zero,23456,821,0.3095309550464198,0.2872586795282593,0.6771751642227173,0.432348370552063,0.023284167051315308
Scene,Scene_random_equal4_05_zero,23456,824,-0.11659382330374478,0.09825872907562173,0.78725266456604,0.46249499917030334,0.02564537711441517
Scene,Scene_random_equal4_05_zero,23456,841,0.06276469224723467,0.2514564728394321,0.846426784992218,0.35789212584495544,0.03294028341770172
Scene,Scene_random_equal4_05_zero,23456,842,0.16502889618312172,0.246032360775661,0.7018377184867859,0.7795926332473755,0.10474681854248047
Scene,Scene_random_equal4_05_zero,23456,850,0.06700017484555441,0.3829098235670122,0.7415865659713745,0.5588266253471375,-0.021872667595744133
Scene,Scene_random_equal4_05_zero,23456,855,0.14276307281004308,0.47312721051307177,0.7000870108604431,0.7676271796226501,0.049891598522663116
Scene,Scene_random_equal4_05_zero,23456,872,-0.05467485550532241,0.08676742638780272,0.7655636668205261,0.5887322425842285,0.12245915085077286
Scene,Scene_random_equal4_05_zero,23456,873,0.48424711727917763,0.49038339994583335,0.577857494354248,0.5181153416633606,0.07859781384468079
Scene,Scene_random_equal4_05_zero,23456,893,0.3598559419472696,0.296631431194123,0.7393782138824463,0.7257165312767029,0.15473045408725739
Scene,Scene_random_equal4_05_zero,23456,894,0.00026937605032257227,0.2324338917895786,0.737877607345581,0.6015321612358093,0.09390514343976974
Scene,Scene_random_equal4_05_zero,23456,918,-0.06319663954578628,0.269663259884769,0.657819390296936,0.734427809715271,0.17359864711761475
Scene,Scene_random_equal4_05_zero,23456,943,0.3105355994522664,0.5706801555752569,0.7103937268257141,0.6321160197257996,0.29687973856925964
Scene,Scene_random_equal4_05_zero,23456,978,0.6334432341978662,0.5866674452981906,0.552325427532196,0.8449652194976807,0.7861878871917725
Scene,Scene_random_equal4_05_zero,23456,999,0.009300887409814093,0.3480378999147882,0.7199053764343262,0.6858748197555542,-0.0036682356148958206
Scene,Scene_random_full_01_zero,23456,14,0.31172954487358145,0.4461884305983092,0.6852100491523743,0.40765175223350525,0.01976894401013851
Scene,Scene_random_full_01_zero,23456,15,-0.14256924701849585,0.42612743108306433,0.768316388130188,0.7280791997909546,0.0716160237789154
Scene,Scene_random_full_01_zero,23456,36,0.20182996979103904,0.2208482141635943,0.5959528684616089,0.7374388575553894,0.16675643622875214
Scene,Scene_random_full_01_zero,23456,39,-0.49764787414353134,0.32983250765972055,0.4812895655632019,0.6679271459579468,0.2788117825984955
Scene,Scene_random_full_01_zero,23456,126,0.04655503702561171,0.362838945094558,0.6673284769058228,0.8891923427581787,0.21506017446517944
Scene,Scene_random_full_01_zero,23456,132,-0.038600478522832875,0.08869115064203048,0.6141325831413269,0.40270164608955383,0.0513574481010437
Scene,Scene_random_full_01_zero,23456,167,0.08433977253178533,0.1168636174436345,0.7012296319007874,0.6066221594810486,0.16696952283382416
Scene,Scene_random_full_01_zero,23456,196,0.02901770383166289,0.333065055398928,0.7612345218658447,0.6924076080322266,0.09765774756669998
Scene,Scene_random_full_01_zero,23456,199,0.16054870304368307,0.17898304758508563,0.7387073040008545,0.7363319993019104,0.4566726088523865
Scene,Scene_random_full_01_zero,23456,214,0.012497956337444324,0.3716143211789619,0.6981008052825928,0.7288913130760193,0.1713782697916031
Scene,Scene_random_full_01_zero,23456,241,0.24013107335218242,0.30536769424272053,0.728916585445404,0.5335941314697266,0.04139964282512665
Scene,Scene_random_full_01_zero,23456,242,0.13172854919229401,0.5199174059160074,0.6318591833114624,0.5996686220169067,0.1815878450870514
Scene,Scene_random_full_01_zero,23456,245,0.17756565598575164,0.4130522815148413,0.6521741151809692,0.4917255640029907,0.06409703195095062
Scene,Scene_random_full_01_zero,23456,249,0.012934583521610653,0.40183522931548854,0.8103223443031311,0.3751284182071686,0.030579084530472755
Scene,Scene_random_full_01_zero,23456,282,0.16944885601376217,0.315900293955557,0.6105065941810608,0.5072904229164124,0.07326480746269226
Scene,Scene_random_full_01_zero,23456,289,-0.0757664967877665,0.3227403311347957,0.7639094591140747,0.5544713139533997,0.03242821991443634
Scene,Scene_random_full_01_zero,23456,303,0.050132250761894905,0.4508911420651117,0.7448745965957642,0.6821073889732361,0.031103476881980896
Scene,Scene_random_full_01_zero,23456,314,0.04398830477395391,0.19190753933526267,0.8786299228668213,0.44416794180870056,-0.028125308454036713
Scene,Scene_random_full_01_zero,23456,393,-0.04704475163042709,0.3248032526225704,0.7091444730758667,0.7760763764381409,0.12694336473941803
Scene,Scene_random_full_01_zero,23456,412,0.3923907640576769,0.5318155754140533,0.5606545805931091,0.4897042214870453,0.023702844977378845
Scene,Scene_random_full_01_zero,23456,442,0.06230314973095265,0.36482768025633266,0.6982624530792236,0.7431483268737793,0.006090853363275528
Scene,Scene_random_full_01_zero,23456,463,0.08592685306349267,0.08106598242960299,0.7856945991516113,0.5377840399742126,0.1100609228014946
Scene,Scene_random_full_01_zero,23456,469,-0.2660188528980421,0.2123390634764228,0.773373544216156,0.4322742819786072,0.041297547519207
Scene,Scene_random_full_01_zero,23456,486,-0.17212257599333186,0.10672780378903235,0.7609224319458008,0.5077371597290039,0.06386902928352356
Scene,Scene_random_full_01_zero,23456,491,0.39503537981954934,0.3269913572785445,0.6345600485801697,0.6718936562538147,0.11384782940149307
Scene,Scene_random_full_01_zero,23456,518,0.36425777148041216,0.47999270412110234,0.5575210452079773,0.6609959006309509,0.4533700942993164
Scene,Scene_random_full_01_zero,23456,523,0.3983244860833243,0.1842463491371158,0.7734359502792358,0.6032941341400146,0.13053590059280396
Scene,Scene_random_full_01_zero,23456,545,-0.027318721398705524,0.38722343147346416,0.706999659538269,0.7092523574829102,0.034393467009067535
Scene,Scene_random_full_01_zero,23456,551,-0.037879606705542385,0.067410663898291,0.8169140219688416,0.5184212923049927,0.010511144995689392
Scene,Scene_random_full_01_zero,23456,568,0.15536341227967204,0.479677765734867,0.7416077256202698,0.7812252044677734,0.3354681134223938
Scene,Scene_random_full_01_zero,23456,620,-0.30096507199040523,0.22801406613924052,0.7850738167762756,0.5421133041381836,0.25383827090263367
Scene,Scene_random_full_01_zero,23456,640,-0.11630425897705493,0.14236052912406005,0.739992618560791,0.40824639797210693,-0.01809215545654297
Scene,Scene_random_full_01_zero,23456,648,0.36098398056554454,0.26738751504316544,0.7117661833763123,0.6087296605110168,0.027585651725530624
Scene,Scene_random_full_01_zero,23456,671,-0.2981021052088206,0.31831200679852745,0.6146038770675659,0.5373181104660034,0.162683367729187
Scene,Scene_random_full_01_zero,23456,755,0.4396822322412476,0.41530703618841,0.6821844577789307,0.4646032154560089,0.10256487876176834
Scene,Scene_random_full_01_zero,23456,811,0.03438579601415019,0.24802412913783928,0.755647599697113,0.5501835942268372,0.016613716259598732
Scene,Scene_random_full_01_zero,23456,821,0.33057804984677797,0.3252812382041244,0.7234596610069275,0.7208419442176819,0.60152268409729
Scene,Scene_random_full_01_zero,23456,824,-0.12439448838338027,0.09268118515511946,0.8005877733230591,0.4350922405719757,0.027308937162160873
Scene,Scene_random_full_01_zero,23456,841,0.007906569697680053,0.2441983555736597,0.829319417476654,0.35085901618003845,0.030352093279361725
Scene,Scene_random_full_01_zero,23456,842,0.24269875158344606,0.26123467559611746,0.696975588798523,0.7952715158462524,0.08656499534845352
Scene,Scene_random_full_01_zero,23456,850,0.05941073233575729,0.35978529277314275,0.7014858722686768,0.5241565108299255,-0.014444115571677685
Scene,Scene_random_full_01_zero,23456,855,0.16733180983861679,0.43612568782259153,0.6583921313285828,0.7843687534332275,0.03269104287028313
Scene,Scene_random_full_01_zero,23456,872,-0.06925952188455288,0.06223601578469814,0.7156738638877869,0.4475143551826477,0.0216071680188179
Scene,Scene_random_full_01_zero,23456,873,0.4214550444129605,0.4930597987147122,0.5657048225402832,0.5960842967033386,0.07555887848138809
Scene,Scene_random_full_01_zero,23456,893,0.3949562265998083,0.28467226430946924,0.6801043748855591,0.7545784711837769,0.25831466913223267
Scene,Scene_random_full_01_zero,23456,894,-0.006273783502957272,0.2144626173372349,0.7188779711723328,0.5513134002685547,0.10996168851852417
Scene,Scene_random_full_01_zero,23456,918,0.0786157162304947,0.28917244566179984,0.6624776721000671,0.6836993098258972,0.22888526320457458
Scene,Scene_random_full_01_zero,23456,943,0.3431225648381115,0.575851015596315,0.7256379723548889,0.6377957463264465,0.30240345001220703
Scene,Scene_random_full_01_zero,23456,978,0.5730189907369411,0.5156325230768811,0.6136375665664673,0.568317174911499,0.2812455892562866
Scene,Scene_random_full_01_zero,23456,999,0.02358492151210084,0.333130628583115,0.6997342705726624,0.7120811343193054,-0.004758491180837154
Scene,Scene_random_full_02_zero,23456,14,0.2649153840516711,0.4271015458865777,0.6791267395019531,0.41500791907310486,0.11002039164304733
Scene,Scene_random_full_02_zero,23456,15,-0.11959010212007551,0.41976930597789197,0.8265124559402466,0.6808180809020996,0.17798559367656708
Scene,Scene_random_full_02_zero,23456,36,0.17089953160809357,0.23392363335328847,0.612864077091217,0.7157114148139954,0.30961495637893677
Scene,Scene_random_full_02_zero,23456,39,-0.524866751928237,0.29774191172970693,0.5591710805892944,0.7473721504211426,0.42095643281936646
Scene,Scene_random_full_02_zero,23456,126,0.06258175733010476,0.42498863940886633,0.6769821643829346,0.865293562412262,0.4987698793411255
Scene,Scene_random_full_02_zero,23456,132,0.007046091904030135,0.09697998714304518,0.6196245551109314,0.6393104791641235,0.14774355292320251
Scene,Scene_random_full_02_zero,23456,167,0.0947858905733094,0.12120506204749125,0.6600617170333862,0.5534268021583557,0.22444018721580505
Scene,Scene_random_full_02_zero,23456,196,0.008824222157441988,0.30054330330093515,0.7757246494293213,0.7384141683578491,0.06439279019832611
Scene,Scene_random_full_02_zero,23456,199,0.19157553984950276,0.1333658838183376,0.6995096206665039,0.6532835364341736,0.09827141463756561
Scene,Scene_random_full_02_zero,23456,214,0.08986495170076525,0.370245932225884,0.7207449078559875,0.6673799753189087,0.055447906255722046
Scene,Scene_random_full_02_zero,23456,241,0.1833717971864135,0.3027708107599738,0.734699010848999,0.47103995084762573,0.02047121152281761
Scene,Scene_random_full_02_zero,23456,242,0.0911649215218006,0.5100680596608744,0.671644926071167,0.5750135183334351,0.007976541295647621
Scene,Scene_random_full_02_zero,23456,245,0.1680360246170783,0.39717104415348936,0.6938583254814148,0.5066643357276917,0.05411633476614952
Scene,Scene_random_full_02_zero,23456,249,0.040020552822015366,0.37427436916838125,0.7690891623497009,0.4056677222251892,0.024459633976221085
Scene,Scene_random_full_02_zero,23456,282,0.20322310044625497,0.3197537160559164,0.6327717304229736,0.4157136082649231,0.054219022393226624
Scene,Scene_random_full_02_zero,23456,289,-0.11537892136015385,0.34942908430884434,0.7733446359634399,0.6448379755020142,0.0429830364882946
Scene,Scene_random_full_02_zero,23456,303,0.043600080456058066,0.4995756720397401,0.7794269919395447,0.7219396829605103,0.03709001839160919
Scene,Scene_random_full_02_zero,23456,314,0.04558390000249334,0.19257664679212327,0.841918408870697,0.45090267062187195,0.04675247520208359
Scene,Scene_random_full_02_zero,23456,393,-0.06147762773356232,0.30179687724214194,0.6954746246337891,0.7679720520973206,0.20706915855407715
Scene,Scene_random_full_02_zero,23456,412,0.4599007302666833,0.5348027775297884,0.5279908180236816,0.45979470014572144,0.09259165078401566
Scene,Scene_random_full_02_zero,23456,442,0.039131450794623386,0.35121387654812364,0.7184595465660095,0.7419827580451965,0.042689189314842224
Scene,Scene_random_full_02_zero,23456,463,0.1991592294695088,0.07954880512656316,0.7763150334358215,0.5831465721130371,0.12670455873012543
Scene,Scene_random_full_02_zero,23456,469,-0.3178994134161387,0.22230707056638893,0.7963228225708008,0.47564858198165894,0.013722406700253487
Scene,Scene_random_full_02_zero,23456,486,-0.18019296683790018,0.09082181333724088,0.7499161958694458,0.5392398238182068,0.019237875938415527
Scene,Scene_random_full_02_zero,23456,491,0.4502524173557807,0.3255284943719176,0.6088621020317078,0.6868711709976196,0.11210393905639648
Scene,Scene_random_full_02_zero,23456,518,0.3347353464801519,0.550691991685218,0.532227635383606,0.6587214469909668,0.12739112973213196
Scene,Scene_random_full_02_zero,23456,523,0.3193863629636886,0.14720673330479125,0.6709372401237488,0.5943777561187744,0.08543583750724792
Scene,Scene_random_full_02_zero,23456,545,-0.04803438156451235,0.33631927386896815,0.7508142590522766,0.7220832109451294,0.06933893263339996
Scene,Scene_random_full_02_zero,23456,551,-0.001195300534842552,0.06094660962940804,0.7563364505767822,0.45379000902175903,-0.017128586769104004
Scene,Scene_random_full_02_zero,23456,568,0.13158366746180028,0.4660107144340646,0.6848992705345154,0.8177943229675293,0.5363402366638184
Scene,Scene_random_full_02_zero,23456,620,-0.26622565499066864,0.19916390906879025,0.7638711333274841,0.6427974104881287,0.2771907150745392
Scene,Scene_random_full_02_zero,23456,640,-0.1901505193912007,0.12001928121989223,0.688513994216919,0.4292486011981964,0.04967981576919556
Scene,Scene_random_full_02_zero,23456,648,0.39183851916303825,0.30177337354999006,0.6913712620735168,0.6768956780433655,0.2700296640396118
Scene,Scene_random_full_02_zero,23456,671,-0.19563071885599936,0.33477964333915944,0.5997506380081177,0.8054656982421875,0.3643849492073059
Scene,Scene_random_full_02_zero,23456,755,0.33844927520573215,0.3810438573185737,0.6775017380714417,0.6378984451293945,0.4350484013557434
Scene,Scene_random_full_02_zero,23456,811,0.02274379173250886,0.2532918796552886,0.7496988773345947,0.5497139692306519,-0.013714142143726349
Scene,Scene_random_full_02_zero,23456,821,0.25303048679353257,0.2896195904282628,0.6798095107078552,0.4928891062736511,0.0037449144292622805
Scene,Scene_random_full_02_zero,23456,824,-0.12273793294107317,0.09211824039858095,0.7935795783996582,0.47868219017982483,0.039150334894657135
Scene,Scene_random_full_02_zero,23456,841,0.04660852435653743,0.22929763503010614,0.8442291617393494,0.3581094741821289,0.06108390912413597
Scene,Scene_random_full_02_zero,23456,842,0.24923942121457177,0.25484098951993056,0.6998552680015564,0.8015085458755493,0.09435427933931351
Scene,Scene_random_full_02_zero,23456,850,0.054655530172212044,0.3654510366601609,0.7481995820999146,0.6689265370368958,0.38388872146606445
Scene,Scene_random_full_02_zero,23456,855,0.14768288717501055,0.4746420501769833,0.7233006954193115,0.6262384057044983,-0.025289423763751984
Scene,Scene_random_full_02_zero,23456,872,-0.0931979553329249,0.0719010723496492,0.7112139463424683,0.5812013149261475,0.14112639427185059
Scene,Scene_random_full_02_zero,23456,873,0.41720078873672256,0.4905155818989145,0.5657006502151489,0.6070072054862976,0.07284373044967651
Scene,Scene_random_full_02_zero,23456,893,0.2766339162733124,0.29401358681391565,0.7430835962295532,0.3372240960597992,0.012111298739910126
Scene,Scene_random_full_02_zero,23456,894,0.015847992412935552,0.25074364370131846,0.751900851726532,0.6085863709449768,0.08024317026138306
Scene,Scene_random_full_02_zero,23456,918,0.07537285134957007,0.2534719123696709,0.6715676188468933,0.7223981022834778,0.2039852738380432
Scene,Scene_random_full_02_zero,23456,943,0.2807408827105391,0.5688715716444356,0.739386796951294,0.5591978430747986,0.13046978414058685
Scene,Scene_random_full_02_zero,23456,978,0.6319168707059541,0.5502368472818916,0.6090270280838013,0.5390121936798096,0.08746711909770966
Scene,Scene_random_full_02_zero,23456,999,-0.1042182403909276,0.3445774697695896,0.7372878789901733,0.6878977417945862,0.03409856557846069
Scene,Scene_random_full_03_zero,23456,14,0.2791323982884561,0.45477012459570215,0.6858611702919006,0.44274553656578064,0.0116647994145751
Scene,Scene_random_full_03_zero,23456,15,-0.08913676735920674,0.4237402822916831,0.7899777293205261,0.815109372138977,0.18818871676921844
Scene,Scene_random_full_03_zero,23456,36,0.18437810510990552,0.22062751946619732,0.5917894840240479,0.7306625247001648,0.21782995760440826
Scene,Scene_random_full_03_zero,23456,39,-0.500251510538676,0.3253394855231533,0.4741373360157013,0.695010244846344,0.2729368805885315
Scene,Scene_random_full_03_zero,23456,126,0.07082549762423727,0.4106975719650451,0.6929060220718384,0.8722667694091797,0.48702603578567505
Scene,Scene_random_full_03_zero,23456,132,-0.0035856462192821593,0.09769482546509171,0.6104626059532166,0.6367020010948181,0.14249731600284576
Scene,Scene_random_full_03_zero,23456,167,0.1581228948717697,0.12015377354424614,0.7310289740562439,0.6002581119537354,0.168870210647583
Scene,Scene_random_full_03_zero,23456,196,-0.004448697281774699,0.3311607624593124,0.7842139005661011,0.6983836889266968,0.15102316439151764
Scene,Scene_random_full_03_zero,23456,199,0.15562988367419484,0.18829186349716515,0.7211199998855591,0.7876368761062622,0.38890957832336426
Scene,Scene_random_full_03_zero,23456,214,0.07020148846124319,0.38191842022276956,0.7265778183937073,0.5920510292053223,0.09180907160043716
Scene,Scene_random_full_03_zero,23456,241,0.2166262959577448,0.31305982923344855,0.7477538585662842,0.599296510219574,0.11503338068723679
Scene,Scene_random_full_03_zero,23456,242,0.024287710407921735,0.5029501692270647,0.7549469470977783,0.572232723236084,0.1305740475654602
Scene,Scene_random_full_03_zero,23456,245,-0.0673827096602232,0.4376625319762047,0.6906483173370361,0.5316868424415588,0.01887545734643936
Scene,Scene_random_full_03_zero,23456,249,-0.022222456313846357,0.3655474225840522,0.8207716941833496,0.45982709527015686,0.026819918304681778
Scene,Scene_random_full_03_zero,23456,282,0.22817202207610687,0.37715624574700496,0.611474871635437,0.5886542201042175,0.12962721288204193
Scene,Scene_random_full_03_zero,23456,289,-0.08559046930626425,0.3265240604247219,0.774778425693512,0.6417670845985413,0.06524308025836945
Scene,Scene_random_full_03_zero,23456,303,0.07803006290811214,0.46441755473950236,0.74247807264328,0.7316473126411438,0.048059068620204926
Scene,Scene_random_full_03_zero,23456,314,0.06590407449136741,0.1991990266409999,0.8433768153190613,0.652067244052887,0.09980583190917969
Scene,Scene_random_full_03_zero,23456,393,-0.05725643731272375,0.3497342549252736,0.6965830326080322,0.7944523692131042,0.23588794469833374
Scene,Scene_random_full_03_zero,23456,412,0.5622513158532789,0.5357993011069457,0.517941951751709,0.5265039205551147,0.03536010533571243
Scene,Scene_random_full_03_zero,23456,442,0.0813066214765707,0.3581301066992521,0.7144376635551453,0.6484985947608948,0.03291153162717819
Scene,Scene_random_full_03_zero,23456,463,0.26067115584976563,0.09338376914758326,0.761357843875885,0.5513730645179749,0.10379841178655624
Scene,Scene_random_full_03_zero,23456,469,-0.549106041332633,0.1624330673402539,0.7887619733810425,0.3827168643474579,0.0029596909880638123
Scene,Scene_random_full_03_zero,23456,486,-0.1771171100060005,0.10843912933182386,0.7287970185279846,0.5960631370544434,0.060980167239904404
Scene,Scene_random_full_03_zero,23456,491,0.4191754767432181,0.3299490420594189,0.6411779522895813,0.7120299339294434,0.10606347769498825
Scene,Scene_random_full_03_zero,23456,518,0.3960151866651331,0.46377105656789297,0.5962378978729248,0.561183512210846,0.12899819016456604
Scene,Scene_random_full_03_zero,23456,523,0.4136178736263905,0.17815350061826946,0.716814398765564,0.6574138402938843,0.1808636635541916
Scene,Scene_random_full_03_zero,23456,545,-0.03134133241812185,0.3850049715676159,0.7213019728660583,0.7007012963294983,0.07550394535064697
Scene,Scene_random_full_03_zero,23456,551,-0.00018784617584480443,0.07918858102045605,0.7966321706771851,0.42764928936958313,0.013354795053601265
Scene,Scene_random_full_03_zero,23456,568,0.14070742654095192,0.4728832177881981,0.6970290541648865,0.8135659098625183,0.5307543277740479
Scene,Scene_random_full_03_zero,23456,620,-0.2702063626068953,0.22109329660749802,0.7916243076324463,0.5869478583335876,0.25663721561431885
Scene,Scene_random_full_03_zero,23456,640,-0.010122920355877363,0.18700568281643729,0.7326058745384216,0.6946664452552795,0.5163658857345581
Scene,Scene_random_full_03_zero,23456,648,0.3698351240954571,0.2883340916142091,0.7129882574081421,0.6888881325721741,0.10040950775146484
Scene,Scene_random_full_03_zero,23456,671,-0.16161280525429012,0.37119759550694686,0.628856897354126,0.8561403751373291,0.5589540600776672
Scene,Scene_random_full_03_zero,23456,755,0.41662560556846956,0.4018863753786505,0.6980829238891602,0.643490731716156,0.30208542943000793
Scene,Scene_random_full_03_zero,23456,811,0.017826028416349105,0.25951850932370796,0.7503038048744202,0.5330403447151184,0.0026889056898653507
Scene,Scene_random_full_03_zero,23456,821,0.3247546346548733,0.30689474450410265,0.7061267495155334,0.565430760383606,0.02346055582165718
Scene,Scene_random_full_03_zero,23456,824,-0.1076772654387571,0.09588476109347063,0.7946138978004456,0.5274301171302795,0.10804367065429688
Scene,Scene_random_full_03_zero,23456,841,0.12243478678785154,0.24655604406627804,0.8361093401908875,0.4452725052833557,0.04199603945016861
Scene,Scene_random_full_03_zero,23456,842,0.1647752991504152,0.23967483263736625,0.696811854839325,0.7708615064620972,0.1038324236869812
Scene,Scene_random_full_03_zero,23456,850,0.07327905808096187,0.36812713250323204,0.7381730675697327,0.6793367266654968,0.34031492471694946
Scene,Scene_random_full_03_zero,23456,855,0.11778057314586594,0.4208602381872911,0.6653217673301697,0.7813176512718201,0.06520884484052658
Scene,Scene_random_full_03_zero,23456,872,-0.06981338070287943,0.0838700077267227,0.7655847668647766,0.5706973671913147,0.17593905329704285
Scene,Scene_random_full_03_zero,23456,873,0.5037201864153296,0.5363429366516218,0.5943566560745239,0.452928364276886,-0.020282531157135963
Scene,Scene_random_full_03_zero,23456,893,0.322838261250957,0.2508427838588799,0.6886199712753296,0.7833105325698853,0.31911253929138184
Scene,Scene_random_full_03_zero,23456,894,-0.015357605279283816,0.2515031403996444,0.7438086271286011,0.6099814772605896,0.04797826707363129
Scene,Scene_random_full_03_zero,23456,918,0.02086113579222729,0.2716964259505512,0.6522290110588074,0.7449583411216736,0.14938122034072876
Scene,Scene_random_full_03_zero,23456,943,0.3119850915501702,0.5755166980544629,0.717600405216217,0.5914661884307861,0.28064030408859253
Scene,Scene_random_full_03_zero,23456,978,0.6651547113391177,0.5674374955174575,0.64552903175354,0.5024726986885071,0.042699962854385376
Scene,Scene_random_full_03_zero,23456,999,-0.0027060287555456673,0.3468944404229412,0.7013489007949829,0.6876211762428284,0.0263179000467062
Scene,Scene_random_full_04_zero,23456,14,0.3391508942257699,0.46096948939733606,0.6293911933898926,0.5967791676521301,0.25499019026756287
Scene,Scene_random_full_04_zero,23456,15,-0.14587221097095684,0.44894690793692743,0.8108565211296082,0.7463991641998291,0.21219000220298767
Scene,Scene_random_full_04_zero,23456,36,0.18093475528181963,0.2327110048846166,0.600767195224762,0.6951643228530884,0.2761721611022949
Scene,Scene_random_full_04_zero,23456,39,-0.45567769257659485,0.3001000352056948,0.5472313165664673,0.7221711874008179,0.10956031829118729
Scene,Scene_random_full_04_zero,23456,126,-0.019881980492250227,0.38379220758682503,0.6556049585342407,0.8573627471923828,0.2879195809364319
Scene,Scene_random_full_04_zero,23456,132,-0.015270802113171627,0.11185509198960096,0.640681803226471,0.6903061270713806,0.22428855299949646
Scene,Scene_random_full_04_zero,23456,167,0.05506893500799097,0.11904680010622369,0.6997649669647217,0.6128477454185486,0.35620200634002686
Scene,Scene_random_full_04_zero,23456,196,-0.014359098349052236,0.34118489747070285,0.7927621603012085,0.7380303144454956,0.13239392638206482
Scene,Scene_random_full_04_zero,23456,199,0.20068990496611638,0.19224785089440327,0.7256144285202026,0.7269442081451416,0.38693785667419434
Scene,Scene_random_full_04_zero,23456,214,0.13551587535396767,0.3708886957691771,0.727306067943573,0.6493487358093262,0.12485392391681671
Scene,Scene_random_full_04_zero,23456,241,0.21774397659143652,0.33304649964831995,0.7337254881858826,0.5136804580688477,0.041361935436725616
Scene,Scene_random_full_04_zero,23456,242,-0.00786700957994172,0.4731495217985407,0.7557081580162048,0.592459499835968,0.09991858154535294
Scene,Scene_random_full_04_zero,23456,245,-0.04156175510570688,0.44274994093290976,0.6929211616516113,0.5506041646003723,0.002018602564930916
Scene,Scene_random_full_04_zero,23456,249,0.07478556659309525,0.37720541884627556,0.7909780740737915,0.45557835698127747,0.00667930394411087
Scene,Scene_random_full_04_zero,23456,282,0.20850296943968533,0.37045793589851816,0.6261914372444153,0.5822093486785889,0.3966491222381592
Scene,Scene_random_full_04_zero,23456,289,-0.024768526808475834,0.33563243806888726,0.7607453465461731,0.606031060218811,0.06146053969860077
Scene,Scene_random_full_04_zero,23456,303,0.05532693350169627,0.48171676571265887,0.7462366819381714,0.7311327457427979,0.06830021739006042
Scene,Scene_random_full_04_zero,23456,314,0.1652087841319032,0.1981775922945098,0.8077803254127502,0.42980074882507324,-0.027336180210113525
Scene,Scene_random_full_04_zero,23456,393,-0.1697903966525015,0.34134794893907716,0.7070801854133606,0.8333779573440552,0.20403003692626953
Scene,Scene_random_full_04_zero,23456,412,0.5439188844142913,0.5348641946300122,0.5783223509788513,0.5775206685066223,0.05424126610159874
Scene,Scene_random_full_04_zero,23456,442,0.09509614097384586,0.36032739163626126,0.7310668230056763,0.6234087944030762,0.05704450234770775
Scene,Scene_random_full_04_zero,23456,463,0.22516715374377572,0.07635018165755376,0.6924982666969299,0.5351934432983398,0.10214364528656006
Scene,Scene_random_full_04_zero,23456,469,-0.5019209581903186,0.17157489386302785,0.7873689532279968,0.4791582524776459,-0.02522946335375309
Scene,Scene_random_full_04_zero,23456,486,-0.18077213685811688,0.09481212101255769,0.7760586738586426,0.6043089032173157,0.10693901777267456
Scene,Scene_random_full_04_zero,23456,491,0.36729075100949143,0.32788697866009,0.6316571831703186,0.6715602278709412,0.003704819828271866
Scene,Scene_random_full_04_zero,23456,518,0.38308145171593433,0.5152046250474983,0.5899144411087036,0.6984626054763794,0.18925175070762634
Scene,Scene_random_full_04_zero,23456,523,0.3823792028205278,0.15876591603842932,0.6968567967414856,0.47267740964889526,0.08883989602327347
Scene,Scene_random_full_04_zero,23456,545,-0.022825342693136304,0.4082085327083924,0.7324230670928955,0.7470903992652893,0.0912921279668808
Scene,Scene_random_full_04_zero,23456,551,-0.032838071288970684,0.07478737387433076,0.8055490255355835,0.44839078187942505,-0.009649435058236122
Scene,Scene_random_full_04_zero,23456,568,0.12309648080421663,0.4011853345064214,0.6973685622215271,0.7538562417030334,0.01396390050649643
Scene,Scene_random_full_04_zero,23456,620,-0.05198672658763137,0.26114303788400733,0.7585426568984985,0.5349254608154297,0.15138790011405945
Scene,Scene_random_full_04_zero,23456,640,-0.07127199358952828,0.18850778014405445,0.8196627497673035,0.5338605642318726,0.02431214600801468
Scene,Scene_random_full_04_zero,23456,648,0.3582357714296664,0.27981728235701336,0.6988162994384766,0.5613791942596436,-0.0007921922951936722
Scene,Scene_random_full_04_zero,23456,671,-0.15896980643918288,0.33290180741227293,0.6269176602363586,0.7484380006790161,0.42917728424072266
Scene,Scene_random_full_04_zero,23456,755,0.3622191206595151,0.3830424574287618,0.721922755241394,0.6496630907058716,0.22746074199676514
Scene,Scene_random_full_04_zero,23456,811,-0.0983776648828961,0.22909593133290204,0.6943747997283936,0.5433815717697144,-0.032047394663095474
Scene,Scene_random_full_04_zero,23456,821,0.3048443899149248,0.28755750405475644,0.6698499321937561,0.44433534145355225,-0.008809267543256283
Scene,Scene_random_full_04_zero,23456,824,-0.10944362407964077,0.10080954289656165,0.804756224155426,0.5110515356063843,0.07762503623962402
Scene,Scene_random_full_04_zero,23456,841,0.03668972108538328,0.24594350483601374,0.8017757534980774,0.3670406937599182,0.04296667501330376
Scene,Scene_random_full_04_zero,23456,842,0.1251085249283257,0.23565638686291873,0.7052567601203918,0.764630138874054,0.1029110997915268
Scene,Scene_random_full_04_zero,23456,850,0.07594726694882702,0.3694920490509138,0.7352945804595947,0.6615991592407227,0.340290367603302
Scene,Scene_random_full_04_zero,23456,855,0.1544973383469705,0.48847133143427346,0.7121361494064331,0.6490380764007568,0.01458563469350338
Scene,Scene_random_full_04_zero,23456,872,-0.0941955117562065,0.08517296124381009,0.761246919631958,0.4064124822616577,0.029905196279287338
Scene,Scene_random_full_04_zero,23456,873,0.4660633115319111,0.49978723976097145,0.5668597221374512,0.540520966053009,0.07598010450601578
Scene,Scene_random_full_04_zero,23456,893,0.3741079430823238,0.3017475754655612,0.7259878516197205,0.729814350605011,0.22227585315704346
Scene,Scene_random_full_04_zero,23456,894,-0.01664337047637827,0.24525006735007307,0.7407280206680298,0.5927159786224365,0.09302003681659698
Scene,Scene_random_full_04_zero,23456,918,0.012894243048895805,0.2859808265501326,0.6525183320045471,0.7438406348228455,0.1645578145980835
Scene,Scene_random_full_04_zero,23456,943,0.3593651509010023,0.5729038017774342,0.6794725656509399,0.570708155632019,0.18034996092319489
Scene,Scene_random_full_04_zero,23456,978,0.6083176036658617,0.5748110111217519,0.5260117053985596,0.7784589529037476,0.5130184292793274
Scene,Scene_random_full_04_zero,23456,999,-0.02273411171716553,0.3376697317325787,0.7013546228408813,0.7313950061798096,-0.0009480705484747887
Scene,Scene_random_full_05_zero,23456,14,0.22887907448204495,0.5504461041443514,0.6089510917663574,0.46507713198661804,0.0685945376753807
Scene,Scene_random_full_05_zero,23456,15,-0.09870082262843148,0.45864537394194793,0.7939152717590332,0.7319507598876953,0.1446927785873413
Scene,Scene_random_full_05_zero,23456,36,0.31947161609386265,0.21159481416349948,0.647237241268158,0.664198637008667,-0.013605400919914246
Scene,Scene_random_full_05_zero,23456,39,-0.49768265467502204,0.3152803488483973,0.49151378870010376,0.7105474472045898,0.3441300392150879
Scene,Scene_random_full_05_zero,23456,126,0.0993524459229193,0.4173887021576796,0.6571822166442871,0.8462521433830261,0.44815507531166077
Scene,Scene_random_full_05_zero,23456,132,-0.0016832289086253784,0.11485300258666724,0.6224187612533569,0.6674448251724243,0.25743162631988525
Scene,Scene_random_full_05_zero,23456,167,0.09435951306950233,0.11119461314818437,0.6872749924659729,0.6162579655647278,0.20295678079128265
Scene,Scene_random_full_05_zero,23456,196,0.016368133433166204,0.32002158438607825,0.7892953753471375,0.6942881941795349,0.09485460817813873
Scene,Scene_random_full_05_zero,23456,199,0.15020593815796532,0.18897157113335264,0.7304472923278809,0.8271188735961914,0.47842520475387573
Scene,Scene_random_full_05_zero,23456,214,0.04436304688725586,0.36182424596890317,0.676375150680542,0.7164673209190369,0.1891455054283142
Scene,Scene_random_full_05_zero,23456,241,0.22788955851476558,0.3328275268492975,0.7283462882041931,0.5284096598625183,0.07087758928537369
Scene,Scene_random_full_05_zero,23456,242,0.02146250681905618,0.5086476764269108,0.7294459939002991,0.5247154831886292,0.029938891530036926
Scene,Scene_random_full_05_zero,23456,245,0.03596845075603136,0.3792846824155057,0.6380295753479004,0.5626953840255737,0.08357817679643631
Scene,Scene_random_full_05_zero,23456,249,0.052314092790789773,0.40398226987924585,0.8035422563552856,0.36757180094718933,0.03157663345336914
Scene,Scene_random_full_05_zero,23456,282,0.204617133210932,0.37110960883631144,0.6074105501174927,0.6285513043403625,0.5183107256889343
Scene,Scene_random_full_05_zero,23456,289,-0.05446696171798133,0.3129937095897309,0.7551304697990417,0.6261828541755676,0.030360089614987373
Scene,Scene_random_full_05_zero,23456,303,0.06695057214550097,0.48676489769960707,0.7485870122909546,0.6917991638183594,0.05253069847822189
Scene,Scene_random_full_05_zero,23456,314,0.06553766531295159,0.19663798018331796,0.8378390073776245,0.6856496334075928,0.09360557049512863
Scene,Scene_random_full_05_zero,23456,393,-0.052460448785308623,0.3312265210584968,0.7105159163475037,0.8267071843147278,0.221468985080719
Scene,Scene_random_full_05_zero,23456,412,0.5343262544313109,0.5332288102417417,0.5198988318443298,0.4643583297729492,0.09659814089536667
Scene,Scene_random_full_05_zero,23456,442,0.14475465087908418,0.3646511223441995,0.7116225957870483,0.6067490577697754,0.039558157324790955
Scene,Scene_random_full_05_zero,23456,463,0.2477154802357035,0.08763185722026741,0.7537146210670471,0.5757762789726257,0.09186612814664841
Scene,Scene_random_full_05_zero,23456,469,-0.2598811453584251,0.1776309497883932,0.7322237491607666,0.4233999252319336,-0.0004818663001060486
Scene,Scene_random_full_05_zero,23456,486,-0.17573761394607487,0.10134081382116816,0.7864587306976318,0.5368567705154419,0.08129895478487015
Scene,Scene_random_full_05_zero,23456,491,0.3718334479984539,0.31173962985320997,0.6417145133018494,0.6749781370162964,0.05717077851295471
Scene,Scene_random_full_05_zero,23456,518,0.5717827140205443,0.594839453780512,0.5415061712265015,0.6439169049263,0.05371633917093277
Scene,Scene_random_full_05_zero,23456,523,0.39345726370296086,0.1693754962716025,0.707754909992218,0.5799405574798584,0.10689423978328705
Scene,Scene_random_full_05_zero,23456,545,-0.12617878780629507,0.3759847297701434,0.7366699576377869,0.6905202269554138,0.020997893065214157
Scene,Scene_random_full_05_zero,23456,551,0.018192254598997332,0.07454957304247449,0.8211380243301392,0.48444145917892456,-0.0063261790201067924
Scene,Scene_random_full_05_zero,23456,568,0.05486197537103852,0.4648222200649953,0.7215712070465088,0.8153653740882874,0.2931191325187683
Scene,Scene_random_full_05_zero,23456,620,-0.28768169923803877,0.21178008547185476,0.7637218236923218,0.5217073559761047,0.32399284839630127
Scene,Scene_random_full_05_zero,23456,640,-0.13775806099240354,0.15411717532257155,0.8076812028884888,0.4796771705150604,-0.021520908921957016
Scene,Scene_random_full_05_zero,23456,648,0.3967551104441732,0.27374692893885977,0.6976945400238037,0.621641218662262,-0.02177240699529648
Scene,Scene_random_full_05_zero,23456,671,-0.16601088655805502,0.34119179796174115,0.5969362258911133,0.8567026257514954,0.49027004837989807
Scene,Scene_random_full_05_zero,23456,755,0.42736493330103553,0.41932268524174576,0.6574364900588989,0.5301560163497925,0.08419529348611832
Scene,Scene_random_full_05_zero,23456,811,-0.09125375010259903,0.2233045449332379,0.6945313215255737,0.5954628586769104,-0.010982942767441273
Scene,Scene_random_full_05_zero,23456,821,0.35996323662375573,0.29972668784300394,0.6363517642021179,0.6722657084465027,0.16865850985050201
Scene,Scene_random_full_05_zero,23456,824,-0.07093877771396086,0.09412360673601723,0.7779800295829773,0.47789496183395386,0.09283258020877838
Scene,Scene_random_full_05_zero,23456,841,0.028225096024521574,0.25839636254372833,0.8253129720687866,0.3430352807044983,0.045080628246068954
Scene,Scene_random_full_05_zero,23456,842,0.18357467319047724,0.2517484341060899,0.6987297534942627,0.7759841084480286,0.019064079970121384
Scene,Scene_random_full_05_zero,23456,850,0.07422522061302068,0.37450723439326256,0.7286137342453003,0.6948112845420837,0.3806421458721161
Scene,Scene_random_full_05_zero,23456,855,0.14866869139269503,0.47965251541191967,0.7054099440574646,0.6558652520179749,-0.03431542590260506
Scene,Scene_random_full_05_zero,23456,872,-0.13544198420905407,0.07626648705846345,0.7110844850540161,0.45708125829696655,-0.012874126434326172
Scene,Scene_random_full_05_zero,23456,873,0.4290913344616163,0.4926500056019447,0.554195761680603,0.5055415034294128,0.06091351807117462
Scene,Scene_random_full_05_zero,23456,893,0.3086903357366795,0.2552128066752164,0.6860915422439575,0.5576488971710205,0.07709381729364395
Scene,Scene_random_full_05_zero,23456,894,0.012512226646911621,0.24801825054767052,0.7315686941146851,0.5697189569473267,0.10971573740243912
Scene,Scene_random_full_05_zero,23456,918,0.05800964982284015,0.27088987840853473,0.679978609085083,0.7285439372062683,0.18111684918403625
Scene,Scene_random_full_05_zero,23456,943,0.28975164349222454,0.5638026594694822,0.7176470160484314,0.5958809852600098,0.2231316715478897
Scene,Scene_random_full_05_zero,23456,978,0.5972703720468496,0.5774152604701308,0.5644345283508301,0.7993000745773315,0.7219680547714233
Scene,Scene_random_full_05_zero,23456,999,-0.04884552194944798,0.36059646754111546,0.7106094360351562,0.6622226238250732,0.0006499858573079109
Scene,no_mask,23456,14,0.3343923067098191,0.4793325428702501,0.655087947845459,0.45007023215293884,0.07538644224405289
Scene,no_mask,23456,15,-0.121857288667844,0.42159057299390856,0.778836190700531,0.7780036330223083,0.10365459322929382
Scene,no_mask,23456,36,0.276102255329196,0.23206758791576335,0.6126248836517334,0.6708855628967285,0.02156742662191391
Scene,no_mask,23456,39,-0.47044324340659777,0.3285434209153296,0.48402100801467896,0.6306577920913696,0.21750850975513458
Scene,no_mask,23456,126,0.14010391159024074,0.421495344672133,0.6489214897155762,0.8602662682533264,0.3856377601623535
Scene,no_mask,23456,132,0.0048273248235311305,0.10959868596072495,0.635672926902771,0.688029408454895,0.29832038283348083
Scene,no_mask,23456,167,0.06691552863897106,0.11693968814071376,0.7088994979858398,0.6445555090904236,0.27606961131095886
Scene,no_mask,23456,196,0.032416482592526004,0.3488211940740207,0.7706677913665771,0.7043380737304688,0.08174392580986023
Scene,no_mask,23456,199,0.14502208674311795,0.17307124983903005,0.7226812243461609,0.7485586404800415,0.4553203880786896
Scene,no_mask,23456,214,0.12792657868300014,0.37673642372955896,0.7041267156600952,0.6052823066711426,0.09145628660917282
Scene,no_mask,23456,241,0.2698368818821498,0.33680013880717846,0.7214126586914062,0.5472623109817505,0.08687847852706909
Scene,no_mask,23456,242,0.03644468368880794,0.49907262445003286,0.7608157396316528,0.5781328678131104,0.10689855366945267
Scene,no_mask,23456,245,-0.08880286416256826,0.4342672487178009,0.6755828261375427,0.595655620098114,0.0495917908847332
Scene,no_mask,23456,249,0.02583315852094837,0.3743535645879052,0.7992933988571167,0.41481155157089233,0.009025242179632187
Scene,no_mask,23456,282,0.19481729132806794,0.36382110974295623,0.6107159852981567,0.4556821286678314,0.10284233093261719
Scene,no_mask,23456,289,-0.06046647837003465,0.32550386116939545,0.7771056294441223,0.5843499302864075,0.08511083573102951
Scene,no_mask,23456,303,0.09342424887928652,0.48115312115565007,0.7400341033935547,0.7484257221221924,0.04686867818236351
Scene,no_mask,23456,314,0.13996266183401015,0.19892900053733403,0.8107036352157593,0.4521927237510681,-0.026242012158036232
Scene,no_mask,23456,393,-0.06650263937522333,0.35987980162839023,0.68790602684021,0.8175767064094543,0.2010168731212616
Scene,no_mask,23456,412,0.5574916971288751,0.5335314974236702,0.549494743347168,0.49392879009246826,0.10476057231426239
Scene,no_mask,23456,442,0.08338113758316501,0.3715163139384187,0.7263391017913818,0.6914628744125366,0.011443226598203182
Scene,no_mask,23456,463,0.22708940702557776,0.09401851574904316,0.7568784356117249,0.5757009983062744,0.11300966888666153
Scene,no_mask,23456,469,-0.324765573496321,0.21710146453123105,0.7593804597854614,0.46304404735565186,0.005960861220955849
Scene,no_mask,23456,486,-0.17376147906355377,0.10189567626821146,0.7479969263076782,0.5637847781181335,0.056842830032110214
Scene,no_mask,23456,491,0.3664967450191914,0.3282533717955592,0.627242386341095,0.6378249526023865,0.0031527094542980194
Scene,no_mask,23456,518,0.41674611305109466,0.5235205161154529,0.5718395113945007,0.7651863694190979,0.19893711805343628
Scene,no_mask,23456,523,0.38436236702701826,0.1616908649751832,0.6971126794815063,0.5480663776397705,0.11592742800712585
Scene,no_mask,23456,545,-0.03862925903658208,0.38471693166382787,0.7455177307128906,0.7068376541137695,0.07162782549858093
Scene,no_mask,23456,551,-0.023284412437855638,0.07487843055177007,0.7969944477081299,0.47935178875923157,-0.03712562099099159
Scene,no_mask,23456,568,0.1496095670951769,0.4649051175756264,0.694930911064148,0.8144405484199524,0.551353394985199
Scene,no_mask,23456,620,-0.2779717996912015,0.22486257350383979,0.7865769863128662,0.5230374932289124,0.28113284707069397
Scene,no_mask,23456,640,-0.13755214570042082,0.14023366740798054,0.7094775438308716,0.4062846302986145,0.07863476872444153
Scene,no_mask,23456,648,0.45160529674880956,0.28618920891361654,0.7488535046577454,0.49034368991851807,0.001736154779791832
Scene,no_mask,23456,671,-0.1533695901541611,0.3519478977605722,0.6191708445549011,0.7490791082382202,0.33062705397605896
Scene,no_mask,23456,755,0.3968925025390098,0.418125286876471,0.7323104739189148,0.6546165943145752,0.2852691113948822
Scene,no_mask,23456,811,0.006885606440949564,0.25452875275175474,0.7523469924926758,0.5611478090286255,-0.013959928415715694
Scene,no_mask,23456,821,0.3546824126561313,0.2890566442175836,0.6701188683509827,0.43765023350715637,0.04195215180516243
Scene,no_mask,23456,824,-0.10950891799585433,0.09331679763147245,0.7971824407577515,0.44713979959487915,0.032222118228673935
Scene,no_mask,23456,841,0.08781533866318865,0.24380679590043583,0.8403602838516235,0.43671914935112,0.06092875078320503
Scene,no_mask,23456,842,0.1580242540077448,0.24040936942319735,0.7050969004631042,0.7758073210716248,0.09818264096975327
Scene,no_mask,23456,850,0.06852475810575918,0.3729201549585352,0.7328816652297974,0.714592695236206,0.3166550099849701
Scene,no_mask,23456,855,0.18076937742373891,0.49083129430913525,0.7117922306060791,0.6558736562728882,0.0075111608020961285
Scene,no_mask,23456,872,-0.11684610642556242,0.07711285385591723,0.715652585029602,0.5172903537750244,0.02790290303528309
Scene,no_mask,23456,873,0.4586964150692967,0.5145808346873781,0.5739507079124451,0.503475546836853,0.07321871817111969
Scene,no_mask,23456,893,0.4063156898221792,0.2710350708842729,0.6721411347389221,0.7543891072273254,0.34159570932388306
Scene,no_mask,23456,894,-0.019184529524398412,0.2362324057785891,0.7316133975982666,0.5763069987297058,0.10275202989578247
Scene,no_mask,23456,918,0.029928208827679756,0.27896351651879986,0.6713568568229675,0.7571627497673035,0.19958561658859253
Scene,no_mask,23456,943,0.3383118087576867,0.569599149228549,0.7051742076873779,0.6115017533302307,0.14462782442569733
Scene,no_mask,23456,978,0.6139997817931951,0.5841834809092618,0.5653977394104004,0.8675819635391235,0.821709394454956
Scene,no_mask,23456,999,-0.05226904033737206,0.3313020227124965,0.6959894895553589,0.7253957986831665,0.018780674785375595
Scene,no_mask_repeat,23456,14,0.3343923067098191,0.4793325428702501,0.655087947845459,0.45007023215293884,0.07538644224405289
Scene,no_mask_repeat,23456,15,-0.121857288667844,0.42159057299390856,0.778836190700531,0.7780036330223083,0.10365459322929382
Scene,no_mask_repeat,23456,36,0.276102255329196,0.23206758791576335,0.6126248836517334,0.6708855628967285,0.02156742662191391
Scene,no_mask_repeat,23456,39,-0.47044324340659777,0.3285434209153296,0.48402100801467896,0.6306577920913696,0.21750850975513458
Scene,no_mask_repeat,23456,126,0.14010391159024074,0.421495344672133,0.6489214897155762,0.8602662682533264,0.3856377601623535
Scene,no_mask_repeat,23456,132,0.0048273248235311305,0.10959868596072495,0.635672926902771,0.688029408454895,0.29832038283348083
Scene,no_mask_repeat,23456,167,0.06691552863897106,0.11693968814071376,0.7088994979858398,0.6445555090904236,0.27606961131095886
Scene,no_mask_repeat,23456,196,0.032416482592526004,0.3488211940740207,0.7706677913665771,0.7043380737304688,0.08174392580986023
Scene,no_mask_repeat,23456,199,0.14502208674311795,0.17307124983903005,0.7226812243461609,0.7485586404800415,0.4553203880786896
Scene,no_mask_repeat,23456,214,0.12792657868300014,0.37673642372955896,0.7041267156600952,0.6052823066711426,0.09145628660917282
Scene,no_mask_repeat,23456,241,0.2698368818821498,0.33680013880717846,0.7214126586914062,0.5472623109817505,0.08687847852706909
Scene,no_mask_repeat,23456,242,0.03644468368880794,0.49907262445003286,0.7608157396316528,0.5781328678131104,0.10689855366945267
Scene,no_mask_repeat,23456,245,-0.08880286416256826,0.4342672487178009,0.6755828261375427,0.595655620098114,0.0495917908847332
Scene,no_mask_repeat,23456,249,0.02583315852094837,0.3743535645879052,0.7992933988571167,0.41481155157089233,0.009025242179632187
Scene,no_mask_repeat,23456,282,0.19481729132806794,0.36382110974295623,0.6107159852981567,0.4556821286678314,0.10284233093261719
Scene,no_mask_repeat,23456,289,-0.06046647837003465,0.32550386116939545,0.7771056294441223,0.5843499302864075,0.08511083573102951
Scene,no_mask_repeat,23456,303,0.09342424887928652,0.48115312115565007,0.7400341033935547,0.7484257221221924,0.04686867818236351
Scene,no_mask_repeat,23456,314,0.13996266183401015,0.19892900053733403,0.8107036352157593,0.4521927237510681,-0.026242012158036232
Scene,no_mask_repeat,23456,393,-0.06650263937522333,0.35987980162839023,0.68790602684021,0.8175767064094543,0.2010168731212616
Scene,no_mask_repeat,23456,412,0.5574916971288751,0.5335314974236702,0.549494743347168,0.49392879009246826,0.10476057231426239
Scene,no_mask_repeat,23456,442,0.08338113758316501,0.3715163139384187,0.7263391017913818,0.6914628744125366,0.011443226598203182
Scene,no_mask_repeat,23456,463,0.22708940702557776,0.09401851574904316,0.7568784356117249,0.5757009983062744,0.11300966888666153
Scene,no_mask_repeat,23456,469,-0.324765573496321,0.21710146453123105,0.7593804597854614,0.46304404735565186,0.005960861220955849
Scene,no_mask_repeat,23456,486,-0.17376147906355377,0.10189567626821146,0.7479969263076782,0.5637847781181335,0.056842830032110214
Scene,no_mask_repeat,23456,491,0.3664967450191914,0.3282533717955592,0.627242386341095,0.6378249526023865,0.0031527094542980194
Scene,no_mask_repeat,23456,518,0.41674611305109466,0.5235205161154529,0.5718395113945007,0.7651863694190979,0.19893711805343628
Scene,no_mask_repeat,23456,523,0.38436236702701826,0.1616908649751832,0.6971126794815063,0.5480663776397705,0.11592742800712585
Scene,no_mask_repeat,23456,545,-0.03862925903658208,0.38471693166382787,0.7455177307128906,0.7068376541137695,0.07162782549858093
Scene,no_mask_repeat,23456,551,-0.023284412437855638,0.07487843055177007,0.7969944477081299,0.47935178875923157,-0.03712562099099159
Scene,no_mask_repeat,23456,568,0.1496095670951769,0.4649051175756264,0.694930911064148,0.8144405484199524,0.551353394985199
Scene,no_mask_repeat,23456,620,-0.2779717996912015,0.22486257350383979,0.7865769863128662,0.5230374932289124,0.28113284707069397
Scene,no_mask_repeat,23456,640,-0.13755214570042082,0.14023366740798054,0.7094775438308716,0.4062846302986145,0.07863476872444153
Scene,no_mask_repeat,23456,648,0.45160529674880956,0.28618920891361654,0.7488535046577454,0.49034368991851807,0.001736154779791832
Scene,no_mask_repeat,23456,671,-0.1533695901541611,0.3519478977605722,0.6191708445549011,0.7490791082382202,0.33062705397605896
Scene,no_mask_repeat,23456,755,0.3968925025390098,0.418125286876471,0.7323104739189148,0.6546165943145752,0.2852691113948822
Scene,no_mask_repeat,23456,811,0.006885606440949564,0.25452875275175474,0.7523469924926758,0.5611478090286255,-0.013959928415715694
Scene,no_mask_repeat,23456,821,0.3546824126561313,0.2890566442175836,0.6701188683509827,0.43765023350715637,0.04195215180516243
Scene,no_mask_repeat,23456,824,-0.10950891799585433,0.09331679763147245,0.7971824407577515,0.44713979959487915,0.032222118228673935
Scene,no_mask_repeat,23456,841,0.08781533866318865,0.24380679590043583,0.8403602838516235,0.43671914935112,0.06092875078320503
Scene,no_mask_repeat,23456,842,0.1580242540077448,0.24040936942319735,0.7050969004631042,0.7758073210716248,0.09818264096975327
Scene,no_mask_repeat,23456,850,0.06852475810575918,0.3729201549585352,0.7328816652297974,0.714592695236206,0.3166550099849701
Scene,no_mask_repeat,23456,855,0.18076937742373891,0.49083129430913525,0.7117922306060791,0.6558736562728882,0.0075111608020961285
Scene,no_mask_repeat,23456,872,-0.11684610642556242,0.07711285385591723,0.715652585029602,0.5172903537750244,0.02790290303528309
Scene,no_mask_repeat,23456,873,0.4586964150692967,0.5145808346873781,0.5739507079124451,0.503475546836853,0.07321871817111969
Scene,no_mask_repeat,23456,893,0.4063156898221792,0.2710350708842729,0.6721411347389221,0.7543891072273254,0.34159570932388306
Scene,no_mask_repeat,23456,894,-0.019184529524398412,0.2362324057785891,0.7316133975982666,0.5763069987297058,0.10275202989578247
Scene,no_mask_repeat,23456,918,0.029928208827679756,0.27896351651879986,0.6713568568229675,0.7571627497673035,0.19958561658859253
Scene,no_mask_repeat,23456,943,0.3383118087576867,0.569599149228549,0.7051742076873779,0.6115017533302307,0.14462782442569733
Scene,no_mask_repeat,23456,978,0.6139997817931951,0.5841834809092618,0.5653977394104004,0.8675819635391235,0.821709394454956
Scene,no_mask_repeat,23456,999,-0.05226904033737206,0.3313020227124965,0.6959894895553589,0.7253957986831665,0.018780674785375595
Scene,Body_unrelated_equal4_zero,34567,14,0.6724393900656414,0.5653834690552448,0.5184574127197266,0.5468078255653381,0.09544486552476883
Scene,Body_unrelated_equal4_zero,34567,15,0.0046258168923286255,0.37422840585524125,0.767349123954773,0.7557134032249451,0.2679426074028015
Scene,Body_unrelated_equal4_zero,34567,36,0.14353077185283725,0.24213978728562563,0.6694129705429077,0.7052409052848816,0.04937903955578804
Scene,Body_unrelated_equal4_zero,34567,39,-0.2956499960557255,0.32784012812629626,0.5159578919410706,0.6893912553787231,0.25114622712135315
Scene,Body_unrelated_equal4_zero,34567,126,0.1572783616139354,0.4231397989230336,0.6215051412582397,0.7813684940338135,0.3408129811286926
Scene,Body_unrelated_equal4_zero,34567,132,-0.03016883351457185,0.11537430136964046,0.6791841387748718,0.5827463865280151,0.26090481877326965
Scene,Body_unrelated_equal4_zero,34567,167,0.24396604372908862,0.12244430526617361,0.7327799797058105,0.48892778158187866,0.024111609905958176
Scene,Body_unrelated_equal4_zero,34567,196,-0.009028395068668529,0.30832554754685954,0.785443902015686,0.7272988557815552,0.06407826393842697
Scene,Body_unrelated_equal4_zero,34567,199,-0.027002296155957735,0.21113463951508554,0.7845451831817627,0.5314314365386963,0.05253562331199646
Scene,Body_unrelated_equal4_zero,34567,214,0.1330124222645222,0.33852672477303714,0.6648935079574585,0.7359932065010071,0.1431604027748108
Scene,Body_unrelated_equal4_zero,34567,241,-0.09823526730208612,0.2011820460903766,0.777282178401947,0.42583948373794556,-0.0362740121781826
Scene,Body_unrelated_equal4_zero,34567,242,0.27900728219090254,0.5339677064111108,0.655352771282196,0.530076801776886,0.042361825704574585
Scene,Body_unrelated_equal4_zero,34567,245,0.14786567410875648,0.4558175726050425,0.6791033744812012,0.5928522944450378,0.015395966358482838
Scene,Body_unrelated_equal4_zero,34567,249,-0.1642234539012229,0.3552339223569791,0.8076868653297424,0.44388824701309204,0.04227782413363457
Scene,Body_unrelated_equal4_zero,34567,282,0.12074237180130311,0.3085233064989337,0.6554708480834961,0.41824594140052795,0.14317305386066437
Scene,Body_unrelated_equal4_zero,34567,289,0.027941352736415806,0.40489592623416976,0.798724889755249,0.6481047868728638,0.06405137479305267
Scene,Body_unrelated_equal4_zero,34567,303,0.3641550948736207,0.501233006224942,0.7309088706970215,0.6968512535095215,0.06488995254039764
Scene,Body_unrelated_equal4_zero,34567,314,-0.38534340459083755,0.1646035600941059,0.8497541546821594,0.7116255164146423,0.22554658353328705
Scene,Body_unrelated_equal4_zero,34567,393,0.1228838202703067,0.3439252535796794,0.7077692747116089,0.7432916164398193,0.43399518728256226
Scene,Body_unrelated_equal4_zero,34567,412,0.47509593799117433,0.5354159218888326,0.5949453711509705,0.4240494966506958,0.09964451193809509
Scene,Body_unrelated_equal4_zero,34567,442,0.19265870751806297,0.33944785043223114,0.7084310054779053,0.7473590970039368,0.16254915297031403
Scene,Body_unrelated_equal4_zero,34567,463,0.36379580881227574,0.13118445442662036,0.7318661212921143,0.5456743836402893,0.09559127688407898
Scene,Body_unrelated_equal4_zero,34567,469,-0.2776194835157727,0.1704397919996072,0.7751027345657349,0.4297908842563629,-0.0667811930179596
Scene,Body_unrelated_equal4_zero,34567,486,0.08058119717875926,0.13654482993220646,0.8182031512260437,0.5222417116165161,0.05041356757283211
Scene,Body_unrelated_equal4_zero,34567,491,0.38793219371996246,0.3720287216485913,0.619513988494873,0.7038831114768982,0.1728106439113617
Scene,Body_unrelated_equal4_zero,34567,518,0.39863318308861284,0.5295791078068495,0.5038414597511292,0.7617151737213135,0.3186192512512207
Scene,Body_unrelated_equal4_zero,34567,523,0.31492224388689327,0.13804281468185992,0.6625469923019409,0.5542285442352295,0.1595434844493866
Scene,Body_unrelated_equal4_zero,34567,545,0.15850139267055424,0.42207707398319055,0.6900708079338074,0.7232418656349182,0.052981793880462646
Scene,Body_unrelated_equal4_zero,34567,551,0.03011319161012278,0.08779373364425364,0.7448997497558594,0.4588329792022705,0.03516564145684242
Scene,Body_unrelated_equal4_zero,34567,568,0.1650430500444232,0.4856791140891561,0.6764500141143799,0.7270526885986328,0.2567511796951294
Scene,Body_unrelated_equal4_zero,34567,620,0.0885281812683799,0.33577840218458727,0.6903777122497559,0.7370579242706299,0.37976107001304626
Scene,Body_unrelated_equal4_zero,34567,640,-0.03567118650740503,0.19487587792552852,0.775328516960144,0.6660466194152832,0.17599567770957947
Scene,Body_unrelated_equal4_zero,34567,648,0.39846494452532694,0.2653327060899479,0.7000556588172913,0.7107927799224854,0.29712799191474915
Scene,Body_unrelated_equal4_zero,34567,671,-0.23571032390947688,0.3690298935574965,0.6263551712036133,0.8151029944419861,0.44854044914245605
Scene,Body_unrelated_equal4_zero,34567,755,0.06034779120293388,0.2820397015564062,0.7234383821487427,0.7103537321090698,0.44197914004325867
Scene,Body_unrelated_equal4_zero,34567,811,-0.11445107848535659,0.24883701657989185,0.7611172199249268,0.6230208873748779,0.12514086067676544
Scene,Body_unrelated_equal4_zero,34567,821,0.1359575610691487,0.3251617342230142,0.7177809476852417,0.45312991738319397,0.009927481412887573
Scene,Body_unrelated_equal4_zero,34567,824,-0.14854116502296966,0.10954098036259509,0.8273213505744934,0.5637680292129517,0.148457869887352
Scene,Body_unrelated_equal4_zero,34567,841,0.20315544597725618,0.29067904014107726,0.8208598494529724,0.39653700590133667,0.014672787860035896
Scene,Body_unrelated_equal4_zero,34567,842,0.188980845724937,0.2925219754668675,0.7165189981460571,0.6965585947036743,0.08378654718399048
Scene,Body_unrelated_equal4_zero,34567,850,0.03656591061245704,0.2779396367912763,0.7553356289863586,0.5490714311599731,0.7061600685119629
Scene,Body_unrelated_equal4_zero,34567,855,0.30591682673210263,0.43525253523232676,0.6728757619857788,0.7033722400665283,-0.004874657839536667
Scene,Body_unrelated_equal4_zero,34567,872,-0.044319203341053964,0.0802862848392843,0.755751371383667,0.663478672504425,0.22355741262435913
Scene,Body_unrelated_equal4_zero,34567,873,0.45032738701167635,0.5320919062917285,0.5472756624221802,0.3100871741771698,0.005387229844927788
Scene,Body_unrelated_equal4_zero,34567,893,0.19111248760308194,0.21408460449214023,0.749839186668396,0.4446966350078583,0.0866459459066391
Scene,Body_unrelated_equal4_zero,34567,894,0.13639775463442408,0.37702809684901645,0.7258704900741577,0.5807610154151917,0.02781987190246582
Scene,Body_unrelated_equal4_zero,34567,918,0.0275983231184193,0.2801623558661193,0.6882851719856262,0.6933416128158569,0.24973487854003906
Scene,Body_unrelated_equal4_zero,34567,943,0.08953118789860744,0.49835300427254164,0.7016090154647827,0.5242548584938049,0.13625048100948334
Scene,Body_unrelated_equal4_zero,34567,978,0.6985834658096611,0.5352481683040136,0.5818466544151306,0.7482486963272095,0.711998701095581
Scene,Body_unrelated_equal4_zero,34567,999,0.12919397265427965,0.33026757448144306,0.7019145488739014,0.7102779150009155,0.015576893463730812
Scene,Scene_equal4_zero,34567,14,0.7425690772124024,0.5791509037829009,0.49770283699035645,0.7135363817214966,0.2841005027294159
Scene,Scene_equal4_zero,34567,15,-0.03025477970135317,0.39543800653684563,0.7407611608505249,0.8268172740936279,0.15691375732421875
Scene,Scene_equal4_zero,34567,36,0.13801439365944396,0.2387372526407427,0.6735119223594666,0.6761018633842468,0.0471823588013649
Scene,Scene_equal4_zero,34567,39,-0.2843794081544868,0.3222266504621256,0.4908548593521118,0.6444079875946045,0.3166707456111908
Scene,Scene_equal4_zero,34567,126,0.2681349185838018,0.44651099682869083,0.6599705815315247,0.7954344153404236,0.3367917835712433
Scene,Scene_equal4_zero,34567,132,-0.0320964201466784,0.11907329127297106,0.6829448938369751,0.5292618870735168,0.20293958485126495
Scene,Scene_equal4_zero,34567,167,0.26563226457495254,0.12638465907871715,0.7357804775238037,0.4653598666191101,-0.00754775945097208
Scene,Scene_equal4_zero,34567,196,-0.008090554126515352,0.3073445812368162,0.7752633094787598,0.7315934300422668,0.050877220928668976
Scene,Scene_equal4_zero,34567,199,-0.05052862588654502,0.21551676748897058,0.7931296825408936,0.5167583227157593,0.06562171131372452
Scene,Scene_equal4_zero,34567,214,0.1395797514182988,0.33700968643533813,0.6795660257339478,0.7388864755630493,0.16213715076446533
Scene,Scene_equal4_zero,34567,241,-0.10149152051153743,0.2694100699008569,0.7866203188896179,0.464718222618103,0.026234081014990807
Scene,Scene_equal4_zero,34567,242,0.25630343221980195,0.5353418314646231,0.6591025590896606,0.5530693531036377,0.08654054999351501
Scene,Scene_equal4_zero,34567,245,0.11691288623648582,0.46140794027906645,0.6923274397850037,0.5856475830078125,-0.01270317379385233
Scene,Scene_equal4_zero,34567,249,-0.1722354318796722,0.3531578430977137,0.8076457977294922,0.42540353536605835,0.030997581779956818
Scene,Scene_equal4_zero,34567,282,0.1286541126166777,0.30391557934543567,0.6302928924560547,0.5626152753829956,0.26369065046310425
Scene,Scene_equal4_zero,34567,289,0.036363053330585496,0.41189916920028435,0.8146804571151733,0.6682530641555786,-0.010146096348762512
Scene,Scene_equal4_zero,34567,303,0.38361689279442407,0.4854704343781342,0.7524024248123169,0.7499215006828308,0.050506591796875
Scene,Scene_equal4_zero,34567,314,-0.36755037384076616,0.16614930487610416,0.8513363003730774,0.7010289430618286,0.22177040576934814
Scene,Scene_equal4_zero,34567,393,0.1140821442190744,0.3415153547030965,0.7136746644973755,0.7497847676277161,0.4651922285556793
Scene,Scene_equal4_zero,34567,412,0.4036238998790431,0.5081772308343268,0.5946794152259827,0.5076513290405273,0.045298654586076736
Scene,Scene_equal4_zero,34567,442,0.2436037701941588,0.3510741001295677,0.7112979888916016,0.7386839389801025,0.18093876540660858
Scene,Scene_equal4_zero,34567,463,0.36528349539246,0.13348456928371782,0.7334076166152954,0.550287663936615,0.14116837084293365
Scene,Scene_equal4_zero,34567,469,-0.30463655942379064,0.16323108744155967,0.7898827791213989,0.4211238622665405,-0.02831806242465973
Scene,Scene_equal4_zero,34567,486,0.09214157345394146,0.13713089870577386,0.8136240839958191,0.520256519317627,0.03198542073369026
Scene,Scene_equal4_zero,34567,491,0.3659744913432264,0.376533670996727,0.6322072744369507,0.6730753183364868,0.09158328175544739
Scene,Scene_equal4_zero,34567,518,0.41710272167035295,0.5061533363357178,0.5257782340049744,0.7538201212882996,0.40912601351737976
Scene,Scene_equal4_zero,34567,523,0.32000173657080594,0.1378001351759144,0.6675302982330322,0.5223719477653503,0.11878156661987305
Scene,Scene_equal4_zero,34567,545,0.1326823734648474,0.41199959225319666,0.6702408194541931,0.7504841089248657,0.11814701557159424
Scene,Scene_equal4_zero,34567,551,0.017716368377858067,0.08896098145508817,0.7342338562011719,0.45817285776138306,0.03944114223122597
Scene,Scene_equal4_zero,34567,568,0.17065308077488617,0.4884912357389397,0.691922128200531,0.7684087753295898,0.2776789367198944
Scene,Scene_equal4_zero,34567,620,0.08374729941559297,0.32719710924380296,0.6974861025810242,0.7412620782852173,0.34295547008514404
Scene,Scene_equal4_zero,34567,640,-0.07079242880604548,0.19536895655172332,0.7850764393806458,0.6969044208526611,0.3168119788169861
Scene,Scene_equal4_zero,34567,648,0.38467314143533615,0.26666424712747766,0.7171741724014282,0.7594665288925171,0.37287792563438416
Scene,Scene_equal4_zero,34567,671,-0.25212505006673663,0.36776860982573617,0.6268632411956787,0.8167370557785034,0.4512258768081665
Scene,Scene_equal4_zero,34567,755,0.05461182636898378,0.27870603292464063,0.7273203134536743,0.758847177028656,0.46671777963638306
Scene,Scene_equal4_zero,34567,811,-0.10433179272946547,0.25024643145557723,0.7683132290840149,0.5987020134925842,0.10088561475276947
Scene,Scene_equal4_zero,34567,821,0.14245336439957065,0.32382709034652024,0.7297845482826233,0.48130524158477783,0.015474265441298485
Scene,Scene_equal4_zero,34567,824,-0.11535347498400841,0.10317117955589067,0.8080021739006042,0.5218058228492737,0.11357825249433517
Scene,Scene_equal4_zero,34567,841,0.20501437529674282,0.2896902225134839,0.8135992288589478,0.38435035943984985,0.04044237360358238
Scene,Scene_equal4_zero,34567,842,0.2300073458137538,0.3015293846306155,0.7051695585250854,0.7124001383781433,0.0957760140299797
Scene,Scene_equal4_zero,34567,850,0.04734480960807887,0.278108078857711,0.7628810405731201,0.5574061870574951,0.6921435594558716
Scene,Scene_equal4_zero,34567,855,0.28818557082198504,0.43398516791633257,0.6841146945953369,0.7444686889648438,-0.00999545305967331
Scene,Scene_equal4_zero,34567,872,-0.17551891754941834,0.08914593236638386,0.7581361532211304,0.5306368470191956,0.25549718737602234
Scene,Scene_equal4_zero,34567,873,0.4313214167974578,0.5198805571658539,0.5664544105529785,0.32890698313713074,0.08553941547870636
Scene,Scene_equal4_zero,34567,893,0.12328838148901246,0.23210341365184947,0.7826759219169617,0.5746344923973083,0.17478813230991364
Scene,Scene_equal4_zero,34567,894,0.09894573385624235,0.3836781718928238,0.762421190738678,0.6011573672294617,0.06145450845360756
Scene,Scene_equal4_zero,34567,918,0.014906429585789091,0.2734832340640001,0.6802155375480652,0.716913104057312,0.23902474343776703
Scene,Scene_equal4_zero,34567,943,0.0832141213341626,0.4951850754114639,0.6983187198638916,0.5407487750053406,0.14551468193531036
Scene,Scene_equal4_zero,34567,978,0.6849820250809244,0.5464083256354917,0.6280978918075562,0.6411433219909668,0.24407130479812622
Scene,Scene_equal4_zero,34567,999,0.14089585899551746,0.3453587568252948,0.7129319310188293,0.6622041463851929,0.006808474659919739
Scene,Scene_full_zero,34567,14,0.6312161557443702,0.5199231462020669,0.5198932886123657,0.47325971722602844,0.06781627982854843
Scene,Scene_full_zero,34567,15,-0.06617946761892134,0.39654560130962174,0.7263814806938171,0.8049710392951965,0.21476803719997406
Scene,Scene_full_zero,34567,36,0.16263598726485534,0.2421457763352478,0.6663430333137512,0.6964020729064941,0.08102680742740631
Scene,Scene_full_zero,34567,39,-0.34260843188449724,0.3386148980669426,0.5325661301612854,0.6492791175842285,0.2252586930990219
Scene,Scene_full_zero,34567,126,0.22149138532269516,0.4262567133680846,0.6678012013435364,0.7942101955413818,0.5076184272766113
Scene,Scene_full_zero,34567,132,-0.032280822431384734,0.11717346490021024,0.6634401082992554,0.5032949447631836,0.22762419283390045
Scene,Scene_full_zero,34567,167,0.2487575405958528,0.1256357776029377,0.7252773642539978,0.42813941836357117,0.023207878693938255
Scene,Scene_full_zero,34567,196,0.003200529697914397,0.3139368823471945,0.7654085159301758,0.6945635080337524,0.08987189084291458
Scene,Scene_full_zero,34567,199,-0.09167267533375965,0.22198058141485313,0.7951148748397827,0.5350091457366943,0.1346856653690338
Scene,Scene_full_zero,34567,214,0.1319545554629572,0.36949438121698175,0.7085163593292236,0.6314888000488281,0.04550882428884506
Scene,Scene_full_zero,34567,241,0.007740931857202221,0.3402062837079274,0.8330856561660767,0.4532754719257355,0.042491257190704346
Scene,Scene_full_zero,34567,242,0.3014688945576062,0.5355547786708857,0.6473503708839417,0.5379683971405029,0.040774762630462646
Scene,Scene_full_zero,34567,245,-0.035152476584092235,0.42757007047446566,0.7051605582237244,0.6405378580093384,-0.0483253076672554
Scene,Scene_full_zero,34567,249,-0.1803492135822355,0.3411658786837964,0.8154743909835815,0.41690343618392944,0.037231191992759705
Scene,Scene_full_zero,34567,282,0.15370141448713134,0.29925839283234656,0.6443692445755005,0.4415006935596466,0.06494751572608948
Scene,Scene_full_zero,34567,289,0.034190737998328904,0.41005704560001827,0.7999078035354614,0.6765114068984985,0.07233259826898575
Scene,Scene_full_zero,34567,303,0.4338924004544635,0.5006987434400976,0.7515866756439209,0.706247866153717,0.012959182262420654
Scene,Scene_full_zero,34567,314,-0.3958888542386729,0.15107767616765982,0.8395114541053772,0.6646859645843506,0.18147775530815125
Scene,Scene_full_zero,34567,393,0.11157570521986694,0.3419317854890731,0.7146525382995605,0.7636672854423523,0.4201951026916504
Scene,Scene_full_zero,34567,412,0.38544464490684355,0.48147447803275234,0.6097080707550049,0.40244221687316895,0.040327392518520355
Scene,Scene_full_zero,34567,442,0.2232094927342426,0.29814504223996574,0.7036490440368652,0.7904413342475891,0.25166553258895874
Scene,Scene_full_zero,34567,463,0.38296190301796046,0.13760319780400312,0.7244472503662109,0.5878835916519165,0.2638409733772278
Scene,Scene_full_zero,34567,469,-0.30819307273594027,0.16087945000434162,0.7836456298828125,0.41959574818611145,-0.008851717226207256
Scene,Scene_full_zero,34567,486,0.07739480670865977,0.14463083397956011,0.8124455809593201,0.5624372959136963,0.048534899950027466
Scene,Scene_full_zero,34567,491,0.36917136489401436,0.3658842162749626,0.6622313857078552,0.6330252885818481,0.1362484097480774
Scene,Scene_full_zero,34567,518,0.4394110394654112,0.5364542098882117,0.5010421276092529,0.8131134510040283,0.4822480380535126
Scene,Scene_full_zero,34567,523,0.31794210950526597,0.14736551922171337,0.6526857018470764,0.5598198175430298,0.11111807078123093
Scene,Scene_full_zero,34567,545,0.1740976401123321,0.243677830904265,0.6758897304534912,0.4835038185119629,0.05643998086452484
Scene,Scene_full_zero,34567,551,0.035038372633421876,0.08514215825975695,0.7580389380455017,0.4367581903934479,0.033303529024124146
Scene,Scene_full_zero,34567,568,0.167751689417818,0.4827381917432927,0.6854981780052185,0.7201902270317078,0.23881587386131287
Scene,Scene_full_zero,34567,620,0.14545791308725098,0.3212562648279769,0.7323649525642395,0.6976825594902039,0.2759040296077728
Scene,Scene_full_zero,34567,640,-0.04437473614254751,0.19555127091881647,0.7954099774360657,0.6578890085220337,0.10925556719303131
Scene,Scene_full_zero,34567,648,0.3811527414960727,0.27150441811944237,0.6851592659950256,0.771162211894989,0.2896207571029663
Scene,Scene_full_zero,34567,671,-0.23907435672870836,0.36575489583761817,0.619013249874115,0.7831017374992371,0.39422115683555603
Scene,Scene_full_zero,34567,755,0.05887197474116879,0.2659689821161608,0.7604151368141174,0.7538824081420898,0.39237546920776367
Scene,Scene_full_zero,34567,811,-0.11293225101898663,0.2515971316284659,0.7994162440299988,0.5836471915245056,0.16972321271896362
Scene,Scene_full_zero,34567,821,0.46046491016603497,0.3234759187804194,0.7038797736167908,0.49399369955062866,0.024530746042728424
Scene,Scene_full_zero,34567,824,-0.07059526080025008,0.08383353533226047,0.7563377022743225,0.5236428380012512,0.07347056269645691
Scene,Scene_full_zero,34567,841,0.16071448170040542,0.2822690838892185,0.8314733505249023,0.4184812605381012,0.040585730224847794
Scene,Scene_full_zero,34567,842,0.20040578946561435,0.30511887519808256,0.7374496459960938,0.6574492454528809,0.04742256924510002
Scene,Scene_full_zero,34567,850,0.02186329408727489,0.28636239061496216,0.7652541399002075,0.5203866958618164,0.6591684222221375
Scene,Scene_full_zero,34567,855,0.22576065408593246,0.4108730101512868,0.6919994354248047,0.6965713500976562,0.0387703999876976
Scene,Scene_full_zero,34567,872,-0.17932148955621113,0.08718985844240836,0.7589324116706848,0.5542812347412109,0.11623325943946838
Scene,Scene_full_zero,34567,873,0.4047122275826165,0.5187275010743077,0.6072340607643127,0.40484803915023804,0.07288257777690887
Scene,Scene_full_zero,34567,893,0.19534500742359906,0.2229762152352014,0.765247642993927,0.36760517954826355,0.054624177515506744
Scene,Scene_full_zero,34567,894,0.10123412954236771,0.37449807011497266,0.7441034317016602,0.5899806022644043,0.0496990904211998
Scene,Scene_full_zero,34567,918,0.03672751783805938,0.29125554808868664,0.6698294281959534,0.69083571434021,0.3388681411743164
Scene,Scene_full_zero,34567,943,0.059040436353093244,0.49922783544698707,0.6991264820098877,0.532306969165802,0.1654801070690155
Scene,Scene_full_zero,34567,978,0.6734040193194792,0.545249229443778,0.6629139184951782,0.598190188407898,0.3290078341960907
Scene,Scene_full_zero,34567,999,0.1417951152843626,0.34139419223813694,0.6790289878845215,0.6906830668449402,0.009281529113650322
Scene,Scene_random_equal4_01_zero,34567,14,0.754704655119017,0.5775907431712671,0.48222434520721436,0.7416676878929138,0.32089963555336
Scene,Scene_random_equal4_01_zero,34567,15,-0.044437820143349877,0.40302531744558795,0.7359899282455444,0.8169722557067871,0.13859552145004272
Scene,Scene_random_equal4_01_zero,34567,36,0.1438339874279365,0.24170612697110902,0.6725411415100098,0.696532130241394,0.056739725172519684
Scene,Scene_random_equal4_01_zero,34567,39,-0.2875832659081711,0.31977229250259387,0.4868418574333191,0.6643668413162231,0.36087489128112793
Scene,Scene_random_equal4_01_zero,34567,126,0.26973973304830134,0.44862945500245877,0.6607385873794556,0.8025699853897095,0.36136579513549805
Scene,Scene_random_equal4_01_zero,34567,132,-0.03195616291743666,0.11872195923160578,0.6758633852005005,0.6207001805305481,0.29632556438446045
Scene,Scene_random_equal4_01_zero,34567,167,0.24726089316852942,0.1295998766103463,0.7362352013587952,0.4781000018119812,0.008871108293533325
Scene,Scene_random_equal4_01_zero,34567,196,-0.006128709225165489,0.3102078309338868,0.7838150858879089,0.7340478301048279,0.056873541325330734
Scene,Scene_random_equal4_01_zero,34567,199,-0.0638732283837193,0.21762552131117807,0.799564778804779,0.5527565479278564,0.06107553839683533
Scene,Scene_random_equal4_01_zero,34567,214,0.14081316801867008,0.3365445417888225,0.6725273132324219,0.7350274324417114,0.08436374366283417
Scene,Scene_random_equal4_01_zero,34567,241,-0.08809258425597874,0.225714534836778,0.7686963677406311,0.4610307216644287,0.018380220979452133
Scene,Scene_random_equal4_01_zero,34567,242,0.2725971016517058,0.534802146030478,0.649853527545929,0.5408254265785217,0.12124697864055634
Scene,Scene_random_equal4_01_zero,34567,245,0.12492634523799272,0.4635263959037603,0.6909530758857727,0.6129521727561951,0.004420113749802113
Scene,Scene_random_equal4_01_zero,34567,249,-0.16094704204042268,0.3505533259485463,0.8038939833641052,0.3901546597480774,0.021206362172961235
Scene,Scene_random_equal4_01_zero,34567,282,0.12772473542037502,0.30673930815371825,0.6337200999259949,0.4802238345146179,0.274693101644516
Scene,Scene_random_equal4_01_zero,34567,289,0.040500573382992365,0.40239181976283106,0.806719183921814,0.6557369232177734,0.007428483106195927
Scene,Scene_random_equal4_01_zero,34567,303,0.3817258464442758,0.4893002283188623,0.7560937404632568,0.7483648061752319,0.045150768011808395
Scene,Scene_random_equal4_01_zero,34567,314,-0.37877275107500624,0.16253866963172464,0.8517856001853943,0.6987811923027039,0.22883667051792145
Scene,Scene_random_equal4_01_zero,34567,393,0.10677875189085954,0.3397152783811055,0.7105394601821899,0.773975670337677,0.4763423502445221
Scene,Scene_random_equal4_01_zero,34567,412,0.39492797182699896,0.5087573805995436,0.5974123477935791,0.4091119170188904,0.0857517421245575
Scene,Scene_random_equal4_01_zero,34567,442,0.2184499526532587,0.3368742446725692,0.7251059412956238,0.7126620411872864,0.13923637568950653
Scene,Scene_random_equal4_01_zero,34567,463,0.36062063220755913,0.12949685789136448,0.7343111038208008,0.5105153322219849,0.06933949887752533
Scene,Scene_random_equal4_01_zero,34567,469,-0.29585584500510237,0.16904706912265358,0.777053952217102,0.4247674345970154,-0.030789196491241455
Scene,Scene_random_equal4_01_zero,34567,486,0.09454399082411916,0.13737819352676814,0.8062614798545837,0.5085872411727905,0.04827229678630829
Scene,Scene_random_equal4_01_zero,34567,491,0.36780097369667797,0.3768778740142831,0.6423987746238708,0.6542263031005859,0.07974333316087723
Scene,Scene_random_equal4_01_zero,34567,518,0.356151730127358,0.3909512053336361,0.5984094142913818,0.7432512044906616,0.53407222032547
Scene,Scene_random_equal4_01_zero,34567,523,0.32421451876005997,0.1481279511631696,0.6435410976409912,0.6054859757423401,0.15617720782756805
Scene,Scene_random_equal4_01_zero,34567,545,0.12861431087316097,0.41018457295677646,0.6742042899131775,0.7242172360420227,0.07075246423482895
Scene,Scene_random_equal4_01_zero,34567,551,0.003434109912648419,0.08741741088968794,0.7471519112586975,0.46423932909965515,0.009978927671909332
Scene,Scene_random_equal4_01_zero,34567,568,0.17457874808190815,0.491058722140839,0.6895995140075684,0.6869664788246155,0.21337305009365082
Scene,Scene_random_equal4_01_zero,34567,620,0.08290679515520313,0.3420743453903806,0.6869543194770813,0.7481594085693359,0.38259202241897583
Scene,Scene_random_equal4_01_zero,34567,640,-0.07025192782505761,0.19589419565345606,0.7773579955101013,0.6272523403167725,0.08970143646001816
Scene,Scene_random_equal4_01_zero,34567,648,0.37985034729444445,0.2680501837587329,0.7078903913497925,0.7573637962341309,0.3703594505786896
Scene,Scene_random_equal4_01_zero,34567,671,-0.21600053955313045,0.3716694683169735,0.6069918870925903,0.7606427073478699,0.35590532422065735
Scene,Scene_random_equal4_01_zero,34567,755,0.05351108158544873,0.2762633655583399,0.7302318215370178,0.7696701288223267,0.4588265120983124
Scene,Scene_random_equal4_01_zero,34567,811,-0.11138355922769111,0.24646392028837638,0.7736325860023499,0.6299853920936584,0.07231315225362778
Scene,Scene_random_equal4_01_zero,34567,821,0.09146541581296537,0.31491666400401414,0.7398146390914917,0.4615342915058136,0.01015315018594265
Scene,Scene_random_equal4_01_zero,34567,824,-0.11698546979974943,0.10161441309065326,0.8003538846969604,0.5138444900512695,0.16381458938121796
Scene,Scene_random_equal4_01_zero,34567,841,0.2005119393582079,0.2897411872376895,0.818805456161499,0.3955362141132355,0.01696718856692314
Scene,Scene_random_equal4_01_zero,34567,842,0.19757577357714096,0.29046247324061025,0.7258198261260986,0.7120253443717957,0.04646120220422745
Scene,Scene_random_equal4_01_zero,34567,850,0.04895382968797522,0.27464540428170214,0.7685447335243225,0.5782957077026367,0.6985598802566528
Scene,Scene_random_equal4_01_zero,34567,855,0.28402503214468544,0.4353751970422174,0.6739112734794617,0.7117165923118591,-0.0006505195051431656
Scene,Scene_random_equal4_01_zero,34567,872,-0.1317063624545413,0.09032319779838331,0.7637747526168823,0.6175765991210938,0.28186777234077454
Scene,Scene_random_equal4_01_zero,34567,873,0.4828366135760809,0.5155481250714983,0.5693769454956055,0.365993857383728,0.09505652636289597
Scene,Scene_random_equal4_01_zero,34567,893,0.09410803030521402,0.2101727863539164,0.7804379463195801,0.4488452672958374,0.10804376006126404
Scene,Scene_random_equal4_01_zero,34567,894,0.15422693685248956,0.3813332039347931,0.7227330803871155,0.5921682119369507,0.0638563260436058
Scene,Scene_random_equal4_01_zero,34567,918,0.02603531206353054,0.27576010334218765,0.6753628253936768,0.7046659588813782,0.234169602394104
Scene,Scene_random_equal4_01_zero,34567,943,0.08137304738233764,0.49502420547592363,0.7006476521492004,0.5392022728919983,0.16728058457374573
Scene,Scene_random_equal4_01_zero,34567,978,0.6858426039643546,0.5498781677012158,0.6293568015098572,0.6398088932037354,0.2515171766281128
Scene,Scene_random_equal4_01_zero,34567,999,0.1380419749123008,0.3474307653241752,0.6948622465133667,0.6797327995300293,0.022430408746004105
Scene,Scene_random_equal4_02_zero,34567,14,0.7047735878791298,0.5630725740864777,0.4928975999355316,0.5710273385047913,0.1859641820192337
Scene,Scene_random_equal4_02_zero,34567,15,-0.034665122505907246,0.39185179078171456,0.7402335405349731,0.7939165830612183,0.123344786465168
Scene,Scene_random_equal4_02_zero,34567,36,0.13925922052971768,0.2429995783993981,0.6770946979522705,0.6752001047134399,0.05152542516589165
Scene,Scene_random_equal4_02_zero,34567,39,-0.2890056044686469,0.31953565215479307,0.49394547939300537,0.6558218002319336,0.2631528973579407
Scene,Scene_random_equal4_02_zero,34567,126,0.13612443959140996,0.4229853349374039,0.6359442472457886,0.813784122467041,0.3504578769207001
Scene,Scene_random_equal4_02_zero,34567,132,-0.016973525560965957,0.11941481193527398,0.6853101849555969,0.5625643730163574,0.26608479022979736
Scene,Scene_random_equal4_02_zero,34567,167,0.24811916471513795,0.1251163111521848,0.7409941554069519,0.4690237045288086,0.038940392434597015
Scene,Scene_random_equal4_02_zero,34567,196,-0.004825698181230903,0.3132284520970094,0.7708938717842102,0.7179797291755676,0.05032578855752945
Scene,Scene_random_equal4_02_zero,34567,199,-0.04100407285122068,0.21378219232263904,0.7880446910858154,0.5468855500221252,0.07340352982282639
Scene,Scene_random_equal4_02_zero,34567,214,0.13087987052208266,0.33607542239917465,0.6770508289337158,0.7632721066474915,0.14517778158187866
Scene,Scene_random_equal4_02_zero,34567,241,-0.10037046937797832,0.21192198507559307,0.7805030345916748,0.4433066248893738,-0.012303732335567474
Scene,Scene_random_equal4_02_zero,34567,242,0.27422772250986643,0.5318936078856525,0.6517478823661804,0.5269947648048401,0.08053397387266159
Scene,Scene_random_equal4_02_zero,34567,245,0.13705993508754236,0.46806898403053093,0.6969820857048035,0.6036391258239746,0.022712498903274536
Scene,Scene_random_equal4_02_zero,34567,249,-0.16471800590500896,0.3577944099938996,0.8098430037498474,0.41272905468940735,0.030907250940799713
Scene,Scene_random_equal4_02_zero,34567,282,0.12790184118510034,0.31636089554671903,0.6259921193122864,0.648361086845398,0.4769514799118042
Scene,Scene_random_equal4_02_zero,34567,289,0.07904655360255357,0.40605130909849163,0.7970133423805237,0.6878160238265991,0.006024898029863834
Scene,Scene_random_equal4_02_zero,34567,303,0.37689235159742546,0.5040690777629637,0.7248830199241638,0.6749486327171326,0.04764560982584953
Scene,Scene_random_equal4_02_zero,34567,314,-0.36567460670516155,0.16609355110998938,0.848884105682373,0.6953650712966919,0.22905996441841125
Scene,Scene_random_equal4_02_zero,34567,393,0.12080373159263173,0.3482336673769884,0.7119481563568115,0.7460858821868896,0.461772084236145
Scene,Scene_random_equal4_02_zero,34567,412,0.400484439400306,0.5029597472488281,0.5876343250274658,0.43319928646087646,0.03288019821047783
Scene,Scene_random_equal4_02_zero,34567,442,0.2161511605326621,0.3260399925128948,0.7120734453201294,0.8132783770561218,0.19941523671150208
Scene,Scene_random_equal4_02_zero,34567,463,0.3640128838781757,0.13258084614692778,0.7334926128387451,0.5574336647987366,0.11337558925151825
Scene,Scene_random_equal4_02_zero,34567,469,-0.29266844849521795,0.16769743261971815,0.7688011527061462,0.42261821031570435,0.004329942166805267
Scene,Scene_random_equal4_02_zero,34567,486,0.09446783110310665,0.14393587531097096,0.8020294904708862,0.5341488122940063,0.06605291366577148
Scene,Scene_random_equal4_02_zero,34567,491,0.37547228644593006,0.37925834806303865,0.6359551548957825,0.6828596591949463,0.15450140833854675
Scene,Scene_random_equal4_02_zero,34567,518,0.4180036009480895,0.521270633524715,0.5100569128990173,0.7720397114753723,0.39169323444366455
Scene,Scene_random_equal4_02_zero,34567,523,0.32158055529611534,0.14130135770446942,0.6476402282714844,0.5778241157531738,0.14129877090454102
Scene,Scene_random_equal4_02_zero,34567,545,0.1230593604533383,0.4315240175768212,0.7185434699058533,0.7288588285446167,0.024652887135744095
Scene,Scene_random_equal4_02_zero,34567,551,0.01881959107904829,0.08825609325273377,0.7328274250030518,0.46220099925994873,0.02408267930150032
Scene,Scene_random_equal4_02_zero,34567,568,0.1654704752192613,0.4817192403107824,0.6743955016136169,0.7016448378562927,0.2680166959762573
Scene,Scene_random_equal4_02_zero,34567,620,0.07518788889009913,0.3310018336169318,0.6923513412475586,0.7564216256141663,0.3402698040008545
Scene,Scene_random_equal4_02_zero,34567,640,-0.055266530591917114,0.1965084726028653,0.77627032995224,0.6420390605926514,0.14782020449638367
Scene,Scene_random_equal4_02_zero,34567,648,0.3845440855395596,0.2648158730661698,0.7064536809921265,0.7682202458381653,0.4090403914451599
Scene,Scene_random_equal4_02_zero,34567,671,-0.22412963289410093,0.36511867130971043,0.614059329032898,0.7667850255966187,0.4265601336956024
Scene,Scene_random_equal4_02_zero,34567,755,0.03987244190652691,0.2819981915167955,0.737995982170105,0.7569522857666016,0.4396732449531555
Scene,Scene_random_equal4_02_zero,34567,811,-0.11903145624109317,0.25023241206843433,0.7693690657615662,0.5926410555839539,0.10661200433969498
Scene,Scene_random_equal4_02_zero,34567,821,0.10454019135778696,0.3192828043104619,0.6983933448791504,0.47501251101493835,-0.0035208892077207565
Scene,Scene_random_equal4_02_zero,34567,824,-0.1252300959941034,0.10478768069438452,0.8157138824462891,0.5152992606163025,0.12585368752479553
Scene,Scene_random_equal4_02_zero,34567,841,0.19366771688872597,0.27077071076659287,0.7976464033126831,0.41697558760643005,0.04745496064424515
Scene,Scene_random_equal4_02_zero,34567,842,0.17502747437211244,0.28629446852132284,0.7011767625808716,0.6828747987747192,0.08668194711208344
Scene,Scene_random_equal4_02_zero,34567,850,0.055146589132633525,0.27669877778882057,0.7637026309967041,0.5350126028060913,0.6807961463928223
Scene,Scene_random_equal4_02_zero,34567,855,0.28297196175810974,0.4388206891584804,0.6840317845344543,0.6673130989074707,-0.01406086329370737
Scene,Scene_random_equal4_02_zero,34567,872,-0.09957035853681091,0.08345791832000404,0.7542518377304077,0.6940956115722656,0.22679585218429565
Scene,Scene_random_equal4_02_zero,34567,873,0.43952502518125275,0.5186336897337898,0.5705878734588623,0.3397035002708435,0.01647312007844448
Scene,Scene_random_equal4_02_zero,34567,893,0.1900791998015309,0.2115400260159932,0.743926465511322,0.4611876606941223,0.05233258008956909
Scene,Scene_random_equal4_02_zero,34567,894,0.10140221790212921,0.37446652966115185,0.7523632049560547,0.6277766823768616,0.059346746653318405
Scene,Scene_random_equal4_02_zero,34567,918,-0.023851941496448665,0.27459293575453664,0.6881782412528992,0.7208285331726074,0.24133408069610596
Scene,Scene_random_equal4_02_zero,34567,943,0.09036767846656099,0.49860319113226037,0.7011597156524658,0.5272166728973389,0.14919447898864746
Scene,Scene_random_equal4_02_zero,34567,978,0.6817633361689243,0.5426574919211606,0.6301963925361633,0.6781948804855347,0.6083532571792603
Scene,Scene_random_equal4_02_zero,34567,999,0.13985476385766624,0.34086350277533045,0.6928174495697021,0.6999576091766357,0.03504626452922821
Scene,Scene_random_equal4_03_zero,34567,14,0.7510057133960827,0.5802032056854898,0.47594109177589417,0.7068312764167786,0.21676845848560333
Scene,Scene_random_equal4_03_zero,34567,15,-0.03438570335887434,0.39568102626814333,0.7344392538070679,0.8083447813987732,0.1815241277217865
Scene,Scene_random_equal4_03_zero,34567,36,0.13848795406685996,0.2426659911465852,0.6772030591964722,0.688953697681427,0.0648517906665802
Scene,Scene_random_equal4_03_zero,34567,39,-0.28506272591707427,0.32032633331672017,0.48101356625556946,0.6425169706344604,0.30636298656463623
Scene,Scene_random_equal4_03_zero,34567,126,0.25758133947606937,0.4361359215918509,0.6623537540435791,0.810894787311554,0.40072542428970337
Scene,Scene_random_equal4_03_zero,34567,132,-0.017575628984522907,0.12442329018444001,0.6827661395072937,0.5847476720809937,0.3735332489013672
Scene,Scene_random_equal4_03_zero,34567,167,0.2439804750301136,0.12268405702111095,0.7476857900619507,0.44948697090148926,-0.00728360190987587
Scene,Scene_random_equal4_03_zero,34567,196,-0.00923876310865704,0.3069867666480388,0.794922411441803,0.7182151079177856,0.06038186699151993
Scene,Scene_random_equal4_03_zero,34567,199,-0.04199737678835391,0.21733566478329763,0.7943181395530701,0.5073437690734863,0.0764337033033371
Scene,Scene_random_equal4_03_zero,34567,214,0.13135109338694217,0.3447425348511824,0.6772636771202087,0.7045581936836243,0.11482400447130203
Scene,Scene_random_equal4_03_zero,34567,241,-0.07881472580363405,0.21615663120126039,0.7748173475265503,0.43149298429489136,-0.004551771096885204
Scene,Scene_random_equal4_03_zero,34567,242,0.2644139383560053,0.5362382027183588,0.6338702440261841,0.5081427097320557,0.08949410915374756
Scene,Scene_random_equal4_03_zero,34567,245,0.13863399681886232,0.4608739254967204,0.6923216581344604,0.6005375385284424,0.006027519702911377
Scene,Scene_random_equal4_03_zero,34567,249,-0.1591894564082977,0.3591241387317283,0.8038027882575989,0.41005614399909973,0.02975177764892578
Scene,Scene_random_equal4_03_zero,34567,282,0.1207514633345572,0.30924697129311757,0.6325992941856384,0.4788154661655426,0.1465100347995758
Scene,Scene_random_equal4_03_zero,34567,289,0.05795640835522751,0.4133588456985812,0.8015807867050171,0.6902058720588684,0.0158553309738636
Scene,Scene_random_equal4_03_zero,34567,303,0.3759583115498457,0.4990882697729315,0.7650133371353149,0.732000470161438,0.03665558993816376
Scene,Scene_random_equal4_03_zero,34567,314,-0.3831594844041969,0.16766367302050253,0.8278371691703796,0.6856460571289062,0.18409892916679382
Scene,Scene_random_equal4_03_zero,34567,393,0.11683416962699611,0.3432377829604566,0.7146470546722412,0.7824005484580994,0.43510961532592773
Scene,Scene_random_equal4_03_zero,34567,412,0.40849850433396073,0.5068352175109484,0.5863116979598999,0.4230673313140869,0.03552493453025818
Scene,Scene_random_equal4_03_zero,34567,442,0.20889925067129844,0.3230771757597906,0.706925094127655,0.8212248086929321,0.15087492763996124
Scene,Scene_random_equal4_03_zero,34567,463,0.37517519305681163,0.13263098927969252,0.7380148768424988,0.5512422919273376,0.14014118909835815
Scene,Scene_random_equal4_03_zero,34567,469,-0.30444316166741936,0.16312818827204095,0.78207927942276,0.4104039669036865,-0.032569337636232376
Scene,Scene_random_equal4_03_zero,34567,486,0.09183655468056624,0.1353551935847803,0.8154710531234741,0.5363632440567017,0.029615748673677444
Scene,Scene_random_equal4_03_zero,34567,491,0.35854171372593013,0.37832717097495033,0.6419087052345276,0.6472533345222473,0.05732240155339241
Scene,Scene_random_equal4_03_zero,34567,518,0.41922273246182523,0.5176211556590642,0.5202680230140686,0.7222235798835754,0.40933316946029663
Scene,Scene_random_equal4_03_zero,34567,523,0.3207318774625091,0.1404874827022564,0.6460613012313843,0.5582467913627625,0.14070232212543488
Scene,Scene_random_equal4_03_zero,34567,545,0.1352627776472903,0.4077092153447055,0.6733965277671814,0.7325611114501953,0.04078898951411247
Scene,Scene_random_equal4_03_zero,34567,551,0.021551211929787976,0.08831624277567608,0.7353553175926208,0.4519253969192505,0.012068500742316246
Scene,Scene_random_equal4_03_zero,34567,568,0.1608757585731922,0.4783285439358586,0.6890692710876465,0.7043404579162598,0.2713477313518524
Scene,Scene_random_equal4_03_zero,34567,620,0.05444552001911647,0.3510395557667911,0.696292519569397,0.7657804489135742,0.2632254660129547
Scene,Scene_random_equal4_03_zero,34567,640,-0.06444273346596653,0.1905493161022558,0.8163802623748779,0.6444979906082153,0.1586690992116928
Scene,Scene_random_equal4_03_zero,34567,648,0.388406528499566,0.2632733768099848,0.7019200325012207,0.7583150863647461,0.4316893517971039
Scene,Scene_random_equal4_03_zero,34567,671,-0.22885344329139914,0.36813208093949196,0.6184093356132507,0.7944478988647461,0.47304949164390564
Scene,Scene_random_equal4_03_zero,34567,755,0.06283284918112174,0.28057141430942467,0.7544367909431458,0.7246211171150208,0.46715593338012695
Scene,Scene_random_equal4_03_zero,34567,811,-0.10759199517755944,0.2501537894288287,0.7545918822288513,0.6125404834747314,0.10741765052080154
Scene,Scene_random_equal4_03_zero,34567,821,0.11413803107544866,0.3230119407780636,0.7199957966804504,0.4839744567871094,0.0036875559017062187
Scene,Scene_random_equal4_03_zero,34567,824,-0.13168075499636542,0.10521492481727285,0.8173950910568237,0.5523201823234558,0.13221442699432373
Scene,Scene_random_equal4_03_zero,34567,841,0.26188876740435285,0.30290398383876177,0.8089480400085449,0.37398168444633484,0.013414906337857246
Scene,Scene_random_equal4_03_zero,34567,842,0.18034262078832786,0.28817788812759704,0.7098880410194397,0.7020332217216492,0.10847102850675583
Scene,Scene_random_equal4_03_zero,34567,850,0.039456350285417774,0.2731635814669239,0.7566639184951782,0.5630548000335693,0.7018656730651855
Scene,Scene_random_equal4_03_zero,34567,855,0.3061938749635542,0.4506247261227685,0.6750534772872925,0.6931643486022949,0.0036218389868736267
Scene,Scene_random_equal4_03_zero,34567,872,-0.027511155536812867,0.08171121488129883,0.7571545839309692,0.6486541628837585,0.10114564001560211
Scene,Scene_random_equal4_03_zero,34567,873,0.43890807905323215,0.5231098611842803,0.5705634355545044,0.39750567078590393,0.09062780439853668
Scene,Scene_random_equal4_03_zero,34567,893,0.12137512225108812,0.21555218088392653,0.7884362936019897,0.41271743178367615,0.09441326558589935
Scene,Scene_random_equal4_03_zero,34567,894,0.10414810903575644,0.38158677273992786,0.7566937804222107,0.5990102291107178,0.08898135274648666
Scene,Scene_random_equal4_03_zero,34567,918,0.015408214872059732,0.28608832597856976,0.6725314259529114,0.6704039573669434,0.1446436047554016
Scene,Scene_random_equal4_03_zero,34567,943,0.0897720634218621,0.4987377319469976,0.7045083045959473,0.5339605212211609,0.15227866172790527
Scene,Scene_random_equal4_03_zero,34567,978,0.6863589502621646,0.5464945520921513,0.6381590366363525,0.6442753076553345,0.200481578707695
Scene,Scene_random_equal4_03_zero,34567,999,0.14081345343959828,0.34084978560572987,0.7065625190734863,0.6449577808380127,0.021425794810056686
Scene,Scene_random_equal4_04_zero,34567,14,0.7478292837434406,0.5742506727317113,0.49974262714385986,0.7193151116371155,0.25650617480278015
Scene,Scene_random_equal4_04_zero,34567,15,-0.03049398951616035,0.4028714621308988,0.7409449219703674,0.8223803639411926,0.166241854429245
Scene,Scene_random_equal4_04_zero,34567,36,0.14333649885563815,0.23634425959311645,0.6688313484191895,0.6906032562255859,0.056955136358737946
Scene,Scene_random_equal4_04_zero,34567,39,-0.28025040124578726,0.3217899729067191,0.4937745928764343,0.6416093111038208,0.3209109902381897
Scene,Scene_random_equal4_04_zero,34567,126,0.2683585584206644,0.44804595102363987,0.6602734327316284,0.8053597211837769,0.33811384439468384
Scene,Scene_random_equal4_04_zero,34567,132,-0.029609266970831914,0.12017696403254725,0.6663800477981567,0.615809440612793,0.2275560051202774
Scene,Scene_random_equal4_04_zero,34567,167,0.25689792401914885,0.12744545989350775,0.7352919578552246,0.4732593297958374,0.020738141611218452
Scene,Scene_random_equal4_04_zero,34567,196,-0.0005858109709449159,0.31043221986077874,0.7880967259407043,0.7167540192604065,0.034637611359357834
Scene,Scene_random_equal4_04_zero,34567,199,-0.05808837910349761,0.21677261769654657,0.7932854890823364,0.5504182577133179,0.07091036438941956
Scene,Scene_random_equal4_04_zero,34567,214,0.14463310728130058,0.33743822806186374,0.6694325804710388,0.7460005283355713,0.11381684243679047
Scene,Scene_random_equal4_04_zero,34567,241,-0.0852613318820014,0.2229319481341892,0.7725472450256348,0.4511059820652008,0.029430434107780457
Scene,Scene_random_equal4_04_zero,34567,242,0.27074169748056276,0.5329143923671544,0.6563225388526917,0.5138803124427795,0.11011252552270889
Scene,Scene_random_equal4_04_zero,34567,245,0.12184004486503258,0.4616085259777118,0.6926022171974182,0.6233005523681641,0.02321486547589302
Scene,Scene_random_equal4_04_zero,34567,249,-0.16327485338850778,0.3592019975778525,0.8080846667289734,0.4182901680469513,0.035953089594841
Scene,Scene_random_equal4_04_zero,34567,282,0.12894835571701957,0.30511208184791927,0.6338233947753906,0.5040827989578247,0.30918723344802856
Scene,Scene_random_equal4_04_zero,34567,289,0.04317357786729904,0.4030264550526263,0.8102606534957886,0.6629889011383057,0.009003533981740475
Scene,Scene_random_equal4_04_zero,34567,303,0.37343770692988787,0.48507388647641486,0.7472155094146729,0.7587730884552002,0.029029952362179756
Scene,Scene_random_equal4_04_zero,34567,314,-0.3873708088442679,0.1614399136192127,0.849163293838501,0.6782715916633606,0.18546324968338013
Scene,Scene_random_equal4_04_zero,34567,393,0.1068637752681782,0.33938174400773585,0.709428071975708,0.7609410285949707,0.4775904715061188
Scene,Scene_random_equal4_04_zero,34567,412,0.3925734611819738,0.507978337095648,0.5970479249954224,0.44326621294021606,0.06375343352556229
Scene,Scene_random_equal4_04_zero,34567,442,0.24528327362684688,0.3621179403384279,0.694441556930542,0.7411895394325256,0.18263547122478485
Scene,Scene_random_equal4_04_zero,34567,463,0.35437000884226116,0.12598777904425187,0.7286731004714966,0.5121642351150513,0.08609770238399506
Scene,Scene_random_equal4_04_zero,34567,469,-0.2915437632885125,0.16892161801453928,0.7769243121147156,0.4254232943058014,-0.05096428096294403
Scene,Scene_random_equal4_04_zero,34567,486,0.08786200079125389,0.13857808255975015,0.8062840700149536,0.5314700603485107,0.03909110650420189
Scene,Scene_random_equal4_04_zero,34567,491,0.36809567503521307,0.3771094131317011,0.6409693360328674,0.66595059633255,0.04488716274499893
Scene,Scene_random_equal4_04_zero,34567,518,0.36422246113345036,0.3963229391339515,0.5876860022544861,0.76380455493927,0.49784040451049805
Scene,Scene_random_equal4_04_zero,34567,523,0.307340740599191,0.13925488830342947,0.6253529787063599,0.6012130379676819,0.15750199556350708
Scene,Scene_random_equal4_04_zero,34567,545,0.13116178304738169,0.40959218795985153,0.678273618221283,0.7292141318321228,0.07834958285093307
Scene,Scene_random_equal4_04_zero,34567,551,0.007049068099074694,0.08793875145030057,0.7434351444244385,0.4593983292579651,0.026884539052844048
Scene,Scene_random_equal4_04_zero,34567,568,0.1758377367487328,0.49024747716563466,0.6781207919120789,0.7437049150466919,0.24652746319770813
Scene,Scene_random_equal4_04_zero,34567,620,0.0913877512307406,0.3389700260374951,0.6921192407608032,0.7677679061889648,0.39947909116744995
Scene,Scene_random_equal4_04_zero,34567,640,-0.06809580156840055,0.19625387198554967,0.7865769267082214,0.6744883060455322,0.10402770340442657
Scene,Scene_random_equal4_04_zero,34567,648,0.3786581697154481,0.26813650350831897,0.7026435136795044,0.7670125365257263,0.37027180194854736
Scene,Scene_random_equal4_04_zero,34567,671,-0.22052429225157022,0.3687277469593789,0.6083049178123474,0.7551235556602478,0.3737257122993469
Scene,Scene_random_equal4_04_zero,34567,755,0.048351909288360646,0.27483754632838175,0.7321738004684448,0.7561478018760681,0.4421006143093109
Scene,Scene_random_equal4_04_zero,34567,811,-0.11263934098184901,0.2480337210301441,0.7812371850013733,0.5935308337211609,0.08241540193557739
Scene,Scene_random_equal4_04_zero,34567,821,0.11100402510981063,0.31679777273353354,0.7413007616996765,0.48149409890174866,0.02194622904062271
Scene,Scene_random_equal4_04_zero,34567,824,-0.11558547117508453,0.10164093295133253,0.8042479157447815,0.536655068397522,0.14045748114585876
Scene,Scene_random_equal4_04_zero,34567,841,0.201747917360221,0.29142926034638844,0.8189519047737122,0.3931169807910919,0.017922483384609222
Scene,Scene_random_equal4_04_zero,34567,842,0.20001758518071613,0.2911800421111146,0.7307393550872803,0.7054144144058228,0.04764041677117348
Scene,Scene_random_equal4_04_zero,34567,850,0.049970490058992824,0.2728775594988783,0.765911340713501,0.5759345889091492,0.6968321204185486
Scene,Scene_random_equal4_04_zero,34567,855,0.2795689872876977,0.4348131360525529,0.6885371804237366,0.7075853943824768,-0.0010439269244670868
Scene,Scene_random_equal4_04_zero,34567,872,-0.13173809132232242,0.09027017875271491,0.76537024974823,0.6163908243179321,0.28088364005088806
Scene,Scene_random_equal4_04_zero,34567,873,0.46948642405571356,0.5186051766045128,0.5667649507522583,0.3456634283065796,0.05403468757867813
Scene,Scene_random_equal4_04_zero,34567,893,0.09996646735824065,0.2097459883301802,0.7909818291664124,0.4416672885417938,0.07799356430768967
Scene,Scene_random_equal4_04_zero,34567,894,0.15609755956727878,0.38267837909893543,0.7306118011474609,0.5908504724502563,0.06120343506336212
Scene,Scene_random_equal4_04_zero,34567,918,0.02676936747763199,0.2790625731379922,0.6761050224304199,0.7101708650588989,0.22377148270606995
Scene,Scene_random_equal4_04_zero,34567,943,0.07608284661979225,0.49587759749658805,0.6718755960464478,0.525209367275238,0.18583990633487701
Scene,Scene_random_equal4_04_zero,34567,978,0.6882100442098321,0.54933169192528,0.6245304346084595,0.6524182558059692,0.2506412863731384
Scene,Scene_random_equal4_04_zero,34567,999,0.14485146775709157,0.3464963462736925,0.6978857517242432,0.6828217506408691,0.026912130415439606
Scene,Scene_random_equal4_05_zero,34567,14,0.606097573757425,0.49605651993322364,0.5430148243904114,0.779154360294342,0.37286970019340515
Scene,Scene_random_equal4_05_zero,34567,15,-0.02352257441111787,0.40455058930129584,0.7309793829917908,0.809705913066864,0.1753658801317215
Scene,Scene_random_equal4_05_zero,34567,36,0.12414559415659214,0.2173460602824002,0.6684298515319824,0.7183973789215088,0.08105848729610443
Scene,Scene_random_equal4_05_zero,34567,39,-0.19920192727178418,0.31879270685351796,0.46792083978652954,0.6798595786094666,0.34085649251937866
Scene,Scene_random_equal4_05_zero,34567,126,0.14688360124808528,0.40304378319448514,0.6679292917251587,0.7872686982154846,0.3409065008163452
Scene,Scene_random_equal4_05_zero,34567,132,-0.03051697663643895,0.11622395193365388,0.6775885820388794,0.5757653713226318,0.2867433428764343
Scene,Scene_random_equal4_05_zero,34567,167,0.23982294866204185,0.12357528804049263,0.7384308576583862,0.48722800612449646,0.017691755667328835
Scene,Scene_random_equal4_05_zero,34567,196,0.005039157198788205,0.32396132972230174,0.7591047883033752,0.6947020292282104,0.0611056387424469
Scene,Scene_random_equal4_05_zero,34567,199,0.1539537109010007,0.18497897379102915,0.7949917912483215,0.6034544706344604,-0.02683274634182453
Scene,Scene_random_equal4_05_zero,34567,214,0.13040678228210892,0.3479175021309814,0.681901752948761,0.6466745734214783,0.06186496466398239
Scene,Scene_random_equal4_05_zero,34567,241,-0.09725401883365953,0.21331773286862107,0.7775365114212036,0.47309210896492004,0.05290114879608154
Scene,Scene_random_equal4_05_zero,34567,242,0.2665492292247186,0.5291606655727884,0.6486812233924866,0.5983355641365051,0.05344685539603233
Scene,Scene_random_equal4_05_zero,34567,245,0.12528797626724875,0.4591012405759413,0.6967528462409973,0.6237481236457825,0.013370845466852188
Scene,Scene_random_equal4_05_zero,34567,249,-0.15163577185197152,0.3486601836301016,0.8066093325614929,0.41347554326057434,0.0298694409430027
Scene,Scene_random_equal4_05_zero,34567,282,0.10228307264900025,0.30462700186438546,0.6329312920570374,0.6370201706886292,0.37016916275024414
Scene,Scene_random_equal4_05_zero,34567,289,0.05282934412006576,0.4092964049522785,0.8110027313232422,0.6570203304290771,0.01823313720524311
Scene,Scene_random_equal4_05_zero,34567,303,0.3988057099978704,0.5024257021294157,0.766964316368103,0.7304120063781738,0.028055798262357712
Scene,Scene_random_equal4_05_zero,34567,314,-0.3503355373633338,0.16402333961654558,0.8621934652328491,0.7050511240959167,0.28624507784843445
Scene,Scene_random_equal4_05_zero,34567,393,0.08620104042865945,0.3371229525726136,0.7086372375488281,0.7756489515304565,0.4912267029285431
Scene,Scene_random_equal4_05_zero,34567,412,0.3975345296466082,0.48744587887120955,0.6035736799240112,0.4946769177913666,0.08163296431303024
Scene,Scene_random_equal4_05_zero,34567,442,0.21453810597752893,0.3304859205170799,0.6864466667175293,0.7109184861183167,0.19070348143577576
Scene,Scene_random_equal4_05_zero,34567,463,0.3549898658862175,0.12271941097101736,0.7406190633773804,0.6072768568992615,0.15146183967590332
Scene,Scene_random_equal4_05_zero,34567,469,-0.23466745575352438,0.17436069960251832,0.7651699185371399,0.4409165382385254,-0.006789037957787514
Scene,Scene_random_equal4_05_zero,34567,486,0.09922755598877708,0.14507871422182608,0.7923399209976196,0.5353299379348755,0.02648395672440529
Scene,Scene_random_equal4_05_zero,34567,491,0.36280706583963096,0.3732314891416991,0.6283578276634216,0.6353784203529358,0.09198468923568726
Scene,Scene_random_equal4_05_zero,34567,518,0.37402074157992904,0.46624164773083754,0.5652943849563599,0.7565982341766357,0.49249786138534546
Scene,Scene_random_equal4_05_zero,34567,523,0.3445766245046637,0.1514186363751704,0.6494333744049072,0.5961147546768188,0.13496924936771393
Scene,Scene_random_equal4_05_zero,34567,545,0.17208503689559854,0.3173345946462856,0.6903413534164429,0.4850887656211853,0.0239535104483366
Scene,Scene_random_equal4_05_zero,34567,551,0.017728425416532308,0.08818498320125977,0.7289935350418091,0.44101154804229736,0.030505668371915817
Scene,Scene_random_equal4_05_zero,34567,568,0.1493670850009356,0.4783871762712468,0.71053546667099,0.6785337328910828,0.28473782539367676
Scene,Scene_random_equal4_05_zero,34567,620,0.09760653276812166,0.3389895160242763,0.7034949064254761,0.803653359413147,0.32409951090812683
Scene,Scene_random_equal4_05_zero,34567,640,-0.06462504025974439,0.19909569286053314,0.7775868773460388,0.689345121383667,0.17773254215717316
Scene,Scene_random_equal4_05_zero,34567,648,0.3846246250009713,0.26664802396326626,0.6850290298461914,0.7695010304450989,0.3187553882598877
Scene,Scene_random_equal4_05_zero,34567,671,-0.25894132263128694,0.3674507864368247,0.6362205147743225,0.8149095177650452,0.4158092141151428
Scene,Scene_random_equal4_05_zero,34567,755,0.03135850264878622,0.2694231982864033,0.7734026908874512,0.7910261154174805,0.4911104738712311
Scene,Scene_random_equal4_05_zero,34567,811,-0.11818198125714824,0.23994291772640794,0.7615364789962769,0.5527737736701965,0.10879697650671005
Scene,Scene_random_equal4_05_zero,34567,821,0.08367628416335976,0.30577910883403897,0.7281150817871094,0.4673985540866852,0.008289533667266369
Scene,Scene_random_equal4_05_zero,34567,824,-0.10496867028827678,0.11180855907845143,0.8482679128646851,0.5207809805870056,0.13269609212875366
Scene,Scene_random_equal4_05_zero,34567,841,0.17482489988647434,0.2846816542273461,0.7859437465667725,0.3963753879070282,0.061135433614254
Scene,Scene_random_equal4_05_zero,34567,842,0.19002525161355827,0.3011042406747205,0.7246235609054565,0.692568838596344,0.07345430552959442
Scene,Scene_random_equal4_05_zero,34567,850,0.03212459630665093,0.2778775536624072,0.750111997127533,0.5769067406654358,0.7133564352989197
Scene,Scene_random_equal4_05_zero,34567,855,0.30382433759679023,0.43600529468465965,0.6694478392601013,0.7176311612129211,0.021536927670240402
Scene,Scene_random_equal4_05_zero,34567,872,-0.0746249941821097,0.08616185003186339,0.7473143935203552,0.5892519354820251,0.13269850611686707
Scene,Scene_random_equal4_05_zero,34567,873,0.44077356114205657,0.4868287089437011,0.6199406385421753,0.38215968012809753,0.05723952502012253
Scene,Scene_random_equal4_05_zero,34567,893,0.1354103271299796,0.21901898926845823,0.8066602349281311,0.3854234218597412,0.0628223568201065
Scene,Scene_random_equal4_05_zero,34567,894,0.0967799384170479,0.3749866207093264,0.7521945834159851,0.598503053188324,0.05111417919397354
Scene,Scene_random_equal4_05_zero,34567,918,0.014327160886550828,0.28306641213340733,0.6716487407684326,0.6854903697967529,0.17015376687049866
Scene,Scene_random_equal4_05_zero,34567,943,0.08617624155917317,0.4958315130884425,0.691763699054718,0.5337555408477783,0.15962709486484528
Scene,Scene_random_equal4_05_zero,34567,978,0.4845068666112585,0.56878286915179,0.6429226994514465,0.6765853762626648,0.6509856581687927
Scene,Scene_random_equal4_05_zero,34567,999,0.13434029456257204,0.3528773870094546,0.7166070342063904,0.6775738596916199,0.009940477088093758
Scene,Scene_random_full_01_zero,34567,14,0.7437204739198449,0.5800039113602012,0.48659029603004456,0.7409697771072388,0.31450918316841125
Scene,Scene_random_full_01_zero,34567,15,-0.0474113270495293,0.4031381263904952,0.6944321393966675,0.8256971836090088,0.3004717528820038
Scene,Scene_random_full_01_zero,34567,36,0.09851292593597649,0.25375018998574317,0.6470887064933777,0.7203609943389893,0.27851808071136475
Scene,Scene_random_full_01_zero,34567,39,-0.2826594239582604,0.32513561224197557,0.4952664375305176,0.6979288458824158,0.28428298234939575
Scene,Scene_random_full_01_zero,34567,126,0.24748794868426707,0.43806978237473165,0.6744043827056885,0.7958978414535522,0.35273802280426025
Scene,Scene_random_full_01_zero,34567,132,-0.032218807260790655,0.12949587775572935,0.6872110962867737,0.5355956554412842,0.2676907479763031
Scene,Scene_random_full_01_zero,34567,167,0.17891592473304715,0.11642512493815149,0.7372504472732544,0.45652419328689575,0.011710885912179947
Scene,Scene_random_full_01_zero,34567,196,0.0010190877727482928,0.33204192518100184,0.7707629203796387,0.7293626070022583,0.03332126513123512
Scene,Scene_random_full_01_zero,34567,199,-0.031516288706849346,0.21823941967708815,0.7822510600090027,0.5758378505706787,0.11177556961774826
Scene,Scene_random_full_01_zero,34567,214,0.10136936942740589,0.31973517242972666,0.6863681674003601,0.7465484738349915,0.18543365597724915
Scene,Scene_random_full_01_zero,34567,241,0.04506880309789626,0.22539135865036708,0.7507267594337463,0.5301386117935181,0.03932821750640869
Scene,Scene_random_full_01_zero,34567,242,0.33550253425802606,0.5528174849144138,0.6438549160957336,0.6251195669174194,0.11251507699489594
Scene,Scene_random_full_01_zero,34567,245,0.056771643991730014,0.47081300506092544,0.6457318663597107,0.5857619643211365,0.046268995851278305
Scene,Scene_random_full_01_zero,34567,249,-0.1393702521896605,0.3743381741394614,0.7873069047927856,0.401909202337265,0.03525211289525032
Scene,Scene_random_full_01_zero,34567,282,0.12414087984669914,0.3101142379599695,0.6336131691932678,0.3987216055393219,0.17084601521492004
Scene,Scene_random_full_01_zero,34567,289,0.08638942113086345,0.39712974808128654,0.802678108215332,0.6587894558906555,0.0009654629975557327
Scene,Scene_random_full_01_zero,34567,303,0.27640756001800754,0.4753541956614777,0.7040092945098877,0.6392823457717896,-0.0552593395113945
Scene,Scene_random_full_01_zero,34567,314,-0.31821417166269145,0.10426609285380146,0.7838513851165771,0.5017701387405396,-0.0076333098113536835
Scene,Scene_random_full_01_zero,34567,393,0.26074879743873725,0.33955124126649083,0.6748421788215637,0.6941645741462708,0.4862695634365082
Scene,Scene_random_full_01_zero,34567,412,0.4413476224793983,0.5504072753378326,0.5699177980422974,0.4472748935222626,0.07703283429145813
Scene,Scene_random_full_01_zero,34567,442,0.23171576992862056,0.3379479344783394,0.701032817363739,0.7871257662773132,0.15304069221019745
Scene,Scene_random_full_01_zero,34567,463,0.21493590991488545,0.11447643976445097,0.7493818998336792,0.33683475852012634,0.14454661309719086
Scene,Scene_random_full_01_zero,34567,469,-0.2587569218171104,0.17292488993235985,0.7918547987937927,0.4531788229942322,-0.061828769743442535
Scene,Scene_random_full_01_zero,34567,486,0.09728127854111711,0.13455815629147652,0.8032098412513733,0.5304916501045227,0.02740383706986904
Scene,Scene_random_full_01_zero,34567,491,0.3692965377189192,0.37159679741081203,0.6402267813682556,0.6446278691291809,0.15530312061309814
Scene,Scene_random_full_01_zero,34567,518,0.3525904533746476,0.39606956690305417,0.6096089482307434,0.754675030708313,0.39227065443992615
Scene,Scene_random_full_01_zero,34567,523,0.2637409161119796,0.10881962123636504,0.6564528942108154,0.6368329524993896,0.24190197885036469
Scene,Scene_random_full_01_zero,34567,545,0.11030736248607723,0.4199719718555758,0.7253850102424622,0.7305804491043091,0.06568057090044022
Scene,Scene_random_full_01_zero,34567,551,0.010673399870519379,0.08623013738467038,0.7496504783630371,0.4487711191177368,0.03461279720067978
Scene,Scene_random_full_01_zero,34567,568,0.1564915322365423,0.48049546160116335,0.6744386553764343,0.7995712757110596,0.2999309301376343
Scene,Scene_random_full_01_zero,34567,620,-0.02527785306038168,0.4061711260629877,0.6997460126876831,0.6729682087898254,0.23063410818576813
Scene,Scene_random_full_01_zero,34567,640,-0.07282417220739662,0.1976443926114581,0.8573770523071289,0.5642187595367432,0.03796141594648361
Scene,Scene_random_full_01_zero,34567,648,0.36791609055818886,0.2498614475544158,0.7004006505012512,0.7004150152206421,0.18493646383285522
Scene,Scene_random_full_01_zero,34567,671,-0.22589377452245119,0.3484558299004555,0.5952117443084717,0.7957781553268433,0.45221802592277527
Scene,Scene_random_full_01_zero,34567,755,0.2957787597904156,0.3739856549118125,0.6547956466674805,0.7202268838882446,0.22276011109352112
Scene,Scene_random_full_01_zero,34567,811,-0.08486871152015187,0.2682193412801745,0.7788741588592529,0.6217219233512878,0.09567458182573318
Scene,Scene_random_full_01_zero,34567,821,0.012865797718840976,0.3084115035939769,0.7232617735862732,0.48074519634246826,0.012732569128274918
Scene,Scene_random_full_01_zero,34567,824,-0.12641082905833406,0.10694891965805414,0.8100227117538452,0.5482510328292847,0.0746365487575531
Scene,Scene_random_full_01_zero,34567,841,0.19563216088411844,0.2852042394418211,0.7925364375114441,0.4141231179237366,0.032816849648952484
Scene,Scene_random_full_01_zero,34567,842,0.18463773923952725,0.284543889557348,0.7280236482620239,0.7553518414497375,0.0949910581111908
Scene,Scene_random_full_01_zero,34567,850,0.03000777446520937,0.25584847998325266,0.7490167021751404,0.6347634196281433,0.6219455003738403
Scene,Scene_random_full_01_zero,34567,855,0.2546806008839274,0.44706823719757677,0.6853328347206116,0.7470093965530396,0.025041639804840088
Scene,Scene_random_full_01_zero,34567,872,-0.03773949015065851,0.07751932820950472,0.6989136934280396,0.3918716311454773,-0.0014064330607652664
Scene,Scene_random_full_01_zero,34567,873,0.5418357733526158,0.5136725828612403,0.5619005560874939,0.4154376983642578,0.05695095285773277
Scene,Scene_random_full_01_zero,34567,893,0.10602736963605788,0.21504116060444237,0.8285691142082214,0.48131752014160156,0.058945104479789734
Scene,Scene_random_full_01_zero,34567,894,0.19676142439363944,0.38313234936814056,0.7199434638023376,0.5735366940498352,0.03375903517007828
Scene,Scene_random_full_01_zero,34567,918,-0.024702982038984682,0.2991385765077861,0.6652480363845825,0.6810442805290222,0.23379841446876526
Scene,Scene_random_full_01_zero,34567,943,0.07185417814100156,0.49364273623731203,0.678264319896698,0.51490318775177,0.23085466027259827
Scene,Scene_random_full_01_zero,34567,978,0.6379810234601612,0.4787979486162785,0.6954022645950317,0.43953049182891846,0.04022061824798584
Scene,Scene_random_full_01_zero,34567,999,0.12844258530636588,0.3423824981923091,0.6867093443870544,0.7006030678749084,0.025916945189237595
Scene,Scene_random_full_02_zero,34567,14,0.5296532962047047,0.519568505152503,0.5244238376617432,0.5993208885192871,0.2273595929145813
Scene,Scene_random_full_02_zero,34567,15,0.03138751461477843,0.3809964938192715,0.7396350502967834,0.7934615612030029,0.19955343008041382
Scene,Scene_random_full_02_zero,34567,36,0.10683385890478589,0.23608177527168125,0.6441011428833008,0.691016435623169,0.24513529241085052
Scene,Scene_random_full_02_zero,34567,39,-0.37019283651470447,0.3092787201327154,0.4653395116329193,0.6707437634468079,0.3748689889907837
Scene,Scene_random_full_02_zero,34567,126,0.1280106879152033,0.4334765166158285,0.6676433086395264,0.8014310598373413,0.3437001705169678
Scene,Scene_random_full_02_zero,34567,132,-0.05047809305689702,0.11958592220343918,0.6600280404090881,0.5226027965545654,0.2547988295555115
Scene,Scene_random_full_02_zero,34567,167,0.16750862009106388,0.10892514830139782,0.7142224311828613,0.44549232721328735,-0.02337680198252201
Scene,Scene_random_full_02_zero,34567,196,-0.009001876368640157,0.2988789971060488,0.7776237726211548,0.7007192373275757,0.05297926440834999
Scene,Scene_random_full_02_zero,34567,199,0.1620637942557378,0.19156070001522021,0.7267627716064453,0.6449568867683411,0.09453476965427399
Scene,Scene_random_full_02_zero,34567,214,0.12199048924772009,0.3306235871132808,0.6549355983734131,0.7281591296195984,0.0642678290605545
Scene,Scene_random_full_02_zero,34567,241,-0.02848423351711862,0.2469715061389599,0.7625237703323364,0.44287165999412537,0.010459532961249352
Scene,Scene_random_full_02_zero,34567,242,0.0777499588654101,0.50912165222294,0.7978376150131226,0.5291613936424255,-0.018314329907298088
Scene,Scene_random_full_02_zero,34567,245,0.11989752085674205,0.4804480356919539,0.6819739937782288,0.6634503602981567,0.10732018947601318
Scene,Scene_random_full_02_zero,34567,249,-0.09299483828975669,0.3747707519947649,0.7857717275619507,0.4108934998512268,0.0034204870462417603
Scene,Scene_random_full_02_zero,34567,282,-0.014305714202199246,0.2768101163013637,0.6714393496513367,0.4517315924167633,0.0887693464756012
Scene,Scene_random_full_02_zero,34567,289,0.03324083708541312,0.40570730716576875,0.8104898929595947,0.6619301438331604,0.03635859116911888
Scene,Scene_random_full_02_zero,34567,303,0.3388887239399856,0.5012578209879804,0.7094438076019287,0.6491918563842773,0.018138045445084572
Scene,Scene_random_full_02_zero,34567,314,-0.15930154216361336,0.16385491531336663,0.7871394157409668,0.48725321888923645,0.007758920546621084
Scene,Scene_random_full_02_zero,34567,393,0.2334012276353678,0.3433862169473434,0.6640012860298157,0.7020917534828186,0.49006739258766174
Scene,Scene_random_full_02_zero,34567,412,0.381044993537883,0.48168960430165353,0.6264175176620483,0.4493345618247986,0.016634024679660797
Scene,Scene_random_full_02_zero,34567,442,0.24814868398437603,0.3360277968630274,0.705495297908783,0.7338308095932007,0.09947492182254791
Scene,Scene_random_full_02_zero,34567,463,0.3048279371398323,0.12240207325146668,0.7171639800071716,0.6442224979400635,0.19230544567108154
Scene,Scene_random_full_02_zero,34567,469,-0.26599266168887464,0.16678487186652768,0.7487975358963013,0.4503975212574005,0.0278235524892807
Scene,Scene_random_full_02_zero,34567,486,0.08768559027449964,0.14077897965279088,0.8220181465148926,0.5094577074050903,0.02436188794672489
Scene,Scene_random_full_02_zero,34567,491,0.4046707731068568,0.37065921759002446,0.6225541830062866,0.7451356649398804,0.12461870163679123
Scene,Scene_random_full_02_zero,34567,518,0.20149645007115335,0.366409236899045,0.6839639544487,0.6613911986351013,0.1778365522623062
Scene,Scene_random_full_02_zero,34567,523,0.38239161428900453,0.15298728578935197,0.6676084995269775,0.6069931983947754,0.19403047859668732
Scene,Scene_random_full_02_zero,34567,545,0.10991180652923797,0.4182689348572681,0.7269642353057861,0.7383911609649658,0.039721451699733734
Scene,Scene_random_full_02_zero,34567,551,0.031958849683343483,0.08723673720960175,0.7594420909881592,0.4555073380470276,0.03871917352080345
Scene,Scene_random_full_02_zero,34567,568,0.13962158876499298,0.4731754266139169,0.66672283411026,0.7069175243377686,0.3384785056114197
Scene,Scene_random_full_02_zero,34567,620,0.11470515340961672,0.41606889800038716,0.6652823090553284,0.7139794826507568,0.1820373386144638
Scene,Scene_random_full_02_zero,34567,640,-0.03147138238562867,0.19056414936284988,0.7193886637687683,0.5162623524665833,0.02808980830013752
Scene,Scene_random_full_02_zero,34567,648,0.3631445810171423,0.22690276658900843,0.6773514151573181,0.8338192701339722,0.2797608971595764
Scene,Scene_random_full_02_zero,34567,671,-0.16868482571627674,0.3637232264678219,0.609424352645874,0.7688775062561035,0.41442644596099854
Scene,Scene_random_full_02_zero,34567,755,0.2726248787092796,0.3848526440490677,0.6706790924072266,0.777658998966217,0.5075854063034058
Scene,Scene_random_full_02_zero,34567,811,-0.07187547168849621,0.2621527996104678,0.7916164398193359,0.6427068710327148,0.24900087714195251
Scene,Scene_random_full_02_zero,34567,821,0.13110805884569235,0.3235489706135596,0.70567786693573,0.4996092617511749,0.03467518091201782
Scene,Scene_random_full_02_zero,34567,824,-0.15487427668009593,0.11332409657055886,0.8187093734741211,0.497516930103302,0.09399048984050751
Scene,Scene_random_full_02_zero,34567,841,0.1528274595885079,0.26715247961645416,0.7926984429359436,0.39869314432144165,0.031077589839696884
Scene,Scene_random_full_02_zero,34567,842,0.1923170894928158,0.2670256924423602,0.6842870712280273,0.7802819609642029,0.0738682895898819
Scene,Scene_random_full_02_zero,34567,850,0.022915545488267405,0.26033162993525594,0.7557529211044312,0.6188462376594543,0.6993807554244995
Scene,Scene_random_full_02_zero,34567,855,0.28303698331468075,0.4381132284314726,0.6796802282333374,0.7053709626197815,-0.010603582486510277
Scene,Scene_random_full_02_zero,34567,872,-0.01487292716887956,0.0840109016391186,0.7616415023803711,0.6361111998558044,0.16137443482875824
Scene,Scene_random_full_02_zero,34567,873,0.37654291216015356,0.49711612553422824,0.6215963959693909,0.3700258731842041,0.06972048431634903
Scene,Scene_random_full_02_zero,34567,893,0.22229937697879815,0.2188093676548653,0.7637047171592712,0.39052125811576843,0.037192560732364655
Scene,Scene_random_full_02_zero,34567,894,0.09026254469790987,0.3704672559815973,0.7378575205802917,0.6588150262832642,0.15026232600212097
Scene,Scene_random_full_02_zero,34567,918,0.005473933008342313,0.2892477145786519,0.6691081523895264,0.7499882578849792,0.18024945259094238
Scene,Scene_random_full_02_zero,34567,943,0.041096935306912934,0.48728421265774985,0.7008795142173767,0.5241304039955139,0.15842285752296448
Scene,Scene_random_full_02_zero,34567,978,0.3951224588838254,0.537030164011305,0.6276606321334839,0.5978989601135254,0.08050133287906647
Scene,Scene_random_full_02_zero,34567,999,0.10416554686020728,0.32131937273140715,0.7027953267097473,0.718317449092865,0.013445966877043247
Scene,Scene_random_full_03_zero,34567,14,0.6245775956456507,0.5574459075892096,0.5514044761657715,0.4982089400291443,0.05739837884902954
Scene,Scene_random_full_03_zero,34567,15,-0.015890095759566156,0.41832980857428675,0.8009217381477356,0.8336398601531982,0.08223080635070801
Scene,Scene_random_full_03_zero,34567,36,0.13748555815572794,0.2384454472040461,0.649581789970398,0.7581886053085327,0.33766335248947144
Scene,Scene_random_full_03_zero,34567,39,-0.4165940787443841,0.3437743845688556,0.5236216187477112,0.6444771885871887,0.1563917100429535
Scene,Scene_random_full_03_zero,34567,126,0.11897062105875712,0.4112820087574386,0.6401951313018799,0.7937139272689819,0.3273840844631195
Scene,Scene_random_full_03_zero,34567,132,-0.03381101824329047,0.12313668630743507,0.6663193702697754,0.6282051205635071,0.2299618124961853
Scene,Scene_random_full_03_zero,34567,167,0.22759035627100554,0.11986437974670888,0.7316983342170715,0.47504866123199463,-0.002540780231356621
Scene,Scene_random_full_03_zero,34567,196,0.003532396705753346,0.32545837762855284,0.7942190766334534,0.7186547517776489,0.053825341165065765
Scene,Scene_random_full_03_zero,34567,199,-0.00045100713740397114,0.2305851247949127,0.7778588533401489,0.5167505145072937,0.028057420626282692
Scene,Scene_random_full_03_zero,34567,214,0.13235240536615459,0.34137672673435826,0.6866242289543152,0.7280945777893066,0.30719491839408875
Scene,Scene_random_full_03_zero,34567,241,0.04829528073568699,0.32801301971515046,0.7544711828231812,0.4445367455482483,0.05241882801055908
Scene,Scene_random_full_03_zero,34567,242,0.27871549245694693,0.560900374475245,0.6340267658233643,0.5278926491737366,0.06150711327791214
Scene,Scene_random_full_03_zero,34567,245,0.1272939660753319,0.4634989709768463,0.6885496973991394,0.6001929640769958,0.01851482130587101
Scene,Scene_random_full_03_zero,34567,249,-0.12949023834425705,0.350462733314694,0.7859416007995605,0.38298240303993225,0.078640416264534
Scene,Scene_random_full_03_zero,34567,282,0.14756399258094896,0.3182163961978563,0.6093313097953796,0.4522209167480469,0.09944462776184082
Scene,Scene_random_full_03_zero,34567,289,0.06997224443920744,0.41512090514588795,0.7979406118392944,0.646363377571106,0.06854503601789474
Scene,Scene_random_full_03_zero,34567,303,0.3244807626073544,0.4925709105939152,0.7359623908996582,0.7171096205711365,0.027959069237113
Scene,Scene_random_full_03_zero,34567,314,-0.10448072478161761,0.20708827030491322,0.8688427805900574,0.5485407710075378,0.006564167328178883
Scene,Scene_random_full_03_zero,34567,393,0.29526928002695857,0.3671418600507211,0.7059903740882874,0.6356703042984009,0.15568767488002777
Scene,Scene_random_full_03_zero,34567,412,0.3793191774878058,0.4955656194016352,0.6052324175834656,0.45554423332214355,0.089016392827034
Scene,Scene_random_full_03_zero,34567,442,0.22786644917923385,0.3495908709328695,0.7384638786315918,0.7529054880142212,0.26375073194503784
Scene,Scene_random_full_03_zero,34567,463,0.36311444923754344,0.13829713369798197,0.7305835485458374,0.5375865697860718,0.07388472557067871
Scene,Scene_random_full_03_zero,34567,469,-0.330828041822139,0.15341860614658412,0.7869449853897095,0.3450121283531189,-0.012864846736192703
Scene,Scene_random_full_03_zero,34567,486,0.04374769153623281,0.13642544908055312,0.8006348013877869,0.5122964382171631,0.04371007904410362
Scene,Scene_random_full_03_zero,34567,491,0.34012227220643226,0.36330060548693577,0.6510797739028931,0.6633579730987549,0.07926518470048904
Scene,Scene_random_full_03_zero,34567,518,0.36399917875014853,0.3726007210916412,0.6212027072906494,0.8007327318191528,0.46669501066207886
Scene,Scene_random_full_03_zero,34567,523,0.2954675614613499,0.1428741868059772,0.6821374893188477,0.5020735859870911,0.16256098449230194
Scene,Scene_random_full_03_zero,34567,545,0.14978818377278752,0.39101693612832794,0.7147836685180664,0.7068825960159302,0.056213267147541046
Scene,Scene_random_full_03_zero,34567,551,0.08783033622832041,0.07691507674484387,0.6154791116714478,0.658406138420105,0.05877107009291649
Scene,Scene_random_full_03_zero,34567,568,0.10134758538751619,0.4883489987123818,0.699218213558197,0.7337548732757568,0.2451125681400299
Scene,Scene_random_full_03_zero,34567,620,0.06134573304937131,0.45353297994172176,0.6723884344100952,0.6772432327270508,0.3371877372264862
Scene,Scene_random_full_03_zero,34567,640,-0.08041585871976789,0.1904472352770117,0.8093851804733276,0.6405776739120483,0.1666778326034546
Scene,Scene_random_full_03_zero,34567,648,0.39372254741862184,0.2659922388911394,0.6768291592597961,0.8103821277618408,0.44615352153778076
Scene,Scene_random_full_03_zero,34567,671,-0.20603821714911727,0.3795758512829294,0.6589078307151794,0.7446484565734863,0.3791225552558899
Scene,Scene_random_full_03_zero,34567,755,0.09622128802301735,0.3012791480921117,0.7292795777320862,0.6916494965553284,0.3377726972103119
Scene,Scene_random_full_03_zero,34567,811,-0.1032302818225846,0.2480330547721443,0.7621100544929504,0.5505499839782715,0.05162038654088974
Scene,Scene_random_full_03_zero,34567,821,0.13721145232988363,0.3213622244182701,0.6891340017318726,0.4210158884525299,0.059931665658950806
Scene,Scene_random_full_03_zero,34567,824,-0.13457150957795366,0.10945821135308378,0.8306634426116943,0.513280987739563,0.13802048563957214
Scene,Scene_random_full_03_zero,34567,841,0.19064035486018438,0.29933574028730603,0.8027098178863525,0.40933796763420105,0.0241851843893528
Scene,Scene_random_full_03_zero,34567,842,0.21022942553949878,0.29010078672663125,0.7222183346748352,0.7293984889984131,0.06551428884267807
Scene,Scene_random_full_03_zero,34567,850,0.005404759310322778,0.2840429251211507,0.7576063871383667,0.5524417161941528,0.6717861890792847
Scene,Scene_random_full_03_zero,34567,855,0.2526927259583405,0.4443131678249566,0.6915169358253479,0.6810683012008667,0.0034446176141500473
Scene,Scene_random_full_03_zero,34567,872,-0.13417511729875595,0.08892126142205638,0.7585545778274536,0.6396597027778625,0.27883094549179077
Scene,Scene_random_full_03_zero,34567,873,0.4075050872464595,0.5220493625920843,0.6027579307556152,0.33900323510169983,0.08386527001857758
Scene,Scene_random_full_03_zero,34567,893,0.14613538997671785,0.2134353036074719,0.7913925647735596,0.3904944062232971,0.10926021635532379
Scene,Scene_random_full_03_zero,34567,894,0.1443884819001759,0.3861894443894488,0.761775553226471,0.5721195340156555,0.02740437164902687
Scene,Scene_random_full_03_zero,34567,918,0.10596320240936671,0.2958123974012048,0.6790569424629211,0.7457432150840759,0.21961289644241333
Scene,Scene_random_full_03_zero,34567,943,0.06434384911921259,0.49536223880840385,0.7145472764968872,0.5099184513092041,0.1582794487476349
Scene,Scene_random_full_03_zero,34567,978,0.6544800768548318,0.5279378301933088,0.6744781732559204,0.5365319848060608,0.0668485164642334
Scene,Scene_random_full_03_zero,34567,999,0.12287386587307335,0.3255460752550616,0.7155183553695679,0.6979166269302368,0.024566086009144783
Scene,Scene_random_full_04_zero,34567,14,0.6009869420839161,0.4918406931348752,0.5438529253005981,0.7726127505302429,0.4729090631008148
Scene,Scene_random_full_04_zero,34567,15,-0.032565977115472974,0.4021004626853072,0.7418128848075867,0.8045758605003357,0.19048330187797546
Scene,Scene_random_full_04_zero,34567,36,0.13267916949307246,0.23406604404217315,0.6464055180549622,0.7023022174835205,0.16465720534324646
Scene,Scene_random_full_04_zero,34567,39,-0.22638948776193557,0.3081510780506022,0.46563494205474854,0.6870526671409607,0.44562608003616333
Scene,Scene_random_full_04_zero,34567,126,0.15181638674193146,0.4275283946734209,0.6614434719085693,0.8344256281852722,0.40684959292411804
Scene,Scene_random_full_04_zero,34567,132,-0.05203906491494211,0.12085967542516972,0.6708777546882629,0.565271258354187,0.29108262062072754
Scene,Scene_random_full_04_zero,34567,167,0.22728121087533662,0.11926559956568906,0.7285462617874146,0.43642473220825195,0.008500348776578903
Scene,Scene_random_full_04_zero,34567,196,-0.03953905457643473,0.32296174273063477,0.7867141962051392,0.6982458829879761,0.06674157083034515
Scene,Scene_random_full_04_zero,34567,199,0.19206617639419132,0.20934998235583566,0.7498230338096619,0.6557753086090088,-0.02462330088019371
Scene,Scene_random_full_04_zero,34567,214,0.09083823513247498,0.32767595805845146,0.6806157231330872,0.7733275294303894,0.3044670522212982
Scene,Scene_random_full_04_zero,34567,241,-0.09396588264998873,0.23588692372307166,0.7978482246398926,0.4427127242088318,0.025806615129113197
Scene,Scene_random_full_04_zero,34567,242,0.24605075895598413,0.526873584628284,0.6260691285133362,0.5309773087501526,0.11627838760614395
Scene,Scene_random_full_04_zero,34567,245,0.16589909764411723,0.4638941619346586,0.6776759624481201,0.5927374362945557,0.002028566086664796
Scene,Scene_random_full_04_zero,34567,249,-0.15171981854202798,0.3464721791641243,0.8004200458526611,0.4466154873371124,0.030032433569431305
Scene,Scene_random_full_04_zero,34567,282,0.1186595015882573,0.29564070555542876,0.6359679102897644,0.39343518018722534,0.08403206616640091
Scene,Scene_random_full_04_zero,34567,289,0.09377130399868734,0.39483686876554236,0.801120400428772,0.6368576288223267,0.015010707080364227
Scene,Scene_random_full_04_zero,34567,303,0.381023982987812,0.49565168400342235,0.7003647685050964,0.7396758198738098,0.01760762184858322
Scene,Scene_random_full_04_zero,34567,314,-0.3337946639888665,0.15885098732931466,0.873778223991394,0.691581130027771,0.30473169684410095
Scene,Scene_random_full_04_zero,34567,393,0.1173230603706395,0.34061847717922633,0.7133570909500122,0.6630809307098389,0.4347808063030243
Scene,Scene_random_full_04_zero,34567,412,0.3957470522680786,0.4930690376666987,0.614671528339386,0.4614148437976837,0.07083207368850708
Scene,Scene_random_full_04_zero,34567,442,0.24223802175288664,0.29611837794228396,0.7221336364746094,0.7507427930831909,0.1846030354499817
Scene,Scene_random_full_04_zero,34567,463,0.3446872267208209,0.1267145422445985,0.7268254160881042,0.6130391359329224,0.2063058316707611
Scene,Scene_random_full_04_zero,34567,469,-0.24110117090875133,0.140234401507405,0.7968806028366089,0.40101805329322815,-0.029431676492094994
Scene,Scene_random_full_04_zero,34567,486,0.10590971795741268,0.14508172433202793,0.7904873490333557,0.5138505697250366,0.029765503481030464
Scene,Scene_random_full_04_zero,34567,491,0.34702440644806715,0.37423362161207513,0.6358618140220642,0.6577062606811523,0.09076794236898422
Scene,Scene_random_full_04_zero,34567,518,0.25381423823511934,0.42170714355790834,0.6325619220733643,0.5981835126876831,0.34467369318008423
Scene,Scene_random_full_04_zero,34567,523,0.263070115645254,0.11635102586031594,0.6099117994308472,0.6174178719520569,0.1188054084777832
Scene,Scene_random_full_04_zero,34567,545,0.1962458043232708,0.4182827059971439,0.7206151485443115,0.7582428455352783,-0.0007539119105786085
Scene,Scene_random_full_04_zero,34567,551,0.03341784649981141,0.08600919650621039,0.7414877414703369,0.4195784628391266,0.04187360033392906
Scene,Scene_random_full_04_zero,34567,568,0.150438821080947,0.44766759712703935,0.6516793370246887,0.8041550517082214,0.38456934690475464
Scene,Scene_random_full_04_zero,34567,620,0.2560520478860619,0.4391721515535335,0.6598076820373535,0.6312650442123413,0.24709179997444153
Scene,Scene_random_full_04_zero,34567,640,-0.042148390219797695,0.20163666615721634,0.771399736404419,0.6722941398620605,0.1675310730934143
Scene,Scene_random_full_04_zero,34567,648,0.34752867888369116,0.25561278406945914,0.7420183420181274,0.7282401323318481,0.10308490693569183
Scene,Scene_random_full_04_zero,34567,671,-0.20903542522121515,0.3794384709813752,0.6521501541137695,0.8116887211799622,0.4464685916900635
Scene,Scene_random_full_04_zero,34567,755,0.016906508245708465,0.2828009065910922,0.7658057808876038,0.8065520524978638,0.4627808928489685
Scene,Scene_random_full_04_zero,34567,811,-0.14372871325094438,0.20145034666077696,0.7493264675140381,0.5098833441734314,0.05289815366268158
Scene,Scene_random_full_04_zero,34567,821,0.10338651122300209,0.3201916281087929,0.7425475716590881,0.47114577889442444,0.07158242166042328
Scene,Scene_random_full_04_zero,34567,824,-0.16059419874992284,0.11457818745302403,0.8361082673072815,0.4937368631362915,0.05638081952929497
Scene,Scene_random_full_04_zero,34567,841,0.18186221491781637,0.28902489764353145,0.8181025981903076,0.38099610805511475,0.04619971662759781
Scene,Scene_random_full_04_zero,34567,842,0.19555342635742065,0.2678702035095615,0.6878278255462646,0.7570316791534424,0.04918340593576431
Scene,Scene_random_full_04_zero,34567,850,0.0379494642871923,0.2659633222813124,0.7560443878173828,0.6200838685035706,0.7322705984115601
Scene,Scene_random_full_04_zero,34567,855,0.30317150214624655,0.4541857982232157,0.6980410814285278,0.68393474817276,0.03253059834241867
Scene,Scene_random_full_04_zero,34567,872,-0.01966317115574668,0.08095854773579587,0.7582857608795166,0.5749859809875488,0.11705617606639862
Scene,Scene_random_full_04_zero,34567,873,0.4116112579153025,0.4808039629115343,0.6299994587898254,0.31176355481147766,0.06722991168498993
Scene,Scene_random_full_04_zero,34567,893,0.37709636024268023,0.30161805618321486,0.7334802150726318,0.5039690136909485,-0.017013221979141235
Scene,Scene_random_full_04_zero,34567,894,0.15809499226791865,0.36806297120298803,0.7317569255828857,0.5799115896224976,0.014754918403923512
Scene,Scene_random_full_04_zero,34567,918,-0.002465097361888028,0.285808633617934,0.6675577759742737,0.6742801070213318,0.17240498960018158
Scene,Scene_random_full_04_zero,34567,943,0.07210730970557894,0.49080969054722784,0.7125654220581055,0.5098475813865662,0.17520633339881897
Scene,Scene_random_full_04_zero,34567,978,0.6691654111218663,0.5131907155086837,0.6184507012367249,0.623424768447876,0.1918250173330307
Scene,Scene_random_full_04_zero,34567,999,0.11571485846029951,0.3525706445872823,0.716562032699585,0.696323812007904,0.014045716263353825
Scene,Scene_random_full_05_zero,34567,14,0.05171537300483432,0.5263565099248387,0.6856826543807983,0.42600658535957336,0.027909573167562485
Scene,Scene_random_full_05_zero,34567,15,0.05283174307370891,0.4501423696111823,0.8141801357269287,0.7345328330993652,0.08940930664539337
Scene,Scene_random_full_05_zero,34567,36,0.13133648153431468,0.2418683339181635,0.6704958081245422,0.6807140707969666,0.039359916001558304
Scene,Scene_random_full_05_zero,34567,39,-0.3665175651187793,0.3164499427971896,0.47483235597610474,0.5884324908256531,0.2505687475204468
Scene,Scene_random_full_05_zero,34567,126,0.2269593689478143,0.45118431462341957,0.6719444990158081,0.7718146443367004,0.29870080947875977
Scene,Scene_random_full_05_zero,34567,132,-0.049617659334703385,0.1259683976510431,0.6850888729095459,0.5820506811141968,0.31490010023117065
Scene,Scene_random_full_05_zero,34567,167,0.20550539002510834,0.12155120487031802,0.732479453086853,0.4249304533004761,0.010502303950488567
Scene,Scene_random_full_05_zero,34567,196,0.018018657256039326,0.30281608084550976,0.770866334438324,0.7241919040679932,0.07718506455421448
Scene,Scene_random_full_05_zero,34567,199,0.027076740912645014,0.22256750624854077,0.7386925220489502,0.575481116771698,0.1685376763343811
Scene,Scene_random_full_05_zero,34567,214,0.14675679486562906,0.3501874208510308,0.656946063041687,0.7135316729545593,0.0856010690331459
Scene,Scene_random_full_05_zero,34567,241,-0.003919486886508719,0.20013456900269247,0.7502275705337524,0.44915714859962463,0.013820755295455456
Scene,Scene_random_full_05_zero,34567,242,0.24883483121090313,0.5339424850152432,0.6237038969993591,0.621339738368988,0.08982459455728531
Scene,Scene_random_full_05_zero,34567,245,0.12623312565774705,0.46624217211074187,0.6904890537261963,0.5817736387252808,0.0053914133459329605
Scene,Scene_random_full_05_zero,34567,249,-0.1683528414592506,0.37229941739455935,0.7847222685813904,0.41211631894111633,0.04190004616975784
Scene,Scene_random_full_05_zero,34567,282,0.14873520325974005,0.3208371279668442,0.6322602033615112,0.44824016094207764,0.19490642845630646
Scene,Scene_random_full_05_zero,34567,289,0.08514629467902277,0.4046843276417847,0.7904475927352905,0.6945403814315796,-0.002525751478970051
Scene,Scene_random_full_05_zero,34567,303,0.30113053677278645,0.4860543263921451,0.7410537600517273,0.6873524785041809,0.01933823898434639
Scene,Scene_random_full_05_zero,34567,314,-0.13174470811009234,0.2012188038995582,0.8451725244522095,0.5504146218299866,0.04488249123096466
Scene,Scene_random_full_05_zero,34567,393,0.07777847224833709,0.3374749550643224,0.7046784162521362,0.7265094518661499,0.5068613886833191
Scene,Scene_random_full_05_zero,34567,412,0.3471088080675972,0.4702692185388687,0.6214053630828857,0.3993771970272064,0.05625296011567116
Scene,Scene_random_full_05_zero,34567,442,0.21353711445739637,0.30369016837741786,0.7120362520217896,0.8004395961761475,0.1344023495912552
Scene,Scene_random_full_05_zero,34567,463,0.38900872859486396,0.13526887077664645,0.7194550633430481,0.5821448564529419,0.15207979083061218
Scene,Scene_random_full_05_zero,34567,469,-0.2591825993720504,0.17586766133072484,0.7585513591766357,0.4207804799079895,-0.022429227828979492
Scene,Scene_random_full_05_zero,34567,486,0.06785028149818818,0.13388735860542328,0.791732907295227,0.5464461445808411,0.04025404900312424
Scene,Scene_random_full_05_zero,34567,491,0.34388927667050423,0.37032465190551345,0.6323373317718506,0.7001248598098755,0.1924426108598709
Scene,Scene_random_full_05_zero,34567,518,0.43924801195139274,0.5287310248259837,0.5033715963363647,0.7309850454330444,0.28841689229011536
Scene,Scene_random_full_05_zero,34567,523,0.2891504237637821,0.14198814377403426,0.6163352727890015,0.5503159165382385,0.21782951056957245
Scene,Scene_random_full_05_zero,34567,545,0.15567250383956077,0.3222067068242296,0.6822171211242676,0.46134522557258606,0.08247329294681549
Scene,Scene_random_full_05_zero,34567,551,0.13451479604905298,0.08072330303773657,0.7068997025489807,0.40732428431510925,0.08527260273694992
Scene,Scene_random_full_05_zero,34567,568,0.1450075706905697,0.48910966100603376,0.6650224328041077,0.7429890036582947,0.2985038757324219
Scene,Scene_random_full_05_zero,34567,620,0.02793642145040993,0.36597915547164683,0.6766284704208374,0.7131019234657288,0.32672303915023804
Scene,Scene_random_full_05_zero,34567,640,-0.053559161655807805,0.2032023149639033,0.7765229940414429,0.6189098954200745,0.17880336940288544
Scene,Scene_random_full_05_zero,34567,648,0.3588133161871838,0.26715813464017846,0.714392364025116,0.7493029832839966,0.43147867918014526
Scene,Scene_random_full_05_zero,34567,671,-0.09823604199921146,0.3844745851886492,0.6412464380264282,0.813781201839447,0.40252456068992615
Scene,Scene_random_full_05_zero,34567,755,0.34581820124737794,0.3981724054701914,0.6662827134132385,0.7610198855400085,0.400359570980072
Scene,Scene_random_full_05_zero,34567,811,-0.08914572487785634,0.26965851259622575,0.7669188976287842,0.6677422523498535,0.09885187447071075
Scene,Scene_random_full_05_zero,34567,821,0.14843558782114935,0.3233370587445168,0.7153149843215942,0.4903220534324646,0.07193440943956375
Scene,Scene_random_full_05_zero,34567,824,-0.13176868771962263,0.11444465590435174,0.8598124384880066,0.539929211139679,0.05403794348239899
Scene,Scene_random_full_05_zero,34567,841,0.18055173909490688,0.2865065532635651,0.794057309627533,0.42237523198127747,0.03677067533135414
Scene,Scene_random_full_05_zero,34567,842,0.19541273555480765,0.29029001233996243,0.6917053461074829,0.7621451020240784,0.1001853495836258
Scene,Scene_random_full_05_zero,34567,850,0.008708318443912434,0.2895604521809274,0.7410866618156433,0.5006911754608154,0.43390992283821106
Scene,Scene_random_full_05_zero,34567,855,0.2583542811734854,0.4466560859979913,0.681291937828064,0.6445435881614685,-0.009968472644686699
Scene,Scene_random_full_05_zero,34567,872,-0.06909748282854383,0.08332016412147013,0.7751768231391907,0.5748163461685181,0.16776590049266815
Scene,Scene_random_full_05_zero,34567,873,0.42885110340986027,0.47838757408175725,0.6080683469772339,0.3708186745643616,0.05055353045463562
Scene,Scene_random_full_05_zero,34567,893,0.3021503556688157,0.2608197144456677,0.7540879249572754,0.2858995199203491,0.02353639341890812
Scene,Scene_random_full_05_zero,34567,894,0.1453454056161045,0.38342040856756116,0.7542051076889038,0.5860929489135742,0.038491860032081604
Scene,Scene_random_full_05_zero,34567,918,0.04395039403781953,0.30221990815895283,0.7297732830047607,0.7360060214996338,0.3269733786582947
Scene,Scene_random_full_05_zero,34567,943,0.07114943871932505,0.4991847441101208,0.7022041082382202,0.5340529084205627,0.15437360107898712
Scene,Scene_random_full_05_zero,34567,978,0.5189982950381418,0.5853432993966833,0.6852167248725891,0.5533688068389893,0.49112987518310547
Scene,Scene_random_full_05_zero,34567,999,0.19564273613624042,0.3623826863069285,0.7275049686431885,0.645569920539856,0.06542302668094635
Scene,no_mask,34567,14,0.7449234325283178,0.581030540122983,0.47786638140678406,0.7143715023994446,0.1977957785129547
Scene,no_mask,34567,15,-0.0239447969736945,0.39459125694516467,0.740180492401123,0.814353346824646,0.14145348966121674
Scene,no_mask,34567,36,0.140601719921087,0.24020888151589517,0.6736668348312378,0.6757943034172058,0.051503948867321014
Scene,no_mask,34567,39,-0.2858591966019959,0.3194609188401005,0.49875110387802124,0.6689932346343994,0.2575671672821045
Scene,no_mask,34567,126,0.26769415395142254,0.44271553174434686,0.6631626486778259,0.7971905469894409,0.3674546182155609
Scene,no_mask,34567,132,-0.0257675326988455,0.11781972614227666,0.6832976341247559,0.5886377692222595,0.2795640528202057
Scene,no_mask,34567,167,0.2459814707444606,0.1275226492472528,0.7382755875587463,0.4576857089996338,0.024382632225751877
Scene,no_mask,34567,196,-0.007542121175207417,0.3088139137644055,0.7807803153991699,0.7288667559623718,0.033518142998218536
Scene,no_mask,34567,199,-0.0424388707610303,0.21525289302937617,0.7892484664916992,0.5333157777786255,0.07692565023899078
Scene,no_mask,34567,214,0.13722069221879815,0.33634722152028945,0.6815441250801086,0.7058694958686829,0.1360333412885666
Scene,no_mask,34567,241,-0.08273394450379333,0.2139205130477158,0.773750364780426,0.43414899706840515,0.0022477786988019943
Scene,no_mask,34567,242,0.2671782889638723,0.5388462837477896,0.6333538889884949,0.5356171131134033,0.10945476591587067
Scene,no_mask,34567,245,0.1346805637120879,0.46596676521846025,0.70062655210495,0.6009521484375,-0.02455974370241165
Scene,no_mask,34567,249,-0.16903815724276694,0.3580174744348143,0.8078941106796265,0.4151238203048706,0.029272209852933884
Scene,no_mask,34567,282,0.1252907781108976,0.2944836211226083,0.6351501941680908,0.5165918469429016,0.27082040905952454
Scene,no_mask,34567,289,0.046284948556096696,0.40726564352841743,0.8121790885925293,0.6564860939979553,-0.0016042143106460571
Scene,no_mask,34567,303,0.37654577299331976,0.48346382960126005,0.7486045360565186,0.7640304565429688,0.03002173826098442
Scene,no_mask,34567,314,-0.37512532554080763,0.16489868457133075,0.8487569093704224,0.6952635645866394,0.23611386120319366
Scene,no_mask,34567,393,0.10837349314284506,0.3424599783144392,0.7122893333435059,0.7680835723876953,0.4333040118217468
Scene,no_mask,34567,412,0.39753752006761844,0.5012617782182299,0.5867271423339844,0.43667516112327576,0.025490881875157356
Scene,no_mask,34567,442,0.20105168851953442,0.32667542654866094,0.7031903862953186,0.8198099732398987,0.17555713653564453
Scene,no_mask,34567,463,0.3617552943207443,0.1319586066376656,0.7286036014556885,0.5332790017127991,0.09087003767490387
Scene,no_mask,34567,469,-0.284505564882458,0.16830449088148391,0.7752350568771362,0.36482134461402893,-0.023517362773418427
Scene,no_mask,34567,486,0.08836220895657582,0.14146617395509134,0.8055825233459473,0.5354626774787903,0.04912559688091278
Scene,no_mask,34567,491,0.36513465639242537,0.37618518808620327,0.6361639499664307,0.6336855888366699,0.10527750849723816
Scene,no_mask,34567,518,0.42966768460155913,0.5227434412293189,0.508654773235321,0.7864192128181458,0.4095914959907532
Scene,no_mask,34567,523,0.32306486092768166,0.1414716021009478,0.6588839888572693,0.5291218757629395,0.13681410253047943
Scene,no_mask,34567,545,0.1315377338662871,0.41069682072440866,0.6702713966369629,0.7411129474639893,0.03223376348614693
Scene,no_mask,34567,551,0.02040134833628554,0.08872946865823551,0.7253526449203491,0.465084969997406,0.012418052181601524
Scene,no_mask,34567,568,0.18057772847900014,0.4890555686583525,0.6889300346374512,0.7444524765014648,0.2948651611804962
Scene,no_mask,34567,620,0.09383926036464804,0.33273900874125545,0.7003610730171204,0.7685593962669373,0.3451632857322693
Scene,no_mask,34567,640,-0.06414284791434005,0.19739071793269303,0.7646142840385437,0.630194365978241,0.10088836401700974
Scene,no_mask,34567,648,0.38782926311880617,0.2670702401011238,0.7166673541069031,0.7340497374534607,0.2778931260108948
Scene,no_mask,34567,671,-0.1859820467415334,0.376758321432318,0.6386218667030334,0.7793598175048828,0.39493098855018616
Scene,no_mask,34567,755,0.049341967969084806,0.2765226991164696,0.7269409894943237,0.7351651787757874,0.4526961147785187
Scene,no_mask,34567,811,-0.11295664434276775,0.2502113089218063,0.7640024423599243,0.6096433401107788,0.11540084332227707
Scene,no_mask,34567,821,0.1160302410452527,0.3211743197987067,0.7174336910247803,0.4542608857154846,-0.00018602795898914337
Scene,no_mask,34567,824,-0.11959095281739328,0.10270892872940104,0.791056752204895,0.5604309439659119,0.10364577174186707
Scene,no_mask,34567,841,0.20382558245191953,0.29263636250479924,0.8144407272338867,0.3995521068572998,0.014180398546159267
Scene,no_mask,34567,842,0.18896123263350928,0.29453147403381075,0.7108728885650635,0.709679126739502,0.06393998116254807
Scene,no_mask,34567,850,0.039318580298363874,0.2746642031086039,0.7583333849906921,0.5539767146110535,0.6867596507072449
Scene,no_mask,34567,855,0.30859022684334775,0.4407576625055485,0.6681177616119385,0.6766052842140198,-0.009598007425665855
Scene,no_mask,34567,872,-0.1364011828835953,0.09254300783311581,0.7744659781455994,0.6879885792732239,0.320040225982666
Scene,no_mask,34567,873,0.4323261965487786,0.5193709387505558,0.564950168132782,0.33122044801712036,0.06051017716526985
Scene,no_mask,34567,893,0.1646626580192743,0.21691936559526917,0.7722992897033691,0.4329697787761688,0.07397907972335815
Scene,no_mask,34567,894,0.10851189184443989,0.38453797185518507,0.7618734836578369,0.628442108631134,0.057725656777620316
Scene,no_mask,34567,918,0.007349746847365024,0.27371996825379785,0.6701409816741943,0.6732378005981445,0.24340754747390747
Scene,no_mask,34567,943,0.08912505173362567,0.49606155867960205,0.695337176322937,0.5446749329566956,0.16302162408828735
Scene,no_mask,34567,978,0.6887354867841955,0.5494345363229867,0.6246024370193481,0.6547723412513733,0.2566298842430115
Scene,no_mask,34567,999,0.134202323768255,0.3444636089746848,0.6973420977592468,0.6757045388221741,0.03651464730501175
Scene,no_mask_repeat,34567,14,0.7449234325283178,0.581030540122983,0.47786638140678406,0.7143715023994446,0.1977957785129547
Scene,no_mask_repeat,34567,15,-0.0239447969736945,0.39459125694516467,0.740180492401123,0.814353346824646,0.14145348966121674
Scene,no_mask_repeat,34567,36,0.140601719921087,0.24020888151589517,0.6736668348312378,0.6757943034172058,0.051503948867321014
Scene,no_mask_repeat,34567,39,-0.2858591966019959,0.3194609188401005,0.49875110387802124,0.6689932346343994,0.2575671672821045
Scene,no_mask_repeat,34567,126,0.26769415395142254,0.44271553174434686,0.6631626486778259,0.7971905469894409,0.3674546182155609
Scene,no_mask_repeat,34567,132,-0.0257675326988455,0.11781972614227666,0.6832976341247559,0.5886377692222595,0.2795640528202057
Scene,no_mask_repeat,34567,167,0.2459814707444606,0.1275226492472528,0.7382755875587463,0.4576857089996338,0.024382632225751877
Scene,no_mask_repeat,34567,196,-0.007542121175207417,0.3088139137644055,0.7807803153991699,0.7288667559623718,0.033518142998218536
Scene,no_mask_repeat,34567,199,-0.0424388707610303,0.21525289302937617,0.7892484664916992,0.5333157777786255,0.07692565023899078
Scene,no_mask_repeat,34567,214,0.13722069221879815,0.33634722152028945,0.6815441250801086,0.7058694958686829,0.1360333412885666
Scene,no_mask_repeat,34567,241,-0.08273394450379333,0.2139205130477158,0.773750364780426,0.43414899706840515,0.0022477786988019943
Scene,no_mask_repeat,34567,242,0.2671782889638723,0.5388462837477896,0.6333538889884949,0.5356171131134033,0.10945476591587067
Scene,no_mask_repeat,34567,245,0.1346805637120879,0.46596676521846025,0.70062655210495,0.6009521484375,-0.02455974370241165
Scene,no_mask_repeat,34567,249,-0.16903815724276694,0.3580174744348143,0.8078941106796265,0.4151238203048706,0.029272209852933884
Scene,no_mask_repeat,34567,282,0.1252907781108976,0.2944836211226083,0.6351501941680908,0.5165918469429016,0.27082040905952454
Scene,no_mask_repeat,34567,289,0.046284948556096696,0.40726564352841743,0.8121790885925293,0.6564860939979553,-0.0016042143106460571
Scene,no_mask_repeat,34567,303,0.37654577299331976,0.48346382960126005,0.7486045360565186,0.7640304565429688,0.03002173826098442
Scene,no_mask_repeat,34567,314,-0.37512532554080763,0.16489868457133075,0.8487569093704224,0.6952635645866394,0.23611386120319366
Scene,no_mask_repeat,34567,393,0.10837349314284506,0.3424599783144392,0.7122893333435059,0.7680835723876953,0.4333040118217468
Scene,no_mask_repeat,34567,412,0.39753752006761844,0.5012617782182299,0.5867271423339844,0.43667516112327576,0.025490881875157356
Scene,no_mask_repeat,34567,442,0.20105168851953442,0.32667542654866094,0.7031903862953186,0.8198099732398987,0.17555713653564453
Scene,no_mask_repeat,34567,463,0.3617552943207443,0.1319586066376656,0.7286036014556885,0.5332790017127991,0.09087003767490387
Scene,no_mask_repeat,34567,469,-0.284505564882458,0.16830449088148391,0.7752350568771362,0.36482134461402893,-0.023517362773418427
Scene,no_mask_repeat,34567,486,0.08836220895657582,0.14146617395509134,0.8055825233459473,0.5354626774787903,0.04912559688091278
Scene,no_mask_repeat,34567,491,0.36513465639242537,0.37618518808620327,0.6361639499664307,0.6336855888366699,0.10527750849723816
Scene,no_mask_repeat,34567,518,0.42966768460155913,0.5227434412293189,0.508654773235321,0.7864192128181458,0.4095914959907532
Scene,no_mask_repeat,34567,523,0.32306486092768166,0.1414716021009478,0.6588839888572693,0.5291218757629395,0.13681410253047943
Scene,no_mask_repeat,34567,545,0.1315377338662871,0.41069682072440866,0.6702713966369629,0.7411129474639893,0.03223376348614693
Scene,no_mask_repeat,34567,551,0.02040134833628554,0.08872946865823551,0.7253526449203491,0.465084969997406,0.012418052181601524
Scene,no_mask_repeat,34567,568,0.18057772847900014,0.4890555686583525,0.6889300346374512,0.7444524765014648,0.2948651611804962
Scene,no_mask_repeat,34567,620,0.09383926036464804,0.33273900874125545,0.7003610730171204,0.7685593962669373,0.3451632857322693
Scene,no_mask_repeat,34567,640,-0.06414284791434005,0.19739071793269303,0.7646142840385437,0.630194365978241,0.10088836401700974
Scene,no_mask_repeat,34567,648,0.38782926311880617,0.2670702401011238,0.7166673541069031,0.7340497374534607,0.2778931260108948
Scene,no_mask_repeat,34567,671,-0.1859820467415334,0.376758321432318,0.6386218667030334,0.7793598175048828,0.39493098855018616
Scene,no_mask_repeat,34567,755,0.049341967969084806,0.2765226991164696,0.7269409894943237,0.7351651787757874,0.4526961147785187
Scene,no_mask_repeat,34567,811,-0.11295664434276775,0.2502113089218063,0.7640024423599243,0.6096433401107788,0.11540084332227707
Scene,no_mask_repeat,34567,821,0.1160302410452527,0.3211743197987067,0.7174336910247803,0.4542608857154846,-0.00018602795898914337
Scene,no_mask_repeat,34567,824,-0.11959095281739328,0.10270892872940104,0.791056752204895,0.5604309439659119,0.10364577174186707
Scene,no_mask_repeat,34567,841,0.20382558245191953,0.29263636250479924,0.8144407272338867,0.3995521068572998,0.014180398546159267
Scene,no_mask_repeat,34567,842,0.18896123263350928,0.29453147403381075,0.7108728885650635,0.709679126739502,0.06393998116254807
Scene,no_mask_repeat,34567,850,0.039318580298363874,0.2746642031086039,0.7583333849906921,0.5539767146110535,0.6867596507072449
Scene,no_mask_repeat,34567,855,0.30859022684334775,0.4407576625055485,0.6681177616119385,0.6766052842140198,-0.009598007425665855
Scene,no_mask_repeat,34567,872,-0.1364011828835953,0.09254300783311581,0.7744659781455994,0.6879885792732239,0.320040225982666
Scene,no_mask_repeat,34567,873,0.4323261965487786,0.5193709387505558,0.564950168132782,0.33122044801712036,0.06051017716526985
Scene,no_mask_repeat,34567,893,0.1646626580192743,0.21691936559526917,0.7722992897033691,0.4329697787761688,0.07397907972335815
Scene,no_mask_repeat,34567,894,0.10851189184443989,0.38453797185518507,0.7618734836578369,0.628442108631134,0.057725656777620316
Scene,no_mask_repeat,34567,918,0.007349746847365024,0.27371996825379785,0.6701409816741943,0.6732378005981445,0.24340754747390747
Scene,no_mask_repeat,34567,943,0.08912505173362567,0.49606155867960205,0.695337176322937,0.5446749329566956,0.16302162408828735
Scene,no_mask_repeat,34567,978,0.6887354867841955,0.5494345363229867,0.6246024370193481,0.6547723412513733,0.2566298842430115
Scene,no_mask_repeat,34567,999,0.134202323768255,0.3444636089746848,0.6973420977592468,0.6757045388221741,0.03651464730501175
