dataset_idx,excess_causal_loss,image_category,masked_roi,metric,num_seeds
1,-0.005217211384577381,Face,Body+Scene,pixel_corr,3
16,-0.003844328941621038,Face,Body+Scene,pixel_corr,3
20,-0.02488689721015074,Face,Body+Scene,pixel_corr,3
51,0.013408811897985325,Face,Body+Scene,pixel_corr,3
77,0.005828751010523583,Face,Body+Scene,pixel_corr,3
135,-0.06502357317317127,Face,Body+Scene,pixel_corr,3
158,0.010761685995771176,Face,Body+Scene,pixel_corr,3
177,-0.052873238521850184,Face,Body+Scene,pixel_corr,3
188,-0.017177722577380535,Face,Body+Scene,pixel_corr,3
218,-0.0014357255116229,Face,Body+Scene,pixel_corr,3
287,-0.026376800083730043,Face,Body+Scene,pixel_corr,3
292,-0.002824441045739578,Face,Body+Scene,pixel_corr,3
295,0.0023279330654394498,Face,Body+Scene,pixel_corr,3
340,0.002863055673465141,Face,Body+Scene,pixel_corr,3
375,-0.012180289727909249,Face,Body+Scene,pixel_corr,3
384,0.019944158008553595,Face,Body+Scene,pixel_corr,3
415,-0.07067874943569143,Face,Body+Scene,pixel_corr,3
434,-0.0016910368816405827,Face,Body+Scene,pixel_corr,3
465,0.0367182106866956,Face,Body+Scene,pixel_corr,3
498,0.010287498884640589,Face,Body+Scene,pixel_corr,3
507,-0.010645400514039042,Face,Body+Scene,pixel_corr,3
529,0.0030501355422442073,Face,Body+Scene,pixel_corr,3
561,-0.012206427610287153,Face,Body+Scene,pixel_corr,3
588,0.02949871793216843,Face,Body+Scene,pixel_corr,3
606,-0.007459797404670824,Face,Body+Scene,pixel_corr,3
678,0.03443766207154608,Face,Body+Scene,pixel_corr,3
708,0.012964668335195842,Face,Body+Scene,pixel_corr,3
756,-0.005793995442799995,Face,Body+Scene,pixel_corr,3
762,-0.002542300740511008,Face,Body+Scene,pixel_corr,3
781,0.012706532554527125,Face,Body+Scene,pixel_corr,3
789,0.004681613400936281,Face,Body+Scene,pixel_corr,3
817,-0.001131498363139025,Face,Body+Scene,pixel_corr,3
820,0.010793571206420985,Face,Body+Scene,pixel_corr,3
838,0.012386799196076026,Face,Body+Scene,pixel_corr,3
877,-0.008325996377653846,Face,Body+Scene,pixel_corr,3
887,-0.012226936631044653,Face,Body+Scene,pixel_corr,3
973,-0.0033517961803666125,Face,Body+Scene,pixel_corr,3
1,-0.0035679075844577413,Face,Body+Scene,ssim,3
16,-0.005016856885741747,Face,Body+Scene,ssim,3
20,-0.019439696182013314,Face,Body+Scene,ssim,3
51,0.001558148040532196,Face,Body+Scene,ssim,3
77,-0.002679099493856633,Face,Body+Scene,ssim,3
135,0.004008674700473371,Face,Body+Scene,ssim,3
158,0.007239826748346528,Face,Body+Scene,ssim,3
177,-0.001639823369222411,Face,Body+Scene,ssim,3
188,-0.011817190563945916,Face,Body+Scene,ssim,3
218,-0.0016117788107547588,Face,Body+Scene,ssim,3
287,-0.012635891130560425,Face,Body+Scene,ssim,3
292,-0.0023070611143442073,Face,Body+Scene,ssim,3
295,0.005685430106092549,Face,Body+Scene,ssim,3
340,-0.0026410265863213915,Face,Body+Scene,ssim,3
375,-0.0009627535424174596,Face,Body+Scene,ssim,3
384,-0.00023608203134208115,Face,Body+Scene,ssim,3
415,-0.010801627171628405,Face,Body+Scene,ssim,3
434,-0.00019787470232254974,Face,Body+Scene,ssim,3
465,0.005126225065067894,Face,Body+Scene,ssim,3
498,-0.012950876013562679,Face,Body+Scene,ssim,3
507,0.00104990916080548,Face,Body+Scene,ssim,3
529,0.004234650755669075,Face,Body+Scene,ssim,3
561,-0.003957838541110447,Face,Body+Scene,ssim,3
588,-0.003327929746620904,Face,Body+Scene,ssim,3
606,-0.001758362467430774,Face,Body+Scene,ssim,3
678,-0.008469576934259468,Face,Body+Scene,ssim,3
708,-0.01061996936199113,Face,Body+Scene,ssim,3
756,-0.06305639896782761,Face,Body+Scene,ssim,3
762,-0.0067670066173221,Face,Body+Scene,ssim,3
781,0.00816637509008048,Face,Body+Scene,ssim,3
789,0.0024208019961475774,Face,Body+Scene,ssim,3
817,-0.012413835342031358,Face,Body+Scene,ssim,3
820,-0.01571662798858711,Face,Body+Scene,ssim,3
838,0.001467955414188286,Face,Body+Scene,ssim,3
877,0.01191207614405126,Face,Body+Scene,ssim,3
887,-0.0013658621108444998,Face,Body+Scene,ssim,3
973,0.007278048384349725,Face,Body+Scene,ssim,3
1,-0.010977943738301596,Face,Body+Scene,lpips,3
16,-0.008979594707489014,Face,Body+Scene,lpips,3
20,0.026266940434773765,Face,Body+Scene,lpips,3
51,-0.0029451608657836913,Face,Body+Scene,lpips,3
77,0.0005632440249125165,Face,Body+Scene,lpips,3
135,-0.0076824386914571136,Face,Body+Scene,lpips,3
158,0.0004589676856994627,Face,Body+Scene,lpips,3
177,-0.012245575586954752,Face,Body+Scene,lpips,3
188,-0.007117533683776854,Face,Body+Scene,lpips,3
218,-0.004670262336730957,Face,Body+Scene,lpips,3
287,0.0020589828491210938,Face,Body+Scene,lpips,3
292,-0.012602969010670978,Face,Body+Scene,lpips,3
295,0.03435998360315959,Face,Body+Scene,lpips,3
340,-0.003780833880106608,Face,Body+Scene,lpips,3
375,0.011070569356282553,Face,Body+Scene,lpips,3
384,0.006904900074005127,Face,Body+Scene,lpips,3
415,-0.00015727678934733015,Face,Body+Scene,lpips,3
434,-0.00318376620610555,Face,Body+Scene,lpips,3
465,-0.012855557600657144,Face,Body+Scene,lpips,3
498,0.002117689450581868,Face,Body+Scene,lpips,3
507,0.0015833338101704916,Face,Body+Scene,lpips,3
529,-0.00027047793070475256,Face,Body+Scene,lpips,3
561,-0.005589683850606282,Face,Body+Scene,lpips,3
588,-0.0027282198270161943,Face,Body+Scene,lpips,3
606,0.004626091321309408,Face,Body+Scene,lpips,3
678,0.002855455875396729,Face,Body+Scene,lpips,3
708,0.0065294305483500166,Face,Body+Scene,lpips,3
756,0.026953780651092527,Face,Body+Scene,lpips,3
762,-0.00034561157226562525,Face,Body+Scene,lpips,3
781,0.01726585229237874,Face,Body+Scene,lpips,3
789,0.0006570855776468921,Face,Body+Scene,lpips,3
817,0.00633541742960612,Face,Body+Scene,lpips,3
820,0.0034261743227640786,Face,Body+Scene,lpips,3
838,-0.0007016897201538087,Face,Body+Scene,lpips,3
877,0.0021316687266031893,Face,Body+Scene,lpips,3
887,0.022567725181579592,Face,Body+Scene,lpips,3
973,-0.006629502773284913,Face,Body+Scene,lpips,3
1,-0.06891144116719564,Face,Body+Scene,clip,3
16,-0.003524130582809448,Face,Body+Scene,clip,3
20,0.022887595494588214,Face,Body+Scene,clip,3
51,-0.014686701695124307,Face,Body+Scene,clip,3
77,-0.024476619561513268,Face,Body+Scene,clip,3
135,-0.002331538995107015,Face,Body+Scene,clip,3
158,-0.010025282700856527,Face,Body+Scene,clip,3
177,-0.015611080328623454,Face,Body+Scene,clip,3
188,0.005590558052062987,Face,Body+Scene,clip,3
218,0.026244252920150757,Face,Body+Scene,clip,3
287,0.020847541093826295,Face,Body+Scene,clip,3
292,-0.02832680741945903,Face,Body+Scene,clip,3
295,0.08910703361034393,Face,Body+Scene,clip,3
340,-0.013250231742858887,Face,Body+Scene,clip,3
375,-0.018919456005096435,Face,Body+Scene,clip,3
384,-0.013030393918355308,Face,Body+Scene,clip,3
415,-0.01078435977300008,Face,Body+Scene,clip,3
434,-0.010501484076182047,Face,Body+Scene,clip,3
465,0.02460392514864604,Face,Body+Scene,clip,3
498,0.029357173045476276,Face,Body+Scene,clip,3
507,-0.012911989291508991,Face,Body+Scene,clip,3
529,-0.005979653199513753,Face,Body+Scene,clip,3
561,0.012953919172286986,Face,Body+Scene,clip,3
588,-0.017891045411427817,Face,Body+Scene,clip,3
606,0.03428029219309489,Face,Body+Scene,clip,3
678,-0.024316032727559406,Face,Body+Scene,clip,3
708,-0.022850191593170168,Face,Body+Scene,clip,3
756,-0.011801469326019288,Face,Body+Scene,clip,3
762,-0.02776776154836019,Face,Body+Scene,clip,3
781,-0.007412501176198324,Face,Body+Scene,clip,3
789,0.028903329372406,Face,Body+Scene,clip,3
817,0.0004286249478658042,Face,Body+Scene,clip,3
820,-0.03191543221473694,Face,Body+Scene,clip,3
838,-0.025268928209940592,Face,Body+Scene,clip,3
877,-0.02101359367370605,Face,Body+Scene,clip,3
887,0.09162585735321045,Face,Body+Scene,clip,3
973,-0.025146543979644775,Face,Body+Scene,clip,3
1,-0.05439633329709371,Face,Body+Scene,dino,3
16,0.011730735066036384,Face,Body+Scene,dino,3
20,0.0336508055528005,Face,Body+Scene,dino,3
51,-0.00375096673766772,Face,Body+Scene,dino,3
77,0.019448441329101722,Face,Body+Scene,dino,3
135,-0.042296153306961064,Face,Body+Scene,dino,3
158,-0.012310178081194558,Face,Body+Scene,dino,3
177,0.007612017790476481,Face,Body+Scene,dino,3
188,-0.0006528265774250012,Face,Body+Scene,dino,3
218,-0.06019656409819921,Face,Body+Scene,dino,3
287,0.006844919919967651,Face,Body+Scene,dino,3
292,-0.0206835658599933,Face,Body+Scene,dino,3
295,0.10975103909149765,Face,Body+Scene,dino,3
340,0.005963216225306193,Face,Body+Scene,dino,3
375,-0.0028885841369628907,Face,Body+Scene,dino,3
384,0.028128047784169514,Face,Body+Scene,dino,3
415,0.04010611573855082,Face,Body+Scene,dino,3
434,-0.05083577434221904,Face,Body+Scene,dino,3
465,0.0018591165542602521,Face,Body+Scene,dino,3
498,-0.027091109752655027,Face,Body+Scene,dino,3
507,0.0049627463022867855,Face,Body+Scene,dino,3
529,-0.023086050649484,Face,Body+Scene,dino,3
561,0.006450049579143524,Face,Body+Scene,dino,3
588,-0.013266916200518607,Face,Body+Scene,dino,3
606,0.04018605537712574,Face,Body+Scene,dino,3
678,-0.11824173529942832,Face,Body+Scene,dino,3
708,0.05321271618207296,Face,Body+Scene,dino,3
756,0.06413585245609284,Face,Body+Scene,dino,3
762,0.03335957725842794,Face,Body+Scene,dino,3
781,0.018782842159271243,Face,Body+Scene,dino,3
789,0.01026824067036311,Face,Body+Scene,dino,3
817,0.04031013548374176,Face,Body+Scene,dino,3
820,-0.016754567126433053,Face,Body+Scene,dino,3
838,0.020699338863293327,Face,Body+Scene,dino,3
877,-0.016207571824391684,Face,Body+Scene,dino,3
887,0.05229368185003599,Face,Body+Scene,dino,3
973,0.0349542627731959,Face,Body+Scene,dino,3
1,-0.0006559133529663088,Face,Body+Scene,face_lpips,3
16,-0.007387014230092367,Face,Body+Scene,face_lpips,3
20,0.02719109853108724,Face,Body+Scene,face_lpips,3
51,0.01722341775894165,Face,Body+Scene,face_lpips,3
77,-0.0006401419639587395,Face,Body+Scene,face_lpips,3
135,0.014728812376658122,Face,Body+Scene,face_lpips,3
158,-0.00786416530609131,Face,Body+Scene,face_lpips,3
177,0.0056262532869974765,Face,Body+Scene,face_lpips,3
188,0.025911096731821695,Face,Body+Scene,face_lpips,3
218,-0.015530121326446532,Face,Body+Scene,face_lpips,3
287,-0.003652795155843099,Face,Body+Scene,face_lpips,3
292,-0.004273513952891032,Face,Body+Scene,face_lpips,3
295,0.025344947973887127,Face,Body+Scene,face_lpips,3
340,0.006917432943979899,Face,Body+Scene,face_lpips,3
375,-0.02275277376174927,Face,Body+Scene,face_lpips,3
384,0.015952710310618082,Face,Body+Scene,face_lpips,3
415,0.01799269914627075,Face,Body+Scene,face_lpips,3
434,0.006514147917429606,Face,Body+Scene,face_lpips,3
465,-0.002611549695332845,Face,Body+Scene,face_lpips,3
498,0.002761713663736979,Face,Body+Scene,face_lpips,3
507,0.002911138534545899,Face,Body+Scene,face_lpips,3
529,-0.0029441595077514646,Face,Body+Scene,face_lpips,3
561,-0.018239871660868327,Face,Body+Scene,face_lpips,3
588,0.03240012725194295,Face,Body+Scene,face_lpips,3
606,0.0034659862518310546,Face,Body+Scene,face_lpips,3
678,0.009908934434254965,Face,Body+Scene,face_lpips,3
708,-0.018636715412139893,Face,Body+Scene,face_lpips,3
756,0.05866009791692098,Face,Body+Scene,face_lpips,3
762,0.009230907758076987,Face,Body+Scene,face_lpips,3
781,0.004029969374338785,Face,Body+Scene,face_lpips,3
789,0.013243901729583738,Face,Body+Scene,face_lpips,3
817,0.010192382335662843,Face,Body+Scene,face_lpips,3
820,-0.0028236111005147304,Face,Body+Scene,face_lpips,3
838,-0.0006248076756795255,Face,Body+Scene,face_lpips,3
877,0.06636108954747517,Face,Body+Scene,face_lpips,3
887,-0.0001959085464477509,Face,Body+Scene,face_lpips,3
973,0.02280412515004476,Face,Body+Scene,face_lpips,3
1,-0.03943244318167369,Face,Body+Scene,face_dino,3
16,0.022798382242520652,Face,Body+Scene,face_dino,3
20,0.06354833841323852,Face,Body+Scene,face_dino,3
51,-0.01956029317031304,Face,Body+Scene,face_dino,3
77,-0.015670881668726603,Face,Body+Scene,face_dino,3
135,-0.0491511325041453,Face,Body+Scene,face_dino,3
158,-0.0019389674067497257,Face,Body+Scene,face_dino,3
177,0.03585261205832164,Face,Body+Scene,face_dino,3
188,-0.026719106237093605,Face,Body+Scene,face_dino,3
218,-0.011089485883712768,Face,Body+Scene,face_dino,3
287,0.03144402901331584,Face,Body+Scene,face_dino,3
292,-0.049978568156560266,Face,Body+Scene,face_dino,3
295,0.18257725189129514,Face,Body+Scene,face_dino,3
340,-0.042700101931889854,Face,Body+Scene,face_dino,3
375,-0.01795707618196805,Face,Body+Scene,face_dino,3
384,-0.030658271412054697,Face,Body+Scene,face_dino,3
415,-0.04212605108817419,Face,Body+Scene,face_dino,3
434,-0.036976358294487005,Face,Body+Scene,face_dino,3
465,-0.047494515776634216,Face,Body+Scene,face_dino,3
498,0.021313663323720297,Face,Body+Scene,face_dino,3
507,0.026740301648775732,Face,Body+Scene,face_dino,3
529,-0.017201804121335346,Face,Body+Scene,face_dino,3
561,-0.014352165659268695,Face,Body+Scene,face_dino,3
588,0.04083383133014044,Face,Body+Scene,face_dino,3
606,-0.017267481486002604,Face,Body+Scene,face_dino,3
678,-0.030984475215276076,Face,Body+Scene,face_dino,3
708,-0.10048302114009856,Face,Body+Scene,face_dino,3
756,-0.008947984377543131,Face,Body+Scene,face_dino,3
762,0.020880649487177532,Face,Body+Scene,face_dino,3
781,0.024158570915460587,Face,Body+Scene,face_dino,3
789,0.07238564888636272,Face,Body+Scene,face_dino,3
817,-0.040359298388163246,Face,Body+Scene,face_dino,3
820,-0.00020692944526672316,Face,Body+Scene,face_dino,3
838,-0.015669976361095902,Face,Body+Scene,face_dino,3
877,0.011505334079265595,Face,Body+Scene,face_dino,3
887,-0.06192809840043385,Face,Body+Scene,face_dino,3
973,0.0035440762837727867,Face,Body+Scene,face_dino,3
1,0.06666666666666667,Face,Body+Scene,face_detection_success,3
16,0.0,Face,Body+Scene,face_detection_success,3
20,0.06666666666666667,Face,Body+Scene,face_detection_success,3
51,0.0,Face,Body+Scene,face_detection_success,3
77,-0.4000000000000001,Face,Body+Scene,face_detection_success,3
135,-0.06666666666666667,Face,Body+Scene,face_detection_success,3
158,0.0,Face,Body+Scene,face_detection_success,3
177,0.0,Face,Body+Scene,face_detection_success,3
188,0.06666666666666667,Face,Body+Scene,face_detection_success,3
218,-0.19999999999999998,Face,Body+Scene,face_detection_success,3
287,0.0,Face,Body+Scene,face_detection_success,3
292,-0.13333333333333333,Face,Body+Scene,face_detection_success,3
295,-0.26666666666666666,Face,Body+Scene,face_detection_success,3
340,0.06666666666666667,Face,Body+Scene,face_detection_success,3
375,0.26666666666666666,Face,Body+Scene,face_detection_success,3
384,0.0,Face,Body+Scene,face_detection_success,3
415,0.0,Face,Body+Scene,face_detection_success,3
434,0.3333333333333333,Face,Body+Scene,face_detection_success,3
465,-0.13333333333333333,Face,Body+Scene,face_detection_success,3
498,0.3333333333333333,Face,Body+Scene,face_detection_success,3
507,0.13333333333333336,Face,Body+Scene,face_detection_success,3
529,0.13333333333333333,Face,Body+Scene,face_detection_success,3
561,0.0,Face,Body+Scene,face_detection_success,3
588,0.13333333333333333,Face,Body+Scene,face_detection_success,3
606,-0.13333333333333333,Face,Body+Scene,face_detection_success,3
678,-0.19999999999999998,Face,Body+Scene,face_detection_success,3
708,0.20000000000000004,Face,Body+Scene,face_detection_success,3
756,-0.3333333333333333,Face,Body+Scene,face_detection_success,3
762,-0.06666666666666667,Face,Body+Scene,face_detection_success,3
781,0.4666666666666666,Face,Body+Scene,face_detection_success,3
789,0.3333333333333333,Face,Body+Scene,face_detection_success,3
817,-0.19999999999999998,Face,Body+Scene,face_detection_success,3
820,0.13333333333333333,Face,Body+Scene,face_detection_success,3
838,0.13333333333333333,Face,Body+Scene,face_detection_success,3
877,0.19999999999999998,Face,Body+Scene,face_detection_success,3
887,-0.6,Face,Body+Scene,face_detection_success,3
973,0.0,Face,Body+Scene,face_detection_success,3
1,-0.0020851532785864575,Face,Face+Body+Scene,pixel_corr,3
16,-0.006697227097195683,Face,Face+Body+Scene,pixel_corr,3
20,-0.012731069690326682,Face,Face+Body+Scene,pixel_corr,3
51,0.010469125994889146,Face,Face+Body+Scene,pixel_corr,3
77,-0.0007956005554684946,Face,Face+Body+Scene,pixel_corr,3
135,-0.04746896184909275,Face,Face+Body+Scene,pixel_corr,3
158,0.017653186003129658,Face,Face+Body+Scene,pixel_corr,3
177,-0.07306787803120554,Face,Face+Body+Scene,pixel_corr,3
188,-0.005045165888478435,Face,Face+Body+Scene,pixel_corr,3
218,0.004202136798110917,Face,Face+Body+Scene,pixel_corr,3
287,-0.025792117768059213,Face,Face+Body+Scene,pixel_corr,3
292,0.022412618150080527,Face,Face+Body+Scene,pixel_corr,3
295,0.010030052423657829,Face,Face+Body+Scene,pixel_corr,3
340,0.004068143075528499,Face,Face+Body+Scene,pixel_corr,3
375,-0.008632691808115274,Face,Face+Body+Scene,pixel_corr,3
384,0.004884728784618191,Face,Face+Body+Scene,pixel_corr,3
415,-0.047214572577562286,Face,Face+Body+Scene,pixel_corr,3
434,-0.002827467952731697,Face,Face+Body+Scene,pixel_corr,3
465,0.013319046303388947,Face,Face+Body+Scene,pixel_corr,3
498,0.006571288264310316,Face,Face+Body+Scene,pixel_corr,3
507,-0.00756478672456823,Face,Face+Body+Scene,pixel_corr,3
529,0.004262442803661487,Face,Face+Body+Scene,pixel_corr,3
561,-0.009634383513551484,Face,Face+Body+Scene,pixel_corr,3
588,0.03379926519616439,Face,Face+Body+Scene,pixel_corr,3
606,-0.0036634790986584034,Face,Face+Body+Scene,pixel_corr,3
678,-0.004430866906816776,Face,Face+Body+Scene,pixel_corr,3
708,0.02103627053074451,Face,Face+Body+Scene,pixel_corr,3
756,0.004562877509594276,Face,Face+Body+Scene,pixel_corr,3
762,-0.004752588960782417,Face,Face+Body+Scene,pixel_corr,3
781,-0.02201136420369948,Face,Face+Body+Scene,pixel_corr,3
789,-0.0004231514469005414,Face,Face+Body+Scene,pixel_corr,3
817,-0.013005002029412979,Face,Face+Body+Scene,pixel_corr,3
820,0.003828543286017035,Face,Face+Body+Scene,pixel_corr,3
838,-0.004790840125297318,Face,Face+Body+Scene,pixel_corr,3
877,-0.0010592123228020736,Face,Face+Body+Scene,pixel_corr,3
887,0.009869784331142576,Face,Face+Body+Scene,pixel_corr,3
973,0.00011309212212313087,Face,Face+Body+Scene,pixel_corr,3
1,-0.003396617245904386,Face,Face+Body+Scene,ssim,3
16,-0.005684278760150736,Face,Face+Body+Scene,ssim,3
20,-0.013558746233076027,Face,Face+Body+Scene,ssim,3
51,-0.004515390500006864,Face,Face+Body+Scene,ssim,3
77,-0.0015187185304130436,Face,Face+Body+Scene,ssim,3
135,-0.01261889440592613,Face,Face+Body+Scene,ssim,3
158,0.005508944193931292,Face,Face+Body+Scene,ssim,3
177,-0.006808416511673886,Face,Face+Body+Scene,ssim,3
188,-0.005930782911326975,Face,Face+Body+Scene,ssim,3
218,-0.001833995387447816,Face,Face+Body+Scene,ssim,3
287,-0.019696252865344155,Face,Face+Body+Scene,ssim,3
292,0.0002196197512921369,Face,Face+Body+Scene,ssim,3
295,-0.018695046213806212,Face,Face+Body+Scene,ssim,3
340,-0.005214264968386271,Face,Face+Body+Scene,ssim,3
375,-0.0015439789057354336,Face,Face+Body+Scene,ssim,3
384,-0.0046869137711332805,Face,Face+Body+Scene,ssim,3
415,-0.0032800700880576475,Face,Face+Body+Scene,ssim,3
434,4.032701095628711e-05,Face,Face+Body+Scene,ssim,3
465,0.0011200997234247663,Face,Face+Body+Scene,ssim,3
498,-0.021419311924870916,Face,Face+Body+Scene,ssim,3
507,-0.005690913691032691,Face,Face+Body+Scene,ssim,3
529,0.003444181410286932,Face,Face+Body+Scene,ssim,3
561,-0.005143691548745301,Face,Face+Body+Scene,ssim,3
588,-0.0037927731580828313,Face,Face+Body+Scene,ssim,3
606,-0.0021938954662385564,Face,Face+Body+Scene,ssim,3
678,-0.0143789310464276,Face,Face+Body+Scene,ssim,3
708,-0.011373078640974992,Face,Face+Body+Scene,ssim,3
756,-0.05370408700680632,Face,Face+Body+Scene,ssim,3
762,-0.0038746073127879786,Face,Face+Body+Scene,ssim,3
781,0.01555245481040486,Face,Face+Body+Scene,ssim,3
789,0.0014958473023654144,Face,Face+Body+Scene,ssim,3
817,-0.006050222976070823,Face,Face+Body+Scene,ssim,3
820,-0.0009051157913540076,Face,Face+Body+Scene,ssim,3
838,-0.0010070456060719323,Face,Face+Body+Scene,ssim,3
877,0.011039354154752415,Face,Face+Body+Scene,ssim,3
887,0.002482620286121342,Face,Face+Body+Scene,ssim,3
973,0.007228010255650552,Face,Face+Body+Scene,ssim,3
1,-0.004251444339752198,Face,Face+Body+Scene,lpips,3
16,-0.006804215908050537,Face,Face+Body+Scene,lpips,3
20,0.02156217892964681,Face,Face+Body+Scene,lpips,3
51,0.011396718025207518,Face,Face+Body+Scene,lpips,3
77,-0.002791619300842285,Face,Face+Body+Scene,lpips,3
135,-0.0030080119768778487,Face,Face+Body+Scene,lpips,3
158,-0.007005345821380615,Face,Face+Body+Scene,lpips,3
177,-0.015552639961242676,Face,Face+Body+Scene,lpips,3
188,-0.005589834849039715,Face,Face+Body+Scene,lpips,3
218,-0.0005654533704121907,Face,Face+Body+Scene,lpips,3
287,0.010789954662322998,Face,Face+Body+Scene,lpips,3
292,-0.0006925026575724276,Face,Face+Body+Scene,lpips,3
295,0.015636491775512695,Face,Face+Body+Scene,lpips,3
340,-0.005173770586649576,Face,Face+Body+Scene,lpips,3
375,0.010793407758076986,Face,Face+Body+Scene,lpips,3
384,0.004936440785725912,Face,Face+Body+Scene,lpips,3
415,0.0037369012832641608,Face,Face+Body+Scene,lpips,3
434,-0.003939497470855713,Face,Face+Body+Scene,lpips,3
465,-0.015358126163482665,Face,Face+Body+Scene,lpips,3
498,0.005645000934600829,Face,Face+Body+Scene,lpips,3
507,0.005020252863566082,Face,Face+Body+Scene,lpips,3
529,-0.0034886678059895837,Face,Face+Body+Scene,lpips,3
561,-0.003453528881072998,Face,Face+Body+Scene,lpips,3
588,0.004695212841033935,Face,Face+Body+Scene,lpips,3
606,0.011151866118113201,Face,Face+Body+Scene,lpips,3
678,0.01022187074025472,Face,Face+Body+Scene,lpips,3
708,0.005536139011383057,Face,Face+Body+Scene,lpips,3
756,0.01046323776245117,Face,Face+Body+Scene,lpips,3
762,-0.002700157960255941,Face,Face+Body+Scene,lpips,3
781,-0.006421542167663575,Face,Face+Body+Scene,lpips,3
789,-0.0011439641316731773,Face,Face+Body+Scene,lpips,3
817,0.008314255873362224,Face,Face+Body+Scene,lpips,3
820,0.006896289189656575,Face,Face+Body+Scene,lpips,3
838,-0.0051810065905253085,Face,Face+Body+Scene,lpips,3
877,0.01586037476857503,Face,Face+Body+Scene,lpips,3
887,0.01657682259877523,Face,Face+Body+Scene,lpips,3
973,-8.45193862915039e-05,Face,Face+Body+Scene,lpips,3
1,-0.06582854588826498,Face,Face+Body+Scene,clip,3
16,0.020187636216481526,Face,Face+Body+Scene,clip,3
20,-0.015814244747161865,Face,Face+Body+Scene,clip,3
51,0.036142762502034506,Face,Face+Body+Scene,clip,3
77,-0.01947182814280192,Face,Face+Body+Scene,clip,3
135,0.03219504157702128,Face,Face+Body+Scene,clip,3
158,-0.010447623332341512,Face,Face+Body+Scene,clip,3
177,-0.02368957201639811,Face,Face+Body+Scene,clip,3
188,0.010719913244247434,Face,Face+Body+Scene,clip,3
218,0.060802414019902544,Face,Face+Body+Scene,clip,3
287,0.023068346579869586,Face,Face+Body+Scene,clip,3
292,-0.001019165913263953,Face,Face+Body+Scene,clip,3
295,0.01565281649430593,Face,Face+Body+Scene,clip,3
340,0.011791292826334634,Face,Face+Body+Scene,clip,3
375,-0.007902195056279501,Face,Face+Body+Scene,clip,3
384,-0.019862270355224608,Face,Face+Body+Scene,clip,3
415,0.0014550844828287747,Face,Face+Body+Scene,clip,3
434,-0.009415107965469358,Face,Face+Body+Scene,clip,3
465,0.007382126649220784,Face,Face+Body+Scene,clip,3
498,0.015691294272740682,Face,Face+Body+Scene,clip,3
507,0.007379812002182008,Face,Face+Body+Scene,clip,3
529,-0.026386408011118568,Face,Face+Body+Scene,clip,3
561,0.02425985336303711,Face,Face+Body+Scene,clip,3
588,-0.015142428874969483,Face,Face+Body+Scene,clip,3
606,0.040108527739842734,Face,Face+Body+Scene,clip,3
678,-0.04988975524902344,Face,Face+Body+Scene,clip,3
708,0.004059906800587972,Face,Face+Body+Scene,clip,3
756,0.02221085826555888,Face,Face+Body+Scene,clip,3
762,-0.02733632723490397,Face,Face+Body+Scene,clip,3
781,-0.009752221902211505,Face,Face+Body+Scene,clip,3
789,0.010031372308731079,Face,Face+Body+Scene,clip,3
817,-0.0033292373021443686,Face,Face+Body+Scene,clip,3
820,0.007617259025573729,Face,Face+Body+Scene,clip,3
838,-0.0312133530775706,Face,Face+Body+Scene,clip,3
877,-0.04162094195683797,Face,Face+Body+Scene,clip,3
887,0.11432993014653525,Face,Face+Body+Scene,clip,3
973,-0.03857719699541728,Face,Face+Body+Scene,clip,3
1,-0.08676793376604715,Face,Face+Body+Scene,dino,3
16,0.0024902846664190295,Face,Face+Body+Scene,dino,3
20,-0.054527156551678974,Face,Face+Body+Scene,dino,3
51,0.027135593692461647,Face,Face+Body+Scene,dino,3
77,0.026286601896087326,Face,Face+Body+Scene,dino,3
135,0.00037478456894556494,Face,Face+Body+Scene,dino,3
158,0.007347692052523294,Face,Face+Body+Scene,dino,3
177,-0.00718113879362742,Face,Face+Body+Scene,dino,3
188,-0.0038802501124640316,Face,Face+Body+Scene,dino,3
218,0.013570684939622879,Face,Face+Body+Scene,dino,3
287,0.002328425645828247,Face,Face+Body+Scene,dino,3
292,0.016690260668595632,Face,Face+Body+Scene,dino,3
295,-0.02738616516192754,Face,Face+Body+Scene,dino,3
340,0.03763961593310038,Face,Face+Body+Scene,dino,3
375,-0.0005695533007383345,Face,Face+Body+Scene,dino,3
384,0.020774845282236738,Face,Face+Body+Scene,dino,3
415,0.055686161418755854,Face,Face+Body+Scene,dino,3
434,-0.02084046204884847,Face,Face+Body+Scene,dino,3
465,0.021202209095160168,Face,Face+Body+Scene,dino,3
498,-0.06548022826512655,Face,Face+Body+Scene,dino,3
507,0.004799912373224894,Face,Face+Body+Scene,dino,3
529,0.00946291635433833,Face,Face+Body+Scene,dino,3
561,-0.02326411952575048,Face,Face+Body+Scene,dino,3
588,-0.034436716946462796,Face,Face+Body+Scene,dino,3
606,0.0841648928821087,Face,Face+Body+Scene,dino,3
678,-0.15316719313462576,Face,Face+Body+Scene,dino,3
708,0.06514340837796528,Face,Face+Body+Scene,dino,3
756,0.0034973243872324644,Face,Face+Body+Scene,dino,3
762,0.002391570806503296,Face,Face+Body+Scene,dino,3
781,-0.06314508318901062,Face,Face+Body+Scene,dino,3
789,0.021416846414407095,Face,Face+Body+Scene,dino,3
817,-0.004749643305937449,Face,Face+Body+Scene,dino,3
820,-0.007898737490177157,Face,Face+Body+Scene,dino,3
838,-0.018415326376756032,Face,Face+Body+Scene,dino,3
877,-0.06892081797122955,Face,Face+Body+Scene,dino,3
887,0.1252338148653507,Face,Face+Body+Scene,dino,3
973,0.0269048069914182,Face,Face+Body+Scene,dino,3
1,-0.001763077576955159,Face,Face+Body+Scene,face_lpips,3
16,0.00198494593302409,Face,Face+Body+Scene,face_lpips,3
20,0.023666405677795408,Face,Face+Body+Scene,face_lpips,3
51,0.031549930572509766,Face,Face+Body+Scene,face_lpips,3
77,0.023496973514556884,Face,Face+Body+Scene,face_lpips,3
135,0.023335226376851398,Face,Face+Body+Scene,face_lpips,3
158,-0.017694067955017087,Face,Face+Body+Scene,face_lpips,3
177,0.011856019496917725,Face,Face+Body+Scene,face_lpips,3
188,0.012074549992879232,Face,Face+Body+Scene,face_lpips,3
218,-0.009515889485677083,Face,Face+Body+Scene,face_lpips,3
287,-0.001642727851867676,Face,Face+Body+Scene,face_lpips,3
292,0.0003932833671569814,Face,Face+Body+Scene,face_lpips,3
295,0.04587956269582113,Face,Face+Body+Scene,face_lpips,3
340,0.02003609736760457,Face,Face+Body+Scene,face_lpips,3
375,-0.013586064179738363,Face,Face+Body+Scene,face_lpips,3
384,0.015127567450205485,Face,Face+Body+Scene,face_lpips,3
415,0.010704994201660156,Face,Face+Body+Scene,face_lpips,3
434,0.018586985270182294,Face,Face+Body+Scene,face_lpips,3
465,-0.012623810768127441,Face,Face+Body+Scene,face_lpips,3
498,-0.0056761900583903,Face,Face+Body+Scene,face_lpips,3
507,-0.0002753853797912596,Face,Face+Body+Scene,face_lpips,3
529,-0.013148796558380126,Face,Face+Body+Scene,face_lpips,3
561,-0.010280664761861165,Face,Face+Body+Scene,face_lpips,3
588,0.029026234149932856,Face,Face+Body+Scene,face_lpips,3
606,0.0012890656789143874,Face,Face+Body+Scene,face_lpips,3
678,0.010154338677724204,Face,Face+Body+Scene,face_lpips,3
708,-0.013622256120045981,Face,Face+Body+Scene,face_lpips,3
756,0.06018937826156615,Face,Face+Body+Scene,face_lpips,3
762,0.02804071505864461,Face,Face+Body+Scene,face_lpips,3
781,-0.004723060131072998,Face,Face+Body+Scene,face_lpips,3
789,-0.0008875489234924317,Face,Face+Body+Scene,face_lpips,3
817,0.01161584059397379,Face,Face+Body+Scene,face_lpips,3
820,0.0008986075719197607,Face,Face+Body+Scene,face_lpips,3
838,0.007355105876922607,Face,Face+Body+Scene,face_lpips,3
877,0.05861779848734538,Face,Face+Body+Scene,face_lpips,3
887,0.02521413564682007,Face,Face+Body+Scene,face_lpips,3
973,0.024587217966715494,Face,Face+Body+Scene,face_lpips,3
1,-0.05513885269562404,Face,Face+Body+Scene,face_dino,3
16,0.021236853798230492,Face,Face+Body+Scene,face_dino,3
20,0.03505122760931651,Face,Face+Body+Scene,face_dino,3
51,-0.024258968606591227,Face,Face+Body+Scene,face_dino,3
77,-0.0035793890555699663,Face,Face+Body+Scene,face_dino,3
135,-0.013842330376307173,Face,Face+Body+Scene,face_dino,3
158,0.010694320996602377,Face,Face+Body+Scene,face_dino,3
177,0.04379973908265431,Face,Face+Body+Scene,face_dino,3
188,0.0012157961726188687,Face,Face+Body+Scene,face_dino,3
218,-0.0026462634404500335,Face,Face+Body+Scene,face_dino,3
287,0.03894355793793996,Face,Face+Body+Scene,face_dino,3
292,-0.03292825023333232,Face,Face+Body+Scene,face_dino,3
295,0.02826310467595855,Face,Face+Body+Scene,face_dino,3
340,-0.005307223399480182,Face,Face+Body+Scene,face_dino,3
375,-0.0025289709369341537,Face,Face+Body+Scene,face_dino,3
384,-0.03610313634077708,Face,Face+Body+Scene,face_dino,3
415,-0.01840880612532297,Face,Face+Body+Scene,face_dino,3
434,-0.0006118173400561019,Face,Face+Body+Scene,face_dino,3
465,-0.035049219926198326,Face,Face+Body+Scene,face_dino,3
498,0.035124347607294715,Face,Face+Body+Scene,face_dino,3
507,-0.03298535645008087,Face,Face+Body+Scene,face_dino,3
529,-0.0039040637513001763,Face,Face+Body+Scene,face_dino,3
561,-0.008483838041623434,Face,Face+Body+Scene,face_dino,3
588,-0.0023853242397308357,Face,Face+Body+Scene,face_dino,3
606,0.0020714566111564637,Face,Face+Body+Scene,face_dino,3
678,-0.04705762267112732,Face,Face+Body+Scene,face_dino,3
708,-0.02030798991521199,Face,Face+Body+Scene,face_dino,3
756,-0.046823265155156446,Face,Face+Body+Scene,face_dino,3
762,0.004128591219584146,Face,Face+Body+Scene,face_dino,3
781,-0.022427837178111077,Face,Face+Body+Scene,face_dino,3
789,0.06832545896371205,Face,Face+Body+Scene,face_dino,3
817,-0.03181232735514641,Face,Face+Body+Scene,face_dino,3
820,-0.023410915335019433,Face,Face+Body+Scene,face_dino,3
838,-0.005883824576934177,Face,Face+Body+Scene,face_dino,3
877,-0.016200392693281173,Face,Face+Body+Scene,face_dino,3
887,0.05259765386581421,Face,Face+Body+Scene,face_dino,3
973,0.021692529320716858,Face,Face+Body+Scene,face_dino,3
1,0.13333333333333333,Face,Face+Body+Scene,face_detection_success,3
16,0.0,Face,Face+Body+Scene,face_detection_success,3
20,0.13333333333333333,Face,Face+Body+Scene,face_detection_success,3
51,0.0,Face,Face+Body+Scene,face_detection_success,3
77,-0.3333333333333333,Face,Face+Body+Scene,face_detection_success,3
135,0.0,Face,Face+Body+Scene,face_detection_success,3
158,0.0,Face,Face+Body+Scene,face_detection_success,3
177,0.0,Face,Face+Body+Scene,face_detection_success,3
188,0.06666666666666667,Face,Face+Body+Scene,face_detection_success,3
218,-0.26666666666666666,Face,Face+Body+Scene,face_detection_success,3
287,0.1333333333333334,Face,Face+Body+Scene,face_detection_success,3
292,-0.26666666666666666,Face,Face+Body+Scene,face_detection_success,3
295,-0.19999999999999998,Face,Face+Body+Scene,face_detection_success,3
340,0.0,Face,Face+Body+Scene,face_detection_success,3
375,0.26666666666666666,Face,Face+Body+Scene,face_detection_success,3
384,0.0,Face,Face+Body+Scene,face_detection_success,3
415,0.0,Face,Face+Body+Scene,face_detection_success,3
434,0.3333333333333333,Face,Face+Body+Scene,face_detection_success,3
465,0.0,Face,Face+Body+Scene,face_detection_success,3
498,0.13333333333333333,Face,Face+Body+Scene,face_detection_success,3
507,0.0666666666666667,Face,Face+Body+Scene,face_detection_success,3
529,-0.19999999999999998,Face,Face+Body+Scene,face_detection_success,3
561,0.0,Face,Face+Body+Scene,face_detection_success,3
588,0.06666666666666667,Face,Face+Body+Scene,face_detection_success,3
606,-0.13333333333333333,Face,Face+Body+Scene,face_detection_success,3
678,-0.26666666666666666,Face,Face+Body+Scene,face_detection_success,3
708,0.0,Face,Face+Body+Scene,face_detection_success,3
756,-0.3333333333333333,Face,Face+Body+Scene,face_detection_success,3
762,-0.20000000000000007,Face,Face+Body+Scene,face_detection_success,3
781,0.0,Face,Face+Body+Scene,face_detection_success,3
789,-0.0666666666666667,Face,Face+Body+Scene,face_detection_success,3
817,-0.5333333333333333,Face,Face+Body+Scene,face_detection_success,3
820,-0.26666666666666666,Face,Face+Body+Scene,face_detection_success,3
838,0.20000000000000004,Face,Face+Body+Scene,face_detection_success,3
877,0.3333333333333333,Face,Face+Body+Scene,face_detection_success,3
887,-0.19999999999999996,Face,Face+Body+Scene,face_detection_success,3
973,-0.4666666666666666,Face,Face+Body+Scene,face_detection_success,3
1,-0.003301242420593738,Face,Face+Body,pixel_corr,3
16,-0.004089759890620405,Face,Face+Body,pixel_corr,3
20,0.00039242029729003443,Face,Face+Body,pixel_corr,3
51,-0.00427644480130093,Face,Face+Body,pixel_corr,3
77,0.0051762167130586885,Face,Face+Body,pixel_corr,3
135,-0.006575891404127866,Face,Face+Body,pixel_corr,3
158,0.0004793750804423791,Face,Face+Body,pixel_corr,3
177,0.018194879269841348,Face,Face+Body,pixel_corr,3
188,0.0004978773876762951,Face,Face+Body,pixel_corr,3
218,-0.002937170217354091,Face,Face+Body,pixel_corr,3
287,-0.0366729531105733,Face,Face+Body,pixel_corr,3
292,-0.0028573708501232024,Face,Face+Body,pixel_corr,3
295,-0.0019147677624572802,Face,Face+Body,pixel_corr,3
340,-1.0070732233754866e-07,Face,Face+Body,pixel_corr,3
375,0.004615075645569215,Face,Face+Body,pixel_corr,3
384,-0.004464970011866651,Face,Face+Body,pixel_corr,3
415,-0.0006151319499642186,Face,Face+Body,pixel_corr,3
434,0.0005775218560915849,Face,Face+Body,pixel_corr,3
465,-0.013673530579224545,Face,Face+Body,pixel_corr,3
498,0.00021521082138897113,Face,Face+Body,pixel_corr,3
507,-0.0036289605236472233,Face,Face+Body,pixel_corr,3
529,-0.0038069057011761707,Face,Face+Body,pixel_corr,3
561,-0.005337227419360958,Face,Face+Body,pixel_corr,3
588,-0.009927005396246143,Face,Face+Body,pixel_corr,3
606,0.0020793587483525144,Face,Face+Body,pixel_corr,3
678,-0.013531893264228175,Face,Face+Body,pixel_corr,3
708,0.009975498722373329,Face,Face+Body,pixel_corr,3
756,-0.03444294136561787,Face,Face+Body,pixel_corr,3
762,-0.0015881973423519191,Face,Face+Body,pixel_corr,3
781,0.010716924576529042,Face,Face+Body,pixel_corr,3
789,0.00018541078786098522,Face,Face+Body,pixel_corr,3
817,-0.005009373794855961,Face,Face+Body,pixel_corr,3
820,0.007586225237389059,Face,Face+Body,pixel_corr,3
838,-0.0009181200890635994,Face,Face+Body,pixel_corr,3
877,-0.01219655652598199,Face,Face+Body,pixel_corr,3
887,-0.01678004098885569,Face,Face+Body,pixel_corr,3
973,-0.00684383123161134,Face,Face+Body,pixel_corr,3
1,-0.0016229703444177953,Face,Face+Body,ssim,3
16,-0.004591571601171781,Face,Face+Body,ssim,3
20,-0.0007743204503169008,Face,Face+Body,ssim,3
51,0.0012508446006682776,Face,Face+Body,ssim,3
77,-0.002970518815723366,Face,Face+Body,ssim,3
135,-0.0062915118137074994,Face,Face+Body,ssim,3
158,-0.0023355232532570364,Face,Face+Body,ssim,3
177,-0.0012138533934521317,Face,Face+Body,ssim,3
188,-0.018673277800999866,Face,Face+Body,ssim,3
218,-0.0011078420677030816,Face,Face+Body,ssim,3
287,-0.015215277256861405,Face,Face+Body,ssim,3
292,0.020179255499288142,Face,Face+Body,ssim,3
295,-0.007645878802420992,Face,Face+Body,ssim,3
340,-0.002401124995093438,Face,Face+Body,ssim,3
375,-0.0003205648921024965,Face,Face+Body,ssim,3
384,-0.004616342486188678,Face,Face+Body,ssim,3
415,0.009311605229011406,Face,Face+Body,ssim,3
434,-0.00011692905444258093,Face,Face+Body,ssim,3
465,0.0012485813876501476,Face,Face+Body,ssim,3
498,-0.003451959976328519,Face,Face+Body,ssim,3
507,0.004112012868463074,Face,Face+Body,ssim,3
529,0.0004664076029863038,Face,Face+Body,ssim,3
561,0.0029969920348201138,Face,Face+Body,ssim,3
588,0.0009722252888927028,Face,Face+Body,ssim,3
606,-0.001008392580183052,Face,Face+Body,ssim,3
678,-0.005711240491150152,Face,Face+Body,ssim,3
708,-0.004412068104211363,Face,Face+Body,ssim,3
756,-0.008848902937386575,Face,Face+Body,ssim,3
762,-0.0034456675824034466,Face,Face+Body,ssim,3
781,-0.0031847424417244564,Face,Face+Body,ssim,3
789,0.005585626972864333,Face,Face+Body,ssim,3
817,-0.014717552939052208,Face,Face+Body,ssim,3
820,-0.006475421866052254,Face,Face+Body,ssim,3
838,0.0028394333921435908,Face,Face+Body,ssim,3
877,-0.0017784927525408202,Face,Face+Body,ssim,3
887,-0.005495278913765063,Face,Face+Body,ssim,3
973,0.004207981307043396,Face,Face+Body,ssim,3
1,-0.00948553482691447,Face,Face+Body,lpips,3
16,-0.007003557682037354,Face,Face+Body,lpips,3
20,-0.002700952688852946,Face,Face+Body,lpips,3
51,-0.012731321652730306,Face,Face+Body,lpips,3
77,-0.006441068649291992,Face,Face+Body,lpips,3
135,-0.0067526499430338545,Face,Face+Body,lpips,3
158,-0.0029345075289408363,Face,Face+Body,lpips,3
177,0.004503305753072103,Face,Face+Body,lpips,3
188,0.01610391139984131,Face,Face+Body,lpips,3
218,-0.0082406481107076,Face,Face+Body,lpips,3
287,5.9970219930012905e-05,Face,Face+Body,lpips,3
292,-0.011646095911661785,Face,Face+Body,lpips,3
295,0.02974051634470622,Face,Face+Body,lpips,3
340,-0.004913489023844401,Face,Face+Body,lpips,3
375,0.0064050078392028816,Face,Face+Body,lpips,3
384,0.0025299032529195148,Face,Face+Body,lpips,3
415,-0.016364049911499024,Face,Face+Body,lpips,3
434,0.0021619757016499833,Face,Face+Body,lpips,3
465,0.003978419303894043,Face,Face+Body,lpips,3
498,-0.002136874198913574,Face,Face+Body,lpips,3
507,-0.011693449815114339,Face,Face+Body,lpips,3
529,-0.0004324356714884442,Face,Face+Body,lpips,3
561,-0.0015328129132588704,Face,Face+Body,lpips,3
588,-0.005558133125305176,Face,Face+Body,lpips,3
606,0.0049185514450073246,Face,Face+Body,lpips,3
678,0.04587012926737468,Face,Face+Body,lpips,3
708,0.003757103284200033,Face,Face+Body,lpips,3
756,-0.015530176957448323,Face,Face+Body,lpips,3
762,0.0010236660639444982,Face,Face+Body,lpips,3
781,0.009696745872497558,Face,Face+Body,lpips,3
789,-0.003085800011952718,Face,Face+Body,lpips,3
817,-9.06507174173992e-05,Face,Face+Body,lpips,3
820,-0.0046313802401224775,Face,Face+Body,lpips,3
838,-0.0028675357500712075,Face,Face+Body,lpips,3
877,-0.005371785163879394,Face,Face+Body,lpips,3
887,-0.0010699828465779626,Face,Face+Body,lpips,3
973,-0.006266462802886963,Face,Face+Body,lpips,3
1,-0.043240733941396076,Face,Face+Body,clip,3
16,-0.018635904788970946,Face,Face+Body,clip,3
20,0.008470849196116131,Face,Face+Body,clip,3
51,-0.0027231434981028237,Face,Face+Body,clip,3
77,0.0032600820064544677,Face,Face+Body,clip,3
135,-0.017769805590311685,Face,Face+Body,clip,3
158,0.0038012822469075517,Face,Face+Body,clip,3
177,0.008622940381368,Face,Face+Body,clip,3
188,0.02727521061897278,Face,Face+Body,clip,3
218,-0.01821540395418803,Face,Face+Body,clip,3
287,0.01811400651931763,Face,Face+Body,clip,3
292,-0.025904675324757893,Face,Face+Body,clip,3
295,0.08138822416464488,Face,Face+Body,clip,3
340,-0.020567909876505534,Face,Face+Body,clip,3
375,0.010312026739120484,Face,Face+Body,clip,3
384,-0.022543513774871824,Face,Face+Body,clip,3
415,0.04973861773808797,Face,Face+Body,clip,3
434,-0.000580958525339763,Face,Face+Body,clip,3
465,0.0003181278705596917,Face,Face+Body,clip,3
498,-0.005970182021458944,Face,Face+Body,clip,3
507,0.011476151148478187,Face,Face+Body,clip,3
529,-0.009385220209757487,Face,Face+Body,clip,3
561,-0.0017817139625549313,Face,Face+Body,clip,3
588,-0.0150909960269928,Face,Face+Body,clip,3
606,0.03502864837646485,Face,Face+Body,clip,3
678,0.027777818838755287,Face,Face+Body,clip,3
708,-0.02983482281366984,Face,Face+Body,clip,3
756,-0.01770041584968567,Face,Face+Body,clip,3
762,-0.04882039626439413,Face,Face+Body,clip,3
781,0.003789436817169189,Face,Face+Body,clip,3
789,0.015440958738327027,Face,Face+Body,clip,3
817,-0.0034435510635375984,Face,Face+Body,clip,3
820,-0.05568955540657044,Face,Face+Body,clip,3
838,-0.020962832371393837,Face,Face+Body,clip,3
877,-0.03708653052647908,Face,Face+Body,clip,3
887,-0.07610454559326173,Face,Face+Body,clip,3
973,0.009993211428324383,Face,Face+Body,clip,3
1,-0.04902167568604152,Face,Face+Body,dino,3
16,-0.009412196651101113,Face,Face+Body,dino,3
20,-0.021331334114074705,Face,Face+Body,dino,3
51,0.016946648185451826,Face,Face+Body,dino,3
77,0.011990186634163064,Face,Face+Body,dino,3
135,0.003394881387551625,Face,Face+Body,dino,3
158,-0.02055989603201548,Face,Face+Body,dino,3
177,-0.000912421941757203,Face,Face+Body,dino,3
188,0.044341561694939934,Face,Face+Body,dino,3
218,0.03329408839344978,Face,Face+Body,dino,3
287,0.008767550686995189,Face,Face+Body,dino,3
292,-0.03319960360725721,Face,Face+Body,dino,3
295,0.02859477282812199,Face,Face+Body,dino,3
340,0.008380626638730368,Face,Face+Body,dino,3
375,0.0005635021875301998,Face,Face+Body,dino,3
384,-0.017861729860305788,Face,Face+Body,dino,3
415,0.045913420865933106,Face,Face+Body,dino,3
434,-0.012442882855733237,Face,Face+Body,dino,3
465,-0.0033682982126871735,Face,Face+Body,dino,3
498,-0.00471607247988383,Face,Face+Body,dino,3
507,-0.004254015286763511,Face,Face+Body,dino,3
529,0.0014378150304158524,Face,Face+Body,dino,3
561,0.00046275754769643215,Face,Face+Body,dino,3
588,-0.012880120736857256,Face,Face+Body,dino,3
606,-0.014406879184146721,Face,Face+Body,dino,3
678,0.021263877054055528,Face,Face+Body,dino,3
708,0.059234295288721726,Face,Face+Body,dino,3
756,-0.05956056118011475,Face,Face+Body,dino,3
762,0.037462319930394485,Face,Face+Body,dino,3
781,0.02691897551218669,Face,Face+Body,dino,3
789,0.023525498310724896,Face,Face+Body,dino,3
817,-0.004580735166867575,Face,Face+Body,dino,3
820,-0.0213585689663887,Face,Face+Body,dino,3
838,0.01008703112602234,Face,Face+Body,dino,3
877,-0.013761627674102784,Face,Face+Body,dino,3
887,0.03173450430234273,Face,Face+Body,dino,3
973,0.03553338348865509,Face,Face+Body,dino,3
1,0.01159218152364095,Face,Face+Body,face_lpips,3
16,0.011122477054595946,Face,Face+Body,face_lpips,3
20,-0.003509624799092611,Face,Face+Body,face_lpips,3
51,0.015154099464416504,Face,Face+Body,face_lpips,3
77,0.0020537932713826502,Face,Face+Body,face_lpips,3
135,-0.004837989807128907,Face,Face+Body,face_lpips,3
158,-0.009010461966196696,Face,Face+Body,face_lpips,3
177,0.003751794497172037,Face,Face+Body,face_lpips,3
188,0.02172605593999227,Face,Face+Body,face_lpips,3
218,-0.002790164947509765,Face,Face+Body,face_lpips,3
287,-0.009059246381123862,Face,Face+Body,face_lpips,3
292,-0.014866960048675536,Face,Face+Body,face_lpips,3
295,-0.003944969177246093,Face,Face+Body,face_lpips,3
340,0.007247900962829591,Face,Face+Body,face_lpips,3
375,-0.002993488311767578,Face,Face+Body,face_lpips,3
384,0.011227389176686605,Face,Face+Body,face_lpips,3
415,-0.0073577165603637695,Face,Face+Body,face_lpips,3
434,0.01522644360860189,Face,Face+Body,face_lpips,3
465,0.005352218945821126,Face,Face+Body,face_lpips,3
498,0.002455325921376546,Face,Face+Body,face_lpips,3
507,-0.0024043599764506027,Face,Face+Body,face_lpips,3
529,-0.0031519412994384763,Face,Face+Body,face_lpips,3
561,-0.003985949357350667,Face,Face+Body,face_lpips,3
588,0.02054142951965332,Face,Face+Body,face_lpips,3
606,0.006470127900441489,Face,Face+Body,face_lpips,3
678,0.06106108824412027,Face,Face+Body,face_lpips,3
708,0.022902536392211917,Face,Face+Body,face_lpips,3
756,0.0005043188730875647,Face,Face+Body,face_lpips,3
762,0.011474573612213134,Face,Face+Body,face_lpips,3
781,0.012928124268849692,Face,Face+Body,face_lpips,3
789,0.005715004603068033,Face,Face+Body,face_lpips,3
817,-0.006799264748891195,Face,Face+Body,face_lpips,3
820,-0.012827873229980469,Face,Face+Body,face_lpips,3
838,-0.004233054320017497,Face,Face+Body,face_lpips,3
877,0.060977268218994136,Face,Face+Body,face_lpips,3
887,-0.05680486758550008,Face,Face+Body,face_lpips,3
973,0.008824368317921957,Face,Face+Body,face_lpips,3
1,-0.07159206469853718,Face,Face+Body,face_dino,3
16,-0.001517767707506814,Face,Face+Body,face_dino,3
20,0.019841367999712627,Face,Face+Body,face_dino,3
51,-0.014065832706789174,Face,Face+Body,face_dino,3
77,-0.021424035727977755,Face,Face+Body,face_dino,3
135,-0.0029444416364034034,Face,Face+Body,face_dino,3
158,-0.06302530666192373,Face,Face+Body,face_dino,3
177,0.006415886680285136,Face,Face+Body,face_dino,3
188,0.009850925952196124,Face,Face+Body,face_dino,3
218,0.050846530993779504,Face,Face+Body,face_dino,3
287,-0.008683868249257407,Face,Face+Body,face_dino,3
292,0.007027567426363627,Face,Face+Body,face_dino,3
295,0.07821206878870725,Face,Face+Body,face_dino,3
340,-0.053464043637116744,Face,Face+Body,face_dino,3
375,-0.006446239352226257,Face,Face+Body,face_dino,3
384,-0.032246107856432595,Face,Face+Body,face_dino,3
415,0.054913170138994855,Face,Face+Body,face_dino,3
434,-0.0063886404037475615,Face,Face+Body,face_dino,3
465,0.017486003041267396,Face,Face+Body,face_dino,3
498,-0.0020428200562794996,Face,Face+Body,face_dino,3
507,-0.01361957589785258,Face,Face+Body,face_dino,3
529,-0.02185454070568085,Face,Face+Body,face_dino,3
561,0.01960724393526713,Face,Face+Body,face_dino,3
588,-0.039749881625175475,Face,Face+Body,face_dino,3
606,0.022908964753150938,Face,Face+Body,face_dino,3
678,0.1704270475854476,Face,Face+Body,face_dino,3
708,-0.06585496465365091,Face,Face+Body,face_dino,3
756,-0.022830977042516076,Face,Face+Body,face_dino,3
762,-0.011192522446314494,Face,Face+Body,face_dino,3
781,0.014646118320524695,Face,Face+Body,face_dino,3
789,0.04885289371013641,Face,Face+Body,face_dino,3
817,0.01735386451085409,Face,Face+Body,face_dino,3
820,-0.026657245556513467,Face,Face+Body,face_dino,3
838,-0.012863973279794058,Face,Face+Body,face_dino,3
877,0.05024226854244868,Face,Face+Body,face_dino,3
887,-0.054532778263092045,Face,Face+Body,face_dino,3
973,0.04381306072076161,Face,Face+Body,face_dino,3
1,0.06666666666666667,Face,Face+Body,face_detection_success,3
16,0.0,Face,Face+Body,face_detection_success,3
20,0.0,Face,Face+Body,face_detection_success,3
51,0.06666666666666667,Face,Face+Body,face_detection_success,3
77,-0.0666666666666667,Face,Face+Body,face_detection_success,3
135,0.0,Face,Face+Body,face_detection_success,3
158,0.0,Face,Face+Body,face_detection_success,3
177,0.0,Face,Face+Body,face_detection_success,3
188,0.06666666666666667,Face,Face+Body,face_detection_success,3
218,-0.19999999999999998,Face,Face+Body,face_detection_success,3
287,-0.1333333333333333,Face,Face+Body,face_detection_success,3
292,-0.13333333333333333,Face,Face+Body,face_detection_success,3
295,-0.4000000000000001,Face,Face+Body,face_detection_success,3
340,0.13333333333333333,Face,Face+Body,face_detection_success,3
375,0.06666666666666667,Face,Face+Body,face_detection_success,3
384,0.0,Face,Face+Body,face_detection_success,3
415,-0.13333333333333333,Face,Face+Body,face_detection_success,3
434,0.13333333333333333,Face,Face+Body,face_detection_success,3
465,0.0,Face,Face+Body,face_detection_success,3
498,0.0,Face,Face+Body,face_detection_success,3
507,-0.3333333333333333,Face,Face+Body,face_detection_success,3
529,-0.13333333333333333,Face,Face+Body,face_detection_success,3
561,0.3333333333333333,Face,Face+Body,face_detection_success,3
588,0.0,Face,Face+Body,face_detection_success,3
606,-0.06666666666666667,Face,Face+Body,face_detection_success,3
678,0.0,Face,Face+Body,face_detection_success,3
708,-0.06666666666666665,Face,Face+Body,face_detection_success,3
756,0.0,Face,Face+Body,face_detection_success,3
762,0.0,Face,Face+Body,face_detection_success,3
781,0.3333333333333333,Face,Face+Body,face_detection_success,3
789,0.5333333333333333,Face,Face+Body,face_detection_success,3
817,0.0,Face,Face+Body,face_detection_success,3
820,0.46666666666666673,Face,Face+Body,face_detection_success,3
838,0.06666666666666667,Face,Face+Body,face_detection_success,3
877,-0.13333333333333333,Face,Face+Body,face_detection_success,3
887,-0.20000000000000004,Face,Face+Body,face_detection_success,3
973,-0.13333333333333333,Face,Face+Body,face_detection_success,3
1,0.0005767955820878493,Face,Face+Scene,pixel_corr,3
16,-0.019007197640672057,Face,Face+Scene,pixel_corr,3
20,-0.00602022192201862,Face,Face+Scene,pixel_corr,3
51,0.017914982787293855,Face,Face+Scene,pixel_corr,3
77,0.0009557635369046944,Face,Face+Scene,pixel_corr,3
135,-0.021005956137065962,Face,Face+Scene,pixel_corr,3
158,0.0040330752586010795,Face,Face+Scene,pixel_corr,3
177,-0.052492539374911495,Face,Face+Scene,pixel_corr,3
188,0.015092190823671766,Face,Face+Scene,pixel_corr,3
218,0.009225372071144182,Face,Face+Scene,pixel_corr,3
287,0.0076750792224060645,Face,Face+Scene,pixel_corr,3
292,0.00028680612724282995,Face,Face+Scene,pixel_corr,3
295,0.02391938017582827,Face,Face+Scene,pixel_corr,3
340,0.002666453648741155,Face,Face+Scene,pixel_corr,3
375,-0.008591461227172201,Face,Face+Scene,pixel_corr,3
384,0.001569660718321485,Face,Face+Scene,pixel_corr,3
415,-0.05000846781646021,Face,Face+Scene,pixel_corr,3
434,-0.009708482607427607,Face,Face+Scene,pixel_corr,3
465,0.026381823871400593,Face,Face+Scene,pixel_corr,3
498,0.004644534792385104,Face,Face+Scene,pixel_corr,3
507,0.017857477531547823,Face,Face+Scene,pixel_corr,3
529,0.007444631684932247,Face,Face+Scene,pixel_corr,3
561,-0.005059800885130088,Face,Face+Scene,pixel_corr,3
588,0.032212668166957115,Face,Face+Scene,pixel_corr,3
606,-0.01380775188942903,Face,Face+Scene,pixel_corr,3
678,0.02438058452613547,Face,Face+Scene,pixel_corr,3
708,-0.00035979083405694576,Face,Face+Scene,pixel_corr,3
756,-0.044362655867479416,Face,Face+Scene,pixel_corr,3
762,-0.005058807374312898,Face,Face+Scene,pixel_corr,3
781,-0.016545185062544984,Face,Face+Scene,pixel_corr,3
789,-0.008073618809613532,Face,Face+Scene,pixel_corr,3
817,0.002594763649204588,Face,Face+Scene,pixel_corr,3
820,0.006692502672420893,Face,Face+Scene,pixel_corr,3
838,-0.009520861510404493,Face,Face+Scene,pixel_corr,3
877,-0.005129431911153889,Face,Face+Scene,pixel_corr,3
887,-0.0010645349784394822,Face,Face+Scene,pixel_corr,3
973,0.012267443642575546,Face,Face+Scene,pixel_corr,3
1,0.0009071103281056776,Face,Face+Scene,ssim,3
16,0.0006473899281171054,Face,Face+Scene,ssim,3
20,-0.014729822368989195,Face,Face+Scene,ssim,3
51,-0.002344587112550263,Face,Face+Scene,ssim,3
77,-0.0012694065993218782,Face,Face+Scene,ssim,3
135,0.029413065855204173,Face,Face+Scene,ssim,3
158,-0.003894268289441781,Face,Face+Scene,ssim,3
177,-0.004797101471417408,Face,Face+Scene,ssim,3
188,-0.006013091195634154,Face,Face+Scene,ssim,3
218,0.004147185336134445,Face,Face+Scene,ssim,3
287,-0.0002626308291170276,Face,Face+Scene,ssim,3
292,-0.002591644395075787,Face,Face+Scene,ssim,3
295,0.002568075876676974,Face,Face+Scene,ssim,3
340,-0.0018430664347462615,Face,Face+Scene,ssim,3
375,-0.00022829408969549653,Face,Face+Scene,ssim,3
384,-0.006466913978585087,Face,Face+Scene,ssim,3
415,-0.001315049991806535,Face,Face+Scene,ssim,3
434,0.0027452549087906377,Face,Face+Scene,ssim,3
465,0.0012651562468246672,Face,Face+Scene,ssim,3
498,-0.011193167782875909,Face,Face+Scene,ssim,3
507,-0.024635405682714866,Face,Face+Scene,ssim,3
529,-0.00630852900963392,Face,Face+Scene,ssim,3
561,-0.0034453155276459573,Face,Face+Scene,ssim,3
588,-0.0021875416127585313,Face,Face+Scene,ssim,3
606,0.0024417023882471727,Face,Face+Scene,ssim,3
678,-0.02130328720882929,Face,Face+Scene,ssim,3
708,0.0014965990991997302,Face,Face+Scene,ssim,3
756,-0.010408562068089969,Face,Face+Scene,ssim,3
762,-0.0028757969529151217,Face,Face+Scene,ssim,3
781,0.027030811402126476,Face,Face+Scene,ssim,3
789,-0.0040365367001537625,Face,Face+Scene,ssim,3
817,0.0016076392846583257,Face,Face+Scene,ssim,3
820,0.008489159904483337,Face,Face+Scene,ssim,3
838,-0.003316545587355361,Face,Face+Scene,ssim,3
877,0.0017579975751302844,Face,Face+Scene,ssim,3
887,0.00366911825972366,Face,Face+Scene,ssim,3
973,0.004403518054982069,Face,Face+Scene,ssim,3
1,-0.007927000522613527,Face,Face+Scene,lpips,3
16,0.0007605632146199543,Face,Face+Scene,lpips,3
20,0.009914803504943849,Face,Face+Scene,lpips,3
51,0.0003749450047810879,Face,Face+Scene,lpips,3
77,-0.00024853547414143903,Face,Face+Scene,lpips,3
135,0.04336054325103759,Face,Face+Scene,lpips,3
158,0.008702437082926432,Face,Face+Scene,lpips,3
177,-0.011861197153727214,Face,Face+Scene,lpips,3
188,0.008554184436798095,Face,Face+Scene,lpips,3
218,-0.011803845564524332,Face,Face+Scene,lpips,3
287,-8.827447891235352e-05,Face,Face+Scene,lpips,3
292,-0.00403066078821818,Face,Face+Scene,lpips,3
295,-0.0273495356241862,Face,Face+Scene,lpips,3
340,-0.004128078619639079,Face,Face+Scene,lpips,3
375,0.0013839642206827797,Face,Face+Scene,lpips,3
384,0.011235940456390382,Face,Face+Scene,lpips,3
415,-0.0061272422472635904,Face,Face+Scene,lpips,3
434,-0.006042297681172689,Face,Face+Scene,lpips,3
465,-0.011715551217397055,Face,Face+Scene,lpips,3
498,0.004575645923614501,Face,Face+Scene,lpips,3
507,0.004217215379079184,Face,Face+Scene,lpips,3
529,-0.00454874833424886,Face,Face+Scene,lpips,3
561,-0.0031068841616312664,Face,Face+Scene,lpips,3
588,0.002304104963938395,Face,Face+Scene,lpips,3
606,-0.0026998082796732582,Face,Face+Scene,lpips,3
678,-0.0018173058827718098,Face,Face+Scene,lpips,3
708,0.00037787357966105145,Face,Face+Scene,lpips,3
756,-0.004749890168507894,Face,Face+Scene,lpips,3
762,0.0005840698877970377,Face,Face+Scene,lpips,3
781,0.013923557599385579,Face,Face+Scene,lpips,3
789,-0.0015907843907674156,Face,Face+Scene,lpips,3
817,0.008615179856618244,Face,Face+Scene,lpips,3
820,-0.00019516150156656935,Face,Face+Scene,lpips,3
838,-0.0009272098541259766,Face,Face+Scene,lpips,3
877,0.011871735254923502,Face,Face+Scene,lpips,3
887,0.014804689089457194,Face,Face+Scene,lpips,3
973,-0.0008219957351684569,Face,Face+Scene,lpips,3
1,-0.046568381786346424,Face,Face+Scene,clip,3
16,-0.025066878398259478,Face,Face+Scene,clip,3
20,-0.02897434830665588,Face,Face+Scene,clip,3
51,-0.02664961020151774,Face,Face+Scene,clip,3
77,-0.001460713148117065,Face,Face+Scene,clip,3
135,0.06602994799613952,Face,Face+Scene,clip,3
158,-0.03002048333485921,Face,Face+Scene,clip,3
177,-0.011948184172312417,Face,Face+Scene,clip,3
188,-0.013667509953180947,Face,Face+Scene,clip,3
218,0.03392609755198161,Face,Face+Scene,clip,3
287,0.008680222431818643,Face,Face+Scene,clip,3
292,-0.022169705231984454,Face,Face+Scene,clip,3
295,-0.06745815674463908,Face,Face+Scene,clip,3
340,-0.008594298362731935,Face,Face+Scene,clip,3
375,0.0008638064066569014,Face,Face+Scene,clip,3
384,-0.013894355297088622,Face,Face+Scene,clip,3
415,0.010995606581370035,Face,Face+Scene,clip,3
434,-0.055913730462392175,Face,Face+Scene,clip,3
465,0.002185891071955363,Face,Face+Scene,clip,3
498,0.01133246819178263,Face,Face+Scene,clip,3
507,0.025171273946762083,Face,Face+Scene,clip,3
529,-0.024084071318308514,Face,Face+Scene,clip,3
561,0.025767328341801964,Face,Face+Scene,clip,3
588,-0.012358383337656655,Face,Face+Scene,clip,3
606,0.02529911001523336,Face,Face+Scene,clip,3
678,-0.03381220897038777,Face,Face+Scene,clip,3
708,-0.045510824521382644,Face,Face+Scene,clip,3
756,0.024843957026799517,Face,Face+Scene,clip,3
762,-0.020075579484303795,Face,Face+Scene,clip,3
781,-0.03351874351501465,Face,Face+Scene,clip,3
789,0.008218783140182493,Face,Face+Scene,clip,3
817,0.019286135832468666,Face,Face+Scene,clip,3
820,0.05055387814839681,Face,Face+Scene,clip,3
838,-0.05739977359771729,Face,Face+Scene,clip,3
877,-0.02133144934972127,Face,Face+Scene,clip,3
887,0.09894903103510538,Face,Face+Scene,clip,3
973,0.03983632524808248,Face,Face+Scene,clip,3
1,-0.024438842137654626,Face,Face+Scene,dino,3
16,-0.02956252104292313,Face,Face+Scene,dino,3
20,-0.06263090074062348,Face,Face+Scene,dino,3
51,-0.0012425310288866353,Face,Face+Scene,dino,3
77,-0.0016199830919504169,Face,Face+Scene,dino,3
135,0.004771637916564942,Face,Face+Scene,dino,3
158,-0.025485469649235412,Face,Face+Scene,dino,3
177,-0.018004849553108212,Face,Face+Scene,dino,3
188,-0.025053011936446032,Face,Face+Scene,dino,3
218,-0.05715080465500554,Face,Face+Scene,dino,3
287,0.008823438982168834,Face,Face+Scene,dino,3
292,0.016700512170791628,Face,Face+Scene,dino,3
295,-0.13911241237074137,Face,Face+Scene,dino,3
340,0.02920800050099691,Face,Face+Scene,dino,3
375,-0.004030373816688857,Face,Face+Scene,dino,3
384,0.04031344850858052,Face,Face+Scene,dino,3
415,0.04141727089881898,Face,Face+Scene,dino,3
434,-0.08934979935487113,Face,Face+Scene,dino,3
465,0.01743600219488144,Face,Face+Scene,dino,3
498,-0.11501476267973582,Face,Face+Scene,dino,3
507,0.009896056354045868,Face,Face+Scene,dino,3
529,-0.033502130707105005,Face,Face+Scene,dino,3
561,0.05233980913956959,Face,Face+Scene,dino,3
588,-0.02014835327863693,Face,Face+Scene,dino,3
606,0.08932010879119238,Face,Face+Scene,dino,3
678,-0.13712607448299727,Face,Face+Scene,dino,3
708,-0.01248397429784139,Face,Face+Scene,dino,3
756,-0.05894944369792938,Face,Face+Scene,dino,3
762,-0.010395107666651407,Face,Face+Scene,dino,3
781,-0.052558559179306026,Face,Face+Scene,dino,3
789,0.01451785216728846,Face,Face+Scene,dino,3
817,0.017713548243045812,Face,Face+Scene,dino,3
820,-0.0029269352555274936,Face,Face+Scene,dino,3
838,-0.02306902309258779,Face,Face+Scene,dino,3
877,-0.04782218933105469,Face,Face+Scene,dino,3
887,0.07820348689953487,Face,Face+Scene,dino,3
973,0.009541395306587217,Face,Face+Scene,dino,3
1,-0.019221222400665285,Face,Face+Scene,face_lpips,3
16,-0.009751864274342855,Face,Face+Scene,face_lpips,3
20,0.018932672341664635,Face,Face+Scene,face_lpips,3
51,0.012568990389506022,Face,Face+Scene,face_lpips,3
77,-0.002418442567189536,Face,Face+Scene,face_lpips,3
135,0.022822411855061845,Face,Face+Scene,face_lpips,3
158,-0.000957767168680828,Face,Face+Scene,face_lpips,3
177,0.010442678133646648,Face,Face+Scene,face_lpips,3
188,0.0369416077931722,Face,Face+Scene,face_lpips,3
218,-0.04248325427373251,Face,Face+Scene,face_lpips,3
287,0.005877741177876791,Face,Face+Scene,face_lpips,3
292,-0.0033712267875671393,Face,Face+Scene,face_lpips,3
295,0.05346179405848186,Face,Face+Scene,face_lpips,3
340,-0.01273107926050822,Face,Face+Scene,face_lpips,3
375,-0.011530880133310953,Face,Face+Scene,face_lpips,3
384,0.0035878221193949393,Face,Face+Scene,face_lpips,3
415,0.0009594321250915528,Face,Face+Scene,face_lpips,3
434,0.00771867036819458,Face,Face+Scene,face_lpips,3
465,-0.0043537894884745285,Face,Face+Scene,face_lpips,3
498,-0.01515219211578369,Face,Face+Scene,face_lpips,3
507,0.0056548873583475755,Face,Face+Scene,face_lpips,3
529,-0.0020191828409830727,Face,Face+Scene,face_lpips,3
561,-0.018555386861165365,Face,Face+Scene,face_lpips,3
588,0.05600431760152181,Face,Face+Scene,face_lpips,3
606,-0.017679643630981446,Face,Face+Scene,face_lpips,3
678,0.015400075912475586,Face,Face+Scene,face_lpips,3
708,0.0037144700686136886,Face,Face+Scene,face_lpips,3
756,-0.004024954636891682,Face,Face+Scene,face_lpips,3
762,0.012396625677744548,Face,Face+Scene,face_lpips,3
781,0.03475117286046346,Face,Face+Scene,face_lpips,3
789,0.004669650395711263,Face,Face+Scene,face_lpips,3
817,-0.02001728614171346,Face,Face+Scene,face_lpips,3
820,-0.020647851626078288,Face,Face+Scene,face_lpips,3
838,-0.0034090439478556313,Face,Face+Scene,face_lpips,3
877,0.030400379498799642,Face,Face+Scene,face_lpips,3
887,0.03928696314493815,Face,Face+Scene,face_lpips,3
973,0.008675189812978108,Face,Face+Scene,face_lpips,3
1,-0.04393938680489858,Face,Face+Scene,face_dino,3
16,0.004020550847053528,Face,Face+Scene,face_dino,3
20,0.04028702179590861,Face,Face+Scene,face_dino,3
51,-0.058510004729032526,Face,Face+Scene,face_dino,3
77,-0.010249088207880655,Face,Face+Scene,face_dino,3
135,0.009596009055773416,Face,Face+Scene,face_dino,3
158,-0.021678932507832843,Face,Face+Scene,face_dino,3
177,0.026272544761498765,Face,Face+Scene,face_dino,3
188,-0.0066202019651730865,Face,Face+Scene,face_dino,3
218,0.024347053964932763,Face,Face+Scene,face_dino,3
287,0.017212072014808653,Face,Face+Scene,face_dino,3
292,0.013025490442911786,Face,Face+Scene,face_dino,3
295,-0.1461424279026687,Face,Face+Scene,face_dino,3
340,-0.007786713043848675,Face,Face+Scene,face_dino,3
375,-0.00358788793285688,Face,Face+Scene,face_dino,3
384,0.019534973303476973,Face,Face+Scene,face_dino,3
415,0.0031170790394147246,Face,Face+Scene,face_dino,3
434,-0.1130184824268023,Face,Face+Scene,face_dino,3
465,-0.030142820874849957,Face,Face+Scene,face_dino,3
498,-0.042255206406116484,Face,Face+Scene,face_dino,3
507,-0.0598725641767184,Face,Face+Scene,face_dino,3
529,-0.007479861378669739,Face,Face+Scene,face_dino,3
561,-0.024925642212231952,Face,Face+Scene,face_dino,3
588,-0.020967150789995986,Face,Face+Scene,face_dino,3
606,-0.004659385979175567,Face,Face+Scene,face_dino,3
678,-0.1170964608589808,Face,Face+Scene,face_dino,3
708,-0.030859188238779704,Face,Face+Scene,face_dino,3
756,-0.0437753955523173,Face,Face+Scene,face_dino,3
762,0.0183563232421875,Face,Face+Scene,face_dino,3
781,-0.012691238770882287,Face,Face+Scene,face_dino,3
789,-0.020904162029425303,Face,Face+Scene,face_dino,3
817,-0.010520370801289876,Face,Face+Scene,face_dino,3
820,0.012926738957564037,Face,Face+Scene,face_dino,3
838,-0.02675644531846047,Face,Face+Scene,face_dino,3
877,-0.0076121193667252835,Face,Face+Scene,face_dino,3
887,0.0784412423769633,Face,Face+Scene,face_dino,3
973,0.028021350502967834,Face,Face+Scene,face_dino,3
1,-0.26666666666666666,Face,Face+Scene,face_detection_success,3
16,0.0,Face,Face+Scene,face_detection_success,3
20,0.06666666666666667,Face,Face+Scene,face_detection_success,3
51,0.06666666666666667,Face,Face+Scene,face_detection_success,3
77,0.0666666666666667,Face,Face+Scene,face_detection_success,3
135,0.0,Face,Face+Scene,face_detection_success,3
158,0.0,Face,Face+Scene,face_detection_success,3
177,-0.06666666666666667,Face,Face+Scene,face_detection_success,3
188,0.06666666666666667,Face,Face+Scene,face_detection_success,3
218,0.0,Face,Face+Scene,face_detection_success,3
287,0.0666666666666667,Face,Face+Scene,face_detection_success,3
292,-0.19999999999999998,Face,Face+Scene,face_detection_success,3
295,-0.26666666666666666,Face,Face+Scene,face_detection_success,3
340,0.13333333333333333,Face,Face+Scene,face_detection_success,3
375,0.20000000000000004,Face,Face+Scene,face_detection_success,3
384,0.06666666666666667,Face,Face+Scene,face_detection_success,3
415,0.06666666666666667,Face,Face+Scene,face_detection_success,3
434,0.3333333333333333,Face,Face+Scene,face_detection_success,3
465,0.26666666666666666,Face,Face+Scene,face_detection_success,3
498,-0.3333333333333333,Face,Face+Scene,face_detection_success,3
507,0.3333333333333333,Face,Face+Scene,face_detection_success,3
529,-0.19999999999999998,Face,Face+Scene,face_detection_success,3
561,0.0,Face,Face+Scene,face_detection_success,3
588,0.06666666666666667,Face,Face+Scene,face_detection_success,3
606,-0.3333333333333333,Face,Face+Scene,face_detection_success,3
678,-0.20000000000000004,Face,Face+Scene,face_detection_success,3
708,0.13333333333333333,Face,Face+Scene,face_detection_success,3
756,0.0,Face,Face+Scene,face_detection_success,3
762,0.4666666666666666,Face,Face+Scene,face_detection_success,3
781,0.3333333333333333,Face,Face+Scene,face_detection_success,3
789,-0.26666666666666666,Face,Face+Scene,face_detection_success,3
817,-0.4666666666666666,Face,Face+Scene,face_detection_success,3
820,-0.46666666666666673,Face,Face+Scene,face_detection_success,3
838,0.06666666666666667,Face,Face+Scene,face_detection_success,3
877,-0.13333333333333333,Face,Face+Scene,face_detection_success,3
887,-0.13333333333333333,Face,Face+Scene,face_detection_success,3
973,0.06666666666666665,Face,Face+Scene,face_detection_success,3
1,0.004508560116550275,Face,Face,pixel_corr,3
16,-0.002968346346901417,Face,Face,pixel_corr,3
20,0.005903854952726117,Face,Face,pixel_corr,3
51,-0.00509896323771608,Face,Face,pixel_corr,3
77,-0.0028794131808596458,Face,Face,pixel_corr,3
135,0.004475502391959472,Face,Face,pixel_corr,3
158,0.005539082096314842,Face,Face,pixel_corr,3
177,-0.001614485063601399,Face,Face,pixel_corr,3
188,-6.089291076974597e-05,Face,Face,pixel_corr,3
218,0.00012482199508114097,Face,Face,pixel_corr,3
287,0.004627393796579267,Face,Face,pixel_corr,3
292,0.00011704376289648165,Face,Face,pixel_corr,3
295,0.005924790620333,Face,Face,pixel_corr,3
340,-0.0006671131705700504,Face,Face,pixel_corr,3
375,-0.00025985094563370166,Face,Face,pixel_corr,3
384,-0.004805110005184617,Face,Face,pixel_corr,3
415,0.038461635234335725,Face,Face,pixel_corr,3
434,0.0013955712281499433,Face,Face,pixel_corr,3
465,-0.0037354579364260627,Face,Face,pixel_corr,3
498,-0.003087381346642163,Face,Face,pixel_corr,3
507,0.01195171055738809,Face,Face,pixel_corr,3
529,-0.0020443276218999984,Face,Face,pixel_corr,3
561,0.003525415863735715,Face,Face,pixel_corr,3
588,0.010915513945699043,Face,Face,pixel_corr,3
606,0.0028341756923669684,Face,Face,pixel_corr,3
678,-0.0023664650991710155,Face,Face,pixel_corr,3
708,0.008387832299053351,Face,Face,pixel_corr,3
756,0.007290260314295816,Face,Face,pixel_corr,3
762,-0.0017501494402106254,Face,Face,pixel_corr,3
781,-0.002877991711613676,Face,Face,pixel_corr,3
789,-0.0038143618659287446,Face,Face,pixel_corr,3
817,0.01570119746927162,Face,Face,pixel_corr,3
820,0.001719793659152733,Face,Face,pixel_corr,3
838,-0.003324560935337263,Face,Face,pixel_corr,3
877,0.008681092749163784,Face,Face,pixel_corr,3
887,0.02518580532601559,Face,Face,pixel_corr,3
973,0.0007802932906481111,Face,Face,pixel_corr,3
1,-0.0010983794268105546,Face,Face,ssim,3
16,-0.0016597698256868925,Face,Face,ssim,3
20,0.008662077459022432,Face,Face,ssim,3
51,0.00204809443724658,Face,Face,ssim,3
77,-0.0019324503801795567,Face,Face,ssim,3
135,-0.0022542562425335107,Face,Face,ssim,3
158,0.0006591496676862929,Face,Face,ssim,3
177,0.002712418351679787,Face,Face,ssim,3
188,-0.0044761736629885624,Face,Face,ssim,3
218,0.000477179781616514,Face,Face,ssim,3
287,0.006545048565782789,Face,Face,ssim,3
292,-0.00833236196985858,Face,Face,ssim,3
295,0.01025116307264673,Face,Face,ssim,3
340,-0.0011309326113717246,Face,Face,ssim,3
375,-0.0008973360376694819,Face,Face,ssim,3
384,-0.0008753742503763004,Face,Face,ssim,3
415,0.0063715733137024505,Face,Face,ssim,3
434,0.0013559381025418577,Face,Face,ssim,3
465,-0.0030954549746273923,Face,Face,ssim,3
498,-0.0006521009110312433,Face,Face,ssim,3
507,0.004722953663861781,Face,Face,ssim,3
529,0.007407206229081157,Face,Face,ssim,3
561,0.002522503146791081,Face,Face,ssim,3
588,0.0004290690941009758,Face,Face,ssim,3
606,0.0028307489150263747,Face,Face,ssim,3
678,-0.003723234201904887,Face,Face,ssim,3
708,0.0022178637335895385,Face,Face,ssim,3
756,0.00044500583353439174,Face,Face,ssim,3
762,-0.0028028064286033365,Face,Face,ssim,3
781,-0.0036414039546263798,Face,Face,ssim,3
789,-0.0003371408921842586,Face,Face,ssim,3
817,-0.0050298412870461665,Face,Face,ssim,3
820,0.006913998688483251,Face,Face,ssim,3
838,-0.0007036347338002144,Face,Face,ssim,3
877,0.006115419776660365,Face,Face,ssim,3
887,0.004517153891778308,Face,Face,ssim,3
973,-0.0024585124703983847,Face,Face,ssim,3
1,-0.005933141708374023,Face,Face,lpips,3
16,8.143583933512332e-05,Face,Face,lpips,3
20,-0.013881528377532959,Face,Face,lpips,3
51,0.004270370801289876,Face,Face,lpips,3
77,0.001417827606201172,Face,Face,lpips,3
135,0.0005031704902648924,Face,Face,lpips,3
158,-0.008055361111958821,Face,Face,lpips,3
177,-0.001533981164296468,Face,Face,lpips,3
188,0.006301510334014893,Face,Face,lpips,3
218,-0.002286835511525472,Face,Face,lpips,3
287,-0.0004732728004455567,Face,Face,lpips,3
292,0.009700167179107665,Face,Face,lpips,3
295,0.0021649956703186034,Face,Face,lpips,3
340,-0.0017724275588989257,Face,Face,lpips,3
375,-0.004358104864756267,Face,Face,lpips,3
384,-0.002123475074768067,Face,Face,lpips,3
415,-0.0011258165041605633,Face,Face,lpips,3
434,0.00019273757934570312,Face,Face,lpips,3
465,-0.0022440433502197267,Face,Face,lpips,3
498,-0.0018166144688924156,Face,Face,lpips,3
507,-0.004240115483601888,Face,Face,lpips,3
529,0.002728712558746338,Face,Face,lpips,3
561,-0.002078831195831299,Face,Face,lpips,3
588,0.004571469624837239,Face,Face,lpips,3
606,0.00038013060887654636,Face,Face,lpips,3
678,1.984437306722011e-05,Face,Face,lpips,3
708,0.002070601781209311,Face,Face,lpips,3
756,0.008750573794047038,Face,Face,lpips,3
762,0.0010777831077575684,Face,Face,lpips,3
781,0.001217555999755859,Face,Face,lpips,3
789,-0.00157847801844279,Face,Face,lpips,3
817,-0.0011689821879069008,Face,Face,lpips,3
820,-0.0016126235326131184,Face,Face,lpips,3
838,0.0033962806065877277,Face,Face,lpips,3
877,0.0003920793533325197,Face,Face,lpips,3
887,-0.005599391460418701,Face,Face,lpips,3
973,0.0013075828552246095,Face,Face,lpips,3
1,-0.018386616309483846,Face,Face,clip,3
16,-0.004479948679606121,Face,Face,clip,3
20,-0.04429070750872294,Face,Face,clip,3
51,0.00179769198099772,Face,Face,clip,3
77,0.018056213855743408,Face,Face,clip,3
135,0.03729134798049927,Face,Face,clip,3
158,0.013121400276819864,Face,Face,clip,3
177,-0.005981632073720297,Face,Face,clip,3
188,0.014641775687535602,Face,Face,clip,3
218,-0.04964382747809092,Face,Face,clip,3
287,-0.00020862221717834564,Face,Face,clip,3
292,-0.012538369496663412,Face,Face,clip,3
295,0.015000466505686441,Face,Face,clip,3
340,-0.015055745840072634,Face,Face,clip,3
375,-4.5182307561238436e-05,Face,Face,clip,3
384,0.008495823542277018,Face,Face,clip,3
415,0.014388954639434813,Face,Face,clip,3
434,-0.012726096312204999,Face,Face,clip,3
465,-0.00990223487218221,Face,Face,clip,3
498,-0.017464256286621096,Face,Face,clip,3
507,-0.029722301165262855,Face,Face,clip,3
529,-0.014948701858520508,Face,Face,clip,3
561,0.02478946844736735,Face,Face,clip,3
588,0.010031012694040933,Face,Face,clip,3
606,-0.006065120299657186,Face,Face,clip,3
678,0.011769545078277587,Face,Face,clip,3
708,-0.008034070332845053,Face,Face,clip,3
756,0.03935979803403219,Face,Face,clip,3
762,-0.01133200724919637,Face,Face,clip,3
781,0.014444375038146974,Face,Face,clip,3
789,0.009642066558202109,Face,Face,clip,3
817,0.0027173598607381187,Face,Face,clip,3
820,0.024401531616846717,Face,Face,clip,3
838,-0.01777908802032471,Face,Face,clip,3
877,-0.029753172397613523,Face,Face,clip,3
887,0.10866760810216268,Face,Face,clip,3
973,-0.014674007892608643,Face,Face,clip,3
1,-0.036268629630406696,Face,Face,dino,3
16,-0.011493045464158058,Face,Face,dino,3
20,-0.08402813673019409,Face,Face,dino,3
51,-0.010986041898528734,Face,Face,dino,3
77,0.042045478833218415,Face,Face,dino,3
135,0.01750833292802175,Face,Face,dino,3
158,-0.01684540261824926,Face,Face,dino,3
177,-0.005639244119326273,Face,Face,dino,3
188,-0.008452292717993259,Face,Face,dino,3
218,0.0360435942808787,Face,Face,dino,3
287,0.0038883586724599204,Face,Face,dino,3
292,0.03197370544075966,Face,Face,dino,3
295,0.07840683531636994,Face,Face,dino,3
340,0.011698347330093383,Face,Face,dino,3
375,0.003381321827570597,Face,Face,dino,3
384,0.003914028406143189,Face,Face,dino,3
415,0.006502505391836171,Face,Face,dino,3
434,-0.025979306300481158,Face,Face,dino,3
465,-0.0038096149762471524,Face,Face,dino,3
498,0.019459067781766256,Face,Face,dino,3
507,-0.024261154731114704,Face,Face,dino,3
529,-0.012808068593343097,Face,Face,dino,3
561,-0.030553664018710455,Face,Face,dino,3
588,0.016023409118254978,Face,Face,dino,3
606,0.0003837306052446356,Face,Face,dino,3
678,0.02102345277865728,Face,Face,dino,3
708,-0.006346816817919412,Face,Face,dino,3
756,0.011012182633082073,Face,Face,dino,3
762,6.192922592163086e-05,Face,Face,dino,3
781,0.0142005721728007,Face,Face,dino,3
789,0.005585456391175588,Face,Face,dino,3
817,-0.02787714501221975,Face,Face,dino,3
820,-0.03325264553229015,Face,Face,dino,3
838,-0.005754595994949342,Face,Face,dino,3
877,-0.01618888775507609,Face,Face,dino,3
887,-0.009235292176405589,Face,Face,dino,3
973,-0.029640666643778485,Face,Face,dino,3
1,-0.00469663143157959,Face,Face,face_lpips,3
16,0.007827536265055338,Face,Face,face_lpips,3
20,-0.003357036908467612,Face,Face,face_lpips,3
51,-0.005471579233805338,Face,Face,face_lpips,3
77,0.00048650900522867815,Face,Face,face_lpips,3
135,-0.004508042335510254,Face,Face,face_lpips,3
158,-0.005565710862477621,Face,Face,face_lpips,3
177,0.0046190659205118815,Face,Face,face_lpips,3
188,0.024249279499053953,Face,Face,face_lpips,3
218,-0.00129014253616333,Face,Face,face_lpips,3
287,0.002976938088734945,Face,Face,face_lpips,3
292,0.02386287848154704,Face,Face,face_lpips,3
295,0.01306072870890299,Face,Face,face_lpips,3
340,-0.013966170946757001,Face,Face,face_lpips,3
375,0.007622889677683512,Face,Face,face_lpips,3
384,-0.003670175870259603,Face,Face,face_lpips,3
415,0.004494627316792806,Face,Face,face_lpips,3
434,0.01331171989440918,Face,Face,face_lpips,3
465,-0.004472204049428304,Face,Face,face_lpips,3
498,0.013965145746866863,Face,Face,face_lpips,3
507,-0.0026708046595255532,Face,Face,face_lpips,3
529,-0.0020690361658732095,Face,Face,face_lpips,3
561,-0.0008034785588582352,Face,Face,face_lpips,3
588,0.014603273073832192,Face,Face,face_lpips,3
606,0.0070853312810262034,Face,Face,face_lpips,3
678,0.0050210555394490574,Face,Face,face_lpips,3
708,-0.010095520814259847,Face,Face,face_lpips,3
756,0.0005022168159484865,Face,Face,face_lpips,3
762,0.008359686533610026,Face,Face,face_lpips,3
781,-0.002203524112701416,Face,Face,face_lpips,3
789,0.0007011294364929199,Face,Face,face_lpips,3
817,0.0011124253273010257,Face,Face,face_lpips,3
820,-0.009440362453460693,Face,Face,face_lpips,3
838,-0.0048339446385701505,Face,Face,face_lpips,3
877,-0.0001531481742858895,Face,Face,face_lpips,3
887,0.07594952980677287,Face,Face,face_lpips,3
973,-0.0022559603055318195,Face,Face,face_lpips,3
1,-0.042417781551678975,Face,Face,face_dino,3
16,0.003217745820681253,Face,Face,face_dino,3
20,-0.008416055639584858,Face,Face,face_dino,3
51,0.005768574029207229,Face,Face,face_dino,3
77,-0.00866988735894362,Face,Face,face_dino,3
135,0.060362988710403444,Face,Face,face_dino,3
158,0.0095968633890152,Face,Face,face_dino,3
177,-0.007260130594174067,Face,Face,face_dino,3
188,-0.04794014394283295,Face,Face,face_dino,3
218,0.02464834650357564,Face,Face,face_dino,3
287,0.026973865429560345,Face,Face,face_dino,3
292,0.031996155778566994,Face,Face,face_dino,3
295,-0.00494396596526106,Face,Face,face_dino,3
340,0.002958382169405619,Face,Face,face_dino,3
375,0.004157849152882894,Face,Face,face_dino,3
384,0.010452105104923249,Face,Face,face_dino,3
415,0.016052054862181347,Face,Face,face_dino,3
434,-0.04093911449114481,Face,Face,face_dino,3
465,-0.027826741337776184,Face,Face,face_dino,3
498,0.023552588621775308,Face,Face,face_dino,3
507,-0.04426039059956868,Face,Face,face_dino,3
529,-0.009289583563804627,Face,Face,face_dino,3
561,-0.006225609779357911,Face,Face,face_dino,3
588,-0.014714990307887393,Face,Face,face_dino,3
606,0.016672382752100628,Face,Face,face_dino,3
678,0.005305504798889159,Face,Face,face_dino,3
708,-0.05435777467985948,Face,Face,face_dino,3
756,0.009545246760050457,Face,Face,face_dino,3
762,0.002290747066338857,Face,Face,face_dino,3
781,-0.01149198928227027,Face,Face,face_dino,3
789,0.0007557183504104612,Face,Face,face_dino,3
817,-0.022839735945065814,Face,Face,face_dino,3
820,0.02685571511586507,Face,Face,face_dino,3
838,0.0102934959034125,Face,Face,face_dino,3
877,-0.04606802562872569,Face,Face,face_dino,3
887,-0.024971881508827214,Face,Face,face_dino,3
973,0.008131635685761772,Face,Face,face_dino,3
1,0.26666666666666666,Face,Face,face_detection_success,3
16,0.0,Face,Face,face_detection_success,3
20,0.06666666666666667,Face,Face,face_detection_success,3
51,0.0,Face,Face,face_detection_success,3
77,0.13333333333333333,Face,Face,face_detection_success,3
135,0.0,Face,Face,face_detection_success,3
158,0.0,Face,Face,face_detection_success,3
177,0.0,Face,Face,face_detection_success,3
188,0.06666666666666667,Face,Face,face_detection_success,3
218,-0.4666666666666666,Face,Face,face_detection_success,3
287,-0.13333333333333333,Face,Face,face_detection_success,3
292,-0.06666666666666667,Face,Face,face_detection_success,3
295,0.26666666666666666,Face,Face,face_detection_success,3
340,-0.19999999999999998,Face,Face,face_detection_success,3
375,0.20000000000000004,Face,Face,face_detection_success,3
384,0.0,Face,Face,face_detection_success,3
415,0.0,Face,Face,face_detection_success,3
434,-0.13333333333333333,Face,Face,face_detection_success,3
465,0.19999999999999998,Face,Face,face_detection_success,3
498,0.13333333333333333,Face,Face,face_detection_success,3
507,-0.0666666666666667,Face,Face,face_detection_success,3
529,0.0,Face,Face,face_detection_success,3
561,0.0,Face,Face,face_detection_success,3
588,0.13333333333333333,Face,Face,face_detection_success,3
606,0.0,Face,Face,face_detection_success,3
678,0.06666666666666667,Face,Face,face_detection_success,3
708,-0.13333333333333333,Face,Face,face_detection_success,3
756,0.0,Face,Face,face_detection_success,3
762,0.4666666666666666,Face,Face,face_detection_success,3
781,0.06666666666666667,Face,Face,face_detection_success,3
789,-0.3333333333333333,Face,Face,face_detection_success,3
817,0.0,Face,Face,face_detection_success,3
820,-0.06666666666666667,Face,Face,face_detection_success,3
838,0.0,Face,Face,face_detection_success,3
877,0.20000000000000004,Face,Face,face_detection_success,3
887,0.6666666666666666,Face,Face,face_detection_success,3
973,-0.13333333333333333,Face,Face,face_detection_success,3
21,-0.006643531354303982,Body,Body+Scene,pixel_corr,3
38,0.0014084361462919429,Body,Body+Scene,pixel_corr,3
40,0.029261802362120375,Body,Body+Scene,pixel_corr,3
59,0.006027630119932104,Body,Body+Scene,pixel_corr,3
88,0.009867375927271847,Body,Body+Scene,pixel_corr,3
116,0.014871383122316166,Body,Body+Scene,pixel_corr,3
133,0.0343722958839519,Body,Body+Scene,pixel_corr,3
161,-0.0010064289053697511,Body,Body+Scene,pixel_corr,3
170,-0.015756047742670632,Body,Body+Scene,pixel_corr,3
179,0.14990066321872297,Body,Body+Scene,pixel_corr,3
220,0.0009244109801346939,Body,Body+Scene,pixel_corr,3
233,0.017495192646850618,Body,Body+Scene,pixel_corr,3
257,-0.01035388265417996,Body,Body+Scene,pixel_corr,3
290,0.029206554399865924,Body,Body+Scene,pixel_corr,3
331,-0.036222813496218934,Body,Body+Scene,pixel_corr,3
339,-0.005324220974025692,Body,Body+Scene,pixel_corr,3
355,0.04646804944631261,Body,Body+Scene,pixel_corr,3
366,0.026657728221007076,Body,Body+Scene,pixel_corr,3
474,0.021690123900974245,Body,Body+Scene,pixel_corr,3
492,0.051843140193984616,Body,Body+Scene,pixel_corr,3
527,-0.02188070248864782,Body,Body+Scene,pixel_corr,3
530,0.021229201678586104,Body,Body+Scene,pixel_corr,3
542,0.005992665162122518,Body,Body+Scene,pixel_corr,3
574,0.015700395459950296,Body,Body+Scene,pixel_corr,3
597,-0.00017024899480598573,Body,Body+Scene,pixel_corr,3
619,-0.013792524345233126,Body,Body+Scene,pixel_corr,3
656,-0.006504644198571767,Body,Body+Scene,pixel_corr,3
661,0.005309864384504051,Body,Body+Scene,pixel_corr,3
664,-0.011204905244596372,Body,Body+Scene,pixel_corr,3
698,-0.0037477630038319876,Body,Body+Scene,pixel_corr,3
700,0.0029280591364255148,Body,Body+Scene,pixel_corr,3
716,0.02585992249500865,Body,Body+Scene,pixel_corr,3
765,0.009212504154812605,Body,Body+Scene,pixel_corr,3
771,-0.0009501048436446717,Body,Body+Scene,pixel_corr,3
786,-0.0004583043074932582,Body,Body+Scene,pixel_corr,3
806,-0.0012534509187324015,Body,Body+Scene,pixel_corr,3
813,-0.015724826555062736,Body,Body+Scene,pixel_corr,3
816,0.0026415114945478797,Body,Body+Scene,pixel_corr,3
822,-0.003284273786048676,Body,Body+Scene,pixel_corr,3
826,0.008963676985371764,Body,Body+Scene,pixel_corr,3
847,0.010234887010590228,Body,Body+Scene,pixel_corr,3
876,-0.003855853988184815,Body,Body+Scene,pixel_corr,3
891,0.004421966866527992,Body,Body+Scene,pixel_corr,3
919,0.004418152517037292,Body,Body+Scene,pixel_corr,3
931,0.028166027504316526,Body,Body+Scene,pixel_corr,3
933,0.047388861498421454,Body,Body+Scene,pixel_corr,3
941,0.006136523553032525,Body,Body+Scene,pixel_corr,3
960,0.02614153685450442,Body,Body+Scene,pixel_corr,3
968,-0.009012390566754177,Body,Body+Scene,pixel_corr,3
989,0.021076913386193236,Body,Body+Scene,pixel_corr,3
21,-0.0063228944580777475,Body,Body+Scene,ssim,3
38,-0.003816292853607687,Body,Body+Scene,ssim,3
40,0.00608842078436398,Body,Body+Scene,ssim,3
59,0.013110459912530731,Body,Body+Scene,ssim,3
88,-0.009102528991111365,Body,Body+Scene,ssim,3
116,0.00632144544735496,Body,Body+Scene,ssim,3
133,0.0014786875255961528,Body,Body+Scene,ssim,3
161,0.015173802351329015,Body,Body+Scene,ssim,3
170,-0.004395627928708407,Body,Body+Scene,ssim,3
179,0.014151940379266063,Body,Body+Scene,ssim,3
220,0.011457611114971651,Body,Body+Scene,ssim,3
233,0.01182011801236707,Body,Body+Scene,ssim,3
257,0.0018590169949966485,Body,Body+Scene,ssim,3
290,-0.0190657630203291,Body,Body+Scene,ssim,3
331,-0.006397539992029806,Body,Body+Scene,ssim,3
339,0.007919471580214547,Body,Body+Scene,ssim,3
355,-0.0008816544435456287,Body,Body+Scene,ssim,3
366,0.013822147592984614,Body,Body+Scene,ssim,3
474,0.0019526702801516138,Body,Body+Scene,ssim,3
492,-0.004104685362590485,Body,Body+Scene,ssim,3
527,-0.03646829574052044,Body,Body+Scene,ssim,3
530,0.007561976238769611,Body,Body+Scene,ssim,3
542,-0.0046676249608534745,Body,Body+Scene,ssim,3
574,0.028270905510021777,Body,Body+Scene,ssim,3
597,0.00584748428946582,Body,Body+Scene,ssim,3
619,0.0065292107941502435,Body,Body+Scene,ssim,3
656,-0.0017804024021879916,Body,Body+Scene,ssim,3
661,-0.012533167351087449,Body,Body+Scene,ssim,3
664,0.004098001557970517,Body,Body+Scene,ssim,3
698,0.005922817173360133,Body,Body+Scene,ssim,3
700,-0.00033516870374077366,Body,Body+Scene,ssim,3
716,-0.009554694538167551,Body,Body+Scene,ssim,3
765,0.05812225445601441,Body,Body+Scene,ssim,3
771,-0.0013096339103369676,Body,Body+Scene,ssim,3
786,-0.00019081563789459058,Body,Body+Scene,ssim,3
806,-0.010885855070974249,Body,Body+Scene,ssim,3
813,0.0022896000644794298,Body,Body+Scene,ssim,3
816,0.0050084664172446456,Body,Body+Scene,ssim,3
822,-0.008515975897748168,Body,Body+Scene,ssim,3
826,0.001538560349345593,Body,Body+Scene,ssim,3
847,0.009604144667477521,Body,Body+Scene,ssim,3
876,0.00022373835881285084,Body,Body+Scene,ssim,3
891,0.008343455187918965,Body,Body+Scene,ssim,3
919,-0.005326815690959549,Body,Body+Scene,ssim,3
931,-0.005705867728354017,Body,Body+Scene,ssim,3
933,0.02158702705084542,Body,Body+Scene,ssim,3
941,-0.0006051976361246083,Body,Body+Scene,ssim,3
960,0.005343473996449348,Body,Body+Scene,ssim,3
968,0.0014557761421502087,Body,Body+Scene,ssim,3
989,0.02866309177191932,Body,Body+Scene,ssim,3
21,0.01156579256057739,Body,Body+Scene,lpips,3
38,0.007133805751800538,Body,Body+Scene,lpips,3
40,0.009943127632141113,Body,Body+Scene,lpips,3
59,0.008671490351359048,Body,Body+Scene,lpips,3
88,7.671515146891242e-05,Body,Body+Scene,lpips,3
116,-0.00394819974899292,Body,Body+Scene,lpips,3
133,0.009371534983317059,Body,Body+Scene,lpips,3
161,-0.008779974778493245,Body,Body+Scene,lpips,3
170,0.003421978155771891,Body,Body+Scene,lpips,3
179,-0.024113845825195313,Body,Body+Scene,lpips,3
220,0.004386802514394124,Body,Body+Scene,lpips,3
233,0.0030543883641560867,Body,Body+Scene,lpips,3
257,-0.001787503560384114,Body,Body+Scene,lpips,3
290,0.03315739234288533,Body,Body+Scene,lpips,3
331,0.013769578933715818,Body,Body+Scene,lpips,3
339,-0.004057665665944417,Body,Body+Scene,lpips,3
355,-0.03269346157709758,Body,Body+Scene,lpips,3
366,0.007086904843648274,Body,Body+Scene,lpips,3
474,0.006743645668029786,Body,Body+Scene,lpips,3
492,0.008455348014831542,Body,Body+Scene,lpips,3
527,-0.0015298128128051758,Body,Body+Scene,lpips,3
530,0.004166158040364584,Body,Body+Scene,lpips,3
542,-0.0031891942024230954,Body,Body+Scene,lpips,3
574,0.04780396620432536,Body,Body+Scene,lpips,3
597,0.010930136839548748,Body,Body+Scene,lpips,3
619,-0.014192036787668866,Body,Body+Scene,lpips,3
656,3.732045491536476e-05,Body,Body+Scene,lpips,3
661,-0.0028893748919169102,Body,Body+Scene,lpips,3
664,0.014880092938741048,Body,Body+Scene,lpips,3
698,-0.012680681546529135,Body,Body+Scene,lpips,3
700,0.007442033290863037,Body,Body+Scene,lpips,3
716,0.005231030782063803,Body,Body+Scene,lpips,3
765,-0.013067988554636638,Body,Body+Scene,lpips,3
771,0.001085793972015381,Body,Body+Scene,lpips,3
786,-0.015612852573394774,Body,Body+Scene,lpips,3
806,0.00690154234568278,Body,Body+Scene,lpips,3
813,-0.009179770946502686,Body,Body+Scene,lpips,3
816,-0.005023288726806641,Body,Body+Scene,lpips,3
822,0.00866408348083496,Body,Body+Scene,lpips,3
826,-0.01448880434036255,Body,Body+Scene,lpips,3
847,0.017327892780303954,Body,Body+Scene,lpips,3
876,-0.005524301528930665,Body,Body+Scene,lpips,3
891,-0.0021861950556437185,Body,Body+Scene,lpips,3
919,-0.003081881999969482,Body,Body+Scene,lpips,3
931,-0.02360574007034302,Body,Body+Scene,lpips,3
933,0.021627398331960045,Body,Body+Scene,lpips,3
941,-0.0012691855430603026,Body,Body+Scene,lpips,3
960,-0.011862099170684814,Body,Body+Scene,lpips,3
968,-0.0016976674397786457,Body,Body+Scene,lpips,3
989,0.03429056803385416,Body,Body+Scene,lpips,3
21,0.02864133914311727,Body,Body+Scene,clip,3
38,0.021046769618988034,Body,Body+Scene,clip,3
40,-0.00457478364308675,Body,Body+Scene,clip,3
59,-0.019524359703063963,Body,Body+Scene,clip,3
88,0.012020655473073323,Body,Body+Scene,clip,3
116,-0.03408953050772349,Body,Body+Scene,clip,3
133,0.01465474565823873,Body,Body+Scene,clip,3
161,0.002272160847981772,Body,Body+Scene,clip,3
170,-0.0020464420318603515,Body,Body+Scene,clip,3
179,0.0055517117182413735,Body,Body+Scene,clip,3
220,-0.009505063295364378,Body,Body+Scene,clip,3
233,-0.01167687972386678,Body,Body+Scene,clip,3
257,-0.0013045469919840472,Body,Body+Scene,clip,3
290,0.1444008429845174,Body,Body+Scene,clip,3
331,0.015443831682205202,Body,Body+Scene,clip,3
339,0.0019159754117329918,Body,Body+Scene,clip,3
355,0.016914697488149007,Body,Body+Scene,clip,3
366,-0.001721501350402832,Body,Body+Scene,clip,3
474,-0.008699033657709757,Body,Body+Scene,clip,3
492,0.02671790917714437,Body,Body+Scene,clip,3
527,-0.04053916732470195,Body,Body+Scene,clip,3
530,0.03850040833155314,Body,Body+Scene,clip,3
542,-0.004885546366373697,Body,Body+Scene,clip,3
574,-0.0025043666362762457,Body,Body+Scene,clip,3
597,0.03838299910227458,Body,Body+Scene,clip,3
619,0.0439301331837972,Body,Body+Scene,clip,3
656,0.0008741557598114016,Body,Body+Scene,clip,3
661,0.02866206566492717,Body,Body+Scene,clip,3
664,-0.0319303035736084,Body,Body+Scene,clip,3
698,0.06941970189412434,Body,Body+Scene,clip,3
700,1.133680343627999e-05,Body,Body+Scene,clip,3
716,0.013582619031270346,Body,Body+Scene,clip,3
765,0.021712458133697505,Body,Body+Scene,clip,3
771,-0.005583377679189045,Body,Body+Scene,clip,3
786,-0.04154534737269083,Body,Body+Scene,clip,3
806,0.04725939234097798,Body,Body+Scene,clip,3
813,-0.018649844328562416,Body,Body+Scene,clip,3
816,-0.00011331041653950731,Body,Body+Scene,clip,3
822,-0.055375470717748,Body,Body+Scene,clip,3
826,-0.02673017183939616,Body,Body+Scene,clip,3
847,0.02228966156641642,Body,Body+Scene,clip,3
876,-0.0015813032786051427,Body,Body+Scene,clip,3
891,0.01370288332303365,Body,Body+Scene,clip,3
919,-0.013672339916229246,Body,Body+Scene,clip,3
931,-0.04886659383773804,Body,Body+Scene,clip,3
933,0.0777441422144572,Body,Body+Scene,clip,3
941,-0.017851813634236657,Body,Body+Scene,clip,3
960,-0.004567734400431317,Body,Body+Scene,clip,3
968,0.010762641827265421,Body,Body+Scene,clip,3
989,0.013029758135477701,Body,Body+Scene,clip,3
21,0.06336895028750102,Body,Body+Scene,dino,3
38,0.040354649225870766,Body,Body+Scene,dino,3
40,0.048431014021237694,Body,Body+Scene,dino,3
59,-0.029051341861486436,Body,Body+Scene,dino,3
88,0.037373717750112216,Body,Body+Scene,dino,3
116,-0.012585404422134157,Body,Body+Scene,dino,3
133,0.01230972614915421,Body,Body+Scene,dino,3
161,-0.038622109095255534,Body,Body+Scene,dino,3
170,-0.0011893762275576591,Body,Body+Scene,dino,3
179,0.01924184486269951,Body,Body+Scene,dino,3
220,0.006538530190785724,Body,Body+Scene,dino,3
233,0.03129971642047167,Body,Body+Scene,dino,3
257,0.029839021960894264,Body,Body+Scene,dino,3
290,0.2826325198014577,Body,Body+Scene,dino,3
331,0.017876776959747074,Body,Body+Scene,dino,3
339,-0.04377212921778361,Body,Body+Scene,dino,3
355,-0.02351837356885274,Body,Body+Scene,dino,3
366,-0.004753499229749046,Body,Body+Scene,dino,3
474,-0.05536897902687391,Body,Body+Scene,dino,3
492,0.03483046690622966,Body,Body+Scene,dino,3
527,-0.021366747220357262,Body,Body+Scene,dino,3
530,0.06076312661170959,Body,Body+Scene,dino,3
542,0.006494972109794622,Body,Body+Scene,dino,3
574,0.0730277806520462,Body,Body+Scene,dino,3
597,0.007023735344409944,Body,Body+Scene,dino,3
619,0.07365994254748026,Body,Body+Scene,dino,3
656,-0.008909611403942109,Body,Body+Scene,dino,3
661,0.03784769276777903,Body,Body+Scene,dino,3
664,0.029889408747355146,Body,Body+Scene,dino,3
698,0.06515208706259727,Body,Body+Scene,dino,3
700,-0.017311538259188332,Body,Body+Scene,dino,3
716,0.006127321564902861,Body,Body+Scene,dino,3
765,0.04905600299437841,Body,Body+Scene,dino,3
771,-0.020806381106376646,Body,Body+Scene,dino,3
786,-0.01608003576596578,Body,Body+Scene,dino,3
806,0.0398728018005689,Body,Body+Scene,dino,3
813,0.022149359745283922,Body,Body+Scene,dino,3
816,-0.03412568171819051,Body,Body+Scene,dino,3
822,-0.01196428413192431,Body,Body+Scene,dino,3
826,-0.0056693766266107575,Body,Body+Scene,dino,3
847,0.006901187527303894,Body,Body+Scene,dino,3
876,0.00881724910189708,Body,Body+Scene,dino,3
891,0.010706344774613777,Body,Body+Scene,dino,3
919,-0.042673369372884434,Body,Body+Scene,dino,3
931,-0.10298256327708562,Body,Body+Scene,dino,3
933,0.07102641525367896,Body,Body+Scene,dino,3
941,-0.0060371566563844625,Body,Body+Scene,dino,3
960,0.07143599800765514,Body,Body+Scene,dino,3
968,-0.007554345329602558,Body,Body+Scene,dino,3
989,0.1133665402730306,Body,Body+Scene,dino,3
21,0.0005788067976633711,Body,Body+Scene,person_lpips,3
38,0.000943794846534729,Body,Body+Scene,person_lpips,3
40,-0.007754311958948771,Body,Body+Scene,person_lpips,3
59,0.0017040063937505089,Body,Body+Scene,person_lpips,3
88,-0.011098719636599223,Body,Body+Scene,person_lpips,3
116,-0.0056117633978525795,Body,Body+Scene,person_lpips,3
133,0.0015656431516011557,Body,Body+Scene,person_lpips,3
161,-0.010901975631713865,Body,Body+Scene,person_lpips,3
170,0.0012087066968282064,Body,Body+Scene,person_lpips,3
179,-0.015747129917144775,Body,Body+Scene,person_lpips,3
220,-0.0012170314788818362,Body,Body+Scene,person_lpips,3
233,0.0027396569649378454,Body,Body+Scene,person_lpips,3
257,-0.0018608818451563518,Body,Body+Scene,person_lpips,3
290,0.0016214847564697263,Body,Body+Scene,person_lpips,3
331,0.017338711023330688,Body,Body+Scene,person_lpips,3
339,-0.0022683004538218182,Body,Body+Scene,person_lpips,3
355,-0.003076292077700297,Body,Body+Scene,person_lpips,3
366,0.012388704220453899,Body,Body+Scene,person_lpips,3
474,0.004531866312026977,Body,Body+Scene,person_lpips,3
492,-0.006108224391937256,Body,Body+Scene,person_lpips,3
527,0.00985188881556193,Body,Body+Scene,person_lpips,3
530,0.009428663055102031,Body,Body+Scene,person_lpips,3
542,-0.0007031897703806559,Body,Body+Scene,person_lpips,3
574,0.0073729793230692545,Body,Body+Scene,person_lpips,3
597,0.003147586186726888,Body,Body+Scene,person_lpips,3
619,0.0055188596248626695,Body,Body+Scene,person_lpips,3
656,0.002164849638938904,Body,Body+Scene,person_lpips,3
661,-0.008799948294957479,Body,Body+Scene,person_lpips,3
664,-0.006379323204358418,Body,Body+Scene,person_lpips,3
698,-0.007367632786432901,Body,Body+Scene,person_lpips,3
700,0.0003766328096389771,Body,Body+Scene,person_lpips,3
716,0.0035305142402648933,Body,Body+Scene,person_lpips,3
765,-0.0025238513946533197,Body,Body+Scene,person_lpips,3
771,0.003435997168223063,Body,Body+Scene,person_lpips,3
786,0.0007608314355214436,Body,Body+Scene,person_lpips,3
806,-0.005763516823450724,Body,Body+Scene,person_lpips,3
813,0.005029665430386862,Body,Body+Scene,person_lpips,3
816,0.0022131125132242835,Body,Body+Scene,person_lpips,3
822,0.007715717951456706,Body,Body+Scene,person_lpips,3
826,-0.009396503369013468,Body,Body+Scene,person_lpips,3
847,0.008042263984680175,Body,Body+Scene,person_lpips,3
876,-0.0014724840720494587,Body,Body+Scene,person_lpips,3
891,0.00018340945243835484,Body,Body+Scene,person_lpips,3
919,-0.01753516395886739,Body,Body+Scene,person_lpips,3
931,-0.007941714922587077,Body,Body+Scene,person_lpips,3
933,0.004452711343765259,Body,Body+Scene,person_lpips,3
941,-0.00032497445742289195,Body,Body+Scene,person_lpips,3
960,-0.002382437388102214,Body,Body+Scene,person_lpips,3
968,-0.0004548907279968261,Body,Body+Scene,person_lpips,3
989,0.014507082104682925,Body,Body+Scene,person_lpips,3
21,0.04032957156499226,Body,Body+Scene,person_dino,3
38,0.07118795216083526,Body,Body+Scene,person_dino,3
40,0.029599138100941974,Body,Body+Scene,person_dino,3
59,-0.05300316934784254,Body,Body+Scene,person_dino,3
88,0.0551325594385465,Body,Body+Scene,person_dino,3
116,0.00441394597291947,Body,Body+Scene,person_dino,3
133,-0.019633989532788592,Body,Body+Scene,person_dino,3
161,-0.007820550600687664,Body,Body+Scene,person_dino,3
170,0.008847328027089438,Body,Body+Scene,person_dino,3
179,0.03926544487476349,Body,Body+Scene,person_dino,3
220,-0.04496169686317444,Body,Body+Scene,person_dino,3
233,0.017399482925732932,Body,Body+Scene,person_dino,3
257,0.0030175606409708644,Body,Body+Scene,person_dino,3
290,0.06733846565087637,Body,Body+Scene,person_dino,3
331,-0.05938760129113992,Body,Body+Scene,person_dino,3
339,0.0021631677945454925,Body,Body+Scene,person_dino,3
355,-0.05059632658958435,Body,Body+Scene,person_dino,3
366,0.02721058527628581,Body,Body+Scene,person_dino,3
474,-0.019240105152130125,Body,Body+Scene,person_dino,3
492,0.08752341469128927,Body,Body+Scene,person_dino,3
527,0.002171157300472257,Body,Body+Scene,person_dino,3
530,-0.012268375356992085,Body,Body+Scene,person_dino,3
542,0.037667498489220935,Body,Body+Scene,person_dino,3
574,0.03187713623046875,Body,Body+Scene,person_dino,3
597,-0.028040660421053566,Body,Body+Scene,person_dino,3
619,0.020474315574392676,Body,Body+Scene,person_dino,3
656,0.0014174754420916227,Body,Body+Scene,person_dino,3
661,0.04646003643671671,Body,Body+Scene,person_dino,3
664,0.010908647378285724,Body,Body+Scene,person_dino,3
698,0.029420903325080874,Body,Body+Scene,person_dino,3
700,0.010449603199958801,Body,Body+Scene,person_dino,3
716,0.03439945379892985,Body,Body+Scene,person_dino,3
765,0.008665228386720023,Body,Body+Scene,person_dino,3
771,-0.022801582515239716,Body,Body+Scene,person_dino,3
786,0.011021453142166135,Body,Body+Scene,person_dino,3
806,0.04183334906895955,Body,Body+Scene,person_dino,3
813,-0.003132810195287069,Body,Body+Scene,person_dino,3
816,-0.019870581229527794,Body,Body+Scene,person_dino,3
822,0.03875572184721629,Body,Body+Scene,person_dino,3
826,0.0005056671798229195,Body,Body+Scene,person_dino,3
847,0.025864146153132123,Body,Body+Scene,person_dino,3
876,-0.013862950106461843,Body,Body+Scene,person_dino,3
891,0.014462561160326003,Body,Body+Scene,person_dino,3
919,-0.034909542401631674,Body,Body+Scene,person_dino,3
931,-0.10961683988571165,Body,Body+Scene,person_dino,3
933,0.07998699297507603,Body,Body+Scene,person_dino,3
941,-0.00861242115497589,Body,Body+Scene,person_dino,3
960,-0.01830830276012421,Body,Body+Scene,person_dino,3
968,0.01655689974625905,Body,Body+Scene,person_dino,3
989,0.10715761582056682,Body,Body+Scene,person_dino,3
21,-0.003809926940365004,Body,Body+Scene,person_region_consistency,3
38,0.005110895805259198,Body,Body+Scene,person_region_consistency,3
40,0.02811161915061086,Body,Body+Scene,person_region_consistency,3
59,-0.005084576062925187,Body,Body+Scene,person_region_consistency,3
88,0.01901306859514486,Body,Body+Scene,person_region_consistency,3
116,0.02464804746032374,Body,Body+Scene,person_region_consistency,3
133,0.06057324821135802,Body,Body+Scene,person_region_consistency,3
161,-0.022324419400167078,Body,Body+Scene,person_region_consistency,3
170,-0.002828024218897744,Body,Body+Scene,person_region_consistency,3
179,0.0977293167501848,Body,Body+Scene,person_region_consistency,3
220,-0.022030254868240104,Body,Body+Scene,person_region_consistency,3
233,0.030938465298884523,Body,Body+Scene,person_region_consistency,3
257,0.003747062647705461,Body,Body+Scene,person_region_consistency,3
290,0.030540512307065188,Body,Body+Scene,person_region_consistency,3
331,-0.08083095218141013,Body,Body+Scene,person_region_consistency,3
339,0.0019565002336315216,Body,Body+Scene,person_region_consistency,3
355,-0.004012852275770684,Body,Body+Scene,person_region_consistency,3
366,0.032485482834864875,Body,Body+Scene,person_region_consistency,3
474,0.006467158531006382,Body,Body+Scene,person_region_consistency,3
492,0.03622320646032298,Body,Body+Scene,person_region_consistency,3
527,-0.01774699305347666,Body,Body+Scene,person_region_consistency,3
530,0.01209376935153115,Body,Body+Scene,person_region_consistency,3
542,-0.0009978250445173698,Body,Body+Scene,person_region_consistency,3
574,-0.03201710035477994,Body,Body+Scene,person_region_consistency,3
597,-0.0053824509461792664,Body,Body+Scene,person_region_consistency,3
619,-0.04140809784159271,Body,Body+Scene,person_region_consistency,3
656,-0.007183583115146527,Body,Body+Scene,person_region_consistency,3
661,0.0003709709765126219,Body,Body+Scene,person_region_consistency,3
664,-0.013574964719448357,Body,Body+Scene,person_region_consistency,3
698,-0.021395518564320242,Body,Body+Scene,person_region_consistency,3
700,0.003312767791053573,Body,Body+Scene,person_region_consistency,3
716,0.03412505087295103,Body,Body+Scene,person_region_consistency,3
765,-0.0035717422999831327,Body,Body+Scene,person_region_consistency,3
771,-0.00719681471691259,Body,Body+Scene,person_region_consistency,3
786,0.009524919588238126,Body,Body+Scene,person_region_consistency,3
806,-0.013282963451208893,Body,Body+Scene,person_region_consistency,3
813,-0.010839678933175436,Body,Body+Scene,person_region_consistency,3
816,0.005692873835799125,Body,Body+Scene,person_region_consistency,3
822,-0.004341300988354603,Body,Body+Scene,person_region_consistency,3
826,-0.009126952936073386,Body,Body+Scene,person_region_consistency,3
847,0.0183667799539103,Body,Body+Scene,person_region_consistency,3
876,0.007788087269994241,Body,Body+Scene,person_region_consistency,3
891,0.01669779071706767,Body,Body+Scene,person_region_consistency,3
919,0.007080324625432756,Body,Body+Scene,person_region_consistency,3
931,0.03450024007968131,Body,Body+Scene,person_region_consistency,3
933,0.0755900672287548,Body,Body+Scene,person_region_consistency,3
941,-0.005031003090372459,Body,Body+Scene,person_region_consistency,3
960,-0.012838161520665295,Body,Body+Scene,person_region_consistency,3
968,-0.017460396342815113,Body,Body+Scene,person_region_consistency,3
989,0.01831412807162662,Body,Body+Scene,person_region_consistency,3
21,-0.0002798089147744119,Body,Body,pixel_corr,3
38,0.011021085839818909,Body,Body,pixel_corr,3
40,0.01807704527715708,Body,Body,pixel_corr,3
59,0.02843372152836707,Body,Body,pixel_corr,3
88,0.0032318842011812786,Body,Body,pixel_corr,3
116,-0.001055876517307897,Body,Body,pixel_corr,3
133,0.009197036121634111,Body,Body,pixel_corr,3
161,-0.005669501600621809,Body,Body,pixel_corr,3
170,-0.01715234823093023,Body,Body,pixel_corr,3
179,0.04595546169189769,Body,Body,pixel_corr,3
220,-0.012155106822873874,Body,Body,pixel_corr,3
233,0.027873215023256764,Body,Body,pixel_corr,3
257,-0.009296305486217035,Body,Body,pixel_corr,3
290,0.06175720779693893,Body,Body,pixel_corr,3
331,-0.0172951620036253,Body,Body,pixel_corr,3
339,-0.0033965987959312604,Body,Body,pixel_corr,3
355,0.004018237925113919,Body,Body,pixel_corr,3
366,0.050659719334936605,Body,Body,pixel_corr,3
474,0.0047581807651244515,Body,Body,pixel_corr,3
492,-0.003273905515436158,Body,Body,pixel_corr,3
527,-0.027043643043554753,Body,Body,pixel_corr,3
530,0.010812261657920853,Body,Body,pixel_corr,3
542,0.004419396425859086,Body,Body,pixel_corr,3
574,0.0001940648329541082,Body,Body,pixel_corr,3
597,0.002301669039689812,Body,Body,pixel_corr,3
619,0.011819461416058602,Body,Body,pixel_corr,3
656,-0.0001737221345516096,Body,Body,pixel_corr,3
661,0.02370268295370227,Body,Body,pixel_corr,3
664,-0.008280502249468257,Body,Body,pixel_corr,3
698,-0.0003422241777989741,Body,Body,pixel_corr,3
700,-0.005875478945224363,Body,Body,pixel_corr,3
716,0.023439645477786472,Body,Body,pixel_corr,3
765,0.033083101479480605,Body,Body,pixel_corr,3
771,0.0019159295199894812,Body,Body,pixel_corr,3
786,0.004372181363770124,Body,Body,pixel_corr,3
806,-0.002199556199805963,Body,Body,pixel_corr,3
813,0.001102551892434513,Body,Body,pixel_corr,3
816,0.004058708396226042,Body,Body,pixel_corr,3
822,0.0035029564466716387,Body,Body,pixel_corr,3
826,-0.004245213082779483,Body,Body,pixel_corr,3
847,0.0018962717643035481,Body,Body,pixel_corr,3
876,0.0008803307603514592,Body,Body,pixel_corr,3
891,0.006115295620118595,Body,Body,pixel_corr,3
919,-0.006034058076193438,Body,Body,pixel_corr,3
931,0.01901498893719252,Body,Body,pixel_corr,3
933,-0.06110895185417118,Body,Body,pixel_corr,3
941,0.00013496118334877915,Body,Body,pixel_corr,3
960,0.003937104531310814,Body,Body,pixel_corr,3
968,-0.0013104759822007643,Body,Body,pixel_corr,3
989,0.009003869341535815,Body,Body,pixel_corr,3
21,-2.4170906883071667e-05,Body,Body,ssim,3
38,-0.0003255612535878953,Body,Body,ssim,3
40,-0.0006061664560397695,Body,Body,ssim,3
59,0.011213243753289472,Body,Body,ssim,3
88,0.009441867371467301,Body,Body,ssim,3
116,0.0006582977918689319,Body,Body,ssim,3
133,0.004254688706740979,Body,Body,ssim,3
161,0.005752426986332659,Body,Body,ssim,3
170,0.0023824960330271535,Body,Body,ssim,3
179,0.009622369762175488,Body,Body,ssim,3
220,-0.006709667516371368,Body,Body,ssim,3
233,0.015395341498412587,Body,Body,ssim,3
257,0.0011035857364145919,Body,Body,ssim,3
290,-0.01814502410296813,Body,Body,ssim,3
331,-0.004967401160264771,Body,Body,ssim,3
339,-0.0008685389200195088,Body,Body,ssim,3
355,-0.004966157079353395,Body,Body,ssim,3
366,0.013292797474637519,Body,Body,ssim,3
474,0.0021045354431366704,Body,Body,ssim,3
492,-0.0010508263577293621,Body,Body,ssim,3
527,-0.03919778973667733,Body,Body,ssim,3
530,0.004320390373154371,Body,Body,ssim,3
542,-0.005794577324189809,Body,Body,ssim,3
574,0.008144339438408579,Body,Body,ssim,3
597,0.0008976639332215558,Body,Body,ssim,3
619,-0.013144717833845234,Body,Body,ssim,3
656,0.0044274372429302725,Body,Body,ssim,3
661,-0.004748032750159908,Body,Body,ssim,3
664,-8.652648068184036e-05,Body,Body,ssim,3
698,0.0003835976405385782,Body,Body,ssim,3
700,0.0024755086468135515,Body,Body,ssim,3
716,-0.001894305364569358,Body,Body,ssim,3
765,0.03596770538317579,Body,Body,ssim,3
771,0.00016373568271147452,Body,Body,ssim,3
786,-9.300623873517479e-05,Body,Body,ssim,3
806,9.55303723072382e-05,Body,Body,ssim,3
813,0.002659209463381936,Body,Body,ssim,3
816,-0.001577540136288012,Body,Body,ssim,3
822,0.004969080120916639,Body,Body,ssim,3
826,-0.0001551622118810251,Body,Body,ssim,3
847,0.0018372884455115015,Body,Body,ssim,3
876,-0.0002679047052846477,Body,Body,ssim,3
891,0.002910954881555766,Body,Body,ssim,3
919,-0.007101352236819777,Body,Body,ssim,3
931,0.00022643310986911742,Body,Body,ssim,3
933,0.012334067071253433,Body,Body,ssim,3
941,0.002030277577930693,Body,Body,ssim,3
960,-0.019834097441764308,Body,Body,ssim,3
968,0.0007710706860690679,Body,Body,ssim,3
989,0.0030116691414032466,Body,Body,ssim,3
21,0.0022745569547017413,Body,Body,lpips,3
38,0.003870940208435059,Body,Body,lpips,3
40,0.0017859419186909992,Body,Body,lpips,3
59,-0.001185754934946696,Body,Body,lpips,3
88,-0.008725992838541667,Body,Body,lpips,3
116,-0.006839458147684732,Body,Body,lpips,3
133,0.004258851210276286,Body,Body,lpips,3
161,0.00572886864344279,Body,Body,lpips,3
170,0.004175357023874918,Body,Body,lpips,3
179,2.2614002227782856e-05,Body,Body,lpips,3
220,-0.002116727828979493,Body,Body,lpips,3
233,0.012131563822428386,Body,Body,lpips,3
257,0.0016974210739135742,Body,Body,lpips,3
290,0.0048557718594868975,Body,Body,lpips,3
331,0.011935079097747804,Body,Body,lpips,3
339,0.00025008122126261395,Body,Body,lpips,3
355,0.0001148859659830728,Body,Body,lpips,3
366,-0.0022573947906494147,Body,Body,lpips,3
474,0.0020951350529988606,Body,Body,lpips,3
492,0.0012971440951029458,Body,Body,lpips,3
527,-0.010354228814442952,Body,Body,lpips,3
530,0.001746269067128499,Body,Body,lpips,3
542,0.00999755859375,Body,Body,lpips,3
574,-0.001983046531677246,Body,Body,lpips,3
597,0.00661315123240153,Body,Body,lpips,3
619,0.009869841734568278,Body,Body,lpips,3
656,0.0030638138453165688,Body,Body,lpips,3
661,-0.012131905555725098,Body,Body,lpips,3
664,0.003578662872314453,Body,Body,lpips,3
698,-0.01151281992594401,Body,Body,lpips,3
700,0.0034782290458679195,Body,Body,lpips,3
716,0.00046221812566121383,Body,Body,lpips,3
765,0.0026904225349426267,Body,Body,lpips,3
771,-0.0007264296213785809,Body,Body,lpips,3
786,0.0017585118611653646,Body,Body,lpips,3
806,-0.005449354648590088,Body,Body,lpips,3
813,0.0009454409281412758,Body,Body,lpips,3
816,-0.0013745466868082684,Body,Body,lpips,3
822,0.024316406249999995,Body,Body,lpips,3
826,0.00959229071935018,Body,Body,lpips,3
847,0.0003164649009704589,Body,Body,lpips,3
876,0.0005403002103169756,Body,Body,lpips,3
891,0.0003622094790140789,Body,Body,lpips,3
919,0.000583938757578532,Body,Body,lpips,3
931,-0.006411405404408772,Body,Body,lpips,3
933,0.004135100046793618,Body,Body,lpips,3
941,-9.05156135559084e-05,Body,Body,lpips,3
960,-0.007793358961741129,Body,Body,lpips,3
968,-2.3786226908365828e-05,Body,Body,lpips,3
989,0.01357428232828776,Body,Body,lpips,3
21,-0.007564949989318848,Body,Body,clip,3
38,-0.0153226375579834,Body,Body,clip,3
40,-0.013838338851928712,Body,Body,clip,3
59,-0.029825005928675333,Body,Body,clip,3
88,0.016816967725753782,Body,Body,clip,3
116,-0.027508498231569933,Body,Body,clip,3
133,0.009157951672871907,Body,Body,clip,3
161,0.018126686414082847,Body,Body,clip,3
170,0.012364494800567625,Body,Body,clip,3
179,0.007476913928985596,Body,Body,clip,3
220,-0.020733084281285605,Body,Body,clip,3
233,0.005045505364735922,Body,Body,clip,3
257,0.013954706986745202,Body,Body,clip,3
290,-0.010734601815541589,Body,Body,clip,3
331,0.0006052434444427489,Body,Body,clip,3
339,-0.02926611105600993,Body,Body,clip,3
355,-0.018004771073659262,Body,Body,clip,3
366,-0.05532849629720052,Body,Body,clip,3
474,-0.029679252703984582,Body,Body,clip,3
492,-0.01665804386138916,Body,Body,clip,3
527,-0.03223828872044881,Body,Body,clip,3
530,0.004659787813822429,Body,Body,clip,3
542,0.004367502530415853,Body,Body,clip,3
574,-0.04561529159545898,Body,Body,clip,3
597,0.01078135967254639,Body,Body,clip,3
619,-0.029257488250732423,Body,Body,clip,3
656,0.010411638021469117,Body,Body,clip,3
661,-0.002495006720225016,Body,Body,clip,3
664,0.02055461009343465,Body,Body,clip,3
698,0.022062736749649047,Body,Body,clip,3
700,-0.01762600342432658,Body,Body,clip,3
716,-0.05307553013165792,Body,Body,clip,3
765,-0.026197036107381184,Body,Body,clip,3
771,-7.777611414591194e-05,Body,Body,clip,3
786,0.001031569639841715,Body,Body,clip,3
806,-0.008194110790888469,Body,Body,clip,3
813,0.014805404345194497,Body,Body,clip,3
816,-0.0059769928455352785,Body,Body,clip,3
822,0.003962111473083497,Body,Body,clip,3
826,0.0019932170708974206,Body,Body,clip,3
847,0.018686034282048545,Body,Body,clip,3
876,-0.01997024416923523,Body,Body,clip,3
891,0.01623635292053223,Body,Body,clip,3
919,-0.047445360819498704,Body,Body,clip,3
931,-0.00759732723236084,Body,Body,clip,3
933,-0.015792177120844523,Body,Body,clip,3
941,0.029154499371846516,Body,Body,clip,3
960,-0.042442862192789706,Body,Body,clip,3
968,0.005800467729568481,Body,Body,clip,3
989,-0.011418342590332031,Body,Body,clip,3
21,-0.005140271782875061,Body,Body,dino,3
38,0.018757913510004682,Body,Body,dino,3
40,0.04022365609804789,Body,Body,dino,3
59,-0.01555734711388747,Body,Body,dino,3
88,-0.0005770685772101084,Body,Body,dino,3
116,-0.017552484075228372,Body,Body,dino,3
133,0.026361468310157465,Body,Body,dino,3
161,-3.118316332499186e-05,Body,Body,dino,3
170,0.018257391639053818,Body,Body,dino,3
179,-0.013267069806655249,Body,Body,dino,3
220,0.052209840963284175,Body,Body,dino,3
233,-0.007046010562529167,Body,Body,dino,3
257,0.01899451414744059,Body,Body,dino,3
290,0.015126596887906385,Body,Body,dino,3
331,0.0008072466899951292,Body,Body,dino,3
339,-0.010210454463958742,Body,Body,dino,3
355,0.009006639321645101,Body,Body,dino,3
366,0.02685435314973195,Body,Body,dino,3
474,0.010054334501425425,Body,Body,dino,3
492,-0.02171752452850342,Body,Body,dino,3
527,-0.020760514338811237,Body,Body,dino,3
530,0.009722591439882912,Body,Body,dino,3
542,0.04700619777043661,Body,Body,dino,3
574,0.01995573341846466,Body,Body,dino,3
597,0.01804418315490087,Body,Body,dino,3
619,-0.0039663317302862785,Body,Body,dino,3
656,-0.0006007132430871325,Body,Body,dino,3
661,-0.0034203290939331062,Body,Body,dino,3
664,0.037054467201232906,Body,Body,dino,3
698,0.029512489400804042,Body,Body,dino,3
700,-0.02129331032435099,Body,Body,dino,3
716,-0.03127384136120478,Body,Body,dino,3
765,-0.0362801710764567,Body,Body,dino,3
771,-0.029286062717437746,Body,Body,dino,3
786,0.02184371550877889,Body,Body,dino,3
806,-0.026960071424643198,Body,Body,dino,3
813,-0.033508318631599344,Body,Body,dino,3
816,0.0040537099043528235,Body,Body,dino,3
822,-0.03084358125925064,Body,Body,dino,3
826,0.018560211857159933,Body,Body,dino,3
847,0.009220058036347232,Body,Body,dino,3
876,-0.03030694543073575,Body,Body,dino,3
891,0.032238765495518844,Body,Body,dino,3
919,-0.05735781279702981,Body,Body,dino,3
931,-0.0023705085118611653,Body,Body,dino,3
933,-0.055794396748145424,Body,Body,dino,3
941,0.016757946213086444,Body,Body,dino,3
960,-0.09754371494054793,Body,Body,dino,3
968,-0.005094257990519206,Body,Body,dino,3
989,0.01765732765197754,Body,Body,dino,3
21,0.001186913251876831,Body,Body,person_lpips,3
38,0.0009036709864934286,Body,Body,person_lpips,3
40,3.014206886291501e-05,Body,Body,person_lpips,3
59,-0.0052980800469716385,Body,Body,person_lpips,3
88,0.005004703998565674,Body,Body,person_lpips,3
116,0.00019706090291341164,Body,Body,person_lpips,3
133,0.005445363124211629,Body,Body,person_lpips,3
161,0.002141548196474711,Body,Body,person_lpips,3
170,0.010321327050526937,Body,Body,person_lpips,3
179,-0.0027849197387695306,Body,Body,person_lpips,3
220,-0.004585019747416178,Body,Body,person_lpips,3
233,0.00921927591164907,Body,Body,person_lpips,3
257,-0.0023985495169957477,Body,Body,person_lpips,3
290,0.00043819745381673173,Body,Body,person_lpips,3
331,0.015545815229415894,Body,Body,person_lpips,3
339,-0.0011426875988642374,Body,Body,person_lpips,3
355,-0.0011805176734924318,Body,Body,person_lpips,3
366,0.0005716264247894286,Body,Body,person_lpips,3
474,-0.002797683080037435,Body,Body,person_lpips,3
492,-7.849931716918916e-06,Body,Body,person_lpips,3
527,0.003199021021525065,Body,Body,person_lpips,3
530,-0.0003538946310679119,Body,Body,person_lpips,3
542,0.0023704628149668373,Body,Body,person_lpips,3
574,0.0033602803945541383,Body,Body,person_lpips,3
597,0.0004019091526667276,Body,Body,person_lpips,3
619,0.013606439034144083,Body,Body,person_lpips,3
656,6.54290119806925e-05,Body,Body,person_lpips,3
661,-0.006187166770299276,Body,Body,person_lpips,3
664,-0.0011700898408889772,Body,Body,person_lpips,3
698,-0.002740380167961121,Body,Body,person_lpips,3
700,-2.7524431546529034e-05,Body,Body,person_lpips,3
716,0.00274116595586141,Body,Body,person_lpips,3
765,0.006512872378031412,Body,Body,person_lpips,3
771,0.0001634309689203898,Body,Body,person_lpips,3
786,0.0037984251976013184,Body,Body,person_lpips,3
806,-0.0025540093580881753,Body,Body,person_lpips,3
813,0.001212751865386963,Body,Body,person_lpips,3
816,-0.0029578129450480144,Body,Body,person_lpips,3
822,0.013263235489527384,Body,Body,person_lpips,3
826,0.0033713916937510176,Body,Body,person_lpips,3
847,0.0033701181411743167,Body,Body,person_lpips,3
876,-0.0016409635543823242,Body,Body,person_lpips,3
891,-0.00180816650390625,Body,Body,person_lpips,3
919,-0.0073793192704518645,Body,Body,person_lpips,3
931,0.0031439046065012614,Body,Body,person_lpips,3
933,0.008151229222615559,Body,Body,person_lpips,3
941,0.001475091775258382,Body,Body,person_lpips,3
960,-0.00015563567479451486,Body,Body,person_lpips,3
968,0.0007685502370198567,Body,Body,person_lpips,3
989,0.0084712415933609,Body,Body,person_lpips,3
21,0.01005786458651225,Body,Body,person_dino,3
38,-0.0029411474863688153,Body,Body,person_dino,3
40,-0.017427332202593484,Body,Body,person_dino,3
59,-0.029395303626855208,Body,Body,person_dino,3
88,0.045686220129330955,Body,Body,person_dino,3
116,0.04033475518226623,Body,Body,person_dino,3
133,0.0008892357349395766,Body,Body,person_dino,3
161,0.015761677424112955,Body,Body,person_dino,3
170,-0.03505710264046987,Body,Body,person_dino,3
179,0.01148311992486318,Body,Body,person_dino,3
220,0.06979484111070633,Body,Body,person_dino,3
233,0.010472796360651652,Body,Body,person_dino,3
257,0.04460209409395854,Body,Body,person_dino,3
290,0.010679611812035245,Body,Body,person_dino,3
331,-0.028992389577130476,Body,Body,person_dino,3
339,0.02236918608347575,Body,Body,person_dino,3
355,-0.008201358715693158,Body,Body,person_dino,3
366,0.052236639459927875,Body,Body,person_dino,3
474,0.044007603327433274,Body,Body,person_dino,3
492,-0.0007218003273010259,Body,Body,person_dino,3
527,-0.003687365849812824,Body,Body,person_dino,3
530,0.004941517114639282,Body,Body,person_dino,3
542,0.025686844686667126,Body,Body,person_dino,3
574,0.027115710576375327,Body,Body,person_dino,3
597,0.015384225050608318,Body,Body,person_dino,3
619,0.010320278257131575,Body,Body,person_dino,3
656,-0.013227909803390503,Body,Body,person_dino,3
661,-0.03281770646572113,Body,Body,person_dino,3
664,0.02904836734135946,Body,Body,person_dino,3
698,0.03370708227157593,Body,Body,person_dino,3
700,0.02387386659781138,Body,Body,person_dino,3
716,-0.01326635777950287,Body,Body,person_dino,3
765,-0.018874038259188333,Body,Body,person_dino,3
771,0.00964208816488584,Body,Body,person_dino,3
786,0.004291839400927223,Body,Body,person_dino,3
806,0.020997645457585656,Body,Body,person_dino,3
813,-0.002866174777348842,Body,Body,person_dino,3
816,-0.0001950432856877646,Body,Body,person_dino,3
822,-0.009296123186747234,Body,Body,person_dino,3
826,-0.0017382894953091937,Body,Body,person_dino,3
847,-0.006931890050570172,Body,Body,person_dino,3
876,0.009571682413419089,Body,Body,person_dino,3
891,-0.02183100481828054,Body,Body,person_dino,3
919,-0.04101258963346482,Body,Body,person_dino,3
931,-0.025755147139231365,Body,Body,person_dino,3
933,0.004144312938054405,Body,Body,person_dino,3
941,0.02289992968241374,Body,Body,person_dino,3
960,-0.09197146395842236,Body,Body,person_dino,3
968,0.0008869012196858726,Body,Body,person_dino,3
989,0.027720256646474196,Body,Body,person_dino,3
21,-0.000992613742022855,Body,Body,person_region_consistency,3
38,0.002486605053131674,Body,Body,person_region_consistency,3
40,0.024856379266497225,Body,Body,person_region_consistency,3
59,0.00920961655246579,Body,Body,person_region_consistency,3
88,0.010937787876713692,Body,Body,person_region_consistency,3
116,0.010324135703095373,Body,Body,person_region_consistency,3
133,0.02045641682273387,Body,Body,person_region_consistency,3
161,-0.027227132633112414,Body,Body,person_region_consistency,3
170,0.017264113775955083,Body,Body,person_region_consistency,3
179,0.030499590281864258,Body,Body,person_region_consistency,3
220,-0.009763606129778972,Body,Body,person_region_consistency,3
233,-0.002332007551721019,Body,Body,person_region_consistency,3
257,-0.004296364923721453,Body,Body,person_region_consistency,3
290,0.02794890868432116,Body,Body,person_region_consistency,3
331,-0.041120898617841725,Body,Body,person_region_consistency,3
339,-0.0057080045472853065,Body,Body,person_region_consistency,3
355,0.0006102950899824882,Body,Body,person_region_consistency,3
366,0.016219529763110415,Body,Body,person_region_consistency,3
474,0.001039431020303692,Body,Body,person_region_consistency,3
492,-0.009594901203041897,Body,Body,person_region_consistency,3
527,-0.03683019047802482,Body,Body,person_region_consistency,3
530,0.01698209136373204,Body,Body,person_region_consistency,3
542,0.005709383757341875,Body,Body,person_region_consistency,3
574,0.003627299681462646,Body,Body,person_region_consistency,3
597,0.005636939031092841,Body,Body,person_region_consistency,3
619,0.024041818649737656,Body,Body,person_region_consistency,3
656,0.009896497053165901,Body,Body,person_region_consistency,3
661,0.0204391270747223,Body,Body,person_region_consistency,3
664,-0.006706386939455345,Body,Body,person_region_consistency,3
698,-0.017466517720982403,Body,Body,person_region_consistency,3
700,0.00597835322117151,Body,Body,person_region_consistency,3
716,0.008281829361041023,Body,Body,person_region_consistency,3
765,-0.00025059330582846245,Body,Body,person_region_consistency,3
771,0.003543973999841629,Body,Body,person_region_consistency,3
786,-0.0027094740380304108,Body,Body,person_region_consistency,3
806,0.005008812008945636,Body,Body,person_region_consistency,3
813,0.005556579011912019,Body,Body,person_region_consistency,3
816,0.003979994960645011,Body,Body,person_region_consistency,3
822,0.01859604544039263,Body,Body,person_region_consistency,3
826,0.0030091946290552035,Body,Body,person_region_consistency,3
847,0.0013868835106244657,Body,Body,person_region_consistency,3
876,0.006059359250754816,Body,Body,person_region_consistency,3
891,-0.006388399011708572,Body,Body,person_region_consistency,3
919,-0.0005005370499185034,Body,Body,person_region_consistency,3
931,0.007385245542443893,Body,Body,person_region_consistency,3
933,0.00364675010776865,Body,Body,person_region_consistency,3
941,0.0021176307792346877,Body,Body,person_region_consistency,3
960,-0.007848593330937568,Body,Body,person_region_consistency,3
968,-0.001726787725032141,Body,Body,person_region_consistency,3
989,0.025477323508638683,Body,Body,person_region_consistency,3
21,0.012427119776305359,Body,Face+Body+Scene,pixel_corr,3
38,0.0062370624298986,Body,Face+Body+Scene,pixel_corr,3
40,0.038844936260962845,Body,Face+Body+Scene,pixel_corr,3
59,0.0006277566174713601,Body,Face+Body+Scene,pixel_corr,3
88,0.024258051545274273,Body,Face+Body+Scene,pixel_corr,3
116,0.017615427208264835,Body,Face+Body+Scene,pixel_corr,3
133,0.06676012315792956,Body,Face+Body+Scene,pixel_corr,3
161,-0.005733398697240805,Body,Face+Body+Scene,pixel_corr,3
170,-0.013778854024117252,Body,Face+Body+Scene,pixel_corr,3
179,0.15198979296781132,Body,Face+Body+Scene,pixel_corr,3
220,-0.0007042440827250048,Body,Face+Body+Scene,pixel_corr,3
233,0.007558429882863251,Body,Face+Body+Scene,pixel_corr,3
257,0.0016847119923091992,Body,Face+Body+Scene,pixel_corr,3
290,0.020372568263766,Body,Face+Body+Scene,pixel_corr,3
331,-0.05414110134554404,Body,Face+Body+Scene,pixel_corr,3
339,-0.0007022074861797595,Body,Face+Body+Scene,pixel_corr,3
355,0.04663083255341242,Body,Face+Body+Scene,pixel_corr,3
366,0.028724165863678732,Body,Face+Body+Scene,pixel_corr,3
474,0.02005412161475998,Body,Face+Body+Scene,pixel_corr,3
492,0.07837016072691359,Body,Face+Body+Scene,pixel_corr,3
527,-0.026782863634662632,Body,Face+Body+Scene,pixel_corr,3
530,0.019237352317947407,Body,Face+Body+Scene,pixel_corr,3
542,-0.011453642769682998,Body,Face+Body+Scene,pixel_corr,3
574,0.017949108538418943,Body,Face+Body+Scene,pixel_corr,3
597,0.005334212062965162,Body,Face+Body+Scene,pixel_corr,3
619,-0.0072077828260944,Body,Face+Body+Scene,pixel_corr,3
656,-0.0065957907583024805,Body,Face+Body+Scene,pixel_corr,3
661,0.0011895134806427954,Body,Face+Body+Scene,pixel_corr,3
664,-0.006714129344110908,Body,Face+Body+Scene,pixel_corr,3
698,-0.006740242192343052,Body,Face+Body+Scene,pixel_corr,3
700,-0.02556775083690803,Body,Face+Body+Scene,pixel_corr,3
716,0.02358522052621056,Body,Face+Body+Scene,pixel_corr,3
765,0.009676121612106884,Body,Face+Body+Scene,pixel_corr,3
771,0.005383406215566328,Body,Face+Body+Scene,pixel_corr,3
786,-0.014546405750035693,Body,Face+Body+Scene,pixel_corr,3
806,-0.0005669572996184104,Body,Face+Body+Scene,pixel_corr,3
813,-0.001372775895667527,Body,Face+Body+Scene,pixel_corr,3
816,0.003464003314703349,Body,Face+Body+Scene,pixel_corr,3
822,-0.0033891495232160358,Body,Face+Body+Scene,pixel_corr,3
826,-0.0673298031073385,Body,Face+Body+Scene,pixel_corr,3
847,0.015110991175645285,Body,Face+Body+Scene,pixel_corr,3
876,0.0034847209689292196,Body,Face+Body+Scene,pixel_corr,3
891,-0.005569513249129707,Body,Face+Body+Scene,pixel_corr,3
919,-0.00014722294590432486,Body,Face+Body+Scene,pixel_corr,3
931,0.025109828238200137,Body,Face+Body+Scene,pixel_corr,3
933,0.056947813077368625,Body,Face+Body+Scene,pixel_corr,3
941,-0.017983627819531427,Body,Face+Body+Scene,pixel_corr,3
960,0.0019154957958404592,Body,Face+Body+Scene,pixel_corr,3
968,-0.0064477382157054645,Body,Face+Body+Scene,pixel_corr,3
989,0.0005452997358218735,Body,Face+Body+Scene,pixel_corr,3
21,0.002124279548531022,Body,Face+Body+Scene,ssim,3
38,-0.005547217452845677,Body,Face+Body+Scene,ssim,3
40,0.007855415681437957,Body,Face+Body+Scene,ssim,3
59,0.007031899912663148,Body,Face+Body+Scene,ssim,3
88,-0.00999095316612511,Body,Face+Body+Scene,ssim,3
116,0.019039384667706168,Body,Face+Body+Scene,ssim,3
133,0.016562836620076366,Body,Face+Body+Scene,ssim,3
161,-0.007719038039841,Body,Face+Body+Scene,ssim,3
170,0.0008599728102019552,Body,Face+Body+Scene,ssim,3
179,0.020080045510632544,Body,Face+Body+Scene,ssim,3
220,-0.0023285658996606957,Body,Face+Body+Scene,ssim,3
233,0.012210529246008966,Body,Face+Body+Scene,ssim,3
257,0.0026611270150080787,Body,Face+Body+Scene,ssim,3
290,-0.02556280788599215,Body,Face+Body+Scene,ssim,3
331,-0.0057195210839352285,Body,Face+Body+Scene,ssim,3
339,0.00623436976718541,Body,Face+Body+Scene,ssim,3
355,-0.020847282974186945,Body,Face+Body+Scene,ssim,3
366,0.011189255576483023,Body,Face+Body+Scene,ssim,3
474,-0.003076671288461539,Body,Face+Body+Scene,ssim,3
492,-0.009997246054317866,Body,Face+Body+Scene,ssim,3
527,-0.04322159584401009,Body,Face+Body+Scene,ssim,3
530,6.554418085957094e-05,Body,Face+Body+Scene,ssim,3
542,-0.0024786213236217846,Body,Face+Body+Scene,ssim,3
574,0.013941448907346707,Body,Face+Body+Scene,ssim,3
597,0.0019061285800174152,Body,Face+Body+Scene,ssim,3
619,0.005081433561369892,Body,Face+Body+Scene,ssim,3
656,-0.002890215258279752,Body,Face+Body+Scene,ssim,3
661,-0.007526531639811001,Body,Face+Body+Scene,ssim,3
664,0.002682890226117374,Body,Face+Body+Scene,ssim,3
698,0.007733291960012568,Body,Face+Body+Scene,ssim,3
700,-0.0027164491899966427,Body,Face+Body+Scene,ssim,3
716,-0.010897027163012094,Body,Face+Body+Scene,ssim,3
765,0.05446336884230884,Body,Face+Body+Scene,ssim,3
771,-0.0005267101246552979,Body,Face+Body+Scene,ssim,3
786,-0.0005474956391659346,Body,Face+Body+Scene,ssim,3
806,-0.023327020474952612,Body,Face+Body+Scene,ssim,3
813,0.001581133028354072,Body,Face+Body+Scene,ssim,3
816,0.0013489488950023457,Body,Face+Body+Scene,ssim,3
822,-0.01330723877037148,Body,Face+Body+Scene,ssim,3
826,-0.029831519894698677,Body,Face+Body+Scene,ssim,3
847,0.021910600989851776,Body,Face+Body+Scene,ssim,3
876,0.0007994336920748561,Body,Face+Body+Scene,ssim,3
891,0.005742081104550589,Body,Face+Body+Scene,ssim,3
919,-0.00592013971104378,Body,Face+Body+Scene,ssim,3
931,-0.0067063222883261735,Body,Face+Body+Scene,ssim,3
933,0.02310242371332828,Body,Face+Body+Scene,ssim,3
941,-0.012123740161076821,Body,Face+Body+Scene,ssim,3
960,0.01748747903235317,Body,Face+Body+Scene,ssim,3
968,-0.0008366722198991437,Body,Face+Body+Scene,ssim,3
989,0.014583569613827674,Body,Face+Body+Scene,ssim,3
21,0.0033704916636149093,Body,Face+Body+Scene,lpips,3
38,0.010453120867411297,Body,Face+Body+Scene,lpips,3
40,0.008233416080474855,Body,Face+Body+Scene,lpips,3
59,0.010029645760854085,Body,Face+Body+Scene,lpips,3
88,-0.006641781330108644,Body,Face+Body+Scene,lpips,3
116,-0.0006869832674662272,Body,Face+Body+Scene,lpips,3
133,0.01725802024205526,Body,Face+Body+Scene,lpips,3
161,-0.01662092606226603,Body,Face+Body+Scene,lpips,3
170,0.0004854361216227205,Body,Face+Body+Scene,lpips,3
179,-0.030139970779418945,Body,Face+Body+Scene,lpips,3
220,0.005668842792510987,Body,Face+Body+Scene,lpips,3
233,0.01699591875076294,Body,Face+Body+Scene,lpips,3
257,-0.0001494685808817544,Body,Face+Body+Scene,lpips,3
290,0.018903680642445884,Body,Face+Body+Scene,lpips,3
331,0.009522414207458496,Body,Face+Body+Scene,lpips,3
339,-0.00608280102411906,Body,Face+Body+Scene,lpips,3
355,-0.03768703540166219,Body,Face+Body+Scene,lpips,3
366,0.011138200759887695,Body,Face+Body+Scene,lpips,3
474,0.00995486577351888,Body,Face+Body+Scene,lpips,3
492,0.005724970499674478,Body,Face+Body+Scene,lpips,3
527,-0.002554535865783691,Body,Face+Body+Scene,lpips,3
530,0.006315298875172934,Body,Face+Body+Scene,lpips,3
542,-0.0075317303339640295,Body,Face+Body+Scene,lpips,3
574,0.03665769894917806,Body,Face+Body+Scene,lpips,3
597,0.004352482159932454,Body,Face+Body+Scene,lpips,3
619,-0.009286864598592121,Body,Face+Body+Scene,lpips,3
656,-0.0016004562377929688,Body,Face+Body+Scene,lpips,3
661,0.0017362515131632485,Body,Face+Body+Scene,lpips,3
664,0.013469080130259195,Body,Face+Body+Scene,lpips,3
698,-0.01632804075876872,Body,Face+Body+Scene,lpips,3
700,0.00873326063156128,Body,Face+Body+Scene,lpips,3
716,-0.0011108239491780597,Body,Face+Body+Scene,lpips,3
765,-0.01000285545984904,Body,Face+Body+Scene,lpips,3
771,-0.004698538780212402,Body,Face+Body+Scene,lpips,3
786,-0.019545292854309084,Body,Face+Body+Scene,lpips,3
806,0.00025269587834676017,Body,Face+Body+Scene,lpips,3
813,-0.015279940764109294,Body,Face+Body+Scene,lpips,3
816,-0.011363271872202556,Body,Face+Body+Scene,lpips,3
822,0.009701844056447346,Body,Face+Body+Scene,lpips,3
826,-0.006612523396809896,Body,Face+Body+Scene,lpips,3
847,0.01401325861612956,Body,Face+Body+Scene,lpips,3
876,-0.005888811747233072,Body,Face+Body+Scene,lpips,3
891,-0.014518400033315023,Body,Face+Body+Scene,lpips,3
919,0.0017400383949279779,Body,Face+Body+Scene,lpips,3
931,-0.005605705579121908,Body,Face+Body+Scene,lpips,3
933,0.018079058329264323,Body,Face+Body+Scene,lpips,3
941,0.005415638287862142,Body,Face+Body+Scene,lpips,3
960,-0.0337227980295817,Body,Face+Body+Scene,lpips,3
968,-0.0006620168685913089,Body,Face+Body+Scene,lpips,3
989,0.010946532090504965,Body,Face+Body+Scene,lpips,3
21,-0.019104562203089395,Body,Face+Body+Scene,clip,3
38,0.006711769104003906,Body,Face+Body+Scene,clip,3
40,0.019346479574839277,Body,Face+Body+Scene,clip,3
59,-0.026136279106140137,Body,Face+Body+Scene,clip,3
88,-0.0017635146776835108,Body,Face+Body+Scene,clip,3
116,-0.016155582666397095,Body,Face+Body+Scene,clip,3
133,0.02753226359685262,Body,Face+Body+Scene,clip,3
161,0.007204755147298177,Body,Face+Body+Scene,clip,3
170,-0.007329791784286503,Body,Face+Body+Scene,clip,3
179,0.003689515590667725,Body,Face+Body+Scene,clip,3
220,-0.026792065302530924,Body,Face+Body+Scene,clip,3
233,-0.010919402043024698,Body,Face+Body+Scene,clip,3
257,-0.012683890263239543,Body,Face+Body+Scene,clip,3
290,0.11733089089393615,Body,Face+Body+Scene,clip,3
331,0.01687549352645874,Body,Face+Body+Scene,clip,3
339,0.0018443743387858067,Body,Face+Body+Scene,clip,3
355,-0.011587607860565183,Body,Face+Body+Scene,clip,3
366,-0.055997677644093836,Body,Face+Body+Scene,clip,3
474,0.007979653278986615,Body,Face+Body+Scene,clip,3
492,-0.0009391268094380706,Body,Face+Body+Scene,clip,3
527,-0.0420527180035909,Body,Face+Body+Scene,clip,3
530,0.04213681618372599,Body,Face+Body+Scene,clip,3
542,-0.0031450430552164717,Body,Face+Body+Scene,clip,3
574,-0.0212019960085551,Body,Face+Body+Scene,clip,3
597,0.027986137072245277,Body,Face+Body+Scene,clip,3
619,0.02299189368883769,Body,Face+Body+Scene,clip,3
656,-0.011648301283518472,Body,Face+Body+Scene,clip,3
661,-0.004371637105941771,Body,Face+Body+Scene,clip,3
664,-0.02934330304463705,Body,Face+Body+Scene,clip,3
698,0.0498276154200236,Body,Face+Body+Scene,clip,3
700,-0.005396664142608643,Body,Face+Body+Scene,clip,3
716,-0.01152976950009664,Body,Face+Body+Scene,clip,3
765,0.03300694227218628,Body,Face+Body+Scene,clip,3
771,0.020340482393900555,Body,Face+Body+Scene,clip,3
786,-0.009223743279774982,Body,Face+Body+Scene,clip,3
806,0.04788222312927246,Body,Face+Body+Scene,clip,3
813,0.014427703619003298,Body,Face+Body+Scene,clip,3
816,0.01071362892786662,Body,Face+Body+Scene,clip,3
822,-0.0028637846310933432,Body,Face+Body+Scene,clip,3
826,-0.05559102892875672,Body,Face+Body+Scene,clip,3
847,0.017721813917160035,Body,Face+Body+Scene,clip,3
876,0.025158937772115073,Body,Face+Body+Scene,clip,3
891,-0.0047920028368632,Body,Face+Body+Scene,clip,3
919,-0.013109952211380003,Body,Face+Body+Scene,clip,3
931,-0.023517819245656334,Body,Face+Body+Scene,clip,3
933,0.05958512425422668,Body,Face+Body+Scene,clip,3
941,-0.04594918489456177,Body,Face+Body+Scene,clip,3
960,-0.05196535189946492,Body,Face+Body+Scene,clip,3
968,0.016919767856597902,Body,Face+Body+Scene,clip,3
989,-0.015036555131276448,Body,Face+Body+Scene,clip,3
21,0.03497950285673141,Body,Face+Body+Scene,dino,3
38,0.061467542250951135,Body,Face+Body+Scene,dino,3
40,0.09657533168792724,Body,Face+Body+Scene,dino,3
59,-0.047912000243862475,Body,Face+Body+Scene,dino,3
88,0.040136486881723006,Body,Face+Body+Scene,dino,3
116,-0.05385193644712369,Body,Face+Body+Scene,dino,3
133,0.04139529392123222,Body,Face+Body+Scene,dino,3
161,-0.0004813273747762044,Body,Face+Body+Scene,dino,3
170,0.012006682157516484,Body,Face+Body+Scene,dino,3
179,0.027902367214361828,Body,Face+Body+Scene,dino,3
220,-0.011335183928410208,Body,Face+Body+Scene,dino,3
233,0.027304803517957527,Body,Face+Body+Scene,dino,3
257,0.004517816007137299,Body,Face+Body+Scene,dino,3
290,0.14634640937050183,Body,Face+Body+Scene,dino,3
331,0.010193895641714336,Body,Face+Body+Scene,dino,3
339,-0.05125395059585572,Body,Face+Body+Scene,dino,3
355,-0.02894953687985738,Body,Face+Body+Scene,dino,3
366,-0.04491481110453605,Body,Face+Body+Scene,dino,3
474,-0.02906641612450282,Body,Face+Body+Scene,dino,3
492,0.009612494707107545,Body,Face+Body+Scene,dino,3
527,-0.016900317122538883,Body,Face+Body+Scene,dino,3
530,-0.0040445446968078586,Body,Face+Body+Scene,dino,3
542,0.041650704542795826,Body,Face+Body+Scene,dino,3
574,0.03915289988120397,Body,Face+Body+Scene,dino,3
597,-0.003186143438021342,Body,Face+Body+Scene,dino,3
619,0.0730046723037958,Body,Face+Body+Scene,dino,3
656,0.00030940398573875427,Body,Face+Body+Scene,dino,3
661,0.017056095600128177,Body,Face+Body+Scene,dino,3
664,0.03160608609517415,Body,Face+Body+Scene,dino,3
698,0.030605728055040044,Body,Face+Body+Scene,dino,3
700,-0.01430257757504781,Body,Face+Body+Scene,dino,3
716,-0.06606696499511598,Body,Face+Body+Scene,dino,3
765,0.023752728601296746,Body,Face+Body+Scene,dino,3
771,-0.0001901129881540948,Body,Face+Body+Scene,dino,3
786,-0.0274742325146993,Body,Face+Body+Scene,dino,3
806,0.03445466260115306,Body,Face+Body+Scene,dino,3
813,0.023747631597022215,Body,Face+Body+Scene,dino,3
816,-0.0240293691555659,Body,Face+Body+Scene,dino,3
822,0.07221069882313409,Body,Face+Body+Scene,dino,3
826,-0.007236049696803091,Body,Face+Body+Scene,dino,3
847,-0.009489550814032556,Body,Face+Body+Scene,dino,3
876,0.00700490064918995,Body,Face+Body+Scene,dino,3
891,0.03903710829714934,Body,Face+Body+Scene,dino,3
919,-0.013556357907752196,Body,Face+Body+Scene,dino,3
931,-0.04665376593669255,Body,Face+Body+Scene,dino,3
933,0.05209309868514538,Body,Face+Body+Scene,dino,3
941,-0.010798825075229009,Body,Face+Body+Scene,dino,3
960,0.08012220207601786,Body,Face+Body+Scene,dino,3
968,0.014341228206952411,Body,Face+Body+Scene,dino,3
989,0.08307492733001709,Body,Face+Body+Scene,dino,3
21,-0.002442526817321778,Body,Face+Body+Scene,person_lpips,3
38,0.0019931505123774213,Body,Face+Body+Scene,person_lpips,3
40,-0.010098891456921897,Body,Face+Body+Scene,person_lpips,3
59,0.001143954197565714,Body,Face+Body+Scene,person_lpips,3
88,-0.008646695812543233,Body,Face+Body+Scene,person_lpips,3
116,-0.0026473065217336015,Body,Face+Body+Scene,person_lpips,3
133,0.001261802514394124,Body,Face+Body+Scene,person_lpips,3
161,-0.003009771307309469,Body,Face+Body+Scene,person_lpips,3
170,0.001100021600723267,Body,Face+Body+Scene,person_lpips,3
179,-0.02094264030456543,Body,Face+Body+Scene,person_lpips,3
220,-0.002717489004135132,Body,Face+Body+Scene,person_lpips,3
233,0.009716189901034037,Body,Face+Body+Scene,person_lpips,3
257,-0.007323045531908671,Body,Face+Body+Scene,person_lpips,3
290,-0.003918655713399251,Body,Face+Body+Scene,person_lpips,3
331,0.019260539611180624,Body,Face+Body+Scene,person_lpips,3
339,-0.0026451617479324335,Body,Face+Body+Scene,person_lpips,3
355,-0.002756285667419434,Body,Face+Body+Scene,person_lpips,3
366,0.00813337763150533,Body,Face+Body+Scene,person_lpips,3
474,0.002136673529942831,Body,Face+Body+Scene,person_lpips,3
492,-0.0012302796045939128,Body,Face+Body+Scene,person_lpips,3
527,0.004798010985056559,Body,Face+Body+Scene,person_lpips,3
530,0.011951739589373274,Body,Face+Body+Scene,person_lpips,3
542,-2.1290779113769503e-05,Body,Face+Body+Scene,person_lpips,3
574,0.00524687667687734,Body,Face+Body+Scene,person_lpips,3
597,0.00314840575059255,Body,Face+Body+Scene,person_lpips,3
619,0.007014298439025879,Body,Face+Body+Scene,person_lpips,3
656,-0.002430759867032369,Body,Face+Body+Scene,person_lpips,3
661,-0.0042762180169423425,Body,Face+Body+Scene,person_lpips,3
664,-0.005014254649480184,Body,Face+Body+Scene,person_lpips,3
698,-0.0029282410939534503,Body,Face+Body+Scene,person_lpips,3
700,-0.003569245338439941,Body,Face+Body+Scene,person_lpips,3
716,0.0007670919100443524,Body,Face+Body+Scene,person_lpips,3
765,-0.0003960768381754554,Body,Face+Body+Scene,person_lpips,3
771,0.0013353466987609866,Body,Face+Body+Scene,person_lpips,3
786,-0.0033679664134979247,Body,Face+Body+Scene,person_lpips,3
806,-0.004506800572077433,Body,Face+Body+Scene,person_lpips,3
813,-0.0008519212404886882,Body,Face+Body+Scene,person_lpips,3
816,-0.006752022107442221,Body,Face+Body+Scene,person_lpips,3
822,0.004923862218856811,Body,Face+Body+Scene,person_lpips,3
826,0.007473860184351603,Body,Face+Body+Scene,person_lpips,3
847,0.009435780843098958,Body,Face+Body+Scene,person_lpips,3
876,0.002066543698310852,Body,Face+Body+Scene,person_lpips,3
891,-0.003149125973383586,Body,Face+Body+Scene,person_lpips,3
919,-0.010517781972885132,Body,Face+Body+Scene,person_lpips,3
931,0.0017205198605855301,Body,Face+Body+Scene,person_lpips,3
933,-3.7628412246704566e-05,Body,Face+Body+Scene,person_lpips,3
941,0.003970589240392049,Body,Face+Body+Scene,person_lpips,3
960,-0.009881408015886942,Body,Face+Body+Scene,person_lpips,3
968,-0.0007666488488515219,Body,Face+Body+Scene,person_lpips,3
989,0.005111100276311238,Body,Face+Body+Scene,person_lpips,3
21,0.02293576399485271,Body,Face+Body+Scene,person_dino,3
38,0.06838271419207255,Body,Face+Body+Scene,person_dino,3
40,0.006999585032463072,Body,Face+Body+Scene,person_dino,3
59,-0.06549356083075204,Body,Face+Body+Scene,person_dino,3
88,0.01432130187749863,Body,Face+Body+Scene,person_dino,3
116,0.021350833276907604,Body,Face+Body+Scene,person_dino,3
133,0.0035440221428871157,Body,Face+Body+Scene,person_dino,3
161,-0.019151254494984945,Body,Face+Body+Scene,person_dino,3
170,0.08036966721216837,Body,Face+Body+Scene,person_dino,3
179,0.060052621364593516,Body,Face+Body+Scene,person_dino,3
220,-0.003526474038759867,Body,Face+Body+Scene,person_dino,3
233,-0.0078068678577740995,Body,Face+Body+Scene,person_dino,3
257,0.009065522750218708,Body,Face+Body+Scene,person_dino,3
290,0.09293026079734168,Body,Face+Body+Scene,person_dino,3
331,-0.05103785277654727,Body,Face+Body+Scene,person_dino,3
339,0.012838769952456157,Body,Face+Body+Scene,person_dino,3
355,-0.0499335914850235,Body,Face+Body+Scene,person_dino,3
366,-0.0010898773868878674,Body,Face+Body+Scene,person_dino,3
474,0.02473844389120738,Body,Face+Body+Scene,person_dino,3
492,0.05278106133143107,Body,Face+Body+Scene,person_dino,3
527,0.0033782700697580965,Body,Face+Body+Scene,person_dino,3
530,-0.007309175034364064,Body,Face+Body+Scene,person_dino,3
542,0.05782721787691116,Body,Face+Body+Scene,person_dino,3
574,0.017045460144678753,Body,Face+Body+Scene,person_dino,3
597,-0.014647618432839715,Body,Face+Body+Scene,person_dino,3
619,0.027596858702599997,Body,Face+Body+Scene,person_dino,3
656,-0.011068890492121381,Body,Face+Body+Scene,person_dino,3
661,0.027978587150573733,Body,Face+Body+Scene,person_dino,3
664,0.016513744990030926,Body,Face+Body+Scene,person_dino,3
698,-0.015934990843137105,Body,Face+Body+Scene,person_dino,3
700,-0.005744366347789766,Body,Face+Body+Scene,person_dino,3
716,0.018488493810097376,Body,Face+Body+Scene,person_dino,3
765,0.001015334824721018,Body,Face+Body+Scene,person_dino,3
771,-0.016440438106656075,Body,Face+Body+Scene,person_dino,3
786,-0.06986653407414754,Body,Face+Body+Scene,person_dino,3
806,0.04748920400937399,Body,Face+Body+Scene,person_dino,3
813,-0.00043676098187764534,Body,Face+Body+Scene,person_dino,3
816,-0.041591461002826687,Body,Face+Body+Scene,person_dino,3
822,0.06228206753730774,Body,Face+Body+Scene,person_dino,3
826,-6.711507836977635e-05,Body,Face+Body+Scene,person_dino,3
847,0.004776160418987274,Body,Face+Body+Scene,person_dino,3
876,0.013206684092680615,Body,Face+Body+Scene,person_dino,3
891,0.02328758537769317,Body,Face+Body+Scene,person_dino,3
919,-0.0027036023636658976,Body,Face+Body+Scene,person_dino,3
931,-0.023890850941340133,Body,Face+Body+Scene,person_dino,3
933,0.05290626635154089,Body,Face+Body+Scene,person_dino,3
941,-0.020450900991757708,Body,Face+Body+Scene,person_dino,3
960,-0.06209610799948375,Body,Face+Body+Scene,person_dino,3
968,0.03824102779229482,Body,Face+Body+Scene,person_dino,3
989,0.04671765963236491,Body,Face+Body+Scene,person_dino,3
21,0.0011752922747267295,Body,Face+Body+Scene,person_region_consistency,3
38,0.013434330735064193,Body,Face+Body+Scene,person_region_consistency,3
40,0.0455284266926631,Body,Face+Body+Scene,person_region_consistency,3
59,-0.00467138031752783,Body,Face+Body+Scene,person_region_consistency,3
88,0.028621887419624722,Body,Face+Body+Scene,person_region_consistency,3
116,0.026749869758828274,Body,Face+Body+Scene,person_region_consistency,3
133,0.061791911839625346,Body,Face+Body+Scene,person_region_consistency,3
161,0.00046143419588098866,Body,Face+Body+Scene,person_region_consistency,3
170,0.019959791142018766,Body,Face+Body+Scene,person_region_consistency,3
179,0.11102248346549838,Body,Face+Body+Scene,person_region_consistency,3
220,-0.01077925454317256,Body,Face+Body+Scene,person_region_consistency,3
233,0.02400005419757791,Body,Face+Body+Scene,person_region_consistency,3
257,-0.0009386142521970829,Body,Face+Body+Scene,person_region_consistency,3
290,0.03764032806621065,Body,Face+Body+Scene,person_region_consistency,3
331,-0.08538839535371086,Body,Face+Body+Scene,person_region_consistency,3
339,0.02817495834839986,Body,Face+Body+Scene,person_region_consistency,3
355,0.01215036432886034,Body,Face+Body+Scene,person_region_consistency,3
366,0.01609171520325196,Body,Face+Body+Scene,person_region_consistency,3
474,0.012557864499541002,Body,Face+Body+Scene,person_region_consistency,3
492,0.04628547222982667,Body,Face+Body+Scene,person_region_consistency,3
527,-0.022320067001698068,Body,Face+Body+Scene,person_region_consistency,3
530,0.01792544262295619,Body,Face+Body+Scene,person_region_consistency,3
542,-0.017119464421301665,Body,Face+Body+Scene,person_region_consistency,3
574,-0.032407392628837385,Body,Face+Body+Scene,person_region_consistency,3
597,0.0045671148993197,Body,Face+Body+Scene,person_region_consistency,3
619,-0.012144651360343386,Body,Face+Body+Scene,person_region_consistency,3
656,-0.012502284853881385,Body,Face+Body+Scene,person_region_consistency,3
661,-0.017831420785409478,Body,Face+Body+Scene,person_region_consistency,3
664,-0.011649933447229541,Body,Face+Body+Scene,person_region_consistency,3
698,-0.030166566112022963,Body,Face+Body+Scene,person_region_consistency,3
700,-0.02070079174142102,Body,Face+Body+Scene,person_region_consistency,3
716,0.002129882269563177,Body,Face+Body+Scene,person_region_consistency,3
765,-0.00130826044474469,Body,Face+Body+Scene,person_region_consistency,3
771,-0.005828647876971908,Body,Face+Body+Scene,person_region_consistency,3
786,0.002582172496184086,Body,Face+Body+Scene,person_region_consistency,3
806,-0.009268544952406003,Body,Face+Body+Scene,person_region_consistency,3
813,-0.02313667681341156,Body,Face+Body+Scene,person_region_consistency,3
816,0.00047665122470037097,Body,Face+Body+Scene,person_region_consistency,3
822,-0.010532560762941923,Body,Face+Body+Scene,person_region_consistency,3
826,-0.0067339256928391975,Body,Face+Body+Scene,person_region_consistency,3
847,0.008707026779032323,Body,Face+Body+Scene,person_region_consistency,3
876,0.011006592123004857,Body,Face+Body+Scene,person_region_consistency,3
891,0.006961968117901447,Body,Face+Body+Scene,person_region_consistency,3
919,-0.021650811312594526,Body,Face+Body+Scene,person_region_consistency,3
931,0.017416756263964675,Body,Face+Body+Scene,person_region_consistency,3
933,0.0578802682777152,Body,Face+Body+Scene,person_region_consistency,3
941,-0.025745937680812143,Body,Face+Body+Scene,person_region_consistency,3
960,-0.0166242282023519,Body,Face+Body+Scene,person_region_consistency,3
968,-0.006414005049934006,Body,Face+Body+Scene,person_region_consistency,3
989,0.013040963893691249,Body,Face+Body+Scene,person_region_consistency,3
21,0.017212680952495018,Body,Face+Body,pixel_corr,3
38,0.010428630645211462,Body,Face+Body,pixel_corr,3
40,-0.006604964930672912,Body,Face+Body,pixel_corr,3
59,0.020774419922296596,Body,Face+Body,pixel_corr,3
88,-0.016316206690399394,Body,Face+Body,pixel_corr,3
116,0.0028356876050037935,Body,Face+Body,pixel_corr,3
133,0.018896938718522036,Body,Face+Body,pixel_corr,3
161,0.004142947985262268,Body,Face+Body,pixel_corr,3
170,0.013249490831545334,Body,Face+Body,pixel_corr,3
179,-0.08310025984916654,Body,Face+Body,pixel_corr,3
220,0.00881419542735673,Body,Face+Body,pixel_corr,3
233,0.02842649013357366,Body,Face+Body,pixel_corr,3
257,-0.004563560090708899,Body,Face+Body,pixel_corr,3
290,0.055227079296791305,Body,Face+Body,pixel_corr,3
331,-0.005859595222441016,Body,Face+Body,pixel_corr,3
339,0.007421142030762094,Body,Face+Body,pixel_corr,3
355,-0.01650578980261915,Body,Face+Body,pixel_corr,3
366,0.045985653729704,Body,Face+Body,pixel_corr,3
474,0.005871487924959479,Body,Face+Body,pixel_corr,3
492,-0.06237774586683603,Body,Face+Body,pixel_corr,3
527,-0.028563881513629697,Body,Face+Body,pixel_corr,3
530,-0.006733304439777765,Body,Face+Body,pixel_corr,3
542,0.004319555990212633,Body,Face+Body,pixel_corr,3
574,-0.0026417483035331216,Body,Face+Body,pixel_corr,3
597,0.002517765848525765,Body,Face+Body,pixel_corr,3
619,-0.005501392285939633,Body,Face+Body,pixel_corr,3
656,-0.00010075399816771979,Body,Face+Body,pixel_corr,3
661,0.018518654641636777,Body,Face+Body,pixel_corr,3
664,-0.011741353959668072,Body,Face+Body,pixel_corr,3
698,0.0003586532794037792,Body,Face+Body,pixel_corr,3
700,-0.02521164530819124,Body,Face+Body,pixel_corr,3
716,0.0023021935614256223,Body,Face+Body,pixel_corr,3
765,0.029992862138090635,Body,Face+Body,pixel_corr,3
771,0.007319297096622434,Body,Face+Body,pixel_corr,3
786,-0.0066694091689714526,Body,Face+Body,pixel_corr,3
806,0.0073718898717516045,Body,Face+Body,pixel_corr,3
813,0.001445363521364414,Body,Face+Body,pixel_corr,3
816,0.0015764767326834923,Body,Face+Body,pixel_corr,3
822,0.02019416820258328,Body,Face+Body,pixel_corr,3
826,-0.001574203855144207,Body,Face+Body,pixel_corr,3
847,0.004030149865524422,Body,Face+Body,pixel_corr,3
876,-0.0035564556439007886,Body,Face+Body,pixel_corr,3
891,0.0027198316518228655,Body,Face+Body,pixel_corr,3
919,-0.005136547629631825,Body,Face+Body,pixel_corr,3
931,0.023092995936027524,Body,Face+Body,pixel_corr,3
933,-0.06425836953828142,Body,Face+Body,pixel_corr,3
941,0.013334329688182699,Body,Face+Body,pixel_corr,3
960,-0.0034814506269032924,Body,Face+Body,pixel_corr,3
968,-0.0035852530003092306,Body,Face+Body,pixel_corr,3
989,-0.007038471234868202,Body,Face+Body,pixel_corr,3
21,0.007760382866336531,Body,Face+Body,ssim,3
38,0.003696640936706993,Body,Face+Body,ssim,3
40,-0.01748337176502936,Body,Face+Body,ssim,3
59,-0.002690770803923876,Body,Face+Body,ssim,3
88,0.018333128929774213,Body,Face+Body,ssim,3
116,0.00297245192037666,Body,Face+Body,ssim,3
133,0.007074112862658414,Body,Face+Body,ssim,3
161,-0.0011252667234930194,Body,Face+Body,ssim,3
170,-0.00764928256799828,Body,Face+Body,ssim,3
179,0.009417930683194131,Body,Face+Body,ssim,3
220,0.001441565155469163,Body,Face+Body,ssim,3
233,0.009585861010007279,Body,Face+Body,ssim,3
257,-0.0008884084858055644,Body,Face+Body,ssim,3
290,0.0036863464371019207,Body,Face+Body,ssim,3
331,-0.0041781389949855675,Body,Face+Body,ssim,3
339,0.004104254740647676,Body,Face+Body,ssim,3
355,-0.015402592935992804,Body,Face+Body,ssim,3
366,0.011547487762908268,Body,Face+Body,ssim,3
474,0.0013208987354511776,Body,Face+Body,ssim,3
492,-0.005623260701446538,Body,Face+Body,ssim,3
527,-0.030538791014454517,Body,Face+Body,ssim,3
530,-0.00790967980077171,Body,Face+Body,ssim,3
542,-0.00482258059703134,Body,Face+Body,ssim,3
574,-0.005361664615701554,Body,Face+Body,ssim,3
597,-0.0053061957543254525,Body,Face+Body,ssim,3
619,-0.010369423502503116,Body,Face+Body,ssim,3
656,0.0014571003012410048,Body,Face+Body,ssim,3
661,-0.001129781694787198,Body,Face+Body,ssim,3
664,-0.0032963316024805915,Body,Face+Body,ssim,3
698,0.007394902057908613,Body,Face+Body,ssim,3
700,-0.002620790376159088,Body,Face+Body,ssim,3
716,-0.0005875418324710445,Body,Face+Body,ssim,3
765,0.03232334587439593,Body,Face+Body,ssim,3
771,0.0022969899941989763,Body,Face+Body,ssim,3
786,-0.0002603755151904678,Body,Face+Body,ssim,3
806,0.01864522819995423,Body,Face+Body,ssim,3
813,0.002913605168298746,Body,Face+Body,ssim,3
816,-0.005279983516100544,Body,Face+Body,ssim,3
822,-0.0002895257598004754,Body,Face+Body,ssim,3
826,5.755387627101406e-05,Body,Face+Body,ssim,3
847,-0.004002946219772423,Body,Face+Body,ssim,3
876,-0.0003165309516381147,Body,Face+Body,ssim,3
891,0.0026629068827416194,Body,Face+Body,ssim,3
919,-0.011244555862098543,Body,Face+Body,ssim,3
931,0.004870234027892333,Body,Face+Body,ssim,3
933,0.0018657973667237325,Body,Face+Body,ssim,3
941,-0.003930382429885056,Body,Face+Body,ssim,3
960,-0.014753265489119113,Body,Face+Body,ssim,3
968,4.702718737553492e-05,Body,Face+Body,ssim,3
989,-0.014678166049839706,Body,Face+Body,ssim,3
21,-0.015358877182006835,Body,Face+Body,lpips,3
38,0.001456165313720703,Body,Face+Body,lpips,3
40,-0.008759673436482748,Body,Face+Body,lpips,3
59,0.0030988891919453937,Body,Face+Body,lpips,3
88,-0.006008247534433999,Body,Face+Body,lpips,3
116,-0.008290286858876545,Body,Face+Body,lpips,3
133,0.006179507573445639,Body,Face+Body,lpips,3
161,0.00924150546391805,Body,Face+Body,lpips,3
170,0.01132871707280477,Body,Face+Body,lpips,3
179,0.041617663701375325,Body,Face+Body,lpips,3
220,-0.0006736079851786293,Body,Face+Body,lpips,3
233,0.005509638786315917,Body,Face+Body,lpips,3
257,-0.003554646174112956,Body,Face+Body,lpips,3
290,-0.01674442688624064,Body,Face+Body,lpips,3
331,0.0026334245999654142,Body,Face+Body,lpips,3
339,0.002815357844034831,Body,Face+Body,lpips,3
355,0.002090934912363688,Body,Face+Body,lpips,3
366,-0.00374999443689982,Body,Face+Body,lpips,3
474,-0.005439007282257081,Body,Face+Body,lpips,3
492,-0.017377456029256184,Body,Face+Body,lpips,3
527,-0.006329071521759034,Body,Face+Body,lpips,3
530,-0.01831630865732829,Body,Face+Body,lpips,3
542,0.0072890559832255045,Body,Face+Body,lpips,3
574,-0.03117168347040812,Body,Face+Body,lpips,3
597,0.006096971035003662,Body,Face+Body,lpips,3
619,0.002669191360473633,Body,Face+Body,lpips,3
656,-0.0032212813695271813,Body,Face+Body,lpips,3
661,-0.018684999148050944,Body,Face+Body,lpips,3
664,0.0012170394261678057,Body,Face+Body,lpips,3
698,-0.011560332775115966,Body,Face+Body,lpips,3
700,0.009843472639719644,Body,Face+Body,lpips,3
716,0.0015311042467753093,Body,Face+Body,lpips,3
765,0.00015146334966023751,Body,Face+Body,lpips,3
771,-0.00011863311131795218,Body,Face+Body,lpips,3
786,0.004795213540395101,Body,Face+Body,lpips,3
806,-0.020745364824930824,Body,Face+Body,lpips,3
813,-0.006782972812652588,Body,Face+Body,lpips,3
816,0.0023163278897603353,Body,Face+Body,lpips,3
822,0.03076802492141724,Body,Face+Body,lpips,3
826,0.004613268375396729,Body,Face+Body,lpips,3
847,-0.0038041989008585613,Body,Face+Body,lpips,3
876,0.002917309602101644,Body,Face+Body,lpips,3
891,-0.01634418567021688,Body,Face+Body,lpips,3
919,0.00665738582611084,Body,Face+Body,lpips,3
931,-2.508560816446923e-05,Body,Face+Body,lpips,3
933,-0.031128346920013424,Body,Face+Body,lpips,3
941,-0.0008207798004150393,Body,Face+Body,lpips,3
960,-0.013879191875457763,Body,Face+Body,lpips,3
968,0.0003346641858418783,Body,Face+Body,lpips,3
989,0.0012133081754048664,Body,Face+Body,lpips,3
21,-0.028707744677861528,Body,Face+Body,clip,3
38,-0.019719437758127848,Body,Face+Body,clip,3
40,-0.03131763935089111,Body,Face+Body,clip,3
59,-0.027019782861073816,Body,Face+Body,clip,3
88,-0.00853747328122457,Body,Face+Body,clip,3
116,0.00475132664044698,Body,Face+Body,clip,3
133,0.00541991194089254,Body,Face+Body,clip,3
161,-0.014376004536946615,Body,Face+Body,clip,3
170,0.00010622938474019276,Body,Face+Body,clip,3
179,-0.028012178341547646,Body,Face+Body,clip,3
220,0.013543434937795001,Body,Face+Body,clip,3
233,-0.006817354758580525,Body,Face+Body,clip,3
257,-0.015720105171203615,Body,Face+Body,clip,3
290,-0.11847692131996156,Body,Face+Body,clip,3
331,-0.0223036785920461,Body,Face+Body,clip,3
339,-0.016823577880859374,Body,Face+Body,clip,3
355,-0.017629142602284747,Body,Face+Body,clip,3
366,-0.028555059432983403,Body,Face+Body,clip,3
474,-0.03607339262962341,Body,Face+Body,clip,3
492,-0.021824073791503907,Body,Face+Body,clip,3
527,-0.03639509479204814,Body,Face+Body,clip,3
530,-0.015184609095255534,Body,Face+Body,clip,3
542,-0.0015687584877014157,Body,Face+Body,clip,3
574,-0.018253223101298014,Body,Face+Body,clip,3
597,-0.02928598324457805,Body,Face+Body,clip,3
619,0.0032322029272715247,Body,Face+Body,clip,3
656,-0.00361465017000834,Body,Face+Body,clip,3
661,-0.006448131799697876,Body,Face+Body,clip,3
664,0.025030787785847983,Body,Face+Body,clip,3
698,0.04871186812718709,Body,Face+Body,clip,3
700,-0.036293840408325194,Body,Face+Body,clip,3
716,0.009226866563161214,Body,Face+Body,clip,3
765,-0.007421278953552245,Body,Face+Body,clip,3
771,-0.008051490783691405,Body,Face+Body,clip,3
786,0.014517263571421303,Body,Face+Body,clip,3
806,-0.04946894049644471,Body,Face+Body,clip,3
813,0.005951641003290813,Body,Face+Body,clip,3
816,0.0012190739313761416,Body,Face+Body,clip,3
822,-0.04535663326581319,Body,Face+Body,clip,3
826,0.012805791695912679,Body,Face+Body,clip,3
847,-0.009344331423441567,Body,Face+Body,clip,3
876,-0.004587809244791669,Body,Face+Body,clip,3
891,-0.02226755221684774,Body,Face+Body,clip,3
919,-0.015219682455062868,Body,Face+Body,clip,3
931,0.006042853991190593,Body,Face+Body,clip,3
933,-0.05402597983678182,Body,Face+Body,clip,3
941,0.028328806161880493,Body,Face+Body,clip,3
960,-0.0311203142007192,Body,Face+Body,clip,3
968,-0.003926567236582439,Body,Face+Body,clip,3
989,-0.002330092589060466,Body,Face+Body,clip,3
21,-0.0026184226075808234,Body,Face+Body,dino,3
38,0.01006464958190918,Body,Face+Body,dino,3
40,-0.02803361428280672,Body,Face+Body,dino,3
59,0.023892015591263773,Body,Face+Body,dino,3
88,0.008239622755597031,Body,Face+Body,dino,3
116,-0.030134238551060358,Body,Face+Body,dino,3
133,0.004387694721420613,Body,Face+Body,dino,3
161,-0.03787743846575419,Body,Face+Body,dino,3
170,-0.0004096480086445813,Body,Face+Body,dino,3
179,0.034072891374429065,Body,Face+Body,dino,3
220,0.049498480061690005,Body,Face+Body,dino,3
233,-0.008184130582958459,Body,Face+Body,dino,3
257,0.00677458643913269,Body,Face+Body,dino,3
290,-0.16733375998834768,Body,Face+Body,dino,3
331,-0.029504035661617915,Body,Face+Body,dino,3
339,0.009616482257843015,Body,Face+Body,dino,3
355,-0.004262697696685792,Body,Face+Body,dino,3
366,0.0120866447687149,Body,Face+Body,dino,3
474,-0.037343110889196396,Body,Face+Body,dino,3
492,-0.0541793445746104,Body,Face+Body,dino,3
527,-0.07643099874258041,Body,Face+Body,dino,3
530,-0.06540886958440145,Body,Face+Body,dino,3
542,0.010590517024199171,Body,Face+Body,dino,3
574,-0.07747647718836864,Body,Face+Body,dino,3
597,-0.01679153790076574,Body,Face+Body,dino,3
619,0.04421771612639228,Body,Face+Body,dino,3
656,-0.030921161671479545,Body,Face+Body,dino,3
661,0.00383151868979136,Body,Face+Body,dino,3
664,0.024762713909149175,Body,Face+Body,dino,3
698,0.02807796634733677,Body,Face+Body,dino,3
700,-0.04117468396822612,Body,Face+Body,dino,3
716,-0.051906564335028334,Body,Face+Body,dino,3
765,-0.033582478761672974,Body,Face+Body,dino,3
771,-0.0038793906569480944,Body,Face+Body,dino,3
786,0.027750261624654132,Body,Face+Body,dino,3
806,-0.023334763944149017,Body,Face+Body,dino,3
813,0.002797546982765197,Body,Face+Body,dino,3
816,-0.012033103903134662,Body,Face+Body,dino,3
822,-0.05691719111055136,Body,Face+Body,dino,3
826,0.006902071398993333,Body,Face+Body,dino,3
847,0.009030277235433459,Body,Face+Body,dino,3
876,0.010116649791598322,Body,Face+Body,dino,3
891,-0.0024708775493005922,Body,Face+Body,dino,3
919,-0.05573608254392942,Body,Face+Body,dino,3
931,0.006431452433268228,Body,Face+Body,dino,3
933,-0.036279013752937316,Body,Face+Body,dino,3
941,0.016161018113295237,Body,Face+Body,dino,3
960,-0.06413684797783692,Body,Face+Body,dino,3
968,0.0024521862467130023,Body,Face+Body,dino,3
989,-0.04646656513214111,Body,Face+Body,dino,3
21,0.0001493811607360841,Body,Face+Body,person_lpips,3
38,-0.00039643645286560066,Body,Face+Body,person_lpips,3
40,0.012829344471295676,Body,Face+Body,person_lpips,3
59,-0.0010096371173858641,Body,Face+Body,person_lpips,3
88,-0.0029542883237202965,Body,Face+Body,person_lpips,3
116,-0.003787378470102946,Body,Face+Body,person_lpips,3
133,0.004028296470642089,Body,Face+Body,person_lpips,3
161,0.01119070847829183,Body,Face+Body,person_lpips,3
170,0.011178255081176758,Body,Face+Body,person_lpips,3
179,0.014245061079661052,Body,Face+Body,person_lpips,3
220,-0.0007607479890187584,Body,Face+Body,person_lpips,3
233,0.006330929199854532,Body,Face+Body,person_lpips,3
257,-0.00511860450108846,Body,Face+Body,person_lpips,3
290,0.00068236788113912,Body,Face+Body,person_lpips,3
331,0.0043364683787028,Body,Face+Body,person_lpips,3
339,-0.0039027392864227294,Body,Face+Body,person_lpips,3
355,-0.0025775531927744546,Body,Face+Body,person_lpips,3
366,-0.00045570929845174167,Body,Face+Body,person_lpips,3
474,-0.0005619664986928302,Body,Face+Body,person_lpips,3
492,-0.002377082904179891,Body,Face+Body,person_lpips,3
527,-0.0025590837001800535,Body,Face+Body,person_lpips,3
530,-0.0027736594279607137,Body,Face+Body,person_lpips,3
542,0.0015592296918233233,Body,Face+Body,person_lpips,3
574,-0.0034350444873174034,Body,Face+Body,person_lpips,3
597,0.002337870995203654,Body,Face+Body,person_lpips,3
619,0.007582263151804605,Body,Face+Body,person_lpips,3
656,0.0030564586321512864,Body,Face+Body,person_lpips,3
661,-0.007954565684000652,Body,Face+Body,person_lpips,3
664,-0.000933876633644104,Body,Face+Body,person_lpips,3
698,-0.0035451521476109822,Body,Face+Body,person_lpips,3
700,-0.004816486438115438,Body,Face+Body,person_lpips,3
716,0.004511708021163941,Body,Face+Body,person_lpips,3
765,0.006882949670155843,Body,Face+Body,person_lpips,3
771,-0.0009375214576721191,Body,Face+Body,person_lpips,3
786,-0.0019508163134256999,Body,Face+Body,person_lpips,3
806,-0.011050198475519815,Body,Face+Body,person_lpips,3
813,-0.0029777268568674715,Body,Face+Body,person_lpips,3
816,-0.004472732543945312,Body,Face+Body,person_lpips,3
822,0.015014874935150148,Body,Face+Body,person_lpips,3
826,0.00043445825576782227,Body,Face+Body,person_lpips,3
847,0.004476853211720785,Body,Face+Body,person_lpips,3
876,0.0010192245244979856,Body,Face+Body,person_lpips,3
891,-0.009194326400756837,Body,Face+Body,person_lpips,3
919,-0.006373862425486247,Body,Face+Body,person_lpips,3
931,0.01201341946919759,Body,Face+Body,person_lpips,3
933,-0.008397789796193442,Body,Face+Body,person_lpips,3
941,-0.00038842956225077304,Body,Face+Body,person_lpips,3
960,0.0014772832393646238,Body,Face+Body,person_lpips,3
968,0.0006867786248524983,Body,Face+Body,person_lpips,3
989,-0.005539435148239136,Body,Face+Body,person_lpips,3
21,0.008074196179707846,Body,Face+Body,person_dino,3
38,0.017832238475481668,Body,Face+Body,person_dino,3
40,-0.008229731520016987,Body,Face+Body,person_dino,3
59,0.016696248203516006,Body,Face+Body,person_dino,3
88,0.010359522700309754,Body,Face+Body,person_dino,3
116,0.04781856934229533,Body,Face+Body,person_dino,3
133,-0.03831933935483296,Body,Face+Body,person_dino,3
161,-0.022440116604169207,Body,Face+Body,person_dino,3
170,-0.05155986150105794,Body,Face+Body,person_dino,3
179,0.012149701515833541,Body,Face+Body,person_dino,3
220,0.016839400430520377,Body,Face+Body,person_dino,3
233,0.0038880149523417167,Body,Face+Body,person_dino,3
257,0.024985803167025252,Body,Face+Body,person_dino,3
290,-0.05416641980409623,Body,Face+Body,person_dino,3
331,-0.03314460261414449,Body,Face+Body,person_dino,3
339,0.027705687284469604,Body,Face+Body,person_dino,3
355,-0.02632264494895935,Body,Face+Body,person_dino,3
366,0.05249123771985372,Body,Face+Body,person_dino,3
474,0.03413052360216776,Body,Face+Body,person_dino,3
492,-0.06727331578731537,Body,Face+Body,person_dino,3
527,-0.01823658396800359,Body,Face+Body,person_dino,3
530,0.0026915838321050004,Body,Face+Body,person_dino,3
542,0.036040447652339935,Body,Face+Body,person_dino,3
574,-0.022476311524709067,Body,Face+Body,person_dino,3
597,-0.07721636692682902,Body,Face+Body,person_dino,3
619,0.034933587474127614,Body,Face+Body,person_dino,3
656,-0.026785696546236675,Body,Face+Body,person_dino,3
661,0.0031016548474629723,Body,Face+Body,person_dino,3
664,-0.018495619297027588,Body,Face+Body,person_dino,3
698,0.04062703748544057,Body,Face+Body,person_dino,3
700,0.01664590338865916,Body,Face+Body,person_dino,3
716,0.025415620207786562,Body,Face+Body,person_dino,3
765,-0.012969891726970674,Body,Face+Body,person_dino,3
771,-0.03872370198369026,Body,Face+Body,person_dino,3
786,-0.006397856275240583,Body,Face+Body,person_dino,3
806,-0.034643421073754635,Body,Face+Body,person_dino,3
813,0.000925173362096153,Body,Face+Body,person_dino,3
816,-0.013203630844751993,Body,Face+Body,person_dino,3
822,-0.024685042103131615,Body,Face+Body,person_dino,3
826,-0.01321450819571813,Body,Face+Body,person_dino,3
847,-0.02126301924387614,Body,Face+Body,person_dino,3
876,0.018826546519994738,Body,Face+Body,person_dino,3
891,0.014996500313282013,Body,Face+Body,person_dino,3
919,-0.035046120484670006,Body,Face+Body,person_dino,3
931,-0.041147192319234215,Body,Face+Body,person_dino,3
933,-0.10210708975791931,Body,Face+Body,person_dino,3
941,-0.01031114012002945,Body,Face+Body,person_dino,3
960,-0.0081191748380661,Body,Face+Body,person_dino,3
968,-0.02414905925591787,Body,Face+Body,person_dino,3
989,-0.0067444483439127595,Body,Face+Body,person_dino,3
21,-0.0035736675050650826,Body,Face+Body,person_region_consistency,3
38,-0.01662194968063774,Body,Face+Body,person_region_consistency,3
40,0.010481247917578318,Body,Face+Body,person_region_consistency,3
59,-0.017082795352871664,Body,Face+Body,person_region_consistency,3
88,0.006381687238317811,Body,Face+Body,person_region_consistency,3
116,0.0013154343510990544,Body,Face+Body,person_region_consistency,3
133,0.021397487989682138,Body,Face+Body,person_region_consistency,3
161,0.0030590347010792888,Body,Face+Body,person_region_consistency,3
170,0.02271798816705776,Body,Face+Body,person_region_consistency,3
179,-0.01374396040555729,Body,Face+Body,person_region_consistency,3
220,-0.0107109974370133,Body,Face+Body,person_region_consistency,3
233,-0.001970953054850099,Body,Face+Body,person_region_consistency,3
257,0.008871649434442776,Body,Face+Body,person_region_consistency,3
290,0.02729701133870968,Body,Face+Body,person_region_consistency,3
331,-0.01665882395024137,Body,Face+Body,person_region_consistency,3
339,0.0028447999716611633,Body,Face+Body,person_region_consistency,3
355,0.012454766804392947,Body,Face+Body,person_region_consistency,3
366,0.028797331685341945,Body,Face+Body,person_region_consistency,3
474,-0.004591328076866275,Body,Face+Body,person_region_consistency,3
492,-0.0384549651508145,Body,Face+Body,person_region_consistency,3
527,-0.01628546506019635,Body,Face+Body,person_region_consistency,3
530,-0.026766792318408283,Body,Face+Body,person_region_consistency,3
542,0.0063481695271919575,Body,Face+Body,person_region_consistency,3
574,0.01489049394787798,Body,Face+Body,person_region_consistency,3
597,-0.012266059487854038,Body,Face+Body,person_region_consistency,3
619,0.02182439059092447,Body,Face+Body,person_region_consistency,3
656,-0.0021410083165196298,Body,Face+Body,person_region_consistency,3
661,0.014801326613224475,Body,Face+Body,person_region_consistency,3
664,0.010276778664784112,Body,Face+Body,person_region_consistency,3
698,-0.016441139583721977,Body,Face+Body,person_region_consistency,3
700,-0.015037646000377247,Body,Face+Body,person_region_consistency,3
716,-0.03220864467594082,Body,Face+Body,person_region_consistency,3
765,0.008376711280841507,Body,Face+Body,person_region_consistency,3
771,-0.007445116990297339,Body,Face+Body,person_region_consistency,3
786,0.012784000945277657,Body,Face+Body,person_region_consistency,3
806,0.028965166303568168,Body,Face+Body,person_region_consistency,3
813,0.007587764139696904,Body,Face+Body,person_region_consistency,3
816,-0.0040545377931802485,Body,Face+Body,person_region_consistency,3
822,0.029206303268794285,Body,Face+Body,person_region_consistency,3
826,-0.015683678896064347,Body,Face+Body,person_region_consistency,3
847,-0.0016049420503356782,Body,Face+Body,person_region_consistency,3
876,0.011607889587949746,Body,Face+Body,person_region_consistency,3
891,0.002216366623423227,Body,Face+Body,person_region_consistency,3
919,-0.02401310974686,Body,Face+Body,person_region_consistency,3
931,0.023635951268593247,Body,Face+Body,person_region_consistency,3
933,-0.03664162121727625,Body,Face+Body,person_region_consistency,3
941,0.007378719903229043,Body,Face+Body,person_region_consistency,3
960,-0.010803024940205843,Body,Face+Body,person_region_consistency,3
968,0.0006518921839525307,Body,Face+Body,person_region_consistency,3
989,-0.0039805068389944095,Body,Face+Body,person_region_consistency,3
21,-0.005829959546164584,Body,Face+Scene,pixel_corr,3
38,0.0031733318206835343,Body,Face+Scene,pixel_corr,3
40,0.026674390933702025,Body,Face+Scene,pixel_corr,3
59,-0.009143486820811252,Body,Face+Scene,pixel_corr,3
88,0.007081749748227127,Body,Face+Scene,pixel_corr,3
116,0.006275433908487748,Body,Face+Scene,pixel_corr,3
133,0.01330107241810151,Body,Face+Scene,pixel_corr,3
161,-0.007445328811258947,Body,Face+Scene,pixel_corr,3
170,-0.0111526257769717,Body,Face+Scene,pixel_corr,3
179,0.13513683130054863,Body,Face+Scene,pixel_corr,3
220,0.003491272257043798,Body,Face+Scene,pixel_corr,3
233,-0.0029719792786241524,Body,Face+Scene,pixel_corr,3
257,0.004669678101336083,Body,Face+Scene,pixel_corr,3
290,0.04250102250408045,Body,Face+Scene,pixel_corr,3
331,-0.019451575707854586,Body,Face+Scene,pixel_corr,3
339,-0.0035179048336347624,Body,Face+Scene,pixel_corr,3
355,0.039938698865515695,Body,Face+Scene,pixel_corr,3
366,-0.005041107196075131,Body,Face+Scene,pixel_corr,3
474,0.004933412315752043,Body,Face+Scene,pixel_corr,3
492,0.07210992327756588,Body,Face+Scene,pixel_corr,3
527,0.0008384194457217519,Body,Face+Scene,pixel_corr,3
530,0.010211234663837098,Body,Face+Scene,pixel_corr,3
542,-0.00010125890387223709,Body,Face+Scene,pixel_corr,3
574,0.015773205649736517,Body,Face+Scene,pixel_corr,3
597,-0.005350982440810714,Body,Face+Scene,pixel_corr,3
619,-0.008848098412200354,Body,Face+Scene,pixel_corr,3
656,-0.00435264407380881,Body,Face+Scene,pixel_corr,3
661,-0.00554219365802909,Body,Face+Scene,pixel_corr,3
664,-0.014753550369619638,Body,Face+Scene,pixel_corr,3
698,-0.004475674606192483,Body,Face+Scene,pixel_corr,3
700,0.0015780725932021218,Body,Face+Scene,pixel_corr,3
716,0.003922855518709359,Body,Face+Scene,pixel_corr,3
765,-0.01633763654106146,Body,Face+Scene,pixel_corr,3
771,0.007356494596759589,Body,Face+Scene,pixel_corr,3
786,-0.00351168569286902,Body,Face+Scene,pixel_corr,3
806,-0.0031921023695010466,Body,Face+Scene,pixel_corr,3
813,-0.0030146907025076293,Body,Face+Scene,pixel_corr,3
816,-0.022377585096539667,Body,Face+Scene,pixel_corr,3
822,-0.01298954379196384,Body,Face+Scene,pixel_corr,3
826,0.018466046200537364,Body,Face+Scene,pixel_corr,3
847,-0.0020130914381937906,Body,Face+Scene,pixel_corr,3
876,0.0005184713369799383,Body,Face+Scene,pixel_corr,3
891,0.0034126876131587,Body,Face+Scene,pixel_corr,3
919,0.010122966794714692,Body,Face+Scene,pixel_corr,3
931,0.006211350733070028,Body,Face+Scene,pixel_corr,3
933,0.01733485366099734,Body,Face+Scene,pixel_corr,3
941,0.008360884437673,Body,Face+Scene,pixel_corr,3
960,0.00641142814777253,Body,Face+Scene,pixel_corr,3
968,-0.007794237576399878,Body,Face+Scene,pixel_corr,3
989,-0.004020223281276919,Body,Face+Scene,pixel_corr,3
21,-0.003927889872200669,Body,Face+Scene,ssim,3
38,-0.0051219396463043,Body,Face+Scene,ssim,3
40,0.02938768867516094,Body,Face+Scene,ssim,3
59,0.008122960703377063,Body,Face+Scene,ssim,3
88,-0.004634333927919962,Body,Face+Scene,ssim,3
116,0.005283040297618567,Body,Face+Scene,ssim,3
133,0.0017161176345085332,Body,Face+Scene,ssim,3
161,0.010466324630480882,Body,Face+Scene,ssim,3
170,0.012590241984086708,Body,Face+Scene,ssim,3
179,0.003280455410855717,Body,Face+Scene,ssim,3
220,0.0015866502452250447,Body,Face+Scene,ssim,3
233,-0.0006592189320383359,Body,Face+Scene,ssim,3
257,0.00455433456911163,Body,Face+Scene,ssim,3
290,-0.020662839104441087,Body,Face+Scene,ssim,3
331,-0.0067639860220103,Body,Face+Scene,ssim,3
339,-0.002293372276780925,Body,Face+Scene,ssim,3
355,0.00011947135939895566,Body,Face+Scene,ssim,3
366,0.0040341538546260335,Body,Face+Scene,ssim,3
474,0.005136993031173746,Body,Face+Scene,ssim,3
492,1.8366053403130283e-05,Body,Face+Scene,ssim,3
527,-0.008720453519237654,Body,Face+Scene,ssim,3
530,0.007012871890040836,Body,Face+Scene,ssim,3
542,-0.00301503748791955,Body,Face+Scene,ssim,3
574,0.02217207139295789,Body,Face+Scene,ssim,3
597,0.0018799598874448856,Body,Face+Scene,ssim,3
619,0.013658788485281551,Body,Face+Scene,ssim,3
656,0.0022479779093157386,Body,Face+Scene,ssim,3
661,0.0061738565090401305,Body,Face+Scene,ssim,3
664,0.004232987634767245,Body,Face+Scene,ssim,3
698,0.004908318554193867,Body,Face+Scene,ssim,3
700,0.005905408758699301,Body,Face+Scene,ssim,3
716,-0.0013196779190341292,Body,Face+Scene,ssim,3
765,0.0035065094653567593,Body,Face+Scene,ssim,3
771,0.006223568156466911,Body,Face+Scene,ssim,3
786,0.0002994400971739003,Body,Face+Scene,ssim,3
806,-0.023616870500475364,Body,Face+Scene,ssim,3
813,-0.0008532910238504516,Body,Face+Scene,ssim,3
816,-0.001602778672763239,Body,Face+Scene,ssim,3
822,-0.0012442912082129074,Body,Face+Scene,ssim,3
826,0.002136062712252022,Body,Face+Scene,ssim,3
847,0.005965661437563149,Body,Face+Scene,ssim,3
876,0.0024588357891966745,Body,Face+Scene,ssim,3
891,-0.00510428857494229,Body,Face+Scene,ssim,3
919,-0.0012029401260292428,Body,Face+Scene,ssim,3
931,-0.001153488778993476,Body,Face+Scene,ssim,3
933,0.019644620420902245,Body,Face+Scene,ssim,3
941,-0.006046124812217144,Body,Face+Scene,ssim,3
960,-0.0004446974700801134,Body,Face+Scene,ssim,3
968,-0.0023094548519853467,Body,Face+Scene,ssim,3
989,0.003928621090054451,Body,Face+Scene,ssim,3
21,0.015456783771514894,Body,Face+Scene,lpips,3
38,0.0037757396697998048,Body,Face+Scene,lpips,3
40,0.007568041483561198,Body,Face+Scene,lpips,3
59,0.005967660744984945,Body,Face+Scene,lpips,3
88,-0.0156615416208903,Body,Face+Scene,lpips,3
116,0.00010035832722981779,Body,Face+Scene,lpips,3
133,-0.0072509964307149255,Body,Face+Scene,lpips,3
161,-0.0043904622395833336,Body,Face+Scene,lpips,3
170,-0.011282002925872803,Body,Face+Scene,lpips,3
179,-0.037652961413065594,Body,Face+Scene,lpips,3
220,0.0036685744921366374,Body,Face+Scene,lpips,3
233,-0.0012778321901957199,Body,Face+Scene,lpips,3
257,-0.006680802504221598,Body,Face+Scene,lpips,3
290,0.035298955440521244,Body,Face+Scene,lpips,3
331,0.009882736206054689,Body,Face+Scene,lpips,3
339,-0.00809394121170044,Body,Face+Scene,lpips,3
355,-0.023615952332814535,Body,Face+Scene,lpips,3
366,-0.0038945992787679036,Body,Face+Scene,lpips,3
474,-0.007377787431081135,Body,Face+Scene,lpips,3
492,0.01616677443186442,Body,Face+Scene,lpips,3
527,0.005260741710662841,Body,Face+Scene,lpips,3
530,0.012201547622680664,Body,Face+Scene,lpips,3
542,-0.0060268998146057115,Body,Face+Scene,lpips,3
574,0.028555480639139815,Body,Face+Scene,lpips,3
597,0.004010387261708578,Body,Face+Scene,lpips,3
619,-0.00811758041381836,Body,Face+Scene,lpips,3
656,-0.0011718193689982095,Body,Face+Scene,lpips,3
661,-0.004059251149495443,Body,Face+Scene,lpips,3
664,0.009338215986887615,Body,Face+Scene,lpips,3
698,-0.005874069531758626,Body,Face+Scene,lpips,3
700,-0.0017531752586364736,Body,Face+Scene,lpips,3
716,0.006274871031443277,Body,Face+Scene,lpips,3
765,0.0016870220502217613,Body,Face+Scene,lpips,3
771,-0.003357859452565511,Body,Face+Scene,lpips,3
786,-0.003083193302154541,Body,Face+Scene,lpips,3
806,0.0221907377243042,Body,Face+Scene,lpips,3
813,0.00631017287572225,Body,Face+Scene,lpips,3
816,-0.0054175059000651045,Body,Face+Scene,lpips,3
822,-0.0235177477200826,Body,Face+Scene,lpips,3
826,-0.011466296513875325,Body,Face+Scene,lpips,3
847,0.009013541539510091,Body,Face+Scene,lpips,3
876,-0.00892625649770101,Body,Face+Scene,lpips,3
891,-0.001442142327626546,Body,Face+Scene,lpips,3
919,-0.0006894707679748535,Body,Face+Scene,lpips,3
931,0.006566405296325684,Body,Face+Scene,lpips,3
933,0.012325223286946614,Body,Face+Scene,lpips,3
941,0.0042499184608459474,Body,Face+Scene,lpips,3
960,-0.012801071008046469,Body,Face+Scene,lpips,3
968,0.0010070204734802246,Body,Face+Scene,lpips,3
989,0.00789328416188558,Body,Face+Scene,lpips,3
21,0.011984882752100627,Body,Face+Scene,clip,3
38,0.018665901819864907,Body,Face+Scene,clip,3
40,0.07246719598770142,Body,Face+Scene,clip,3
59,0.011430495977401733,Body,Face+Scene,clip,3
88,0.012588234742482505,Body,Face+Scene,clip,3
116,0.004477872451146444,Body,Face+Scene,clip,3
133,-0.0006797750790913902,Body,Face+Scene,clip,3
161,-0.004803991317749023,Body,Face+Scene,clip,3
170,0.014737033843994137,Body,Face+Scene,clip,3
179,0.010645341873168944,Body,Face+Scene,clip,3
220,-0.0161266028881073,Body,Face+Scene,clip,3
233,0.02674809296925863,Body,Face+Scene,clip,3
257,0.006234490871429442,Body,Face+Scene,clip,3
290,0.14727815985679626,Body,Face+Scene,clip,3
331,0.02263411482175191,Body,Face+Scene,clip,3
339,-0.012935006618499756,Body,Face+Scene,clip,3
355,0.015332508087158204,Body,Face+Scene,clip,3
366,-0.039769554138183595,Body,Face+Scene,clip,3
474,0.024413291613260904,Body,Face+Scene,clip,3
492,0.0196614940961202,Body,Face+Scene,clip,3
527,0.01111424962679545,Body,Face+Scene,clip,3
530,0.022366027037302654,Body,Face+Scene,clip,3
542,-0.009170035521189373,Body,Face+Scene,clip,3
574,0.009853031237920126,Body,Face+Scene,clip,3
597,0.038827757040659584,Body,Face+Scene,clip,3
619,0.007944611708323163,Body,Face+Scene,clip,3
656,-0.005747870604197183,Body,Face+Scene,clip,3
661,0.029845825831095376,Body,Face+Scene,clip,3
664,-0.011116727193196613,Body,Face+Scene,clip,3
698,0.02411678433418274,Body,Face+Scene,clip,3
700,-0.014566177129745483,Body,Face+Scene,clip,3
716,-0.0027297973632812492,Body,Face+Scene,clip,3
765,0.030165918668111167,Body,Face+Scene,clip,3
771,0.021078320344289147,Body,Face+Scene,clip,3
786,0.01043635606765747,Body,Face+Scene,clip,3
806,0.08499186237653096,Body,Face+Scene,clip,3
813,-0.00020900964736938454,Body,Face+Scene,clip,3
816,0.01433531641960144,Body,Face+Scene,clip,3
822,0.041000296672185264,Body,Face+Scene,clip,3
826,-0.024907281001408894,Body,Face+Scene,clip,3
847,0.01658723553021749,Body,Face+Scene,clip,3
876,0.02924649318059286,Body,Face+Scene,clip,3
891,-0.01697197953859965,Body,Face+Scene,clip,3
919,0.02411490480105082,Body,Face+Scene,clip,3
931,-0.018241341908772784,Body,Face+Scene,clip,3
933,0.013643505175908406,Body,Face+Scene,clip,3
941,-0.02013658086458842,Body,Face+Scene,clip,3
960,0.020054654280344645,Body,Face+Scene,clip,3
968,0.007974878946940106,Body,Face+Scene,clip,3
989,-0.003321345647176108,Body,Face+Scene,clip,3
21,0.050084763268629706,Body,Face+Scene,dino,3
38,0.05354731281598409,Body,Face+Scene,dino,3
40,0.12267606804768245,Body,Face+Scene,dino,3
59,-0.04510429625709852,Body,Face+Scene,dino,3
88,0.030361606739461422,Body,Face+Scene,dino,3
116,-0.03154311031103134,Body,Face+Scene,dino,3
133,0.017263024548689523,Body,Face+Scene,dino,3
161,0.08289041519165039,Body,Face+Scene,dino,3
170,-0.002040655910968782,Body,Face+Scene,dino,3
179,-0.013510114947954815,Body,Face+Scene,dino,3
220,0.010404222955306372,Body,Face+Scene,dino,3
233,0.007661174486080805,Body,Face+Scene,dino,3
257,0.020559064919749896,Body,Face+Scene,dino,3
290,0.30666186263163886,Body,Face+Scene,dino,3
331,0.004825494531542063,Body,Face+Scene,dino,3
339,-0.02952503164609273,Body,Face+Scene,dino,3
355,-0.0061277270317077635,Body,Face+Scene,dino,3
366,-0.06085863361756006,Body,Face+Scene,dino,3
474,-0.0037371640404065456,Body,Face+Scene,dino,3
492,0.043406168619791664,Body,Face+Scene,dino,3
527,0.016958140333493552,Body,Face+Scene,dino,3
530,0.07912784914175669,Body,Face+Scene,dino,3
542,-0.022636959950129192,Body,Face+Scene,dino,3
574,0.029396520058314005,Body,Face+Scene,dino,3
597,0.012716514120499295,Body,Face+Scene,dino,3
619,-0.007109934060523907,Body,Face+Scene,dino,3
656,-0.022184371699889502,Body,Face+Scene,dino,3
661,0.021428487698237103,Body,Face+Scene,dino,3
664,-0.016383604208628333,Body,Face+Scene,dino,3
698,-0.003296155482530596,Body,Face+Scene,dino,3
700,0.0005209137996037781,Body,Face+Scene,dino,3
716,-0.03170258298826715,Body,Face+Scene,dino,3
765,-0.003947894275188446,Body,Face+Scene,dino,3
771,0.021813470621903735,Body,Face+Scene,dino,3
786,-0.006768236557642619,Body,Face+Scene,dino,3
806,0.03893952270348867,Body,Face+Scene,dino,3
813,-0.019736348806569975,Body,Face+Scene,dino,3
816,-0.012713241080443062,Body,Face+Scene,dino,3
822,0.06254674978554249,Body,Face+Scene,dino,3
826,-0.0190783383945624,Body,Face+Scene,dino,3
847,0.012408566785355409,Body,Face+Scene,dino,3
876,0.019377078457425038,Body,Face+Scene,dino,3
891,0.005337023766090472,Body,Face+Scene,dino,3
919,0.008275591830412545,Body,Face+Scene,dino,3
931,-0.05752885912855466,Body,Face+Scene,dino,3
933,0.0159958823894461,Body,Face+Scene,dino,3
941,0.02028229584296545,Body,Face+Scene,dino,3
960,0.10493330201134086,Body,Face+Scene,dino,3
968,0.01727938503026962,Body,Face+Scene,dino,3
989,-0.038855644067128506,Body,Face+Scene,dino,3
21,-0.0006905237833658857,Body,Face+Scene,person_lpips,3
38,-0.0012679020563761392,Body,Face+Scene,person_lpips,3
40,-0.016723730166753135,Body,Face+Scene,person_lpips,3
59,-0.00014743506908416736,Body,Face+Scene,person_lpips,3
88,-0.005982110897699992,Body,Face+Scene,person_lpips,3
116,0.004024434089660645,Body,Face+Scene,person_lpips,3
133,-0.0013723591963450115,Body,Face+Scene,person_lpips,3
161,-0.00568265418211619,Body,Face+Scene,person_lpips,3
170,0.000680941343307495,Body,Face+Scene,person_lpips,3
179,-0.01659055948257446,Body,Face+Scene,person_lpips,3
220,-0.004336015383402505,Body,Face+Scene,person_lpips,3
233,0.003480611244837443,Body,Face+Scene,person_lpips,3
257,0.0006037821372350058,Body,Face+Scene,person_lpips,3
290,0.0019346833229064945,Body,Face+Scene,person_lpips,3
331,0.018959293762842815,Body,Face+Scene,person_lpips,3
339,-0.0012032032012939456,Body,Face+Scene,person_lpips,3
355,-0.0030115971962610885,Body,Face+Scene,person_lpips,3
366,0.0015357812245686848,Body,Face+Scene,person_lpips,3
474,0.0018807212511698403,Body,Face+Scene,person_lpips,3
492,-0.003098926941553752,Body,Face+Scene,person_lpips,3
527,0.008362525701522827,Body,Face+Scene,person_lpips,3
530,0.007146014769872029,Body,Face+Scene,person_lpips,3
542,0.001397275924682617,Body,Face+Scene,person_lpips,3
574,0.0049690355857213335,Body,Face+Scene,person_lpips,3
597,0.004037687182426453,Body,Face+Scene,person_lpips,3
619,-0.00048455397288004544,Body,Face+Scene,person_lpips,3
656,-0.0005440334479014079,Body,Face+Scene,person_lpips,3
661,-0.00048160552978515625,Body,Face+Scene,person_lpips,3
664,-0.00019985238711039215,Body,Face+Scene,person_lpips,3
698,-0.001112237572669983,Body,Face+Scene,person_lpips,3
700,-0.0026374578475952142,Body,Face+Scene,person_lpips,3
716,0.004083975156148274,Body,Face+Scene,person_lpips,3
765,-0.0036126931508382158,Body,Face+Scene,person_lpips,3
771,-0.0034851888815561932,Body,Face+Scene,person_lpips,3
786,0.0014196952184041343,Body,Face+Scene,person_lpips,3
806,0.0013789494832356774,Body,Face+Scene,person_lpips,3
813,0.0022736251354217533,Body,Face+Scene,person_lpips,3
816,0.0027988950411478677,Body,Face+Scene,person_lpips,3
822,-0.019147777557373045,Body,Face+Scene,person_lpips,3
826,-0.0054073353608449296,Body,Face+Scene,person_lpips,3
847,0.004235728581746419,Body,Face+Scene,person_lpips,3
876,0.00227125883102417,Body,Face+Scene,person_lpips,3
891,-5.5575370788574305e-05,Body,Face+Scene,person_lpips,3
919,-0.0012816548347473141,Body,Face+Scene,person_lpips,3
931,0.01153115431467692,Body,Face+Scene,person_lpips,3
933,-6.079276402791318e-05,Body,Face+Scene,person_lpips,3
941,0.0024640699227650963,Body,Face+Scene,person_lpips,3
960,-0.0015881995360056565,Body,Face+Scene,person_lpips,3
968,-0.002814320723215739,Body,Face+Scene,person_lpips,3
989,0.004240293304125468,Body,Face+Scene,person_lpips,3
21,0.007718530297279358,Body,Face+Scene,person_dino,3
38,0.05052962998549144,Body,Face+Scene,person_dino,3
40,0.07863988777001699,Body,Face+Scene,person_dino,3
59,0.022598972419897712,Body,Face+Scene,person_dino,3
88,0.03131779034932455,Body,Face+Scene,person_dino,3
116,-0.015111495057741802,Body,Face+Scene,person_dino,3
133,-0.08502059032519658,Body,Face+Scene,person_dino,3
161,0.015538664658864337,Body,Face+Scene,person_dino,3
170,-0.004386929670969643,Body,Face+Scene,person_dino,3
179,0.017765316367149352,Body,Face+Scene,person_dino,3
220,0.011032197872797647,Body,Face+Scene,person_dino,3
233,0.0010061388214429208,Body,Face+Scene,person_dino,3
257,0.00026042461395263855,Body,Face+Scene,person_dino,3
290,0.035497005780537924,Body,Face+Scene,person_dino,3
331,0.008259786417086919,Body,Face+Scene,person_dino,3
339,0.011393690109252931,Body,Face+Scene,person_dino,3
355,0.034996769825617474,Body,Face+Scene,person_dino,3
366,-0.002506846189498904,Body,Face+Scene,person_dino,3
474,-0.018066239356994626,Body,Face+Scene,person_dino,3
492,0.07511848409970602,Body,Face+Scene,person_dino,3
527,0.027247717479864753,Body,Face+Scene,person_dino,3
530,0.001683934529622395,Body,Face+Scene,person_dino,3
542,0.01380935808022817,Body,Face+Scene,person_dino,3
574,0.012708459297815958,Body,Face+Scene,person_dino,3
597,-0.0027930746475855472,Body,Face+Scene,person_dino,3
619,-0.007368740315238635,Body,Face+Scene,person_dino,3
656,-0.016640610992908474,Body,Face+Scene,person_dino,3
661,0.028624327977498375,Body,Face+Scene,person_dino,3
664,-0.005947496493657428,Body,Face+Scene,person_dino,3
698,-0.005058752497037254,Body,Face+Scene,person_dino,3
700,0.01660469969113668,Body,Face+Scene,person_dino,3
716,0.09346667205293974,Body,Face+Scene,person_dino,3
765,-0.029762866099675492,Body,Face+Scene,person_dino,3
771,-0.02799248198668162,Body,Face+Scene,person_dino,3
786,0.009161078929901123,Body,Face+Scene,person_dino,3
806,0.10969045857588451,Body,Face+Scene,person_dino,3
813,-0.01444087028503418,Body,Face+Scene,person_dino,3
816,-0.021915616591771447,Body,Face+Scene,person_dino,3
822,0.06499252369006475,Body,Face+Scene,person_dino,3
826,-0.011636682351430257,Body,Face+Scene,person_dino,3
847,-0.0012716695666313167,Body,Face+Scene,person_dino,3
876,0.04770394017299016,Body,Face+Scene,person_dino,3
891,-0.011607737590869268,Body,Face+Scene,person_dino,3
919,-0.017507882292071977,Body,Face+Scene,person_dino,3
931,0.018303046623865765,Body,Face+Scene,person_dino,3
933,0.0171043336391449,Body,Face+Scene,person_dino,3
941,-0.011679108440876008,Body,Face+Scene,person_dino,3
960,0.00953316390514374,Body,Face+Scene,person_dino,3
968,0.01466227819522222,Body,Face+Scene,person_dino,3
989,-0.033159796396891275,Body,Face+Scene,person_dino,3
21,0.010874679235598069,Body,Face+Scene,person_region_consistency,3
38,0.008704144448093087,Body,Face+Scene,person_region_consistency,3
40,0.04296830352927399,Body,Face+Scene,person_region_consistency,3
59,-0.0012770467689700363,Body,Face+Scene,person_region_consistency,3
88,0.002008432495251475,Body,Face+Scene,person_region_consistency,3
116,-0.003934011495832466,Body,Face+Scene,person_region_consistency,3
133,0.004998632317994626,Body,Face+Scene,person_region_consistency,3
161,-0.0223793435568985,Body,Face+Scene,person_region_consistency,3
170,0.0023303842224491633,Body,Face+Scene,person_region_consistency,3
179,0.062299715481215955,Body,Face+Scene,person_region_consistency,3
220,-0.006004687472288582,Body,Face+Scene,person_region_consistency,3
233,0.03185609068950965,Body,Face+Scene,person_region_consistency,3
257,-0.0001383708144011522,Body,Face+Scene,person_region_consistency,3
290,0.03831594374202595,Body,Face+Scene,person_region_consistency,3
331,-0.03313359056104603,Body,Face+Scene,person_region_consistency,3
339,0.010862092685301306,Body,Face+Scene,person_region_consistency,3
355,-1.3737420697042951e-05,Body,Face+Scene,person_region_consistency,3
366,-0.01940501227012087,Body,Face+Scene,person_region_consistency,3
474,-0.0035161076822403862,Body,Face+Scene,person_region_consistency,3
492,0.028915218880091558,Body,Face+Scene,person_region_consistency,3
527,-0.02205667047601491,Body,Face+Scene,person_region_consistency,3
530,0.026205127156677503,Body,Face+Scene,person_region_consistency,3
542,-0.010446966938795155,Body,Face+Scene,person_region_consistency,3
574,-0.015054013123130922,Body,Face+Scene,person_region_consistency,3
597,0.008615243366364793,Body,Face+Scene,person_region_consistency,3
619,-0.01911327196277766,Body,Face+Scene,person_region_consistency,3
656,-0.010914611114606544,Body,Face+Scene,person_region_consistency,3
661,-0.02065394475768977,Body,Face+Scene,person_region_consistency,3
664,-0.06440654207451026,Body,Face+Scene,person_region_consistency,3
698,-0.026476762472013818,Body,Face+Scene,person_region_consistency,3
700,-0.0022771254641404614,Body,Face+Scene,person_region_consistency,3
716,0.020929152886901614,Body,Face+Scene,person_region_consistency,3
765,-0.030082245150300058,Body,Face+Scene,person_region_consistency,3
771,-0.0029353155594783755,Body,Face+Scene,person_region_consistency,3
786,-0.01707005850232512,Body,Face+Scene,person_region_consistency,3
806,-0.02374384595134248,Body,Face+Scene,person_region_consistency,3
813,-0.007667636185928935,Body,Face+Scene,person_region_consistency,3
816,-0.02081695128661234,Body,Face+Scene,person_region_consistency,3
822,0.0034416928191848724,Body,Face+Scene,person_region_consistency,3
826,-0.00036994812560597776,Body,Face+Scene,person_region_consistency,3
847,-0.007513047387182046,Body,Face+Scene,person_region_consistency,3
876,0.00579106092876457,Body,Face+Scene,person_region_consistency,3
891,0.024685715301113142,Body,Face+Scene,person_region_consistency,3
919,0.0003085576951399975,Body,Face+Scene,person_region_consistency,3
931,-0.017583016822201255,Body,Face+Scene,person_region_consistency,3
933,0.013788333508763862,Body,Face+Scene,person_region_consistency,3
941,-0.0005076330479574081,Body,Face+Scene,person_region_consistency,3
960,-0.02821765972626603,Body,Face+Scene,person_region_consistency,3
968,-0.007315912376289269,Body,Face+Scene,person_region_consistency,3
989,-0.017277477106638125,Body,Face+Scene,person_region_consistency,3
14,0.031545444995671724,Scene,Body+Scene,pixel_corr,3
15,0.011832603695536533,Scene,Body+Scene,pixel_corr,3
36,-0.031443598367426794,Scene,Body+Scene,pixel_corr,3
39,0.10886398972550386,Scene,Body+Scene,pixel_corr,3
126,-0.022802025883627283,Scene,Body+Scene,pixel_corr,3
132,-0.005437307466097645,Scene,Body+Scene,pixel_corr,3
167,-0.01163113461570818,Scene,Body+Scene,pixel_corr,3
196,-0.018639398934305634,Scene,Body+Scene,pixel_corr,3
199,0.0007930938395056866,Scene,Body+Scene,pixel_corr,3
214,-0.013410614148795017,Scene,Body+Scene,pixel_corr,3
241,0.004794394550959857,Scene,Body+Scene,pixel_corr,3
242,-0.17324199466746662,Scene,Body+Scene,pixel_corr,3
245,0.0031696179792882265,Scene,Body+Scene,pixel_corr,3
249,-0.0005045854599297848,Scene,Body+Scene,pixel_corr,3
282,-0.04481214528430327,Scene,Body+Scene,pixel_corr,3
289,-0.009930110005604979,Scene,Body+Scene,pixel_corr,3
303,0.019544583165366575,Scene,Body+Scene,pixel_corr,3
314,-0.0017137016117130478,Scene,Body+Scene,pixel_corr,3
393,0.051055324371290255,Scene,Body+Scene,pixel_corr,3
412,0.00835122863832607,Scene,Body+Scene,pixel_corr,3
442,-0.017343717420286276,Scene,Body+Scene,pixel_corr,3
463,-1.4238835141132215e-05,Scene,Body+Scene,pixel_corr,3
469,0.021173584219847687,Scene,Body+Scene,pixel_corr,3
486,0.014208541480512935,Scene,Body+Scene,pixel_corr,3
491,-0.026945593405768093,Scene,Body+Scene,pixel_corr,3
518,0.03512015074442463,Scene,Body+Scene,pixel_corr,3
523,-0.00886788505707233,Scene,Body+Scene,pixel_corr,3
545,-0.030076298029118927,Scene,Body+Scene,pixel_corr,3
551,0.002658971890972408,Scene,Body+Scene,pixel_corr,3
568,0.02468957064914802,Scene,Body+Scene,pixel_corr,3
620,0.012781756510409489,Scene,Body+Scene,pixel_corr,3
640,0.01144400796880204,Scene,Body+Scene,pixel_corr,3
648,-0.001116366270838722,Scene,Body+Scene,pixel_corr,3
671,0.02379350021972972,Scene,Body+Scene,pixel_corr,3
755,-0.021895067860764682,Scene,Body+Scene,pixel_corr,3
811,-0.04389924407671315,Scene,Body+Scene,pixel_corr,3
821,-0.03152885345248089,Scene,Body+Scene,pixel_corr,3
824,-0.012455221757380846,Scene,Body+Scene,pixel_corr,3
841,0.014805675254206526,Scene,Body+Scene,pixel_corr,3
842,0.025087560106260703,Scene,Body+Scene,pixel_corr,3
850,-0.0026343698045192938,Scene,Body+Scene,pixel_corr,3
855,0.002000241254210399,Scene,Body+Scene,pixel_corr,3
872,0.033553273850745295,Scene,Body+Scene,pixel_corr,3
873,-0.004653968101817999,Scene,Body+Scene,pixel_corr,3
893,-0.019788996337365448,Scene,Body+Scene,pixel_corr,3
894,-0.0005523878491997559,Scene,Body+Scene,pixel_corr,3
918,0.009571739419986923,Scene,Body+Scene,pixel_corr,3
943,0.04995371651299976,Scene,Body+Scene,pixel_corr,3
978,0.0012970652215299552,Scene,Body+Scene,pixel_corr,3
999,-0.007387848448392828,Scene,Body+Scene,pixel_corr,3
14,-0.006589161123118533,Scene,Body+Scene,ssim,3
15,0.0049530559242554895,Scene,Body+Scene,ssim,3
36,-0.027638408526546865,Scene,Body+Scene,ssim,3
39,-0.013600307530789424,Scene,Body+Scene,ssim,3
126,-0.015496545063733476,Scene,Body+Scene,ssim,3
132,0.002754808000849851,Scene,Body+Scene,ssim,3
167,-0.0016107572557860245,Scene,Body+Scene,ssim,3
196,0.006567094772786146,Scene,Body+Scene,ssim,3
199,0.0011586649090208623,Scene,Body+Scene,ssim,3
214,0.010084101456922942,Scene,Body+Scene,ssim,3
241,-0.02773158715280787,Scene,Body+Scene,ssim,3
242,-0.041944089346387624,Scene,Body+Scene,ssim,3
245,-0.0026938837550387618,Scene,Body+Scene,ssim,3
249,0.0038930754690767746,Scene,Body+Scene,ssim,3
282,-0.016806855483450744,Scene,Body+Scene,ssim,3
289,-0.010160546813935075,Scene,Body+Scene,ssim,3
303,-0.012694340403912865,Scene,Body+Scene,ssim,3
314,-0.0006607680173304469,Scene,Body+Scene,ssim,3
393,-0.01581496554107917,Scene,Body+Scene,ssim,3
412,-0.005908507052426001,Scene,Body+Scene,ssim,3
442,-0.0017856100924175035,Scene,Body+Scene,ssim,3
463,-0.0018115884204413966,Scene,Body+Scene,ssim,3
469,0.001439686145217985,Scene,Body+Scene,ssim,3
486,0.007075532479527586,Scene,Body+Scene,ssim,3
491,-0.015591511325450384,Scene,Body+Scene,ssim,3
518,-0.0013034859177691593,Scene,Body+Scene,ssim,3
523,0.010433633777904962,Scene,Body+Scene,ssim,3
545,0.01114738671717825,Scene,Body+Scene,ssim,3
551,0.007056708678751559,Scene,Body+Scene,ssim,3
568,-0.0040180042232604365,Scene,Body+Scene,ssim,3
620,-0.012357086106514772,Scene,Body+Scene,ssim,3
640,0.007078169924644693,Scene,Body+Scene,ssim,3
648,-0.0016931239338190001,Scene,Body+Scene,ssim,3
671,0.009578729451549648,Scene,Body+Scene,ssim,3
755,-0.01632137809354986,Scene,Body+Scene,ssim,3
811,-0.0167758050256115,Scene,Body+Scene,ssim,3
821,-0.007607176145550817,Scene,Body+Scene,ssim,3
824,0.0008344632799897879,Scene,Body+Scene,ssim,3
841,-0.012853602250536743,Scene,Body+Scene,ssim,3
842,-0.0019432796086632173,Scene,Body+Scene,ssim,3
850,0.00204849395171706,Scene,Body+Scene,ssim,3
855,0.005954669104968801,Scene,Body+Scene,ssim,3
872,-0.002817320618623773,Scene,Body+Scene,ssim,3
873,-0.018198725475984726,Scene,Body+Scene,ssim,3
893,-0.014857579573922914,Scene,Body+Scene,ssim,3
894,-0.00416813000859874,Scene,Body+Scene,ssim,3
918,-0.015427867623239269,Scene,Body+Scene,ssim,3
943,0.0005996686224686816,Scene,Body+Scene,ssim,3
978,-0.0020058730693540768,Scene,Body+Scene,ssim,3
999,-0.01163442161873624,Scene,Body+Scene,ssim,3
14,0.018160136540730797,Scene,Body+Scene,lpips,3
15,-0.011931844552357991,Scene,Body+Scene,lpips,3
36,0.020119925340016682,Scene,Body+Scene,lpips,3
39,-0.03223315080006917,Scene,Body+Scene,lpips,3
126,-0.0025681734085083005,Scene,Body+Scene,lpips,3
132,-0.0238027294476827,Scene,Body+Scene,lpips,3
167,-0.005599073568979898,Scene,Body+Scene,lpips,3
196,0.0035188635190327965,Scene,Body+Scene,lpips,3
199,-0.008525212605794271,Scene,Body+Scene,lpips,3
214,-0.010752737522125244,Scene,Body+Scene,lpips,3
241,0.028104579448699953,Scene,Body+Scene,lpips,3
242,-0.0438236395517985,Scene,Body+Scene,lpips,3
245,0.010851085186004639,Scene,Body+Scene,lpips,3
249,0.007027566432952881,Scene,Body+Scene,lpips,3
282,0.010716315110524495,Scene,Body+Scene,lpips,3
289,0.01473085085550944,Scene,Body+Scene,lpips,3
303,-0.0047169685363769535,Scene,Body+Scene,lpips,3
314,0.0026940504709879556,Scene,Body+Scene,lpips,3
393,0.018443453311920165,Scene,Body+Scene,lpips,3
412,-0.019008855024973553,Scene,Body+Scene,lpips,3
442,0.005019199848175049,Scene,Body+Scene,lpips,3
463,0.004900912443796794,Scene,Body+Scene,lpips,3
469,-0.0010187427202860502,Scene,Body+Scene,lpips,3
486,-0.01573561429977417,Scene,Body+Scene,lpips,3
491,-0.011563511689503987,Scene,Body+Scene,lpips,3
518,0.013384544849395753,Scene,Body+Scene,lpips,3
523,0.004372409979502359,Scene,Body+Scene,lpips,3
545,-0.0001211126645406085,Scene,Body+Scene,lpips,3
551,-0.006918390591939289,Scene,Body+Scene,lpips,3
568,-0.005388498306274414,Scene,Body+Scene,lpips,3
620,0.0035625259081522626,Scene,Body+Scene,lpips,3
640,-0.0028905431429545082,Scene,Body+Scene,lpips,3
648,0.003530645370483398,Scene,Body+Scene,lpips,3
671,0.025803903738657635,Scene,Body+Scene,lpips,3
755,0.00922119617462158,Scene,Body+Scene,lpips,3
811,0.016352427005767823,Scene,Body+Scene,lpips,3
821,-0.006973083813985189,Scene,Body+Scene,lpips,3
824,-0.0020523230234781903,Scene,Body+Scene,lpips,3
841,-0.02449030081431071,Scene,Body+Scene,lpips,3
842,-0.013473709424336752,Scene,Body+Scene,lpips,3
850,-0.0071295340855916335,Scene,Body+Scene,lpips,3
855,-0.0005702773729960123,Scene,Body+Scene,lpips,3
872,0.028936191399892175,Scene,Body+Scene,lpips,3
873,-0.006277036666870117,Scene,Body+Scene,lpips,3
893,-0.013418110211690266,Scene,Body+Scene,lpips,3
894,-0.0026698629061381028,Scene,Body+Scene,lpips,3
918,0.0270941416422526,Scene,Body+Scene,lpips,3
943,-0.0065885225931803385,Scene,Body+Scene,lpips,3
978,-0.006077782313028972,Scene,Body+Scene,lpips,3
999,0.006277879079182942,Scene,Body+Scene,lpips,3
14,0.055986716349919634,Scene,Body+Scene,clip,3
15,0.07063470284144083,Scene,Body+Scene,clip,3
36,0.04628945191701254,Scene,Body+Scene,clip,3
39,-0.05816177527109782,Scene,Body+Scene,clip,3
126,-0.014635535081227622,Scene,Body+Scene,clip,3
132,0.05669329762458802,Scene,Body+Scene,clip,3
167,0.006398866573969523,Scene,Body+Scene,clip,3
196,0.0021996935208638507,Scene,Body+Scene,clip,3
199,-0.04850968917210896,Scene,Body+Scene,clip,3
214,-0.04085133870442709,Scene,Body+Scene,clip,3
241,0.019134245316187543,Scene,Body+Scene,clip,3
242,-0.00938729445139567,Scene,Body+Scene,clip,3
245,-0.016795833905537925,Scene,Body+Scene,clip,3
249,-0.019578125079472857,Scene,Body+Scene,clip,3
282,-0.05933053493499756,Scene,Body+Scene,clip,3
289,-0.042803414662679035,Scene,Body+Scene,clip,3
303,-0.01230642000834147,Scene,Body+Scene,clip,3
314,0.021169052521387736,Scene,Body+Scene,clip,3
393,0.06995611588160199,Scene,Body+Scene,clip,3
412,0.0177006999651591,Scene,Body+Scene,clip,3
442,0.019070990880330405,Scene,Body+Scene,clip,3
463,0.0018947819868723552,Scene,Body+Scene,clip,3
469,0.0029933830102284735,Scene,Body+Scene,clip,3
486,0.012275809049606325,Scene,Body+Scene,clip,3
491,-0.01840281883875529,Scene,Body+Scene,clip,3
518,0.10202894409497577,Scene,Body+Scene,clip,3
523,0.035402721166610716,Scene,Body+Scene,clip,3
545,0.02631828983624776,Scene,Body+Scene,clip,3
551,-0.003865979115168254,Scene,Body+Scene,clip,3
568,-0.019126745065053304,Scene,Body+Scene,clip,3
620,-0.007129164536794029,Scene,Body+Scene,clip,3
640,-0.0009802281856536865,Scene,Body+Scene,clip,3
648,0.028629453976949052,Scene,Body+Scene,clip,3
671,0.08052163521448771,Scene,Body+Scene,clip,3
755,-0.012827948729197182,Scene,Body+Scene,clip,3
811,-0.00618774692217509,Scene,Body+Scene,clip,3
821,0.02303525408109029,Scene,Body+Scene,clip,3
824,-0.055696348349253334,Scene,Body+Scene,clip,3
841,-0.03285817702611287,Scene,Body+Scene,clip,3
842,0.004942103226979575,Scene,Body+Scene,clip,3
850,-0.007627622286478679,Scene,Body+Scene,clip,3
855,-0.005759978294372557,Scene,Body+Scene,clip,3
872,0.008288437128067018,Scene,Body+Scene,clip,3
873,0.0390949547290802,Scene,Body+Scene,clip,3
893,0.06725296179453531,Scene,Body+Scene,clip,3
894,-0.011077253023783365,Scene,Body+Scene,clip,3
918,0.011391544342041012,Scene,Body+Scene,clip,3
943,0.044623529911041265,Scene,Body+Scene,clip,3
978,-0.03949915369351705,Scene,Body+Scene,clip,3
999,0.018418355782826742,Scene,Body+Scene,clip,3
14,0.0448208083709081,Scene,Body+Scene,dino,3
15,0.06890589036047458,Scene,Body+Scene,dino,3
36,0.011514493947227797,Scene,Body+Scene,dino,3
39,-0.10811133359869322,Scene,Body+Scene,dino,3
126,-0.033848069111506146,Scene,Body+Scene,dino,3
132,0.09260042558113735,Scene,Body+Scene,dino,3
167,-0.0077007009337345745,Scene,Body+Scene,dino,3
196,0.0460441205650568,Scene,Body+Scene,dino,3
199,-0.007763005296389261,Scene,Body+Scene,dino,3
214,0.008507969975471498,Scene,Body+Scene,dino,3
241,-0.022248953534290194,Scene,Body+Scene,dino,3
242,-0.03038697987794876,Scene,Body+Scene,dino,3
245,0.014287761536737281,Scene,Body+Scene,dino,3
249,0.007149312148491541,Scene,Body+Scene,dino,3
282,0.04619390827914079,Scene,Body+Scene,dino,3
289,0.0035740617041786506,Scene,Body+Scene,dino,3
303,-0.014449542512496312,Scene,Body+Scene,dino,3
314,0.014150394685566425,Scene,Body+Scene,dino,3
393,0.21264964248985052,Scene,Body+Scene,dino,3
412,0.010782899459203086,Scene,Body+Scene,dino,3
442,-0.009535628681381542,Scene,Body+Scene,dino,3
463,0.04281730689108371,Scene,Body+Scene,dino,3
469,0.0014273192423085365,Scene,Body+Scene,dino,3
486,0.05084059135988355,Scene,Body+Scene,dino,3
491,0.010529396962374447,Scene,Body+Scene,dino,3
518,0.034462301743527254,Scene,Body+Scene,dino,3
523,0.017821738744775453,Scene,Body+Scene,dino,3
545,0.009416599820057553,Scene,Body+Scene,dino,3
551,0.017601794997851052,Scene,Body+Scene,dino,3
568,0.012738813956578573,Scene,Body+Scene,dino,3
620,0.023181784649689997,Scene,Body+Scene,dino,3
640,0.01551966754098733,Scene,Body+Scene,dino,3
648,-0.034321652818471195,Scene,Body+Scene,dino,3
671,0.06918256680170697,Scene,Body+Scene,dino,3
755,-0.08507227202256519,Scene,Body+Scene,dino,3
811,-0.008427621455242238,Scene,Body+Scene,dino,3
821,0.07523602104435365,Scene,Body+Scene,dino,3
824,-0.017972269157568613,Scene,Body+Scene,dino,3
841,-0.018148913669089474,Scene,Body+Scene,dino,3
842,-0.01724275661011537,Scene,Body+Scene,dino,3
850,-0.025961153581738478,Scene,Body+Scene,dino,3
855,0.012048370049645504,Scene,Body+Scene,dino,3
872,-0.028893069922924047,Scene,Body+Scene,dino,3
873,0.046395994101961456,Scene,Body+Scene,dino,3
893,0.06313404161483051,Scene,Body+Scene,dino,3
894,-0.012551945199569066,Scene,Body+Scene,dino,3
918,0.04924592524766922,Scene,Body+Scene,dino,3
943,0.045006904999415086,Scene,Body+Scene,dino,3
978,-0.011807254950205482,Scene,Body+Scene,dino,3
999,-0.012396171657989424,Scene,Body+Scene,dino,3
14,0.0448208083709081,Scene,Body+Scene,background_dino,3
15,0.06890589036047458,Scene,Body+Scene,background_dino,3
36,0.009363470412790774,Scene,Body+Scene,background_dino,3
39,-0.10811133359869322,Scene,Body+Scene,background_dino,3
126,-0.033848069111506146,Scene,Body+Scene,background_dino,3
132,0.1032670830686887,Scene,Body+Scene,background_dino,3
167,-0.0077007009337345745,Scene,Body+Scene,background_dino,3
196,0.0460441205650568,Scene,Body+Scene,background_dino,3
199,-0.007763005296389261,Scene,Body+Scene,background_dino,3
214,0.008507969975471498,Scene,Body+Scene,background_dino,3
241,-0.022248953534290194,Scene,Body+Scene,background_dino,3
242,-0.023433437198400495,Scene,Body+Scene,background_dino,3
245,0.011016743505994478,Scene,Body+Scene,background_dino,3
249,0.0067274977763493865,Scene,Body+Scene,background_dino,3
282,0.04619390827914079,Scene,Body+Scene,background_dino,3
289,0.0035740617041786506,Scene,Body+Scene,background_dino,3
303,-0.014449542512496312,Scene,Body+Scene,background_dino,3
314,0.014150394685566425,Scene,Body+Scene,background_dino,3
393,0.21264964248985052,Scene,Body+Scene,background_dino,3
412,0.010782899459203086,Scene,Body+Scene,background_dino,3
442,-0.009535628681381542,Scene,Body+Scene,background_dino,3
463,0.04281730689108371,Scene,Body+Scene,background_dino,3
469,0.0014273192423085365,Scene,Body+Scene,background_dino,3
486,0.05084059135988355,Scene,Body+Scene,background_dino,3
491,-0.1006317431728045,Scene,Body+Scene,background_dino,3
518,0.034462301743527254,Scene,Body+Scene,background_dino,3
523,0.020100595057010655,Scene,Body+Scene,background_dino,3
545,0.009416599820057553,Scene,Body+Scene,background_dino,3
551,0.017601794997851052,Scene,Body+Scene,background_dino,3
568,0.012738813956578573,Scene,Body+Scene,background_dino,3
620,0.023181784649689997,Scene,Body+Scene,background_dino,3
640,0.01551966754098733,Scene,Body+Scene,background_dino,3
648,-0.034321652818471195,Scene,Body+Scene,background_dino,3
671,0.06667118668556214,Scene,Body+Scene,background_dino,3
755,-0.08507227202256519,Scene,Body+Scene,background_dino,3
811,-0.008427621455242238,Scene,Body+Scene,background_dino,3
821,0.07523602104435365,Scene,Body+Scene,background_dino,3
824,0.04868431637684504,Scene,Body+Scene,background_dino,3
841,-0.01574211989839872,Scene,Body+Scene,background_dino,3
842,-0.01724275661011537,Scene,Body+Scene,background_dino,3
850,-0.025961153581738478,Scene,Body+Scene,background_dino,3
855,0.012048370049645504,Scene,Body+Scene,background_dino,3
872,-0.028893069922924047,Scene,Body+Scene,background_dino,3
873,0.04506845554957787,Scene,Body+Scene,background_dino,3
893,0.06313404161483051,Scene,Body+Scene,background_dino,3
894,-0.012551945199569066,Scene,Body+Scene,background_dino,3
918,0.04924592524766922,Scene,Body+Scene,background_dino,3
943,0.032407381137212116,Scene,Body+Scene,background_dino,3
978,0.014448386430740354,Scene,Body+Scene,background_dino,3
999,-0.012396171657989424,Scene,Body+Scene,background_dino,3
14,0.055986716349919634,Scene,Body+Scene,background_clip,3
15,0.07063470284144083,Scene,Body+Scene,background_clip,3
36,0.044853045543034875,Scene,Body+Scene,background_clip,3
39,-0.05816177527109782,Scene,Body+Scene,background_clip,3
126,-0.014635535081227622,Scene,Body+Scene,background_clip,3
132,0.0627752184867859,Scene,Body+Scene,background_clip,3
167,0.006398866573969523,Scene,Body+Scene,background_clip,3
196,0.0021996935208638507,Scene,Body+Scene,background_clip,3
199,-0.04850968917210896,Scene,Body+Scene,background_clip,3
214,-0.04085133870442709,Scene,Body+Scene,background_clip,3
241,0.019134245316187543,Scene,Body+Scene,background_clip,3
242,0.00585188865661621,Scene,Body+Scene,background_clip,3
245,-0.016105433305104572,Scene,Body+Scene,background_clip,3
249,-0.014327991008758546,Scene,Body+Scene,background_clip,3
282,-0.05933053493499756,Scene,Body+Scene,background_clip,3
289,-0.042803414662679035,Scene,Body+Scene,background_clip,3
303,-0.01230642000834147,Scene,Body+Scene,background_clip,3
314,0.021169052521387736,Scene,Body+Scene,background_clip,3
393,0.06995611588160199,Scene,Body+Scene,background_clip,3
412,0.0177006999651591,Scene,Body+Scene,background_clip,3
442,0.019070990880330405,Scene,Body+Scene,background_clip,3
463,0.0018947819868723552,Scene,Body+Scene,background_clip,3
469,0.0029933830102284735,Scene,Body+Scene,background_clip,3
486,0.012275809049606325,Scene,Body+Scene,background_clip,3
491,0.0038142323493957526,Scene,Body+Scene,background_clip,3
518,0.10202894409497577,Scene,Body+Scene,background_clip,3
523,0.03318605621655782,Scene,Body+Scene,background_clip,3
545,0.02631828983624776,Scene,Body+Scene,background_clip,3
551,-0.003865979115168254,Scene,Body+Scene,background_clip,3
568,-0.019126745065053304,Scene,Body+Scene,background_clip,3
620,-0.007129164536794029,Scene,Body+Scene,background_clip,3
640,-0.0009802281856536865,Scene,Body+Scene,background_clip,3
648,0.028629453976949052,Scene,Body+Scene,background_clip,3
671,0.07912993431091309,Scene,Body+Scene,background_clip,3
755,-0.012827948729197182,Scene,Body+Scene,background_clip,3
811,-0.00618774692217509,Scene,Body+Scene,background_clip,3
821,0.02303525408109029,Scene,Body+Scene,background_clip,3
824,0.009206044673919679,Scene,Body+Scene,background_clip,3
841,-0.034035166104634605,Scene,Body+Scene,background_clip,3
842,0.004942103226979575,Scene,Body+Scene,background_clip,3
850,-0.007627622286478679,Scene,Body+Scene,background_clip,3
855,-0.005759978294372557,Scene,Body+Scene,background_clip,3
872,0.008288437128067018,Scene,Body+Scene,background_clip,3
873,0.037304170926411945,Scene,Body+Scene,background_clip,3
893,0.06725296179453531,Scene,Body+Scene,background_clip,3
894,-0.011077253023783365,Scene,Body+Scene,background_clip,3
918,0.011391544342041012,Scene,Body+Scene,background_clip,3
943,0.018313519159952798,Scene,Body+Scene,background_clip,3
978,-0.032358183463414514,Scene,Body+Scene,background_clip,3
999,0.018418355782826742,Scene,Body+Scene,background_clip,3
14,0.13333333333333333,Scene,Body+Scene,scene_class_consistency,3
15,0.0,Scene,Body+Scene,scene_class_consistency,3
36,-0.06666666666666667,Scene,Body+Scene,scene_class_consistency,3
39,-0.06666666666666667,Scene,Body+Scene,scene_class_consistency,3
126,0.0,Scene,Body+Scene,scene_class_consistency,3
132,0.4666666666666666,Scene,Body+Scene,scene_class_consistency,3
167,0.0,Scene,Body+Scene,scene_class_consistency,3
196,0.0,Scene,Body+Scene,scene_class_consistency,3
199,0.0,Scene,Body+Scene,scene_class_consistency,3
214,0.0,Scene,Body+Scene,scene_class_consistency,3
241,0.0,Scene,Body+Scene,scene_class_consistency,3
242,-0.3333333333333333,Scene,Body+Scene,scene_class_consistency,3
245,0.13333333333333333,Scene,Body+Scene,scene_class_consistency,3
249,0.0,Scene,Body+Scene,scene_class_consistency,3
282,0.06666666666666667,Scene,Body+Scene,scene_class_consistency,3
289,0.0,Scene,Body+Scene,scene_class_consistency,3
303,0.0,Scene,Body+Scene,scene_class_consistency,3
314,0.0,Scene,Body+Scene,scene_class_consistency,3
393,0.0,Scene,Body+Scene,scene_class_consistency,3
412,0.3333333333333333,Scene,Body+Scene,scene_class_consistency,3
442,0.0,Scene,Body+Scene,scene_class_consistency,3
463,0.0,Scene,Body+Scene,scene_class_consistency,3
469,0.0,Scene,Body+Scene,scene_class_consistency,3
486,-0.3333333333333333,Scene,Body+Scene,scene_class_consistency,3
491,-0.06666666666666667,Scene,Body+Scene,scene_class_consistency,3
518,0.26666666666666666,Scene,Body+Scene,scene_class_consistency,3
523,0.0,Scene,Body+Scene,scene_class_consistency,3
545,0.19999999999999998,Scene,Body+Scene,scene_class_consistency,3
551,0.0,Scene,Body+Scene,scene_class_consistency,3
568,0.0,Scene,Body+Scene,scene_class_consistency,3
620,0.0,Scene,Body+Scene,scene_class_consistency,3
640,-0.06666666666666667,Scene,Body+Scene,scene_class_consistency,3
648,0.0,Scene,Body+Scene,scene_class_consistency,3
671,0.4000000000000001,Scene,Body+Scene,scene_class_consistency,3
755,0.3333333333333333,Scene,Body+Scene,scene_class_consistency,3
811,0.0,Scene,Body+Scene,scene_class_consistency,3
821,-0.13333333333333333,Scene,Body+Scene,scene_class_consistency,3
824,0.3333333333333333,Scene,Body+Scene,scene_class_consistency,3
841,0.0,Scene,Body+Scene,scene_class_consistency,3
842,0.0,Scene,Body+Scene,scene_class_consistency,3
850,0.0,Scene,Body+Scene,scene_class_consistency,3
855,0.0,Scene,Body+Scene,scene_class_consistency,3
872,-0.06666666666666665,Scene,Body+Scene,scene_class_consistency,3
873,0.06666666666666667,Scene,Body+Scene,scene_class_consistency,3
893,0.0,Scene,Body+Scene,scene_class_consistency,3
894,0.0,Scene,Body+Scene,scene_class_consistency,3
918,0.0,Scene,Body+Scene,scene_class_consistency,3
943,0.13333333333333333,Scene,Body+Scene,scene_class_consistency,3
978,-0.6,Scene,Body+Scene,scene_class_consistency,3
999,0.0,Scene,Body+Scene,scene_class_consistency,3
14,0.03248497535696146,Scene,Face+Body+Scene,pixel_corr,3
15,0.022591210796877356,Scene,Face+Body+Scene,pixel_corr,3
36,-0.022476496295685267,Scene,Face+Body+Scene,pixel_corr,3
39,0.027294640470154213,Scene,Face+Body+Scene,pixel_corr,3
126,0.006309473929355468,Scene,Face+Body+Scene,pixel_corr,3
132,0.009605384830980763,Scene,Face+Body+Scene,pixel_corr,3
167,-0.0075913116831751925,Scene,Face+Body+Scene,pixel_corr,3
196,-0.0014633041805649921,Scene,Face+Body+Scene,pixel_corr,3
199,0.002447686161799823,Scene,Face+Body+Scene,pixel_corr,3
214,-0.010948425574177653,Scene,Face+Body+Scene,pixel_corr,3
241,0.0030291858895206344,Scene,Face+Body+Scene,pixel_corr,3
242,-0.13393405822118185,Scene,Face+Body+Scene,pixel_corr,3
245,-0.012971572842763185,Scene,Face+Body+Scene,pixel_corr,3
249,-0.004296589255473963,Scene,Face+Body+Scene,pixel_corr,3
282,-0.008067648724709622,Scene,Face+Body+Scene,pixel_corr,3
289,-0.020014738369165647,Scene,Face+Body+Scene,pixel_corr,3
303,0.014684302382510011,Scene,Face+Body+Scene,pixel_corr,3
314,0.006755313742284756,Scene,Face+Body+Scene,pixel_corr,3
393,0.06049244949015645,Scene,Face+Body+Scene,pixel_corr,3
412,0.021773789966784873,Scene,Face+Body+Scene,pixel_corr,3
442,-0.02588768709823047,Scene,Face+Body+Scene,pixel_corr,3
463,-0.011102811953056603,Scene,Face+Body+Scene,pixel_corr,3
469,0.019245745577129932,Scene,Face+Body+Scene,pixel_corr,3
486,0.031048701860484047,Scene,Face+Body+Scene,pixel_corr,3
491,-0.004840292388014419,Scene,Face+Body+Scene,pixel_corr,3
518,0.04857127963177568,Scene,Face+Body+Scene,pixel_corr,3
523,-0.014685314718904602,Scene,Face+Body+Scene,pixel_corr,3
545,-0.039883956723481946,Scene,Face+Body+Scene,pixel_corr,3
551,0.0022775504026708343,Scene,Face+Body+Scene,pixel_corr,3
568,0.05182266599322869,Scene,Face+Body+Scene,pixel_corr,3
620,0.015857955418669877,Scene,Face+Body+Scene,pixel_corr,3
640,0.033698626668951126,Scene,Face+Body+Scene,pixel_corr,3
648,-0.004808636499835049,Scene,Face+Body+Scene,pixel_corr,3
671,0.050609911544104325,Scene,Face+Body+Scene,pixel_corr,3
755,-0.0050676322370077475,Scene,Face+Body+Scene,pixel_corr,3
811,-0.028917556495444707,Scene,Face+Body+Scene,pixel_corr,3
821,-0.03365901938340123,Scene,Face+Body+Scene,pixel_corr,3
824,-0.02375789588774169,Scene,Face+Body+Scene,pixel_corr,3
841,0.00173708522381535,Scene,Face+Body+Scene,pixel_corr,3
842,-0.004145144122266653,Scene,Face+Body+Scene,pixel_corr,3
850,0.0007070194431441703,Scene,Face+Body+Scene,pixel_corr,3
855,0.02386611065655564,Scene,Face+Body+Scene,pixel_corr,3
872,0.027733831642804626,Scene,Face+Body+Scene,pixel_corr,3
873,0.016183584447977524,Scene,Face+Body+Scene,pixel_corr,3
893,-0.04244000227366022,Scene,Face+Body+Scene,pixel_corr,3
894,-0.004133050971795415,Scene,Face+Body+Scene,pixel_corr,3
918,0.01129350050679413,Scene,Face+Body+Scene,pixel_corr,3
943,0.060942230000133595,Scene,Face+Body+Scene,pixel_corr,3
978,0.01209908207552404,Scene,Face+Body+Scene,pixel_corr,3
999,0.005504751221749093,Scene,Face+Body+Scene,pixel_corr,3
14,-0.0014868374414177693,Scene,Face+Body+Scene,ssim,3
15,0.011121533485280319,Scene,Face+Body+Scene,ssim,3
36,-0.018710425328932037,Scene,Face+Body+Scene,ssim,3
39,-0.01078356756790231,Scene,Face+Body+Scene,ssim,3
126,-0.0032857075681113138,Scene,Face+Body+Scene,ssim,3
132,0.006050633815135727,Scene,Face+Body+Scene,ssim,3
167,-5.3319814743806406e-05,Scene,Face+Body+Scene,ssim,3
196,-0.005657041595370646,Scene,Face+Body+Scene,ssim,3
199,-0.0016265721417256943,Scene,Face+Body+Scene,ssim,3
214,0.004428661018483775,Scene,Face+Body+Scene,ssim,3
241,-0.014627564274362162,Scene,Face+Body+Scene,ssim,3
242,-0.015671433034292637,Scene,Face+Body+Scene,ssim,3
245,0.0003928929561968963,Scene,Face+Body+Scene,ssim,3
249,0.0018920320458016987,Scene,Face+Body+Scene,ssim,3
282,-0.00431614660857329,Scene,Face+Body+Scene,ssim,3
289,-0.01060294362789415,Scene,Face+Body+Scene,ssim,3
303,-0.016833145354567123,Scene,Face+Body+Scene,ssim,3
314,0.0006138159150786731,Scene,Face+Body+Scene,ssim,3
393,-0.014403824108186322,Scene,Face+Body+Scene,ssim,3
412,0.0029399039685472235,Scene,Face+Body+Scene,ssim,3
442,0.0015117729522171979,Scene,Face+Body+Scene,ssim,3
463,-0.0013349918154846256,Scene,Face+Body+Scene,ssim,3
469,0.0009628352134289957,Scene,Face+Body+Scene,ssim,3
486,0.010932115934116714,Scene,Face+Body+Scene,ssim,3
491,-0.004186689084357231,Scene,Face+Body+Scene,ssim,3
518,-0.010048444642808957,Scene,Face+Body+Scene,ssim,3
523,0.011439934699592383,Scene,Face+Body+Scene,ssim,3
545,0.02622220277902217,Scene,Face+Body+Scene,ssim,3
551,0.00546423587549572,Scene,Face+Body+Scene,ssim,3
568,-0.004355249283961522,Scene,Face+Body+Scene,ssim,3
620,-0.01770641613520405,Scene,Face+Body+Scene,ssim,3
640,0.014002660281745896,Scene,Face+Body+Scene,ssim,3
648,-0.006238696650981084,Scene,Face+Body+Scene,ssim,3
671,0.009730851166549,Scene,Face+Body+Scene,ssim,3
755,-0.005459078192606999,Scene,Face+Body+Scene,ssim,3
811,-0.01153402485480749,Scene,Face+Body+Scene,ssim,3
821,-0.0077671995170695935,Scene,Face+Body+Scene,ssim,3
824,0.014886133010633873,Scene,Face+Body+Scene,ssim,3
841,-0.008177694060504273,Scene,Face+Body+Scene,ssim,3
842,0.0011978449670819694,Scene,Face+Body+Scene,ssim,3
850,0.0018027880359143603,Scene,Face+Body+Scene,ssim,3
855,0.0020314669502469926,Scene,Face+Body+Scene,ssim,3
872,-0.00195770248200935,Scene,Face+Body+Scene,ssim,3
873,-0.014160719522437607,Scene,Face+Body+Scene,ssim,3
893,-0.019894838477748235,Scene,Face+Body+Scene,ssim,3
894,-0.0021201141611800075,Scene,Face+Body+Scene,ssim,3
918,-0.007309440139592901,Scene,Face+Body+Scene,ssim,3
943,0.0003377766700214096,Scene,Face+Body+Scene,ssim,3
978,0.03529703834424564,Scene,Face+Body+Scene,ssim,3
999,-0.010913101044757893,Scene,Face+Body+Scene,ssim,3
14,0.013809313376744589,Scene,Face+Body+Scene,lpips,3
15,-0.012324575583140054,Scene,Face+Body+Scene,lpips,3
36,0.011777528127034505,Scene,Face+Body+Scene,lpips,3
39,0.030482019980748492,Scene,Face+Body+Scene,lpips,3
126,-0.004127633571624756,Scene,Face+Body+Scene,lpips,3
132,-0.016178373495737714,Scene,Face+Body+Scene,lpips,3
167,-0.0040124336878458655,Scene,Face+Body+Scene,lpips,3
196,0.009859184424082438,Scene,Face+Body+Scene,lpips,3
199,-0.006343364715576171,Scene,Face+Body+Scene,lpips,3
214,-0.00682460069656372,Scene,Face+Body+Scene,lpips,3
241,0.01146486202875773,Scene,Face+Body+Scene,lpips,3
242,-0.004201539357503256,Scene,Face+Body+Scene,lpips,3
245,0.0015810529390970867,Scene,Face+Body+Scene,lpips,3
249,0.0041712601979573575,Scene,Face+Body+Scene,lpips,3
282,0.012351179122924804,Scene,Face+Body+Scene,lpips,3
289,0.02280432383219401,Scene,Face+Body+Scene,lpips,3
303,-0.002299145857493083,Scene,Face+Body+Scene,lpips,3
314,0.007416752974192301,Scene,Face+Body+Scene,lpips,3
393,0.0322091539700826,Scene,Face+Body+Scene,lpips,3
412,-0.0032979647318522134,Scene,Face+Body+Scene,lpips,3
442,-0.00022271474202473942,Scene,Face+Body+Scene,lpips,3
463,0.011708227793375652,Scene,Face+Body+Scene,lpips,3
469,0.0064069906870524084,Scene,Face+Body+Scene,lpips,3
486,-0.014770476023356119,Scene,Face+Body+Scene,lpips,3
491,0.003417424360911051,Scene,Face+Body+Scene,lpips,3
518,0.017096034685770672,Scene,Face+Body+Scene,lpips,3
523,0.0030468980471293136,Scene,Face+Body+Scene,lpips,3
545,0.020546523729960128,Scene,Face+Body+Scene,lpips,3
551,-0.010441990693410237,Scene,Face+Body+Scene,lpips,3
568,0.0006503621737162275,Scene,Face+Body+Scene,lpips,3
620,-0.010912406444549562,Scene,Face+Body+Scene,lpips,3
640,-0.01880937417348226,Scene,Face+Body+Scene,lpips,3
648,0.0042799353599548345,Scene,Face+Body+Scene,lpips,3
671,0.023638002077738442,Scene,Face+Body+Scene,lpips,3
755,0.0006911039352416991,Scene,Face+Body+Scene,lpips,3
811,0.008487912019093831,Scene,Face+Body+Scene,lpips,3
821,-0.004820982615152993,Scene,Face+Body+Scene,lpips,3
824,-0.03275458812713623,Scene,Face+Body+Scene,lpips,3
841,-0.04651636679967244,Scene,Face+Body+Scene,lpips,3
842,-0.0009279092152913426,Scene,Face+Body+Scene,lpips,3
850,-0.003232343991597494,Scene,Face+Body+Scene,lpips,3
855,0.005674401919047038,Scene,Face+Body+Scene,lpips,3
872,0.023269526163736978,Scene,Face+Body+Scene,lpips,3
873,-0.007077038288116456,Scene,Face+Body+Scene,lpips,3
893,-0.032979822158813475,Scene,Face+Body+Scene,lpips,3
894,-0.005696992079416911,Scene,Face+Body+Scene,lpips,3
918,0.0002788106600443519,Scene,Face+Body+Scene,lpips,3
943,0.005747461318969727,Scene,Face+Body+Scene,lpips,3
978,0.024048113822937017,Scene,Face+Body+Scene,lpips,3
999,0.005013628800710043,Scene,Face+Body+Scene,lpips,3
14,0.04208963910738627,Scene,Face+Body+Scene,clip,3
15,0.059885148207346604,Scene,Face+Body+Scene,clip,3
36,0.046038838227589925,Scene,Face+Body+Scene,clip,3
39,0.029916065931320193,Scene,Face+Body+Scene,clip,3
126,-0.005097806453704834,Scene,Face+Body+Scene,clip,3
132,0.10285603205362955,Scene,Face+Body+Scene,clip,3
167,-0.016460442543029787,Scene,Face+Body+Scene,clip,3
196,0.01226337750752767,Scene,Face+Body+Scene,clip,3
199,-0.022065206368764242,Scene,Face+Body+Scene,clip,3
214,-0.0572131077448527,Scene,Face+Body+Scene,clip,3
241,0.005460429191589356,Scene,Face+Body+Scene,clip,3
242,-0.021932456890741987,Scene,Face+Body+Scene,clip,3
245,-0.005680841207504273,Scene,Face+Body+Scene,clip,3
249,-0.01227095325787862,Scene,Face+Body+Scene,clip,3
282,-0.01096643805503845,Scene,Face+Body+Scene,clip,3
289,-0.018956879774729412,Scene,Face+Body+Scene,clip,3
303,0.032712503274281816,Scene,Face+Body+Scene,clip,3
314,-0.0014298518498738605,Scene,Face+Body+Scene,clip,3
393,0.04458038806915284,Scene,Face+Body+Scene,clip,3
412,0.005165777603785196,Scene,Face+Body+Scene,clip,3
442,0.02886400222778321,Scene,Face+Body+Scene,clip,3
463,-0.03379030028978983,Scene,Face+Body+Scene,clip,3
469,-0.0037827988465627023,Scene,Face+Body+Scene,clip,3
486,0.001008764902750652,Scene,Face+Body+Scene,clip,3
491,-0.022188127040863037,Scene,Face+Body+Scene,clip,3
518,0.1127926468849182,Scene,Face+Body+Scene,clip,3
523,-0.0058504223823547365,Scene,Face+Body+Scene,clip,3
545,0.056271255016326904,Scene,Face+Body+Scene,clip,3
551,-0.004534735282262166,Scene,Face+Body+Scene,clip,3
568,-0.012181719144185385,Scene,Face+Body+Scene,clip,3
620,0.023061227798461915,Scene,Face+Body+Scene,clip,3
640,0.017326309283574422,Scene,Face+Body+Scene,clip,3
648,0.0038891315460205084,Scene,Face+Body+Scene,clip,3
671,0.08543352683385214,Scene,Face+Body+Scene,clip,3
755,-0.015880688031514486,Scene,Face+Body+Scene,clip,3
811,0.0044151127338409426,Scene,Face+Body+Scene,clip,3
821,0.013114060958226521,Scene,Face+Body+Scene,clip,3
824,-0.0352558434009552,Scene,Face+Body+Scene,clip,3
841,0.009437817335128785,Scene,Face+Body+Scene,clip,3
842,-0.01903801759084066,Scene,Face+Body+Scene,clip,3
850,-0.034312880039215087,Scene,Face+Body+Scene,clip,3
855,-0.03711222410202026,Scene,Face+Body+Scene,clip,3
872,-0.024639801184336344,Scene,Face+Body+Scene,clip,3
873,0.03881766001383463,Scene,Face+Body+Scene,clip,3
893,0.060567700862884516,Scene,Face+Body+Scene,clip,3
894,0.001984075705210369,Scene,Face+Body+Scene,clip,3
918,-0.004589370886484781,Scene,Face+Body+Scene,clip,3
943,0.04536105791727702,Scene,Face+Body+Scene,clip,3
978,0.13342784841855368,Scene,Face+Body+Scene,clip,3
999,0.025063693523406982,Scene,Face+Body+Scene,clip,3
14,0.05012302938848734,Scene,Face+Body+Scene,dino,3
15,0.02755453735589981,Scene,Face+Body+Scene,dino,3
36,-0.003340418667842944,Scene,Face+Body+Scene,dino,3
39,0.03299400260051091,Scene,Face+Body+Scene,dino,3
126,-0.029671553770701086,Scene,Face+Body+Scene,dino,3
132,0.10948216939965884,Scene,Face+Body+Scene,dino,3
167,0.00675371326506138,Scene,Face+Body+Scene,dino,3
196,-0.006911070520679158,Scene,Face+Body+Scene,dino,3
199,-0.009584176043669382,Scene,Face+Body+Scene,dino,3
214,-0.11472780803839366,Scene,Face+Body+Scene,dino,3
241,-0.027354798186570408,Scene,Face+Body+Scene,dino,3
242,-0.02354016782095035,Scene,Face+Body+Scene,dino,3
245,0.007982147640238205,Scene,Face+Body+Scene,dino,3
249,0.007523435850938162,Scene,Face+Body+Scene,dino,3
282,0.06446598706146082,Scene,Face+Body+Scene,dino,3
289,0.006155031453818082,Scene,Face+Body+Scene,dino,3
303,-0.02692800996204217,Scene,Face+Body+Scene,dino,3
314,0.007823341029385728,Scene,Face+Body+Scene,dino,3
393,0.19821993013223013,Scene,Face+Body+Scene,dino,3
412,-0.00472629340365529,Scene,Face+Body+Scene,dino,3
442,0.006851784388224281,Scene,Face+Body+Scene,dino,3
463,0.020575760553280514,Scene,Face+Body+Scene,dino,3
469,0.0025895847318073103,Scene,Face+Body+Scene,dino,3
486,0.0567124044522643,Scene,Face+Body+Scene,dino,3
491,-0.03297500169525543,Scene,Face+Body+Scene,dino,3
518,0.08639302651087444,Scene,Face+Body+Scene,dino,3
523,0.013615822543700537,Scene,Face+Body+Scene,dino,3
545,-0.010901478864252565,Scene,Face+Body+Scene,dino,3
551,0.031609428705026706,Scene,Face+Body+Scene,dino,3
568,0.06316795845826467,Scene,Face+Body+Scene,dino,3
620,0.06338028510411581,Scene,Face+Body+Scene,dino,3
640,0.01831600861623883,Scene,Face+Body+Scene,dino,3
648,-0.018529052256296082,Scene,Face+Body+Scene,dino,3
671,0.0989697297414144,Scene,Face+Body+Scene,dino,3
755,-0.05824422836303711,Scene,Face+Body+Scene,dino,3
811,-0.008440246836592754,Scene,Face+Body+Scene,dino,3
821,0.08786148224025964,Scene,Face+Body+Scene,dino,3
824,-0.03446952681988478,Scene,Face+Body+Scene,dino,3
841,0.009186498851825793,Scene,Face+Body+Scene,dino,3
842,-0.028226079481343428,Scene,Face+Body+Scene,dino,3
850,-0.017201749111215272,Scene,Face+Body+Scene,dino,3
855,0.010324298404157162,Scene,Face+Body+Scene,dino,3
872,-0.036938042131563036,Scene,Face+Body+Scene,dino,3
873,0.047532981075346474,Scene,Face+Body+Scene,dino,3
893,0.08476067086060841,Scene,Face+Body+Scene,dino,3
894,0.011026017119487128,Scene,Face+Body+Scene,dino,3
918,0.024158319334189094,Scene,Face+Body+Scene,dino,3
943,0.03512387375036876,Scene,Face+Body+Scene,dino,3
978,0.40246247649192807,Scene,Face+Body+Scene,dino,3
999,-0.019063858191172282,Scene,Face+Body+Scene,dino,3
14,0.05012302938848734,Scene,Face+Body+Scene,background_dino,3
15,0.02755453735589981,Scene,Face+Body+Scene,background_dino,3
36,-0.0024030048089722787,Scene,Face+Body+Scene,background_dino,3
39,0.03299400260051091,Scene,Face+Body+Scene,background_dino,3
126,-0.029671553770701086,Scene,Face+Body+Scene,background_dino,3
132,0.1226801594098409,Scene,Face+Body+Scene,background_dino,3
167,0.00675371326506138,Scene,Face+Body+Scene,background_dino,3
196,-0.006911070520679158,Scene,Face+Body+Scene,background_dino,3
199,-0.009584176043669382,Scene,Face+Body+Scene,background_dino,3
214,-0.11472780803839366,Scene,Face+Body+Scene,background_dino,3
241,-0.027354798186570408,Scene,Face+Body+Scene,background_dino,3
242,-0.02528735020508369,Scene,Face+Body+Scene,background_dino,3
245,0.013926089617113273,Scene,Face+Body+Scene,background_dino,3
249,0.005182100087404251,Scene,Face+Body+Scene,background_dino,3
282,0.06446598706146082,Scene,Face+Body+Scene,background_dino,3
289,0.006155031453818082,Scene,Face+Body+Scene,background_dino,3
303,-0.02692800996204217,Scene,Face+Body+Scene,background_dino,3
314,0.007823341029385728,Scene,Face+Body+Scene,background_dino,3
393,0.19821993013223013,Scene,Face+Body+Scene,background_dino,3
412,-0.00472629340365529,Scene,Face+Body+Scene,background_dino,3
442,0.006851784388224281,Scene,Face+Body+Scene,background_dino,3
463,0.020575760553280514,Scene,Face+Body+Scene,background_dino,3
469,0.0025895847318073103,Scene,Face+Body+Scene,background_dino,3
486,0.0567124044522643,Scene,Face+Body+Scene,background_dino,3
491,-0.06144015317161877,Scene,Face+Body+Scene,background_dino,3
518,0.08639302651087444,Scene,Face+Body+Scene,background_dino,3
523,0.01704547746727864,Scene,Face+Body+Scene,background_dino,3
545,-0.010901478864252565,Scene,Face+Body+Scene,background_dino,3
551,0.031609428705026706,Scene,Face+Body+Scene,background_dino,3
568,0.06316795845826467,Scene,Face+Body+Scene,background_dino,3
620,0.06338028510411581,Scene,Face+Body+Scene,background_dino,3
640,0.01831600861623883,Scene,Face+Body+Scene,background_dino,3
648,-0.018529052256296082,Scene,Face+Body+Scene,background_dino,3
671,0.08379098524649937,Scene,Face+Body+Scene,background_dino,3
755,-0.05824422836303711,Scene,Face+Body+Scene,background_dino,3
811,-0.008440246836592754,Scene,Face+Body+Scene,background_dino,3
821,0.08786148224025964,Scene,Face+Body+Scene,background_dino,3
824,0.04481285909811655,Scene,Face+Body+Scene,background_dino,3
841,0.006128603095809618,Scene,Face+Body+Scene,background_dino,3
842,-0.028226079481343428,Scene,Face+Body+Scene,background_dino,3
850,-0.017201749111215272,Scene,Face+Body+Scene,background_dino,3
855,0.010324298404157162,Scene,Face+Body+Scene,background_dino,3
872,-0.036938042131563036,Scene,Face+Body+Scene,background_dino,3
873,0.04333817989875873,Scene,Face+Body+Scene,background_dino,3
893,0.08476067086060841,Scene,Face+Body+Scene,background_dino,3
894,0.011026017119487128,Scene,Face+Body+Scene,background_dino,3
918,0.024158319334189094,Scene,Face+Body+Scene,background_dino,3
943,0.030190157890319817,Scene,Face+Body+Scene,background_dino,3
978,0.40207674329479537,Scene,Face+Body+Scene,background_dino,3
999,-0.019063858191172282,Scene,Face+Body+Scene,background_dino,3
14,0.04208963910738627,Scene,Face+Body+Scene,background_clip,3
15,0.059885148207346604,Scene,Face+Body+Scene,background_clip,3
36,0.0450206180413564,Scene,Face+Body+Scene,background_clip,3
39,0.029916065931320193,Scene,Face+Body+Scene,background_clip,3
126,-0.005097806453704834,Scene,Face+Body+Scene,background_clip,3
132,0.07725637356440226,Scene,Face+Body+Scene,background_clip,3
167,-0.016460442543029787,Scene,Face+Body+Scene,background_clip,3
196,0.01226337750752767,Scene,Face+Body+Scene,background_clip,3
199,-0.022065206368764242,Scene,Face+Body+Scene,background_clip,3
214,-0.0572131077448527,Scene,Face+Body+Scene,background_clip,3
241,0.005460429191589356,Scene,Face+Body+Scene,background_clip,3
242,-0.007920559247334799,Scene,Face+Body+Scene,background_clip,3
245,-0.001694838205973306,Scene,Face+Body+Scene,background_clip,3
249,-0.015097590287526448,Scene,Face+Body+Scene,background_clip,3
282,-0.01096643805503845,Scene,Face+Body+Scene,background_clip,3
289,-0.018956879774729412,Scene,Face+Body+Scene,background_clip,3
303,0.032712503274281816,Scene,Face+Body+Scene,background_clip,3
314,-0.0014298518498738605,Scene,Face+Body+Scene,background_clip,3
393,0.04458038806915284,Scene,Face+Body+Scene,background_clip,3
412,0.005165777603785196,Scene,Face+Body+Scene,background_clip,3
442,0.02886400222778321,Scene,Face+Body+Scene,background_clip,3
463,-0.03379030028978983,Scene,Face+Body+Scene,background_clip,3
469,-0.0037827988465627023,Scene,Face+Body+Scene,background_clip,3
486,0.001008764902750652,Scene,Face+Body+Scene,background_clip,3
491,0.005892074108123779,Scene,Face+Body+Scene,background_clip,3
518,0.1127926468849182,Scene,Face+Body+Scene,background_clip,3
523,-0.016115081310272217,Scene,Face+Body+Scene,background_clip,3
545,0.056271255016326904,Scene,Face+Body+Scene,background_clip,3
551,-0.004534735282262166,Scene,Face+Body+Scene,background_clip,3
568,-0.012181719144185385,Scene,Face+Body+Scene,background_clip,3
620,0.023061227798461915,Scene,Face+Body+Scene,background_clip,3
640,0.017326309283574422,Scene,Face+Body+Scene,background_clip,3
648,0.0038891315460205084,Scene,Face+Body+Scene,background_clip,3
671,0.08258692820866903,Scene,Face+Body+Scene,background_clip,3
755,-0.015880688031514486,Scene,Face+Body+Scene,background_clip,3
811,0.0044151127338409426,Scene,Face+Body+Scene,background_clip,3
821,0.013114060958226521,Scene,Face+Body+Scene,background_clip,3
824,-0.015446519851684569,Scene,Face+Body+Scene,background_clip,3
841,0.015650761127471925,Scene,Face+Body+Scene,background_clip,3
842,-0.01903801759084066,Scene,Face+Body+Scene,background_clip,3
850,-0.034312880039215087,Scene,Face+Body+Scene,background_clip,3
855,-0.03711222410202026,Scene,Face+Body+Scene,background_clip,3
872,-0.024639801184336344,Scene,Face+Body+Scene,background_clip,3
873,0.03732629219690958,Scene,Face+Body+Scene,background_clip,3
893,0.060567700862884516,Scene,Face+Body+Scene,background_clip,3
894,0.001984075705210369,Scene,Face+Body+Scene,background_clip,3
918,-0.004589370886484781,Scene,Face+Body+Scene,background_clip,3
943,0.031816645463307695,Scene,Face+Body+Scene,background_clip,3
978,0.14544235865275065,Scene,Face+Body+Scene,background_clip,3
999,0.025063693523406982,Scene,Face+Body+Scene,background_clip,3
14,0.20000000000000004,Scene,Face+Body+Scene,scene_class_consistency,3
15,0.0,Scene,Face+Body+Scene,scene_class_consistency,3
36,0.06666666666666667,Scene,Face+Body+Scene,scene_class_consistency,3
39,0.0,Scene,Face+Body+Scene,scene_class_consistency,3
126,0.0,Scene,Face+Body+Scene,scene_class_consistency,3
132,0.39999999999999997,Scene,Face+Body+Scene,scene_class_consistency,3
167,0.0,Scene,Face+Body+Scene,scene_class_consistency,3
196,0.0,Scene,Face+Body+Scene,scene_class_consistency,3
199,0.0,Scene,Face+Body+Scene,scene_class_consistency,3
214,0.0,Scene,Face+Body+Scene,scene_class_consistency,3
241,0.0,Scene,Face+Body+Scene,scene_class_consistency,3
242,0.13333333333333333,Scene,Face+Body+Scene,scene_class_consistency,3
245,0.0,Scene,Face+Body+Scene,scene_class_consistency,3
249,0.0,Scene,Face+Body+Scene,scene_class_consistency,3
282,0.06666666666666667,Scene,Face+Body+Scene,scene_class_consistency,3
289,0.0,Scene,Face+Body+Scene,scene_class_consistency,3
303,0.0,Scene,Face+Body+Scene,scene_class_consistency,3
314,0.0,Scene,Face+Body+Scene,scene_class_consistency,3
393,0.0,Scene,Face+Body+Scene,scene_class_consistency,3
412,-0.06666666666666667,Scene,Face+Body+Scene,scene_class_consistency,3
442,0.0,Scene,Face+Body+Scene,scene_class_consistency,3
463,0.06666666666666667,Scene,Face+Body+Scene,scene_class_consistency,3
469,0.0,Scene,Face+Body+Scene,scene_class_consistency,3
486,0.0,Scene,Face+Body+Scene,scene_class_consistency,3
491,0.0,Scene,Face+Body+Scene,scene_class_consistency,3
518,0.26666666666666666,Scene,Face+Body+Scene,scene_class_consistency,3
523,0.0,Scene,Face+Body+Scene,scene_class_consistency,3
545,0.26666666666666666,Scene,Face+Body+Scene,scene_class_consistency,3
551,0.0,Scene,Face+Body+Scene,scene_class_consistency,3
568,0.0,Scene,Face+Body+Scene,scene_class_consistency,3
620,0.26666666666666666,Scene,Face+Body+Scene,scene_class_consistency,3
640,0.06666666666666667,Scene,Face+Body+Scene,scene_class_consistency,3
648,0.0,Scene,Face+Body+Scene,scene_class_consistency,3
671,0.06666666666666665,Scene,Face+Body+Scene,scene_class_consistency,3
755,0.26666666666666666,Scene,Face+Body+Scene,scene_class_consistency,3
811,0.0,Scene,Face+Body+Scene,scene_class_consistency,3
821,-0.19999999999999998,Scene,Face+Body+Scene,scene_class_consistency,3
824,0.19999999999999998,Scene,Face+Body+Scene,scene_class_consistency,3
841,0.26666666666666666,Scene,Face+Body+Scene,scene_class_consistency,3
842,0.0,Scene,Face+Body+Scene,scene_class_consistency,3
850,0.0,Scene,Face+Body+Scene,scene_class_consistency,3
855,0.0,Scene,Face+Body+Scene,scene_class_consistency,3
872,-0.06666666666666667,Scene,Face+Body+Scene,scene_class_consistency,3
873,0.0,Scene,Face+Body+Scene,scene_class_consistency,3
893,0.0,Scene,Face+Body+Scene,scene_class_consistency,3
894,0.0,Scene,Face+Body+Scene,scene_class_consistency,3
918,0.0,Scene,Face+Body+Scene,scene_class_consistency,3
943,0.13333333333333333,Scene,Face+Body+Scene,scene_class_consistency,3
978,0.26666666666666666,Scene,Face+Body+Scene,scene_class_consistency,3
999,0.0,Scene,Face+Body+Scene,scene_class_consistency,3
14,0.028937115557699945,Scene,Face+Body,pixel_corr,3
15,0.011843166230592362,Scene,Face+Body,pixel_corr,3
36,-0.025232002103692305,Scene,Face+Body,pixel_corr,3
39,0.057353643581990195,Scene,Face+Body,pixel_corr,3
126,-0.00907396435740763,Scene,Face+Body,pixel_corr,3
132,0.00537988719569421,Scene,Face+Body,pixel_corr,3
167,0.008759927617892438,Scene,Face+Body,pixel_corr,3
196,0.001974983652399117,Scene,Face+Body,pixel_corr,3
199,0.006504771666836987,Scene,Face+Body,pixel_corr,3
214,-0.007064295561236815,Scene,Face+Body,pixel_corr,3
241,-0.005603086399173933,Scene,Face+Body,pixel_corr,3
242,0.011436672718906365,Scene,Face+Body,pixel_corr,3
245,0.03365514883958007,Scene,Face+Body,pixel_corr,3
249,-0.01967274505479218,Scene,Face+Body,pixel_corr,3
282,-0.007589191948293041,Scene,Face+Body,pixel_corr,3
289,-0.001812754425824209,Scene,Face+Body,pixel_corr,3
303,0.02910813595143293,Scene,Face+Body,pixel_corr,3
314,0.019841075263686028,Scene,Face+Body,pixel_corr,3
393,0.0841040444963278,Scene,Face+Body,pixel_corr,3
412,0.03522266546419238,Scene,Face+Body,pixel_corr,3
442,-0.020512343404324795,Scene,Face+Body,pixel_corr,3
463,0.0029224153377978234,Scene,Face+Body,pixel_corr,3
469,0.00874598831874049,Scene,Face+Body,pixel_corr,3
486,0.031192562456858867,Scene,Face+Body,pixel_corr,3
491,-0.036181197688042406,Scene,Face+Body,pixel_corr,3
518,0.03452247970636357,Scene,Face+Body,pixel_corr,3
523,-0.015310073522745424,Scene,Face+Body,pixel_corr,3
545,-0.03367934282900116,Scene,Face+Body,pixel_corr,3
551,0.007083528414329294,Scene,Face+Body,pixel_corr,3
568,0.04859802302777868,Scene,Face+Body,pixel_corr,3
620,0.011070979896852426,Scene,Face+Body,pixel_corr,3
640,0.011335077665258672,Scene,Face+Body,pixel_corr,3
648,-0.011391353679507365,Scene,Face+Body,pixel_corr,3
671,-6.112872367874135e-05,Scene,Face+Body,pixel_corr,3
755,-0.005808941003457854,Scene,Face+Body,pixel_corr,3
811,-0.020662563550116454,Scene,Face+Body,pixel_corr,3
821,-0.0004449960713904082,Scene,Face+Body,pixel_corr,3
824,-0.016131260869097008,Scene,Face+Body,pixel_corr,3
841,0.018457636224584583,Scene,Face+Body,pixel_corr,3
842,-0.0034293632011281154,Scene,Face+Body,pixel_corr,3
850,-0.009172953110298468,Scene,Face+Body,pixel_corr,3
855,0.018026346076146105,Scene,Face+Body,pixel_corr,3
872,-0.0015971843993040542,Scene,Face+Body,pixel_corr,3
873,0.012901402259622394,Scene,Face+Body,pixel_corr,3
893,-0.04323803527340069,Scene,Face+Body,pixel_corr,3
894,-0.006913988398317941,Scene,Face+Body,pixel_corr,3
918,0.00706248014646951,Scene,Face+Body,pixel_corr,3
943,0.08202971592160001,Scene,Face+Body,pixel_corr,3
978,0.029591851446604017,Scene,Face+Body,pixel_corr,3
999,-0.019214197700852514,Scene,Face+Body,pixel_corr,3
14,0.0005637864515327518,Scene,Face+Body,ssim,3
15,-0.0019775710420337545,Scene,Face+Body,ssim,3
36,-0.02735378783493041,Scene,Face+Body,ssim,3
39,-0.005256688508343681,Scene,Face+Body,ssim,3
126,-9.920837393517443e-05,Scene,Face+Body,ssim,3
132,0.003203417558305681,Scene,Face+Body,ssim,3
167,-0.00025487042472499186,Scene,Face+Body,ssim,3
196,-0.0045706697389523675,Scene,Face+Body,ssim,3
199,-0.002687360043644045,Scene,Face+Body,ssim,3
214,0.0022126320620628544,Scene,Face+Body,ssim,3
241,-0.02301629613795959,Scene,Face+Body,ssim,3
242,-0.002696605289073159,Scene,Face+Body,ssim,3
245,0.0007150916736178033,Scene,Face+Body,ssim,3
249,-0.0037948102028707727,Scene,Face+Body,ssim,3
282,-0.007199220766532754,Scene,Face+Body,ssim,3
289,-0.006756524730238966,Scene,Face+Body,ssim,3
303,-0.01958773119042791,Scene,Face+Body,ssim,3
314,0.003310969878727286,Scene,Face+Body,ssim,3
393,-0.012116344923122385,Scene,Face+Body,ssim,3
412,-0.004329889035954138,Scene,Face+Body,ssim,3
442,-0.016688140443262802,Scene,Face+Body,ssim,3
463,-0.00034202282009070475,Scene,Face+Body,ssim,3
469,-0.00026279331154492315,Scene,Face+Body,ssim,3
486,0.008840677612778644,Scene,Face+Body,ssim,3
491,-0.017931244473627223,Scene,Face+Body,ssim,3
518,0.0034351392075350705,Scene,Face+Body,ssim,3
523,0.013114412430970222,Scene,Face+Body,ssim,3
545,-0.0347641201954563,Scene,Face+Body,ssim,3
551,0.003860215694990328,Scene,Face+Body,ssim,3
568,-0.009105788263579747,Scene,Face+Body,ssim,3
620,-0.011612941019404235,Scene,Face+Body,ssim,3
640,-0.0002654510598789982,Scene,Face+Body,ssim,3
648,-0.005093438808509998,Scene,Face+Body,ssim,3
671,0.0030414231494024966,Scene,Face+Body,ssim,3
755,-0.003225364233318976,Scene,Face+Body,ssim,3
811,-0.0073644657906091,Scene,Face+Body,ssim,3
821,0.004258996555217245,Scene,Face+Body,ssim,3
824,0.012253457754941887,Scene,Face+Body,ssim,3
841,-0.005856251698335734,Scene,Face+Body,ssim,3
842,-0.0005208652422213402,Scene,Face+Body,ssim,3
850,0.0017304529426074335,Scene,Face+Body,ssim,3
855,-0.006870884592272523,Scene,Face+Body,ssim,3
872,-0.002818390536936067,Scene,Face+Body,ssim,3
873,-0.00943619363527823,Scene,Face+Body,ssim,3
893,-0.026921067536643934,Scene,Face+Body,ssim,3
894,0.0009086124864196073,Scene,Face+Body,ssim,3
918,-0.011314135412295897,Scene,Face+Body,ssim,3
943,0.0037353820393385083,Scene,Face+Body,ssim,3
978,0.026287844740045817,Scene,Face+Body,ssim,3
999,-0.017730706081675093,Scene,Face+Body,ssim,3
14,0.017012089490890503,Scene,Face+Body,lpips,3
15,-0.014822399616241454,Scene,Face+Body,lpips,3
36,0.01878995498021444,Scene,Face+Body,lpips,3
39,0.05137325723965963,Scene,Face+Body,lpips,3
126,0.0022005836168924975,Scene,Face+Body,lpips,3
132,-0.0033833265304565427,Scene,Face+Body,lpips,3
167,-0.013707367579142251,Scene,Face+Body,lpips,3
196,0.009588420391082764,Scene,Face+Body,lpips,3
199,-0.006592977046966552,Scene,Face+Body,lpips,3
214,-0.016344451904296873,Scene,Face+Body,lpips,3
241,0.015561703840891521,Scene,Face+Body,lpips,3
242,0.028933485349019374,Scene,Face+Body,lpips,3
245,0.012784449259440105,Scene,Face+Body,lpips,3
249,-0.0010417858759562172,Scene,Face+Body,lpips,3
282,0.009734900792439778,Scene,Face+Body,lpips,3
289,0.02331064542134603,Scene,Face+Body,lpips,3
303,-0.001233307520548503,Scene,Face+Body,lpips,3
314,0.00023476282755533883,Scene,Face+Body,lpips,3
393,0.03220767974853516,Scene,Face+Body,lpips,3
412,-0.0034795641899108888,Scene,Face+Body,lpips,3
442,-0.0031244635581970212,Scene,Face+Body,lpips,3
463,0.010921132564544677,Scene,Face+Body,lpips,3
469,0.011049660046895346,Scene,Face+Body,lpips,3
486,-0.01175463596979777,Scene,Face+Body,lpips,3
491,-0.007928252220153809,Scene,Face+Body,lpips,3
518,0.018935628732045493,Scene,Face+Body,lpips,3
523,7.03533490498855e-05,Scene,Face+Body,lpips,3
545,0.007419753074645996,Scene,Face+Body,lpips,3
551,-0.009421706199645996,Scene,Face+Body,lpips,3
568,0.005457067489624024,Scene,Face+Body,lpips,3
620,-0.005916472276051839,Scene,Face+Body,lpips,3
640,0.005091671148935954,Scene,Face+Body,lpips,3
648,0.0093153715133667,Scene,Face+Body,lpips,3
671,-0.008665112654368083,Scene,Face+Body,lpips,3
755,-0.009351507822672528,Scene,Face+Body,lpips,3
811,0.004648693402608235,Scene,Face+Body,lpips,3
821,0.009544185797373454,Scene,Face+Body,lpips,3
824,-0.018670002619425457,Scene,Face+Body,lpips,3
841,-0.04606433312098185,Scene,Face+Body,lpips,3
842,0.0015533248583475753,Scene,Face+Body,lpips,3
850,-0.004586458206176758,Scene,Face+Body,lpips,3
855,0.0056922515233357755,Scene,Face+Body,lpips,3
872,0.029594075679779053,Scene,Face+Body,lpips,3
873,-0.004777201016743978,Scene,Face+Body,lpips,3
893,-0.0006423870722452804,Scene,Face+Body,lpips,3
894,-0.0049908320109049486,Scene,Face+Body,lpips,3
918,-0.0016661802927652996,Scene,Face+Body,lpips,3
943,0.007887319723765053,Scene,Face+Body,lpips,3
978,0.016846271355946858,Scene,Face+Body,lpips,3
999,0.0024466911951700845,Scene,Face+Body,lpips,3
14,0.044835082689921056,Scene,Face+Body,clip,3
15,0.07798802057902018,Scene,Face+Body,clip,3
36,0.04058444102605184,Scene,Face+Body,clip,3
39,0.03281641602516174,Scene,Face+Body,clip,3
126,0.015850659211476645,Scene,Face+Body,clip,3
132,0.06692986885706582,Scene,Face+Body,clip,3
167,-0.01012894908587138,Scene,Face+Body,clip,3
196,0.022041722138722738,Scene,Face+Body,clip,3
199,-0.019687426090240476,Scene,Face+Body,clip,3
214,-0.03094784816106161,Scene,Face+Body,clip,3
241,0.005487569173177084,Scene,Face+Body,clip,3
242,-0.014649299780527753,Scene,Face+Body,clip,3
245,-0.0163603683312734,Scene,Face+Body,clip,3
249,-0.009369677305221558,Scene,Face+Body,clip,3
282,0.018842838207880658,Scene,Face+Body,clip,3
289,-0.01562838951746623,Scene,Face+Body,clip,3
303,0.02139743169148763,Scene,Face+Body,clip,3
314,0.016192102432250974,Scene,Face+Body,clip,3
393,0.04558183749516805,Scene,Face+Body,clip,3
412,0.0004491607348124198,Scene,Face+Body,clip,3
442,0.0120932936668396,Scene,Face+Body,clip,3
463,-0.007263658444086711,Scene,Face+Body,clip,3
469,0.005679357051849365,Scene,Face+Body,clip,3
486,-0.007058554887771607,Scene,Face+Body,clip,3
491,-0.0062751332918802895,Scene,Face+Body,clip,3
518,0.09707552591959635,Scene,Face+Body,clip,3
523,-1.971522967020763e-05,Scene,Face+Body,clip,3
545,-0.04456270535786947,Scene,Face+Body,clip,3
551,-0.01100887854894002,Scene,Face+Body,clip,3
568,-0.003619567553202311,Scene,Face+Body,clip,3
620,0.0629542867342631,Scene,Face+Body,clip,3
640,0.0033479015032450367,Scene,Face+Body,clip,3
648,0.007018387317657471,Scene,Face+Body,clip,3
671,0.026705423990885418,Scene,Face+Body,clip,3
755,-0.03586925268173218,Scene,Face+Body,clip,3
811,-0.017247645060221355,Scene,Face+Body,clip,3
821,-0.005348894993464154,Scene,Face+Body,clip,3
824,-0.028739412625630695,Scene,Face+Body,clip,3
841,0.04088670214017232,Scene,Face+Body,clip,3
842,-0.022185460726420084,Scene,Face+Body,clip,3
850,-0.0165783683458964,Scene,Face+Body,clip,3
855,-0.01889951229095459,Scene,Face+Body,clip,3
872,-0.052578377723693843,Scene,Face+Body,clip,3
873,0.029817219575246173,Scene,Face+Body,clip,3
893,-0.010750508308410641,Scene,Face+Body,clip,3
894,-0.024692940711975097,Scene,Face+Body,clip,3
918,0.005997455120086671,Scene,Face+Body,clip,3
943,0.04452863931655884,Scene,Face+Body,clip,3
978,0.15042308966318765,Scene,Face+Body,clip,3
999,0.020440038045247393,Scene,Face+Body,clip,3
14,0.08782378456865747,Scene,Face+Body,dino,3
15,0.027718311051527656,Scene,Face+Body,dino,3
36,-0.009702445489043992,Scene,Face+Body,dino,3
39,-0.006707362333933505,Scene,Face+Body,dino,3
126,0.014877374966939291,Scene,Face+Body,dino,3
132,0.11277779142061868,Scene,Face+Body,dino,3
167,-0.0053115793814261765,Scene,Face+Body,dino,3
196,-0.0184595696007212,Scene,Face+Body,dino,3
199,0.0004044175148010254,Scene,Face+Body,dino,3
214,-0.07221572399139405,Scene,Face+Body,dino,3
241,-0.014797844737768176,Scene,Face+Body,dino,3
242,0.0046654406314094845,Scene,Face+Body,dino,3
245,0.002737741808717449,Scene,Face+Body,dino,3
249,-0.006264592645068963,Scene,Face+Body,dino,3
282,0.0815666810919841,Scene,Face+Body,dino,3
289,0.01669341915597518,Scene,Face+Body,dino,3
303,-0.05002025837699572,Scene,Face+Body,dino,3
314,0.01518000562985738,Scene,Face+Body,dino,3
393,0.22967123376826445,Scene,Face+Body,dino,3
412,0.019440860146035754,Scene,Face+Body,dino,3
442,0.01529569836954276,Scene,Face+Body,dino,3
463,0.01342592736085256,Scene,Face+Body,dino,3
469,-0.006710016168653965,Scene,Face+Body,dino,3
486,0.06323958697418372,Scene,Face+Body,dino,3
491,0.0019249958917498592,Scene,Face+Body,dino,3
518,0.05962232674161594,Scene,Face+Body,dino,3
523,0.034227126836776735,Scene,Face+Body,dino,3
545,0.00819632162650426,Scene,Face+Body,dino,3
551,0.01793267629109323,Scene,Face+Body,dino,3
568,0.06128745873769125,Scene,Face+Body,dino,3
620,0.011047343413035074,Scene,Face+Body,dino,3
640,-0.0007508627449472732,Scene,Face+Body,dino,3
648,-0.032038310728967186,Scene,Face+Body,dino,3
671,0.009389682610829673,Scene,Face+Body,dino,3
755,-0.11366654435793559,Scene,Face+Body,dino,3
811,0.005384758145858845,Scene,Face+Body,dino,3
821,-0.051100330054759974,Scene,Face+Body,dino,3
824,-0.04434659046431383,Scene,Face+Body,dino,3
841,0.015880164628227552,Scene,Face+Body,dino,3
842,-0.022446785122156143,Scene,Face+Body,dino,3
850,-0.02256144682566325,Scene,Face+Body,dino,3
855,0.03460426591336727,Scene,Face+Body,dino,3
872,-0.032079637485245865,Scene,Face+Body,dino,3
873,0.0680986687541008,Scene,Face+Body,dino,3
893,0.030802944302558897,Scene,Face+Body,dino,3
894,-0.0017829425012071919,Scene,Face+Body,dino,3
918,0.037778392930825556,Scene,Face+Body,dino,3
943,0.02934462130069733,Scene,Face+Body,dino,3
978,0.34862497895956035,Scene,Face+Body,dino,3
999,-0.017136509095629058,Scene,Face+Body,dino,3
14,0.08782378456865747,Scene,Face+Body,background_dino,3
15,0.027718311051527656,Scene,Face+Body,background_dino,3
36,-0.009112603217363357,Scene,Face+Body,background_dino,3
39,-0.006707362333933505,Scene,Face+Body,background_dino,3
126,0.014877374966939291,Scene,Face+Body,background_dino,3
132,0.1091692641377449,Scene,Face+Body,background_dino,3
167,-0.0053115793814261765,Scene,Face+Body,background_dino,3
196,-0.0184595696007212,Scene,Face+Body,background_dino,3
199,0.0004044175148010254,Scene,Face+Body,background_dino,3
214,-0.07221572399139405,Scene,Face+Body,background_dino,3
241,-0.014797844737768176,Scene,Face+Body,background_dino,3
242,0.010553988659133514,Scene,Face+Body,background_dino,3
245,0.0069086247123777865,Scene,Face+Body,background_dino,3
249,-0.004915030114352703,Scene,Face+Body,background_dino,3
282,0.0815666810919841,Scene,Face+Body,background_dino,3
289,0.01669341915597518,Scene,Face+Body,background_dino,3
303,-0.05002025837699572,Scene,Face+Body,background_dino,3
314,0.01518000562985738,Scene,Face+Body,background_dino,3
393,0.22967123376826445,Scene,Face+Body,background_dino,3
412,0.019440860146035754,Scene,Face+Body,background_dino,3
442,0.01529569836954276,Scene,Face+Body,background_dino,3
463,0.01342592736085256,Scene,Face+Body,background_dino,3
469,-0.006710016168653965,Scene,Face+Body,background_dino,3
486,0.06323958697418372,Scene,Face+Body,background_dino,3
491,-0.0796789529422919,Scene,Face+Body,background_dino,3
518,0.05962232674161594,Scene,Face+Body,background_dino,3
523,0.036029543479283645,Scene,Face+Body,background_dino,3
545,0.00819632162650426,Scene,Face+Body,background_dino,3
551,0.01793267629109323,Scene,Face+Body,background_dino,3
568,0.06128745873769125,Scene,Face+Body,background_dino,3
620,0.011047343413035074,Scene,Face+Body,background_dino,3
640,-0.0007508627449472732,Scene,Face+Body,background_dino,3
648,-0.032038310728967186,Scene,Face+Body,background_dino,3
671,0.0049459179242452,Scene,Face+Body,background_dino,3
755,-0.11366654435793559,Scene,Face+Body,background_dino,3
811,0.005384758145858845,Scene,Face+Body,background_dino,3
821,-0.051100330054759974,Scene,Face+Body,background_dino,3
824,-0.002367237210273742,Scene,Face+Body,background_dino,3
841,0.0063954820856452,Scene,Face+Body,background_dino,3
842,-0.022446785122156143,Scene,Face+Body,background_dino,3
850,-0.02256144682566325,Scene,Face+Body,background_dino,3
855,0.03460426591336727,Scene,Face+Body,background_dino,3
872,-0.032079637485245865,Scene,Face+Body,background_dino,3
873,0.06396127790212632,Scene,Face+Body,background_dino,3
893,0.030802944302558897,Scene,Face+Body,background_dino,3
894,-0.0017829425012071919,Scene,Face+Body,background_dino,3
918,0.037778392930825556,Scene,Face+Body,background_dino,3
943,0.025711209575335185,Scene,Face+Body,background_dino,3
978,0.3571062708894412,Scene,Face+Body,background_dino,3
999,-0.017136509095629058,Scene,Face+Body,background_dino,3
14,0.044835082689921056,Scene,Face+Body,background_clip,3
15,0.07798802057902018,Scene,Face+Body,background_clip,3
36,0.04135300318400065,Scene,Face+Body,background_clip,3
39,0.03281641602516174,Scene,Face+Body,background_clip,3
126,0.015850659211476645,Scene,Face+Body,background_clip,3
132,0.07960869073867798,Scene,Face+Body,background_clip,3
167,-0.01012894908587138,Scene,Face+Body,background_clip,3
196,0.022041722138722738,Scene,Face+Body,background_clip,3
199,-0.019687426090240476,Scene,Face+Body,background_clip,3
214,-0.03094784816106161,Scene,Face+Body,background_clip,3
241,0.005487569173177084,Scene,Face+Body,background_clip,3
242,0.0012802024682362866,Scene,Face+Body,background_clip,3
245,-0.03781819939613342,Scene,Face+Body,background_clip,3
249,-0.0064570685227712,Scene,Face+Body,background_clip,3
282,0.018842838207880658,Scene,Face+Body,background_clip,3
289,-0.01562838951746623,Scene,Face+Body,background_clip,3
303,0.02139743169148763,Scene,Face+Body,background_clip,3
314,0.016192102432250974,Scene,Face+Body,background_clip,3
393,0.04558183749516805,Scene,Face+Body,background_clip,3
412,0.0004491607348124198,Scene,Face+Body,background_clip,3
442,0.0120932936668396,Scene,Face+Body,background_clip,3
463,-0.007263658444086711,Scene,Face+Body,background_clip,3
469,0.005679357051849365,Scene,Face+Body,background_clip,3
486,-0.007058554887771607,Scene,Face+Body,background_clip,3
491,0.011807680130004883,Scene,Face+Body,background_clip,3
518,0.09707552591959635,Scene,Face+Body,background_clip,3
523,-0.00635025898615519,Scene,Face+Body,background_clip,3
545,-0.04456270535786947,Scene,Face+Body,background_clip,3
551,-0.01100887854894002,Scene,Face+Body,background_clip,3
568,-0.003619567553202311,Scene,Face+Body,background_clip,3
620,0.0629542867342631,Scene,Face+Body,background_clip,3
640,0.0033479015032450367,Scene,Face+Body,background_clip,3
648,0.007018387317657471,Scene,Face+Body,background_clip,3
671,0.023238448301951087,Scene,Face+Body,background_clip,3
755,-0.03586925268173218,Scene,Face+Body,background_clip,3
811,-0.017247645060221355,Scene,Face+Body,background_clip,3
821,-0.005348894993464154,Scene,Face+Body,background_clip,3
824,-0.019052604834238686,Scene,Face+Body,background_clip,3
841,0.031198424100875855,Scene,Face+Body,background_clip,3
842,-0.022185460726420084,Scene,Face+Body,background_clip,3
850,-0.0165783683458964,Scene,Face+Body,background_clip,3
855,-0.01889951229095459,Scene,Face+Body,background_clip,3
872,-0.052578377723693843,Scene,Face+Body,background_clip,3
873,0.029837230841318767,Scene,Face+Body,background_clip,3
893,-0.010750508308410641,Scene,Face+Body,background_clip,3
894,-0.024692940711975097,Scene,Face+Body,background_clip,3
918,0.005997455120086671,Scene,Face+Body,background_clip,3
943,0.022342582543690998,Scene,Face+Body,background_clip,3
978,0.16131597956021626,Scene,Face+Body,background_clip,3
999,0.020440038045247393,Scene,Face+Body,background_clip,3
14,-0.19999999999999998,Scene,Face+Body,scene_class_consistency,3
15,0.0,Scene,Face+Body,scene_class_consistency,3
36,0.0,Scene,Face+Body,scene_class_consistency,3
39,0.0,Scene,Face+Body,scene_class_consistency,3
126,0.0,Scene,Face+Body,scene_class_consistency,3
132,0.06666666666666667,Scene,Face+Body,scene_class_consistency,3
167,-0.06666666666666667,Scene,Face+Body,scene_class_consistency,3
196,0.0,Scene,Face+Body,scene_class_consistency,3
199,0.0,Scene,Face+Body,scene_class_consistency,3
214,0.0,Scene,Face+Body,scene_class_consistency,3
241,0.0,Scene,Face+Body,scene_class_consistency,3
242,0.06666666666666665,Scene,Face+Body,scene_class_consistency,3
245,-0.5333333333333333,Scene,Face+Body,scene_class_consistency,3
249,0.0,Scene,Face+Body,scene_class_consistency,3
282,0.26666666666666666,Scene,Face+Body,scene_class_consistency,3
289,0.0,Scene,Face+Body,scene_class_consistency,3
303,0.0,Scene,Face+Body,scene_class_consistency,3
314,0.0,Scene,Face+Body,scene_class_consistency,3
393,0.0,Scene,Face+Body,scene_class_consistency,3
412,0.13333333333333333,Scene,Face+Body,scene_class_consistency,3
442,0.0,Scene,Face+Body,scene_class_consistency,3
463,0.06666666666666667,Scene,Face+Body,scene_class_consistency,3
469,0.0,Scene,Face+Body,scene_class_consistency,3
486,0.0,Scene,Face+Body,scene_class_consistency,3
491,0.0,Scene,Face+Body,scene_class_consistency,3
518,0.3333333333333333,Scene,Face+Body,scene_class_consistency,3
523,0.0,Scene,Face+Body,scene_class_consistency,3
545,-0.13333333333333333,Scene,Face+Body,scene_class_consistency,3
551,0.0,Scene,Face+Body,scene_class_consistency,3
568,0.0,Scene,Face+Body,scene_class_consistency,3
620,0.26666666666666666,Scene,Face+Body,scene_class_consistency,3
640,0.0,Scene,Face+Body,scene_class_consistency,3
648,0.0,Scene,Face+Body,scene_class_consistency,3
671,-0.26666666666666666,Scene,Face+Body,scene_class_consistency,3
755,-0.20000000000000004,Scene,Face+Body,scene_class_consistency,3
811,0.0,Scene,Face+Body,scene_class_consistency,3
821,-0.13333333333333333,Scene,Face+Body,scene_class_consistency,3
824,0.06666666666666667,Scene,Face+Body,scene_class_consistency,3
841,0.3333333333333333,Scene,Face+Body,scene_class_consistency,3
842,0.0,Scene,Face+Body,scene_class_consistency,3
850,0.0,Scene,Face+Body,scene_class_consistency,3
855,0.0,Scene,Face+Body,scene_class_consistency,3
872,-0.3333333333333333,Scene,Face+Body,scene_class_consistency,3
873,0.0,Scene,Face+Body,scene_class_consistency,3
893,0.0,Scene,Face+Body,scene_class_consistency,3
894,0.0,Scene,Face+Body,scene_class_consistency,3
918,0.0,Scene,Face+Body,scene_class_consistency,3
943,0.06666666666666665,Scene,Face+Body,scene_class_consistency,3
978,0.06666666666666665,Scene,Face+Body,scene_class_consistency,3
999,0.0,Scene,Face+Body,scene_class_consistency,3
14,0.04586466770674504,Scene,Face+Scene,pixel_corr,3
15,0.007925864763812402,Scene,Face+Scene,pixel_corr,3
36,0.01682657373648461,Scene,Face+Scene,pixel_corr,3
39,-0.0037931307022590643,Scene,Face+Scene,pixel_corr,3
126,-0.028612774179816586,Scene,Face+Scene,pixel_corr,3
132,0.000952416919840833,Scene,Face+Scene,pixel_corr,3
167,-0.0046721800285875964,Scene,Face+Scene,pixel_corr,3
196,-0.0017855629405209815,Scene,Face+Scene,pixel_corr,3
199,-0.00456930880678821,Scene,Face+Scene,pixel_corr,3
214,0.006299174629250323,Scene,Face+Scene,pixel_corr,3
241,-0.02196019742008355,Scene,Face+Scene,pixel_corr,3
242,0.003569884412302745,Scene,Face+Scene,pixel_corr,3
245,0.015114795977589301,Scene,Face+Scene,pixel_corr,3
249,0.00653849272893709,Scene,Face+Scene,pixel_corr,3
282,-0.00455932600613049,Scene,Face+Scene,pixel_corr,3
289,-0.0010407939245915022,Scene,Face+Scene,pixel_corr,3
303,-0.028738764921946502,Scene,Face+Scene,pixel_corr,3
314,-0.003066602571855605,Scene,Face+Scene,pixel_corr,3
393,-0.034082477502311394,Scene,Face+Scene,pixel_corr,3
412,0.017325682601653743,Scene,Face+Scene,pixel_corr,3
442,-0.023914382701975097,Scene,Face+Scene,pixel_corr,3
463,0.020174215853710094,Scene,Face+Scene,pixel_corr,3
469,0.014831373725531158,Scene,Face+Scene,pixel_corr,3
486,0.05640755385326127,Scene,Face+Scene,pixel_corr,3
491,0.034821016081569324,Scene,Face+Scene,pixel_corr,3
518,0.01427066482405811,Scene,Face+Scene,pixel_corr,3
523,-0.056421302326480405,Scene,Face+Scene,pixel_corr,3
545,0.020458498977058162,Scene,Face+Scene,pixel_corr,3
551,0.0038561443068697624,Scene,Face+Scene,pixel_corr,3
568,0.019324819578082093,Scene,Face+Scene,pixel_corr,3
620,0.01910621011440323,Scene,Face+Scene,pixel_corr,3
640,0.024385366008090936,Scene,Face+Scene,pixel_corr,3
648,-0.004494451124912172,Scene,Face+Scene,pixel_corr,3
671,-0.005846532977741681,Scene,Face+Scene,pixel_corr,3
755,0.019150293018427293,Scene,Face+Scene,pixel_corr,3
811,0.003840271914244471,Scene,Face+Scene,pixel_corr,3
821,0.007542588253590153,Scene,Face+Scene,pixel_corr,3
824,-0.022621175232450247,Scene,Face+Scene,pixel_corr,3
841,-0.01019562789230975,Scene,Face+Scene,pixel_corr,3
842,0.02151740416799126,Scene,Face+Scene,pixel_corr,3
850,-0.00278789538859949,Scene,Face+Scene,pixel_corr,3
855,-0.01319773182799032,Scene,Face+Scene,pixel_corr,3
872,0.004869324810691777,Scene,Face+Scene,pixel_corr,3
873,0.01339081373936739,Scene,Face+Scene,pixel_corr,3
893,-0.009548200574916113,Scene,Face+Scene,pixel_corr,3
894,0.012448982036975836,Scene,Face+Scene,pixel_corr,3
918,0.04476634010785726,Scene,Face+Scene,pixel_corr,3
943,0.007987349203109843,Scene,Face+Scene,pixel_corr,3
978,0.029591464784304588,Scene,Face+Scene,pixel_corr,3
999,-0.025873447694905998,Scene,Face+Scene,pixel_corr,3
14,0.017894522763172455,Scene,Face+Scene,ssim,3
15,0.00668740678067981,Scene,Face+Scene,ssim,3
36,0.03177722988545383,Scene,Face+Scene,ssim,3
39,0.0009534744802481544,Scene,Face+Scene,ssim,3
126,-0.014870158846780017,Scene,Face+Scene,ssim,3
132,0.004974869610799235,Scene,Face+Scene,ssim,3
167,-0.001751760333979041,Scene,Face+Scene,ssim,3
196,-0.002757557661630062,Scene,Face+Scene,ssim,3
199,-0.0003415795306794459,Scene,Face+Scene,ssim,3
214,-0.00285223997656006,Scene,Face+Scene,ssim,3
241,0.002301883569518272,Scene,Face+Scene,ssim,3
242,-0.0026243218770653086,Scene,Face+Scene,ssim,3
245,-0.013395375001106068,Scene,Face+Scene,ssim,3
249,0.0009276797444450832,Scene,Face+Scene,ssim,3
282,0.005172689437605397,Scene,Face+Scene,ssim,3
289,0.0008306902978114096,Scene,Face+Scene,ssim,3
303,-0.00811973603647374,Scene,Face+Scene,ssim,3
314,-0.00020807685166790796,Scene,Face+Scene,ssim,3
393,-0.011015668137443731,Scene,Face+Scene,ssim,3
412,0.006004687535206755,Scene,Face+Scene,ssim,3
442,0.007171868883971757,Scene,Face+Scene,ssim,3
463,0.00138171372922803,Scene,Face+Scene,ssim,3
469,0.0006492209448929939,Scene,Face+Scene,ssim,3
486,0.010957378096393447,Scene,Face+Scene,ssim,3
491,0.006488171310093927,Scene,Face+Scene,ssim,3
518,-0.06565661879022995,Scene,Face+Scene,ssim,3
523,0.005226525944072149,Scene,Face+Scene,ssim,3
545,0.006223344808907302,Scene,Face+Scene,ssim,3
551,-4.5701087614812095e-05,Scene,Face+Scene,ssim,3
568,0.014239797963514178,Scene,Face+Scene,ssim,3
620,0.00848955988021908,Scene,Face+Scene,ssim,3
640,0.0009598019311888186,Scene,Face+Scene,ssim,3
648,-0.002391308609942727,Scene,Face+Scene,ssim,3
671,-0.004154058252437227,Scene,Face+Scene,ssim,3
755,0.0009079446686498885,Scene,Face+Scene,ssim,3
811,-0.0005650059457583568,Scene,Face+Scene,ssim,3
821,-0.0007510225215803688,Scene,Face+Scene,ssim,3
824,0.013765229544358541,Scene,Face+Scene,ssim,3
841,-0.0005089543911341606,Scene,Face+Scene,ssim,3
842,-0.0023118430873004746,Scene,Face+Scene,ssim,3
850,-0.0011426555107148962,Scene,Face+Scene,ssim,3
855,-0.00958206576364761,Scene,Face+Scene,ssim,3
872,-0.0002722268019639754,Scene,Face+Scene,ssim,3
873,0.0020622483060613946,Scene,Face+Scene,ssim,3
893,0.005766762261332436,Scene,Face+Scene,ssim,3
894,-0.0011699799589326763,Scene,Face+Scene,ssim,3
918,0.0023823054200419525,Scene,Face+Scene,ssim,3
943,-0.0004308837765661044,Scene,Face+Scene,ssim,3
978,0.018349353419956107,Scene,Face+Scene,ssim,3
999,0.0023121129135765957,Scene,Face+Scene,ssim,3
14,0.024358709653218586,Scene,Face+Scene,lpips,3
15,-0.01262984275817871,Scene,Face+Scene,lpips,3
36,-0.014274072647094726,Scene,Face+Scene,lpips,3
39,0.006398731470108034,Scene,Face+Scene,lpips,3
126,0.0007724086443583175,Scene,Face+Scene,lpips,3
132,0.00137553612391154,Scene,Face+Scene,lpips,3
167,0.0013279596964518225,Scene,Face+Scene,lpips,3
196,0.012158759435017904,Scene,Face+Scene,lpips,3
199,-0.004390052954355875,Scene,Face+Scene,lpips,3
214,-0.005728419621785482,Scene,Face+Scene,lpips,3
241,0.00215901533762614,Scene,Face+Scene,lpips,3
242,0.00805195967356364,Scene,Face+Scene,lpips,3
245,0.0013906081517537437,Scene,Face+Scene,lpips,3
249,0.002731784184773763,Scene,Face+Scene,lpips,3
282,-0.004720993836720785,Scene,Face+Scene,lpips,3
289,-0.009976549943288166,Scene,Face+Scene,lpips,3
303,0.0005583206812540684,Scene,Face+Scene,lpips,3
314,-0.008506202697753906,Scene,Face+Scene,lpips,3
393,-0.008529428641001383,Scene,Face+Scene,lpips,3
412,-0.00274126927057902,Scene,Face+Scene,lpips,3
442,0.005008598168690999,Scene,Face+Scene,lpips,3
463,0.008492863178253174,Scene,Face+Scene,lpips,3
469,-0.014847465356190997,Scene,Face+Scene,lpips,3
486,-0.005842928091684977,Scene,Face+Scene,lpips,3
491,0.004026929537455241,Scene,Face+Scene,lpips,3
518,-0.0011955062548319486,Scene,Face+Scene,lpips,3
523,-0.015018737316131592,Scene,Face+Scene,lpips,3
545,0.0017240643501281738,Scene,Face+Scene,lpips,3
551,-0.003968858718872071,Scene,Face+Scene,lpips,3
568,-0.011285901069641113,Scene,Face+Scene,lpips,3
620,-0.006457185745239259,Scene,Face+Scene,lpips,3
640,-0.011318246523539225,Scene,Face+Scene,lpips,3
648,0.005854260921478271,Scene,Face+Scene,lpips,3
671,0.001309164365132649,Scene,Face+Scene,lpips,3
755,0.00678478479385376,Scene,Face+Scene,lpips,3
811,0.00010463396708170591,Scene,Face+Scene,lpips,3
821,-0.010666318734486898,Scene,Face+Scene,lpips,3
824,-0.03195739189783733,Scene,Face+Scene,lpips,3
841,0.009142041206359863,Scene,Face+Scene,lpips,3
842,0.0005527814229329426,Scene,Face+Scene,lpips,3
850,0.002931161721547445,Scene,Face+Scene,lpips,3
855,-0.008663455645243326,Scene,Face+Scene,lpips,3
872,-0.012642455101013183,Scene,Face+Scene,lpips,3
873,-0.003704440593719483,Scene,Face+Scene,lpips,3
893,0.004950201511383056,Scene,Face+Scene,lpips,3
894,0.0052138408025105805,Scene,Face+Scene,lpips,3
918,-0.010495575269063313,Scene,Face+Scene,lpips,3
943,0.0073474367459615076,Scene,Face+Scene,lpips,3
978,0.034707629680633546,Scene,Face+Scene,lpips,3
999,-0.0009399334589640304,Scene,Face+Scene,lpips,3
14,-0.037913876771926876,Scene,Face+Scene,clip,3
15,0.05993226766586304,Scene,Face+Scene,clip,3
36,-0.03464008967081706,Scene,Face+Scene,clip,3
39,-0.010402719179789223,Scene,Face+Scene,clip,3
126,-0.01327909231185913,Scene,Face+Scene,clip,3
132,-0.014313407739003497,Scene,Face+Scene,clip,3
167,0.003861403465270997,Scene,Face+Scene,clip,3
196,0.008869342009226481,Scene,Face+Scene,clip,3
199,0.03820579051971435,Scene,Face+Scene,clip,3
214,-0.014732364813486734,Scene,Face+Scene,clip,3
241,0.03013615210851034,Scene,Face+Scene,clip,3
242,0.007462477684020997,Scene,Face+Scene,clip,3
245,-0.007970154285430908,Scene,Face+Scene,clip,3
249,-0.012581181526184084,Scene,Face+Scene,clip,3
282,-0.028124954303105677,Scene,Face+Scene,clip,3
289,0.04630058606465658,Scene,Face+Scene,clip,3
303,-0.018823254108428954,Scene,Face+Scene,clip,3
314,0.021704190969467168,Scene,Face+Scene,clip,3
393,0.01845990022023519,Scene,Face+Scene,clip,3
412,-0.005557767550150554,Scene,Face+Scene,clip,3
442,0.010578195254007975,Scene,Face+Scene,clip,3
463,0.03245879411697388,Scene,Face+Scene,clip,3
469,-0.012599400679270428,Scene,Face+Scene,clip,3
486,0.04916747808456421,Scene,Face+Scene,clip,3
491,0.015577471256256104,Scene,Face+Scene,clip,3
518,-0.03309630950291952,Scene,Face+Scene,clip,3
523,-0.013166964054107666,Scene,Face+Scene,clip,3
545,-0.009572458267211915,Scene,Face+Scene,clip,3
551,0.00869335333506266,Scene,Face+Scene,clip,3
568,0.00867214600245158,Scene,Face+Scene,clip,3
620,-0.013960005839665729,Scene,Face+Scene,clip,3
640,-0.04187840819358826,Scene,Face+Scene,clip,3
648,0.00964433153470357,Scene,Face+Scene,clip,3
671,0.02057076891263326,Scene,Face+Scene,clip,3
755,-0.02851544221242269,Scene,Face+Scene,clip,3
811,0.0026093780994415282,Scene,Face+Scene,clip,3
821,0.0021976729234059653,Scene,Face+Scene,clip,3
824,-0.04716694752375284,Scene,Face+Scene,clip,3
841,0.006204140186309815,Scene,Face+Scene,clip,3
842,0.007269243399302165,Scene,Face+Scene,clip,3
850,-0.03387829860051473,Scene,Face+Scene,clip,3
855,-0.01596999168395996,Scene,Face+Scene,clip,3
872,0.01902486483256022,Scene,Face+Scene,clip,3
873,-0.001872696479161581,Scene,Face+Scene,clip,3
893,-0.007054271300633748,Scene,Face+Scene,clip,3
894,0.005426140626271565,Scene,Face+Scene,clip,3
918,0.009061968326568602,Scene,Face+Scene,clip,3
943,0.004688545068105062,Scene,Face+Scene,clip,3
978,0.07610161701838176,Scene,Face+Scene,clip,3
999,-0.0022416472434997558,Scene,Face+Scene,clip,3
14,-0.03987669957180818,Scene,Face+Scene,dino,3
15,0.06347412367661794,Scene,Face+Scene,dino,3
36,0.01749868777891,Scene,Face+Scene,dino,3
39,-0.018263370792071024,Scene,Face+Scene,dino,3
126,-0.033324030041694645,Scene,Face+Scene,dino,3
132,-0.04760082165400187,Scene,Face+Scene,dino,3
167,-0.011159617888430754,Scene,Face+Scene,dino,3
196,0.002911611708501974,Scene,Face+Scene,dino,3
199,0.003930291285117468,Scene,Face+Scene,dino,3
214,-0.05579898382226626,Scene,Face+Scene,dino,3
241,0.0050060881301760675,Scene,Face+Scene,dino,3
242,-0.009931083892782529,Scene,Face+Scene,dino,3
245,0.020298755168914797,Scene,Face+Scene,dino,3
249,0.013320440302292505,Scene,Face+Scene,dino,3
282,0.06724402221540611,Scene,Face+Scene,dino,3
289,0.0009824414737522602,Scene,Face+Scene,dino,3
303,0.013416636983553568,Scene,Face+Scene,dino,3
314,0.02414159886538982,Scene,Face+Scene,dino,3
393,-0.019740521907806393,Scene,Face+Scene,dino,3
412,0.03513730952205757,Scene,Face+Scene,dino,3
442,0.003211944239834945,Scene,Face+Scene,dino,3
463,0.025597870101531348,Scene,Face+Scene,dino,3
469,-0.004709064184377591,Scene,Face+Scene,dino,3
486,0.014216372867425288,Scene,Face+Scene,dino,3
491,0.04244191497564317,Scene,Face+Scene,dino,3
518,-0.0033767464881141983,Scene,Face+Scene,dino,3
523,-0.006811021268367767,Scene,Face+Scene,dino,3
545,0.00808646498868863,Scene,Face+Scene,dino,3
551,0.0034756572296222054,Scene,Face+Scene,dino,3
568,0.019816489020983378,Scene,Face+Scene,dino,3
620,0.015597987174987787,Scene,Face+Scene,dino,3
640,0.025492926749090355,Scene,Face+Scene,dino,3
648,0.03508045018340151,Scene,Face+Scene,dino,3
671,0.023538888990879057,Scene,Face+Scene,dino,3
755,-0.09829399585723876,Scene,Face+Scene,dino,3
811,-0.003311319773395858,Scene,Face+Scene,dino,3
821,-0.02183538110305865,Scene,Face+Scene,dino,3
824,-0.058859322344263394,Scene,Face+Scene,dino,3
841,-0.004400511831045151,Scene,Face+Scene,dino,3
842,-0.012795458858211836,Scene,Face+Scene,dino,3
850,-0.051218426972627636,Scene,Face+Scene,dino,3
855,-0.021783312223851683,Scene,Face+Scene,dino,3
872,0.013264108914881945,Scene,Face+Scene,dino,3
873,-0.02674850734571616,Scene,Face+Scene,dino,3
893,0.029823441058397293,Scene,Face+Scene,dino,3
894,-0.02340449532493949,Scene,Face+Scene,dino,3
918,-0.043284127612908695,Scene,Face+Scene,dino,3
943,0.015216497580210367,Scene,Face+Scene,dino,3
978,0.2694647212823232,Scene,Face+Scene,dino,3
999,0.0017564211661616972,Scene,Face+Scene,dino,3
14,-0.03987669957180818,Scene,Face+Scene,background_dino,3
15,0.06347412367661794,Scene,Face+Scene,background_dino,3
36,0.01968203131109476,Scene,Face+Scene,background_dino,3
39,-0.018263370792071024,Scene,Face+Scene,background_dino,3
126,-0.033324030041694645,Scene,Face+Scene,background_dino,3
132,-0.04575680394967396,Scene,Face+Scene,background_dino,3
167,-0.011159617888430754,Scene,Face+Scene,background_dino,3
196,0.002911611708501974,Scene,Face+Scene,background_dino,3
199,0.003930291285117468,Scene,Face+Scene,background_dino,3
214,-0.05579898382226626,Scene,Face+Scene,background_dino,3
241,0.0050060881301760675,Scene,Face+Scene,background_dino,3
242,-0.007070903914670151,Scene,Face+Scene,background_dino,3
245,0.006076958527167639,Scene,Face+Scene,background_dino,3
249,0.01981322771559159,Scene,Face+Scene,background_dino,3
282,0.06724402221540611,Scene,Face+Scene,background_dino,3
289,0.0009824414737522602,Scene,Face+Scene,background_dino,3
303,0.013416636983553568,Scene,Face+Scene,background_dino,3
314,0.02414159886538982,Scene,Face+Scene,background_dino,3
393,-0.019740521907806393,Scene,Face+Scene,background_dino,3
412,0.03513730952205757,Scene,Face+Scene,background_dino,3
442,0.003211944239834945,Scene,Face+Scene,background_dino,3
463,0.025597870101531348,Scene,Face+Scene,background_dino,3
469,-0.004709064184377591,Scene,Face+Scene,background_dino,3
486,0.014216372867425288,Scene,Face+Scene,background_dino,3
491,-0.00606594036022822,Scene,Face+Scene,background_dino,3
518,-0.0033767464881141983,Scene,Face+Scene,background_dino,3
523,-0.007366869660715261,Scene,Face+Scene,background_dino,3
545,0.00808646498868863,Scene,Face+Scene,background_dino,3
551,0.0034756572296222054,Scene,Face+Scene,background_dino,3
568,0.019816489020983378,Scene,Face+Scene,background_dino,3
620,0.015597987174987787,Scene,Face+Scene,background_dino,3
640,0.025492926749090355,Scene,Face+Scene,background_dino,3
648,0.03508045018340151,Scene,Face+Scene,background_dino,3
671,0.022999019920825967,Scene,Face+Scene,background_dino,3
755,-0.09829399585723876,Scene,Face+Scene,background_dino,3
811,-0.003311319773395858,Scene,Face+Scene,background_dino,3
821,-0.02183538110305865,Scene,Face+Scene,background_dino,3
824,-0.017822869867086408,Scene,Face+Scene,background_dino,3
841,-0.002382535611589749,Scene,Face+Scene,background_dino,3
842,-0.012795458858211836,Scene,Face+Scene,background_dino,3
850,-0.051218426972627636,Scene,Face+Scene,background_dino,3
855,-0.021783312223851683,Scene,Face+Scene,background_dino,3
872,0.013264108914881945,Scene,Face+Scene,background_dino,3
873,-0.02501838095486164,Scene,Face+Scene,background_dino,3
893,0.029823441058397293,Scene,Face+Scene,background_dino,3
894,-0.02340449532493949,Scene,Face+Scene,background_dino,3
918,-0.043284127612908695,Scene,Face+Scene,background_dino,3
943,0.012181379397710163,Scene,Face+Scene,background_dino,3
978,0.25257703761259714,Scene,Face+Scene,background_dino,3
999,0.0017564211661616972,Scene,Face+Scene,background_dino,3
14,-0.037913876771926876,Scene,Face+Scene,background_clip,3
15,0.05993226766586304,Scene,Face+Scene,background_clip,3
36,-0.03887763023376465,Scene,Face+Scene,background_clip,3
39,-0.010402719179789223,Scene,Face+Scene,background_clip,3
126,-0.01327909231185913,Scene,Face+Scene,background_clip,3
132,-0.008350276947021486,Scene,Face+Scene,background_clip,3
167,0.003861403465270997,Scene,Face+Scene,background_clip,3
196,0.008869342009226481,Scene,Face+Scene,background_clip,3
199,0.03820579051971435,Scene,Face+Scene,background_clip,3
214,-0.014732364813486734,Scene,Face+Scene,background_clip,3
241,0.03013615210851034,Scene,Face+Scene,background_clip,3
242,0.013143416245778403,Scene,Face+Scene,background_clip,3
245,-0.01408993403116862,Scene,Face+Scene,background_clip,3
249,0.00010137557983398483,Scene,Face+Scene,background_clip,3
282,-0.028124954303105677,Scene,Face+Scene,background_clip,3
289,0.04630058606465658,Scene,Face+Scene,background_clip,3
303,-0.018823254108428954,Scene,Face+Scene,background_clip,3
314,0.021704190969467168,Scene,Face+Scene,background_clip,3
393,0.01845990022023519,Scene,Face+Scene,background_clip,3
412,-0.005557767550150554,Scene,Face+Scene,background_clip,3
442,0.010578195254007975,Scene,Face+Scene,background_clip,3
463,0.03245879411697388,Scene,Face+Scene,background_clip,3
469,-0.012599400679270428,Scene,Face+Scene,background_clip,3
486,0.04916747808456421,Scene,Face+Scene,background_clip,3
491,0.019903941949208578,Scene,Face+Scene,background_clip,3
518,-0.03309630950291952,Scene,Face+Scene,background_clip,3
523,-0.013299735387166339,Scene,Face+Scene,background_clip,3
545,-0.009572458267211915,Scene,Face+Scene,background_clip,3
551,0.00869335333506266,Scene,Face+Scene,background_clip,3
568,0.00867214600245158,Scene,Face+Scene,background_clip,3
620,-0.013960005839665729,Scene,Face+Scene,background_clip,3
640,-0.04187840819358826,Scene,Face+Scene,background_clip,3
648,0.00964433153470357,Scene,Face+Scene,background_clip,3
671,0.018684120972951256,Scene,Face+Scene,background_clip,3
755,-0.02851544221242269,Scene,Face+Scene,background_clip,3
811,0.0026093780994415282,Scene,Face+Scene,background_clip,3
821,0.0021976729234059653,Scene,Face+Scene,background_clip,3
824,-0.028208374977111816,Scene,Face+Scene,background_clip,3
841,0.0024195830027262367,Scene,Face+Scene,background_clip,3
842,0.007269243399302165,Scene,Face+Scene,background_clip,3
850,-0.03387829860051473,Scene,Face+Scene,background_clip,3
855,-0.01596999168395996,Scene,Face+Scene,background_clip,3
872,0.01902486483256022,Scene,Face+Scene,background_clip,3
873,-0.005298588673273721,Scene,Face+Scene,background_clip,3
893,-0.007054271300633748,Scene,Face+Scene,background_clip,3
894,0.005426140626271565,Scene,Face+Scene,background_clip,3
918,0.009061968326568602,Scene,Face+Scene,background_clip,3
943,-0.00191112756729126,Scene,Face+Scene,background_clip,3
978,0.08829268018404642,Scene,Face+Scene,background_clip,3
999,-0.0022416472434997558,Scene,Face+Scene,background_clip,3
14,0.13333333333333333,Scene,Face+Scene,scene_class_consistency,3
15,0.0,Scene,Face+Scene,scene_class_consistency,3
36,-0.13333333333333333,Scene,Face+Scene,scene_class_consistency,3
39,-0.06666666666666667,Scene,Face+Scene,scene_class_consistency,3
126,0.0,Scene,Face+Scene,scene_class_consistency,3
132,0.13333333333333333,Scene,Face+Scene,scene_class_consistency,3
167,0.0,Scene,Face+Scene,scene_class_consistency,3
196,0.0,Scene,Face+Scene,scene_class_consistency,3
199,0.0,Scene,Face+Scene,scene_class_consistency,3
214,0.0,Scene,Face+Scene,scene_class_consistency,3
241,0.0,Scene,Face+Scene,scene_class_consistency,3
242,-0.20000000000000004,Scene,Face+Scene,scene_class_consistency,3
245,-0.4000000000000001,Scene,Face+Scene,scene_class_consistency,3
249,0.0,Scene,Face+Scene,scene_class_consistency,3
282,0.20000000000000004,Scene,Face+Scene,scene_class_consistency,3
289,0.0,Scene,Face+Scene,scene_class_consistency,3
303,0.0,Scene,Face+Scene,scene_class_consistency,3
314,0.0,Scene,Face+Scene,scene_class_consistency,3
393,0.0,Scene,Face+Scene,scene_class_consistency,3
412,-0.13333333333333333,Scene,Face+Scene,scene_class_consistency,3
442,0.0,Scene,Face+Scene,scene_class_consistency,3
463,0.0,Scene,Face+Scene,scene_class_consistency,3
469,0.0,Scene,Face+Scene,scene_class_consistency,3
486,0.0,Scene,Face+Scene,scene_class_consistency,3
491,-0.20000000000000004,Scene,Face+Scene,scene_class_consistency,3
518,-0.06666666666666667,Scene,Face+Scene,scene_class_consistency,3
523,0.0,Scene,Face+Scene,scene_class_consistency,3
545,0.0,Scene,Face+Scene,scene_class_consistency,3
551,0.0,Scene,Face+Scene,scene_class_consistency,3
568,0.0,Scene,Face+Scene,scene_class_consistency,3
620,0.13333333333333333,Scene,Face+Scene,scene_class_consistency,3
640,-0.06666666666666667,Scene,Face+Scene,scene_class_consistency,3
648,0.0,Scene,Face+Scene,scene_class_consistency,3
671,-0.0666666666666667,Scene,Face+Scene,scene_class_consistency,3
755,0.0,Scene,Face+Scene,scene_class_consistency,3
811,0.0,Scene,Face+Scene,scene_class_consistency,3
821,0.19999999999999998,Scene,Face+Scene,scene_class_consistency,3
824,0.19999999999999998,Scene,Face+Scene,scene_class_consistency,3
841,-0.06666666666666667,Scene,Face+Scene,scene_class_consistency,3
842,0.0,Scene,Face+Scene,scene_class_consistency,3
850,0.0,Scene,Face+Scene,scene_class_consistency,3
855,0.0,Scene,Face+Scene,scene_class_consistency,3
872,0.26666666666666666,Scene,Face+Scene,scene_class_consistency,3
873,0.0,Scene,Face+Scene,scene_class_consistency,3
893,0.0,Scene,Face+Scene,scene_class_consistency,3
894,0.0,Scene,Face+Scene,scene_class_consistency,3
918,0.0,Scene,Face+Scene,scene_class_consistency,3
943,-0.13333333333333333,Scene,Face+Scene,scene_class_consistency,3
978,-0.06666666666666667,Scene,Face+Scene,scene_class_consistency,3
999,0.0,Scene,Face+Scene,scene_class_consistency,3
14,-0.014437806192150756,Scene,Scene,pixel_corr,3
15,0.009929144171979353,Scene,Scene,pixel_corr,3
36,-0.001605109686047368,Scene,Scene,pixel_corr,3
39,0.02398184799510016,Scene,Scene,pixel_corr,3
126,-0.008835797051833178,Scene,Scene,pixel_corr,3
132,-0.0060828913255101995,Scene,Scene,pixel_corr,3
167,-0.007187802653892233,Scene,Scene,pixel_corr,3
196,0.004206540235577562,Scene,Scene,pixel_corr,3
199,0.0040807220123215355,Scene,Scene,pixel_corr,3
214,-0.0010852495677452286,Scene,Scene,pixel_corr,3
241,-0.005349060805414384,Scene,Scene,pixel_corr,3
242,-0.005001531621483881,Scene,Scene,pixel_corr,3
245,0.02146489512411511,Scene,Scene,pixel_corr,3
249,0.003265367320705252,Scene,Scene,pixel_corr,3
282,-0.006214655468908169,Scene,Scene,pixel_corr,3
289,0.007599864257660856,Scene,Scene,pixel_corr,3
303,0.004135826447738077,Scene,Scene,pixel_corr,3
314,0.004046293978593621,Scene,Scene,pixel_corr,3
393,-0.010675535760963818,Scene,Scene,pixel_corr,3
412,0.02970207057229746,Scene,Scene,pixel_corr,3
442,-0.0016535835540539845,Scene,Scene,pixel_corr,3
463,0.0022267804203277594,Scene,Scene,pixel_corr,3
469,0.004475553227611438,Scene,Scene,pixel_corr,3
486,0.02451852450644711,Scene,Scene,pixel_corr,3
491,0.0074884813114598795,Scene,Scene,pixel_corr,3
518,0.03381434445615606,Scene,Scene,pixel_corr,3
523,7.782474406986828e-05,Scene,Scene,pixel_corr,3
545,0.017737105413211513,Scene,Scene,pixel_corr,3
551,0.0027700134140738897,Scene,Scene,pixel_corr,3
568,-0.010163735607773542,Scene,Scene,pixel_corr,3
620,-0.006037858824857341,Scene,Scene,pixel_corr,3
640,0.022285332315325822,Scene,Scene,pixel_corr,3
648,-0.024647337751441924,Scene,Scene,pixel_corr,3
671,-0.012780084987391985,Scene,Scene,pixel_corr,3
755,-0.0037921646575702858,Scene,Scene,pixel_corr,3
811,-0.01080334208243823,Scene,Scene,pixel_corr,3
821,-0.0009212635398611989,Scene,Scene,pixel_corr,3
824,-0.007499539370530097,Scene,Scene,pixel_corr,3
841,-0.0009373464212218983,Scene,Scene,pixel_corr,3
842,0.007661184152068091,Scene,Scene,pixel_corr,3
850,-0.0033358827766363838,Scene,Scene,pixel_corr,3
855,-0.012240259147144513,Scene,Scene,pixel_corr,3
872,0.023731364125492344,Scene,Scene,pixel_corr,3
873,0.0009452835839339861,Scene,Scene,pixel_corr,3
893,-0.02706959777757986,Scene,Scene,pixel_corr,3
894,0.008833144347343513,Scene,Scene,pixel_corr,3
918,0.007764450484114269,Scene,Scene,pixel_corr,3
943,0.006111591414498134,Scene,Scene,pixel_corr,3
978,0.015605187808157664,Scene,Scene,pixel_corr,3
999,0.013490917827698097,Scene,Scene,pixel_corr,3
14,-0.010139848502642405,Scene,Scene,ssim,3
15,-0.00836741366720604,Scene,Scene,ssim,3
36,0.0020408632336425866,Scene,Scene,ssim,3
39,0.006275674230464501,Scene,Scene,ssim,3
126,-0.007189832604564266,Scene,Scene,ssim,3
132,0.0012406407497087824,Scene,Scene,ssim,3
167,-0.002799137731145606,Scene,Scene,ssim,3
196,-0.0020663924683147557,Scene,Scene,ssim,3
199,0.003398856145791586,Scene,Scene,ssim,3
214,0.0029820103963499323,Scene,Scene,ssim,3
241,0.0026387025101021404,Scene,Scene,ssim,3
242,-0.004668254356090959,Scene,Scene,ssim,3
245,-0.009893580459293358,Scene,Scene,ssim,3
249,0.0006925970342306205,Scene,Scene,ssim,3
282,0.0022864409538037368,Scene,Scene,ssim,3
289,-0.001313920761731672,Scene,Scene,ssim,3
303,0.004767669923109533,Scene,Scene,ssim,3
314,0.0005758255034923499,Scene,Scene,ssim,3
393,0.0007232602676100485,Scene,Scene,ssim,3
412,0.0064249410174860265,Scene,Scene,ssim,3
442,0.011398283275681214,Scene,Scene,ssim,3
463,5.99530260926351e-05,Scene,Scene,ssim,3
469,0.002062343469792351,Scene,Scene,ssim,3
486,0.0070957034574819075,Scene,Scene,ssim,3
491,-0.0006809988440926654,Scene,Scene,ssim,3
518,-0.04111279120407321,Scene,Scene,ssim,3
523,0.0040768501619773455,Scene,Scene,ssim,3
545,-0.0014548252668293768,Scene,Scene,ssim,3
551,-0.0029582996183606567,Scene,Scene,ssim,3
568,-0.002586461271764791,Scene,Scene,ssim,3
620,0.004541912754824508,Scene,Scene,ssim,3
640,0.0003711012273668862,Scene,Scene,ssim,3
648,-0.0018230422203808182,Scene,Scene,ssim,3
671,-0.008039489617737053,Scene,Scene,ssim,3
755,-0.006188373233933256,Scene,Scene,ssim,3
811,-0.002838207633747782,Scene,Scene,ssim,3
821,-0.002264642292582978,Scene,Scene,ssim,3
824,-0.004733667368341462,Scene,Scene,ssim,3
841,-0.0065410182053029725,Scene,Scene,ssim,3
842,-0.0034856647321762934,Scene,Scene,ssim,3
850,-0.0013207861697497843,Scene,Scene,ssim,3
855,-0.004573875788437487,Scene,Scene,ssim,3
872,-0.001244632073895726,Scene,Scene,ssim,3
873,-0.0010482946160993653,Scene,Scene,ssim,3
893,0.003952927122591231,Scene,Scene,ssim,3
894,-0.0047032790460721135,Scene,Scene,ssim,3
918,0.0073429903685534705,Scene,Scene,ssim,3
943,-0.0007900461602880197,Scene,Scene,ssim,3
978,-0.002347583048182907,Scene,Scene,ssim,3
999,0.007810919895584985,Scene,Scene,ssim,3
14,-0.011251101891199747,Scene,Scene,lpips,3
15,-0.0074409484863281255,Scene,Scene,lpips,3
36,-0.006894290447235108,Scene,Scene,lpips,3
39,-0.019499560197194416,Scene,Scene,lpips,3
126,-0.0006125529607137045,Scene,Scene,lpips,3
132,0.0003148635228474933,Scene,Scene,lpips,3
167,0.0023616274197896326,Scene,Scene,lpips,3
196,-0.0007955869038899739,Scene,Scene,lpips,3
199,-0.005419548352559408,Scene,Scene,lpips,3
214,-0.003502376874287923,Scene,Scene,lpips,3
241,0.003060619036356607,Scene,Scene,lpips,3
242,-0.005708920955657959,Scene,Scene,lpips,3
245,0.003252565860748291,Scene,Scene,lpips,3
249,0.0016327261924743654,Scene,Scene,lpips,3
282,-0.0032232801119486485,Scene,Scene,lpips,3
289,-0.0061165928840637195,Scene,Scene,lpips,3
303,-0.0025727033615112306,Scene,Scene,lpips,3
314,-0.005781133969624837,Scene,Scene,lpips,3
393,0.0005602677663167316,Scene,Scene,lpips,3
412,-0.01515493392944336,Scene,Scene,lpips,3
442,-0.003555766741434733,Scene,Scene,lpips,3
463,0.00019457340240478524,Scene,Scene,lpips,3
469,-0.0030949234962463373,Scene,Scene,lpips,3
486,-0.005092116196950276,Scene,Scene,lpips,3
491,-0.00021351973215738944,Scene,Scene,lpips,3
518,-0.0018279274304707851,Scene,Scene,lpips,3
523,0.004732290903727214,Scene,Scene,lpips,3
545,-0.0018696705500284838,Scene,Scene,lpips,3
551,-0.010848283767700195,Scene,Scene,lpips,3
568,0.0036444107691446944,Scene,Scene,lpips,3
620,0.002561457951863607,Scene,Scene,lpips,3
640,-0.014133032162984213,Scene,Scene,lpips,3
648,0.0059203664461771645,Scene,Scene,lpips,3
671,0.005868534247080485,Scene,Scene,lpips,3
755,0.0028636217117309574,Scene,Scene,lpips,3
811,0.005969087282816569,Scene,Scene,lpips,3
821,0.003373332818349203,Scene,Scene,lpips,3
824,-0.00749806563059489,Scene,Scene,lpips,3
841,0.00743484099706014,Scene,Scene,lpips,3
842,0.006021169821421306,Scene,Scene,lpips,3
850,0.002315767606099447,Scene,Scene,lpips,3
855,-0.0062563578287760414,Scene,Scene,lpips,3
872,-0.006055994828542074,Scene,Scene,lpips,3
873,0.0023296356201171877,Scene,Scene,lpips,3
893,-0.009111785888671875,Scene,Scene,lpips,3
894,0.005517200628916422,Scene,Scene,lpips,3
918,0.0002763827641805018,Scene,Scene,lpips,3
943,0.006259111563364665,Scene,Scene,lpips,3
978,0.015458257993062337,Scene,Scene,lpips,3
999,-0.006388799349466959,Scene,Scene,lpips,3
14,-0.054047020276387525,Scene,Scene,clip,3
15,0.04985122680664062,Scene,Scene,clip,3
36,0.016067546606063843,Scene,Scene,clip,3
39,-0.0026483893394470214,Scene,Scene,clip,3
126,0.004383607705434163,Scene,Scene,clip,3
132,0.0002513011296590174,Scene,Scene,clip,3
167,0.020803648233413696,Scene,Scene,clip,3
196,-0.002088606357574463,Scene,Scene,clip,3
199,0.01175280014673869,Scene,Scene,clip,3
214,-0.012375748157501221,Scene,Scene,clip,3
241,0.022169558207194014,Scene,Scene,clip,3
242,-0.022621325651804608,Scene,Scene,clip,3
245,-0.001601417859395345,Scene,Scene,clip,3
249,-0.0013208369414011635,Scene,Scene,clip,3
282,-0.009830705324808757,Scene,Scene,clip,3
289,0.0274213711420695,Scene,Scene,clip,3
303,-0.005309800306955974,Scene,Scene,clip,3
314,0.010385040442148843,Scene,Scene,clip,3
393,-0.01670401096343994,Scene,Scene,clip,3
412,0.02609567642211914,Scene,Scene,clip,3
442,0.002989335854848225,Scene,Scene,clip,3
463,0.00672275424003601,Scene,Scene,clip,3
469,0.011106320222218831,Scene,Scene,clip,3
486,0.03927702903747559,Scene,Scene,clip,3
491,0.002443925539652505,Scene,Scene,clip,3
518,-0.0283042848110199,Scene,Scene,clip,3
523,0.02837180693944295,Scene,Scene,clip,3
545,-0.005055379867553708,Scene,Scene,clip,3
551,0.015206776062647502,Scene,Scene,clip,3
568,0.005620662371317545,Scene,Scene,clip,3
620,-0.024212783575057985,Scene,Scene,clip,3
640,-0.015044160683949787,Scene,Scene,clip,3
648,0.013860448201497394,Scene,Scene,clip,3
671,-0.01867854992548625,Scene,Scene,clip,3
755,-0.031251339117685954,Scene,Scene,clip,3
811,-0.0005148510138193767,Scene,Scene,clip,3
821,-0.004489638408025106,Scene,Scene,clip,3
824,-0.0027673721313476556,Scene,Scene,clip,3
841,-0.007028053204218547,Scene,Scene,clip,3
842,0.013722888628641764,Scene,Scene,clip,3
850,-0.01837565501530965,Scene,Scene,clip,3
855,0.013895706335703533,Scene,Scene,clip,3
872,-0.005044978857040406,Scene,Scene,clip,3
873,-0.007199917236963908,Scene,Scene,clip,3
893,-0.0026267588138580325,Scene,Scene,clip,3
894,-0.010720543066660565,Scene,Scene,clip,3
918,-0.035441104571024576,Scene,Scene,clip,3
943,0.009703361988067628,Scene,Scene,clip,3
978,-0.023071948687235517,Scene,Scene,clip,3
999,-0.000535261631011963,Scene,Scene,clip,3
14,-0.024266298736135162,Scene,Scene,dino,3
15,0.11849330986539523,Scene,Scene,dino,3
36,0.009217713742206493,Scene,Scene,dino,3
39,-0.02607371136546135,Scene,Scene,dino,3
126,0.04630973736445109,Scene,Scene,dino,3
132,-0.044578942283988,Scene,Scene,dino,3
167,-0.01569066004206737,Scene,Scene,dino,3
196,-0.01611804043253263,Scene,Scene,dino,3
199,0.03274121458331744,Scene,Scene,dino,3
214,0.0011046857883532841,Scene,Scene,dino,3
241,0.00988258570432663,Scene,Scene,dino,3
242,0.02084875429670016,Scene,Scene,dino,3
245,0.02816074312043687,Scene,Scene,dino,3
249,-0.0008780512337883315,Scene,Scene,dino,3
282,0.07061265831192334,Scene,Scene,dino,3
289,0.018319244186083477,Scene,Scene,dino,3
303,0.02215578220784664,Scene,Scene,dino,3
314,-0.002401389926671981,Scene,Scene,dino,3
393,-0.00219654639561971,Scene,Scene,dino,3
412,0.021310883636275924,Scene,Scene,dino,3
442,-0.010860939820607504,Scene,Scene,dino,3
463,-0.015813793241977694,Scene,Scene,dino,3
469,0.004157459596171974,Scene,Scene,dino,3
486,0.01706297481432557,Scene,Scene,dino,3
491,-0.00325115459660689,Scene,Scene,dino,3
518,0.01392927790681521,Scene,Scene,dino,3
523,0.03591269229849179,Scene,Scene,dino,3
545,0.007163353885213533,Scene,Scene,dino,3
551,0.016178499488160015,Scene,Scene,dino,3
568,-0.08048057158788045,Scene,Scene,dino,3
620,-0.04152471423149109,Scene,Scene,dino,3
640,-0.002986442049344382,Scene,Scene,dino,3
648,0.02971935216337442,Scene,Scene,dino,3
671,-0.07366122690339884,Scene,Scene,dino,3
755,-0.09834313591321309,Scene,Scene,dino,3
811,-0.0034384792049725857,Scene,Scene,dino,3
821,-0.02482559351871411,Scene,Scene,dino,3
824,-0.0188456396261851,Scene,Scene,dino,3
841,-0.00809780682126681,Scene,Scene,dino,3
842,0.005371087913711866,Scene,Scene,dino,3
850,-0.03663804903626442,Scene,Scene,dino,3
855,0.0024852721331020205,Scene,Scene,dino,3
872,-0.004299609673519928,Scene,Scene,dino,3
873,0.010192530229687689,Scene,Scene,dino,3
893,-0.023055836806694666,Scene,Scene,dino,3
894,-0.01835601752003034,Scene,Scene,dino,3
918,-0.037255498766899105,Scene,Scene,dino,3
943,0.024702218174934388,Scene,Scene,dino,3
978,-0.04448442583282788,Scene,Scene,dino,3
999,-0.013696096092462537,Scene,Scene,dino,3
14,-0.024266298736135162,Scene,Scene,background_dino,3
15,0.11849330986539523,Scene,Scene,background_dino,3
36,0.012853169146304327,Scene,Scene,background_dino,3
39,-0.02607371136546135,Scene,Scene,background_dino,3
126,0.04630973736445109,Scene,Scene,background_dino,3
132,-0.03695031081636747,Scene,Scene,background_dino,3
167,-0.01569066004206737,Scene,Scene,background_dino,3
196,-0.01611804043253263,Scene,Scene,background_dino,3
199,0.03274121458331744,Scene,Scene,background_dino,3
214,0.0011046857883532841,Scene,Scene,background_dino,3
241,0.00988258570432663,Scene,Scene,background_dino,3
242,0.023127930145710702,Scene,Scene,background_dino,3
245,0.021253444130222007,Scene,Scene,background_dino,3
249,0.00038018754372994105,Scene,Scene,background_dino,3
282,0.07061265831192334,Scene,Scene,background_dino,3
289,0.018319244186083477,Scene,Scene,background_dino,3
303,0.02215578220784664,Scene,Scene,background_dino,3
314,-0.002401389926671981,Scene,Scene,background_dino,3
393,-0.00219654639561971,Scene,Scene,background_dino,3
412,0.021310883636275924,Scene,Scene,background_dino,3
442,-0.010860939820607504,Scene,Scene,background_dino,3
463,-0.015813793241977694,Scene,Scene,background_dino,3
469,0.004157459596171974,Scene,Scene,background_dino,3
486,0.01706297481432557,Scene,Scene,background_dino,3
491,-0.030195832004149752,Scene,Scene,background_dino,3
518,0.01392927790681521,Scene,Scene,background_dino,3
523,0.0398780420422554,Scene,Scene,background_dino,3
545,0.007163353885213533,Scene,Scene,background_dino,3
551,0.016178499488160015,Scene,Scene,background_dino,3
568,-0.08048057158788045,Scene,Scene,background_dino,3
620,-0.04152471423149109,Scene,Scene,background_dino,3
640,-0.002986442049344382,Scene,Scene,background_dino,3
648,0.02971935216337442,Scene,Scene,background_dino,3
671,-0.07307940597335498,Scene,Scene,background_dino,3
755,-0.09834313591321309,Scene,Scene,background_dino,3
811,-0.0034384792049725857,Scene,Scene,background_dino,3
821,-0.02482559351871411,Scene,Scene,background_dino,3
824,0.027507637813687324,Scene,Scene,background_dino,3
841,-0.007457316666841507,Scene,Scene,background_dino,3
842,0.005371087913711866,Scene,Scene,background_dino,3
850,-0.03663804903626442,Scene,Scene,background_dino,3
855,0.0024852721331020205,Scene,Scene,background_dino,3
872,-0.004299609673519928,Scene,Scene,background_dino,3
873,0.012065210503836472,Scene,Scene,background_dino,3
893,-0.023055836806694666,Scene,Scene,background_dino,3
894,-0.01835601752003034,Scene,Scene,background_dino,3
918,-0.037255498766899105,Scene,Scene,background_dino,3
943,0.02363998939593633,Scene,Scene,background_dino,3
978,-0.047556949158509575,Scene,Scene,background_dino,3
999,-0.013696096092462537,Scene,Scene,background_dino,3
14,-0.054047020276387525,Scene,Scene,background_clip,3
15,0.04985122680664062,Scene,Scene,background_clip,3
36,0.016565257310867307,Scene,Scene,background_clip,3
39,-0.0026483893394470214,Scene,Scene,background_clip,3
126,0.004383607705434163,Scene,Scene,background_clip,3
132,-0.0009386122226715069,Scene,Scene,background_clip,3
167,0.020803648233413696,Scene,Scene,background_clip,3
196,-0.002088606357574463,Scene,Scene,background_clip,3
199,0.01175280014673869,Scene,Scene,background_clip,3
214,-0.012375748157501221,Scene,Scene,background_clip,3
241,0.022169558207194014,Scene,Scene,background_clip,3
242,-0.012729320923487344,Scene,Scene,background_clip,3
245,-0.0158893346786499,Scene,Scene,background_clip,3
249,0.0005133469899495444,Scene,Scene,background_clip,3
282,-0.009830705324808757,Scene,Scene,background_clip,3
289,0.0274213711420695,Scene,Scene,background_clip,3
303,-0.005309800306955974,Scene,Scene,background_clip,3
314,0.010385040442148843,Scene,Scene,background_clip,3
393,-0.01670401096343994,Scene,Scene,background_clip,3
412,0.02609567642211914,Scene,Scene,background_clip,3
442,0.002989335854848225,Scene,Scene,background_clip,3
463,0.00672275424003601,Scene,Scene,background_clip,3
469,0.011106320222218831,Scene,Scene,background_clip,3
486,0.03927702903747559,Scene,Scene,background_clip,3
491,0.0036944627761840818,Scene,Scene,background_clip,3
518,-0.0283042848110199,Scene,Scene,background_clip,3
523,0.03517928123474121,Scene,Scene,background_clip,3
545,-0.005055379867553708,Scene,Scene,background_clip,3
551,0.015206776062647502,Scene,Scene,background_clip,3
568,0.005620662371317545,Scene,Scene,background_clip,3
620,-0.024212783575057985,Scene,Scene,background_clip,3
640,-0.015044160683949787,Scene,Scene,background_clip,3
648,0.013860448201497394,Scene,Scene,background_clip,3
671,-0.02077762285868327,Scene,Scene,background_clip,3
755,-0.031251339117685954,Scene,Scene,background_clip,3
811,-0.0005148510138193767,Scene,Scene,background_clip,3
821,-0.004489638408025106,Scene,Scene,background_clip,3
824,0.001455303033192954,Scene,Scene,background_clip,3
841,-0.00438830057779948,Scene,Scene,background_clip,3
842,0.013722888628641764,Scene,Scene,background_clip,3
850,-0.01837565501530965,Scene,Scene,background_clip,3
855,0.013895706335703533,Scene,Scene,background_clip,3
872,-0.005044978857040406,Scene,Scene,background_clip,3
873,-0.011882183949152629,Scene,Scene,background_clip,3
893,-0.0026267588138580325,Scene,Scene,background_clip,3
894,-0.010720543066660565,Scene,Scene,background_clip,3
918,-0.035441104571024576,Scene,Scene,background_clip,3
943,0.007204484939575196,Scene,Scene,background_clip,3
978,-0.015973611672719316,Scene,Scene,background_clip,3
999,-0.000535261631011963,Scene,Scene,background_clip,3
14,-0.13333333333333333,Scene,Scene,scene_class_consistency,3
15,0.0,Scene,Scene,scene_class_consistency,3
36,0.0,Scene,Scene,scene_class_consistency,3
39,0.0,Scene,Scene,scene_class_consistency,3
126,0.0,Scene,Scene,scene_class_consistency,3
132,0.06666666666666667,Scene,Scene,scene_class_consistency,3
167,0.0,Scene,Scene,scene_class_consistency,3
196,0.0,Scene,Scene,scene_class_consistency,3
199,-0.13333333333333333,Scene,Scene,scene_class_consistency,3
214,0.0,Scene,Scene,scene_class_consistency,3
241,0.0,Scene,Scene,scene_class_consistency,3
242,0.13333333333333333,Scene,Scene,scene_class_consistency,3
245,0.06666666666666667,Scene,Scene,scene_class_consistency,3
249,0.0,Scene,Scene,scene_class_consistency,3
282,0.20000000000000004,Scene,Scene,scene_class_consistency,3
289,0.0,Scene,Scene,scene_class_consistency,3
303,0.0,Scene,Scene,scene_class_consistency,3
314,0.06666666666666667,Scene,Scene,scene_class_consistency,3
393,0.0,Scene,Scene,scene_class_consistency,3
412,0.0,Scene,Scene,scene_class_consistency,3
442,0.0,Scene,Scene,scene_class_consistency,3
463,0.06666666666666667,Scene,Scene,scene_class_consistency,3
469,0.0,Scene,Scene,scene_class_consistency,3
486,0.0,Scene,Scene,scene_class_consistency,3
491,0.0,Scene,Scene,scene_class_consistency,3
518,-0.06666666666666667,Scene,Scene,scene_class_consistency,3
523,0.0,Scene,Scene,scene_class_consistency,3
545,-0.06666666666666667,Scene,Scene,scene_class_consistency,3
551,0.0,Scene,Scene,scene_class_consistency,3
568,0.0,Scene,Scene,scene_class_consistency,3
620,-0.3333333333333333,Scene,Scene,scene_class_consistency,3
640,0.0,Scene,Scene,scene_class_consistency,3
648,0.0,Scene,Scene,scene_class_consistency,3
671,0.26666666666666666,Scene,Scene,scene_class_consistency,3
755,0.13333333333333333,Scene,Scene,scene_class_consistency,3
811,0.0,Scene,Scene,scene_class_consistency,3
821,0.19999999999999998,Scene,Scene,scene_class_consistency,3
824,0.0,Scene,Scene,scene_class_consistency,3
841,-0.06666666666666667,Scene,Scene,scene_class_consistency,3
842,0.0,Scene,Scene,scene_class_consistency,3
850,0.0,Scene,Scene,scene_class_consistency,3
855,0.0,Scene,Scene,scene_class_consistency,3
872,0.06666666666666667,Scene,Scene,scene_class_consistency,3
873,0.0,Scene,Scene,scene_class_consistency,3
893,0.0,Scene,Scene,scene_class_consistency,3
894,0.0,Scene,Scene,scene_class_consistency,3
918,0.0,Scene,Scene,scene_class_consistency,3
943,-0.06666666666666667,Scene,Scene,scene_class_consistency,3
978,-0.06666666666666667,Scene,Scene,scene_class_consistency,3
999,0.0,Scene,Scene,scene_class_consistency,3
