category,condition,seed,dataset_idx,pixel_corr,ssim,lpips,clip,dino
Body,Body_equal4_zero,12345,21,0.06525291407818071,0.22869753011730565,0.6529244184494019,0.7459930181503296,0.6081362962722778
Body,Body_equal4_zero,12345,38,-0.02670612174527731,0.2541729529243505,0.6799405813217163,0.7291871309280396,0.3904910087585449
Body,Body_equal4_zero,12345,40,0.24544054135174556,0.7015187981896961,0.5820764303207397,0.7269622087478638,0.23642775416374207
Body,Body_equal4_zero,12345,59,0.0326912850883268,0.30100785623903514,0.6587622165679932,0.43856725096702576,0.02849775180220604
Body,Body_equal4_zero,12345,88,0.2350311451159267,0.3378118195327044,0.7307789921760559,0.4045667350292206,0.021113470196723938
Body,Body_equal4_zero,12345,116,0.06845990267189378,0.21389004199311926,0.7853885293006897,0.6374927759170532,0.3758898973464966
Body,Body_equal4_zero,12345,133,-0.05632699346956996,0.5961026117511544,0.6653897762298584,0.48562127351760864,0.00988784059882164
Body,Body_equal4_zero,12345,161,0.08506489227348295,0.37208109043623044,0.6250737309455872,0.686024010181427,0.6449360251426697
Body,Body_equal4_zero,12345,170,-0.07138145930719834,0.23123348984227912,0.639174222946167,0.6368436813354492,0.02436096966266632
Body,Body_equal4_zero,12345,179,0.046902415817880204,0.3057226812243533,0.7839654684066772,0.6032310128211975,0.15639492869377136
Body,Body_equal4_zero,12345,220,-0.2165441088846427,0.4193024326073316,0.7130870819091797,0.35806214809417725,0.08312936872243881
Body,Body_equal4_zero,12345,233,0.05549941191242676,0.16043054717083013,0.6798372864723206,0.48230820894241333,-0.0019024815410375595
Body,Body_equal4_zero,12345,257,-0.05774871334448193,0.22803191866770745,0.655966579914093,0.48809900879859924,0.0995560958981514
Body,Body_equal4_zero,12345,290,-0.10565518208466902,0.2651328905383952,0.7520320415496826,0.5412619113922119,0.2115274965763092
Body,Body_equal4_zero,12345,331,0.1925831428786972,0.27411559321985723,0.7523486614227295,0.44971299171447754,-0.002461155876517296
Body,Body_equal4_zero,12345,339,0.060477597023433284,0.36299131349421687,0.6796324253082275,0.7327658534049988,0.6137738227844238
Body,Body_equal4_zero,12345,355,-0.012768359549351503,0.5675093823766236,0.7306565046310425,0.6362428665161133,0.5838197469711304
Body,Body_equal4_zero,12345,366,-0.09590383666241807,0.3957041029610221,0.7271090745925903,0.7165253162384033,0.16158202290534973
Body,Body_equal4_zero,12345,474,0.22137818370056161,0.23794276966272404,0.6620475053787231,0.4920980632305145,0.13904795050621033
Body,Body_equal4_zero,12345,492,0.19402102845801503,0.40346254793904296,0.6149436831474304,0.6563389301300049,0.4541022777557373
Body,Body_equal4_zero,12345,527,0.2444312671078498,0.2167824311394045,0.7747930884361267,0.4844368100166321,0.15495769679546356
Body,Body_equal4_zero,12345,530,-0.14583045604708708,0.48012932952208526,0.6685178279876709,0.6240167617797852,0.3563324511051178
Body,Body_equal4_zero,12345,542,-0.1281824432131987,0.31741722167476083,0.6248905658721924,0.6421692371368408,0.29069674015045166
Body,Body_equal4_zero,12345,574,0.02011574470301276,0.541663418547626,0.6557044982910156,0.6251693964004517,0.6848992109298706
Body,Body_equal4_zero,12345,597,-0.10064618589285687,0.2847822291059228,0.7236161231994629,0.6224325895309448,0.08121050894260406
Body,Body_equal4_zero,12345,619,0.0342631002958097,0.19778225271097175,0.6753920912742615,0.646766185760498,0.5895530581474304
Body,Body_equal4_zero,12345,656,0.0596295056227756,0.2031778900833185,0.6734112501144409,0.506637692451477,0.052990805357694626
Body,Body_equal4_zero,12345,661,-0.14202143682727286,0.30736568336882736,0.6726351380348206,0.6490767002105713,0.2573944926261902
Body,Body_equal4_zero,12345,664,0.06589199834317093,0.4808154712873501,0.7333652973175049,0.8349820375442505,0.5911073684692383
Body,Body_equal4_zero,12345,698,-0.12717490261390704,0.27053946209449026,0.7541608810424805,0.585784375667572,0.059508174657821655
Body,Body_equal4_zero,12345,700,0.20162495901611158,0.27281322048238144,0.7124204635620117,0.4027445316314697,0.20587016642093658
Body,Body_equal4_zero,12345,716,-0.04509028778429213,0.225205552300788,0.6809315085411072,0.47065818309783936,0.08108818531036377
Body,Body_equal4_zero,12345,765,-0.037384408382989606,0.31534157867882184,0.7122039794921875,0.6323323845863342,0.24961736798286438
Body,Body_equal4_zero,12345,771,0.032837395306925844,0.38762769109964657,0.7116947770118713,0.6290956735610962,0.18507903814315796
Body,Body_equal4_zero,12345,786,0.008585642601270194,0.07851987873156271,0.8238199353218079,0.713787317276001,0.4356381297111511
Body,Body_equal4_zero,12345,806,-0.04468880722345797,0.21399205153213155,0.6329936385154724,0.5833649635314941,0.125611811876297
Body,Body_equal4_zero,12345,813,0.10401359064744557,0.2023034576954932,0.7174555063247681,0.5280434489250183,0.04963897168636322
Body,Body_equal4_zero,12345,816,-0.09675501831324335,0.19602130170488583,0.6800123453140259,0.4300873875617981,0.17066611349582672
Body,Body_equal4_zero,12345,822,0.32878945811653426,0.3496993298880993,0.6341008543968201,0.3689191937446594,0.09068950265645981
Body,Body_equal4_zero,12345,826,0.4908000693912717,0.40002576915715987,0.6660861968994141,0.3314882516860962,0.07109072059392929
Body,Body_equal4_zero,12345,847,-0.0236727056744767,0.3280781952562418,0.6794220209121704,0.6549876928329468,0.10045118629932404
Body,Body_equal4_zero,12345,876,-0.0870298383977003,0.12593345184226956,0.743706464767456,0.3743707239627838,-0.02777281403541565
Body,Body_equal4_zero,12345,891,-0.1416989897753229,0.07888698035180755,0.745514988899231,0.5082747936248779,0.08388723433017731
Body,Body_equal4_zero,12345,919,-0.015559215387251425,0.16501480821710626,0.7330304384231567,0.44777733087539673,0.2477443814277649
Body,Body_equal4_zero,12345,931,0.08770645755057485,0.29052034825392375,0.6679494380950928,0.7344326376914978,0.7158335447311401
Body,Body_equal4_zero,12345,933,0.16028921609079827,0.3531513218675943,0.6826336979866028,0.6242804527282715,0.39573436975479126
Body,Body_equal4_zero,12345,941,0.01499399224587017,0.3413883445729323,0.6528304815292358,0.6200931072235107,0.2666337490081787
Body,Body_equal4_zero,12345,960,0.03448813256617604,0.33656183634488124,0.736495852470398,0.629855751991272,0.14087335765361786
Body,Body_equal4_zero,12345,968,0.03746123460784508,0.12122253781849905,0.6756191849708557,0.6296077966690063,0.23895511031150818
Body,Body_equal4_zero,12345,989,0.0850535637327921,0.5241346504681519,0.6857438087463379,0.8493757843971252,0.8100707530975342
Body,Body_full_zero,12345,21,0.04565754979317001,0.25477350758019907,0.6743825078010559,0.7318940162658691,0.5992619395256042
Body,Body_full_zero,12345,38,-0.03835468041355405,0.24283846634852482,0.6611657738685608,0.7463271617889404,0.2801389694213867
Body,Body_full_zero,12345,40,0.34669149039751307,0.7094118431789914,0.5598935484886169,0.8059030175209045,0.5490068197250366
Body,Body_full_zero,12345,59,0.03716815733644696,0.3144543239327662,0.6828148365020752,0.4806692600250244,0.03152652829885483
Body,Body_full_zero,12345,88,0.08926704189398661,0.34385289478536585,0.7210485339164734,0.38747233152389526,0.009084071964025497
Body,Body_full_zero,12345,116,0.11569337186233297,0.19760280064027536,0.8592967987060547,0.6953462362289429,0.6157516241073608
Body,Body_full_zero,12345,133,-0.09444239397496729,0.5721338907284553,0.6970192193984985,0.4409704804420471,0.30248764157295227
Body,Body_full_zero,12345,161,0.029123247657276485,0.36728666205035676,0.6246901750564575,0.6759839057922363,0.5770622491836548
Body,Body_full_zero,12345,170,-0.11078145911621924,0.26441611184871855,0.6179629564285278,0.6198808550834656,0.03982776403427124
Body,Body_full_zero,12345,179,-0.03139531020910464,0.30784022797324423,0.7916326522827148,0.6405510902404785,0.2377554178237915
Body,Body_full_zero,12345,220,-0.0849587272847608,0.42943760513330037,0.6648851037025452,0.5562008619308472,0.12312831729650497
Body,Body_full_zero,12345,233,0.18518080332420309,0.17799519269275715,0.7083694934844971,0.5856795310974121,0.2954954504966736
Body,Body_full_zero,12345,257,-0.03779682635120713,0.23809054304353722,0.6594560146331787,0.507186770439148,0.08650229126214981
Body,Body_full_zero,12345,290,-0.08238604015288689,0.28543190621010917,0.7732197046279907,0.5701639652252197,0.2165534347295761
Body,Body_full_zero,12345,331,0.1867566286112384,0.26832287334558236,0.723443329334259,0.39045971632003784,-0.01784473843872547
Body,Body_full_zero,12345,339,0.05021649015890188,0.33587305314377713,0.6716110706329346,0.6651585102081299,0.4637768268585205
Body,Body_full_zero,12345,355,-0.018263701194549974,0.584200028987089,0.7223097085952759,0.5878797769546509,0.3938654065132141
Body,Body_full_zero,12345,366,-0.12521496119973147,0.3738305034788208,0.733856201171875,0.5809677839279175,0.0334206148982048
Body,Body_full_zero,12345,474,0.2709257650220322,0.23463655140488876,0.6731827855110168,0.5143568515777588,0.12214827537536621
Body,Body_full_zero,12345,492,0.18600857428262,0.4024975590834328,0.6151998043060303,0.6535329818725586,0.3406020402908325
Body,Body_full_zero,12345,527,0.23715034638145593,0.2248140484255952,0.778021514415741,0.40836101770401,0.1347244828939438
Body,Body_full_zero,12345,530,-0.1727211038272667,0.47352809826847936,0.6693289279937744,0.6245774626731873,0.25488150119781494
Body,Body_full_zero,12345,542,-0.1387900670454486,0.322905324958735,0.6454465389251709,0.612983226776123,0.3689876198768616
Body,Body_full_zero,12345,574,0.02253191931743447,0.5544940123783083,0.6610462665557861,0.636693000793457,0.5696860551834106
Body,Body_full_zero,12345,597,-0.09267567006149707,0.2864895051911437,0.7272253036499023,0.552007257938385,0.11129622906446457
Body,Body_full_zero,12345,619,-0.0013671449897714302,0.21506958640724258,0.7176107168197632,0.7377282381057739,0.6442407369613647
Body,Body_full_zero,12345,656,0.0429590889243547,0.223826954292153,0.6923897862434387,0.5025214552879333,0.03465653955936432
Body,Body_full_zero,12345,661,-0.1548209044492453,0.3134409962643601,0.6778303384780884,0.6220394968986511,0.34151506423950195
Body,Body_full_zero,12345,664,0.08737608953099606,0.4801514237139241,0.7167048454284668,0.80571448802948,0.633944034576416
Body,Body_full_zero,12345,698,-0.10743045771935389,0.27534596614170215,0.7519444227218628,0.6485674381256104,0.05599980056285858
Body,Body_full_zero,12345,700,0.2160276919433652,0.284105564303163,0.7819522619247437,0.4640863537788391,0.35124266147613525
Body,Body_full_zero,12345,716,-0.1285061026424164,0.21379943026194184,0.666440486907959,0.4320423901081085,-0.016760583966970444
Body,Body_full_zero,12345,765,0.017048115354571694,0.29263140318766556,0.7032254934310913,0.5794063806533813,0.28467267751693726
Body,Body_full_zero,12345,771,0.02908525627318431,0.38701637277315043,0.7195649147033691,0.6115740537643433,0.06980051845312119
Body,Body_full_zero,12345,786,-0.006176030598721353,0.07902562974776067,0.8689674735069275,0.6483358144760132,0.31555408239364624
Body,Body_full_zero,12345,806,-0.036403915671938375,0.19774894307512553,0.6382806301116943,0.5676109790802002,0.42410096526145935
Body,Body_full_zero,12345,813,0.10485144719917208,0.20219787858994082,0.7216228246688843,0.571654200553894,0.10716390609741211
Body,Body_full_zero,12345,816,-0.07947639355427276,0.20240577317423525,0.6569138765335083,0.2952941656112671,0.0643250048160553
Body,Body_full_zero,12345,822,0.35621809520613523,0.35392370267311174,0.6206007599830627,0.3689706325531006,0.13655756413936615
Body,Body_full_zero,12345,826,0.48215945719327935,0.40081440892272013,0.7065709233283997,0.41167348623275757,0.17658959329128265
Body,Body_full_zero,12345,847,-0.030211379550102887,0.3235486601312798,0.6873033046722412,0.652265191078186,0.22141113877296448
Body,Body_full_zero,12345,876,-0.07485968403998002,0.1273284775619936,0.7665215134620667,0.36394965648651123,0.005321367643773556
Body,Body_full_zero,12345,891,-0.09553352946539184,0.07422543086077911,0.806130051612854,0.5394216179847717,0.0807683989405632
Body,Body_full_zero,12345,919,-0.01620990978004873,0.16577717224625635,0.7663727402687073,0.48903921246528625,0.21941962838172913
Body,Body_full_zero,12345,931,0.20449249089280241,0.280071926600311,0.6680150032043457,0.683186411857605,0.6856573224067688
Body,Body_full_zero,12345,933,0.21164894908932044,0.3558726387960022,0.6403899192810059,0.6757775545120239,0.3962446451187134
Body,Body_full_zero,12345,941,-0.05710140965258116,0.3042024482617929,0.6480274200439453,0.511061429977417,0.08094839751720428
Body,Body_full_zero,12345,960,-0.032073430092059235,0.3747739596813839,0.7960850596427917,0.7011350393295288,0.30586299300193787
Body,Body_full_zero,12345,968,0.017318201671137495,0.13005171056789983,0.6574609279632568,0.5988773703575134,0.32897716760635376
Body,Body_full_zero,12345,989,0.0923322076226643,0.5280411936712924,0.6763608455657959,0.8530237078666687,0.8324427604675293
Body,Body_random_equal4_01_zero,12345,21,0.07161280330372002,0.2206456735466461,0.6547625064849854,0.7339684963226318,0.5980331897735596
Body,Body_random_equal4_01_zero,12345,38,-0.024153939416290023,0.25956729150166236,0.6895760297775269,0.7192119359970093,0.3465717136859894
Body,Body_random_equal4_01_zero,12345,40,0.24109912900042624,0.7042445758790787,0.5770273804664612,0.7146086692810059,0.23402419686317444
Body,Body_random_equal4_01_zero,12345,59,0.030879304190214955,0.30330781178738553,0.6575666666030884,0.43877851963043213,0.014461914077401161
Body,Body_random_equal4_01_zero,12345,88,0.12463556821491822,0.2533241485674241,0.7282074093818665,0.45875194668769836,0.026314783841371536
Body,Body_random_equal4_01_zero,12345,116,0.03339827068111122,0.22191275362493665,0.7700091600418091,0.49172842502593994,0.25385645031929016
Body,Body_random_equal4_01_zero,12345,133,-0.06444353700844394,0.6005734091369456,0.6783655881881714,0.4882141053676605,0.02770605869591236
Body,Body_random_equal4_01_zero,12345,161,0.04096192292952325,0.38292181206004366,0.6368617415428162,0.7408738732337952,0.6512464284896851
Body,Body_random_equal4_01_zero,12345,170,-0.06176971869588819,0.2313613661962155,0.6336646676063538,0.6389970183372498,0.019394678995013237
Body,Body_random_equal4_01_zero,12345,179,0.02075793078564676,0.2362735010999253,0.8174072504043579,0.5633289813995361,0.07753215730190277
Body,Body_random_equal4_01_zero,12345,220,-0.14103528384593064,0.42282789375444363,0.7103310227394104,0.4228907525539398,0.04551862180233002
Body,Body_random_equal4_01_zero,12345,233,0.05433989384470958,0.16594347384152097,0.6824417114257812,0.4806863069534302,0.014431863091886044
Body,Body_random_equal4_01_zero,12345,257,-0.06642655719534919,0.2281461130246711,0.6475831270217896,0.4945487082004547,0.12517423927783966
Body,Body_random_equal4_01_zero,12345,290,-0.07282941496151202,0.26772641426816507,0.7517420053482056,0.5761905312538147,0.23117616772651672
Body,Body_random_equal4_01_zero,12345,331,0.20067822314619566,0.2730935340468359,0.7643340826034546,0.46197250485420227,-0.012412013486027718
Body,Body_random_equal4_01_zero,12345,339,0.058653855325957446,0.35974784809112775,0.6694729924201965,0.7153759002685547,0.6839309334754944
Body,Body_random_equal4_01_zero,12345,355,-0.09458489755284685,0.47374615299241934,0.7529831528663635,0.6418856382369995,0.7240818738937378
Body,Body_random_equal4_01_zero,12345,366,-0.1341843331662349,0.37425295042974444,0.7357421517372131,0.6771878600120544,0.12274406850337982
Body,Body_random_equal4_01_zero,12345,474,0.2124287294186178,0.2422380136895545,0.6714580655097961,0.4016254246234894,0.06900505721569061
Body,Body_random_equal4_01_zero,12345,492,0.18229813471802125,0.4097915638900767,0.6186695098876953,0.6970701217651367,0.424032986164093
Body,Body_random_equal4_01_zero,12345,527,0.24150331092964486,0.19811931394029872,0.7778850197792053,0.3686695098876953,0.13810506463050842
Body,Body_random_equal4_01_zero,12345,530,-0.15542754317042493,0.4810019613921352,0.669365644454956,0.6108338236808777,0.3974953591823578
Body,Body_random_equal4_01_zero,12345,542,-0.14019380920248045,0.320192421037633,0.6267415285110474,0.6242465972900391,0.25891828536987305
Body,Body_random_equal4_01_zero,12345,574,0.002019851040965428,0.5299412544602727,0.6483582258224487,0.7169684171676636,0.7493141293525696
Body,Body_random_equal4_01_zero,12345,597,-0.07628890804812163,0.2814875294107936,0.7334240078926086,0.6409755945205688,0.07697337120771408
Body,Body_random_equal4_01_zero,12345,619,0.04232882450723188,0.19515845008649046,0.657386839389801,0.6615080833435059,0.634902834892273
Body,Body_random_equal4_01_zero,12345,656,0.08157885147446975,0.2140691546989762,0.660721480846405,0.4783172607421875,0.054574474692344666
Body,Body_random_equal4_01_zero,12345,661,-0.152729090768553,0.3163181927592142,0.7056856155395508,0.572165846824646,0.21369127929210663
Body,Body_random_equal4_01_zero,12345,664,0.054939368802198976,0.4713644753353374,0.7460483312606812,0.7885391712188721,0.5516616702079773
Body,Body_random_equal4_01_zero,12345,698,-0.13182577652431973,0.26746520375648575,0.7679529786109924,0.5639749765396118,0.03542439639568329
Body,Body_random_equal4_01_zero,12345,700,0.18925913840990038,0.2753106575721407,0.7021105289459229,0.4323204457759857,0.13130471110343933
Body,Body_random_equal4_01_zero,12345,716,-0.07636059971495496,0.20823469707453732,0.6572945713996887,0.4344010353088379,0.015802977606654167
Body,Body_random_equal4_01_zero,12345,765,-0.02930829005579169,0.3322408972120738,0.716647744178772,0.5838450193405151,0.17367595434188843
Body,Body_random_equal4_01_zero,12345,771,0.03516404762378836,0.3889724377380043,0.7050166726112366,0.658747673034668,0.11598095297813416
Body,Body_random_equal4_01_zero,12345,786,0.04297758883165874,0.07950781151208572,0.8106908202171326,0.6845667362213135,0.39307665824890137
Body,Body_random_equal4_01_zero,12345,806,-0.04765576273494799,0.21216189702846155,0.6395983695983887,0.5529172420501709,0.10383978486061096
Body,Body_random_equal4_01_zero,12345,813,0.09369488346470879,0.19766823844777856,0.7148473858833313,0.5167936086654663,0.05327940732240677
Body,Body_random_equal4_01_zero,12345,816,-0.09175315277434822,0.19995645243373136,0.682471752166748,0.4095078706741333,0.15183605253696442
Body,Body_random_equal4_01_zero,12345,822,0.328220544089213,0.3460347868084853,0.6190341711044312,0.42581263184547424,0.06158065050840378
Body,Body_random_equal4_01_zero,12345,826,0.470331406782711,0.3926053831349172,0.6619600057601929,0.351353257894516,0.048208050429821014
Body,Body_random_equal4_01_zero,12345,847,-0.009623659644912389,0.2937103295110998,0.6886284351348877,0.6556334495544434,0.26825517416000366
Body,Body_random_equal4_01_zero,12345,876,-0.09592057118921891,0.11863605195179971,0.7366142272949219,0.3808261752128601,-0.011793166399002075
Body,Body_random_equal4_01_zero,12345,891,-0.16113215591236416,0.07692006491287637,0.7469488978385925,0.5350710153579712,0.027444932609796524
Body,Body_random_equal4_01_zero,12345,919,-0.04872412527048524,0.13943200380811985,0.7448235750198364,0.5222476124763489,0.03357699513435364
Body,Body_random_equal4_01_zero,12345,931,0.20102586889377538,0.269896218585284,0.653580367565155,0.7258642315864563,0.769497275352478
Body,Body_random_equal4_01_zero,12345,933,-0.03390187674836985,0.34667869935924184,0.7280770540237427,0.5568273067474365,0.2610320448875427
Body,Body_random_equal4_01_zero,12345,941,-0.05422105272534024,0.3430708685184614,0.6677270531654358,0.4904426336288452,0.10879330337047577
Body,Body_random_equal4_01_zero,12345,960,0.05755158668965612,0.34769224148359973,0.7337980270385742,0.6360327005386353,0.21159744262695312
Body,Body_random_equal4_01_zero,12345,968,0.050085690460634144,0.1215816146133332,0.6785443425178528,0.6474477648735046,0.21437260508537292
Body,Body_random_equal4_01_zero,12345,989,0.08814550360583367,0.523236030209641,0.6802838444709778,0.8587301969528198,0.8173397779464722
Body,Body_random_equal4_02_zero,12345,21,0.07153040451117842,0.22683792524814872,0.654361367225647,0.7521651387214661,0.6091558337211609
Body,Body_random_equal4_02_zero,12345,38,-0.03421729950872036,0.2558161144217606,0.6748442649841309,0.7385450601577759,0.3292849063873291
Body,Body_random_equal4_02_zero,12345,40,0.24527131575332947,0.701294713248819,0.5821531414985657,0.7236118316650391,0.2634769678115845
Body,Body_random_equal4_02_zero,12345,59,0.02231781178602733,0.30008440449972623,0.6555733680725098,0.42321765422821045,0.0214073546230793
Body,Body_random_equal4_02_zero,12345,88,0.08752081009639862,0.23355343855558627,0.7237188816070557,0.4601207673549652,0.04079347476363182
Body,Body_random_equal4_02_zero,12345,116,0.027260622363049332,0.23665790990328667,0.7703783512115479,0.5214612483978271,0.3390536308288574
Body,Body_random_equal4_02_zero,12345,133,-0.06503924406592138,0.6095901419120654,0.6693974733352661,0.4223078787326813,0.03151630610227585
Body,Body_random_equal4_02_zero,12345,161,0.06791235309685521,0.40000709997528366,0.6499944925308228,0.7635949850082397,0.6784377694129944
Body,Body_random_equal4_02_zero,12345,170,-0.07331641597595252,0.23514595996230486,0.6350601315498352,0.6885331869125366,-0.0024509187787771225
Body,Body_random_equal4_02_zero,12345,179,0.10482536225228377,0.29704400014381876,0.765154242515564,0.5931003093719482,0.08090143650770187
Body,Body_random_equal4_02_zero,12345,220,-0.13920351447734228,0.42792372552955904,0.7110912799835205,0.3536849319934845,0.04913591593503952
Body,Body_random_equal4_02_zero,12345,233,0.045411791296892726,0.16260317389398585,0.6807321310043335,0.4933002293109894,0.0027138330042362213
Body,Body_random_equal4_02_zero,12345,257,-0.047338804246002994,0.2352484183784318,0.6523140668869019,0.4993550181388855,0.1032150387763977
Body,Body_random_equal4_02_zero,12345,290,-0.10287479922262528,0.25157463314410006,0.7463309168815613,0.5675444602966309,0.19362758100032806
Body,Body_random_equal4_02_zero,12345,331,0.19712716426104762,0.27862905274853655,0.7685647010803223,0.4435601234436035,-0.021212410181760788
Body,Body_random_equal4_02_zero,12345,339,0.06275870716305033,0.3639594081716752,0.6826675534248352,0.739228367805481,0.5989080667495728
Body,Body_random_equal4_02_zero,12345,355,-0.062463928780611036,0.5317390077382746,0.7460494041442871,0.6756937503814697,0.6767518520355225
Body,Body_random_equal4_02_zero,12345,366,0.0033675515336125646,0.3554019857315147,0.7263730764389038,0.5586221218109131,0.3712887763977051
Body,Body_random_equal4_02_zero,12345,474,0.21457228650198756,0.24285231717506944,0.6715572476387024,0.4061165750026703,0.10221805423498154
Body,Body_random_equal4_02_zero,12345,492,0.20179209491059297,0.4024742623021051,0.6155537962913513,0.6718570590019226,0.44736868143081665
Body,Body_random_equal4_02_zero,12345,527,0.24761589686120322,0.18625724673578584,0.7713785171508789,0.44535452127456665,0.22442778944969177
Body,Body_random_equal4_02_zero,12345,530,-0.14917915404572668,0.4834463220701435,0.672931969165802,0.6173529624938965,0.3797092139720917
Body,Body_random_equal4_02_zero,12345,542,-0.10684419876770455,0.32240637162788277,0.6343536972999573,0.6388883590698242,0.14533409476280212
Body,Body_random_equal4_02_zero,12345,574,0.01764747718336456,0.542124331510956,0.6543940305709839,0.6496376395225525,0.6892467141151428
Body,Body_random_equal4_02_zero,12345,597,-0.09407466233157831,0.28394880150209934,0.7262387871742249,0.5993265509605408,0.09268234670162201
Body,Body_random_equal4_02_zero,12345,619,0.02004969649750194,0.21242410036988219,0.7105194330215454,0.7035618424415588,0.6066614985466003
Body,Body_random_equal4_02_zero,12345,656,0.07388459173596834,0.21332754719531632,0.6717011332511902,0.5128698945045471,0.046813055872917175
Body,Body_random_equal4_02_zero,12345,661,-0.14693151710896338,0.30691605804133065,0.6816221475601196,0.6251461505889893,0.3071231544017792
Body,Body_random_equal4_02_zero,12345,664,0.049147554688635624,0.48087235857166716,0.7359942197799683,0.838701605796814,0.5922482013702393
Body,Body_random_equal4_02_zero,12345,698,-0.12423508617205022,0.26714909037923573,0.7622699737548828,0.6153534054756165,0.09355078637599945
Body,Body_random_equal4_02_zero,12345,700,0.2017669702166272,0.27633248148116535,0.7041460871696472,0.42349737882614136,0.25276583433151245
Body,Body_random_equal4_02_zero,12345,716,-0.07497177296312477,0.21718062568532634,0.6688034534454346,0.4118385314941406,0.03345995768904686
Body,Body_random_equal4_02_zero,12345,765,-0.03165423361708846,0.33036860696165815,0.707364559173584,0.5938394069671631,0.22406119108200073
Body,Body_random_equal4_02_zero,12345,771,0.03352220591012097,0.38968682432215795,0.7022221088409424,0.69594407081604,0.3698846697807312
Body,Body_random_equal4_02_zero,12345,786,0.03324023683407398,0.07944335890760285,0.8191811442375183,0.695955753326416,0.3922242224216461
Body,Body_random_equal4_02_zero,12345,806,-0.04659255530328806,0.2166784660937319,0.633476197719574,0.5458352565765381,0.13639862835407257
Body,Body_random_equal4_02_zero,12345,813,0.09716527094549733,0.20224795740789756,0.7154503464698792,0.49964404106140137,0.07254523783922195
Body,Body_random_equal4_02_zero,12345,816,-0.09095963157443102,0.2024870041797141,0.6794365644454956,0.3673308491706848,0.1395193487405777
Body,Body_random_equal4_02_zero,12345,822,0.31884685900883464,0.34003976403329184,0.622119665145874,0.37452954053878784,0.09267143905162811
Body,Body_random_equal4_02_zero,12345,826,0.47467318719636975,0.395851688997672,0.6635773777961731,0.37858277559280396,0.03951571136713028
Body,Body_random_equal4_02_zero,12345,847,-0.020492131301066807,0.3166483696146721,0.6775912046432495,0.657328724861145,0.21478085219860077
Body,Body_random_equal4_02_zero,12345,876,-0.09165189306355938,0.12022476057621327,0.7356671690940857,0.3659361004829407,-0.021544791758060455
Body,Body_random_equal4_02_zero,12345,891,-0.15773529403983438,0.0782591459296011,0.7395590543746948,0.5260241627693176,0.08607932925224304
Body,Body_random_equal4_02_zero,12345,919,-0.0870607130851459,0.15492002478623787,0.7392671704292297,0.4632493853569031,0.05942310020327568
Body,Body_random_equal4_02_zero,12345,931,0.08912213370762337,0.29305076856230355,0.6712148189544678,0.7267958521842957,0.7312304973602295
Body,Body_random_equal4_02_zero,12345,933,-0.04151907269061381,0.34194241468882247,0.7272180914878845,0.6356192827224731,0.2585744559764862
Body,Body_random_equal4_02_zero,12345,941,-0.045330555041197276,0.3406490459746059,0.6734293699264526,0.4977743625640869,0.20419944822788239
Body,Body_random_equal4_02_zero,12345,960,0.05338897593076496,0.3119506441222246,0.7145623564720154,0.6402798295021057,0.06294013559818268
Body,Body_random_equal4_02_zero,12345,968,0.052869124657369634,0.12005016770304588,0.6797014474868774,0.6727868318557739,0.1724126935005188
Body,Body_random_equal4_02_zero,12345,989,0.0793559022475567,0.5230424046299007,0.6833760738372803,0.8099931478500366,0.7805318832397461
Body,Body_random_equal4_03_zero,12345,21,0.06543316083233958,0.2210494435462873,0.6563324332237244,0.7461565136909485,0.6096054315567017
Body,Body_random_equal4_03_zero,12345,38,-0.01595214907934334,0.2556373173366189,0.6718299984931946,0.7517430782318115,0.3468354344367981
Body,Body_random_equal4_03_zero,12345,40,0.24356299291238434,0.7068190139437904,0.5713499784469604,0.6880084276199341,0.27756786346435547
Body,Body_random_equal4_03_zero,12345,59,-0.024089971233866383,0.315876967310065,0.6652864217758179,0.4677925109863281,0.02921571582555771
Body,Body_random_equal4_03_zero,12345,88,0.09177162228478804,0.22268020944000863,0.7190975546836853,0.47774481773376465,0.00246485136449337
Body,Body_random_equal4_03_zero,12345,116,0.06431912013609851,0.17383568413392644,0.8053515553474426,0.613973081111908,0.6178956031799316
Body,Body_random_equal4_03_zero,12345,133,-0.05340138485553037,0.6194263802121243,0.661693811416626,0.4377157986164093,0.0006115995347499847
Body,Body_random_equal4_03_zero,12345,161,0.078663696231333,0.38879275913408246,0.6386580467224121,0.6758440732955933,0.5750985145568848
Body,Body_random_equal4_03_zero,12345,170,-0.05372836487575324,0.23395370236973193,0.6365954279899597,0.6338628530502319,0.06675165891647339
Body,Body_random_equal4_03_zero,12345,179,-0.22961928087835215,0.18570392970188543,0.7711219787597656,0.6121761798858643,0.16539981961250305
Body,Body_random_equal4_03_zero,12345,220,-0.1577743572710295,0.4266335718949613,0.6460644602775574,0.46102264523506165,0.07488356530666351
Body,Body_random_equal4_03_zero,12345,233,0.0404453832804889,0.1794796507625497,0.679661750793457,0.49213138222694397,0.0039017079398036003
Body,Body_random_equal4_03_zero,12345,257,-0.06685080557645567,0.24112161513224098,0.6511063575744629,0.5153327584266663,0.009202314540743828
Body,Body_random_equal4_03_zero,12345,290,-0.08559033447916173,0.2643071090136297,0.7606537342071533,0.5348750352859497,0.21037080883979797
Body,Body_random_equal4_03_zero,12345,331,0.1860769428327981,0.2667820749117459,0.7677619457244873,0.5053106546401978,0.013364340178668499
Body,Body_random_equal4_03_zero,12345,339,0.052305319080433454,0.3611173807911553,0.6803550124168396,0.7766832709312439,0.6312241554260254
Body,Body_random_equal4_03_zero,12345,355,-0.14439972507034946,0.5636872017084598,0.74174565076828,0.7004095315933228,0.7005903720855713
Body,Body_random_equal4_03_zero,12345,366,-0.08027744541646381,0.4048213403242544,0.7351593971252441,0.6557615995407104,0.27790895104408264
Body,Body_random_equal4_03_zero,12345,474,0.22422244093884297,0.23835306177711466,0.672762930393219,0.4520147442817688,0.06173544004559517
Body,Body_random_equal4_03_zero,12345,492,0.10497676064034134,0.3867792655255965,0.6282689571380615,0.6872365474700928,0.3789769411087036
Body,Body_random_equal4_03_zero,12345,527,0.2538229417392998,0.23933559379727692,0.7516804337501526,0.42368537187576294,0.11276690661907196
Body,Body_random_equal4_03_zero,12345,530,-0.1552068779044389,0.4760813863945301,0.659893274307251,0.6536163091659546,0.35682302713394165
Body,Body_random_equal4_03_zero,12345,542,-0.11791404830620494,0.3134780746204984,0.6552650928497314,0.6110707521438599,0.30006885528564453
Body,Body_random_equal4_03_zero,12345,574,0.0017473388244717114,0.545401672517928,0.6687999367713928,0.6249927282333374,0.7021552920341492
Body,Body_random_equal4_03_zero,12345,597,-0.09311803431327623,0.2759548803369428,0.7315601110458374,0.57933509349823,0.10485449433326721
Body,Body_random_equal4_03_zero,12345,619,-0.024016307377831586,0.2283720731766965,0.7255221605300903,0.7690495252609253,0.6900333166122437
Body,Body_random_equal4_03_zero,12345,656,0.07816800833626786,0.19956654317790584,0.6577706336975098,0.4906810522079468,0.06324328482151031
Body,Body_random_equal4_03_zero,12345,661,-0.13741658860423878,0.31943903435778775,0.6916685104370117,0.6112157702445984,0.17269320785999298
Body,Body_random_equal4_03_zero,12345,664,0.04716628255745523,0.4734574542668674,0.7384088039398193,0.8408277034759521,0.6264286637306213
Body,Body_random_equal4_03_zero,12345,698,-0.12019749533131467,0.2688286319486506,0.7571676969528198,0.5708765387535095,0.07424822449684143
Body,Body_random_equal4_03_zero,12345,700,0.16902326344266433,0.25749375956669984,0.7254458665847778,0.44208088517189026,0.2775903642177582
Body,Body_random_equal4_03_zero,12345,716,-0.07352355137234548,0.2223134120364374,0.6636293530464172,0.41661494970321655,0.029254885390400887
Body,Body_random_equal4_03_zero,12345,765,-0.012249512369858407,0.3368365248453811,0.7126805186271667,0.5786659717559814,0.18378731608390808
Body,Body_random_equal4_03_zero,12345,771,0.03313852656571615,0.38774398470769716,0.7106870412826538,0.6586940288543701,0.4016725420951843
Body,Body_random_equal4_03_zero,12345,786,-0.008415537221022465,0.07838870920422403,0.8468738794326782,0.599626898765564,0.2671399712562561
Body,Body_random_equal4_03_zero,12345,806,-0.06077032284750155,0.23130012895374735,0.670437216758728,0.492398738861084,0.13979464769363403
Body,Body_random_equal4_03_zero,12345,813,0.09985975914508277,0.20594752461089727,0.7153986692428589,0.5247072577476501,0.0736519992351532
Body,Body_random_equal4_03_zero,12345,816,-0.08226644792912767,0.20251779017711408,0.6807194352149963,0.36911308765411377,0.13041214644908905
Body,Body_random_equal4_03_zero,12345,822,0.31953637741606905,0.34929219259737226,0.6251092553138733,0.4390687644481659,0.07715956121683121
Body,Body_random_equal4_03_zero,12345,826,0.476689371783485,0.3967930715107347,0.6672895550727844,0.33884069323539734,0.03617513179779053
Body,Body_random_equal4_03_zero,12345,847,-0.042289875541569835,0.287496809577365,0.6892666220664978,0.6488412618637085,0.09821493923664093
Body,Body_random_equal4_03_zero,12345,876,-0.09770573154281528,0.12609955436035597,0.7377962470054626,0.4864349961280823,0.007581152953207493
Body,Body_random_equal4_03_zero,12345,891,-0.15919148856880658,0.077118718517126,0.7512103319168091,0.5241268873214722,0.027605384588241577
Body,Body_random_equal4_03_zero,12345,919,-0.08020840763717113,0.1242657492335627,0.7271681427955627,0.4937610626220703,0.11209788918495178
Body,Body_random_equal4_03_zero,12345,931,0.16850158975814064,0.2749460606824513,0.6819077730178833,0.6812074184417725,0.7843568921089172
Body,Body_random_equal4_03_zero,12345,933,-0.03637824171520785,0.3424029400258945,0.7244095206260681,0.6188878417015076,0.23885396122932434
Body,Body_random_equal4_03_zero,12345,941,0.004222055789271926,0.33146117819026233,0.6749078631401062,0.6645122766494751,0.34029045701026917
Body,Body_random_equal4_03_zero,12345,960,-0.014317926652299019,0.38996004832365916,0.7942185997962952,0.508842945098877,-0.012371199205517769
Body,Body_random_equal4_03_zero,12345,968,0.03844553750510658,0.11484516807833184,0.6817101240158081,0.7202857732772827,0.1592118740081787
Body,Body_random_equal4_03_zero,12345,989,0.07588755109326642,0.5241554419859732,0.6860747337341309,0.8357412815093994,0.7693636417388916
Body,Body_random_equal4_04_zero,12345,21,0.06947971409465004,0.22079672698553238,0.6545589566230774,0.7362689971923828,0.6199121475219727
Body,Body_random_equal4_04_zero,12345,38,-0.02841455177904632,0.25445154912787654,0.6727726459503174,0.7521499395370483,0.37270426750183105
Body,Body_random_equal4_04_zero,12345,40,0.24956933058786493,0.7053533157679373,0.577743411064148,0.7278124094009399,0.27337321639060974
Body,Body_random_equal4_04_zero,12345,59,0.02405537759728111,0.29963343150978866,0.6623257398605347,0.43352633714675903,0.011893332935869694
Body,Body_random_equal4_04_zero,12345,88,0.09233067261641117,0.2432178392158579,0.7235732674598694,0.4896106719970703,0.024013297632336617
Body,Body_random_equal4_04_zero,12345,116,0.028609591777754902,0.23219178726073328,0.7795288562774658,0.4374232888221741,0.299050509929657
Body,Body_random_equal4_04_zero,12345,133,-0.07828753332056264,0.6174151530717988,0.69329833984375,0.47511303424835205,0.03154392167925835
Body,Body_random_equal4_04_zero,12345,161,0.08873469934289799,0.3532738119718019,0.6333816647529602,0.7319284677505493,0.6846172213554382
Body,Body_random_equal4_04_zero,12345,170,-0.1475342654359184,0.2260481049319587,0.6479268074035645,0.687559962272644,0.10274986922740936
Body,Body_random_equal4_04_zero,12345,179,-0.10091639903871366,0.22409788006585013,0.8161835074424744,0.5769503116607666,0.046391699463129044
Body,Body_random_equal4_04_zero,12345,220,-0.142995136184634,0.3396746427481901,0.7193769216537476,0.4550784230232239,0.08666969835758209
Body,Body_random_equal4_04_zero,12345,233,0.05947376651214094,0.16448306958022327,0.7026190757751465,0.4922869801521301,0.00865642074495554
Body,Body_random_equal4_04_zero,12345,257,-0.061813293718313594,0.22730029192953807,0.6611594557762146,0.5113626718521118,0.1387426257133484
Body,Body_random_equal4_04_zero,12345,290,-0.04440155821797164,0.27250767599627906,0.7450191974639893,0.5402755737304688,0.22527119517326355
Body,Body_random_equal4_04_zero,12345,331,0.19594403401080512,0.27318586911955134,0.769402801990509,0.4633001983165741,-0.023310109972953796
Body,Body_random_equal4_04_zero,12345,339,0.06412519292925653,0.37210986790911443,0.6808533668518066,0.7654813528060913,0.6806668043136597
Body,Body_random_equal4_04_zero,12345,355,-0.045154698613401247,0.5137879678997744,0.7425673007965088,0.7439252138137817,0.7288415431976318
Body,Body_random_equal4_04_zero,12345,366,-0.10547549713332299,0.39215271223533327,0.7308013439178467,0.7120029926300049,0.13262730836868286
Body,Body_random_equal4_04_zero,12345,474,0.2222456476218593,0.24567509141985897,0.6775798201560974,0.3901749849319458,0.10256831347942352
Body,Body_random_equal4_04_zero,12345,492,0.22596700256295119,0.410297208745307,0.6272026300430298,0.6314420700073242,0.3996041417121887
Body,Body_random_equal4_04_zero,12345,527,0.2441202737111015,0.23505431697029697,0.7613916397094727,0.41325950622558594,0.11261965334415436
Body,Body_random_equal4_04_zero,12345,530,-0.13887094383962717,0.463643600196485,0.6871188282966614,0.4913596212863922,0.17872053384780884
Body,Body_random_equal4_04_zero,12345,542,-0.12459697045968836,0.3269705693660397,0.6208456754684448,0.6334924101829529,0.17325332760810852
Body,Body_random_equal4_04_zero,12345,574,0.031488887716696695,0.5780631794933098,0.62823885679245,0.6144307851791382,0.7293447852134705
Body,Body_random_equal4_04_zero,12345,597,-0.08870289891819724,0.2855157532288477,0.7253358364105225,0.5950762033462524,0.07412905991077423
Body,Body_random_equal4_04_zero,12345,619,0.02113932200565986,0.21426342221844918,0.6935484409332275,0.732886552810669,0.6552290320396423
Body,Body_random_equal4_04_zero,12345,656,0.0711273631548015,0.21923433325419608,0.6705265045166016,0.5173505544662476,0.054463788866996765
Body,Body_random_equal4_04_zero,12345,661,-0.1553061576052091,0.3168891946193044,0.7032769322395325,0.5962858200073242,0.19906792044639587
Body,Body_random_equal4_04_zero,12345,664,0.05500751824202717,0.47324132992720347,0.7517026662826538,0.8149449229240417,0.5918234586715698
Body,Body_random_equal4_04_zero,12345,698,-0.13479584231313615,0.26994375519041897,0.769599974155426,0.6139175295829773,0.07168147712945938
Body,Body_random_equal4_04_zero,12345,700,0.1639989033211557,0.24629792436769635,0.7236660122871399,0.4529320001602173,0.1707134246826172
Body,Body_random_equal4_04_zero,12345,716,-0.07660526959751755,0.21204872235411057,0.6733373999595642,0.45101162791252136,0.05823453888297081
Body,Body_random_equal4_04_zero,12345,765,-0.003579925359177612,0.3028339971463275,0.7059905529022217,0.5931260585784912,0.18277102708816528
Body,Body_random_equal4_04_zero,12345,771,0.035410561808417756,0.3854532642504215,0.7080091238021851,0.6481386423110962,0.11745758354663849
Body,Body_random_equal4_04_zero,12345,786,0.039601871547387396,0.0796941573235402,0.8124922513961792,0.7081096172332764,0.39814293384552
Body,Body_random_equal4_04_zero,12345,806,-0.04664246541384811,0.2147227632772402,0.6351081132888794,0.5395281314849854,0.1316109150648117
Body,Body_random_equal4_04_zero,12345,813,0.10055403950880251,0.21790850599410858,0.7475117444992065,0.6170057654380798,0.07699842751026154
Body,Body_random_equal4_04_zero,12345,816,-0.08998999854264801,0.2015130674524918,0.6808747053146362,0.4260113537311554,0.16334488987922668
Body,Body_random_equal4_04_zero,12345,822,0.33660703354429977,0.3188674280361131,0.6241505146026611,0.4269879460334778,0.038651835173368454
Body,Body_random_equal4_04_zero,12345,826,0.09376263585764749,0.25555196546509296,0.7230172753334045,0.5021092891693115,0.24215802550315857
Body,Body_random_equal4_04_zero,12345,847,-0.004987863351642018,0.3001784173835908,0.684416651725769,0.6713311076164246,0.2378004491329193
Body,Body_random_equal4_04_zero,12345,876,-0.09200754980209029,0.11972715264621403,0.7339999675750732,0.3879082202911377,-0.03544563055038452
Body,Body_random_equal4_04_zero,12345,891,-0.16206180807397796,0.07547732296960658,0.7475487589836121,0.5260694026947021,0.09623236954212189
Body,Body_random_equal4_04_zero,12345,919,-0.050297174417611834,0.14130909363744762,0.7327409386634827,0.4684201180934906,0.01053684949874878
Body,Body_random_equal4_04_zero,12345,931,0.20931604635702372,0.2687100891069735,0.658922016620636,0.7189081907272339,0.7669094204902649
Body,Body_random_equal4_04_zero,12345,933,0.11272801603649818,0.33690611853182767,0.6822161674499512,0.5897526741027832,0.21936330199241638
Body,Body_random_equal4_04_zero,12345,941,-0.18342210886266283,0.21064223969637708,0.6655502915382385,0.49795401096343994,0.06347154825925827
Body,Body_random_equal4_04_zero,12345,960,0.04226800198698,0.3600760110321532,0.7702876329421997,0.6931246519088745,0.09886544942855835
Body,Body_random_equal4_04_zero,12345,968,0.04227461294727386,0.12062710807992265,0.6778784990310669,0.6257418990135193,0.19544623792171478
Body,Body_random_equal4_04_zero,12345,989,0.06902166166671271,0.5180704471465784,0.6837426424026489,0.8341333270072937,0.7441935539245605
Body,Body_random_equal4_05_zero,12345,21,0.056679456871755,0.21667377148705555,0.6635212302207947,0.7403598427772522,0.629163384437561
Body,Body_random_equal4_05_zero,12345,38,-0.031355405050365305,0.2559427066432935,0.6792101263999939,0.7382802963256836,0.413968563079834
Body,Body_random_equal4_05_zero,12345,40,0.29754776015196954,0.7136208475388949,0.5662464499473572,0.7492157816886902,0.3270759582519531
Body,Body_random_equal4_05_zero,12345,59,0.03160115727890472,0.30336522010620726,0.6598983407020569,0.4660123586654663,0.019911056384444237
Body,Body_random_equal4_05_zero,12345,88,0.041810151249298586,0.285078578803754,0.7057873010635376,0.4419744312763214,0.045310840010643005
Body,Body_random_equal4_05_zero,12345,116,0.08149725607841474,0.28348670285833394,0.7477254867553711,0.56922847032547,0.26059818267822266
Body,Body_random_equal4_05_zero,12345,133,-0.05002609090817233,0.6047320866085784,0.6789757609367371,0.4372483789920807,0.0461198128759861
Body,Body_random_equal4_05_zero,12345,161,0.005777603565602239,0.34834118838931305,0.636192798614502,0.7034090161323547,0.40827009081840515
Body,Body_random_equal4_05_zero,12345,170,-0.09902074891021631,0.23190078822826615,0.652172863483429,0.7227108478546143,0.2236415147781372
Body,Body_random_equal4_05_zero,12345,179,0.0556977374784412,0.28010567555692695,0.8114320039749146,0.5844932794570923,0.13705109059810638
Body,Body_random_equal4_05_zero,12345,220,-0.14954482613873907,0.4253263093192857,0.6780362725257874,0.5240365862846375,0.12358953803777695
Body,Body_random_equal4_05_zero,12345,233,0.17838454610020996,0.211500650684059,0.681354284286499,0.4974481165409088,0.09981921315193176
Body,Body_random_equal4_05_zero,12345,257,-0.07565188253340509,0.243653957168961,0.6550385355949402,0.4937508702278137,0.044100936502218246
Body,Body_random_equal4_05_zero,12345,290,-0.13106912189445247,0.2591019349528233,0.7540013790130615,0.48548945784568787,0.14223110675811768
Body,Body_random_equal4_05_zero,12345,331,0.19935565466314753,0.26746031874427745,0.7667160630226135,0.47691112756729126,-0.010791989043354988
Body,Body_random_equal4_05_zero,12345,339,0.08075713555042942,0.36439306777013325,0.7002803683280945,0.6701085567474365,0.42837512493133545
Body,Body_random_equal4_05_zero,12345,355,-0.12637830751131646,0.584103977905053,0.7481882572174072,0.7017126083374023,0.6526069641113281
Body,Body_random_equal4_05_zero,12345,366,-0.10977222772246996,0.39147990458555143,0.7387973666191101,0.7053056955337524,0.17342662811279297
Body,Body_random_equal4_05_zero,12345,474,0.2244607549391528,0.23929195456636576,0.6684300303459167,0.42267826199531555,0.08774559944868088
Body,Body_random_equal4_05_zero,12345,492,0.06789098742811076,0.389021853904131,0.6518273949623108,0.7270750999450684,0.3630487024784088
Body,Body_random_equal4_05_zero,12345,527,0.23361210473290472,0.2522508503237995,0.7658559083938599,0.4968048334121704,0.19864363968372345
Body,Body_random_equal4_05_zero,12345,530,-0.11663275569993721,0.49395957248790695,0.7042180895805359,0.7629849910736084,0.5755888819694519
Body,Body_random_equal4_05_zero,12345,542,-0.13795236167182104,0.29705081018704,0.64582759141922,0.6539515256881714,0.2896236181259155
Body,Body_random_equal4_05_zero,12345,574,-0.018543849027001624,0.5459336007695448,0.6601365804672241,0.6692917346954346,0.6986584663391113
Body,Body_random_equal4_05_zero,12345,597,-0.07354775415859251,0.2774520985957006,0.7289201617240906,0.6137327551841736,0.12863948941230774
Body,Body_random_equal4_05_zero,12345,619,0.06064477107640522,0.23369282068633215,0.7010101079940796,0.7802683711051941,0.7717452049255371
Body,Body_random_equal4_05_zero,12345,656,0.04560426613940023,0.2083282757273071,0.6703609824180603,0.49913209676742554,0.04654303938150406
Body,Body_random_equal4_05_zero,12345,661,-0.14288539480650347,0.32420503873271084,0.7096901535987854,0.6312915086746216,0.2999991178512573
Body,Body_random_equal4_05_zero,12345,664,0.053593228729469644,0.4821392123237397,0.7285282611846924,0.8217352032661438,0.6234664916992188
Body,Body_random_equal4_05_zero,12345,698,-0.10968116441144521,0.2729335201211763,0.7524580955505371,0.6188949346542358,0.11395937204360962
Body,Body_random_equal4_05_zero,12345,700,0.21599591186510692,0.2694438018229473,0.7050645351409912,0.3798629939556122,0.21158502995967865
Body,Body_random_equal4_05_zero,12345,716,-0.0634913064008684,0.2206236026989199,0.6653922200202942,0.4381071925163269,-0.004650898277759552
Body,Body_random_equal4_05_zero,12345,765,-0.014309457201344836,0.3425631136778541,0.7122541666030884,0.6000854969024658,0.20808255672454834
Body,Body_random_equal4_05_zero,12345,771,0.03195734076132691,0.3836703880333845,0.7144327163696289,0.6779990196228027,0.37805742025375366
Body,Body_random_equal4_05_zero,12345,786,0.026330636411981405,0.07796618519258237,0.8518403768539429,0.5817365646362305,0.249362051486969
Body,Body_random_equal4_05_zero,12345,806,-0.030723932599611804,0.22801155310420665,0.6409311294555664,0.4345566928386688,0.08703040331602097
Body,Body_random_equal4_05_zero,12345,813,0.10376991784587007,0.2029713856690911,0.697111964225769,0.5716902017593384,0.10445094108581543
Body,Body_random_equal4_05_zero,12345,816,-0.08405778639152049,0.19886425084248013,0.6771765351295471,0.38715845346450806,0.11417308449745178
Body,Body_random_equal4_05_zero,12345,822,0.31643746636389203,0.3509327989213377,0.6274584531784058,0.40780583024024963,0.06778038293123245
Body,Body_random_equal4_05_zero,12345,826,0.5486491608367376,0.40758890683701854,0.6696091890335083,0.35590046644210815,0.09814150631427765
Body,Body_random_equal4_05_zero,12345,847,-0.022277732687602136,0.31342835940767577,0.6949467062950134,0.6893244385719299,0.1717606782913208
Body,Body_random_equal4_05_zero,12345,876,-0.08936092716164358,0.12036115554302271,0.7436769604682922,0.5169110298156738,0.050846610218286514
Body,Body_random_equal4_05_zero,12345,891,-0.09243507685411242,0.10244763504060368,0.759921133518219,0.5582659244537354,0.042275868356227875
Body,Body_random_equal4_05_zero,12345,919,-0.12276601912175955,0.1224347749706838,0.7151089906692505,0.35987547039985657,0.05003280192613602
Body,Body_random_equal4_05_zero,12345,931,0.0939768299958135,0.2911032531917188,0.6562078595161438,0.7321494817733765,0.7293689250946045
Body,Body_random_equal4_05_zero,12345,933,-0.05499895115028202,0.3429607935907644,0.7280343770980835,0.5856379270553589,0.2587345540523529
Body,Body_random_equal4_05_zero,12345,941,0.0023633368473142346,0.33207191174093637,0.6521804928779602,0.5346683263778687,0.16583386063575745
Body,Body_random_equal4_05_zero,12345,960,-0.023564283162619572,0.35290253994470455,0.7988535165786743,0.5785764455795288,0.022332925349473953
Body,Body_random_equal4_05_zero,12345,968,0.03522085717991215,0.11691229997448013,0.6699697971343994,0.644015908241272,0.12719732522964478
Body,Body_random_equal4_05_zero,12345,989,0.08366033983042728,0.5241897186883631,0.687425971031189,0.862682580947876,0.7966428995132446
Body,Body_random_full_01_zero,12345,21,0.04037401828733581,0.1934183856147299,0.666762113571167,0.7751354575157166,0.6321496367454529
Body,Body_random_full_01_zero,12345,38,-0.029339639509371702,0.2658671804684378,0.687305212020874,0.731721043586731,0.2812597155570984
Body,Body_random_full_01_zero,12345,40,0.3514739797108602,0.7005773128637365,0.5381810069084167,0.7527228593826294,0.2578335404396057
Body,Body_random_full_01_zero,12345,59,0.0018670201269038401,0.31425124310500274,0.7059230804443359,0.471537709236145,0.00418032705783844
Body,Body_random_full_01_zero,12345,88,0.14267226107070624,0.25259734236414716,0.7622339725494385,0.5017459988594055,-0.04463304951786995
Body,Body_random_full_01_zero,12345,116,0.052630177023773886,0.16260010461315907,0.8259457945823669,0.4505077302455902,0.18424847722053528
Body,Body_random_full_01_zero,12345,133,-0.07902106837356769,0.6015193884341204,0.6745899319648743,0.44142383337020874,0.01211928203701973
Body,Body_random_full_01_zero,12345,161,0.026077799133308845,0.3956860184932596,0.6616435647010803,0.6477410197257996,0.5437842607498169
Body,Body_random_full_01_zero,12345,170,-0.12516035008707196,0.2124119869681081,0.6264089345932007,0.6488522887229919,0.1413143426179886
Body,Body_random_full_01_zero,12345,179,-0.10635210950972152,0.21117465727546098,0.7813060879707336,0.6204418540000916,0.10757288336753845
Body,Body_random_full_01_zero,12345,220,-0.143072095356595,0.42207536836079174,0.7021291851997375,0.3953935205936432,0.03218327835202217
Body,Body_random_full_01_zero,12345,233,0.0514471219392901,0.19224215777435621,0.6835811138153076,0.4552927017211914,0.019160225987434387
Body,Body_random_full_01_zero,12345,257,-0.06040019618415223,0.2483995933530971,0.6848759651184082,0.5511190891265869,0.14078551530838013
Body,Body_random_full_01_zero,12345,290,-0.0880437205693993,0.2750636989828783,0.7604425549507141,0.5271321535110474,0.15692566335201263
Body,Body_random_full_01_zero,12345,331,0.1919282894508893,0.26290723583043785,0.7797428369522095,0.46085843443870544,-0.01221604272723198
Body,Body_random_full_01_zero,12345,339,0.07700066959984835,0.3706046923105787,0.6707914471626282,0.7513934969902039,0.6603567600250244
Body,Body_random_full_01_zero,12345,355,-0.13437290960803297,0.561880300930022,0.7271534204483032,0.7237604856491089,0.6166776418685913
Body,Body_random_full_01_zero,12345,366,-0.050269166967029294,0.40617518801173286,0.7330414056777954,0.6580758094787598,0.24241195619106293
Body,Body_random_full_01_zero,12345,474,0.24143833479967486,0.23555919309410459,0.6555784940719604,0.4739561676979065,0.16111446917057037
Body,Body_random_full_01_zero,12345,492,0.2802546220754805,0.4352529487924722,0.6117457747459412,0.6117045283317566,0.3786444067955017
Body,Body_random_full_01_zero,12345,527,0.24343479528913925,0.21330579102055547,0.7650876045227051,0.5698283910751343,0.21068182587623596
Body,Body_random_full_01_zero,12345,530,-0.18207603520443816,0.47874925486532827,0.6719328165054321,0.6237824559211731,0.3596072196960449
Body,Body_random_full_01_zero,12345,542,-0.13407623642484565,0.2985499346408522,0.6544985771179199,0.6319192051887512,0.3693076968193054
Body,Body_random_full_01_zero,12345,574,0.009766281819707427,0.5615846346403176,0.6515509486198425,0.6704583764076233,0.7376525402069092
Body,Body_random_full_01_zero,12345,597,-0.0800548831355657,0.26735309679242336,0.7327404618263245,0.5715786814689636,0.0839318186044693
Body,Body_random_full_01_zero,12345,619,0.16693672070063273,0.24926361833339353,0.6713401079177856,0.8232969641685486,0.8107627630233765
Body,Body_random_full_01_zero,12345,656,0.061313961795362214,0.20867845483352715,0.6879292726516724,0.48700928688049316,0.030954435467720032
Body,Body_random_full_01_zero,12345,661,-0.1419547956701391,0.31911116876442863,0.6881421804428101,0.586921215057373,0.17487911880016327
Body,Body_random_full_01_zero,12345,664,0.05790604855744964,0.4752540263127504,0.7363030910491943,0.8348078727722168,0.6776508688926697
Body,Body_random_full_01_zero,12345,698,-0.11795055169821687,0.2681212674488214,0.755611777305603,0.5645620822906494,0.10893843322992325
Body,Body_random_full_01_zero,12345,700,0.22037071151826432,0.2667890619364106,0.7279953956604004,0.4414558410644531,0.3319969177246094
Body,Body_random_full_01_zero,12345,716,-0.04179324579160738,0.22233379076995,0.6737649440765381,0.4501661956310272,0.07242748141288757
Body,Body_random_full_01_zero,12345,765,-0.02222516713324603,0.3479002726125197,0.6926406025886536,0.562343418598175,0.2243421971797943
Body,Body_random_full_01_zero,12345,771,0.03856303872127934,0.38151891529609433,0.702583372592926,0.6550936698913574,0.1723351776599884
Body,Body_random_full_01_zero,12345,786,-0.008715199502312082,0.07907008594172299,0.8475805521011353,0.6802669763565063,0.3449881076812744
Body,Body_random_full_01_zero,12345,806,-0.034419194507636676,0.29651147981698184,0.6673044562339783,0.5075789093971252,0.062085092067718506
Body,Body_random_full_01_zero,12345,813,0.12897599642970436,0.21021975812030363,0.7094305753707886,0.5810760259628296,0.06783847510814667
Body,Body_random_full_01_zero,12345,816,-0.06697694912400298,0.207981729997946,0.6865649223327637,0.414521723985672,0.1190769374370575
Body,Body_random_full_01_zero,12345,822,0.3139642691674491,0.364803695730274,0.6440714001655579,0.41302916407585144,0.060485467314720154
Body,Body_random_full_01_zero,12345,826,0.5081337539981061,0.3885309748663857,0.6646479964256287,0.36027413606643677,0.0803883820772171
Body,Body_random_full_01_zero,12345,847,-0.01920838246015103,0.2823570021125582,0.6628410816192627,0.515418529510498,-0.02149737998843193
Body,Body_random_full_01_zero,12345,876,-0.09645604094668084,0.11050793985692742,0.7246126532554626,0.4907922148704529,0.03443882241845131
Body,Body_random_full_01_zero,12345,891,-0.11346685839062348,0.0857884933620419,0.8287467956542969,0.5098552703857422,0.0274866484105587
Body,Body_random_full_01_zero,12345,919,-0.11148416854576129,0.11832013557806613,0.6992224454879761,0.393206924200058,0.0536479726433754
Body,Body_random_full_01_zero,12345,931,0.20593145634272936,0.2815133804476711,0.6686505079269409,0.7990413904190063,0.7498558759689331
Body,Body_random_full_01_zero,12345,933,-0.04323059581934298,0.3598023766522556,0.7382153272628784,0.5242898464202881,0.19009274244308472
Body,Body_random_full_01_zero,12345,941,-0.04029647308800905,0.325506583272333,0.6599835157394409,0.521312952041626,0.10897849500179291
Body,Body_random_full_01_zero,12345,960,-0.030583350153300066,0.3952444651987081,0.7901110649108887,0.4656469523906708,0.0698009580373764
Body,Body_random_full_01_zero,12345,968,0.04082350344292524,0.12758287501173296,0.6815587282180786,0.6644011735916138,0.3011491596698761
Body,Body_random_full_01_zero,12345,989,0.05101879571114016,0.5194020860412092,0.7051131725311279,0.8486328125,0.8445226550102234
Body,Body_random_full_02_zero,12345,21,0.04015983392866632,0.20352855095401184,0.6626690626144409,0.7620054483413696,0.6202855110168457
Body,Body_random_full_02_zero,12345,38,-0.031510369284180356,0.25002941448464194,0.6771610379219055,0.7521131038665771,0.4578261971473694
Body,Body_random_full_02_zero,12345,40,0.2896936097439363,0.713694870011518,0.5585961937904358,0.6401364207267761,0.18217793107032776
Body,Body_random_full_02_zero,12345,59,0.003565294511624997,0.3025824002867453,0.6743898391723633,0.46997785568237305,0.06766781955957413
Body,Body_random_full_02_zero,12345,88,0.01946879764386602,0.25185470539296506,0.6944637298583984,0.4957243502140045,0.03651430457830429
Body,Body_random_full_02_zero,12345,116,0.1366162298575737,0.2235717380512756,0.8195872902870178,0.47383028268814087,0.097654327750206
Body,Body_random_full_02_zero,12345,133,-0.04917466049345144,0.6123029185810053,0.670876681804657,0.45495903491973877,0.016548098996281624
Body,Body_random_full_02_zero,12345,161,-0.026656952048646605,0.35110756433474716,0.6605292558670044,0.6744384765625,0.44770172238349915
Body,Body_random_full_02_zero,12345,170,-0.05709492181809771,0.23742151203911416,0.629697322845459,0.651857316493988,0.0784478709101677
Body,Body_random_full_02_zero,12345,179,0.022241411187846522,0.22035009442019712,0.7924975156784058,0.5864178538322449,0.07123029232025146
Body,Body_random_full_02_zero,12345,220,-0.18951892772728332,0.42105549304344797,0.7097688317298889,0.3902509808540344,0.0474514476954937
Body,Body_random_full_02_zero,12345,233,0.16601791960332452,0.1997482608668161,0.6624203324317932,0.5435248613357544,0.12683378159999847
Body,Body_random_full_02_zero,12345,257,-0.03904015824648071,0.2556779913491273,0.6637996435165405,0.4558855891227722,0.0780610665678978
Body,Body_random_full_02_zero,12345,290,-0.13155256456426864,0.2709888862738102,0.753460705280304,0.510465145111084,0.14237752556800842
Body,Body_random_full_02_zero,12345,331,0.19306856911584097,0.2619279665713285,0.7335458993911743,0.35986965894699097,-0.017684970051050186
Body,Body_random_full_02_zero,12345,339,0.022550720788318667,0.33167615773237097,0.6688083410263062,0.6796046495437622,0.46340078115463257
Body,Body_random_full_02_zero,12345,355,-0.12422725207928291,0.5308894875462501,0.7639551758766174,0.6269896030426025,0.39131441712379456
Body,Body_random_full_02_zero,12345,366,-0.018963788484458823,0.4068775694809406,0.7413674592971802,0.5989336967468262,0.08401729166507721
Body,Body_random_full_02_zero,12345,474,0.22629491603414179,0.22045855623303487,0.665105938911438,0.42967814207077026,0.0909179225564003
Body,Body_random_full_02_zero,12345,492,0.2199793249066661,0.44456697031496417,0.6410672068595886,0.6438322067260742,0.4008506238460541
Body,Body_random_full_02_zero,12345,527,0.31026199320337966,0.2585477502540918,0.7554802894592285,0.4660646915435791,0.03551263362169266
Body,Body_random_full_02_zero,12345,530,-0.1067962827612985,0.47462533759594494,0.6827725768089294,0.7695327997207642,0.5839146375656128
Body,Body_random_full_02_zero,12345,542,-0.12333247859492667,0.3029105967936288,0.6483001112937927,0.6227009296417236,0.2715078592300415
Body,Body_random_full_02_zero,12345,574,0.02690324050203079,0.5957748416570886,0.6411581039428711,0.649005115032196,0.70579993724823
Body,Body_random_full_02_zero,12345,597,-0.024900859324748018,0.2804758040893538,0.7239060401916504,0.5356565713882446,0.07683724910020828
Body,Body_random_full_02_zero,12345,619,0.07191256005631654,0.24553753941777745,0.7255308032035828,0.795724630355835,0.7803699970245361
Body,Body_random_full_02_zero,12345,656,0.041920148126371744,0.20217988712715426,0.6797274351119995,0.4815274477005005,0.029237082228064537
Body,Body_random_full_02_zero,12345,661,-0.15018576994533722,0.3278987780468867,0.6912423372268677,0.5665775537490845,0.24057704210281372
Body,Body_random_full_02_zero,12345,664,0.10806226676809814,0.47184338768717776,0.7427957653999329,0.8733497262001038,0.5962376594543457
Body,Body_random_full_02_zero,12345,698,-0.11845941835563326,0.26672434828048414,0.758521556854248,0.639909029006958,-0.02382711134850979
Body,Body_random_full_02_zero,12345,700,0.17102632257161363,0.29856576744366986,0.7067605257034302,0.4005766808986664,0.30909493565559387
Body,Body_random_full_02_zero,12345,716,-0.15644039978915084,0.2361778510581691,0.6684098839759827,0.5221288204193115,0.04870709404349327
Body,Body_random_full_02_zero,12345,765,-0.03224686882768862,0.3264505889834957,0.7110767364501953,0.5620541572570801,0.2596290111541748
Body,Body_random_full_02_zero,12345,771,0.030217204441130928,0.3874898844349013,0.7167894244194031,0.7231921553611755,0.295536071062088
Body,Body_random_full_02_zero,12345,786,0.027801475329441407,0.07881350801814677,0.8374780416488647,0.5778096914291382,0.31411802768707275
Body,Body_random_full_02_zero,12345,806,-0.03603883971009621,0.22223790783046038,0.668066143989563,0.3966502845287323,0.08598737418651581
Body,Body_random_full_02_zero,12345,813,0.1392770503693809,0.2045623376717824,0.6917217969894409,0.5786702632904053,0.10954943299293518
Body,Body_random_full_02_zero,12345,816,-0.0932782686993707,0.20168584407982793,0.6904275417327881,0.44668471813201904,0.1111929789185524
Body,Body_random_full_02_zero,12345,822,0.33893359488670566,0.34202440836995895,0.6268375515937805,0.4287424087524414,0.13109511137008667
Body,Body_random_full_02_zero,12345,826,0.5486551513363938,0.40727137870750746,0.6751462817192078,0.35527196526527405,0.1255597472190857
Body,Body_random_full_02_zero,12345,847,-0.0475788440325802,0.30573171953391387,0.6912081837654114,0.7042675018310547,0.15560367703437805
Body,Body_random_full_02_zero,12345,876,-0.1016343310041796,0.11646223999206357,0.7289043068885803,0.5652430653572083,0.04218944534659386
Body,Body_random_full_02_zero,12345,891,-0.08811497132643013,0.0710074868826419,0.8258090615272522,0.5223774909973145,0.06443820148706436
Body,Body_random_full_02_zero,12345,919,-0.12958362896146375,0.10980446011460085,0.707740068435669,0.3027971386909485,0.02288733795285225
Body,Body_random_full_02_zero,12345,931,0.0920759697022623,0.2943983992454836,0.657322108745575,0.7391711473464966,0.7100599408149719
Body,Body_random_full_02_zero,12345,933,-0.09350926649424986,0.33811426535141803,0.7507952451705933,0.576634407043457,0.2245246171951294
Body,Body_random_full_02_zero,12345,941,-0.0013903449447375583,0.32928176267889897,0.6514105200767517,0.5651751160621643,0.18856900930404663
Body,Body_random_full_02_zero,12345,960,0.013577610762787143,0.3396643650287623,0.7897220253944397,0.557019829750061,0.026200568303465843
Body,Body_random_full_02_zero,12345,968,0.027760324273641602,0.1205200522422776,0.6721881628036499,0.6771899461746216,0.18188951909542084
Body,Body_random_full_02_zero,12345,989,0.1256425014195357,0.49290088154163525,0.691368579864502,0.8364624381065369,0.768855094909668
Body,Body_random_full_03_zero,12345,21,0.08196252333405556,0.23748693228284032,0.6636973023414612,0.716993510723114,0.6560993194580078
Body,Body_random_full_03_zero,12345,38,-0.018001451594671244,0.2618534299020511,0.6944395899772644,0.7478063106536865,0.3679574429988861
Body,Body_random_full_03_zero,12345,40,0.26317361340024026,0.7017816145421297,0.584359884262085,0.7043274641036987,0.35327816009521484
Body,Body_random_full_03_zero,12345,59,0.036243422081732916,0.31141122054464976,0.6657166481018066,0.4743465185165405,0.005794590339064598
Body,Body_random_full_03_zero,12345,88,0.2068251443573195,0.2830088978777069,0.800737738609314,0.5053486227989197,-0.02570495940744877
Body,Body_random_full_03_zero,12345,116,0.05689340295317532,0.18230321902375968,0.7470202445983887,0.5711709856987,0.5830962657928467
Body,Body_random_full_03_zero,12345,133,-0.019332192958871477,0.6005405942954457,0.6547223925590515,0.44256484508514404,0.047564491629600525
Body,Body_random_full_03_zero,12345,161,0.056766735220240915,0.35338014477581053,0.6398082971572876,0.7144616842269897,0.5791158676147461
Body,Body_random_full_03_zero,12345,170,-0.10350195974016979,0.25134524979600353,0.6391661167144775,0.6170507669448853,0.08545290678739548
Body,Body_random_full_03_zero,12345,179,-0.27635933903859683,0.1712797081780334,0.7750859260559082,0.590398907661438,0.11314912885427475
Body,Body_random_full_03_zero,12345,220,-0.0971362170566257,0.3728343296071752,0.7385699152946472,0.48719513416290283,0.09675383567810059
Body,Body_random_full_03_zero,12345,233,0.25160116352117606,0.17330091913841958,0.683035135269165,0.47032105922698975,0.05539838969707489
Body,Body_random_full_03_zero,12345,257,-0.06869002796500909,0.2632018623998167,0.6580324172973633,0.5043412446975708,0.07323901355266571
Body,Body_random_full_03_zero,12345,290,-0.14552391926922975,0.2610605596989318,0.7575563192367554,0.5057415962219238,0.14868156611919403
Body,Body_random_full_03_zero,12345,331,0.14296368797516953,0.24300357315984705,0.7612956762313843,0.4974454641342163,-0.025668349117040634
Body,Body_random_full_03_zero,12345,339,0.06765934823104958,0.36566219752518575,0.6853631734848022,0.769646167755127,0.5901671051979065
Body,Body_random_full_03_zero,12345,355,-0.09239130369455897,0.44217949555525,0.7567822933197021,0.6215387582778931,0.47604531049728394
Body,Body_random_full_03_zero,12345,366,-0.08475065801261772,0.385019116481015,0.7359125018119812,0.6668124794960022,0.28881382942199707
Body,Body_random_full_03_zero,12345,474,0.22991501876339923,0.23623724614014266,0.6504438519477844,0.45178812742233276,0.16944919526576996
Body,Body_random_full_03_zero,12345,492,0.24553893723538295,0.43346643853918354,0.6076807975769043,0.6692740321159363,0.48946815729141235
Body,Body_random_full_03_zero,12345,527,0.2623171237446577,0.22690407894317516,0.7806298732757568,0.4669564962387085,0.13073861598968506
Body,Body_random_full_03_zero,12345,530,-0.12877750468893073,0.4537013646317622,0.7008098363876343,0.5348846316337585,0.1142047643661499
Body,Body_random_full_03_zero,12345,542,-0.14283057640947333,0.300451244806743,0.6477850675582886,0.6304111480712891,0.32741430401802063
Body,Body_random_full_03_zero,12345,574,0.02010070493982013,0.5689172268024522,0.6376712918281555,0.6733757853507996,0.7877940535545349
Body,Body_random_full_03_zero,12345,597,-0.0894714179078973,0.256505045042281,0.7566527128219604,0.6039288640022278,0.10354797542095184
Body,Body_random_full_03_zero,12345,619,-0.021314411866784837,0.2301071172743283,0.7242010235786438,0.7576247453689575,0.4358261227607727
Body,Body_random_full_03_zero,12345,656,0.05778313348941678,0.19524601798433505,0.6509413719177246,0.5435134768486023,0.07113903760910034
Body,Body_random_full_03_zero,12345,661,-0.17508977895816052,0.314486843761303,0.6950857043266296,0.6427063941955566,0.3108343780040741
Body,Body_random_full_03_zero,12345,664,0.054551621213041794,0.47490077862405966,0.7343261241912842,0.8283030390739441,0.39933422207832336
Body,Body_random_full_03_zero,12345,698,-0.11564099416541188,0.2687697629551135,0.7576411962509155,0.6383320093154907,0.028598884120583534
Body,Body_random_full_03_zero,12345,700,0.17047172799444574,0.2555259549080981,0.7334076762199402,0.44606834650039673,0.21030712127685547
Body,Body_random_full_03_zero,12345,716,-0.05272809641472082,0.2446348311640669,0.6500258445739746,0.5646120309829712,0.0483519621193409
Body,Body_random_full_03_zero,12345,765,-0.040514899625047146,0.3175030668534621,0.7013369202613831,0.6097631454467773,0.18297900259494781
Body,Body_random_full_03_zero,12345,771,0.044218901086493,0.3823944701187311,0.7039336562156677,0.6536530256271362,0.14400485157966614
Body,Body_random_full_03_zero,12345,786,-0.007728038192039528,0.0789006310799768,0.8594326376914978,0.6121470928192139,0.32616108655929565
Body,Body_random_full_03_zero,12345,806,-0.04412418506248716,0.23011796779506652,0.6705211400985718,0.48240166902542114,0.06085582077503204
Body,Body_random_full_03_zero,12345,813,0.10496933281015822,0.21811006866216262,0.7346033453941345,0.6555449962615967,0.2840917110443115
Body,Body_random_full_03_zero,12345,816,-0.09791372136871976,0.18873098334653185,0.6631832718849182,0.4489717483520508,0.10330136120319366
Body,Body_random_full_03_zero,12345,822,0.3427077144942086,0.34570479076772614,0.6396543383598328,0.36037689447402954,0.05468471720814705
Body,Body_random_full_03_zero,12345,826,0.05971303461250711,0.25189515155499814,0.7364920377731323,0.3680688440799713,0.06657090783119202
Body,Body_random_full_03_zero,12345,847,-0.004032375838273536,0.34558868650836455,0.727584183216095,0.6157748699188232,0.08403439819812775
Body,Body_random_full_03_zero,12345,876,-0.08259901586212218,0.12264220008412978,0.7443439364433289,0.4582133889198303,-0.011416315101087093
Body,Body_random_full_03_zero,12345,891,-0.1744040690895413,0.06885505763206948,0.7879459857940674,0.4234694838523865,-0.005625653080642223
Body,Body_random_full_03_zero,12345,919,-0.06384571902394694,0.11151044321767649,0.6789883971214294,0.3848807215690613,0.12702235579490662
Body,Body_random_full_03_zero,12345,931,0.1389471760907542,0.29574403341124456,0.6841856241226196,0.7573897242546082,0.7299143075942993
Body,Body_random_full_03_zero,12345,933,-0.0855663541558604,0.33815217801288344,0.7452888488769531,0.6074844002723694,0.16766498982906342
Body,Body_random_full_03_zero,12345,941,-0.1849813955031629,0.2237870311661522,0.6704408526420593,0.5539453625679016,0.08007434010505676
Body,Body_random_full_03_zero,12345,960,0.009695084314049106,0.36258254698911235,0.7894801497459412,0.5802475214004517,0.04328276589512825
Body,Body_random_full_03_zero,12345,968,0.06933358973772936,0.11829354872727192,0.682523250579834,0.6558828949928284,0.17359864711761475
Body,Body_random_full_03_zero,12345,989,0.03807972008107721,0.5027175239286423,0.7334095239639282,0.8089079856872559,0.8294647336006165
Body,Body_random_full_04_zero,12345,21,0.0708334117040967,0.2089085257431695,0.6637874245643616,0.7390687465667725,0.6263965964317322
Body,Body_random_full_04_zero,12345,38,-0.0392466053486894,0.2677484699016872,0.6847800016403198,0.7226814031600952,0.3018544614315033
Body,Body_random_full_04_zero,12345,40,0.2870125965116583,0.716731820425343,0.5722342729568481,0.7523282170295715,0.42495831847190857
Body,Body_random_full_04_zero,12345,59,0.008634885766621567,0.2999073075393333,0.6595119833946228,0.4622839391231537,0.033377036452293396
Body,Body_random_full_04_zero,12345,88,0.08537942906301725,0.29270501089423956,0.7006047964096069,0.48737573623657227,0.06472546607255936
Body,Body_random_full_04_zero,12345,116,0.010186185843410259,0.18267569675569353,0.7800799012184143,0.5188629627227783,0.27638083696365356
Body,Body_random_full_04_zero,12345,133,-0.08596669007815924,0.5930958359447782,0.693770706653595,0.4524271786212921,0.22183692455291748
Body,Body_random_full_04_zero,12345,161,0.005544464024601464,0.3609432777592708,0.625826895236969,0.7259846925735474,0.4646616280078888
Body,Body_random_full_04_zero,12345,170,-0.11277015094245271,0.24654068984066885,0.6454497575759888,0.6287192106246948,0.009177733212709427
Body,Body_random_full_04_zero,12345,179,-0.06858148119966345,0.29356789621944246,0.7929879426956177,0.6441147327423096,0.14464804530143738
Body,Body_random_full_04_zero,12345,220,-0.17230416677885643,0.43234524233655264,0.6953287720680237,0.30584248900413513,0.06047062948346138
Body,Body_random_full_04_zero,12345,233,0.17794373542571382,0.1673716037876809,0.6850325465202332,0.43711793422698975,0.050172433257102966
Body,Body_random_full_04_zero,12345,257,0.0091205584280063,0.2707643727657756,0.6822899580001831,0.4899214804172516,0.05920562520623207
Body,Body_random_full_04_zero,12345,290,-0.1796823114836677,0.2759044194063327,0.7760885953903198,0.49237918853759766,0.2610817551612854
Body,Body_random_full_04_zero,12345,331,0.1989823621439325,0.22092487772768626,0.7460919618606567,0.4614940285682678,-0.02369173988699913
Body,Body_random_full_04_zero,12345,339,0.03699314304645291,0.30673551021674345,0.7018740177154541,0.6529932618141174,0.41770437359809875
Body,Body_random_full_04_zero,12345,355,-0.009425348647145263,0.6053949050291799,0.7023006677627563,0.6115206480026245,0.31930387020111084
Body,Body_random_full_04_zero,12345,366,-0.07032589490073352,0.40529555575506726,0.7456434965133667,0.64930260181427,0.2494131326675415
Body,Body_random_full_04_zero,12345,474,0.2354852319669263,0.22832803733842202,0.6554914712905884,0.4661475419998169,0.08960790187120438
Body,Body_random_full_04_zero,12345,492,0.12795829073176973,0.39759871805703906,0.6422226428985596,0.6841920614242554,0.3471277058124542
Body,Body_random_full_04_zero,12345,527,0.2785497358180245,0.2996908633965363,0.7614622116088867,0.36238807439804077,0.07784195989370346
Body,Body_random_full_04_zero,12345,530,0.06794704273672526,0.48896425030923435,0.6687238812446594,0.7596882581710815,0.3415403366088867
Body,Body_random_full_04_zero,12345,542,-0.10869292649880555,0.32521175115411083,0.6481580138206482,0.5776346921920776,0.237432062625885
Body,Body_random_full_04_zero,12345,574,0.028158767572811754,0.5292322786528671,0.6833509206771851,0.6696102619171143,0.6725893616676331
Body,Body_random_full_04_zero,12345,597,-0.06415705433629014,0.2722377649393851,0.7302942276000977,0.5658493041992188,0.1011747270822525
Body,Body_random_full_04_zero,12345,619,-0.03288918729736877,0.2298119590075382,0.7325002551078796,0.7447327971458435,0.5823003649711609
Body,Body_random_full_04_zero,12345,656,0.031673688612086276,0.20178052891389073,0.6693903207778931,0.5056113004684448,0.032445039600133896
Body,Body_random_full_04_zero,12345,661,-0.16585624799365795,0.32629369805208197,0.694267988204956,0.6538902521133423,0.32631945610046387
Body,Body_random_full_04_zero,12345,664,0.09223901017504135,0.46465955027863937,0.7214469909667969,0.7915140986442566,0.5445504188537598
Body,Body_random_full_04_zero,12345,698,-0.1322996890545176,0.2755522892912057,0.7664865255355835,0.635215163230896,0.018002530559897423
Body,Body_random_full_04_zero,12345,700,0.18657805111899095,0.2502890098839284,0.7002743482589722,0.5470378398895264,0.4987163543701172
Body,Body_random_full_04_zero,12345,716,-0.14463812143840624,0.23264597163581544,0.659199059009552,0.5519497394561768,0.04384663328528404
Body,Body_random_full_04_zero,12345,765,-0.00583913475222875,0.31492672423552376,0.7079023718833923,0.5719196796417236,0.24069814383983612
Body,Body_random_full_04_zero,12345,771,0.026325784783350376,0.3993547587728765,0.729217529296875,0.6790967583656311,0.12802362442016602
Body,Body_random_full_04_zero,12345,786,0.010527838805721735,0.07834013212347234,0.8265595436096191,0.6251808404922485,0.25927722454071045
Body,Body_random_full_04_zero,12345,806,-0.04041291058036795,0.2186738932455365,0.6437995433807373,0.529232919216156,0.2861630916595459
Body,Body_random_full_04_zero,12345,813,0.1194150799401647,0.1859666079400322,0.6960236430168152,0.4949929118156433,0.06312066316604614
Body,Body_random_full_04_zero,12345,816,-0.15295775991144087,0.19736963207373093,0.6764044761657715,0.6153546571731567,0.1014220267534256
Body,Body_random_full_04_zero,12345,822,0.3376017479215714,0.2915568458072576,0.6321465969085693,0.3993634581565857,0.13801778852939606
Body,Body_random_full_04_zero,12345,826,0.5886641390301678,0.4149053802218684,0.6957471370697021,0.3997606635093689,0.037870991975069046
Body,Body_random_full_04_zero,12345,847,-0.04600286414265431,0.2850506851194435,0.6732119917869568,0.6035502552986145,0.13135573267936707
Body,Body_random_full_04_zero,12345,876,-0.10952899981059673,0.11638403329963104,0.7184351682662964,0.29786789417266846,-0.044695448130369186
Body,Body_random_full_04_zero,12345,891,-0.12199425854573763,0.11996999823657806,0.709031879901886,0.5018511414527893,0.10492254793643951
Body,Body_random_full_04_zero,12345,919,-0.07674621311752008,0.134452448356213,0.7275136709213257,0.37296000123023987,0.13768190145492554
Body,Body_random_full_04_zero,12345,931,0.1271257702978959,0.2839577336813041,0.6425527930259705,0.7236816883087158,0.7331743836402893
Body,Body_random_full_04_zero,12345,933,0.023954917245363735,0.3348261133263431,0.7203227877616882,0.6528043746948242,0.1690891981124878
Body,Body_random_full_04_zero,12345,941,0.0064202656093583915,0.3196234222261669,0.6521002054214478,0.6470046043395996,0.23604997992515564
Body,Body_random_full_04_zero,12345,960,0.06135683417980763,0.3553689615590957,0.727649450302124,0.6087477207183838,0.4495168924331665
Body,Body_random_full_04_zero,12345,968,0.036290850794073015,0.11906579789205446,0.6753020286560059,0.6143107414245605,0.1986561417579651
Body,Body_random_full_04_zero,12345,989,0.07515331564576813,0.5144655375569832,0.7032968401908875,0.8632559776306152,0.8360188603401184
Body,Body_random_full_05_zero,12345,21,0.07711526050218677,0.2199646475216684,0.6627585291862488,0.7392473220825195,0.6108584403991699
Body,Body_random_full_05_zero,12345,38,-0.04030708664383081,0.25577718179774356,0.680155873298645,0.7198487520217896,0.30676794052124023
Body,Body_random_full_05_zero,12345,40,0.30089288919382723,0.7278056243919643,0.5537880063056946,0.6909204721450806,0.2413482367992401
Body,Body_random_full_05_zero,12345,59,0.0030114949775423764,0.3023911026557097,0.6614323258399963,0.4577381908893585,0.012582516297698021
Body,Body_random_full_05_zero,12345,88,0.0726464767874134,0.25325714958957335,0.667572021484375,0.4519433081150055,0.0762149766087532
Body,Body_random_full_05_zero,12345,116,0.0920369656012432,0.20731367249394117,0.7855035066604614,0.4442175626754761,0.04616976156830788
Body,Body_random_full_05_zero,12345,133,-0.059419017632522136,0.5950057346363307,0.6880878806114197,0.43629494309425354,0.1431301087141037
Body,Body_random_full_05_zero,12345,161,0.11345275045335301,0.3520381981611131,0.6551916599273682,0.6231704950332642,0.6109758019447327
Body,Body_random_full_05_zero,12345,170,-0.08951895199252614,0.23015217439391372,0.6318115592002869,0.6138488054275513,0.026032600551843643
Body,Body_random_full_05_zero,12345,179,-0.03960633346689595,0.28611179065213704,0.7929077744483948,0.6599771976470947,0.19099488854408264
Body,Body_random_full_05_zero,12345,220,-0.1461921770572088,0.40962437904204896,0.7223622798919678,0.41242891550064087,0.06678842008113861
Body,Body_random_full_05_zero,12345,233,0.14133779928422038,0.1864592097883682,0.6861150860786438,0.47745615243911743,0.01791810244321823
Body,Body_random_full_05_zero,12345,257,-0.05117949842461591,0.2500723912328197,0.6745851635932922,0.5518676042556763,0.21748465299606323
Body,Body_random_full_05_zero,12345,290,-0.07743950247026346,0.26381594896234506,0.7556757926940918,0.5004695057868958,0.14822454750537872
Body,Body_random_full_05_zero,12345,331,0.20119674264942847,0.2696070237876941,0.7670731544494629,0.472515732049942,-0.031920455396175385
Body,Body_random_full_05_zero,12345,339,0.0428972795259997,0.34970967444518486,0.6685162782669067,0.7531805038452148,0.6309568881988525
Body,Body_random_full_05_zero,12345,355,-0.00914309727906413,0.5715827529834204,0.705463707447052,0.546899676322937,0.3396228551864624
Body,Body_random_full_05_zero,12345,366,-0.09095174202402932,0.35828863806719063,0.7316505312919617,0.7203103303909302,0.2294766902923584
Body,Body_random_full_05_zero,12345,474,0.2205278674619276,0.2338803640459603,0.6696707606315613,0.4473113417625427,0.10196571052074432
Body,Body_random_full_05_zero,12345,492,0.18386511656481302,0.41308846506729996,0.6170312166213989,0.7044007182121277,0.35487934947013855
Body,Body_random_full_05_zero,12345,527,0.23778237037274144,0.17604489838825027,0.7652836441993713,0.5542274117469788,0.2897571921348572
Body,Body_random_full_05_zero,12345,530,-0.09976511638906933,0.47511803460664964,0.6515534520149231,0.8705058097839355,0.6606758832931519
Body,Body_random_full_05_zero,12345,542,-0.16040062141810316,0.3035437311545797,0.6403331756591797,0.6268102526664734,0.3459528386592865
Body,Body_random_full_05_zero,12345,574,0.023029182085033434,0.5907353350904376,0.6505190134048462,0.6155672073364258,0.7117899656295776
Body,Body_random_full_05_zero,12345,597,-0.06579312711441372,0.2805112599698199,0.7129835486412048,0.6574487686157227,0.0953868180513382
Body,Body_random_full_05_zero,12345,619,-0.006575249264258057,0.21799796879941286,0.7100545763969421,0.7285034656524658,0.6210454702377319
Body,Body_random_full_05_zero,12345,656,0.053383943668527487,0.1958581477379476,0.6730775237083435,0.5218497514724731,0.05502926558256149
Body,Body_random_full_05_zero,12345,661,-0.14931761918688174,0.31731691729444433,0.7016572952270508,0.6012080907821655,0.2836817502975464
Body,Body_random_full_05_zero,12345,664,0.11248674496776774,0.47613096732630156,0.7315306067466736,0.7783524990081787,0.5101046562194824
Body,Body_random_full_05_zero,12345,698,-0.12506009647137176,0.26915317918660864,0.7585978507995605,0.5621351599693298,0.03244851529598236
Body,Body_random_full_05_zero,12345,700,0.2635473599704718,0.30165787869728944,0.7103828191757202,0.39800965785980225,0.267617791891098
Body,Body_random_full_05_zero,12345,716,-0.009961417127958581,0.21604131080547923,0.6765056252479553,0.5590780973434448,0.020499013364315033
Body,Body_random_full_05_zero,12345,765,-0.023966157690933663,0.3115462639990268,0.7164154052734375,0.5961959362030029,0.272945761680603
Body,Body_random_full_05_zero,12345,771,0.05405157124288956,0.3819547119693468,0.7027194499969482,0.6384631395339966,0.11501595377922058
Body,Body_random_full_05_zero,12345,786,0.005428977692935899,0.07888579993857137,0.8557407259941101,0.5886126160621643,0.36929774284362793
Body,Body_random_full_05_zero,12345,806,-0.03714914927604082,0.2114024109084811,0.6282399892807007,0.49637505412101746,0.20773912966251373
Body,Body_random_full_05_zero,12345,813,0.1087209637784649,0.18952811373083983,0.7020298838615417,0.46770957112312317,0.06709039211273193
Body,Body_random_full_05_zero,12345,816,-0.14852467992185664,0.16004296202727603,0.680340051651001,0.5379059314727783,0.10993602871894836
Body,Body_random_full_05_zero,12345,822,0.3253492684730977,0.3289568350790496,0.6219097971916199,0.32060933113098145,0.12387518584728241
Body,Body_random_full_05_zero,12345,826,0.48352446579881647,0.38790765908827646,0.6604208946228027,0.3841824233531952,0.06974279880523682
Body,Body_random_full_05_zero,12345,847,-0.008148634101984395,0.2963626277402179,0.6674749255180359,0.6236941814422607,0.1552215963602066
Body,Body_random_full_05_zero,12345,876,-0.10177910714999505,0.11528081607687907,0.7171862125396729,0.4703609049320221,0.08081360161304474
Body,Body_random_full_05_zero,12345,891,-0.17441514022186333,0.10240196728294691,0.7438189387321472,0.49782824516296387,0.007245183922350407
Body,Body_random_full_05_zero,12345,919,-0.05171752250008365,0.15602072859523886,0.7404744625091553,0.5563945770263672,0.2950828969478607
Body,Body_random_full_05_zero,12345,931,0.11615088529532817,0.28724476891855527,0.6348502039909363,0.742020308971405,0.7338230609893799
Body,Body_random_full_05_zero,12345,933,0.043764056399825974,0.3463142390204957,0.7070573568344116,0.6067036986351013,0.2042701542377472
Body,Body_random_full_05_zero,12345,941,-0.014521393888844637,0.3155860713778797,0.6548436284065247,0.6292784214019775,0.24095286428928375
Body,Body_random_full_05_zero,12345,960,0.025505660120283137,0.3574289942227596,0.7322065830230713,0.7280207872390747,0.23478861153125763
Body,Body_random_full_05_zero,12345,968,0.015091353932960119,0.12283399306614755,0.693742036819458,0.7022051811218262,0.28543204069137573
Body,Body_random_full_05_zero,12345,989,0.0792659144451506,0.5200330557180639,0.699114978313446,0.8384978771209717,0.8036097884178162
Body,Scene_unrelated_equal4_zero,12345,21,0.05735200767192935,0.22264220685375322,0.6611979007720947,0.7673864364624023,0.5990238189697266
Body,Scene_unrelated_equal4_zero,12345,38,-0.027909763926802687,0.2581678153942855,0.6692547798156738,0.7602845430374146,0.3792581856250763
Body,Scene_unrelated_equal4_zero,12345,40,0.24854439079240373,0.6986918684162032,0.574161946773529,0.6978569030761719,0.26343780755996704
Body,Scene_unrelated_equal4_zero,12345,59,0.02497191479458566,0.30306491647365214,0.6575926542282104,0.44835415482521057,0.01741020753979683
Body,Scene_unrelated_equal4_zero,12345,88,0.11338033225983335,0.22121709178032875,0.7267189025878906,0.4255692958831787,0.011263910681009293
Body,Scene_unrelated_equal4_zero,12345,116,0.09303047976369284,0.21164802904735278,0.777074933052063,0.46099942922592163,0.11063622683286667
Body,Scene_unrelated_equal4_zero,12345,133,-0.03489349096118615,0.6363216266001491,0.6720256805419922,0.45805567502975464,-0.00495552085340023
Body,Scene_unrelated_equal4_zero,12345,161,0.05191610698184932,0.3887053595414924,0.6457821726799011,0.773985743522644,0.7011814117431641
Body,Scene_unrelated_equal4_zero,12345,170,-0.0690573543216902,0.24507982241191684,0.6372721195220947,0.6501383185386658,0.13900727033615112
Body,Scene_unrelated_equal4_zero,12345,179,-0.15428933471197215,0.2578520269481925,0.7413005828857422,0.5825110673904419,0.04908010736107826
Body,Scene_unrelated_equal4_zero,12345,220,-0.13019888126755694,0.4260838340638772,0.6778626441955566,0.4433857202529907,0.10031262040138245
Body,Scene_unrelated_equal4_zero,12345,233,0.04895550354933346,0.16195565933098177,0.67290198802948,0.48383772373199463,-0.002108926884829998
Body,Scene_unrelated_equal4_zero,12345,257,-0.06189325446844517,0.24074793176767698,0.6623455882072449,0.45495060086250305,-0.011413602158427238
Body,Scene_unrelated_equal4_zero,12345,290,-0.10699452119996306,0.2592949273192517,0.7549440264701843,0.47233328223228455,0.15977442264556885
Body,Scene_unrelated_equal4_zero,12345,331,0.19071820576314133,0.26783297833004815,0.7684175968170166,0.46880871057510376,-0.021070513874292374
Body,Scene_unrelated_equal4_zero,12345,339,0.05592665857155565,0.3607701042578956,0.6789721250534058,0.7723787426948547,0.6655100584030151
Body,Scene_unrelated_equal4_zero,12345,355,-0.15630470333586713,0.5523882300435368,0.7484670877456665,0.7181796431541443,0.7213809490203857
Body,Scene_unrelated_equal4_zero,12345,366,-0.09489866581055119,0.3997508640029752,0.7336646318435669,0.6711665391921997,0.19352774322032928
Body,Scene_unrelated_equal4_zero,12345,474,0.2199049060906102,0.232472572712381,0.6646918058395386,0.3645554184913635,0.13153280317783356
Body,Scene_unrelated_equal4_zero,12345,492,0.13906541064778793,0.41735704133748425,0.636785089969635,0.6585421562194824,0.34858769178390503
Body,Scene_unrelated_equal4_zero,12345,527,0.2436829062231003,0.212729943957458,0.7698243856430054,0.4573504626750946,0.15337276458740234
Body,Scene_unrelated_equal4_zero,12345,530,-0.1568844183177016,0.4725994095223543,0.6629688143730164,0.630907416343689,0.2962689995765686
Body,Scene_unrelated_equal4_zero,12345,542,-0.13253446743681627,0.3137705322825055,0.6494355201721191,0.6183261871337891,0.2585429549217224
Body,Scene_unrelated_equal4_zero,12345,574,-0.003886300629710789,0.5607632516625288,0.6576080322265625,0.6061843633651733,0.6980681419372559
Body,Scene_unrelated_equal4_zero,12345,597,-0.09255933691102018,0.2704143551785781,0.7302039861679077,0.6483286619186401,0.08768001198768616
Body,Scene_unrelated_equal4_zero,12345,619,0.03969895468936911,0.1983552595772266,0.6854314804077148,0.643473744392395,0.5653132796287537
Body,Scene_unrelated_equal4_zero,12345,656,0.05151122543879677,0.20153235807185801,0.6554164290428162,0.5317027568817139,0.07367067784070969
Body,Scene_unrelated_equal4_zero,12345,661,-0.13441094116945532,0.3204964188508676,0.6877869963645935,0.6367541551589966,0.31049293279647827
Body,Scene_unrelated_equal4_zero,12345,664,0.05093370246999686,0.483564053404862,0.7318687438964844,0.8028515577316284,0.5725476741790771
Body,Scene_unrelated_equal4_zero,12345,698,-0.13795190940414834,0.2683151718541927,0.7689818143844604,0.6338266134262085,0.09911543130874634
Body,Scene_unrelated_equal4_zero,12345,700,0.19935970260497599,0.27165225411020727,0.7171308398246765,0.37712210416793823,0.1817767471075058
Body,Scene_unrelated_equal4_zero,12345,716,-0.04371860150984063,0.2369279866160321,0.6897733211517334,0.5389891266822815,0.18486851453781128
Body,Scene_unrelated_equal4_zero,12345,765,-0.00474620805246158,0.3162958174285908,0.7212606072425842,0.6124887466430664,0.1868889480829239
Body,Scene_unrelated_equal4_zero,12345,771,0.025024104950104424,0.37669844847109735,0.7068629264831543,0.583259105682373,0.18290391564369202
Body,Scene_unrelated_equal4_zero,12345,786,-0.002700437573994723,0.07860798031549773,0.854885458946228,0.6015625596046448,0.24933458864688873
Body,Scene_unrelated_equal4_zero,12345,806,-0.06705676062452276,0.24011096351717004,0.6751530170440674,0.4562281370162964,0.11439955234527588
Body,Scene_unrelated_equal4_zero,12345,813,0.11364192513020586,0.19629323173454452,0.7099173665046692,0.5194710493087769,-0.0015798676759004593
Body,Scene_unrelated_equal4_zero,12345,816,-0.0831072952939842,0.202736075523587,0.6783156991004944,0.3731606602668762,0.13767072558403015
Body,Scene_unrelated_equal4_zero,12345,822,0.3198351093434119,0.3540933253474359,0.6243393421173096,0.4290305972099304,0.07227875292301178
Body,Scene_unrelated_equal4_zero,12345,826,0.4681996434635375,0.3935459926930799,0.6654457449913025,0.3769189715385437,0.06986354291439056
Body,Scene_unrelated_equal4_zero,12345,847,-0.04848112774706651,0.298121667755671,0.6826675534248352,0.5994366407394409,0.04574446380138397
Body,Scene_unrelated_equal4_zero,12345,876,-0.09867763722512621,0.12358526407619685,0.7416172623634338,0.4914073944091797,0.06070356443524361
Body,Scene_unrelated_equal4_zero,12345,891,-0.11545098201032797,0.07194201849849473,0.7426990866661072,0.5288510918617249,0.05959851294755936
Body,Scene_unrelated_equal4_zero,12345,919,-0.07094853660435495,0.150335747629096,0.7358766794204712,0.5262178182601929,0.13852062821388245
Body,Scene_unrelated_equal4_zero,12345,931,0.07193331249857335,0.28865108438129594,0.6522254347801208,0.7866405248641968,0.6772925853729248
Body,Scene_unrelated_equal4_zero,12345,933,-0.1047799811895874,0.3438335590774079,0.7435641884803772,0.4750719666481018,0.1686829924583435
Body,Scene_unrelated_equal4_zero,12345,941,0.004458441721219179,0.340867955355971,0.6616989374160767,0.5542622804641724,0.27885523438453674
Body,Scene_unrelated_equal4_zero,12345,960,-0.005857885479083888,0.34751132804744406,0.8032211065292358,0.5495240092277527,0.02409181371331215
Body,Scene_unrelated_equal4_zero,12345,968,0.057280621405307056,0.12231972408144613,0.67521071434021,0.6328573822975159,0.24761365354061127
Body,Scene_unrelated_equal4_zero,12345,989,0.03494489676024584,0.5091392684950264,0.7320161461830139,0.8280446529388428,0.7874130606651306
Body,no_mask,12345,21,0.06432817153643916,0.22534238281676572,0.652892529964447,0.751359224319458,0.6236374378204346
Body,no_mask,12345,38,-0.031954056505539424,0.2554743913290706,0.6729453206062317,0.7253900766372681,0.3653172254562378
Body,no_mask,12345,40,0.24723432861012945,0.7038116787554429,0.5782890915870667,0.7060250639915466,0.25156068801879883
Body,no_mask,12345,59,0.03037590225857392,0.3000475705161679,0.6574431657791138,0.43342292308807373,0.028376644477248192
Body,no_mask,12345,88,0.11888339311972301,0.23529035856341415,0.7378708720207214,0.4823094606399536,0.027370532974600792
Body,no_mask,12345,116,0.024581808538868318,0.2391027142976287,0.7804334163665771,0.4217863082885742,0.26546406745910645
Body,no_mask,12345,133,-0.06371674304067095,0.603746820375917,0.6709418296813965,0.44116413593292236,0.04505673050880432
Body,no_mask,12345,161,0.04306475657115125,0.40452192718502356,0.6531692743301392,0.788754940032959,0.6598889827728271
Body,no_mask,12345,170,-0.06421037835000086,0.23449127408977918,0.6417778730392456,0.6530873775482178,-0.026197358965873718
Body,no_mask,12345,179,0.028118104160087993,0.23916724150256646,0.8203951120376587,0.5626060962677002,0.04571125656366348
Body,no_mask,12345,220,-0.14297189321554613,0.42146190484882085,0.7014921307563782,0.3515928387641907,0.040916625410318375
Body,no_mask,12345,233,0.04725166163340347,0.16425734784643486,0.6772648692131042,0.4860965609550476,0.007623810321092606
Body,no_mask,12345,257,-0.0607924318169207,0.24116473286515205,0.6505735516548157,0.5141611695289612,0.07968977838754654
Body,no_mask,12345,290,-0.09464517909074686,0.25797669243154364,0.7476325631141663,0.5758741497993469,0.20757928490638733
Body,no_mask,12345,331,0.20512696371692887,0.2800670539741242,0.7684375047683716,0.4536590576171875,-0.023038670420646667
Body,no_mask,12345,339,0.05610000801263703,0.36463105759145226,0.6785685420036316,0.7915928959846497,0.6338702440261841
Body,no_mask,12345,355,-0.011754393028901642,0.5209839967582658,0.7402209043502808,0.6543141603469849,0.6421627998352051
Body,no_mask,12345,366,-0.11337976758929498,0.3868244767957292,0.7353141903877258,0.6389050483703613,0.08386699110269547
Body,no_mask,12345,474,0.22105794913997762,0.24491002211627344,0.6690241098403931,0.4085118770599365,0.11467687785625458
Body,no_mask,12345,492,0.18048212591226945,0.40492418857962476,0.620682418346405,0.6954163312911987,0.42187395691871643
Body,no_mask,12345,527,0.24552224144816945,0.19509567861245022,0.7690572738647461,0.4158802926540375,0.1844063699245453
Body,no_mask,12345,530,-0.15181597689292356,0.48389765843877913,0.6670783162117004,0.6242846250534058,0.4019196033477783
Body,no_mask,12345,542,-0.11575846340979563,0.32768969033642303,0.633335530757904,0.6512573957443237,0.1676298975944519
Body,no_mask,12345,574,0.007482610744070733,0.5206485612968139,0.6592316627502441,0.6160504221916199,0.689601480960846
Body,no_mask,12345,597,-0.08907741186378429,0.28616519801528534,0.7220290303230286,0.5906003713607788,0.07273115962743759
Body,no_mask,12345,619,0.011543495332864305,0.21476406562109632,0.7006860375404358,0.7600244283676147,0.5891945362091064
Body,no_mask,12345,656,0.0838643361301589,0.21717405427715297,0.6645704507827759,0.5281467437744141,0.05614994838833809
Body,no_mask,12345,661,-0.14426655786133616,0.30670941731343593,0.6812126040458679,0.6143611669540405,0.26795056462287903
Body,no_mask,12345,664,0.06015430702979642,0.47960431897826483,0.7342092990875244,0.8446637392044067,0.5669971108436584
Body,no_mask,12345,698,-0.12124843067761672,0.268730141859327,0.7632567286491394,0.596225917339325,0.07733678072690964
Body,no_mask,12345,700,0.20078273108688002,0.2735359316000171,0.7033413648605347,0.44420820474624634,0.2522924840450287
Body,no_mask,12345,716,-0.07003514056428942,0.21290676922549093,0.6629226207733154,0.4361938238143921,0.030892526730895042
Body,no_mask,12345,765,-0.026273636487619424,0.3310981035354057,0.7063997983932495,0.5840054750442505,0.24759426712989807
Body,no_mask,12345,771,0.03806084223457584,0.38657296212366016,0.7077711820602417,0.6967254877090454,0.4475959539413452
Body,no_mask,12345,786,0.019808239228558108,0.07967965891567606,0.829561173915863,0.6424484848976135,0.33925628662109375
Body,no_mask,12345,806,-0.04858421934225812,0.21518035759478574,0.6400416493415833,0.5366472005844116,0.11849985271692276
Body,no_mask,12345,813,0.0987551372903709,0.19966292358387597,0.7147595286369324,0.5047104358673096,0.06130509823560715
Body,no_mask,12345,816,-0.09309153741046627,0.20060213993855072,0.681126058101654,0.380584716796875,0.14463268220424652
Body,no_mask,12345,822,0.32536163054325806,0.3485066982359283,0.6209125518798828,0.4202282726764679,0.05845501646399498
Body,no_mask,12345,826,0.47674123370851934,0.3968455842639964,0.6637207269668579,0.3759279251098633,0.05127282813191414
Body,no_mask,12345,847,-0.023023453779171848,0.31483713112392436,0.6723765730857849,0.6331748962402344,0.1754550337791443
Body,no_mask,12345,876,-0.08450439699437841,0.12190822274038017,0.7351834774017334,0.37773528695106506,-0.01690293289721012
Body,no_mask,12345,891,-0.12938142293403318,0.0784048993724378,0.7438279986381531,0.5456979274749756,0.10839049518108368
Body,no_mask,12345,919,-0.0880634607437725,0.15268013203948083,0.7461941838264465,0.42745786905288696,0.08305776119232178
Body,no_mask,12345,931,0.08554160568597433,0.29313692928289525,0.6719454526901245,0.7324702143669128,0.7382659912109375
Body,no_mask,12345,933,-0.04444449621561852,0.34413892438326477,0.7317396402359009,0.5935676097869873,0.26793694496154785
Body,no_mask,12345,941,-0.04325136720696574,0.34315618454296487,0.6690236330032349,0.5138432383537292,0.15443828701972961
Body,no_mask,12345,960,0.03659237068461235,0.3107759800539414,0.7234494090080261,0.6417917013168335,0.057781413197517395
Body,no_mask,12345,968,0.05072750929401608,0.1202716957430395,0.6815416216850281,0.6641731262207031,0.16325300931930542
Body,no_mask,12345,989,0.09003199043525532,0.5233157448091921,0.6820672750473022,0.8162100315093994,0.776313304901123
Body,no_mask_repeat,12345,21,0.06432817153643916,0.22534238281676572,0.652892529964447,0.751359224319458,0.6236374378204346
Body,no_mask_repeat,12345,38,-0.031954056505539424,0.2554743913290706,0.6729453206062317,0.7253900766372681,0.3653172254562378
Body,no_mask_repeat,12345,40,0.24723432861012945,0.7038116787554429,0.5782890915870667,0.7060250639915466,0.25156068801879883
Body,no_mask_repeat,12345,59,0.03037590225857392,0.3000475705161679,0.6574431657791138,0.43342292308807373,0.028376644477248192
Body,no_mask_repeat,12345,88,0.11888339311972301,0.23529035856341415,0.7378708720207214,0.4823094606399536,0.027370532974600792
Body,no_mask_repeat,12345,116,0.024581808538868318,0.2391027142976287,0.7804335355758667,0.4217863082885742,0.26546406745910645
Body,no_mask_repeat,12345,133,-0.06371674304067095,0.603746820375917,0.6709418296813965,0.44116413593292236,0.04505673050880432
Body,no_mask_repeat,12345,161,0.04306475657115125,0.40452192718502356,0.6531692743301392,0.788754940032959,0.6598889827728271
Body,no_mask_repeat,12345,170,-0.06421037835000086,0.23449127408977918,0.6417778730392456,0.6530873775482178,-0.026197358965873718
Body,no_mask_repeat,12345,179,0.028118104160087993,0.23916724150256646,0.8203951120376587,0.5626060962677002,0.04571125656366348
Body,no_mask_repeat,12345,220,-0.14297189321554613,0.42146190484882085,0.7014921307563782,0.3515928387641907,0.040916625410318375
Body,no_mask_repeat,12345,233,0.04725166163340347,0.16425734784643486,0.6772648692131042,0.4860965609550476,0.007623810321092606
Body,no_mask_repeat,12345,257,-0.0607924318169207,0.24116473286515205,0.6505736112594604,0.5141611695289612,0.07968977838754654
Body,no_mask_repeat,12345,290,-0.09464517909074686,0.25797669243154364,0.7476325035095215,0.5758741497993469,0.20757928490638733
Body,no_mask_repeat,12345,331,0.20512696371692887,0.2800670539741242,0.7684375047683716,0.4536590576171875,-0.023038670420646667
Body,no_mask_repeat,12345,339,0.05610000801263703,0.36463105759145226,0.6785685420036316,0.7915928959846497,0.6338702440261841
Body,no_mask_repeat,12345,355,-0.011754393028901642,0.5209839967582658,0.7402209043502808,0.6543141603469849,0.6421627998352051
Body,no_mask_repeat,12345,366,-0.11337976758929498,0.3868244767957292,0.7353142499923706,0.6389050483703613,0.08386699110269547
Body,no_mask_repeat,12345,474,0.22105794913997762,0.24491002211627344,0.6690241098403931,0.4085118770599365,0.11467687785625458
Body,no_mask_repeat,12345,492,0.18048212591226945,0.40492418857962476,0.620682418346405,0.6954163312911987,0.42187395691871643
Body,no_mask_repeat,12345,527,0.24552224144816945,0.19509567861245022,0.7690573334693909,0.4158802926540375,0.1844063699245453
Body,no_mask_repeat,12345,530,-0.15181597689292356,0.48389765843877913,0.6670783758163452,0.6242846250534058,0.4019196033477783
Body,no_mask_repeat,12345,542,-0.11575846340979563,0.32768969033642303,0.6333355903625488,0.6512573957443237,0.1676298975944519
Body,no_mask_repeat,12345,574,0.007482610744070733,0.5206485612968139,0.6592316627502441,0.6160504221916199,0.689601480960846
Body,no_mask_repeat,12345,597,-0.08907741186378429,0.28616519801528534,0.7220290303230286,0.5906003713607788,0.07273115962743759
Body,no_mask_repeat,12345,619,0.011543495332864305,0.21476406562109632,0.7006860375404358,0.7600244283676147,0.5891945362091064
Body,no_mask_repeat,12345,656,0.0838643361301589,0.21717405427715297,0.6645705103874207,0.5281467437744141,0.05614994838833809
Body,no_mask_repeat,12345,661,-0.14426655786133616,0.30670941731343593,0.6812126040458679,0.6143611669540405,0.26795056462287903
Body,no_mask_repeat,12345,664,0.06015430702979642,0.47960431897826483,0.7342092990875244,0.8446637392044067,0.5669971108436584
Body,no_mask_repeat,12345,698,-0.12124843067761672,0.268730141859327,0.7632567286491394,0.596225917339325,0.07733678072690964
Body,no_mask_repeat,12345,700,0.20078273108688002,0.2735359316000171,0.7033413648605347,0.44420820474624634,0.2522924840450287
Body,no_mask_repeat,12345,716,-0.07003514056428942,0.21290676922549093,0.6629226207733154,0.4361938238143921,0.030892526730895042
Body,no_mask_repeat,12345,765,-0.026273636487619424,0.3310981035354057,0.7063997983932495,0.5840054750442505,0.24759426712989807
Body,no_mask_repeat,12345,771,0.03806084223457584,0.38657296212366016,0.7077711224555969,0.6967254877090454,0.4475959539413452
Body,no_mask_repeat,12345,786,0.019808239228558108,0.07967965891567606,0.829561173915863,0.6424484848976135,0.33925628662109375
Body,no_mask_repeat,12345,806,-0.04858421934225812,0.21518035759478574,0.640041708946228,0.5366472005844116,0.11849985271692276
Body,no_mask_repeat,12345,813,0.0987551372903709,0.19966292358387597,0.7147595286369324,0.5047104358673096,0.06130509823560715
Body,no_mask_repeat,12345,816,-0.09309153741046627,0.20060213993855072,0.681126058101654,0.380584716796875,0.14463268220424652
Body,no_mask_repeat,12345,822,0.32536163054325806,0.3485066982359283,0.6209126710891724,0.4202282726764679,0.05845501646399498
Body,no_mask_repeat,12345,826,0.47674123370851934,0.3968455842639964,0.6637207269668579,0.3759279251098633,0.05127282813191414
Body,no_mask_repeat,12345,847,-0.023023453779171848,0.31483713112392436,0.6723765730857849,0.6331748962402344,0.1754550337791443
Body,no_mask_repeat,12345,876,-0.08450439699437841,0.12190822274038017,0.7351834774017334,0.37773528695106506,-0.01690293289721012
Body,no_mask_repeat,12345,891,-0.12938142293403318,0.0784048993724378,0.7438279986381531,0.5456979274749756,0.10839049518108368
Body,no_mask_repeat,12345,919,-0.0880634607437725,0.15268013203948083,0.7461942434310913,0.42745786905288696,0.08305776119232178
Body,no_mask_repeat,12345,931,0.08554160568597433,0.29313692928289525,0.6719454526901245,0.7324702143669128,0.7382659912109375
Body,no_mask_repeat,12345,933,-0.04444449621561852,0.34413892438326477,0.7317396402359009,0.5935676097869873,0.26793694496154785
Body,no_mask_repeat,12345,941,-0.04325136720696574,0.34315618454296487,0.6690236330032349,0.5138432383537292,0.15443828701972961
Body,no_mask_repeat,12345,960,0.03659237068461235,0.3107759800539414,0.7234494090080261,0.6417917013168335,0.057781413197517395
Body,no_mask_repeat,12345,968,0.05072750929401608,0.1202716957430395,0.6815416216850281,0.6641731262207031,0.16325300931930542
Body,no_mask_repeat,12345,989,0.09003199043525532,0.5233157448091921,0.6820672750473022,0.8162100315093994,0.776313304901123
Body,Body_equal4_zero,23456,21,-0.15106743141699566,0.25389733811257065,0.7250362634658813,0.7053362727165222,0.6042712926864624
Body,Body_equal4_zero,23456,38,0.31142066129569246,0.2983874902220731,0.6265085339546204,0.8263562321662903,0.2968065142631531
Body,Body_equal4_zero,23456,40,0.34398726888872694,0.7200950526038251,0.5203708410263062,0.6894880533218384,0.3100486099720001
Body,Body_equal4_zero,23456,59,-0.03868198485657202,0.20920257722343952,0.6786519885063171,0.8125266432762146,0.7061518430709839
Body,Body_equal4_zero,23456,88,-0.3772427095159239,0.24274212571661402,0.7681781053543091,0.3826225697994232,0.16510602831840515
Body,Body_equal4_zero,23456,116,-0.04103506245529998,0.2563376115052138,0.704883873462677,0.7110099792480469,0.7932988405227661
Body,Body_equal4_zero,23456,133,-0.10167972648216927,0.6049461263682219,0.6645267605781555,0.38914787769317627,0.058382876217365265
Body,Body_equal4_zero,23456,161,-0.24720458070481618,0.3700079991865892,0.6270760893821716,0.6657449007034302,0.49926915764808655
Body,Body_equal4_zero,23456,170,0.024690921808938546,0.3160916731150453,0.6470938920974731,0.5262523889541626,-0.02404748648405075
Body,Body_equal4_zero,23456,179,0.20704167315763755,0.26782289922592106,0.7353740334510803,0.6454205513000488,0.21740974485874176
Body,Body_equal4_zero,23456,220,0.2780431768178465,0.43638972996285524,0.6637686491012573,0.6396730542182922,0.5759950876235962
Body,Body_equal4_zero,23456,233,0.022979916064123578,0.2145925133296193,0.6968230605125427,0.532782793045044,0.261957585811615
Body,Body_equal4_zero,23456,257,0.11615054860964215,0.2435662686536809,0.6669137477874756,0.4936569929122925,0.053049422800540924
Body,Body_equal4_zero,23456,290,0.3835977966127795,0.3091100470591957,0.7657767534255981,0.6546124815940857,0.42098483443260193
Body,Body_equal4_zero,23456,331,0.049570870302886455,0.22506527814836885,0.7629474401473999,0.5559073686599731,0.04244741052389145
Body,Body_equal4_zero,23456,339,0.11477328587492514,0.25326217451169525,0.6716760993003845,0.7392744421958923,0.38131383061408997
Body,Body_equal4_zero,23456,355,-0.18151482385525486,0.5915451514696012,0.602776288986206,0.7618721127510071,0.8103416562080383
Body,Body_equal4_zero,23456,366,0.21771891554567602,0.34908447326587533,0.6984829902648926,0.5812197923660278,0.19884920120239258
Body,Body_equal4_zero,23456,474,-0.27193838175623564,0.18203391606416647,0.6735733151435852,0.4441227316856384,0.15617913007736206
Body,Body_equal4_zero,23456,492,-0.18869954511344184,0.3771360767848927,0.6423712968826294,0.743809700012207,0.543003261089325
Body,Body_equal4_zero,23456,527,0.035541177911768335,0.3235988946011669,0.7353469133377075,0.580605685710907,0.26522359251976013
Body,Body_equal4_zero,23456,530,0.28898910597547134,0.4501109217241307,0.6596827507019043,0.5974592566490173,0.14319011569023132
Body,Body_equal4_zero,23456,542,0.03590046483261854,0.29651751691627015,0.6533824801445007,0.5616040229797363,0.2968725860118866
Body,Body_equal4_zero,23456,574,-0.018238039302747883,0.5765396290702619,0.6232644319534302,0.5642817616462708,0.7542007565498352
Body,Body_equal4_zero,23456,597,0.10399903426565747,0.3120112757026331,0.7844220399856567,0.6232967376708984,0.11224283277988434
Body,Body_equal4_zero,23456,619,-0.08662101596949526,0.21223645538861072,0.7627672553062439,0.45487716794013977,-0.07683564722537994
Body,Body_equal4_zero,23456,656,-0.045051647965654106,0.2087246181918462,0.6903243660926819,0.7467455863952637,0.28792548179626465
Body,Body_equal4_zero,23456,661,-0.011344227348447469,0.296811640651108,0.6839300394058228,0.6356428861618042,0.33608144521713257
Body,Body_equal4_zero,23456,664,0.21955736849396437,0.43175619020084377,0.642782986164093,0.8679802417755127,0.8218802213668823
Body,Body_equal4_zero,23456,698,0.13906607549988353,0.2191795656659561,0.6738808155059814,0.5385161638259888,0.278903067111969
Body,Body_equal4_zero,23456,700,0.19542720387584742,0.2906042760182017,0.7870113849639893,0.3997213840484619,0.28913724422454834
Body,Body_equal4_zero,23456,716,-0.13869675895827127,0.26103740718165513,0.6942615509033203,0.5548202991485596,0.1876496970653534
Body,Body_equal4_zero,23456,765,0.10234672139141499,0.31779770916077893,0.7273980975151062,0.718706488609314,0.187930166721344
Body,Body_equal4_zero,23456,771,0.026637900207539027,0.2839918495666214,0.6705578565597534,0.5939450263977051,0.1807273030281067
Body,Body_equal4_zero,23456,786,0.015050715612395776,0.07632917438258359,0.8694201111793518,0.6042263507843018,0.31816160678863525
Body,Body_equal4_zero,23456,806,-0.10841585211483871,0.2049524228202994,0.637093722820282,0.6098039150238037,0.3348903954029083
Body,Body_equal4_zero,23456,813,0.09911565812864781,0.25863662137646926,0.7266056537628174,0.5165988802909851,0.017644379287958145
Body,Body_equal4_zero,23456,816,0.18829795039916278,0.22574090920108242,0.6271119117736816,0.40507954359054565,0.17910513281822205
Body,Body_equal4_zero,23456,822,0.0895239377287737,0.24831104237874194,0.6104683876037598,0.7487545013427734,0.7749276161193848
Body,Body_equal4_zero,23456,826,0.5026070041599381,0.41826396910283864,0.7161520719528198,0.5218343734741211,0.05316237360239029
Body,Body_equal4_zero,23456,847,-0.021459027696727802,0.3959971520595445,0.6751402020454407,0.6756308674812317,0.37534356117248535
Body,Body_equal4_zero,23456,876,0.08323597193641996,0.15160538587716346,0.7757514715194702,0.6210195422172546,0.1645408570766449
Body,Body_equal4_zero,23456,891,0.11470376251121274,0.1200367843523001,0.6515231132507324,0.5270329713821411,0.021563809365034103
Body,Body_equal4_zero,23456,919,0.23959739314344314,0.1703828258428279,0.6936933994293213,0.49508553743362427,0.01053226925432682
Body,Body_equal4_zero,23456,931,-0.04768075313107229,0.21217472219092015,0.6818307042121887,0.7461403012275696,0.7063144445419312
Body,Body_equal4_zero,23456,933,0.2920140158298703,0.3387695832245153,0.5465508699417114,0.5880267024040222,0.52610844373703
Body,Body_equal4_zero,23456,941,0.10490989448555899,0.24851986217217087,0.6594147086143494,0.5172533988952637,0.09209798276424408
Body,Body_equal4_zero,23456,960,-0.13574382817744712,0.26322367264936414,0.7279849052429199,0.6026370525360107,0.037577517330646515
Body,Body_equal4_zero,23456,968,0.21000241139782796,0.15685588201600248,0.7443677186965942,0.5041290521621704,0.08207805454730988
Body,Body_equal4_zero,23456,989,0.1925023757542948,0.5318014640172828,0.6726823449134827,0.8374780416488647,0.49825331568717957
Body,Body_full_zero,23456,21,-0.16696468389255723,0.28033250258039166,0.7923399806022644,0.5532822608947754,0.313809335231781
Body,Body_full_zero,23456,38,0.3322825382298576,0.2994372544650979,0.6315168142318726,0.787824809551239,0.46001100540161133
Body,Body_full_zero,23456,40,0.36528508603659093,0.7183872881102085,0.532448947429657,0.6855279207229614,0.15257075428962708
Body,Body_full_zero,23456,59,-0.026547999417595003,0.2109177940948999,0.6419370174407959,0.7688241004943848,0.7064316868782043
Body,Body_full_zero,23456,88,-0.3474400890927864,0.23584382907642643,0.7684339880943298,0.340584933757782,0.1785004734992981
Body,Body_full_zero,23456,116,-0.02362033606424398,0.31582578171128034,0.7659010291099548,0.6080947518348694,0.7423425912857056
Body,Body_full_zero,23456,133,-0.11285871309223111,0.6035496687325597,0.664826512336731,0.39243924617767334,0.09794199466705322
Body,Body_full_zero,23456,161,-0.2563065194542273,0.35996450953337344,0.6336891651153564,0.6106680631637573,0.5063443779945374
Body,Body_full_zero,23456,170,0.09036730687175146,0.2981458910532785,0.6539880633354187,0.501933217048645,0.013524666428565979
Body,Body_full_zero,23456,179,0.1953938309858511,0.27929455268918196,0.7491435408592224,0.6267852783203125,0.17956238985061646
Body,Body_full_zero,23456,220,0.30246731305142815,0.4352881227738756,0.6607629060745239,0.5659663677215576,0.6821147203445435
Body,Body_full_zero,23456,233,0.001607111017574609,0.208006817117988,0.7214598655700684,0.5155966877937317,0.10377900302410126
Body,Body_full_zero,23456,257,0.12457306370405609,0.26568559707847755,0.6500470042228699,0.5043622255325317,0.03423692658543587
Body,Body_full_zero,23456,290,0.20873338895961568,0.2939314891590585,0.8190963268280029,0.48932379484176636,0.16067534685134888
Body,Body_full_zero,23456,331,-0.023770070230330894,0.22482927230815938,0.755288302898407,0.484478235244751,0.0482804998755455
Body,Body_full_zero,23456,339,0.08338335731176592,0.26158760548446197,0.6715186834335327,0.7239170074462891,0.446591854095459
Body,Body_full_zero,23456,355,-0.1598364035827186,0.6097908054732857,0.6143176555633545,0.7195188403129578,0.7973750233650208
Body,Body_full_zero,23456,366,0.1397182161925773,0.32134718024624054,0.7764638066291809,0.6501688957214355,0.13199003040790558
Body,Body_full_zero,23456,474,-0.28845713029344233,0.17992318034048035,0.6814471483230591,0.425727903842926,0.14164184033870697
Body,Body_full_zero,23456,492,-0.1810079185983391,0.39108800399993254,0.6521495580673218,0.7040897607803345,0.6553248167037964
Body,Body_full_zero,23456,527,0.07034470829523017,0.3595871675948352,0.7284923791885376,0.662649393081665,0.29989421367645264
Body,Body_full_zero,23456,530,0.22338400087511864,0.42673452232871106,0.6835671067237854,0.41700947284698486,0.004538416862487793
Body,Body_full_zero,23456,542,-0.04170942928458751,0.30372381682085503,0.6723394989967346,0.6311827898025513,0.11912699043750763
Body,Body_full_zero,23456,574,-0.029886081311766788,0.5539793589730272,0.6353042721748352,0.6597235202789307,0.696868360042572
Body,Body_full_zero,23456,597,0.11053829637723421,0.3135889848214153,0.7756513357162476,0.6290197372436523,0.08000947535037994
Body,Body_full_zero,23456,619,-0.06348326505294821,0.22412193749430218,0.7152895331382751,0.4969485402107239,0.006745823659002781
Body,Body_full_zero,23456,656,-0.04692676836187392,0.22598265777917315,0.6977605223655701,0.7579177021980286,0.3149833083152771
Body,Body_full_zero,23456,661,-0.03610518268102568,0.2862078483074879,0.6546692252159119,0.5554633140563965,0.378510981798172
Body,Body_full_zero,23456,664,0.2364125812721118,0.4218584004394501,0.6572563648223877,0.8427833318710327,0.7872837781906128
Body,Body_full_zero,23456,698,0.14475905071209663,0.2185162415903454,0.6684129238128662,0.5707681775093079,0.33755120635032654
Body,Body_full_zero,23456,700,0.2856350917738977,0.30047945749192895,0.7963308691978455,0.3396572470664978,0.11170758306980133
Body,Body_full_zero,23456,716,-0.11446003354624748,0.26381454333869864,0.6918522119522095,0.6213396191596985,0.11263850331306458
Body,Body_full_zero,23456,765,0.1083969689888213,0.334506258281237,0.7478774785995483,0.6215054988861084,0.20828521251678467
Body,Body_full_zero,23456,771,-0.02128217550924382,0.2776406713819961,0.6772735118865967,0.6418540477752686,0.24489575624465942
Body,Body_full_zero,23456,786,-0.050349985184134784,0.07636926139089473,0.8399667739868164,0.5870718955993652,0.28156429529190063
Body,Body_full_zero,23456,806,-0.10120249304513705,0.22977343547056672,0.6675415635108948,0.5058059692382812,0.4202779531478882
Body,Body_full_zero,23456,813,0.10216958777614228,0.2667087892699144,0.7278153300285339,0.47550487518310547,0.09473766386508942
Body,Body_full_zero,23456,816,0.21066996202864258,0.2325507151813336,0.6109715700149536,0.33404791355133057,0.14222410321235657
Body,Body_full_zero,23456,822,0.12466648414116059,0.3026155606734541,0.6331042647361755,0.7155668139457703,0.7263944149017334
Body,Body_full_zero,23456,826,0.6157721951970627,0.4320029131198305,0.7390496134757996,0.3869721293449402,0.03813352435827255
Body,Body_full_zero,23456,847,-0.01990128081330163,0.3759859895957831,0.6701940298080444,0.6417799592018127,0.24588988721370697
Body,Body_full_zero,23456,876,0.07933587799210438,0.14872118991136868,0.7864846587181091,0.5795320272445679,0.11440442502498627
Body,Body_full_zero,23456,891,0.09265999823848275,0.13820981982825004,0.6509818434715271,0.4784042239189148,0.004095753189176321
Body,Body_full_zero,23456,919,0.23918200975571027,0.169935474628706,0.7232847213745117,0.5162777900695801,0.03027869015932083
Body,Body_full_zero,23456,931,-0.05878798447446014,0.2560118029050284,0.6901727914810181,0.767156183719635,0.7953435182571411
Body,Body_full_zero,23456,933,0.2720505093109163,0.34797548334278317,0.5399051308631897,0.6016386151313782,0.43593263626098633
Body,Body_full_zero,23456,941,0.1188514646501234,0.339591842105054,0.6530612111091614,0.5169215202331543,0.0734594464302063
Body,Body_full_zero,23456,960,-0.21070711231575537,0.20796854121899006,0.7016398906707764,0.6215970516204834,0.06270676106214523
Body,Body_full_zero,23456,968,0.19195434067844608,0.15357583026708024,0.7858186960220337,0.5720512866973877,0.09503347426652908
Body,Body_full_zero,23456,989,0.16714163241326047,0.5198380553372094,0.6511479020118713,0.7810083031654358,0.46486696600914
Body,Body_random_equal4_01_zero,23456,21,-0.1621945726730514,0.2586590440239722,0.7140191197395325,0.664913535118103,0.5307756662368774
Body,Body_random_equal4_01_zero,23456,38,0.3314857836873189,0.30317554598408597,0.6172785758972168,0.8198736906051636,0.2820563316345215
Body,Body_random_equal4_01_zero,23456,40,0.36431866957969083,0.7215130348835579,0.5220685005187988,0.6776041984558105,0.21866360306739807
Body,Body_random_equal4_01_zero,23456,59,-0.011822759231144252,0.22023693431303207,0.6943308711051941,0.7983741760253906,0.6867619156837463
Body,Body_random_equal4_01_zero,23456,88,-0.38457564148279516,0.23661522992901302,0.7780830264091492,0.30495119094848633,0.10029049962759018
Body,Body_random_equal4_01_zero,23456,116,-0.03322364397597866,0.27248206458198365,0.7661271095275879,0.6873806715011597,0.7692820429801941
Body,Body_random_equal4_01_zero,23456,133,-0.04136598712580014,0.6431297840168062,0.6719503998756409,0.3824191689491272,0.00423536729067564
Body,Body_random_equal4_01_zero,23456,161,-0.26031659966481535,0.36197165627697653,0.6426547169685364,0.721904993057251,0.49358126521110535
Body,Body_random_equal4_01_zero,23456,170,0.01883479656309472,0.3040722986937762,0.622536838054657,0.5818262696266174,0.0009730979800224304
Body,Body_random_equal4_01_zero,23456,179,0.20640490280651377,0.2562119572618398,0.7191181778907776,0.605172872543335,0.21958811581134796
Body,Body_random_equal4_01_zero,23456,220,0.26874105585158176,0.4347218571858281,0.660893440246582,0.6246463656425476,0.5264238715171814
Body,Body_random_equal4_01_zero,23456,233,0.042139887368893424,0.21796606625540044,0.7079875469207764,0.5145537853240967,0.28070783615112305
Body,Body_random_equal4_01_zero,23456,257,0.11311971437977145,0.2374073576584683,0.6447519063949585,0.5382990837097168,0.048518434166908264
Body,Body_random_equal4_01_zero,23456,290,0.35080980784815874,0.2911015306974895,0.7427076101303101,0.7402958869934082,0.44990769028663635
Body,Body_random_equal4_01_zero,23456,331,0.007534277422905233,0.22354327892901021,0.748646080493927,0.519523024559021,0.06345690786838531
Body,Body_random_equal4_01_zero,23456,339,0.10570530173470186,0.24903754172395492,0.6754910945892334,0.7330650687217712,0.3566761612892151
Body,Body_random_equal4_01_zero,23456,355,-0.17690859674448095,0.589226125684557,0.5954358577728271,0.7716602683067322,0.8045560121536255
Body,Body_random_equal4_01_zero,23456,366,0.2500289401310332,0.3517915649851832,0.6985623836517334,0.5892045497894287,0.08160936832427979
Body,Body_random_equal4_01_zero,23456,474,-0.26047052591489506,0.18146967085573448,0.6743970513343811,0.47147446870803833,0.16115599870681763
Body,Body_random_equal4_01_zero,23456,492,-0.1894476220066522,0.38030427978452136,0.6396924257278442,0.7976919412612915,0.571341335773468
Body,Body_random_equal4_01_zero,23456,527,0.020847443780829884,0.2900762294310168,0.7590893507003784,0.6080203056335449,0.24284115433692932
Body,Body_random_equal4_01_zero,23456,530,0.29485018518889644,0.4572908911678529,0.6450367569923401,0.5777348279953003,0.1630643904209137
Body,Body_random_equal4_01_zero,23456,542,0.02934133463280388,0.302047984545076,0.6608060598373413,0.5536718964576721,0.2586248815059662
Body,Body_random_equal4_01_zero,23456,574,-0.016792361935613568,0.5688510562316579,0.6207260489463806,0.6244903206825256,0.7291346192359924
Body,Body_random_equal4_01_zero,23456,597,0.11831331157998105,0.3257207099862022,0.7535603642463684,0.6283327341079712,0.06877097487449646
Body,Body_random_equal4_01_zero,23456,619,-0.08214933861664592,0.2159180138711599,0.7339180111885071,0.48235422372817993,-0.062057819217443466
Body,Body_random_equal4_01_zero,23456,656,-0.035692657470571064,0.2242256599102729,0.6904273629188538,0.7416383028030396,0.32995569705963135
Body,Body_random_equal4_01_zero,23456,661,-0.03521638131930004,0.27410097926910404,0.6634995937347412,0.5344913005828857,0.283113956451416
Body,Body_random_equal4_01_zero,23456,664,0.2284258486119457,0.4233153499478097,0.6519684791564941,0.8459805846214294,0.798127293586731
Body,Body_random_equal4_01_zero,23456,698,0.15088924755154226,0.22489756170942968,0.6680518388748169,0.467353880405426,0.11623538285493851
Body,Body_random_equal4_01_zero,23456,700,0.19691218030103202,0.28386184677124915,0.7809428572654724,0.36355745792388916,0.23539644479751587
Body,Body_random_equal4_01_zero,23456,716,-0.12618739227948192,0.26025771323911817,0.688922643661499,0.5409078001976013,0.24444511532783508
Body,Body_random_equal4_01_zero,23456,765,0.09592675520206878,0.3580354689610841,0.7118209600448608,0.6493579149246216,0.29249417781829834
Body,Body_random_equal4_01_zero,23456,771,0.029716165252883765,0.287803371952042,0.6718287467956543,0.6095378398895264,0.11701814830303192
Body,Body_random_equal4_01_zero,23456,786,0.01032862782375142,0.07667387898641108,0.8622628450393677,0.641457200050354,0.30641061067581177
Body,Body_random_equal4_01_zero,23456,806,-0.10889168223958953,0.20710081707265957,0.6417180895805359,0.6162853240966797,0.2964319586753845
Body,Body_random_equal4_01_zero,23456,813,0.10499631173941286,0.25937325987298676,0.7439629435539246,0.5822353363037109,0.055264998227357864
Body,Body_random_equal4_01_zero,23456,816,0.19407030315396684,0.22276463691483958,0.640539288520813,0.4322848916053772,0.181729257106781
Body,Body_random_equal4_01_zero,23456,822,0.11589635413077559,0.26630906765631274,0.6089091897010803,0.7953243851661682,0.7602463960647583
Body,Body_random_equal4_01_zero,23456,826,0.5276078559557007,0.4236835285286353,0.73658686876297,0.4668176770210266,0.04299876093864441
Body,Body_random_equal4_01_zero,23456,847,-0.013530306740384333,0.38765490550119847,0.679660975933075,0.6620888710021973,0.3098908066749573
Body,Body_random_equal4_01_zero,23456,876,0.08230190269945688,0.15058719790575012,0.7773689031600952,0.5521255731582642,0.11456559598445892
Body,Body_random_equal4_01_zero,23456,891,0.10270256573839678,0.1412771190248567,0.6399611234664917,0.4838718771934509,0.015354599803686142
Body,Body_random_equal4_01_zero,23456,919,0.23269076412361162,0.1619417653842507,0.6962392330169678,0.4906803071498871,0.04452311992645264
Body,Body_random_equal4_01_zero,23456,931,-0.05947637760659634,0.21426271920794127,0.7046840786933899,0.7972014546394348,0.7322269082069397
Body,Body_random_equal4_01_zero,23456,933,0.21138055461573407,0.2711153565805284,0.5899366140365601,0.5173805952072144,0.21737973392009735
Body,Body_random_equal4_01_zero,23456,941,0.09866408306883158,0.23106398078803106,0.647576093673706,0.5672818422317505,0.07604900002479553
Body,Body_random_equal4_01_zero,23456,960,-0.10800821069495305,0.2704741685362883,0.6924104690551758,0.5796942710876465,0.0926029160618782
Body,Body_random_equal4_01_zero,23456,968,0.21369862123716965,0.15518015391573578,0.7446318864822388,0.4680049419403076,0.08101251721382141
Body,Body_random_equal4_01_zero,23456,989,0.20538912350112348,0.5322458880611719,0.6533591747283936,0.8313531279563904,0.7578490972518921
Body,Body_random_equal4_02_zero,23456,21,-0.15087633009591786,0.2622282181331772,0.7182238101959229,0.6633915305137634,0.525873601436615
Body,Body_random_equal4_02_zero,23456,38,0.26133854875300006,0.28394615195115946,0.6853983402252197,0.7787952423095703,0.3423287272453308
Body,Body_random_equal4_02_zero,23456,40,0.33994400273657954,0.7188660992640867,0.5153025388717651,0.7042075991630554,0.31863728165626526
Body,Body_random_equal4_02_zero,23456,59,-0.02893420043952781,0.22241433044697279,0.6822829246520996,0.7879382371902466,0.7716835737228394
Body,Body_random_equal4_02_zero,23456,88,-0.33092199249074594,0.2548100393378508,0.7707542181015015,0.4171121120452881,0.08351969718933105
Body,Body_random_equal4_02_zero,23456,116,-0.04404521352940913,0.2579843109722531,0.7136126756668091,0.6641752123832703,0.7942097783088684
Body,Body_random_equal4_02_zero,23456,133,-0.10346973640967613,0.6237525130877003,0.6857545971870422,0.38364166021347046,0.060348689556121826
Body,Body_random_equal4_02_zero,23456,161,-0.26537948388168203,0.37341772878509716,0.6314572095870972,0.7328378558158875,0.5343654155731201
Body,Body_random_equal4_02_zero,23456,170,0.03846719675953458,0.3150104769182353,0.6544859409332275,0.5240480899810791,-0.04291611164808273
Body,Body_random_equal4_02_zero,23456,179,0.2121394132863226,0.25702974854462873,0.729387640953064,0.6323292255401611,0.2571460008621216
Body,Body_random_equal4_02_zero,23456,220,0.2724216591254426,0.4346035736926594,0.6618826389312744,0.6727904081344604,0.564780592918396
Body,Body_random_equal4_02_zero,23456,233,0.01946514623958226,0.21883606301983305,0.7000650763511658,0.5721479058265686,0.2364692986011505
Body,Body_random_equal4_02_zero,23456,257,0.10305452824176872,0.23768986714133217,0.6316688060760498,0.45894283056259155,0.06745793670415878
Body,Body_random_equal4_02_zero,23456,290,0.3392942309233924,0.2941837381871212,0.8226870894432068,0.7048138380050659,0.5713289976119995
Body,Body_random_equal4_02_zero,23456,331,0.0705354055534939,0.23151914193017048,0.7496428489685059,0.5572214126586914,0.06269608438014984
Body,Body_random_equal4_02_zero,23456,339,0.11502260786614478,0.24610648414665898,0.6705537438392639,0.7094480991363525,0.43479254841804504
Body,Body_random_equal4_02_zero,23456,355,-0.1763269664155187,0.5925644413567333,0.5993762016296387,0.7540050745010376,0.7941355109214783
Body,Body_random_equal4_02_zero,23456,366,0.2944371440655833,0.3414551426736699,0.7357450723648071,0.6440600156784058,0.3021659851074219
Body,Body_random_equal4_02_zero,23456,474,-0.29135536737050644,0.17825848185883233,0.6771308779716492,0.4642738401889801,0.3706161379814148
Body,Body_random_equal4_02_zero,23456,492,-0.19293844418946737,0.3850033489751752,0.6325734257698059,0.8063782453536987,0.6014493703842163
Body,Body_random_equal4_02_zero,23456,527,0.037264397840542245,0.3098307065241903,0.7577310800552368,0.5615407228469849,0.19297486543655396
Body,Body_random_equal4_02_zero,23456,530,0.3102769565965035,0.4465879307612147,0.6498034000396729,0.5816792845726013,0.16081365942955017
Body,Body_random_equal4_02_zero,23456,542,0.0358047919810928,0.3060926801248551,0.6695041656494141,0.5600348711013794,0.27808651328086853
Body,Body_random_equal4_02_zero,23456,574,-0.010520259249166266,0.5846320788990431,0.6209439635276794,0.5450935959815979,0.7404786348342896
Body,Body_random_equal4_02_zero,23456,597,0.12342264298590302,0.3165856642008565,0.7794820070266724,0.6031569242477417,0.10977745056152344
Body,Body_random_equal4_02_zero,23456,619,-0.07989362386785775,0.20986832843989345,0.7623037099838257,0.500438392162323,-0.0778007060289383
Body,Body_random_equal4_02_zero,23456,656,-0.04609874027553072,0.2172883386034511,0.6858715415000916,0.7333911657333374,0.29161208868026733
Body,Body_random_equal4_02_zero,23456,661,-0.029466152956817867,0.27760700947585065,0.6809758543968201,0.5321801900863647,0.3101601302623749
Body,Body_random_equal4_02_zero,23456,664,0.21854575799298873,0.43480717789826384,0.641994297504425,0.8694162368774414,0.8252091407775879
Body,Body_random_equal4_02_zero,23456,698,0.14498778090092843,0.22229370668356863,0.6680818796157837,0.5443536639213562,0.2916415333747864
Body,Body_random_equal4_02_zero,23456,700,0.18904013212950782,0.2878917401233733,0.7857643961906433,0.3608582019805908,0.22026343643665314
Body,Body_random_equal4_02_zero,23456,716,-0.10845925415340214,0.2586013479848305,0.6781562566757202,0.5643729567527771,0.09046995639801025
Body,Body_random_equal4_02_zero,23456,765,0.08044098750789423,0.356842004873172,0.714587926864624,0.6404754519462585,0.25695371627807617
Body,Body_random_equal4_02_zero,23456,771,0.04413637656902116,0.2948410677917495,0.6619406342506409,0.6378678679466248,0.14407530426979065
Body,Body_random_equal4_02_zero,23456,786,0.018216853161355965,0.07650528567423062,0.8608203530311584,0.5660665035247803,0.33679431676864624
Body,Body_random_equal4_02_zero,23456,806,-0.1055718302539114,0.20293949805230374,0.6418672800064087,0.639255702495575,0.3206370770931244
Body,Body_random_equal4_02_zero,23456,813,0.08925606323040147,0.2586938131371401,0.7290284037590027,0.546492338180542,0.0013286527246236801
Body,Body_random_equal4_02_zero,23456,816,0.18322990316937876,0.2240255406443662,0.6417542099952698,0.41880595684051514,0.19792503118515015
Body,Body_random_equal4_02_zero,23456,822,0.11646909849810501,0.27094252869661206,0.5986687541007996,0.7688362002372742,0.7402738332748413
Body,Body_random_equal4_02_zero,23456,826,0.5227101611314168,0.42346616839776985,0.7286486029624939,0.4640781879425049,0.06514839828014374
Body,Body_random_equal4_02_zero,23456,847,-0.019095684859249396,0.3908766239541841,0.6802526712417603,0.6681711077690125,0.22187843918800354
Body,Body_random_equal4_02_zero,23456,876,0.07770232040057745,0.15270777596376375,0.7862600684165955,0.6104239225387573,0.08750498294830322
Body,Body_random_equal4_02_zero,23456,891,0.10855218775193756,0.1249779221809342,0.6516992449760437,0.5387551784515381,0.012316865846514702
Body,Body_random_equal4_02_zero,23456,919,0.23959637403812611,0.1628095242833526,0.7054628133773804,0.49697205424308777,0.036783233284950256
Body,Body_random_equal4_02_zero,23456,931,-0.04948213209451044,0.2582796374215098,0.695417046546936,0.7576197981834412,0.7859498262405396
Body,Body_random_equal4_02_zero,23456,933,0.2727639806562076,0.3021261467915437,0.5795320868492126,0.5402101278305054,0.36354687809944153
Body,Body_random_equal4_02_zero,23456,941,0.09168123135796787,0.2339155748945075,0.6496028304100037,0.5663672685623169,0.1786089837551117
Body,Body_random_equal4_02_zero,23456,960,-0.09142692312326149,0.2830223318368762,0.7501591444015503,0.6565427780151367,0.030250782147049904
Body,Body_random_equal4_02_zero,23456,968,0.21570251533476945,0.15701688520878126,0.7498965859413147,0.5118487477302551,0.0794735923409462
Body,Body_random_equal4_02_zero,23456,989,0.20950982169316995,0.5300210744030297,0.6578316688537598,0.8871029615402222,0.8103350400924683
Body,Body_random_equal4_03_zero,23456,21,-0.15433480846405723,0.28231144333075653,0.7553473711013794,0.6295140385627747,0.45597976446151733
Body,Body_random_equal4_03_zero,23456,38,0.24203711699840474,0.2788488834786013,0.6665123701095581,0.7656527161598206,0.35992127656936646
Body,Body_random_equal4_03_zero,23456,40,0.33723169772073014,0.7174786242974907,0.5450542569160461,0.7016546130180359,0.1853945106267929
Body,Body_random_equal4_03_zero,23456,59,-0.017792777448951757,0.2288823711674888,0.6781541109085083,0.8074390888214111,0.648150622844696
Body,Body_random_equal4_03_zero,23456,88,-0.36115799398755766,0.23991419748233797,0.768822431564331,0.2893955409526825,0.06457223743200302
Body,Body_random_equal4_03_zero,23456,116,-0.01162110865207893,0.26351082959995664,0.7497503757476807,0.5490754842758179,0.7492150068283081
Body,Body_random_equal4_03_zero,23456,133,-0.0205999207789893,0.6381597512988498,0.6621288061141968,0.3726484179496765,0.060225602239370346
Body,Body_random_equal4_03_zero,23456,161,-0.23987959456317443,0.35341402836500907,0.65175861120224,0.7088420987129211,0.31955331563949585
Body,Body_random_equal4_03_zero,23456,170,0.03057210258634054,0.2872878096280476,0.6181179285049438,0.601184070110321,0.054144054651260376
Body,Body_random_equal4_03_zero,23456,179,0.14989269833799915,0.2790795264343916,0.7260225415229797,0.5985727310180664,0.22924010455608368
Body,Body_random_equal4_03_zero,23456,220,0.31243654776700797,0.4387512767587127,0.6630233526229858,0.5959926843643188,0.30778539180755615
Body,Body_random_equal4_03_zero,23456,233,0.009023962279142421,0.22120379873723015,0.6970829367637634,0.5798689126968384,0.2956639528274536
Body,Body_random_equal4_03_zero,23456,257,0.09847479552060123,0.24432214620957515,0.6444692015647888,0.5149511694908142,0.07969995588064194
Body,Body_random_equal4_03_zero,23456,290,0.19213783810547141,0.2792956678387582,0.7831467986106873,0.4724302589893341,0.12147058546543121
Body,Body_random_equal4_03_zero,23456,331,-0.042786683393056364,0.21402240856872842,0.74226313829422,0.5279519557952881,0.044370099902153015
Body,Body_random_equal4_03_zero,23456,339,0.11074905500117707,0.24553383588982047,0.6639094948768616,0.7297571301460266,0.3700663447380066
Body,Body_random_equal4_03_zero,23456,355,-0.18667958367010046,0.608355211064332,0.6204547882080078,0.673056423664093,0.7484708428382874
Body,Body_random_equal4_03_zero,23456,366,0.23843140882522676,0.3021741063448554,0.6992926597595215,0.6766437292098999,0.36727720499038696
Body,Body_random_equal4_03_zero,23456,474,-0.2778946867818475,0.17145515071929177,0.6669291257858276,0.46050694584846497,0.2119501531124115
Body,Body_random_equal4_03_zero,23456,492,-0.1741931072486764,0.3999561151603867,0.6256584525108337,0.7276455760002136,0.5050171613693237
Body,Body_random_equal4_03_zero,23456,527,0.02254820778067781,0.32245685399309715,0.7705384492874146,0.5497643947601318,0.2616977095603943
Body,Body_random_equal4_03_zero,23456,530,0.3005884852720741,0.45256558993448637,0.6523202657699585,0.5964915752410889,0.12689973413944244
Body,Body_random_equal4_03_zero,23456,542,0.018997525212112905,0.30690113489728,0.6713868975639343,0.559167742729187,0.21843227744102478
Body,Body_random_equal4_03_zero,23456,574,-0.052085594353907895,0.4912834657275652,0.700166642665863,0.5920101404190063,0.6674125790596008
Body,Body_random_equal4_03_zero,23456,597,0.0692881677007712,0.3137606388092857,0.7690577507019043,0.5880440473556519,0.06810237467288971
Body,Body_random_equal4_03_zero,23456,619,-0.10797189760257557,0.1894667771469086,0.7549022436141968,0.4661780297756195,-0.03910648822784424
Body,Body_random_equal4_03_zero,23456,656,-0.04947887757926601,0.21624976320808945,0.688252866268158,0.7483584880828857,0.403527170419693
Body,Body_random_equal4_03_zero,23456,661,-0.016334865443619652,0.2915796146350838,0.6659231185913086,0.42740845680236816,0.25187134742736816
Body,Body_random_equal4_03_zero,23456,664,0.23153918868445655,0.42904731692121756,0.6510839462280273,0.8431982398033142,0.7888170480728149
Body,Body_random_equal4_03_zero,23456,698,0.1401432672427121,0.22543228415317032,0.6764554977416992,0.5742703080177307,0.23953887820243835
Body,Body_random_equal4_03_zero,23456,700,0.21488450190596,0.2827609728362063,0.7709319591522217,0.27598118782043457,0.22335366904735565
Body,Body_random_equal4_03_zero,23456,716,-0.11550170380345591,0.24467577553117512,0.6735889911651611,0.4955492615699768,0.13230115175247192
Body,Body_random_equal4_03_zero,23456,765,0.07115840676732652,0.36227122102098297,0.7190624475479126,0.6399027705192566,0.23910993337631226
Body,Body_random_equal4_03_zero,23456,771,0.05070125325883159,0.2988825609648073,0.6655561923980713,0.6136291027069092,0.14565324783325195
Body,Body_random_equal4_03_zero,23456,786,0.021010775366745893,0.07585337083647117,0.8649763464927673,0.5707195997238159,0.3148617446422577
Body,Body_random_equal4_03_zero,23456,806,-0.08059625310220839,0.2654852721174458,0.6986303925514221,0.46477600932121277,0.1762174665927887
Body,Body_random_equal4_03_zero,23456,813,0.11177745504592795,0.26859186990901174,0.7421019077301025,0.5450559854507446,0.09039092808961868
Body,Body_random_equal4_03_zero,23456,816,0.2099118110005794,0.22644850716954493,0.6323463916778564,0.39397624135017395,0.24957668781280518
Body,Body_random_equal4_03_zero,23456,822,0.10377635518592215,0.23879740101887367,0.6139780282974243,0.7556428909301758,0.7300424575805664
Body,Body_random_equal4_03_zero,23456,826,0.5135903772635022,0.42080117337825057,0.722721517086029,0.5009361505508423,0.07098352909088135
Body,Body_random_equal4_03_zero,23456,847,-0.01657725673682362,0.381604777606456,0.671362578868866,0.6583015322685242,0.3325451612472534
Body,Body_random_equal4_03_zero,23456,876,0.07099199700996597,0.14707984741628127,0.7666826248168945,0.5362749695777893,0.1277027726173401
Body,Body_random_equal4_03_zero,23456,891,0.10827714393033866,0.13401042738692476,0.642596423625946,0.5493094325065613,0.0009629526175558567
Body,Body_random_equal4_03_zero,23456,919,0.24235112541409637,0.1615849623962155,0.6997907161712646,0.49896782636642456,0.05007902532815933
Body,Body_random_equal4_03_zero,23456,931,-0.04774820816633933,0.22264012162261532,0.6885266304016113,0.820951521396637,0.7694578766822815
Body,Body_random_equal4_03_zero,23456,933,0.1977121180373628,0.26926957684966557,0.6012291312217712,0.5341333150863647,0.21980135142803192
Body,Body_random_equal4_03_zero,23456,941,0.07706673871863033,0.22155570364365199,0.6618421673774719,0.5513759851455688,0.1615591049194336
Body,Body_random_equal4_03_zero,23456,960,-0.18143424640612038,0.28889568051272785,0.6683505773544312,0.6361372470855713,0.09851148724555969
Body,Body_random_equal4_03_zero,23456,968,0.21394801689528786,0.15850772936430127,0.7572414875030518,0.491620808839798,0.07282434403896332
Body,Body_random_equal4_03_zero,23456,989,0.171050936331146,0.5129667991702942,0.6744897365570068,0.876449465751648,0.5270945429801941
Body,Body_random_equal4_04_zero,23456,21,-0.17039205580453928,0.2593914451452738,0.7183732986450195,0.6442813873291016,0.5329801440238953
Body,Body_random_equal4_04_zero,23456,38,0.31638887101059476,0.30305804103528156,0.6445456743240356,0.7936205863952637,0.4755651652812958
Body,Body_random_equal4_04_zero,23456,40,0.3688652468074965,0.7216564749160842,0.5243338346481323,0.682444155216217,0.2637258470058441
Body,Body_random_equal4_04_zero,23456,59,-0.024904257081916098,0.21417018455576248,0.6892632246017456,0.7611795663833618,0.7004292607307434
Body,Body_random_equal4_04_zero,23456,88,-0.3768803124492753,0.24349506572250984,0.7682076096534729,0.2875061333179474,0.04707780107855797
Body,Body_random_equal4_04_zero,23456,116,0.007428796631240196,0.3255025752797898,0.7314114570617676,0.669853925704956,0.8206987380981445
Body,Body_random_equal4_04_zero,23456,133,-0.03845691383935724,0.6385597518838745,0.6578857898712158,0.43079107999801636,0.03642904758453369
Body,Body_random_equal4_04_zero,23456,161,-0.21632013639701003,0.3018678356373757,0.7049926519393921,0.7730385065078735,0.6236843466758728
Body,Body_random_equal4_04_zero,23456,170,0.007591504909493935,0.3050524910150202,0.6515818238258362,0.5135705471038818,-0.02887575887143612
Body,Body_random_equal4_04_zero,23456,179,0.20445398060264766,0.2587304991279332,0.7271245121955872,0.6327874660491943,0.27413615584373474
Body,Body_random_equal4_04_zero,23456,220,0.27618603545864273,0.429115398380168,0.6560227870941162,0.5938136577606201,0.46304258704185486
Body,Body_random_equal4_04_zero,23456,233,0.03407614461679389,0.2217406153793894,0.7067950367927551,0.5100106000900269,0.18220098316669464
Body,Body_random_equal4_04_zero,23456,257,0.11391306724145138,0.23690548635045752,0.6539710760116577,0.5486102104187012,0.0871998518705368
Body,Body_random_equal4_04_zero,23456,290,0.33914385456425666,0.2994880571285457,0.7699496150016785,0.6124617457389832,0.31539005041122437
Body,Body_random_equal4_04_zero,23456,331,-0.021513497197537527,0.2207591769011284,0.7562132477760315,0.5471393465995789,0.07197397947311401
Body,Body_random_equal4_04_zero,23456,339,0.1175549905496303,0.2526961203523003,0.6654150485992432,0.7469601631164551,0.340590238571167
Body,Body_random_equal4_04_zero,23456,355,-0.20475862662475253,0.5419730172002534,0.6408262848854065,0.650963544845581,0.7443755269050598
Body,Body_random_equal4_04_zero,23456,366,0.2733603865891198,0.3674422813259799,0.7211562395095825,0.6634467840194702,0.15753719210624695
Body,Body_random_equal4_04_zero,23456,474,-0.25978299422740403,0.18086466039296023,0.68194580078125,0.39768919348716736,0.1287417709827423
Body,Body_random_equal4_04_zero,23456,492,-0.26014289845063476,0.3273793982428004,0.679765522480011,0.6439093351364136,0.5028355121612549
Body,Body_random_equal4_04_zero,23456,527,0.039605782367937714,0.31705014123796166,0.746120810508728,0.6910911798477173,0.27132177352905273
Body,Body_random_equal4_04_zero,23456,530,0.30002747277924624,0.39436779411941275,0.6482829451560974,0.6555026173591614,0.09778915345668793
Body,Body_random_equal4_04_zero,23456,542,0.026528843115902517,0.30282630463083354,0.6679855585098267,0.5496506690979004,0.26458409428596497
Body,Body_random_equal4_04_zero,23456,574,-0.013704001868405596,0.5503471566025622,0.63910311460495,0.5910137891769409,0.6646512150764465
Body,Body_random_equal4_04_zero,23456,597,0.09038651937382602,0.28657597246487565,0.7836325168609619,0.5982993245124817,0.07137154042720795
Body,Body_random_equal4_04_zero,23456,619,-0.07852336328720097,0.2186193703830947,0.7296926975250244,0.4792623817920685,-0.07609062641859055
Body,Body_random_equal4_04_zero,23456,656,-0.03824507173427489,0.21507157634827725,0.6984047293663025,0.7178685069084167,0.3546755909919739
Body,Body_random_equal4_04_zero,23456,661,-0.014272244397687817,0.26023880468019933,0.6610985398292542,0.4847407341003418,0.3372005820274353
Body,Body_random_equal4_04_zero,23456,664,0.22754694518936938,0.421962521219571,0.6535050868988037,0.8478015661239624,0.7975185513496399
Body,Body_random_equal4_04_zero,23456,698,0.1510112097724833,0.22794759964479544,0.6686949133872986,0.590724766254425,0.23032048344612122
Body,Body_random_equal4_04_zero,23456,700,0.19631368123884677,0.2826067306310519,0.7812832593917847,0.3626019358634949,0.243885338306427
Body,Body_random_equal4_04_zero,23456,716,-0.11446187997762837,0.26728989906154743,0.6872538328170776,0.5888095498085022,0.05009886622428894
Body,Body_random_equal4_04_zero,23456,765,0.06460702313043677,0.3321640338179071,0.6990191340446472,0.6447322368621826,0.22981253266334534
Body,Body_random_equal4_04_zero,23456,771,0.026569884504592314,0.29002218017564346,0.6745621562004089,0.5701638460159302,0.17448630928993225
Body,Body_random_equal4_04_zero,23456,786,0.008785847929074695,0.07700944521099996,0.8718371391296387,0.6276633739471436,0.3161852955818176
Body,Body_random_equal4_04_zero,23456,806,-0.10649446642938418,0.2066380607072202,0.6382901072502136,0.6349560022354126,0.33919548988342285
Body,Body_random_equal4_04_zero,23456,813,0.04192978846539635,0.2409200821018905,0.7555299401283264,0.5957700610160828,0.11767096817493439
Body,Body_random_equal4_04_zero,23456,816,0.20807506101680803,0.22067005203034923,0.638580322265625,0.462584912776947,0.19281122088432312
Body,Body_random_equal4_04_zero,23456,822,0.05614042847122482,0.256310203529206,0.614492654800415,0.7308114767074585,0.7826482653617859
Body,Body_random_equal4_04_zero,23456,826,0.43093028318674004,0.40387809417478315,0.710094153881073,0.39571458101272583,0.0639655813574791
Body,Body_random_equal4_04_zero,23456,847,-0.021079985880675015,0.3956753167145007,0.6806432604789734,0.655251145362854,0.28558480739593506
Body,Body_random_equal4_04_zero,23456,876,0.0831272555252125,0.14822310035060912,0.7681782245635986,0.5358713865280151,0.13442456722259521
Body,Body_random_equal4_04_zero,23456,891,0.11060291876769457,0.132419568154316,0.6440432071685791,0.5181260108947754,0.03498629480600357
Body,Body_random_equal4_04_zero,23456,919,0.24439370161178073,0.168890782977737,0.7027348279953003,0.5039672255516052,0.04748357832431793
Body,Body_random_equal4_04_zero,23456,931,-0.04499622419885738,0.21427977109944552,0.700762927532196,0.7365891933441162,0.7171306610107422
Body,Body_random_equal4_04_zero,23456,933,0.2523695897955644,0.2858816961878547,0.5746071338653564,0.4982852637767792,0.38783055543899536
Body,Body_random_equal4_04_zero,23456,941,-0.012896782439529606,0.24768567233202507,0.6558399796485901,0.5586098432540894,0.16272692382335663
Body,Body_random_equal4_04_zero,23456,960,-0.10137439661714068,0.2698299829296519,0.6921342015266418,0.5949772596359253,0.09042944014072418
Body,Body_random_equal4_04_zero,23456,968,0.2137862994875581,0.1566144781413465,0.7461905479431152,0.5005429983139038,0.0688706636428833
Body,Body_random_equal4_04_zero,23456,989,0.20881497204511007,0.5298275502574936,0.650476336479187,0.8738930225372314,0.8083375692367554
Body,Body_random_equal4_05_zero,23456,21,-0.18150848797954772,0.25608486463588326,0.7161267995834351,0.6870686411857605,0.6245109438896179
Body,Body_random_equal4_05_zero,23456,38,0.22710476592933443,0.2817507353636771,0.6628872752189636,0.750068724155426,0.3492854833602905
Body,Body_random_equal4_05_zero,23456,40,0.15015127050135274,0.5999685069817472,0.5485365986824036,0.519402801990509,0.06990328431129456
Body,Body_random_equal4_05_zero,23456,59,-0.026404144758310304,0.20311946671951553,0.6742240786552429,0.7948414087295532,0.6877378821372986
Body,Body_random_equal4_05_zero,23456,88,-0.319109788874173,0.2605409117638608,0.7412242889404297,0.29858845472335815,0.04296436533331871
Body,Body_random_equal4_05_zero,23456,116,0.01904583653237174,0.38122505871627516,0.7276022434234619,0.6728385090827942,0.7896289229393005
Body,Body_random_equal4_05_zero,23456,133,-0.055759174857173,0.6421410465085765,0.6741645336151123,0.39330610632896423,0.022218232974410057
Body,Body_random_equal4_05_zero,23456,161,-0.23070992788638003,0.34804291798042614,0.6699590086936951,0.6734738945960999,0.6214940547943115
Body,Body_random_equal4_05_zero,23456,170,0.06739033824260485,0.30680413243441773,0.6342004537582397,0.5197413563728333,-0.012603510171175003
Body,Body_random_equal4_05_zero,23456,179,0.20238593584801648,0.26616074252754324,0.7282959818840027,0.6356455087661743,0.19895008206367493
Body,Body_random_equal4_05_zero,23456,220,0.2975441465130291,0.44463736602732556,0.6638987064361572,0.6043624877929688,0.3315538167953491
Body,Body_random_equal4_05_zero,23456,233,-0.00837787770672847,0.21169184468012042,0.716412365436554,0.6172025203704834,0.10221971571445465
Body,Body_random_equal4_05_zero,23456,257,0.11971997542203781,0.2556166899126084,0.6558464169502258,0.49905717372894287,0.1111537516117096
Body,Body_random_equal4_05_zero,23456,290,0.2881213808892175,0.2779607626354827,0.7701104879379272,0.5575054883956909,0.3165954351425171
Body,Body_random_equal4_05_zero,23456,331,-0.02883193480758731,0.21965700288212192,0.7478182911872864,0.5283254981040955,0.04055805876851082
Body,Body_random_equal4_05_zero,23456,339,0.105320714136338,0.2527531739148378,0.6660000085830688,0.7087821364402771,0.35935109853744507
Body,Body_random_equal4_05_zero,23456,355,-0.1110118802597231,0.5652992148893704,0.6890801787376404,0.7205198407173157,0.730623722076416
Body,Body_random_equal4_05_zero,23456,366,0.26216541317767605,0.34028215964002184,0.6965309381484985,0.5968143939971924,0.44537246227264404
Body,Body_random_equal4_05_zero,23456,474,-0.29623988961718417,0.2159232246735954,0.6738651990890503,0.3706643581390381,0.14423100650310516
Body,Body_random_equal4_05_zero,23456,492,-0.19967422206951124,0.3449650264033871,0.6257886290550232,0.709861159324646,0.555452823638916
Body,Body_random_equal4_05_zero,23456,527,0.10218712041169326,0.2989053384012086,0.7583743333816528,0.5050227046012878,0.17607301473617554
Body,Body_random_equal4_05_zero,23456,530,0.26848527686866025,0.4351891297886116,0.6589417457580566,0.5905460715293884,0.1546429693698883
Body,Body_random_equal4_05_zero,23456,542,-0.09593394686751099,0.28711578608314864,0.6903435587882996,0.7092858552932739,0.17488515377044678
Body,Body_random_equal4_05_zero,23456,574,-0.05683729937461808,0.4881645489420639,0.6954436898231506,0.5708014369010925,0.6585942506790161
Body,Body_random_equal4_05_zero,23456,597,0.09253610549078879,0.3249197439649373,0.7854243516921997,0.6214023232460022,0.07186064124107361
Body,Body_random_equal4_05_zero,23456,619,-0.10203945952979544,0.19987351598676745,0.7525350451469421,0.582389235496521,-0.03652629256248474
Body,Body_random_equal4_05_zero,23456,656,-0.0432505452490055,0.22180919326788603,0.6751648187637329,0.6805409789085388,0.3844691514968872
Body,Body_random_equal4_05_zero,23456,661,-0.007244081699717288,0.2594771405753757,0.6544356346130371,0.48006686568260193,0.14120826125144958
Body,Body_random_equal4_05_zero,23456,664,0.2102831800471687,0.41860798700138385,0.649580717086792,0.8876917958259583,0.8107374906539917
Body,Body_random_equal4_05_zero,23456,698,0.15470195017820992,0.2230120700845637,0.6812584400177002,0.5013079643249512,0.1421234905719757
Body,Body_random_equal4_05_zero,23456,700,0.2162868617221891,0.2853359957620103,0.7705919146537781,0.32850411534309387,0.2558591365814209
Body,Body_random_equal4_05_zero,23456,716,-0.12945758526451143,0.25338156662885963,0.6862755417823792,0.6210631132125854,0.2988852858543396
Body,Body_random_equal4_05_zero,23456,765,0.10007016970745991,0.34030854405956235,0.7310575842857361,0.6662121415138245,0.21176230907440186
Body,Body_random_equal4_05_zero,23456,771,0.03152581356400883,0.3107209687118063,0.6814020276069641,0.6486192941665649,0.25806766748428345
Body,Body_random_equal4_05_zero,23456,786,0.04341269598031756,0.0752784162902611,0.841966450214386,0.5587630271911621,0.2984433174133301
Body,Body_random_equal4_05_zero,23456,806,-0.0928404745516618,0.26174322801595273,0.6865267157554626,0.43347853422164917,0.1756160706281662
Body,Body_random_equal4_05_zero,23456,813,0.16177694688397468,0.2892375030443006,0.729806661605835,0.4890451729297638,0.07777270674705505
Body,Body_random_equal4_05_zero,23456,816,0.17616389476006805,0.22192875640076237,0.6205855011940002,0.44892916083335876,0.1709379255771637
Body,Body_random_equal4_05_zero,23456,822,0.09833800150805067,0.24307360937488304,0.6139043569564819,0.7975635528564453,0.7882460355758667
Body,Body_random_equal4_05_zero,23456,826,0.5830914956999635,0.43010236410366487,0.7136357426643372,0.4038739800453186,0.08516085147857666
Body,Body_random_equal4_05_zero,23456,847,-0.0031463696828504355,0.38048513458542527,0.6696153879165649,0.6408372521400452,0.134307861328125
Body,Body_random_equal4_05_zero,23456,876,0.07611304808142706,0.14818281318544813,0.8016278147697449,0.604361891746521,0.10497826337814331
Body,Body_random_equal4_05_zero,23456,891,0.08872293665946743,0.11896729072950239,0.6533985137939453,0.491659015417099,0.004825398325920105
Body,Body_random_equal4_05_zero,23456,919,0.17352679235300203,0.11975081756688966,0.6746271848678589,0.46963557600975037,-0.017262786626815796
Body,Body_random_equal4_05_zero,23456,931,-0.033936350993917404,0.21958380300803715,0.6889806985855103,0.8073040246963501,0.7504925727844238
Body,Body_random_equal4_05_zero,23456,933,0.2621732204905022,0.3295385580356707,0.6284493207931519,0.603872537612915,0.28510725498199463
Body,Body_random_equal4_05_zero,23456,941,0.0881979969024526,0.2393984602435057,0.652593195438385,0.5256029367446899,0.1168886348605156
Body,Body_random_equal4_05_zero,23456,960,-0.16041691753426654,0.34763020194646965,0.719133734703064,0.6288720369338989,0.04346837103366852
Body,Body_random_equal4_05_zero,23456,968,0.21195731557357567,0.1497371407184409,0.7595329284667969,0.5151017904281616,0.07978376746177673
Body,Body_random_equal4_05_zero,23456,989,0.21569267457081584,0.5304071609584713,0.653831958770752,0.8491634130477905,0.794599711894989
Body,Body_random_full_01_zero,23456,21,-0.14938389098875038,0.2771131225527651,0.7422778010368347,0.576701819896698,0.3229594826698303
Body,Body_random_full_01_zero,23456,38,0.23343617440141123,0.2816968053338718,0.6848210692405701,0.7614547610282898,0.3115122318267822
Body,Body_random_full_01_zero,23456,40,0.28348780342792307,0.7289826648458637,0.5419586300849915,0.7363983392715454,0.1838037073612213
Body,Body_random_full_01_zero,23456,59,0.01411730082197371,0.19147837107017113,0.6981183886528015,0.7917102575302124,0.7943246364593506
Body,Body_random_full_01_zero,23456,88,-0.3655016704819879,0.24373361174324107,0.7458724975585938,0.34803110361099243,0.0938754677772522
Body,Body_random_full_01_zero,23456,116,0.024094592460243234,0.3944937078936185,0.7400624752044678,0.6367716193199158,0.8163418173789978
Body,Body_random_full_01_zero,23456,133,-0.04854523488325954,0.6377940616190961,0.6703183650970459,0.40310901403427124,0.031451717019081116
Body,Body_random_full_01_zero,23456,161,-0.23488842465656654,0.36633317227527307,0.6611471772193909,0.6632488965988159,0.5134223699569702
Body,Body_random_full_01_zero,23456,170,0.001228588067321837,0.2540216102005306,0.5978313088417053,0.5684375762939453,-0.023566436022520065
Body,Body_random_full_01_zero,23456,179,0.1773884456504854,0.2474794535437807,0.7172832489013672,0.6517376899719238,0.20380978286266327
Body,Body_random_full_01_zero,23456,220,0.28370837738584875,0.4284730768882021,0.6642308235168457,0.7140284776687622,0.5257775187492371
Body,Body_random_full_01_zero,23456,233,0.03451875959919278,0.21855602056661114,0.6903086304664612,0.5497223138809204,0.24450014531612396
Body,Body_random_full_01_zero,23456,257,0.12161823801839974,0.24065872799581836,0.6509629487991333,0.48975542187690735,0.05822737514972687
Body,Body_random_full_01_zero,23456,290,0.16581629028707107,0.27628581913425504,0.8014780282974243,0.4626302123069763,0.12485756725072861
Body,Body_random_full_01_zero,23456,331,0.0036024892492018123,0.23488345392371335,0.7860841751098633,0.4774821102619171,-0.06230267882347107
Body,Body_random_full_01_zero,23456,339,0.11425245060631029,0.2542855411650568,0.6672950983047485,0.6819326877593994,0.29398679733276367
Body,Body_random_full_01_zero,23456,355,-0.1862907213596784,0.5563217104917921,0.6708051562309265,0.7200627326965332,0.687933623790741
Body,Body_random_full_01_zero,23456,366,0.27323686883233245,0.3547551751412391,0.7221347689628601,0.5930887460708618,0.1967145800590515
Body,Body_random_full_01_zero,23456,474,-0.27126760651765414,0.19071209526082789,0.6622826457023621,0.5055249929428101,0.24536755681037903
Body,Body_random_full_01_zero,23456,492,-0.17241486304337805,0.41236578224007114,0.6409329175949097,0.740046501159668,0.5685877799987793
Body,Body_random_full_01_zero,23456,527,0.06016590915790981,0.3327126341004766,0.7424876093864441,0.6703027486801147,0.2800053060054779
Body,Body_random_full_01_zero,23456,530,0.3215785810191627,0.45265118871774834,0.63335782289505,0.5721832513809204,0.13952480256557465
Body,Body_random_full_01_zero,23456,542,0.02963846700756151,0.31799092495343656,0.6873593926429749,0.6078677177429199,0.3753710389137268
Body,Body_random_full_01_zero,23456,574,-0.06055357110357631,0.4942216123642416,0.6917553544044495,0.591627836227417,0.6543867588043213
Body,Body_random_full_01_zero,23456,597,0.06565721533145731,0.297825883036493,0.7489674687385559,0.6384466290473938,0.10557619482278824
Body,Body_random_full_01_zero,23456,619,-0.1260276300636752,0.2256091918539553,0.7518765926361084,0.5794805288314819,-0.005888663232326508
Body,Body_random_full_01_zero,23456,656,-0.05011272210034278,0.2259085871406154,0.6820663213729858,0.646626353263855,0.2861784100532532
Body,Body_random_full_01_zero,23456,661,-0.006977027172487128,0.28122969752262666,0.6791363954544067,0.39271077513694763,0.20074006915092468
Body,Body_random_full_01_zero,23456,664,0.264966300072244,0.4247067436050038,0.6569580435752869,0.8706642985343933,0.8043458461761475
Body,Body_random_full_01_zero,23456,698,0.15055285471899504,0.23055505376170443,0.6831695437431335,0.47030746936798096,0.17128241062164307
Body,Body_random_full_01_zero,23456,700,0.23512725184644126,0.3105265519325342,0.7490612268447876,0.341791033744812,0.22203490138053894
Body,Body_random_full_01_zero,23456,716,-0.14328929044015312,0.2657840548678684,0.6834744215011597,0.7211465239524841,0.2822515368461609
Body,Body_random_full_01_zero,23456,765,0.11617426738137485,0.33145489270329687,0.7106691598892212,0.7043969631195068,0.15390551090240479
Body,Body_random_full_01_zero,23456,771,0.023516225458415363,0.29071691119146453,0.6667424440383911,0.5936782360076904,0.14980477094650269
Body,Body_random_full_01_zero,23456,786,0.009967063809396184,0.07608181392963455,0.8634388446807861,0.5875575542449951,0.2874997854232788
Body,Body_random_full_01_zero,23456,806,-0.08423994730924408,0.2573838693320986,0.7125037908554077,0.36465001106262207,0.12692075967788696
Body,Body_random_full_01_zero,23456,813,0.111651214499447,0.2677665467647907,0.7054377794265747,0.5412423610687256,0.08724838495254517
Body,Body_random_full_01_zero,23456,816,0.13203724980955833,0.22207641337043865,0.6347441673278809,0.582021951675415,0.33468055725097656
Body,Body_random_full_01_zero,23456,822,0.05190118609326167,0.23293453089053018,0.6190207004547119,0.740868091583252,0.7452916502952576
Body,Body_random_full_01_zero,23456,826,0.5957635940430819,0.4232040901943161,0.7398319244384766,0.4621489644050598,0.05932999774813652
Body,Body_random_full_01_zero,23456,847,-0.03254136290985065,0.3386638733710203,0.6955341100692749,0.5449949502944946,0.2634561359882355
Body,Body_random_full_01_zero,23456,876,0.036541163056081204,0.12413873184425808,0.7713308930397034,0.6136731505393982,0.0823516696691513
Body,Body_random_full_01_zero,23456,891,0.10909072206609972,0.17060345367534088,0.6665687561035156,0.5183172225952148,0.03002104163169861
Body,Body_random_full_01_zero,23456,919,0.1826960690807955,0.13106050483173112,0.7133444547653198,0.4014299511909485,0.029824521392583847
Body,Body_random_full_01_zero,23456,931,-0.016053987426048397,0.26387079719378,0.7140226364135742,0.8162906169891357,0.7505576610565186
Body,Body_random_full_01_zero,23456,933,0.19785255411811056,0.3036139723818202,0.6039822101593018,0.6623467206954956,0.2687729001045227
Body,Body_random_full_01_zero,23456,941,0.16609280768182694,0.2220440456165449,0.6718312501907349,0.5121244192123413,0.1665748655796051
Body,Body_random_full_01_zero,23456,960,-0.20309843316368936,0.3721331297196528,0.7212044596672058,0.5380504131317139,0.0037893708795309067
Body,Body_random_full_01_zero,23456,968,0.21403586563095356,0.15667247457245312,0.7378458380699158,0.4943537712097168,0.033655889332294464
Body,Body_random_full_01_zero,23456,989,0.1858899652020024,0.5296181966959979,0.621147632598877,0.7779587507247925,0.6293201446533203
Body,Body_random_full_02_zero,23456,21,-0.16738425714245211,0.2748773004666761,0.7362828254699707,0.6934916973114014,0.5254611968994141
Body,Body_random_full_02_zero,23456,38,0.2430461525813397,0.2738591305403928,0.6587005853652954,0.7691236734390259,0.5395286083221436
Body,Body_random_full_02_zero,23456,40,0.16809748008165615,0.6151788336387455,0.5729167461395264,0.5345814228057861,0.026403117924928665
Body,Body_random_full_02_zero,23456,59,-0.053507696390082446,0.20738720034646238,0.6676032543182373,0.8004090785980225,0.7136215567588806
Body,Body_random_full_02_zero,23456,88,-0.3584149254985872,0.2717956821005131,0.7567664384841919,0.3992187976837158,0.14687009155750275
Body,Body_random_full_02_zero,23456,116,0.07229084443390428,0.36843688080948556,0.720401406288147,0.5094082355499268,0.5876948833465576
Body,Body_random_full_02_zero,23456,133,-0.03194758757395434,0.6460220993015118,0.6683701872825623,0.44588571786880493,0.04436337575316429
Body,Body_random_full_02_zero,23456,161,-0.1986833495787509,0.3677438107259896,0.6749399900436401,0.6612648963928223,0.5925955176353455
Body,Body_random_full_02_zero,23456,170,0.028784656321574443,0.2672807127288197,0.6193976402282715,0.6034196019172668,0.035832636058330536
Body,Body_random_full_02_zero,23456,179,0.20421823586153118,0.26878701779865466,0.7505028247833252,0.6102288961410522,0.2701018452644348
Body,Body_random_full_02_zero,23456,220,0.29818876144241285,0.43692004985526534,0.6761906147003174,0.7164294719696045,0.49838727712631226
Body,Body_random_full_02_zero,23456,233,-0.01485153184276014,0.21201863651092057,0.7090834379196167,0.4940107464790344,0.0570860393345356
Body,Body_random_full_02_zero,23456,257,0.11940921634719258,0.2527674428197357,0.6493892669677734,0.5052260756492615,0.10496391355991364
Body,Body_random_full_02_zero,23456,290,0.16176966747552463,0.2831276897812405,0.843160092830658,0.4623824954032898,0.12366637587547302
Body,Body_random_full_02_zero,23456,331,0.01797107679918393,0.23210756221304588,0.7695202827453613,0.5190544128417969,0.03865250572562218
Body,Body_random_full_02_zero,23456,339,0.10309636837840436,0.29242991603979124,0.6585060954093933,0.7869568467140198,0.40854406356811523
Body,Body_random_full_02_zero,23456,355,-0.10937551940502116,0.5787003517071388,0.6758652925491333,0.7307621240615845,0.6151531934738159
Body,Body_random_full_02_zero,23456,366,0.10544193866384083,0.2804744616000424,0.7214632034301758,0.5190483927726746,0.2865793704986572
Body,Body_random_full_02_zero,23456,474,-0.2968739492338998,0.20863029587808704,0.6671735644340515,0.4472082555294037,0.13774767518043518
Body,Body_random_full_02_zero,23456,492,-0.07414944894451225,0.45715592094941787,0.6444138884544373,0.6415061950683594,0.405652791261673
Body,Body_random_full_02_zero,23456,527,0.08133229083987313,0.33821149035242926,0.7546840906143188,0.6054947972297668,0.2574021518230438
Body,Body_random_full_02_zero,23456,530,0.28801685819714756,0.4451101785252107,0.6481048464775085,0.6367712020874023,0.39723581075668335
Body,Body_random_full_02_zero,23456,542,-0.07694590053248085,0.3199739764007348,0.6668965220451355,0.7003867626190186,0.3785422444343567
Body,Body_random_full_02_zero,23456,574,-0.019691408848532866,0.5711957937424177,0.6515216827392578,0.567741870880127,0.7056621313095093
Body,Body_random_full_02_zero,23456,597,0.040835748837495134,0.31684170691230074,0.8055242896080017,0.5849981307983398,0.10426604747772217
Body,Body_random_full_02_zero,23456,619,-0.0664905698488759,0.20503100223794024,0.7386969327926636,0.5216076374053955,-0.06944132596254349
Body,Body_random_full_02_zero,23456,656,-0.034012274750689284,0.22129401230365203,0.6837754249572754,0.7478235960006714,0.4670577943325043
Body,Body_random_full_02_zero,23456,661,-0.0034123031654950137,0.28101971140025167,0.6788333058357239,0.4724236726760864,0.2030135542154312
Body,Body_random_full_02_zero,23456,664,0.22968076109125643,0.43062176859982865,0.6377190351486206,0.8765822649002075,0.7893238067626953
Body,Body_random_full_02_zero,23456,698,0.11739360510642223,0.21343185378663143,0.6927978992462158,0.5973465442657471,0.23512478172779083
Body,Body_random_full_02_zero,23456,700,0.27171486380569415,0.318893821486398,0.7349967956542969,0.3833598792552948,0.31957632303237915
Body,Body_random_full_02_zero,23456,716,-0.1180118222894411,0.26584848095609803,0.6894591450691223,0.5297027826309204,0.17514023184776306
Body,Body_random_full_02_zero,23456,765,0.08555174215708578,0.34630620535828177,0.7538039684295654,0.6352859735488892,0.2028166949748993
Body,Body_random_full_02_zero,23456,771,-0.01096134457537104,0.2765005056604524,0.679926872253418,0.6196607947349548,0.2016611099243164
Body,Body_random_full_02_zero,23456,786,0.007085170901085283,0.07493370398465389,0.864983320236206,0.6000642776489258,0.2777681052684784
Body,Body_random_full_02_zero,23456,806,-0.07640541267900426,0.26710347120556377,0.7232275605201721,0.27660423517227173,0.15746334195137024
Body,Body_random_full_02_zero,23456,813,0.14022581128007383,0.2901686077234752,0.7323940992355347,0.5944015383720398,0.08817298710346222
Body,Body_random_full_02_zero,23456,816,0.17434599947117094,0.22049059458169942,0.6286706924438477,0.4073443114757538,0.16598054766654968
Body,Body_random_full_02_zero,23456,822,0.1443690410072126,0.2634644579399917,0.6053096055984497,0.7907302379608154,0.7427785992622375
Body,Body_random_full_02_zero,23456,826,0.6104534696573906,0.4293800314623341,0.7225995063781738,0.31872788071632385,0.03574393689632416
Body,Body_random_full_02_zero,23456,847,-0.013304140708383969,0.36740643343985147,0.6329773664474487,0.5740761160850525,0.24989338219165802
Body,Body_random_full_02_zero,23456,876,0.07520350605994831,0.14023243696884158,0.7518066763877869,0.5720810294151306,0.10123907029628754
Body,Body_random_full_02_zero,23456,891,0.09861740294068617,0.13422623731082822,0.6295128464698792,0.5977591276168823,0.0618099607527256
Body,Body_random_full_02_zero,23456,919,0.14516182805371558,0.11990956391365816,0.6705766320228577,0.49465134739875793,0.04184798523783684
Body,Body_random_full_02_zero,23456,931,-0.05128435366035353,0.26638227727771646,0.7039808630943298,0.7541637420654297,0.7454130053520203
Body,Body_random_full_02_zero,23456,933,0.23397661575487277,0.31640825917850934,0.6309053301811218,0.6191698312759399,0.345331609249115
Body,Body_random_full_02_zero,23456,941,0.043329928031030564,0.23908740284204782,0.6673214435577393,0.3899712562561035,0.10135360807180405
Body,Body_random_full_02_zero,23456,960,-0.12329669535058731,0.3272984718152989,0.728838324546814,0.6059422492980957,0.04334578663110733
Body,Body_random_full_02_zero,23456,968,0.21117581468727004,0.15458126230015962,0.7515209913253784,0.5090837478637695,0.08659130334854126
Body,Body_random_full_02_zero,23456,989,0.23915419847221198,0.5276425546506185,0.5790860652923584,0.8549104928970337,0.7977354526519775
Body,Body_random_full_03_zero,23456,21,-0.1771935757930721,0.2646558952741707,0.7163213491439819,0.6788254380226135,0.5317429304122925
Body,Body_random_full_03_zero,23456,38,0.3789129317828657,0.30009281485588707,0.6126127243041992,0.8271647691726685,0.45719438791275024
Body,Body_random_full_03_zero,23456,40,0.13760014867718412,0.5980690095640502,0.55324387550354,0.5172169208526611,-0.011241369880735874
Body,Body_random_full_03_zero,23456,59,-0.012456485292816956,0.23091309436638935,0.6932992339134216,0.7846644520759583,0.7036527991294861
Body,Body_random_full_03_zero,23456,88,-0.3794076529223258,0.2703345899653107,0.7540581226348877,0.5181114077568054,0.13545408844947815
Body,Body_random_full_03_zero,23456,116,-0.014505131974019139,0.2832187193655413,0.7336435914039612,0.6940387487411499,0.7127695679664612
Body,Body_random_full_03_zero,23456,133,-0.034274646529169006,0.6464185053563191,0.6676082611083984,0.4217481017112732,0.03738833963871002
Body,Body_random_full_03_zero,23456,161,-0.33145474603058844,0.3128742332466968,0.7112090587615967,0.785740852355957,0.5702558159828186
Body,Body_random_full_03_zero,23456,170,0.03832754187759821,0.30682156306940594,0.6247789263725281,0.5424811244010925,-0.02667529135942459
Body,Body_random_full_03_zero,23456,179,0.07383518976017396,0.2777164826984814,0.7201051712036133,0.5793743133544922,0.24603241682052612
Body,Body_random_full_03_zero,23456,220,0.30934978097711774,0.44673247768668223,0.6578570008277893,0.6344244480133057,0.4350857138633728
Body,Body_random_full_03_zero,23456,233,0.015345298757795304,0.22067537136095094,0.6911781430244446,0.5513375997543335,0.2227102518081665
Body,Body_random_full_03_zero,23456,257,0.09382998585093094,0.22221045338402148,0.6298285722732544,0.5054785013198853,0.12883462011814117
Body,Body_random_full_03_zero,23456,290,0.2676123639586718,0.29247332516625996,0.7599717378616333,0.6609041094779968,0.5852309465408325
Body,Body_random_full_03_zero,23456,331,-0.0022033838127476944,0.23393004774784282,0.7499938607215881,0.5073151588439941,0.04848470538854599
Body,Body_random_full_03_zero,23456,339,0.07182152388568622,0.2533590878131123,0.670799195766449,0.6908484697341919,0.531758189201355
Body,Body_random_full_03_zero,23456,355,-0.12977896592890556,0.5548822536714372,0.575782060623169,0.7159624099731445,0.5219802856445312
Body,Body_random_full_03_zero,23456,366,0.19657956448384492,0.2903737310887317,0.6986855268478394,0.62982177734375,0.31079205870628357
Body,Body_random_full_03_zero,23456,474,-0.28303585752740135,0.18759182680621952,0.6505635976791382,0.505584716796875,0.1408003717660904
Body,Body_random_full_03_zero,23456,492,-0.2535815324736414,0.32958200353426703,0.6818779110908508,0.6670039892196655,0.3978680372238159
Body,Body_random_full_03_zero,23456,527,0.04023432666168288,0.2932562332624469,0.7583327889442444,0.6802837252616882,0.263983815908432
Body,Body_random_full_03_zero,23456,530,0.28554404122357935,0.40920783286725537,0.6631324291229248,0.6000345945358276,0.13059234619140625
Body,Body_random_full_03_zero,23456,542,0.016394282556086697,0.3014757798965402,0.6550079584121704,0.5544434785842896,0.3413139581680298
Body,Body_random_full_03_zero,23456,574,-0.014754520696305293,0.5735324974191569,0.6404461860656738,0.49840670824050903,0.6941968202590942
Body,Body_random_full_03_zero,23456,597,0.10134665785751193,0.2869856088410381,0.764750063419342,0.5398573875427246,0.09293492138385773
Body,Body_random_full_03_zero,23456,619,0.10035397126879607,0.28332674490200754,0.7231101393699646,0.6073208451271057,-0.01145561970770359
Body,Body_random_full_03_zero,23456,656,-0.036481235703479574,0.2113700028471685,0.6961118578910828,0.759539783000946,0.37239083647727966
Body,Body_random_full_03_zero,23456,661,-0.018636431795233308,0.2680079159997661,0.6472330093383789,0.5173991918563843,0.3078170120716095
Body,Body_random_full_03_zero,23456,664,0.22794341810052032,0.4321333144767739,0.646697998046875,0.872477650642395,0.7812490463256836
Body,Body_random_full_03_zero,23456,698,0.13617215226220622,0.2362717346392837,0.6774623394012451,0.5881227850914001,0.2657180428504944
Body,Body_random_full_03_zero,23456,700,0.22727692197066088,0.28236402979280784,0.7668666839599609,0.31883949041366577,0.1846541464328766
Body,Body_random_full_03_zero,23456,716,-0.0884932905147376,0.268878987948669,0.6842749118804932,0.5289725065231323,0.026895765215158463
Body,Body_random_full_03_zero,23456,765,0.11042753466069243,0.31492856331199043,0.7118964791297913,0.6347941756248474,0.19168777763843536
Body,Body_random_full_03_zero,23456,771,0.0011972360861174066,0.2725618099926021,0.6622305512428284,0.5961015820503235,0.19966459274291992
Body,Body_random_full_03_zero,23456,786,0.034213614331548084,0.07679890622120085,0.8554028868675232,0.5320439338684082,0.2680848240852356
Body,Body_random_full_03_zero,23456,806,-0.10083900735761889,0.25628670133960507,0.7248739004135132,0.4241209030151367,0.16242605447769165
Body,Body_random_full_03_zero,23456,813,0.04151353201068006,0.22942569296083326,0.7505115866661072,0.532430112361908,0.033209770917892456
Body,Body_random_full_03_zero,23456,816,0.13292615543340633,0.23403566998347664,0.6286556720733643,0.58274906873703,0.27605077624320984
Body,Body_random_full_03_zero,23456,822,0.05625394906648106,0.2531998055638082,0.6146549582481384,0.7433840036392212,0.6565539240837097
Body,Body_random_full_03_zero,23456,826,0.4169285335612078,0.4000196029472373,0.7257347702980042,0.37186652421951294,0.06830663979053497
Body,Body_random_full_03_zero,23456,847,-0.019146528709969163,0.3531208564215981,0.6929733753204346,0.5547411441802979,0.09884801506996155
Body,Body_random_full_03_zero,23456,876,0.06315356776246402,0.13334365522913832,0.7698777914047241,0.6489080190658569,0.10621870309114456
Body,Body_random_full_03_zero,23456,891,0.11149758082553812,0.11313555547475013,0.6608757972717285,0.5459780693054199,0.0498061403632164
Body,Body_random_full_03_zero,23456,919,0.1973010307923464,0.14984961141061848,0.6954491138458252,0.5077165961265564,0.03697442635893822
Body,Body_random_full_03_zero,23456,931,-0.031747581997857544,0.21813516589639523,0.69301438331604,0.7832765579223633,0.7407732009887695
Body,Body_random_full_03_zero,23456,933,0.183148266252698,0.25474235083828706,0.5939276218414307,0.5232758522033691,0.10409032553434372
Body,Body_random_full_03_zero,23456,941,-0.07624506606584996,0.25992502329984707,0.7091673612594604,0.44144877791404724,0.1475812792778015
Body,Body_random_full_03_zero,23456,960,-0.13181907742945626,0.3338378965465001,0.7244301438331604,0.6385877132415771,0.048350751399993896
Body,Body_random_full_03_zero,23456,968,0.22226993228642866,0.1566217730169494,0.7719223499298096,0.5809526443481445,0.0513790100812912
Body,Body_random_full_03_zero,23456,989,0.2299384010287045,0.5339508464011391,0.5880131721496582,0.8382751941680908,0.8116475939750671
Body,Body_random_full_04_zero,23456,21,-0.16391597931871008,0.2365696683117422,0.7166335582733154,0.7505879998207092,0.6052721738815308
Body,Body_random_full_04_zero,23456,38,0.3113024915151441,0.31261142817778664,0.6366946697235107,0.7900048494338989,0.4172126352787018
Body,Body_random_full_04_zero,23456,40,0.24414491042232078,0.7155246742720794,0.5170531868934631,0.5453307628631592,0.15715768933296204
Body,Body_random_full_04_zero,23456,59,-0.05631747024399024,0.22248768210664585,0.6485627889633179,0.7895228862762451,0.7034558057785034
Body,Body_random_full_04_zero,23456,88,-0.31477939963280543,0.24717024417065364,0.7546384334564209,0.3892403841018677,0.07506589591503143
Body,Body_random_full_04_zero,23456,116,0.027490438801666715,0.3292579361717235,0.7490545511245728,0.6497072577476501,0.8077468276023865
Body,Body_random_full_04_zero,23456,133,-0.12201769203061089,0.6099192622339878,0.6837227940559387,0.4285602569580078,0.09210507571697235
Body,Body_random_full_04_zero,23456,161,-0.2490245157545159,0.37127198669234635,0.6444846391677856,0.6314880847930908,0.36150968074798584
Body,Body_random_full_04_zero,23456,170,0.048113660758581166,0.29720795062553695,0.6047611832618713,0.6132981181144714,0.05439440533518791
Body,Body_random_full_04_zero,23456,179,0.1981994365198865,0.25600276640713865,0.7365343570709229,0.6138163805007935,0.1429120898246765
Body,Body_random_full_04_zero,23456,220,0.28413343686677595,0.44215868939565944,0.6599200963973999,0.7273271679878235,0.5689399242401123
Body,Body_random_full_04_zero,23456,233,0.016947318498282796,0.22773187956530247,0.7268149852752686,0.5498482584953308,0.14165224134922028
Body,Body_random_full_04_zero,23456,257,0.12630295266716096,0.22239937149238043,0.6683557033538818,0.5207334160804749,0.15398812294006348
Body,Body_random_full_04_zero,23456,290,0.3027521125126461,0.282588144581965,0.6939294338226318,0.7622641324996948,0.7704598903656006
Body,Body_random_full_04_zero,23456,331,0.04015175880400314,0.21363470861348,0.7455649375915527,0.501024067401886,0.004956047050654888
Body,Body_random_full_04_zero,23456,339,0.08768386104715291,0.2476753579150827,0.6731274127960205,0.7450478076934814,0.4081525206565857
Body,Body_random_full_04_zero,23456,355,0.055917077777435056,0.6291433629346251,0.5887224078178406,0.7157483696937561,0.7786024212837219
Body,Body_random_full_04_zero,23456,366,0.30032543431097536,0.3360641882006366,0.710942268371582,0.7425258159637451,0.30298471450805664
Body,Body_random_full_04_zero,23456,474,-0.32538987617746545,0.17900814350130292,0.6702012419700623,0.37246477603912354,0.21880756318569183
Body,Body_random_full_04_zero,23456,492,-0.1953090710178426,0.4152307219348774,0.6573466658592224,0.7730140686035156,0.5819216966629028
Body,Body_random_full_04_zero,23456,527,0.11822942749393175,0.31288448344018244,0.749836802482605,0.5117329955101013,0.16754263639450073
Body,Body_random_full_04_zero,23456,530,0.19713007407987818,0.35899335915610636,0.6624251008033752,0.6605615615844727,0.21554699540138245
Body,Body_random_full_04_zero,23456,542,-0.044287600258410456,0.3182925969195348,0.6620921492576599,0.6729073524475098,0.25879141688346863
Body,Body_random_full_04_zero,23456,574,-0.021099045269823265,0.4121717039469436,0.6341562271118164,0.45683252811431885,0.5033497214317322
Body,Body_random_full_04_zero,23456,597,0.11536801332860588,0.31683679319005487,0.7688530087471008,0.5095224380493164,0.09964986145496368
Body,Body_random_full_04_zero,23456,619,-0.07986801998804095,0.20090734975918012,0.7555603981018066,0.5554193258285522,-0.06884106248617172
Body,Body_random_full_04_zero,23456,656,-0.030648728464747067,0.21939470320280252,0.6731064915657043,0.7423549294471741,0.43848055601119995
Body,Body_random_full_04_zero,23456,661,-0.0011282690915863443,0.2379301465005641,0.6723403930664062,0.38699135184288025,0.15130040049552917
Body,Body_random_full_04_zero,23456,664,0.22995981336423066,0.4224165192146791,0.6277766823768616,0.8791157603263855,0.7652046084403992
Body,Body_random_full_04_zero,23456,698,0.11097871198223205,0.2183463899599148,0.690190315246582,0.6498476266860962,0.24645327031612396
Body,Body_random_full_04_zero,23456,700,0.24033112941197818,0.28848358978003447,0.7682415843009949,0.3922058641910553,0.26462632417678833
Body,Body_random_full_04_zero,23456,716,-0.1166307557316057,0.2640959323360856,0.6695156097412109,0.6298477649688721,0.18216100335121155
Body,Body_random_full_04_zero,23456,765,0.03683319549446976,0.2812234355829187,0.7193331122398376,0.6426164507865906,0.21671214699745178
Body,Body_random_full_04_zero,23456,771,-0.027952800834472803,0.2849904080925112,0.6592339277267456,0.6500476598739624,0.195092111825943
Body,Body_random_full_04_zero,23456,786,0.0292716087760428,0.07554206597791105,0.8622516989707947,0.6055390238761902,0.30491209030151367
Body,Body_random_full_04_zero,23456,806,-0.04010725284619383,0.2275858935696642,0.6663006544113159,0.3778799772262573,0.10941141843795776
Body,Body_random_full_04_zero,23456,813,0.10461326806694948,0.26408319503490135,0.7436935901641846,0.520173192024231,0.032224204391241074
Body,Body_random_full_04_zero,23456,816,0.17188737700663825,0.22318396070994517,0.5948334336280823,0.3840055465698242,-0.03066166676580906
Body,Body_random_full_04_zero,23456,822,0.11040487711488585,0.24494680111015416,0.6254867911338806,0.7694557309150696,0.7254689931869507
Body,Body_random_full_04_zero,23456,826,0.6127532562212094,0.4292954467018707,0.6932809352874756,0.3905901312828064,0.10582095384597778
Body,Body_random_full_04_zero,23456,847,-0.03670864996109006,0.3580589924022454,0.678888201713562,0.5823973417282104,0.24733999371528625
Body,Body_random_full_04_zero,23456,876,0.09673841630794643,0.14399516329848808,0.7508342266082764,0.6161474585533142,0.16647544503211975
Body,Body_random_full_04_zero,23456,891,0.07494659731349305,0.12517391684398627,0.6419026851654053,0.4768000841140747,0.03248751908540726
Body,Body_random_full_04_zero,23456,919,0.179554664146923,0.15428158024924837,0.721119225025177,0.45691561698913574,0.06563617289066315
Body,Body_random_full_04_zero,23456,931,0.054212359444766135,0.19570426225520265,0.689106285572052,0.8385220170021057,0.7819170951843262
Body,Body_random_full_04_zero,23456,933,0.29792848589138543,0.33184869645617737,0.5601588487625122,0.6048416495323181,0.36081022024154663
Body,Body_random_full_04_zero,23456,941,0.09884851733128922,0.24983826348609786,0.6566556692123413,0.5212846398353577,0.2540053129196167
Body,Body_random_full_04_zero,23456,960,-0.0789314780543849,0.24194277436584072,0.7581422924995422,0.528648853302002,-0.024720031768083572
Body,Body_random_full_04_zero,23456,968,0.19326328904529652,0.15569887803880259,0.763630211353302,0.546489417552948,0.1099201887845993
Body,Body_random_full_04_zero,23456,989,0.16205474748752263,0.5262286205272129,0.6329774856567383,0.738010048866272,0.426438570022583
Body,Body_random_full_05_zero,23456,21,-0.1589265837172927,0.26176871318328465,0.7092121839523315,0.7693707942962646,0.6451857089996338
Body,Body_random_full_05_zero,23456,38,0.3579009894883149,0.30201316139677553,0.6032795906066895,0.822478711605072,0.4359637498855591
Body,Body_random_full_05_zero,23456,40,0.16581700891334453,0.6889340380502306,0.5420430898666382,0.5318011045455933,0.03959298133850098
Body,Body_random_full_05_zero,23456,59,-0.015405514594567323,0.2313970414094564,0.686180830001831,0.8047480583190918,0.7441085577011108
Body,Body_random_full_05_zero,23456,88,-0.34488323655598074,0.2579181121551783,0.7614022493362427,0.44392386078834534,0.06820665299892426
Body,Body_random_full_05_zero,23456,116,-0.04749317038450371,0.25191692937261045,0.706401526927948,0.6933853626251221,0.7921402454376221
Body,Body_random_full_05_zero,23456,133,-0.12672778201105614,0.6163535812932569,0.6907185316085815,0.447757750749588,0.09582547843456268
Body,Body_random_full_05_zero,23456,161,-0.2565140396421846,0.40571700847253567,0.6456096172332764,0.6069615483283997,0.4783371090888977
Body,Body_random_full_05_zero,23456,170,0.014607398594887298,0.3115045631571098,0.6682830452919006,0.5351051092147827,-0.04198525846004486
Body,Body_random_full_05_zero,23456,179,0.2065674019263566,0.2587180633051783,0.7277647256851196,0.6313885450363159,0.19552412629127502
Body,Body_random_full_05_zero,23456,220,0.24357042583056446,0.41518302735020907,0.6681374311447144,0.644687831401825,0.5467596054077148
Body,Body_random_full_05_zero,23456,233,0.040894276216746336,0.2133103695893874,0.6965792775154114,0.5543496608734131,0.16793766617774963
Body,Body_random_full_05_zero,23456,257,0.09865882390060111,0.22161585673026732,0.6467379927635193,0.4452308714389801,0.11158910393714905
Body,Body_random_full_05_zero,23456,290,0.44741580026319655,0.30847667824294484,0.6696303486824036,0.7516878247261047,0.8253123760223389
Body,Body_random_full_05_zero,23456,331,0.046157595882030035,0.21885219105447196,0.7528381943702698,0.5468030571937561,-0.017025209963321686
Body,Body_random_full_05_zero,23456,339,0.07487019560703594,0.25372644682479917,0.6596236824989319,0.7911838889122009,0.5055855512619019
Body,Body_random_full_05_zero,23456,355,-0.18602012858274034,0.5956243353666492,0.6010952591896057,0.7600553035736084,0.8060358762741089
Body,Body_random_full_05_zero,23456,366,0.25568372804706346,0.33283773796473626,0.6873378157615662,0.5729751586914062,0.1837013065814972
Body,Body_random_full_05_zero,23456,474,-0.29604081125566817,0.17074643671419762,0.6883062124252319,0.3789155185222626,0.2623785138130188
Body,Body_random_full_05_zero,23456,492,-0.18678580666371764,0.32827832673729906,0.6742671728134155,0.6645188927650452,0.41375070810317993
Body,Body_random_full_05_zero,23456,527,0.023146400287006343,0.3220856883354913,0.7601873278617859,0.5947322845458984,0.27563539147377014
Body,Body_random_full_05_zero,23456,530,0.2824124337887283,0.4250831320290844,0.6527276039123535,0.5974769592285156,0.1740710735321045
Body,Body_random_full_05_zero,23456,542,0.042801613175191926,0.315483830929961,0.6742076873779297,0.706078827381134,0.3502804636955261
Body,Body_random_full_05_zero,23456,574,0.002211042974234105,0.522347648224749,0.645432710647583,0.472880095243454,0.5946700572967529
Body,Body_random_full_05_zero,23456,597,0.1303109757222047,0.2728571995605019,0.7441282272338867,0.6982762813568115,0.2609797716140747
Body,Body_random_full_05_zero,23456,619,-0.06515671637986228,0.1981925385232734,0.7441819310188293,0.5203056335449219,-0.035371582955121994
Body,Body_random_full_05_zero,23456,656,-0.036308490340694666,0.21489839405209332,0.687747597694397,0.731793999671936,0.41504180431365967
Body,Body_random_full_05_zero,23456,661,-0.029848043821455134,0.2623683009194733,0.6345676183700562,0.4524633288383484,0.2941780686378479
Body,Body_random_full_05_zero,23456,664,0.22778293594248472,0.4328108624594062,0.6341608166694641,0.8836849331855774,0.7939996719360352
Body,Body_random_full_05_zero,23456,698,0.15055628390605555,0.23243972268240928,0.6821626424789429,0.46230658888816833,0.1538642793893814
Body,Body_random_full_05_zero,23456,700,0.2999389399880443,0.3208675691652412,0.7307161688804626,0.41861823201179504,0.2258501946926117
Body,Body_random_full_05_zero,23456,716,-0.1068826151936535,0.2705196142005938,0.7182607650756836,0.5873475074768066,0.1347004622220993
Body,Body_random_full_05_zero,23456,765,0.06591569247339261,0.3314861462456861,0.7315481901168823,0.7135180234909058,0.30052047967910767
Body,Body_random_full_05_zero,23456,771,0.035137682622154574,0.2622066454309037,0.6773993968963623,0.5663707852363586,0.13310731947422028
Body,Body_random_full_05_zero,23456,786,0.031772658176440406,0.07784259504402753,0.8716496825218201,0.6043047904968262,0.2568632960319519
Body,Body_random_full_05_zero,23456,806,-0.06417746976109878,0.21997607928502266,0.6683967113494873,0.4989053010940552,0.16551703214645386
Body,Body_random_full_05_zero,23456,813,0.11187453449906827,0.27954598650469514,0.7452200651168823,0.5754357576370239,0.08474712073802948
Body,Body_random_full_05_zero,23456,816,0.03231777912785184,0.250938572222782,0.675268828868866,0.5202792882919312,0.016601799055933952
Body,Body_random_full_05_zero,23456,822,0.12606691754937913,0.26849538670761897,0.6177233457565308,0.8038134574890137,0.7568740844726562
Body,Body_random_full_05_zero,23456,826,0.5840495175223172,0.4283358319846019,0.6911284923553467,0.3094941973686218,0.05733656883239746
Body,Body_random_full_05_zero,23456,847,-0.03412460251840121,0.3701397053962759,0.6513553857803345,0.6825135350227356,0.29102545976638794
Body,Body_random_full_05_zero,23456,876,0.06015964170826781,0.14674788249394463,0.7954368591308594,0.5881730318069458,0.08659423887729645
Body,Body_random_full_05_zero,23456,891,0.13043928221014703,0.10457044575519753,0.6397601962089539,0.5256156325340271,0.07234445214271545
Body,Body_random_full_05_zero,23456,919,0.2450609151902735,0.1619523162416716,0.7072342038154602,0.5063169002532959,0.004447212442755699
Body,Body_random_full_05_zero,23456,931,0.06177718104280995,0.20144518449041904,0.7210341691970825,0.7745945453643799,0.7481537461280823
Body,Body_random_full_05_zero,23456,933,0.2611801453606126,0.3297780831095128,0.5503751039505005,0.540138840675354,0.2940829396247864
Body,Body_random_full_05_zero,23456,941,0.09581160691658745,0.24722430939520745,0.6675399541854858,0.4910132586956024,0.12619949877262115
Body,Body_random_full_05_zero,23456,960,-0.1106432978133775,0.27189542783228565,0.7842094898223877,0.6335718631744385,-0.003735191188752651
Body,Body_random_full_05_zero,23456,968,0.2128937045168234,0.1538152854040353,0.7313919067382812,0.5384713411331177,0.09653517603874207
Body,Body_random_full_05_zero,23456,989,0.2327645757529611,0.5090873904207781,0.6256688833236694,0.8886730670928955,0.8049923777580261
Body,Scene_unrelated_equal4_zero,23456,21,-0.1558494099030076,0.280060335169064,0.75467848777771,0.632876992225647,0.43777501583099365
Body,Scene_unrelated_equal4_zero,23456,38,0.2493381095657785,0.27875397277983827,0.6758891344070435,0.7594784498214722,0.49956634640693665
Body,Scene_unrelated_equal4_zero,23456,40,0.2233459007880295,0.583651571578337,0.5752545595169067,0.5417622327804565,0.03406751900911331
Body,Scene_unrelated_equal4_zero,23456,59,-0.036074926999504826,0.20811322682798414,0.6799799203872681,0.805485725402832,0.6889690160751343
Body,Scene_unrelated_equal4_zero,23456,88,-0.32131863958987905,0.2885612403248031,0.7710109949111938,0.3858155310153961,0.11182744055986404
Body,Scene_unrelated_equal4_zero,23456,116,0.014854359620955023,0.3701841471883159,0.7488497495651245,0.6818949580192566,0.7814127206802368
Body,Scene_unrelated_equal4_zero,23456,133,-0.13508296320641835,0.6356204815074796,0.6896588206291199,0.42999571561813354,0.002123769372701645
Body,Scene_unrelated_equal4_zero,23456,161,-0.21609591666200909,0.3705000807385368,0.6548693180084229,0.6849544644355774,0.5156935453414917
Body,Scene_unrelated_equal4_zero,23456,170,0.05454586648615362,0.3153651047207544,0.6166481971740723,0.5666629076004028,0.006631050258874893
Body,Scene_unrelated_equal4_zero,23456,179,0.18462002508377756,0.2669379469045649,0.708166778087616,0.599091649055481,0.20789650082588196
Body,Scene_unrelated_equal4_zero,23456,220,0.3170584428088754,0.4451583442871678,0.6652094125747681,0.6016024351119995,0.24153493344783783
Body,Scene_unrelated_equal4_zero,23456,233,0.011902579607587747,0.21803164466899533,0.6874295473098755,0.4759926497936249,0.3729827404022217
Body,Scene_unrelated_equal4_zero,23456,257,0.10592310450135524,0.24779546742433825,0.6565848588943481,0.49625831842422485,0.07656774669885635
Body,Scene_unrelated_equal4_zero,23456,290,0.2886610321318415,0.27256941267285206,0.7787242531776428,0.6070309281349182,0.3147445023059845
Body,Scene_unrelated_equal4_zero,23456,331,-0.004971059336670263,0.2183119106431345,0.7489991188049316,0.5269995927810669,0.06300413608551025
Body,Scene_unrelated_equal4_zero,23456,339,0.10456734496691417,0.24388484675069377,0.6718050241470337,0.7093250751495361,0.3747641444206238
Body,Scene_unrelated_equal4_zero,23456,355,-0.19563110242839632,0.5849132142156684,0.6542098522186279,0.7762802243232727,0.6881074905395508
Body,Scene_unrelated_equal4_zero,23456,366,0.1945494285614465,0.3061365735166035,0.7245455980300903,0.6029484868049622,0.4329591393470764
Body,Scene_unrelated_equal4_zero,23456,474,-0.2635844365913797,0.1866932773989938,0.6733146905899048,0.5261525511741638,0.21969710290431976
Body,Scene_unrelated_equal4_zero,23456,492,-0.05101381991814866,0.4278025792042772,0.6333893537521362,0.7689058780670166,0.35306215286254883
Body,Scene_unrelated_equal4_zero,23456,527,0.03417412921152877,0.31412148781099375,0.7633198499679565,0.5599990487098694,0.29259467124938965
Body,Scene_unrelated_equal4_zero,23456,530,0.2896361750286615,0.44274272119663816,0.6479165554046631,0.5729978680610657,0.12123569846153259
Body,Scene_unrelated_equal4_zero,23456,542,0.02913066420116672,0.3086539874506719,0.6781071424484253,0.5786869525909424,0.26285696029663086
Body,Scene_unrelated_equal4_zero,23456,574,-0.05714522460157543,0.48269416363865353,0.6923866271972656,0.5765076875686646,0.6823104619979858
Body,Scene_unrelated_equal4_zero,23456,597,0.11927999487652932,0.29402549036883463,0.7596948742866516,0.5902365446090698,0.06722808629274368
Body,Scene_unrelated_equal4_zero,23456,619,-0.07452760656853438,0.21481072116508093,0.7695993185043335,0.42298460006713867,-0.07072044909000397
Body,Scene_unrelated_equal4_zero,23456,656,-0.04551344109141337,0.21044263237171437,0.6946010589599609,0.7321375608444214,0.27256113290786743
Body,Scene_unrelated_equal4_zero,23456,661,-0.03309025873291078,0.27264502420365383,0.6678942441940308,0.6629292964935303,0.3837801218032837
Body,Scene_unrelated_equal4_zero,23456,664,0.2327122305230761,0.416450561032069,0.6486318111419678,0.8706365823745728,0.7117834687232971
Body,Scene_unrelated_equal4_zero,23456,698,0.13931275982462224,0.2189585948866717,0.6707475185394287,0.5762492418289185,0.33077284693717957
Body,Scene_unrelated_equal4_zero,23456,700,0.2052026061945727,0.2949642561317961,0.7586661577224731,0.35397863388061523,0.26490551233291626
Body,Scene_unrelated_equal4_zero,23456,716,-0.11792380688906212,0.2651962514989913,0.6744973063468933,0.5247381925582886,0.01758451573550701
Body,Scene_unrelated_equal4_zero,23456,765,0.07842169671801988,0.35163063179730225,0.7208505868911743,0.6963621973991394,0.286165714263916
Body,Scene_unrelated_equal4_zero,23456,771,0.062232628533233844,0.3010562755374821,0.6641592979431152,0.6265324950218201,0.16576945781707764
Body,Scene_unrelated_equal4_zero,23456,786,0.019649733223228476,0.0755189690899055,0.8565215468406677,0.570160448551178,0.3551824390888214
Body,Scene_unrelated_equal4_zero,23456,806,-0.0781022406438848,0.25469000921275303,0.6830655932426453,0.4320780038833618,0.13874459266662598
Body,Scene_unrelated_equal4_zero,23456,813,0.10916165923905852,0.2632309067216912,0.7326730489730835,0.5476149320602417,0.044450365006923676
Body,Scene_unrelated_equal4_zero,23456,816,0.19835616290857472,0.2175642109886799,0.6478237509727478,0.44166800379753113,0.25738683342933655
Body,Scene_unrelated_equal4_zero,23456,822,0.10529428743181059,0.24114217078777,0.6284213066101074,0.7604870796203613,0.7528315782546997
Body,Scene_unrelated_equal4_zero,23456,826,0.5650826982998718,0.4287815703665597,0.728273868560791,0.42390093207359314,0.0319955013692379
Body,Scene_unrelated_equal4_zero,23456,847,-0.006903000474462685,0.3785497534587718,0.6632720232009888,0.6652513146400452,0.37146997451782227
Body,Scene_unrelated_equal4_zero,23456,876,0.07260778521374768,0.14717807425357418,0.7840580940246582,0.5431482791900635,0.10297441482543945
Body,Scene_unrelated_equal4_zero,23456,891,0.10215036984233636,0.132065366935916,0.662693440914154,0.5354655981063843,0.020706234499812126
Body,Scene_unrelated_equal4_zero,23456,919,0.1994315016200133,0.19329358620092157,0.70158851146698,0.5006591081619263,-0.0251429732888937
Body,Scene_unrelated_equal4_zero,23456,931,-0.05089020666217947,0.2182748344260011,0.6917318105697632,0.7678318023681641,0.7414281368255615
Body,Scene_unrelated_equal4_zero,23456,933,0.23323401061395377,0.28000985162787845,0.5986611247062683,0.5410118699073792,0.24873477220535278
Body,Scene_unrelated_equal4_zero,23456,941,0.09185847570854112,0.2404498092179197,0.6601501107215881,0.5326164364814758,0.12274717539548874
Body,Scene_unrelated_equal4_zero,23456,960,-0.1708944871449049,0.21702411222088333,0.6950410008430481,0.5702996253967285,0.0678379237651825
Body,Scene_unrelated_equal4_zero,23456,968,0.22027075827862017,0.15796191309356147,0.7482911348342896,0.49005505442619324,0.09190644323825836
Body,Scene_unrelated_equal4_zero,23456,989,0.18547092705166177,0.5199831338043392,0.691975474357605,0.8139441013336182,0.41042834520339966
Body,no_mask,23456,21,-0.15508205665915906,0.26249854844362813,0.7188042402267456,0.6594727039337158,0.510273814201355
Body,no_mask,23456,38,0.3138882167189092,0.2984740764587738,0.6341217756271362,0.8162028789520264,0.31134718656539917
Body,no_mask,23456,40,0.3456500956709051,0.7175004409643526,0.520104706287384,0.7163798213005066,0.3667592406272888
Body,no_mask,23456,59,-0.02284971516285536,0.2214100158907296,0.681124210357666,0.789199948310852,0.6969754695892334
Body,no_mask,23456,88,-0.33342669980519635,0.2532871001348271,0.7748019099235535,0.41502881050109863,0.025698376819491386
Body,no_mask,23456,116,-0.04060957148574976,0.26491061227322915,0.7250807881355286,0.6138702630996704,0.7970064878463745
Body,no_mask,23456,133,-0.11630363160675067,0.6172682982272514,0.6759281754493713,0.4214906692504883,0.03834550082683563
Body,no_mask,23456,161,-0.27058358594756526,0.3803646132850106,0.6184635162353516,0.7349812984466553,0.493450403213501
Body,no_mask,23456,170,0.030971186775728902,0.31361895046123456,0.6515687108039856,0.5225421190261841,-0.03122769296169281
Body,no_mask,23456,179,0.2134356672857847,0.25993709504537393,0.7268695831298828,0.5827019214630127,0.21091175079345703
Body,no_mask,23456,220,0.2725585907757032,0.43617986030067224,0.6544662117958069,0.6355332136154175,0.587100625038147
Body,no_mask,23456,233,0.02163619021638197,0.22075525878383678,0.7032084465026855,0.5571930408477783,0.20667245984077454
Body,no_mask,23456,257,0.10708483864100343,0.2360490563521946,0.6296736598014832,0.508609414100647,0.08761544525623322
Body,no_mask,23456,290,0.36704529656265406,0.3096137424020326,0.7654430270195007,0.6612312197685242,0.5359283685684204
Body,no_mask,23456,331,0.04171543878662649,0.22894027844028889,0.7662492990493774,0.5367928743362427,0.041443996131420135
Body,no_mask,23456,339,0.11313333827795725,0.25004903796795497,0.6787358522415161,0.7264280319213867,0.3687259554862976
Body,no_mask,23456,355,-0.17976705781985886,0.5897984037945881,0.6082326769828796,0.756443977355957,0.8004634380340576
Body,no_mask,23456,366,0.26458339156249383,0.3688079715896316,0.715015709400177,0.6288902759552002,0.18608367443084717
Body,no_mask,23456,474,-0.2751595514239798,0.18512762601137214,0.672565221786499,0.41182181239128113,0.15846401453018188
Body,no_mask,23456,492,-0.19437662654997398,0.3832509108763778,0.6312993168830872,0.7675545811653137,0.5153632760047913
Body,no_mask,23456,527,0.033932006355952934,0.31283431384442023,0.7560448050498962,0.564053475856781,0.18838857114315033
Body,no_mask,23456,530,0.30117038970206556,0.44686096184240115,0.6546828746795654,0.5459190011024475,0.13354571163654327
Body,no_mask,23456,542,0.048381884230772956,0.30070518768089577,0.663449764251709,0.6137081384658813,0.41981643438339233
Body,no_mask,23456,574,-0.017132866232445094,0.585613979765812,0.6238064765930176,0.5627884864807129,0.7241427898406982
Body,no_mask,23456,597,0.12160317964792701,0.31449183707774664,0.7657630443572998,0.6382347345352173,0.15173441171646118
Body,no_mask,23456,619,-0.07922836824864396,0.21793000161943824,0.7437306642532349,0.5202829837799072,-0.08433040976524353
Body,no_mask,23456,656,-0.04340782664623735,0.21804984478705242,0.686693012714386,0.7449614405632019,0.3440965414047241
Body,no_mask,23456,661,-0.02399658187557526,0.272689472063145,0.673879861831665,0.5339156985282898,0.2950698137283325
Body,no_mask,23456,664,0.22157145005289766,0.4340781690461013,0.644762396812439,0.866568922996521,0.8300919532775879
Body,no_mask,23456,698,0.1513454369080283,0.22607611108195927,0.6693301200866699,0.5987494587898254,0.2057582437992096
Body,no_mask,23456,700,0.19493231228348254,0.28870368226413007,0.7919354438781738,0.37837520241737366,0.2399568408727646
Body,no_mask,23456,716,-0.10878123236426171,0.2592821877392592,0.6738319993019104,0.5453438758850098,0.16541582345962524
Body,no_mask,23456,765,0.08541845927884237,0.36056647028226946,0.7182580828666687,0.629836916923523,0.28656142950057983
Body,no_mask,23456,771,0.039686201409841255,0.29333482702606284,0.6733182668685913,0.6323015093803406,0.08910998702049255
Body,no_mask,23456,786,0.015996175646053202,0.07627468356316998,0.8595391511917114,0.570205569267273,0.329956978559494
Body,no_mask,23456,806,-0.10554213413372694,0.20744841889603888,0.6491571664810181,0.5682551264762878,0.16115878522396088
Body,no_mask,23456,813,0.10127401308045832,0.2595164882123295,0.7308310270309448,0.5467476844787598,0.002072032541036606
Body,no_mask,23456,816,0.18624222662649495,0.22504159483860353,0.6390358209609985,0.41585099697113037,0.19316071271896362
Body,no_mask,23456,822,0.1128097151237575,0.27069487095556266,0.6072521209716797,0.7863367795944214,0.7061910629272461
Body,no_mask,23456,826,0.5374107462625989,0.42693401946348014,0.7355815172195435,0.49486881494522095,0.07920936495065689
Body,no_mask,23456,847,-0.028442778663876334,0.3921329782760495,0.6785087585449219,0.6717267036437988,0.2976379990577698
Body,no_mask,23456,876,0.07870706669367593,0.15239406103533373,0.7764143943786621,0.6007015109062195,0.08640258759260178
Body,no_mask,23456,891,0.11988593239905823,0.1267597436645301,0.650413990020752,0.4999312162399292,0.017486194148659706
Body,no_mask,23456,919,0.2340283557083595,0.15826395426157594,0.6997009515762329,0.49219977855682373,0.03106948360800743
Body,no_mask,23456,931,-0.04225675714571603,0.2137041124251707,0.679610550403595,0.7567139863967896,0.7169148921966553
Body,no_mask,23456,933,0.22182396249270556,0.277697476120924,0.5861908197402954,0.5617961883544922,0.3688981235027313
Body,no_mask,23456,941,0.09373021075255064,0.2334082499736036,0.6558504104614258,0.5542563199996948,0.08192124962806702
Body,no_mask,23456,960,-0.12998226005397842,0.2644850889129926,0.7323607206344604,0.5868345499038696,0.048229098320007324
Body,no_mask,23456,968,0.2128332421492289,0.1571179142563065,0.7435870170593262,0.5084152817726135,0.06984174996614456
Body,no_mask,23456,989,0.21100552289547111,0.5312757028147329,0.6527262330055237,0.8638466596603394,0.8144434690475464
Body,no_mask_repeat,23456,21,-0.15508205665915906,0.26249854844362813,0.7188042998313904,0.6594727039337158,0.510273814201355
Body,no_mask_repeat,23456,38,0.3138882167189092,0.2984740764587738,0.6341217160224915,0.8162028789520264,0.31134718656539917
Body,no_mask_repeat,23456,40,0.3456500956709051,0.7175004409643526,0.520104706287384,0.7163798213005066,0.3667592406272888
Body,no_mask_repeat,23456,59,-0.02284971516285536,0.2214100158907296,0.681124210357666,0.789199948310852,0.6969754695892334
Body,no_mask_repeat,23456,88,-0.33342669980519635,0.2532871001348271,0.7748019099235535,0.41502881050109863,0.025698376819491386
Body,no_mask_repeat,23456,116,-0.04060957148574976,0.26491061227322915,0.7250807881355286,0.6138702630996704,0.7970064878463745
Body,no_mask_repeat,23456,133,-0.11630363160675067,0.6172682982272514,0.6759281754493713,0.4214906692504883,0.03834550082683563
Body,no_mask_repeat,23456,161,-0.27058358594756526,0.3803646132850106,0.6184635162353516,0.7349812984466553,0.493450403213501
Body,no_mask_repeat,23456,170,0.030971186775728902,0.31361895046123456,0.6515687108039856,0.5225421190261841,-0.03122769296169281
Body,no_mask_repeat,23456,179,0.2134356672857847,0.25993709504537393,0.7268695831298828,0.5827019214630127,0.21091175079345703
Body,no_mask_repeat,23456,220,0.2725585907757032,0.43617986030067224,0.6544661521911621,0.6355332136154175,0.587100625038147
Body,no_mask_repeat,23456,233,0.02163619021638197,0.22075525878383678,0.7032083868980408,0.5571930408477783,0.20667245984077454
Body,no_mask_repeat,23456,257,0.10708483864100343,0.2360490563521946,0.6296736598014832,0.508609414100647,0.08761544525623322
Body,no_mask_repeat,23456,290,0.36704529656265406,0.3096137424020326,0.7654430866241455,0.6612312197685242,0.5359283685684204
Body,no_mask_repeat,23456,331,0.04171543878662649,0.22894027844028889,0.7662492990493774,0.5367928743362427,0.041443996131420135
Body,no_mask_repeat,23456,339,0.11313333827795725,0.25004903796795497,0.6787357926368713,0.7264280319213867,0.3687259554862976
Body,no_mask_repeat,23456,355,-0.17976705781985886,0.5897984037945881,0.6082326769828796,0.756443977355957,0.8004634380340576
Body,no_mask_repeat,23456,366,0.26458339156249383,0.3688079715896316,0.715015709400177,0.6288902759552002,0.18608367443084717
Body,no_mask_repeat,23456,474,-0.2751595514239798,0.18512762601137214,0.672565221786499,0.41182181239128113,0.15846401453018188
Body,no_mask_repeat,23456,492,-0.19437662654997398,0.3832509108763778,0.6312993168830872,0.7675545811653137,0.5153632760047913
Body,no_mask_repeat,23456,527,0.033932006355952934,0.31283431384442023,0.756044864654541,0.564053475856781,0.18838857114315033
Body,no_mask_repeat,23456,530,0.30117038970206556,0.44686096184240115,0.6546828746795654,0.5459190011024475,0.13354571163654327
Body,no_mask_repeat,23456,542,0.048381884230772956,0.30070518768089577,0.663449764251709,0.6137081384658813,0.41981643438339233
Body,no_mask_repeat,23456,574,-0.017132866232445094,0.585613979765812,0.6238064765930176,0.5627884864807129,0.7241427898406982
Body,no_mask_repeat,23456,597,0.12160317964792701,0.31449183707774664,0.7657630443572998,0.6382347345352173,0.15173441171646118
Body,no_mask_repeat,23456,619,-0.07922836824864396,0.21793000161943824,0.7437306642532349,0.5202829837799072,-0.08433040976524353
Body,no_mask_repeat,23456,656,-0.04340782664623735,0.21804984478705242,0.686693012714386,0.7449614405632019,0.3440965414047241
Body,no_mask_repeat,23456,661,-0.02399658187557526,0.272689472063145,0.673879861831665,0.5339156985282898,0.2950698137283325
Body,no_mask_repeat,23456,664,0.22157145005289766,0.4340781690461013,0.644762396812439,0.866568922996521,0.8300919532775879
Body,no_mask_repeat,23456,698,0.1513454369080283,0.22607611108195927,0.6693300604820251,0.5987494587898254,0.2057582437992096
Body,no_mask_repeat,23456,700,0.19493231228348254,0.28870368226413007,0.7919354438781738,0.37837520241737366,0.2399568408727646
Body,no_mask_repeat,23456,716,-0.10878123236426171,0.2592821877392592,0.6738319396972656,0.5453438758850098,0.16541582345962524
Body,no_mask_repeat,23456,765,0.08541845927884237,0.36056647028226946,0.7182580828666687,0.629836916923523,0.28656142950057983
Body,no_mask_repeat,23456,771,0.039686201409841255,0.29333482702606284,0.6733182668685913,0.6323015093803406,0.08910998702049255
Body,no_mask_repeat,23456,786,0.015996175646053202,0.07627468356316998,0.8595391511917114,0.570205569267273,0.329956978559494
Body,no_mask_repeat,23456,806,-0.10554213413372694,0.20744841889603888,0.6491571664810181,0.5682551264762878,0.16115878522396088
Body,no_mask_repeat,23456,813,0.10127401308045832,0.2595164882123295,0.7308310270309448,0.5467476844787598,0.002072032541036606
Body,no_mask_repeat,23456,816,0.18624222662649495,0.22504159483860353,0.6390358209609985,0.41585099697113037,0.19316071271896362
Body,no_mask_repeat,23456,822,0.1128097151237575,0.27069487095556266,0.6072521805763245,0.7863367795944214,0.7061910629272461
Body,no_mask_repeat,23456,826,0.5374107462625989,0.42693401946348014,0.7355814576148987,0.49486881494522095,0.07920936495065689
Body,no_mask_repeat,23456,847,-0.028442778663876334,0.3921329782760495,0.6785086989402771,0.6717267036437988,0.2976379990577698
Body,no_mask_repeat,23456,876,0.07870706669367593,0.15239406103533373,0.7764144539833069,0.6007015109062195,0.08640258759260178
Body,no_mask_repeat,23456,891,0.11988593239905823,0.1267597436645301,0.650413990020752,0.4999312162399292,0.017486194148659706
Body,no_mask_repeat,23456,919,0.2340283557083595,0.15826395426157594,0.6997009515762329,0.49219977855682373,0.03106948360800743
Body,no_mask_repeat,23456,931,-0.04225675714571603,0.2137041124251707,0.679610550403595,0.7567139863967896,0.7169148921966553
Body,no_mask_repeat,23456,933,0.22182396249270556,0.277697476120924,0.5861908793449402,0.5617961883544922,0.3688981235027313
Body,no_mask_repeat,23456,941,0.09373021075255064,0.2334082499736036,0.6558504104614258,0.5542563199996948,0.08192124962806702
Body,no_mask_repeat,23456,960,-0.12998226005397842,0.2644850889129926,0.7323607802391052,0.5868345499038696,0.048229098320007324
Body,no_mask_repeat,23456,968,0.2128332421492289,0.1571179142563065,0.7435870170593262,0.5084152817726135,0.06984174996614456
Body,no_mask_repeat,23456,989,0.21100552289547111,0.5312757028147329,0.6527262330055237,0.8638466596603394,0.8144434690475464
Body,Body_equal4_zero,34567,21,0.0038021679938288395,0.27921119010403184,0.6881989240646362,0.46945178508758545,0.11580038070678711
Body,Body_equal4_zero,34567,38,0.04912576294784089,0.25408215216792707,0.6729508638381958,0.7384799718856812,0.4175359010696411
Body,Body_equal4_zero,34567,40,0.4324842047095142,0.718890795028314,0.5555437207221985,0.7514461874961853,0.35793498158454895
Body,Body_equal4_zero,34567,59,0.12339479988153597,0.28236645284556505,0.6542887091636658,0.7037085294723511,0.39676859974861145
Body,Body_equal4_zero,34567,88,0.14635203136495067,0.284028213160141,0.6839064359664917,0.3712075352668762,0.02991522289812565
Body,Body_equal4_zero,34567,116,-0.020041317202925173,0.2533257709302642,0.7642157077789307,0.23629243671894073,0.006385812535881996
Body,Body_equal4_zero,34567,133,-0.07522078222520738,0.5230359864821782,0.6965261101722717,0.48431625962257385,0.26450181007385254
Body,Body_equal4_zero,34567,161,-0.17366628610412216,0.47900629464214717,0.6030299663543701,0.6519076824188232,0.754936933517456
Body,Body_equal4_zero,34567,170,0.016662738870179626,0.29610428675729733,0.6405260562896729,0.5793434381484985,0.10821548104286194
Body,Body_equal4_zero,34567,179,0.27072646035839365,0.2878477746457149,0.6515644788742065,0.669222891330719,0.28196704387664795
Body,Body_equal4_zero,34567,220,0.05801395144229023,0.36397720304124087,0.7347468733787537,0.49947696924209595,0.17601409554481506
Body,Body_equal4_zero,34567,233,-0.10397423728313927,0.16534118203792286,0.6699507236480713,0.48129212856292725,0.20198550820350647
Body,Body_equal4_zero,34567,257,0.05765440238407657,0.3069700307451039,0.6883862614631653,0.5280380845069885,0.07729286700487137
Body,Body_equal4_zero,34567,290,-0.15743607426059766,0.2180699486653996,0.8014371395111084,0.67442786693573,0.7267625331878662
Body,Body_equal4_zero,34567,331,0.27561312618270684,0.27105395638467195,0.7888321876525879,0.6078367233276367,0.03949281573295593
Body,Body_equal4_zero,34567,339,0.11884094838498317,0.28804770623792914,0.6671234369277954,0.642270565032959,0.3824879229068756
Body,Body_equal4_zero,34567,355,-0.020933111889468066,0.6080957306155282,0.7276711463928223,0.6822439432144165,0.5997623205184937
Body,Body_equal4_zero,34567,366,0.18500192042493235,0.310961495922747,0.7551186084747314,0.5468003749847412,0.04696226492524147
Body,Body_equal4_zero,34567,474,0.17463091088861057,0.21693662614410336,0.64495849609375,0.40868186950683594,0.17087526619434357
Body,Body_equal4_zero,34567,492,-0.013096709474762672,0.48173525645556525,0.7120987176895142,0.6528712511062622,0.4015422761440277
Body,Body_equal4_zero,34567,527,-0.09691961937430259,0.2334130202554982,0.7698643207550049,0.6585716009140015,0.2159874141216278
Body,Body_equal4_zero,34567,530,0.1288608301721799,0.4843732417306746,0.5815975069999695,0.663022518157959,0.47404730319976807
Body,Body_equal4_zero,34567,542,0.044173284711050205,0.3452612475953572,0.7173334360122681,0.6040009260177612,0.17284664511680603
Body,Body_equal4_zero,34567,574,-0.027772309107255606,0.5026191686816914,0.6385457515716553,0.42753005027770996,0.16911353170871735
Body,Body_equal4_zero,34567,597,0.09258386382491204,0.3219735675954278,0.7538368701934814,0.5728802680969238,0.07927728444337845
Body,Body_equal4_zero,34567,619,-0.001501421605912959,0.17819746422888605,0.7259117364883423,0.5993175506591797,0.02684934437274933
Body,Body_equal4_zero,34567,656,-0.022217351161290113,0.21098303852724368,0.6674454212188721,0.6469630599021912,0.13564752042293549
Body,Body_equal4_zero,34567,661,-0.0054549334124085955,0.2536082966734214,0.66146320104599,0.6941719055175781,0.3954416513442993
Body,Body_equal4_zero,34567,664,0.038019984942420114,0.40907959620020334,0.7048516273498535,0.7550531029701233,0.7023374438285828
Body,Body_equal4_zero,34567,698,-0.2412162452149456,0.22750059463717687,0.6999666690826416,0.5352804064750671,0.049650974571704865
Body,Body_equal4_zero,34567,700,0.05218994802666538,0.3228722205671059,0.7707985639572144,0.40572768449783325,0.32641005516052246
Body,Body_equal4_zero,34567,716,-0.021084932397773003,0.270193232198644,0.6618518233299255,0.4951210618019104,0.10155665874481201
Body,Body_equal4_zero,34567,765,-0.12091562436928849,0.36842761394827456,0.7142404913902283,0.6228663325309753,0.22176598012447357
Body,Body_equal4_zero,34567,771,-0.06480548956518474,0.38701166806464693,0.7160887718200684,0.6649083495140076,0.3570857048034668
Body,Body_equal4_zero,34567,786,-0.06681542773064185,0.061477576536924004,0.7644895911216736,0.7082659602165222,0.5102420449256897
Body,Body_equal4_zero,34567,806,0.010071648701551264,0.29021157365802586,0.6551418900489807,0.45365530252456665,0.07959608733654022
Body,Body_equal4_zero,34567,813,0.13316087861270406,0.24580030788224602,0.6798713207244873,0.5223249197006226,0.1193917989730835
Body,Body_equal4_zero,34567,816,0.028517823109596788,0.28034277442830324,0.687050461769104,0.6682006120681763,0.3345131576061249
Body,Body_equal4_zero,34567,822,0.25761937277131797,0.36834682035261185,0.6813422441482544,0.508213460445404,0.0866427943110466
Body,Body_equal4_zero,34567,826,0.3864312723916344,0.4109547661449811,0.7288335561752319,0.4349763095378876,0.1511009782552719
Body,Body_equal4_zero,34567,847,0.28160621487020576,0.39459969135637474,0.6780894994735718,0.42721712589263916,-0.00654180534183979
Body,Body_equal4_zero,34567,876,0.07257689684211947,0.12205969814254099,0.7396568059921265,0.5670168995857239,0.03262808546423912
Body,Body_equal4_zero,34567,891,0.02380655136365218,0.18162543050392232,0.6921866536140442,0.556869387626648,-0.014404738321900368
Body,Body_equal4_zero,34567,919,0.013894245106271526,0.17688227765388365,0.7621435523033142,0.5169201493263245,0.060218021273612976
Body,Body_equal4_zero,34567,931,0.22676381499090772,0.26962672826027245,0.6402831077575684,0.8224495053291321,0.7099032402038574
Body,Body_equal4_zero,34567,933,-0.2418506573858965,0.27769272066033057,0.627400815486908,0.3213854432106018,0.03896791860461235
Body,Body_equal4_zero,34567,941,-0.30000416927956625,0.2654202647326368,0.6793394088745117,0.49565306305885315,0.1038869246840477
Body,Body_equal4_zero,34567,960,0.1577510076918363,0.31727419506750854,0.6679373979568481,0.5904901623725891,-0.02778920903801918
Body,Body_equal4_zero,34567,968,0.2804502780608177,0.14012243155298634,0.6842654943466187,0.5419788956642151,0.11035552620887756
Body,Body_equal4_zero,34567,989,-0.058525349800113445,0.4303061445809877,0.7649625539779663,0.733504593372345,0.566306471824646
Body,Body_full_zero,34567,21,-0.006990922582034304,0.26609174599249824,0.7015425562858582,0.5047274827957153,0.13068988919258118
Body,Body_full_zero,34567,38,0.07572657132854538,0.2742321970681125,0.6712161898612976,0.7235363125801086,0.5294063091278076
Body,Body_full_zero,34567,40,0.3987559580335033,0.7085941964934991,0.5307818651199341,0.780927300453186,0.38935205340385437
Body,Body_full_zero,34567,59,0.1307700107082566,0.2785221414298868,0.6108771562576294,0.6366474032402039,0.2699739933013916
Body,Body_full_zero,34567,88,0.21442763436451986,0.28149298409125606,0.7647362947463989,0.38775044679641724,0.011630936525762081
Body,Body_full_zero,34567,116,-0.03213981338025836,0.222122195112062,0.7527259588241577,0.28548291325569153,0.10251457989215851
Body,Body_full_zero,34567,133,-0.09453947182206641,0.5622830945750472,0.7145583629608154,0.4516482353210449,0.05942882224917412
Body,Body_full_zero,34567,161,-0.16007740820460514,0.4814843295567063,0.5958420038223267,0.6729052066802979,0.7288678288459778
Body,Body_full_zero,34567,170,-0.009967435528806981,0.31961957132192736,0.611871600151062,0.615035891532898,0.07133356481790543
Body,Body_full_zero,34567,179,0.09203252235524333,0.2756798431932292,0.7256813049316406,0.6819952726364136,0.19617927074432373
Body,Body_full_zero,34567,220,0.047536288420798316,0.3892031168549119,0.6947521567344666,0.5451141595840454,0.1899603009223938
Body,Body_full_zero,34567,233,-0.14549338984392454,0.15675413333666463,0.6582859754562378,0.5994058847427368,0.0918552577495575
Body,Body_full_zero,34567,257,0.049535968603167314,0.3062047781915189,0.723551869392395,0.5337058901786804,0.13892525434494019
Body,Body_full_zero,34567,290,-0.1441981995918811,0.2715599563311975,0.7712137699127197,0.5421429872512817,0.2554165720939636
Body,Body_full_zero,34567,331,0.2576378161591427,0.24593834470427198,0.7382884621620178,0.594219982624054,0.005420220084488392
Body,Body_full_zero,34567,339,0.11071198723347617,0.29070100122317494,0.6722190380096436,0.7146142721176147,0.3403964638710022
Body,Body_full_zero,34567,355,0.1561680492687623,0.6294805402397609,0.7526724338531494,0.7006996870040894,0.6172043085098267
Body,Body_full_zero,34567,366,0.17753391407662383,0.28947975344093635,0.7808718681335449,0.4152361750602722,0.032298553735017776
Body,Body_full_zero,34567,474,0.20291396635970071,0.2279483658469786,0.6642113327980042,0.4209645092487335,0.1369401514530182
Body,Body_full_zero,34567,492,-0.03469886371646361,0.4533940051884005,0.7314481735229492,0.6890547275543213,0.3785659670829773
Body,Body_full_zero,34567,527,-0.0968525341701844,0.26924030715825714,0.7642878890037537,0.565520167350769,0.1470213532447815
Body,Body_full_zero,34567,530,0.1274371579843667,0.4862953332563335,0.5855597853660583,0.6667838096618652,0.42032739520072937
Body,Body_full_zero,34567,542,0.0414357235978772,0.34789431923179964,0.7105504274368286,0.5626277923583984,0.17704585194587708
Body,Body_full_zero,34567,574,-0.04636058448425466,0.5037473145219017,0.6500231027603149,0.41113701462745667,0.1445491462945938
Body,Body_full_zero,34567,597,0.09599460774496771,0.3316023602576725,0.7547445297241211,0.5277332067489624,0.059651151299476624
Body,Body_full_zero,34567,619,-0.0025325973126312956,0.18512503926315302,0.7279762029647827,0.5092087984085083,0.06565342098474503
Body,Body_full_zero,34567,656,-0.05202422471328969,0.21644039748896482,0.6805520057678223,0.5956437587738037,0.12437755614519119
Body,Body_full_zero,34567,661,0.000413117002304148,0.25789545478995984,0.6493550539016724,0.691613495349884,0.28695064783096313
Body,Body_full_zero,34567,664,0.002174828899392844,0.4050289169929464,0.7031927108764648,0.8318567276000977,0.7720246911048889
Body,Body_full_zero,34567,698,-0.2022040892162405,0.2414484890521799,0.7227163314819336,0.5717569589614868,0.17167817056179047
Body,Body_full_zero,34567,700,0.07462306481658551,0.30711591156221907,0.7585434913635254,0.447689414024353,0.1642187535762787
Body,Body_full_zero,34567,716,-0.005651077850335062,0.26696954566416276,0.663611650466919,0.5189245343208313,0.0355558805167675
Body,Body_full_zero,34567,765,-0.158599183739116,0.39404678270750987,0.7274344563484192,0.6179846525192261,0.21950852870941162
Body,Body_full_zero,34567,771,-0.04118702339582783,0.39068851290751927,0.7174760103225708,0.6778436303138733,0.3667352795600891
Body,Body_full_zero,34567,786,-0.07251533613929724,0.05792833825000961,0.7687630653381348,0.6560261845588684,0.47541648149490356
Body,Body_full_zero,34567,806,0.037107482496750305,0.2860852456657609,0.6684386730194092,0.366793155670166,0.22057391703128815
Body,Body_full_zero,34567,813,0.1943744725592534,0.2526876357109889,0.702489972114563,0.4580017030239105,0.12456291168928146
Body,Body_full_zero,34567,816,0.050266760090634466,0.2804316066964337,0.6663069128990173,0.5633181929588318,0.330401211977005
Body,Body_full_zero,34567,822,0.2713193266377182,0.35911264293925793,0.6734097599983215,0.43498796224594116,0.07712089270353317
Body,Body_full_zero,34567,826,0.5237464435897315,0.41533838626514086,0.7513899803161621,0.4481915831565857,0.08942358195781708
Body,Body_full_zero,34567,847,0.3174812748622711,0.4051505941492374,0.6492648124694824,0.4671322703361511,0.04770072549581528
Body,Body_full_zero,34567,876,0.1019129719061951,0.13115450319961164,0.7525388598442078,0.5453721880912781,0.04286041110754013
Body,Body_full_zero,34567,891,-0.007817395984452583,0.17276461654351422,0.6921002268791199,0.5509119629859924,0.040916118770837784
Body,Body_full_zero,34567,919,0.009949617902759817,0.18812706897820453,0.7697811126708984,0.5177262425422668,0.06768818199634552
Body,Body_full_zero,34567,931,0.23610194212118255,0.2667375200358522,0.6382327675819397,0.7858474254608154,0.7304515838623047
Body,Body_full_zero,34567,933,-0.24142029566232423,0.2696201021817283,0.6526250839233398,0.3799820840358734,0.030223779380321503
Body,Body_full_zero,34567,941,-0.26697300164480686,0.2570655598790574,0.6797822713851929,0.5203746557235718,0.11395945399999619
Body,Body_full_zero,34567,960,0.1584149236194237,0.29962005373940226,0.6666867733001709,0.5963987708091736,0.0007670354098081589
Body,Body_full_zero,34567,968,0.28004201718706206,0.1452352235672043,0.7006857395172119,0.5162087082862854,0.08202115446329117
Body,Body_full_zero,34567,989,-0.06503491515196225,0.4406746027544823,0.7374228239059448,0.6965544819831848,0.33768606185913086
Body,Body_random_equal4_01_zero,34567,21,0.008431119788871178,0.27987186735327235,0.6903788447380066,0.4546746611595154,0.17855480313301086
Body,Body_random_equal4_01_zero,34567,38,0.060485835797498846,0.25868068933903215,0.676459789276123,0.7589186429977417,0.46627965569496155
Body,Body_random_equal4_01_zero,34567,40,0.4174748856189485,0.7144988604854237,0.5503320097923279,0.7949718832969666,0.48116689920425415
Body,Body_random_equal4_01_zero,34567,59,0.12387958579708788,0.30085154066539643,0.637553334236145,0.7595981955528259,0.37075191736221313
Body,Body_random_equal4_01_zero,34567,88,0.1853978001656726,0.2632074569366518,0.6778903007507324,0.32075822353363037,0.07465925067663193
Body,Body_random_equal4_01_zero,34567,116,-0.021107064514653703,0.20796688773486813,0.7659479975700378,0.23105905950069427,0.02370549365878105
Body,Body_random_equal4_01_zero,34567,133,-0.07153457048833815,0.5497253144133296,0.7050364017486572,0.42935889959335327,0.05821661651134491
Body,Body_random_equal4_01_zero,34567,161,-0.16822488726686505,0.47486472678266844,0.5992947816848755,0.6074292659759521,0.6369721293449402
Body,Body_random_equal4_01_zero,34567,170,0.022979289149576632,0.2820812719781357,0.6436514258384705,0.6172991991043091,0.1617395430803299
Body,Body_random_equal4_01_zero,34567,179,0.27258941770115286,0.2868821084432861,0.6442832946777344,0.6602063179016113,0.30708348751068115
Body,Body_random_equal4_01_zero,34567,220,0.05881843547319561,0.3715253952549721,0.7237772345542908,0.4410965144634247,0.07184748351573944
Body,Body_random_equal4_01_zero,34567,233,-0.04436420371760764,0.20213853297013698,0.6788350343704224,0.44838595390319824,0.25174152851104736
Body,Body_random_equal4_01_zero,34567,257,0.061283888186181947,0.30507144161769495,0.6763882637023926,0.4848802387714386,0.12767209112644196
Body,Body_random_equal4_01_zero,34567,290,-0.11787019468138732,0.28185112667783796,0.7982285022735596,0.6431846618652344,0.6707991361618042
Body,Body_random_equal4_01_zero,34567,331,0.27487683178191263,0.25382519383716534,0.7559812664985657,0.5880371928215027,0.04352746158838272
Body,Body_random_equal4_01_zero,34567,339,0.09751006329177705,0.29591655169892545,0.6580265164375305,0.6563671827316284,0.39135226607322693
Body,Body_random_equal4_01_zero,34567,355,-0.0367423112685243,0.5968927214365873,0.7283861637115479,0.6664838194847107,0.6219780445098877
Body,Body_random_equal4_01_zero,34567,366,0.20808559002292965,0.30533545015467933,0.7518272399902344,0.5622557997703552,0.16869699954986572
Body,Body_random_equal4_01_zero,34567,474,0.17692331313482323,0.22911872351102888,0.6620199680328369,0.4611702561378479,0.27805179357528687
Body,Body_random_equal4_01_zero,34567,492,0.0029723415715106607,0.47750087386859685,0.7185912132263184,0.6992220878601074,0.4742588400840759
Body,Body_random_equal4_01_zero,34567,527,-0.09679725434394146,0.2346813741374905,0.7569628953933716,0.6485713720321655,0.29745039343833923
Body,Body_random_equal4_01_zero,34567,530,0.12191934410034282,0.4823002950927719,0.5870795249938965,0.6098253726959229,0.4561302065849304
Body,Body_random_equal4_01_zero,34567,542,0.040219020160954556,0.34697606515357465,0.7175553441047668,0.5864589214324951,0.1711408495903015
Body,Body_random_equal4_01_zero,34567,574,-0.035134067660667775,0.49251141914259494,0.6391831040382385,0.3779103457927704,0.21644511818885803
Body,Body_random_equal4_01_zero,34567,597,0.0907163331877855,0.32659624317146185,0.7625311017036438,0.5370078682899475,0.09395956993103027
Body,Body_random_equal4_01_zero,34567,619,0.005234885447635276,0.1786594547849624,0.7278979420661926,0.5920233726501465,0.020654410123825073
Body,Body_random_equal4_01_zero,34567,656,-0.02866990480976116,0.20385134729954604,0.6676454544067383,0.6130722165107727,0.1251670867204666
Body,Body_random_equal4_01_zero,34567,661,0.007845676325656603,0.24996322412448146,0.6715431213378906,0.7100602984428406,0.44846946001052856
Body,Body_random_equal4_01_zero,34567,664,0.05891750054677039,0.4107377184783008,0.7125788331031799,0.7715104818344116,0.7046521902084351
Body,Body_random_equal4_01_zero,34567,698,-0.23196919831048787,0.22831337789366,0.7108840942382812,0.4982404410839081,0.08646731823682785
Body,Body_random_equal4_01_zero,34567,700,0.012671891136684854,0.3269529022067028,0.7635542750358582,0.3979790508747101,0.38986116647720337
Body,Body_random_equal4_01_zero,34567,716,0.024060706077283597,0.2627402915246116,0.6849709153175354,0.5639088153839111,0.07630611211061478
Body,Body_random_equal4_01_zero,34567,765,-0.1461221348087181,0.38259764630930815,0.71858149766922,0.6049599647521973,0.21769268810749054
Body,Body_random_equal4_01_zero,34567,771,-0.06484305850601357,0.37620006583107685,0.7192411422729492,0.6436976194381714,0.30757689476013184
Body,Body_random_equal4_01_zero,34567,786,-0.11730321874950303,0.06149139113433039,0.7707312107086182,0.6908265352249146,0.5632705688476562
Body,Body_random_equal4_01_zero,34567,806,0.0060728190313970865,0.28291925288510456,0.6547207236289978,0.4662913680076599,0.10539665818214417
Body,Body_random_equal4_01_zero,34567,813,0.10984502515548186,0.23804282194565024,0.6796601414680481,0.5290546417236328,0.0990973562002182
Body,Body_random_equal4_01_zero,34567,816,0.02999238373872725,0.2812656206438839,0.6848604679107666,0.6593116521835327,0.34291791915893555
Body,Body_random_equal4_01_zero,34567,822,0.27645504114734976,0.35547181399276834,0.6202092170715332,0.40460705757141113,0.15757691860198975
Body,Body_random_equal4_01_zero,34567,826,0.38692663562698093,0.40867119116141026,0.7289425730705261,0.3413839042186737,0.12040818482637405
Body,Body_random_equal4_01_zero,34567,847,0.32183444607419565,0.411480532228328,0.6693688035011292,0.45695921778678894,0.008600901812314987
Body,Body_random_equal4_01_zero,34567,876,0.0707695403770095,0.1222552499147048,0.7398626804351807,0.5131714940071106,0.030191604048013687
Body,Body_random_equal4_01_zero,34567,891,0.024887572961881006,0.1822172081004044,0.6966157555580139,0.5534088611602783,-0.02280949428677559
Body,Body_random_equal4_01_zero,34567,919,0.0048976100568190835,0.17818592243149303,0.7568740844726562,0.5480371713638306,0.04087698832154274
Body,Body_random_equal4_01_zero,34567,931,0.22308521290837927,0.26768939748553966,0.6423196196556091,0.8257630467414856,0.7264551520347595
Body,Body_random_equal4_01_zero,34567,933,-0.23733246041886533,0.28806546693115487,0.6210042834281921,0.4473412334918976,0.0553271658718586
Body,Body_random_equal4_01_zero,34567,941,-0.2794627658170311,0.2710829843185682,0.6913782358169556,0.4740036725997925,0.15007269382476807
Body,Body_random_equal4_01_zero,34567,960,0.18690625192761456,0.3067503031438276,0.6524507999420166,0.6404826641082764,0.004476824775338173
Body,Body_random_equal4_01_zero,34567,968,0.2834146813208959,0.14424116268418816,0.6833833456039429,0.5315886735916138,0.13576450943946838
Body,Body_random_equal4_01_zero,34567,989,-0.09881221443570853,0.4244398049349852,0.7594764232635498,0.7019979357719421,0.37314048409461975
Body,Body_random_equal4_02_zero,34567,21,0.0073608326107608936,0.2803818547931908,0.6912930011749268,0.45713528990745544,0.14518199861049652
Body,Body_random_equal4_02_zero,34567,38,0.07738954243305386,0.273350735980331,0.671177864074707,0.7235280275344849,0.38699910044670105
Body,Body_random_equal4_02_zero,34567,40,0.4356273700788115,0.7205223120358961,0.5324638485908508,0.814118504524231,0.6463916897773743
Body,Body_random_equal4_02_zero,34567,59,0.11911272104171593,0.27515629488242205,0.6206954717636108,0.7220075130462646,0.41087621450424194
Body,Body_random_equal4_02_zero,34567,88,0.14057450462528842,0.27235314533186644,0.6955046653747559,0.32922273874282837,0.018893467262387276
Body,Body_random_equal4_02_zero,34567,116,-0.06374618517743996,0.23364671912776505,0.7640230655670166,0.2515881061553955,0.13040579855442047
Body,Body_random_equal4_02_zero,34567,133,-0.06979319930442258,0.5259794783701939,0.7027058005332947,0.42971503734588623,0.08260837197303772
Body,Body_random_equal4_02_zero,34567,161,-0.1764728239284557,0.47587677025858344,0.6065363883972168,0.6397841572761536,0.6881316304206848
Body,Body_random_equal4_02_zero,34567,170,0.0046623771832935345,0.2775426052097586,0.6236521005630493,0.5883516669273376,0.15278016030788422
Body,Body_random_equal4_02_zero,34567,179,0.03222207950076419,0.2702348296047701,0.6561194062232971,0.7135549187660217,0.18752612173557281
Body,Body_random_equal4_02_zero,34567,220,0.05665684783813528,0.3621730215961747,0.7288177609443665,0.47066330909729004,0.1604718118906021
Body,Body_random_equal4_02_zero,34567,233,-0.07297170902930102,0.18040103228206075,0.6647040247917175,0.45317041873931885,0.07129009068012238
Body,Body_random_equal4_02_zero,34567,257,0.05265135303402249,0.2970697344217195,0.6757825613021851,0.5380678772926331,0.023967253044247627
Body,Body_random_equal4_02_zero,34567,290,-0.16483652637769283,0.219657001349049,0.7987456917762756,0.6268401145935059,0.7057203650474548
Body,Body_random_equal4_02_zero,34567,331,0.28726520463567695,0.2542383349621978,0.7537857294082642,0.6252269744873047,0.04897923395037651
Body,Body_random_equal4_02_zero,34567,339,0.10191269677882284,0.28390336762154483,0.6627620458602905,0.6498656868934631,0.3614689111709595
Body,Body_random_equal4_02_zero,34567,355,-0.0438983141140759,0.5858962495271846,0.720225989818573,0.6656445264816284,0.6384139060974121
Body,Body_random_equal4_02_zero,34567,366,0.2480143904589671,0.3395153013994116,0.7457380294799805,0.7114810347557068,0.18972787261009216
Body,Body_random_equal4_02_zero,34567,474,0.18181591914845646,0.22668268424381624,0.6623790264129639,0.4841718077659607,0.27991363406181335
Body,Body_random_equal4_02_zero,34567,492,-0.03660439629677605,0.467572235932284,0.7223539352416992,0.7207450866699219,0.4620569348335266
Body,Body_random_equal4_02_zero,34567,527,-0.09343956219449391,0.22842284793876239,0.771001935005188,0.6682883501052856,0.31176474690437317
Body,Body_random_equal4_02_zero,34567,530,0.12701945489241429,0.4846228992316421,0.577362060546875,0.667116641998291,0.4302716553211212
Body,Body_random_equal4_02_zero,34567,542,0.047564736515813964,0.3489395152424951,0.719089150428772,0.5876264572143555,0.19437403976917267
Body,Body_random_equal4_02_zero,34567,574,-0.028813959624313247,0.5011677272752594,0.6382882595062256,0.4168930649757385,0.15284103155136108
Body,Body_random_equal4_02_zero,34567,597,0.09861931592256108,0.3164338393827397,0.7630977630615234,0.5252989530563354,0.09731192886829376
Body,Body_random_equal4_02_zero,34567,619,-0.005283266102977147,0.17176538025163185,0.708208441734314,0.5428165197372437,0.0176229290664196
Body,Body_random_equal4_02_zero,34567,656,-0.02065283235817617,0.20990676267860445,0.6644290089607239,0.633966863155365,0.130683034658432
Body,Body_random_equal4_02_zero,34567,661,0.012030265174419654,0.2362954473599614,0.672918438911438,0.6400794982910156,0.3712998032569885
Body,Body_random_equal4_02_zero,34567,664,0.02354823262556859,0.409078954596303,0.6999059915542603,0.8324456214904785,0.7269821166992188
Body,Body_random_equal4_02_zero,34567,698,-0.2217631322212099,0.21099772404604678,0.6837453246116638,0.5004006624221802,0.09661433100700378
Body,Body_random_equal4_02_zero,34567,700,0.02193231817991414,0.3192794287217505,0.7850699424743652,0.40722352266311646,0.27341020107269287
Body,Body_random_equal4_02_zero,34567,716,0.02695626146524302,0.26280324953582146,0.682520866394043,0.524013340473175,0.0721072256565094
Body,Body_random_equal4_02_zero,34567,765,-0.1303893697716747,0.37789816977376056,0.7168819904327393,0.6309521198272705,0.1537652462720871
Body,Body_random_equal4_02_zero,34567,771,-0.06823952894700067,0.37558243374668293,0.7229954600334167,0.6672311425209045,0.3330647051334381
Body,Body_random_equal4_02_zero,34567,786,-0.0677994917060076,0.06287860139091685,0.7629543542861938,0.7182164192199707,0.5322264432907104
Body,Body_random_equal4_02_zero,34567,806,0.010312649831540413,0.29481289905882463,0.6614692211151123,0.44822341203689575,0.14923809468746185
Body,Body_random_equal4_02_zero,34567,813,0.09835651232617815,0.23415373378714743,0.6793795824050903,0.5299153327941895,0.11540896445512772
Body,Body_random_equal4_02_zero,34567,816,0.03123669145525588,0.2818816307517142,0.6809276342391968,0.656640350818634,0.3396366238594055
Body,Body_random_equal4_02_zero,34567,822,0.26331254445680435,0.36725017339040383,0.683742344379425,0.5042532682418823,0.1737760305404663
Body,Body_random_equal4_02_zero,34567,826,0.3922692985683313,0.41205917025077116,0.7302674651145935,0.44377925992012024,0.11918380856513977
Body,Body_random_equal4_02_zero,34567,847,0.31262135819140074,0.41145792225980976,0.6757012009620667,0.4868065416812897,0.022809993475675583
Body,Body_random_equal4_02_zero,34567,876,0.07214820683790073,0.1235192697806767,0.745232105255127,0.5637412667274475,0.04261700063943863
Body,Body_random_equal4_02_zero,34567,891,0.0321887724315914,0.18032457527090892,0.6762225031852722,0.5322339534759521,0.024668237194418907
Body,Body_random_equal4_02_zero,34567,919,0.008642625288054885,0.16791233435108854,0.7515703439712524,0.5258261561393738,0.050851009786129
Body,Body_random_equal4_02_zero,34567,931,0.22244780859301294,0.2750279227973296,0.6428977847099304,0.8282486796379089,0.7124969959259033
Body,Body_random_equal4_02_zero,34567,933,-0.24085046261911186,0.2831027023726946,0.6245974898338318,0.38655683398246765,0.03472869098186493
Body,Body_random_equal4_02_zero,34567,941,-0.28134826865218837,0.2601734629954722,0.6817458868026733,0.49166831374168396,0.11064417660236359
Body,Body_random_equal4_02_zero,34567,960,0.17811669219883255,0.33977611744183733,0.6610474586486816,0.5734395980834961,0.01730325073003769
Body,Body_random_equal4_02_zero,34567,968,0.2946503854789969,0.14172950232666828,0.676104724407196,0.5231724977493286,0.1386035978794098
Body,Body_random_equal4_02_zero,34567,989,-0.06253182489539606,0.4359160369278931,0.759596586227417,0.7361452579498291,0.46526962518692017
Body,Body_random_equal4_03_zero,34567,21,0.034560688125576895,0.28156721119654765,0.7069310545921326,0.44612354040145874,0.15016987919807434
Body,Body_random_equal4_03_zero,34567,38,0.06743110278510672,0.2694688121437349,0.677112340927124,0.7561461925506592,0.43111273646354675
Body,Body_random_equal4_03_zero,34567,40,0.4167415611439008,0.7127501906151041,0.5368123650550842,0.8004161715507507,0.35039907693862915
Body,Body_random_equal4_03_zero,34567,59,0.14055951263528846,0.27374374096218196,0.633549153804779,0.7344986200332642,0.5845161080360413
Body,Body_random_equal4_03_zero,34567,88,0.12910911883075876,0.2712357303905382,0.6931787729263306,0.39690861105918884,0.0558462031185627
Body,Body_random_equal4_03_zero,34567,116,-0.04405746153479876,0.23604264091822477,0.765092134475708,0.45224618911743164,0.2451847940683365
Body,Body_random_equal4_03_zero,34567,133,-0.06760065000477763,0.5479918972330562,0.7053818702697754,0.4285987615585327,0.04011484980583191
Body,Body_random_equal4_03_zero,34567,161,-0.19541645356356216,0.46813815121417546,0.6001065969467163,0.6431629061698914,0.49432802200317383
Body,Body_random_equal4_03_zero,34567,170,0.02971171538001543,0.28047027990576207,0.6354250907897949,0.6729784607887268,0.209922194480896
Body,Body_random_equal4_03_zero,34567,179,0.27508377022110125,0.28816549281248865,0.6596501469612122,0.6734386086463928,0.2516213059425354
Body,Body_random_equal4_03_zero,34567,220,0.07883676344208468,0.3620341606262099,0.7145112752914429,0.40832000970840454,0.11289051175117493
Body,Body_random_equal4_03_zero,34567,233,0.05208466965182618,0.2171286317575765,0.64430832862854,0.5285300612449646,0.146040678024292
Body,Body_random_equal4_03_zero,34567,257,0.07150783834804565,0.31420006436449893,0.7028235197067261,0.48941904306411743,0.15766356885433197
Body,Body_random_equal4_03_zero,34567,290,0.05592367813709089,0.3308411674694479,0.8205122351646423,0.4841998219490051,0.17445676028728485
Body,Body_random_equal4_03_zero,34567,331,0.26324755754204504,0.25212841614332243,0.7506412267684937,0.5937920212745667,0.023868557065725327
Body,Body_random_equal4_03_zero,34567,339,0.09381597116814465,0.28554951117879074,0.6584065556526184,0.6323047876358032,0.25224149227142334
Body,Body_random_equal4_03_zero,34567,355,-0.048545551292378336,0.5703622242053719,0.7714467644691467,0.595331072807312,0.7119271755218506
Body,Body_random_equal4_03_zero,34567,366,0.17961961879494265,0.3445602463223594,0.7444456815719604,0.6500818729400635,0.15066304802894592
Body,Body_random_equal4_03_zero,34567,474,0.20236562119732607,0.22866467011685876,0.6649839878082275,0.4991060495376587,0.17605112493038177
Body,Body_random_equal4_03_zero,34567,492,-0.0380945905688311,0.49733545557764086,0.7406717538833618,0.7416646480560303,0.30872225761413574
Body,Body_random_equal4_03_zero,34567,527,-0.09426114646855079,0.22519347906879958,0.7577536702156067,0.6585466861724854,0.312447190284729
Body,Body_random_equal4_03_zero,34567,530,0.11038170563795363,0.4868249621951068,0.5814628601074219,0.6608254909515381,0.4837903380393982
Body,Body_random_equal4_03_zero,34567,542,0.03585430169165521,0.34637947695023946,0.7178874015808105,0.5884882807731628,0.16542640328407288
Body,Body_random_equal4_03_zero,34567,574,-0.032131851155438595,0.581881430787137,0.6549484133720398,0.3447107672691345,0.08181077241897583
Body,Body_random_equal4_03_zero,34567,597,0.07283324295804795,0.3116680316500151,0.7593474388122559,0.5293595194816589,0.10264673829078674
Body,Body_random_equal4_03_zero,34567,619,-0.014120503340361959,0.16115931299945094,0.7242281436920166,0.4795217514038086,0.026816289871931076
Body,Body_random_equal4_03_zero,34567,656,-0.010673689124756273,0.2024662033488035,0.6704373359680176,0.63172847032547,0.15024901926517487
Body,Body_random_equal4_03_zero,34567,661,0.020818499685099093,0.24460495726742196,0.6683170199394226,0.6861375570297241,0.42442941665649414
Body,Body_random_equal4_03_zero,34567,664,0.007279220981944696,0.407300948601447,0.7037793397903442,0.8072364330291748,0.665630578994751
Body,Body_random_equal4_03_zero,34567,698,-0.24351701848643073,0.2275601386343809,0.6949551701545715,0.5041688084602356,0.0495033897459507
Body,Body_random_equal4_03_zero,34567,700,-0.08445089182678098,0.3341170064513377,0.7256336212158203,0.37987595796585083,0.35221201181411743
Body,Body_random_equal4_03_zero,34567,716,0.025965566737360744,0.2680436733902844,0.6837235689163208,0.546116828918457,0.08017683029174805
Body,Body_random_equal4_03_zero,34567,765,-0.1518786510248591,0.3717192351807693,0.7232149839401245,0.5947698354721069,0.21566468477249146
Body,Body_random_equal4_03_zero,34567,771,-0.0691182938105366,0.37792326318041813,0.7219866514205933,0.5768084526062012,0.21013107895851135
Body,Body_random_equal4_03_zero,34567,786,-0.07858792270477048,0.058834142961284405,0.7953848838806152,0.6563140153884888,0.5126170516014099
Body,Body_random_equal4_03_zero,34567,806,0.007404993247609199,0.2718847759017732,0.6519225239753723,0.4803714454174042,0.11132704466581345
Body,Body_random_equal4_03_zero,34567,813,0.10010432339685045,0.24447537119019178,0.6783926486968994,0.510698139667511,0.10602544248104095
Body,Body_random_equal4_03_zero,34567,816,0.05190147383837246,0.28214469734158815,0.6840399503707886,0.6745278835296631,0.3459421396255493
Body,Body_random_equal4_03_zero,34567,822,0.2340938718796857,0.36773088017679306,0.7194801568984985,0.5851014852523804,0.2537153363227844
Body,Body_random_equal4_03_zero,34567,826,0.40154097233440905,0.4116580306471864,0.7316133379936218,0.39539486169815063,0.17425239086151123
Body,Body_random_equal4_03_zero,34567,847,0.29403948361230975,0.4002306121478515,0.6805185079574585,0.47059646248817444,-0.01757139340043068
Body,Body_random_equal4_03_zero,34567,876,0.08596662661894691,0.11912021856976947,0.7380533218383789,0.5882307291030884,0.024013902992010117
Body,Body_random_equal4_03_zero,34567,891,0.0006173843036788338,0.1809096184578787,0.6991701722145081,0.4983749985694885,0.034410636872053146
Body,Body_random_equal4_03_zero,34567,919,0.0175132717246303,0.17750206463322973,0.736944317817688,0.5341733694076538,0.022534610703587532
Body,Body_random_equal4_03_zero,34567,931,0.23968263646035703,0.27340923155122593,0.6511125564575195,0.819355309009552,0.7199347019195557
Body,Body_random_equal4_03_zero,34567,933,-0.21965982724331856,0.20448695478944118,0.6768844127655029,0.4437142014503479,0.0840681940317154
Body,Body_random_equal4_03_zero,34567,941,-0.2916075212962663,0.2657797176524354,0.683911144733429,0.5163461565971375,0.13313283026218414
Body,Body_random_equal4_03_zero,34567,960,0.17766405043954223,0.2952206172410254,0.6692906618118286,0.5908654928207397,-0.004645038396120071
Body,Body_random_equal4_03_zero,34567,968,0.2890891772090799,0.14364833255008758,0.6834814548492432,0.517268180847168,0.12102574110031128
Body,Body_random_equal4_03_zero,34567,989,-0.0414731003488773,0.4057265918311907,0.7604281306266785,0.7813342809677124,0.6637905836105347
Body,Body_random_equal4_04_zero,34567,21,0.08103755708240828,0.29472235704749483,0.714637041091919,0.40095412731170654,0.07736138999462128
Body,Body_random_equal4_04_zero,34567,38,0.05435286349967573,0.2615892005943818,0.6774404644966125,0.7697746753692627,0.4662333130836487
Body,Body_random_equal4_04_zero,34567,40,0.41825884140858255,0.7099974069160391,0.5686483383178711,0.8058284521102905,0.47486260533332825
Body,Body_random_equal4_04_zero,34567,59,0.1387488718430591,0.2907174329560107,0.6387901306152344,0.6685553789138794,0.47300010919570923
Body,Body_random_equal4_04_zero,34567,88,0.19221148586898926,0.2651415677560533,0.6781764626502991,0.3012383282184601,0.06067613512277603
Body,Body_random_equal4_04_zero,34567,116,-0.021025839668694157,0.2477411900905692,0.7670964598655701,0.19899514317512512,0.045925386250019073
Body,Body_random_equal4_04_zero,34567,133,-0.04020929287403622,0.5547311872685136,0.6838009357452393,0.3790634870529175,0.02757815271615982
Body,Body_random_equal4_04_zero,34567,161,-0.383049711662099,0.3275109952544166,0.6441373229026794,0.6614160537719727,0.5633840560913086
Body,Body_random_equal4_04_zero,34567,170,0.01037419212007256,0.2771000588068178,0.6339850425720215,0.6027131080627441,0.08741781115531921
Body,Body_random_equal4_04_zero,34567,179,-0.02079189739859975,0.26889307850033295,0.6238704919815063,0.6612199544906616,0.32115381956100464
Body,Body_random_equal4_04_zero,34567,220,0.03687153438809125,0.3580458938517882,0.7229700088500977,0.458204448223114,0.15961983799934387
Body,Body_random_equal4_04_zero,34567,233,-0.06119114239611322,0.1971742318935787,0.6793623566627502,0.5333930253982544,0.12367864698171616
Body,Body_random_equal4_04_zero,34567,257,0.05760024783440411,0.3041591915360846,0.6834527254104614,0.49931493401527405,0.18876619637012482
Body,Body_random_equal4_04_zero,34567,290,-0.1626550444979875,0.29875206301623836,0.801417350769043,0.5461272597312927,0.5477765202522278
Body,Body_random_equal4_04_zero,34567,331,0.253802140329148,0.2514121925934826,0.7521869540214539,0.5986042022705078,0.015198338776826859
Body,Body_random_equal4_04_zero,34567,339,0.0920186548386967,0.28354459351271694,0.6502853035926819,0.6370651721954346,0.3096175789833069
Body,Body_random_equal4_04_zero,34567,355,-0.11878189478043676,0.5689255464590544,0.6997318863868713,0.6606423854827881,0.6925726532936096
Body,Body_random_equal4_04_zero,34567,366,0.2053107567018546,0.2969507360726605,0.755570113658905,0.5790942907333374,0.14276117086410522
Body,Body_random_equal4_04_zero,34567,474,0.17776936204239072,0.23014726883079986,0.6655360460281372,0.48224401473999023,0.26747989654541016
Body,Body_random_equal4_04_zero,34567,492,-0.23633989398685265,0.44703642518703995,0.7455101013183594,0.7768694758415222,0.41664499044418335
Body,Body_random_equal4_04_zero,34567,527,-0.09725471988504497,0.21704299405479754,0.755813479423523,0.5727466940879822,0.27312764525413513
Body,Body_random_equal4_04_zero,34567,530,0.08417682475116192,0.4774435797155636,0.5658148527145386,0.7918753027915955,0.620208740234375
Body,Body_random_equal4_04_zero,34567,542,0.04396869033570085,0.34738066227906406,0.7199358344078064,0.58637934923172,0.18436984717845917
Body,Body_random_equal4_04_zero,34567,574,-0.009705561481728265,0.5655184799206523,0.5899344086647034,0.49837732315063477,0.17812272906303406
Body,Body_random_equal4_04_zero,34567,597,0.09428221652906439,0.31299289544419,0.7671303749084473,0.6220604181289673,0.10467655956745148
Body,Body_random_equal4_04_zero,34567,619,0.030120370610763666,0.16978031532060728,0.728687584400177,0.5529605746269226,-0.01735428348183632
Body,Body_random_equal4_04_zero,34567,656,-0.02163959301915767,0.18926927368194255,0.6685783267021179,0.617558479309082,0.22659142315387726
Body,Body_random_equal4_04_zero,34567,661,0.030186615270707963,0.25416144334082436,0.6665470004081726,0.6577160358428955,0.4327373504638672
Body,Body_random_equal4_04_zero,34567,664,0.05640357749978309,0.4080399495446028,0.7088775634765625,0.7583868503570557,0.6922175884246826
Body,Body_random_equal4_04_zero,34567,698,-0.2372199440081025,0.22826259719892125,0.7022660970687866,0.5243507027626038,0.02102223038673401
Body,Body_random_equal4_04_zero,34567,700,-0.05227707627038112,0.31127984289856275,0.7629215717315674,0.4069778323173523,0.2737289071083069
Body,Body_random_equal4_04_zero,34567,716,0.017762061400592413,0.2606732082953239,0.681071937084198,0.5623238682746887,0.06359927356243134
Body,Body_random_equal4_04_zero,34567,765,-0.13553829313937776,0.32964942863564956,0.7115020155906677,0.5453277826309204,0.1694466918706894
Body,Body_random_equal4_04_zero,34567,771,-0.07192015078905199,0.3807695063306137,0.7181525230407715,0.689167320728302,0.39213305711746216
Body,Body_random_equal4_04_zero,34567,786,-0.13034033090819583,0.06311697191597877,0.7718039751052856,0.7088354825973511,0.5991330146789551
Body,Body_random_equal4_04_zero,34567,806,0.004381425979895122,0.30299123942194983,0.6686604619026184,0.4112320840358734,0.1510588824748993
Body,Body_random_equal4_04_zero,34567,813,0.14395712037451422,0.23805997831474981,0.6895321011543274,0.5349061489105225,0.11121700704097748
Body,Body_random_equal4_04_zero,34567,816,0.02536706436703626,0.2780009733883198,0.6843655109405518,0.6722768545150757,0.34659624099731445
Body,Body_random_equal4_04_zero,34567,822,0.33167721979438414,0.3410140415227717,0.6111143827438354,0.5401902794837952,0.08683495223522186
Body,Body_random_equal4_04_zero,34567,826,-0.10021725798081914,0.19677390808778125,0.7503374218940735,0.41312018036842346,0.06930384784936905
Body,Body_random_equal4_04_zero,34567,847,0.3189839906726893,0.4103929281782858,0.672286868095398,0.49848490953445435,0.009781179949641228
Body,Body_random_equal4_04_zero,34567,876,0.07417990664612766,0.12020576095712147,0.7391681671142578,0.5410311222076416,0.03222620487213135
Body,Body_random_equal4_04_zero,34567,891,0.005697096475839855,0.18022397814560653,0.7034779191017151,0.4876815974712372,0.06507805734872818
Body,Body_random_equal4_04_zero,34567,919,0.005449078677601438,0.18733730336343069,0.7734557390213013,0.5221889019012451,0.034432582557201385
Body,Body_random_equal4_04_zero,34567,931,0.21970263087961378,0.2688096051856366,0.6425825357437134,0.8258058428764343,0.715212345123291
Body,Body_random_equal4_04_zero,34567,933,-0.229613944839796,0.2141738438060332,0.6658467054367065,0.3704541325569153,0.03197426721453667
Body,Body_random_equal4_04_zero,34567,941,-0.28727493026452405,0.22809286715696087,0.6817333698272705,0.7051101922988892,0.25693634152412415
Body,Body_random_equal4_04_zero,34567,960,0.1429487163562055,0.30416967316322563,0.679533839225769,0.6279367804527283,0.022180624306201935
Body,Body_random_equal4_04_zero,34567,968,0.2888775514033442,0.14253826500128472,0.6816629767417908,0.5197402238845825,0.13975057005882263
Body,Body_random_equal4_04_zero,34567,989,-0.047824997394194116,0.44458582487858056,0.7668737769126892,0.7095773220062256,0.456317663192749
Body,Body_random_equal4_05_zero,34567,21,0.016972670718571902,0.27551376024909335,0.6985788345336914,0.4156205356121063,0.08777594566345215
Body,Body_random_equal4_05_zero,34567,38,0.09820594970641618,0.2696407631499365,0.6918001174926758,0.6489558219909668,0.4303330183029175
Body,Body_random_equal4_05_zero,34567,40,0.39117058102619845,0.7105352695410848,0.5297148823738098,0.7720532417297363,0.41735076904296875
Body,Body_random_equal4_05_zero,34567,59,0.15127868497739852,0.288456949336514,0.6137224435806274,0.8237508535385132,0.6068037152290344
Body,Body_random_equal4_05_zero,34567,88,0.1602153594870942,0.2865521040354295,0.7040902376174927,0.38290736079216003,0.007543443236500025
Body,Body_random_equal4_05_zero,34567,116,-0.015760901038527,0.23651060703274573,0.7680036425590515,0.23816652595996857,0.03146898001432419
Body,Body_random_equal4_05_zero,34567,133,-0.07860073078399793,0.5601471207539372,0.7129002213478088,0.5000619888305664,0.2691003084182739
Body,Body_random_equal4_05_zero,34567,161,-0.13385357528721145,0.4693736191656985,0.5965102910995483,0.6161273717880249,0.723265528678894
Body,Body_random_equal4_05_zero,34567,170,-0.02458033848451977,0.2931413541982958,0.6384894251823425,0.5958275198936462,0.16948382556438446
Body,Body_random_equal4_05_zero,34567,179,0.022975974890726423,0.27095170060047485,0.6268881559371948,0.6291006207466125,0.2485266923904419
Body,Body_random_equal4_05_zero,34567,220,0.1116736585032908,0.40617611008449056,0.7407869696617126,0.4118485450744629,0.17268049716949463
Body,Body_random_equal4_05_zero,34567,233,0.014034487097757311,0.2104370995008395,0.6635706424713135,0.47388845682144165,0.22600406408309937
Body,Body_random_equal4_05_zero,34567,257,0.06334823070373553,0.3140614727443704,0.7071192264556885,0.5036133527755737,0.1527276337146759
Body,Body_random_equal4_05_zero,34567,290,0.03337705920738065,0.33096333556160973,0.8209869861602783,0.44670596718788147,0.08412555605173111
Body,Body_random_equal4_05_zero,34567,331,0.2811057138681008,0.26961306785182393,0.7855778336524963,0.6174935102462769,0.034671902656555176
Body,Body_random_equal4_05_zero,34567,339,0.09116318215982777,0.28471685711115574,0.6648393869400024,0.65059494972229,0.32061493396759033
Body,Body_random_equal4_05_zero,34567,355,-0.0010065731803422023,0.5724962132612637,0.7875908613204956,0.6863731145858765,0.6814851760864258
Body,Body_random_equal4_05_zero,34567,366,0.1605357159269142,0.32489798536671094,0.7605618238449097,0.6497653722763062,0.1410043090581894
Body,Body_random_equal4_05_zero,34567,474,0.2045155974902576,0.22150563701087114,0.6314901113510132,0.47200268507003784,0.1111336201429367
Body,Body_random_equal4_05_zero,34567,492,-0.006038648927502919,0.5020532497209953,0.7527332305908203,0.7182368040084839,0.32754868268966675
Body,Body_random_equal4_05_zero,34567,527,-0.05573826156696314,0.22936585315763544,0.7689839005470276,0.6909282207489014,0.33719977736473083
Body,Body_random_equal4_05_zero,34567,530,0.17294234204198175,0.5063290019254212,0.5704723596572876,0.8209933638572693,0.6463027596473694
Body,Body_random_equal4_05_zero,34567,542,0.0324596344738339,0.3490003551060287,0.7225902676582336,0.5813626050949097,0.072928786277771
Body,Body_random_equal4_05_zero,34567,574,-0.036110240614558684,0.5858720923845422,0.6448934078216553,0.3240252435207367,0.23577556014060974
Body,Body_random_equal4_05_zero,34567,597,0.07189256400190179,0.31017913824337306,0.7657329440116882,0.4877873659133911,0.07997392863035202
Body,Body_random_equal4_05_zero,34567,619,0.028510717199789693,0.15736353112802093,0.7188706398010254,0.5797211527824402,0.022819997742772102
Body,Body_random_equal4_05_zero,34567,656,-0.036385208122966285,0.199762257860283,0.6730446219444275,0.6156376600265503,0.1886308342218399
Body,Body_random_equal4_05_zero,34567,661,0.025031559235893112,0.23900208854658223,0.6493692398071289,0.6711687445640564,0.4255583882331848
Body,Body_random_equal4_05_zero,34567,664,-0.018756530840752485,0.4068936254126473,0.6870765686035156,0.8325036764144897,0.7843526005744934
Body,Body_random_equal4_05_zero,34567,698,-0.22577591519456539,0.22517561437361622,0.7133705615997314,0.47974830865859985,0.06654733419418335
Body,Body_random_equal4_05_zero,34567,700,-0.10205026427206007,0.33608103923395005,0.7278630137443542,0.3727191686630249,0.31541723012924194
Body,Body_random_equal4_05_zero,34567,716,0.006070106158039384,0.2694241491942064,0.6657274961471558,0.5436944961547852,0.10542348027229309
Body,Body_random_equal4_05_zero,34567,765,-0.19248905294303204,0.36447149789579664,0.715394139289856,0.6624021530151367,0.34660059213638306
Body,Body_random_equal4_05_zero,34567,771,-0.06645780088027647,0.3788128160896474,0.7321796417236328,0.6792945861816406,0.35525423288345337
Body,Body_random_equal4_05_zero,34567,786,-0.08839536480035873,0.058340757094409994,0.7670385837554932,0.650831937789917,0.46213260293006897
Body,Body_random_equal4_05_zero,34567,806,0.005137343877428389,0.2646628327600359,0.6582272052764893,0.4423897862434387,0.0881725400686264
Body,Body_random_equal4_05_zero,34567,813,0.1152694620426256,0.2411383647405621,0.6855581402778625,0.5209740996360779,0.09373122453689575
Body,Body_random_equal4_05_zero,34567,816,0.04433014807309994,0.26434433641634725,0.6571597456932068,0.6390395760536194,0.26120686531066895
Body,Body_random_equal4_05_zero,34567,822,0.21101941063474006,0.3568880274519778,0.7344281077384949,0.45099085569381714,0.0669047087430954
Body,Body_random_equal4_05_zero,34567,826,0.3840265010395404,0.40981392556798607,0.7629188299179077,0.44813209772109985,0.07426284998655319
Body,Body_random_equal4_05_zero,34567,847,0.3914268535157007,0.39529363172654197,0.6902165412902832,0.5491108298301697,0.022931426763534546
Body,Body_random_equal4_05_zero,34567,876,0.15094385059024187,0.12645180722618168,0.7273616790771484,0.37884509563446045,-0.039226219058036804
Body,Body_random_equal4_05_zero,34567,891,0.01401179732821431,0.1666456456040233,0.6770584583282471,0.5276191234588623,-0.025056086480617523
Body,Body_random_equal4_05_zero,34567,919,0.030604161442004223,0.18696581393895556,0.7428338527679443,0.4894581437110901,0.07674513757228851
Body,Body_random_equal4_05_zero,34567,931,0.23105316505759876,0.26583965821618993,0.6478718519210815,0.8008796572685242,0.7297497987747192
Body,Body_random_equal4_05_zero,34567,933,-0.2113569772005704,0.22032162995892404,0.670692503452301,0.4339529871940613,0.026632100343704224
Body,Body_random_equal4_05_zero,34567,941,-0.3049361548950906,0.2687514507707285,0.7072209119796753,0.4801067113876343,0.10514968633651733
Body,Body_random_equal4_05_zero,34567,960,0.14812144567597446,0.32847018549169926,0.676988422870636,0.6369301080703735,-0.008735645562410355
Body,Body_random_equal4_05_zero,34567,968,0.322340543949131,0.1510876067664065,0.6812392473220825,0.5255056619644165,0.07588121294975281
Body,Body_random_equal4_05_zero,34567,989,-0.05150389235390719,0.43547562191244377,0.7584547996520996,0.7516874074935913,0.39187783002853394
Body,Body_random_full_01_zero,34567,21,-0.004835212009530519,0.253002855619224,0.6964578628540039,0.5070260763168335,0.09628640860319138
Body,Body_random_full_01_zero,34567,38,0.12155980743359968,0.27360835579642506,0.6693103313446045,0.6156091690063477,0.4197427034378052
Body,Body_random_full_01_zero,34567,40,0.3352438422278382,0.6820538063717735,0.5552964210510254,0.817567765712738,0.6290926933288574
Body,Body_random_full_01_zero,34567,59,0.11411853359478431,0.2674422316111572,0.6188237071037292,0.7548719644546509,0.5870437622070312
Body,Body_random_full_01_zero,34567,88,0.18125721720996188,0.27642475615051365,0.6701011657714844,0.3695555329322815,0.020276322960853577
Body,Body_random_full_01_zero,34567,116,-0.03575003108474713,0.25123963411072175,0.7764438390731812,0.23515595495700836,0.022095993161201477
Body,Body_random_full_01_zero,34567,133,-0.06255408896075162,0.5096293259264472,0.7044386863708496,0.38950955867767334,0.02899971976876259
Body,Body_random_full_01_zero,34567,161,-0.1713986043830113,0.4711199555158154,0.591130793094635,0.591520369052887,0.43490028381347656
Body,Body_random_full_01_zero,34567,170,0.002809404237257578,0.28193747174049605,0.6119504570960999,0.5645089149475098,0.12747973203659058
Body,Body_random_full_01_zero,34567,179,-0.029467426140302528,0.27802541105229533,0.6275823712348938,0.6700780391693115,0.2460332214832306
Body,Body_random_full_01_zero,34567,220,0.06308429476435165,0.3818370811916764,0.7188975214958191,0.47705692052841187,0.2695939540863037
Body,Body_random_full_01_zero,34567,233,0.07713137121194673,0.20986612046103337,0.6578729152679443,0.48156222701072693,0.05391939729452133
Body,Body_random_full_01_zero,34567,257,0.05082693438736625,0.283644132091975,0.6909917593002319,0.5183252692222595,0.0676308125257492
Body,Body_random_full_01_zero,34567,290,0.246453013317058,0.32795005500791063,0.7970116138458252,0.49316248297691345,0.01820353791117668
Body,Body_random_full_01_zero,34567,331,0.25079490547837113,0.26016465478429796,0.7525854110717773,0.6359832286834717,0.02695116400718689
Body,Body_random_full_01_zero,34567,339,0.13388763765194422,0.29698225971604497,0.6576061248779297,0.5832132697105408,0.28454476594924927
Body,Body_random_full_01_zero,34567,355,0.013173192808352887,0.6081964672986605,0.7486705183982849,0.6308279037475586,0.7033944725990295
Body,Body_random_full_01_zero,34567,366,0.21658276014120265,0.34601736833770164,0.7364980578422546,0.6457005143165588,0.1453268975019455
Body,Body_random_full_01_zero,34567,474,0.187649872305245,0.22852178395113398,0.6548077464103699,0.4376053512096405,0.15895414352416992
Body,Body_random_full_01_zero,34567,492,0.05190186398154937,0.47502614606161353,0.7408251166343689,0.6228915452957153,0.22772502899169922
Body,Body_random_full_01_zero,34567,527,-0.023366710085461886,0.26488106326007915,0.7731942534446716,0.5146359205245972,0.28151410818099976
Body,Body_random_full_01_zero,34567,530,0.15083844009909939,0.49483962586982494,0.5810877084732056,0.6535345315933228,0.47712355852127075
Body,Body_random_full_01_zero,34567,542,0.03520851944757467,0.3416053070329122,0.7245879173278809,0.5699434876441956,0.11522652208805084
Body,Body_random_full_01_zero,34567,574,-0.02877639382904384,0.4958073907189144,0.6630902886390686,0.4471432566642761,0.1113312616944313
Body,Body_random_full_01_zero,34567,597,-0.001535728060154155,0.28486504298210213,0.7594128251075745,0.5478931069374084,0.1174592450261116
Body,Body_random_full_01_zero,34567,619,0.017565749499257804,0.2041518418399897,0.7290456295013428,0.518802285194397,0.07710874825716019
Body,Body_random_full_01_zero,34567,656,0.05183058131286242,0.1889325292999333,0.6696451306343079,0.5742872953414917,0.08250460028648376
Body,Body_random_full_01_zero,34567,661,-0.0026835135901584657,0.23542551744629245,0.6457778215408325,0.6089372038841248,0.4982583522796631
Body,Body_random_full_01_zero,34567,664,0.02650714303023613,0.4013797720590026,0.6975648403167725,0.844886064529419,0.7323485612869263
Body,Body_random_full_01_zero,34567,698,-0.23032552775234094,0.22383058556531021,0.7089483737945557,0.5046289563179016,0.030301067978143692
Body,Body_random_full_01_zero,34567,700,-0.07889690300899035,0.34173610089727147,0.7205383777618408,0.36985936760902405,0.3431485891342163
Body,Body_random_full_01_zero,34567,716,0.06156749840432115,0.24176772397150814,0.6863486766815186,0.513911247253418,0.03282759711146355
Body,Body_random_full_01_zero,34567,765,-0.13995400325953125,0.3720889366084592,0.7348226308822632,0.5741214156150818,0.1281103789806366
Body,Body_random_full_01_zero,34567,771,-0.07419907233026095,0.3769325556560979,0.7178375124931335,0.6419278383255005,0.3739439845085144
Body,Body_random_full_01_zero,34567,786,-0.07105598853872612,0.05953793414514633,0.8064389228820801,0.6878765821456909,0.5374380946159363
Body,Body_random_full_01_zero,34567,806,-0.03220401711681532,0.3041761501801167,0.692526638507843,0.37684136629104614,0.12025217711925507
Body,Body_random_full_01_zero,34567,813,0.1396677440807895,0.24569244943913435,0.7149878740310669,0.5355033278465271,0.14358733594417572
Body,Body_random_full_01_zero,34567,816,0.05982616267867073,0.2616029415930872,0.6746968030929565,0.687021791934967,0.25397858023643494
Body,Body_random_full_01_zero,34567,822,0.2843672279913399,0.35843650294886414,0.6593208909034729,0.4316839873790741,0.046242352575063705
Body,Body_random_full_01_zero,34567,826,0.3966846259008782,0.4150387560557301,0.766399085521698,0.341630756855011,0.05499511957168579
Body,Body_random_full_01_zero,34567,847,0.3934145619066647,0.4220266542434279,0.6685065627098083,0.5450598001480103,0.01716911420226097
Body,Body_random_full_01_zero,34567,876,0.1950077350608597,0.1300523775546244,0.7364488840103149,0.5100650787353516,0.027903374284505844
Body,Body_random_full_01_zero,34567,891,-0.16587717283595307,0.108862055921063,0.6926159858703613,0.45386427640914917,0.01847088895738125
Body,Body_random_full_01_zero,34567,919,-0.004587409552733695,0.155300863385581,0.7514535784721375,0.49703770875930786,-0.0248180590569973
Body,Body_random_full_01_zero,34567,931,0.20338557033772006,0.2641380903065562,0.6391021013259888,0.8236925601959229,0.7295123338699341
Body,Body_random_full_01_zero,34567,933,-0.18490714147718146,0.1869193590710657,0.6978943347930908,0.3458077013492584,0.09132274985313416
Body,Body_random_full_01_zero,34567,941,-0.2753422377033334,0.24480122641572502,0.6711077690124512,0.4634961783885956,0.10617990791797638
Body,Body_random_full_01_zero,34567,960,0.21334158080479407,0.32061170329006106,0.6715555191040039,0.616974949836731,-0.005312706343829632
Body,Body_random_full_01_zero,34567,968,0.2735685514823228,0.13044035909989385,0.6713221669197083,0.562124490737915,0.10215570032596588
Body,Body_random_full_01_zero,34567,989,-0.07918265650657352,0.4119741741029431,0.7593702077865601,0.545345664024353,0.3377353250980377
Body,Body_random_full_02_zero,34567,21,0.03800218422732321,0.2674959364367104,0.6966832876205444,0.4076911211013794,0.1395825296640396
Body,Body_random_full_02_zero,34567,38,0.05387255008323091,0.26317923396806747,0.6703652143478394,0.72640061378479,0.42222586274147034
Body,Body_random_full_02_zero,34567,40,0.3906544609824235,0.6999384568677262,0.5407876372337341,0.7796224355697632,0.3502455949783325
Body,Body_random_full_02_zero,34567,59,0.17226012014008527,0.30404026081274466,0.6230989098548889,0.6651760935783386,0.5592837333679199
Body,Body_random_full_02_zero,34567,88,0.2004695491013094,0.2690352187067015,0.6803959608078003,0.3881613612174988,0.02915537729859352
Body,Body_random_full_02_zero,34567,116,-0.032581542862104275,0.23275831378566558,0.78160160779953,0.3644411563873291,0.10224089026451111
Body,Body_random_full_02_zero,34567,133,-0.04613277376341503,0.5473444287448207,0.6948462128639221,0.4544385075569153,0.08854715526103973
Body,Body_random_full_02_zero,34567,161,-0.13329489008857598,0.4694536323376743,0.5931735038757324,0.5817720890045166,0.6149413585662842
Body,Body_random_full_02_zero,34567,170,0.014355096852856311,0.28905359609492026,0.6153855323791504,0.5783538818359375,0.06580843776464462
Body,Body_random_full_02_zero,34567,179,0.26790441864131165,0.2856240523790236,0.663004994392395,0.6732999682426453,0.26942023634910583
Body,Body_random_full_02_zero,34567,220,0.05310203624756349,0.40288276818828334,0.7380513548851013,0.4214133322238922,0.16400271654129028
Body,Body_random_full_02_zero,34567,233,0.06697755643850192,0.20597366128633726,0.6448398232460022,0.516361653804779,0.16247951984405518
Body,Body_random_full_02_zero,34567,257,0.09336244872463818,0.3110023132773139,0.6979449987411499,0.5208975076675415,0.09969528764486313
Body,Body_random_full_02_zero,34567,290,0.027549159015233214,0.3139981175539773,0.7779646515846252,0.38481390476226807,0.24073933064937592
Body,Body_random_full_02_zero,34567,331,0.18863267175601936,0.24727479144574344,0.7600200772285461,0.5835466384887695,0.04105891287326813
Body,Body_random_full_02_zero,34567,339,0.08620511724468297,0.2865773401580658,0.6636454463005066,0.6454019546508789,0.25117072463035583
Body,Body_random_full_02_zero,34567,355,0.07270979030796121,0.5720313485777907,0.8067153692245483,0.6281396150588989,0.603401243686676
Body,Body_random_full_02_zero,34567,366,0.16574474617472382,0.3306593618331439,0.7450718879699707,0.6215241551399231,0.14060187339782715
Body,Body_random_full_02_zero,34567,474,0.19515586982168542,0.22663786146065215,0.6262187957763672,0.460440069437027,0.14058327674865723
Body,Body_random_full_02_zero,34567,492,-0.1641775375288074,0.4609136631289654,0.7444634437561035,0.6967909336090088,0.3014100193977356
Body,Body_random_full_02_zero,34567,527,-0.0730999826442323,0.24174274438910784,0.7787708044052124,0.5009719133377075,0.21214409172534943
Body,Body_random_full_02_zero,34567,530,0.1888762967353188,0.5036819905194512,0.5562121868133545,0.7906690835952759,0.5354092717170715
Body,Body_random_full_02_zero,34567,542,0.03999255344005051,0.34379448519418476,0.7218643426895142,0.5728533864021301,0.06586252152919769
Body,Body_random_full_02_zero,34567,574,-0.03229799774012605,0.534959285175904,0.647674560546875,0.4026334285736084,0.1702866107225418
Body,Body_random_full_02_zero,34567,597,0.06288643405033546,0.3056408460531511,0.7867834568023682,0.5748683214187622,0.12888100743293762
Body,Body_random_full_02_zero,34567,619,0.0249265466758885,0.15227294554617987,0.7346804141998291,0.5957512259483337,0.038222260773181915
Body,Body_random_full_02_zero,34567,656,-0.02745555957540456,0.20730357574743016,0.6834061145782471,0.574139416217804,0.13690774142742157
Body,Body_random_full_02_zero,34567,661,0.010199168069799687,0.23753543277439185,0.641217827796936,0.5673079490661621,0.4331854283809662
Body,Body_random_full_02_zero,34567,664,0.05820584970393304,0.4083809328714294,0.6975087523460388,0.7959721684455872,0.5875903367996216
Body,Body_random_full_02_zero,34567,698,-0.23956930135147314,0.2216250512072431,0.7070521116256714,0.48038947582244873,0.05569839850068092
Body,Body_random_full_02_zero,34567,700,-0.04278298284155678,0.35951401874853406,0.727594792842865,0.41069406270980835,0.3451996147632599
Body,Body_random_full_02_zero,34567,716,-0.003674568702034119,0.2655563193484285,0.6835805773735046,0.5637432336807251,0.07476675510406494
Body,Body_random_full_02_zero,34567,765,-0.18539462019086644,0.3325847547125947,0.687592625617981,0.638033390045166,0.22455263137817383
Body,Body_random_full_02_zero,34567,771,-0.06976859808261628,0.37365140518974893,0.7141391634941101,0.6286600828170776,0.29284846782684326
Body,Body_random_full_02_zero,34567,786,-0.08766118429592917,0.05749990456898365,0.7725552916526794,0.6770409941673279,0.5498250722885132
Body,Body_random_full_02_zero,34567,806,-0.0019084506999966857,0.2553129271637794,0.6501536965370178,0.4845850467681885,0.08539769798517227
Body,Body_random_full_02_zero,34567,813,0.1401876101118963,0.25681148779055296,0.6985613107681274,0.5723121166229248,0.09652230143547058
Body,Body_random_full_02_zero,34567,816,0.03973626671487395,0.2605435866734649,0.68726646900177,0.6618474125862122,0.2755250334739685
Body,Body_random_full_02_zero,34567,822,0.2597594427568322,0.3660023754053234,0.6960280537605286,0.5054631233215332,0.3437976837158203
Body,Body_random_full_02_zero,34567,826,0.48763158604624673,0.41788703479809286,0.7577680945396423,0.4344848394393921,0.09610255062580109
Body,Body_random_full_02_zero,34567,847,0.3877933515080526,0.4101717543703065,0.6592236757278442,0.45342159271240234,0.011339953169226646
Body,Body_random_full_02_zero,34567,876,0.17544943079117112,0.12841896231201155,0.738371729850769,0.338500440120697,-0.028674155473709106
Body,Body_random_full_02_zero,34567,891,-0.03020627694913296,0.18259649645731796,0.7065919041633606,0.47768115997314453,-0.029863152652978897
Body,Body_random_full_02_zero,34567,919,0.018601273336095472,0.18290030487522344,0.7548048496246338,0.48099449276924133,0.04979320615530014
Body,Body_random_full_02_zero,34567,931,0.2603618326428543,0.277423355261309,0.6637759804725647,0.7644211053848267,0.7404649257659912
Body,Body_random_full_02_zero,34567,933,-0.18906585946061202,0.1864378557276777,0.7287254929542542,0.32551881670951843,0.09075309336185455
Body,Body_random_full_02_zero,34567,941,-0.2688678198662491,0.259214982068981,0.6731101274490356,0.4683185815811157,0.06616894900798798
Body,Body_random_full_02_zero,34567,960,0.1810820178599417,0.3119487507148154,0.6687684655189514,0.638578474521637,0.029702190309762955
Body,Body_random_full_02_zero,34567,968,0.3062334114357195,0.15406304215249556,0.6881409883499146,0.4798612594604492,0.09234140068292618
Body,Body_random_full_02_zero,34567,989,-0.0838418512971692,0.40107807248635446,0.833683967590332,0.5282336473464966,0.12585873901844025
Body,Body_random_full_03_zero,34567,21,0.06920851878013566,0.2824587518423096,0.6965084075927734,0.39441418647766113,0.11778365075588226
Body,Body_random_full_03_zero,34567,38,0.10905721778751454,0.2690013865282292,0.6915791034698486,0.6931855082511902,0.3928476572036743
Body,Body_random_full_03_zero,34567,40,0.2614018183880317,0.6795393098673677,0.5715446472167969,0.7997571229934692,0.3967985510826111
Body,Body_random_full_03_zero,34567,59,0.12385954381426717,0.29484230376519094,0.6396842002868652,0.8138039112091064,0.6783217191696167
Body,Body_random_full_03_zero,34567,88,0.44527872449538913,0.3384684707202382,0.6935805678367615,0.4238065481185913,0.007388660684227943
Body,Body_random_full_03_zero,34567,116,-0.0328430042628836,0.22778737633874097,0.7594109177589417,0.2500225305557251,0.06295973062515259
Body,Body_random_full_03_zero,34567,133,-0.0078006636931449505,0.5333989338607281,0.7039408087730408,0.4466661810874939,0.23439554870128632
Body,Body_random_full_03_zero,34567,161,-0.3857679675707718,0.3288852651181826,0.6448781490325928,0.6785443425178528,0.5500037670135498
Body,Body_random_full_03_zero,34567,170,0.00044944028621890633,0.2879615327123802,0.6282409429550171,0.5175596475601196,0.055056437849998474
Body,Body_random_full_03_zero,34567,179,-0.08800512028240035,0.23121405629837435,0.6638013124465942,0.6625307202339172,0.20441335439682007
Body,Body_random_full_03_zero,34567,220,0.044395669811294426,0.3683428093514309,0.7057505249977112,0.42362356185913086,0.06751251220703125
Body,Body_random_full_03_zero,34567,233,-0.03918252391772908,0.19555014295141948,0.6916840076446533,0.45556142926216125,0.21051251888275146
Body,Body_random_full_03_zero,34567,257,0.024151264535353295,0.2912328463624073,0.6519873738288879,0.46601709723472595,0.04418262466788292
Body,Body_random_full_03_zero,34567,290,-0.02553146253779939,0.3013026401031692,0.8336374163627625,0.5234755873680115,-0.04127652198076248
Body,Body_random_full_03_zero,34567,331,0.1546694287665474,0.25455507816323647,0.7703191041946411,0.545451283454895,0.044000253081321716
Body,Body_random_full_03_zero,34567,339,0.11046243183799992,0.3046633606384073,0.660731315612793,0.6339823603630066,0.40531250834465027
Body,Body_random_full_03_zero,34567,355,-0.15591226046750578,0.5834473735062049,0.685805082321167,0.6337573528289795,0.6361721754074097
Body,Body_random_full_03_zero,34567,366,0.20927469161266013,0.3191916947341365,0.767692506313324,0.5601716041564941,0.16291552782058716
Body,Body_random_full_03_zero,34567,474,0.17651858221989622,0.2170764771628853,0.6354678273200989,0.45964446663856506,0.3251454830169678
Body,Body_random_full_03_zero,34567,492,-0.24897987296004231,0.459650993067698,0.7628486156463623,0.7250263094902039,0.31977933645248413
Body,Body_random_full_03_zero,34567,527,-0.16446627230255076,0.18943171942788248,0.7568633556365967,0.6247462034225464,0.2458415925502777
Body,Body_random_full_03_zero,34567,530,0.07931517563166292,0.47653233188070926,0.5778042078018188,0.8018357753753662,0.5587959885597229
Body,Body_random_full_03_zero,34567,542,0.03447524390256993,0.3434539703826258,0.7085731029510498,0.5156562328338623,0.31820258498191833
Body,Body_random_full_03_zero,34567,574,-0.013733219860720576,0.5408676330182145,0.5788370370864868,0.5793716907501221,0.6070033311843872
Body,Body_random_full_03_zero,34567,597,0.06362967250167693,0.3046747229227932,0.7422900795936584,0.4863995909690857,0.08407466113567352
Body,Body_random_full_03_zero,34567,619,0.047836440363090024,0.15376087070884764,0.7305620908737183,0.5068914294242859,-0.009574406780302525
Body,Body_random_full_03_zero,34567,656,-0.01340598470650609,0.17927138765379388,0.6622992753982544,0.6046507954597473,0.12476446479558945
Body,Body_random_full_03_zero,34567,661,0.06514101642506785,0.2533680027694606,0.6595444679260254,0.6796751022338867,0.47014015913009644
Body,Body_random_full_03_zero,34567,664,-0.0031144333243562764,0.4145984838533099,0.7115110754966736,0.8203248977661133,0.7106016278266907
Body,Body_random_full_03_zero,34567,698,-0.23190888522377312,0.21743661459787644,0.7120778560638428,0.5186049342155457,0.1075097844004631
Body,Body_random_full_03_zero,34567,700,-0.07336805765224154,0.30000395855929946,0.7677201628684998,0.3748054504394531,0.324963241815567
Body,Body_random_full_03_zero,34567,716,-0.008577230090465099,0.2669435144083937,0.6623193025588989,0.622796893119812,0.04089299961924553
Body,Body_random_full_03_zero,34567,765,-0.1653099605767263,0.3644849836061108,0.723251223564148,0.6836954355239868,0.16964368522167206
Body,Body_random_full_03_zero,34567,771,-0.05991204407527707,0.3766698127631203,0.7246185541152954,0.6707271337509155,0.2446073740720749
Body,Body_random_full_03_zero,34567,786,-0.06839201907116879,0.05975876624115495,0.7421815395355225,0.6880335211753845,0.5246952772140503
Body,Body_random_full_03_zero,34567,806,-0.0017685219283365432,0.2559226885120885,0.6374412775039673,0.40513700246810913,0.06262478977441788
Body,Body_random_full_03_zero,34567,813,-0.09621069545491642,0.20026614020770123,0.707653284072876,0.614660918712616,0.16531631350517273
Body,Body_random_full_03_zero,34567,816,0.051215911338925106,0.26323472291820643,0.6714285612106323,0.7055005431175232,0.29050812125205994
Body,Body_random_full_03_zero,34567,822,0.32527408689465553,0.35855477180162487,0.6328414678573608,0.4756651520729065,0.13807690143585205
Body,Body_random_full_03_zero,34567,826,-0.07857589318413097,0.16756544001814697,0.744456946849823,0.39080166816711426,0.003676360473036766
Body,Body_random_full_03_zero,34567,847,0.3330175941670605,0.4219577795906582,0.672524631023407,0.47897863388061523,-0.024843808263540268
Body,Body_random_full_03_zero,34567,876,0.08889495351436895,0.12492416973704171,0.7447930574417114,0.5292234420776367,0.020527688786387444
Body,Body_random_full_03_zero,34567,891,-0.0006030374250133112,0.150265253365235,0.68686443567276,0.5144025087356567,0.0777520090341568
Body,Body_random_full_03_zero,34567,919,-0.0015152183326448162,0.16762310578044098,0.7472673654556274,0.5242853164672852,0.03971802443265915
Body,Body_random_full_03_zero,34567,931,0.21014376943113836,0.2578040657082089,0.647896409034729,0.8317512273788452,0.6819212436676025
Body,Body_random_full_03_zero,34567,933,-0.23575674075688557,0.22910774615153956,0.616243302822113,0.4148184359073639,0.04154924303293228
Body,Body_random_full_03_zero,34567,941,-0.2754551985507787,0.2276425115284631,0.685440182685852,0.5523809790611267,0.2412375807762146
Body,Body_random_full_03_zero,34567,960,0.13592817943161364,0.40091197309951376,0.6209611296653748,0.5991819500923157,0.10920827090740204
Body,Body_random_full_03_zero,34567,968,0.2689396814690397,0.14050075473260962,0.6970057487487793,0.5668917298316956,0.10318327695131302
Body,Body_random_full_03_zero,34567,989,-0.06612413818270023,0.353214025681626,0.8118191957473755,0.7281930446624756,0.32411015033721924
Body,Body_random_full_04_zero,34567,21,0.04824495275605819,0.2772362030206083,0.7020683288574219,0.38869979977607727,0.11182970553636551
Body,Body_random_full_04_zero,34567,38,0.08702770249370521,0.274830421565488,0.6898747682571411,0.692560076713562,0.4007266163825989
Body,Body_random_full_04_zero,34567,40,0.37253118552820813,0.7124908889560129,0.5277066826820374,0.8267109394073486,0.5467956066131592
Body,Body_random_full_04_zero,34567,59,0.15040814559022528,0.2711987511973161,0.6296210289001465,0.7562918663024902,0.459941565990448
Body,Body_random_full_04_zero,34567,88,0.13869375710337942,0.2615050269608293,0.6809182167053223,0.39737844467163086,0.033211611211299896
Body,Body_random_full_04_zero,34567,116,-0.039317553895501345,0.2280669928675639,0.7720717191696167,0.206491619348526,0.01538435835391283
Body,Body_random_full_04_zero,34567,133,-0.06415475359403969,0.5366389640201498,0.7034271359443665,0.4502905607223511,0.10633064806461334
Body,Body_random_full_04_zero,34567,161,-0.14705449357873226,0.47562810801754835,0.6041151285171509,0.6227274537086487,0.3955856263637543
Body,Body_random_full_04_zero,34567,170,0.014408287514372394,0.28436669218029015,0.6468839645385742,0.5834903717041016,0.09117116779088974
Body,Body_random_full_04_zero,34567,179,-0.05386351735066994,0.23697406684805325,0.7168184518814087,0.5970707535743713,0.23060336709022522
Body,Body_random_full_04_zero,34567,220,0.06411836483275372,0.39661549414324915,0.7438716888427734,0.413486123085022,0.10306704789400101
Body,Body_random_full_04_zero,34567,233,0.051007558424234545,0.211470169887055,0.6676609516143799,0.4419497549533844,0.1316993236541748
Body,Body_random_full_04_zero,34567,257,0.13298292424487065,0.2827414700395016,0.6711452007293701,0.42265045642852783,0.04260118305683136
Body,Body_random_full_04_zero,34567,290,0.14738865512890656,0.17192240559788552,0.776410698890686,0.7598171234130859,0.8139945864677429
Body,Body_random_full_04_zero,34567,331,0.14321296005164394,0.23469508483608056,0.7669049501419067,0.5351760387420654,0.004320674575865269
Body,Body_random_full_04_zero,34567,339,0.08718520405922518,0.2658546381667621,0.6473048329353333,0.6584635376930237,0.341686487197876
Body,Body_random_full_04_zero,34567,355,0.03896184893502996,0.5458995208650784,0.8108277320861816,0.6780164837837219,0.6758607625961304
Body,Body_random_full_04_zero,34567,366,0.24861169023928453,0.3374350907310419,0.7663661241531372,0.6558799743652344,0.12847915291786194
Body,Body_random_full_04_zero,34567,474,0.1854439730356091,0.2223492607574173,0.6343104839324951,0.38080382347106934,0.06360689550638199
Body,Body_random_full_04_zero,34567,492,-0.07142419538464664,0.4536070301489662,0.7172119617462158,0.6980973482131958,0.405752032995224
Body,Body_random_full_04_zero,34567,527,-0.07615967016425476,0.2047485716341809,0.7834575176239014,0.5693557858467102,0.12733390927314758
Body,Body_random_full_04_zero,34567,530,0.15233053068990585,0.48837510242796767,0.581618070602417,0.6744822263717651,0.4185903072357178
Body,Body_random_full_04_zero,34567,542,0.03508866632080428,0.34491268243026046,0.7289406061172485,0.5741033554077148,0.15232428908348083
Body,Body_random_full_04_zero,34567,574,0.010424086233631467,0.5465164206633076,0.6079598069190979,0.5287039875984192,0.10821206122636795
Body,Body_random_full_04_zero,34567,597,0.061908088602056766,0.2896651656224864,0.7896363735198975,0.48156073689460754,0.11188823729753494
Body,Body_random_full_04_zero,34567,619,-0.009458622203431978,0.17333640838761535,0.7312753796577454,0.45736658573150635,0.036620546132326126
Body,Body_random_full_04_zero,34567,656,-0.017830311718967,0.18967618096368621,0.6724623441696167,0.5197476148605347,0.0830465778708458
Body,Body_random_full_04_zero,34567,661,-0.010908089434861946,0.22286220972107137,0.6530560255050659,0.6362788677215576,0.45086580514907837
Body,Body_random_full_04_zero,34567,664,0.038545525857651225,0.3980031741858899,0.7201011776924133,0.6911371350288391,0.18611536920070648
Body,Body_random_full_04_zero,34567,698,-0.23419094313012534,0.22387966893451988,0.7119317650794983,0.5237033367156982,0.026241157203912735
Body,Body_random_full_04_zero,34567,700,-0.10395065588795313,0.3634245460223299,0.7262848019599915,0.37527984380722046,0.3630046248435974
Body,Body_random_full_04_zero,34567,716,-0.011119897257211901,0.24804288037016747,0.669571042060852,0.45027241110801697,0.03831452131271362
Body,Body_random_full_04_zero,34567,765,-0.10817070773030042,0.3388521283371783,0.7095596790313721,0.6656173467636108,0.2644614577293396
Body,Body_random_full_04_zero,34567,771,-0.09477327030742277,0.3858759649941347,0.72612065076828,0.6999406218528748,0.3109665513038635
Body,Body_random_full_04_zero,34567,786,-0.08812123444918704,0.06363792026212198,0.7558133006095886,0.6786868572235107,0.5042417049407959
Body,Body_random_full_04_zero,34567,806,-7.879251558257784e-06,0.28646619868749307,0.6638385653495789,0.461980402469635,0.1290162205696106
Body,Body_random_full_04_zero,34567,813,0.03972953305016268,0.23841476073335532,0.6890026330947876,0.48933807015419006,0.14347071945667267
Body,Body_random_full_04_zero,34567,816,0.057761155991247086,0.2514925637558463,0.6295382976531982,0.5660057067871094,0.1964072585105896
Body,Body_random_full_04_zero,34567,822,0.29251646461546604,0.3691424690199746,0.6756943464279175,0.5017812252044678,0.14525949954986572
Body,Body_random_full_04_zero,34567,826,0.5698095747076837,0.4184774160129577,0.7554904818534851,0.42553839087486267,0.02044808119535446
Body,Body_random_full_04_zero,34567,847,0.33452677165975103,0.41239460864952737,0.6805872917175293,0.5558812618255615,0.051537394523620605
Body,Body_random_full_04_zero,34567,876,0.17332115087730024,0.12864158511728105,0.738596498966217,0.348834365606308,-0.0025188159197568893
Body,Body_random_full_04_zero,34567,891,-0.022181323882841886,0.15599270672647325,0.6835325360298157,0.4745924472808838,0.007900813594460487
Body,Body_random_full_04_zero,34567,919,0.04012279629083959,0.1885446928788801,0.7456580996513367,0.5049055814743042,0.06758156418800354
Body,Body_random_full_04_zero,34567,931,0.1838240135299119,0.23842824480665326,0.7312475442886353,0.7736862897872925,0.6982407569885254
Body,Body_random_full_04_zero,34567,933,-0.21698234221336102,0.2793342306955351,0.6120674014091492,0.4821529686450958,0.024089081212878227
Body,Body_random_full_04_zero,34567,941,-0.2754944677947817,0.2750065930782609,0.6918417811393738,0.5524294376373291,0.04483788087964058
Body,Body_random_full_04_zero,34567,960,0.1351588265095601,0.3736876232860578,0.6390643119812012,0.680124044418335,0.15818621218204498
Body,Body_random_full_04_zero,34567,968,0.30901506002814394,0.1535995671391387,0.6933006048202515,0.5177704691886902,0.1226104199886322
Body,Body_random_full_04_zero,34567,989,-0.05473923486009169,0.4274792420688213,0.7482600212097168,0.6690256595611572,0.3169013559818268
Body,Body_random_full_05_zero,34567,21,0.022078743912933393,0.2783030750390156,0.692467451095581,0.41666603088378906,0.16580307483673096
Body,Body_random_full_05_zero,34567,38,0.057614626851074546,0.2618614538803813,0.6590180397033691,0.7682783007621765,0.49153298139572144
Body,Body_random_full_05_zero,34567,40,0.40578566018842904,0.7015888831859358,0.5482813715934753,0.773677408695221,0.5812581777572632
Body,Body_random_full_05_zero,34567,59,0.11886124374014882,0.26840042843004047,0.6223163604736328,0.7366151809692383,0.5319792628288269
Body,Body_random_full_05_zero,34567,88,0.17579036057633907,0.2721886248534431,0.6754966974258423,0.33206579089164734,0.03026704117655754
Body,Body_random_full_05_zero,34567,116,-0.032021266901099965,0.24819017017241546,0.755979061126709,0.20087666809558868,-0.014155900105834007
Body,Body_random_full_05_zero,34567,133,-0.08198905553293856,0.5501755772077769,0.7059156894683838,0.4668854773044586,0.10918024927377701
Body,Body_random_full_05_zero,34567,161,-0.13249807747065057,0.5014054375084422,0.5889304876327515,0.6518473625183105,0.7206675410270691
Body,Body_random_full_05_zero,34567,170,0.015600618276954572,0.2937027260430437,0.6321268081665039,0.529120147228241,0.021850086748600006
Body,Body_random_full_05_zero,34567,179,0.2594478375121072,0.28637304777416106,0.6520913243293762,0.6080414056777954,0.2784540057182312
Body,Body_random_full_05_zero,34567,220,-0.06269191062882025,0.35430241935434253,0.6600146293640137,0.4984481930732727,0.29483771324157715
Body,Body_random_full_05_zero,34567,233,0.042211677474644466,0.22363434372356714,0.6874839663505554,0.4542468190193176,0.1017138808965683
Body,Body_random_full_05_zero,34567,257,0.0418510847963411,0.2886780459732494,0.674938440322876,0.43375033140182495,0.11464253067970276
Body,Body_random_full_05_zero,34567,290,0.3110073876964587,0.1539268961440259,0.7651066780090332,0.7490472793579102,0.7691043615341187
Body,Body_random_full_05_zero,34567,331,0.27819926308104287,0.25073343532014475,0.7418885231018066,0.6377443075180054,0.026573162525892258
Body,Body_random_full_05_zero,34567,339,0.11880697893547036,0.29407893018670606,0.6678524017333984,0.6174510717391968,0.2616063356399536
Body,Body_random_full_05_zero,34567,355,-0.05428153018068292,0.584792446758718,0.7412684559822083,0.6707183122634888,0.6470370888710022
Body,Body_random_full_05_zero,34567,366,0.21162153879565943,0.2845863115390814,0.7447643280029297,0.5342212915420532,0.16545575857162476
Body,Body_random_full_05_zero,34567,474,0.18440469753413166,0.22077483522455302,0.639434278011322,0.4394356608390808,0.15352986752986908
Body,Body_random_full_05_zero,34567,492,-0.09800238079473153,0.4507775705453842,0.7364196181297302,0.6920098662376404,0.3517005443572998
Body,Body_random_full_05_zero,34567,527,-0.11836339869725333,0.25653024201071817,0.7650894522666931,0.6092304587364197,0.23746585845947266
Body,Body_random_full_05_zero,34567,530,0.1230308350667594,0.4940380954163261,0.5843917727470398,0.6768209934234619,0.35152286291122437
Body,Body_random_full_05_zero,34567,542,0.034674785020722965,0.34801898417300947,0.7175254225730896,0.5956780910491943,0.19017578661441803
Body,Body_random_full_05_zero,34567,574,-0.003821590418893402,0.5372747279647625,0.6022282838821411,0.5441031455993652,0.36620235443115234
Body,Body_random_full_05_zero,34567,597,0.016019564836375164,0.2808433623707627,0.7487471103668213,0.520174503326416,0.12626773118972778
Body,Body_random_full_05_zero,34567,619,-0.008695491342339852,0.18629260086568508,0.7472026944160461,0.4783187806606293,0.034721918404102325
Body,Body_random_full_05_zero,34567,656,-0.021974314031425274,0.19725843424193257,0.6684831380844116,0.5552964210510254,0.15777990221977234
Body,Body_random_full_05_zero,34567,661,0.05437254500149969,0.24440311784342958,0.6512349843978882,0.672737181186676,0.447662889957428
Body,Body_random_full_05_zero,34567,664,0.039065954098890174,0.4125388169732012,0.7106567621231079,0.7934887409210205,0.6191225051879883
Body,Body_random_full_05_zero,34567,698,-0.24596786920352262,0.22995378842149564,0.7044951915740967,0.5433037877082825,0.023733554407954216
Body,Body_random_full_05_zero,34567,700,0.019090364114856755,0.34952270515065686,0.7184202671051025,0.38999253511428833,0.355937659740448
Body,Body_random_full_05_zero,34567,716,0.03406424090201447,0.2662964798465765,0.7033376693725586,0.5630369782447815,0.06181700527667999
Body,Body_random_full_05_zero,34567,765,-0.09861619191312611,0.37575517753268517,0.7181915640830994,0.6051654815673828,0.12993520498275757
Body,Body_random_full_05_zero,34567,771,-0.0747805779406971,0.3676307347250401,0.7136384844779968,0.6197939515113831,0.28234583139419556
Body,Body_random_full_05_zero,34567,786,-0.09485423074388762,0.05999696743419818,0.7345262169837952,0.7835849523544312,0.6415538787841797
Body,Body_random_full_05_zero,34567,806,0.01384463608843528,0.30262496065112643,0.6794891953468323,0.511803150177002,0.15507274866104126
Body,Body_random_full_05_zero,34567,813,0.09550786611432242,0.2388160623407518,0.6793116331100464,0.5775086879730225,0.11999040096998215
Body,Body_random_full_05_zero,34567,816,0.036246082903171786,0.2737004068654374,0.6540495753288269,0.6620336771011353,0.1644609421491623
Body,Body_random_full_05_zero,34567,822,0.30672259286173986,0.3485291559891835,0.5936596393585205,0.6764086484909058,0.26364362239837646
Body,Body_random_full_05_zero,34567,826,0.4039677476251997,0.411462167440583,0.7202543020248413,0.35863927006721497,0.06482954323291779
Body,Body_random_full_05_zero,34567,847,0.35477173609533313,0.3889801231193181,0.6567819714546204,0.4395265579223633,0.052604954689741135
Body,Body_random_full_05_zero,34567,876,0.08113810045784965,0.12706125847981262,0.7382423281669617,0.5761013627052307,0.11750391125679016
Body,Body_random_full_05_zero,34567,891,-0.017809003133980168,0.16527166161142998,0.6877875924110413,0.4882199168205261,0.009053191170096397
Body,Body_random_full_05_zero,34567,919,-0.020538887386511544,0.1682388794397565,0.7439974546432495,0.5016893744468689,0.052718255668878555
Body,Body_random_full_05_zero,34567,931,0.17841707465902823,0.24006367966615313,0.7272236943244934,0.7954856157302856,0.718433141708374
Body,Body_random_full_05_zero,34567,933,-0.21595702252258414,0.28224829341035707,0.616429328918457,0.44507044553756714,0.08058051764965057
Body,Body_random_full_05_zero,34567,941,-0.29152883686361236,0.25556629613967446,0.6750290393829346,0.4979490637779236,0.1401786506175995
Body,Body_random_full_05_zero,34567,960,0.12271210906117758,0.37408991107414424,0.6435056924819946,0.6045162677764893,0.05125928670167923
Body,Body_random_full_05_zero,34567,968,0.27911985618792307,0.1411262488105228,0.6839486956596375,0.49193108081817627,0.1311512142419815
Body,Body_random_full_05_zero,34567,989,-0.10275490328504482,0.4088954810195389,0.7765306234359741,0.6949872374534607,0.45651912689208984
Body,Scene_unrelated_equal4_zero,34567,21,-0.0059137082300991985,0.2589204821277193,0.7046003937721252,0.514075756072998,0.1739339530467987
Body,Scene_unrelated_equal4_zero,34567,38,0.0684771219101503,0.27107318584562273,0.6726407408714294,0.6955543160438538,0.40796345472335815
Body,Scene_unrelated_equal4_zero,34567,40,0.4225295317806301,0.7114887429304866,0.5396774411201477,0.7982360124588013,0.4414103627204895
Body,Scene_unrelated_equal4_zero,34567,59,0.12274474624192763,0.2813110800806081,0.6192816495895386,0.7415441274642944,0.3709750175476074
Body,Scene_unrelated_equal4_zero,34567,88,0.12759109445556438,0.2716935112259844,0.6825659275054932,0.36768394708633423,0.023070283234119415
Body,Scene_unrelated_equal4_zero,34567,116,-0.05720409467733233,0.23585861628627075,0.7656884789466858,0.3571026921272278,0.3473358452320099
Body,Scene_unrelated_equal4_zero,34567,133,-0.0882155596461943,0.5184914236920769,0.7035045623779297,0.4503953456878662,0.1085282489657402
Body,Scene_unrelated_equal4_zero,34567,161,-0.17327390797294032,0.4726881988678375,0.6059927344322205,0.6283779144287109,0.7492283582687378
Body,Scene_unrelated_equal4_zero,34567,170,-0.0009077929868776309,0.30635550935542916,0.65207839012146,0.647974967956543,0.148897185921669
Body,Scene_unrelated_equal4_zero,34567,179,0.2754426070602446,0.29220725583492807,0.6635222434997559,0.6950619220733643,0.22142526507377625
Body,Scene_unrelated_equal4_zero,34567,220,0.07164205849069097,0.40573989672468547,0.7446213960647583,0.4083203077316284,0.10183219611644745
Body,Scene_unrelated_equal4_zero,34567,233,0.011393645358226992,0.20482197968209653,0.6677597761154175,0.4592982530593872,0.2068016231060028
Body,Scene_unrelated_equal4_zero,34567,257,0.06144423423306506,0.3046914650601952,0.6803826689720154,0.5273224711418152,0.13988760113716125
Body,Scene_unrelated_equal4_zero,34567,290,0.010937585991994785,0.33107930850337186,0.8198176026344299,0.5003707408905029,0.1350725144147873
Body,Scene_unrelated_equal4_zero,34567,331,0.2718009534547456,0.2700392864142697,0.7874264717102051,0.5412645936012268,-0.01182540226727724
Body,Scene_unrelated_equal4_zero,34567,339,0.08724311724205595,0.28716719866319534,0.6652382016181946,0.6400865316390991,0.3005824685096741
Body,Scene_unrelated_equal4_zero,34567,355,0.04716317090515474,0.5494044957477271,0.8091707229614258,0.7230261564254761,0.7762483358383179
Body,Scene_unrelated_equal4_zero,34567,366,0.1950122707118218,0.32943540686459677,0.7560583353042603,0.5914846658706665,0.15405981242656708
Body,Scene_unrelated_equal4_zero,34567,474,0.1907220743767812,0.22233509886375172,0.6581625938415527,0.5126099586486816,0.1995883285999298
Body,Scene_unrelated_equal4_zero,34567,492,-0.12934599945363318,0.48051917530692734,0.75248783826828,0.6237344741821289,0.24603821337223053
Body,Scene_unrelated_equal4_zero,34567,527,-0.08947174554399642,0.22390354470982549,0.761521577835083,0.670753002166748,0.3495396673679352
Body,Scene_unrelated_equal4_zero,34567,530,0.10719543376275348,0.4860246393774569,0.5824687480926514,0.6643727421760559,0.4827727675437927
Body,Scene_unrelated_equal4_zero,34567,542,0.04182524874060087,0.34721979795300484,0.7202454209327698,0.6080799102783203,0.13343997299671173
Body,Scene_unrelated_equal4_zero,34567,574,-0.009973923085347334,0.5944141599356867,0.6590304374694824,0.41043025255203247,0.14751151204109192
Body,Scene_unrelated_equal4_zero,34567,597,0.07817130751755996,0.3083173764344916,0.757070004940033,0.5127401351928711,0.08537129312753677
Body,Scene_unrelated_equal4_zero,34567,619,0.031744379730890185,0.1601120691580735,0.7241002321243286,0.5252454280853271,0.04149013012647629
Body,Scene_unrelated_equal4_zero,34567,656,-0.017298862444235476,0.19943562717530758,0.6641808748245239,0.64579838514328,0.1761118769645691
Body,Scene_unrelated_equal4_zero,34567,661,0.018297814831630742,0.23935508178037443,0.6789941787719727,0.6281352043151855,0.4271872341632843
Body,Scene_unrelated_equal4_zero,34567,664,0.03929275127004546,0.40636557888428043,0.6929569244384766,0.7916557788848877,0.7350537180900574
Body,Scene_unrelated_equal4_zero,34567,698,-0.23581055438041607,0.22812754287457868,0.7282155752182007,0.565297544002533,0.10537214577198029
Body,Scene_unrelated_equal4_zero,34567,700,-0.045455624949947385,0.33521456782372655,0.7200500965118408,0.39133909344673157,0.27881109714508057
Body,Scene_unrelated_equal4_zero,34567,716,0.0211565372822593,0.2688181978609452,0.6844387054443359,0.49660438299179077,0.06239057332277298
Body,Scene_unrelated_equal4_zero,34567,765,-0.13082035119016364,0.3773169589240814,0.7108445167541504,0.6735247373580933,0.19589382410049438
Body,Scene_unrelated_equal4_zero,34567,771,-0.06882632672214782,0.3756204685931386,0.7230088114738464,0.6747907996177673,0.3135756850242615
Body,Scene_unrelated_equal4_zero,34567,786,-0.08450895359480547,0.058910649966740246,0.772214949131012,0.6834339499473572,0.5403512716293335
Body,Scene_unrelated_equal4_zero,34567,806,-0.008426679774363283,0.2360212979597726,0.6470703482627869,0.40340161323547363,0.058531709015369415
Body,Scene_unrelated_equal4_zero,34567,813,0.11421912582355478,0.24233711208595587,0.6814489364624023,0.534921407699585,0.12472555041313171
Body,Scene_unrelated_equal4_zero,34567,816,0.06378563963182826,0.280629213592826,0.6637686491012573,0.6400712132453918,0.34631019830703735
Body,Scene_unrelated_equal4_zero,34567,822,0.23998529307029198,0.3705732159678328,0.7307935953140259,0.5938591957092285,0.2707929015159607
Body,Scene_unrelated_equal4_zero,34567,826,0.4080495874128607,0.41146171056912334,0.7348980903625488,0.4174576997756958,0.1965404450893402
Body,Scene_unrelated_equal4_zero,34567,847,0.3341514472937255,0.3977584459502961,0.7002882957458496,0.48206862807273865,0.05839676409959793
Body,Scene_unrelated_equal4_zero,34567,876,0.0682854667118142,0.12045487318177521,0.7424061298370361,0.5737494230270386,0.03976435959339142
Body,Scene_unrelated_equal4_zero,34567,891,0.019740677418498193,0.17652163081580954,0.681813657283783,0.5096749663352966,0.036517754197120667
Body,Scene_unrelated_equal4_zero,34567,919,0.008455767588930645,0.16702412167641165,0.7571138739585876,0.5282006859779358,0.05027155578136444
Body,Scene_unrelated_equal4_zero,34567,931,0.2225306533183883,0.2712707142611723,0.6502549052238464,0.8073326349258423,0.730433464050293
Body,Scene_unrelated_equal4_zero,34567,933,-0.1683873482318165,0.17235525624090112,0.7287470102310181,0.3173530101776123,0.1156061440706253
Body,Scene_unrelated_equal4_zero,34567,941,-0.2880578833266041,0.2665713793764597,0.6843019723892212,0.5087602138519287,0.09332481026649475
Body,Scene_unrelated_equal4_zero,34567,960,0.1286102824109344,0.3425792829435947,0.6635222434997559,0.6309908628463745,0.024789975956082344
Body,Scene_unrelated_equal4_zero,34567,968,0.29487862985387303,0.14365894900325604,0.6782855987548828,0.5171011090278625,0.15388882160186768
Body,Scene_unrelated_equal4_zero,34567,989,-0.08373748253617627,0.4281358731481406,0.7728292942047119,0.7275184988975525,0.4313895106315613
Body,no_mask,34567,21,0.008636470791784166,0.28272175196249216,0.6885226964950562,0.4652650058269501,0.11137054860591888
Body,no_mask,34567,38,0.0716304554364295,0.26802089215483216,0.6663544178009033,0.7370994687080383,0.41214489936828613
Body,no_mask,34567,40,0.4447875792837692,0.7206424861402513,0.5588081479072571,0.7793722748756409,0.5798672437667847
Body,no_mask,34567,59,0.12709720848946537,0.28817954164234305,0.632141649723053,0.7579461336135864,0.5525959730148315
Body,no_mask,34567,88,0.1374166995728046,0.2674686553229919,0.6927903294563293,0.35079166293144226,0.043240129947662354
Body,no_mask,34567,116,-0.05780422119555832,0.23232788882904964,0.7662174105644226,0.26518604159355164,0.07156223803758621
Body,no_mask,34567,133,-0.09290879521793001,0.5516388991416095,0.6987707018852234,0.4284096658229828,0.3061452805995941
Body,no_mask,34567,161,-0.17657330871314314,0.47832181651701305,0.6059693098068237,0.6542946696281433,0.7428233623504639
Body,no_mask,34567,170,0.0033290249134751513,0.28020008510775246,0.623814046382904,0.5565357804298401,0.13465730845928192
Body,no_mask,34567,179,-0.044027561832481486,0.23857470840863979,0.6557168364524841,0.6606265902519226,0.17793115973472595
Body,no_mask,34567,220,0.048252726504016755,0.35882692068304034,0.7304255962371826,0.443949818611145,0.17836636304855347
Body,no_mask,34567,233,-0.07154044501519222,0.19673527477321562,0.6882297992706299,0.4901731014251709,0.1472150683403015
Body,no_mask,34567,257,0.054877107455889466,0.2981267860964125,0.6869672536849976,0.5618377327919006,0.04661896079778671
Body,no_mask,34567,290,-0.26134129670544837,0.23217075334542617,0.8207594156265259,0.572508692741394,0.3804216980934143
Body,no_mask,34567,331,0.28148568540976987,0.25377284520253285,0.7494157552719116,0.6177971959114075,0.06270436197519302
Body,no_mask,34567,339,0.09702414274263743,0.2872247550941451,0.6745808124542236,0.6781700849533081,0.3401229977607727
Body,no_mask,34567,355,-0.045089561017431105,0.5998714896446639,0.7266886234283447,0.6552574634552002,0.6720916032791138
Body,no_mask,34567,366,0.2032100565514793,0.3186932489936426,0.7602540254592896,0.5766981244087219,0.1286192536354065
Body,no_mask,34567,474,0.1733577548564764,0.21648508682762999,0.645641028881073,0.4341624975204468,0.25619128346443176
Body,no_mask,34567,492,-0.013346647126331665,0.4609245927571133,0.7152024507522583,0.6986307501792908,0.3636934757232666
Body,no_mask,34567,527,-0.08754790556447255,0.2309328791077983,0.7684210538864136,0.6549093127250671,0.3004888892173767
Body,no_mask,34567,530,0.12481573480792751,0.4817173697348612,0.5838487148284912,0.60672926902771,0.4876464009284973
Body,no_mask,34567,542,0.049326905068052644,0.3496435216415029,0.7187045216560364,0.5959160327911377,0.15313443541526794
Body,no_mask,34567,574,-0.03368031390340948,0.49496265518757965,0.6375983953475952,0.37828707695007324,0.14970733225345612
Body,no_mask,34567,597,0.09104991318486054,0.3173336219985339,0.7618575096130371,0.5014976859092712,0.08013302087783813
Body,no_mask,34567,619,0.006158806975715323,0.18046510681737257,0.7226614356040955,0.5741028785705566,0.03630472719669342
Body,no_mask,34567,656,-0.02257351807327569,0.21121980944910404,0.6650726795196533,0.6298003196716309,0.152682363986969
Body,no_mask,34567,661,0.018139539032718043,0.2505001592234954,0.6624292135238647,0.6728670597076416,0.43177321553230286
Body,no_mask,34567,664,0.030471683600078996,0.4092218565848967,0.7015507817268372,0.8426229953765869,0.7178187370300293
Body,no_mask,34567,698,-0.21415299051152822,0.22377085809046504,0.6977958679199219,0.4807426333427429,0.11924084275960922
Body,no_mask,34567,700,0.022214804895629135,0.31854741865275304,0.7885891199111938,0.40030381083488464,0.2879638671875
Body,no_mask,34567,716,0.027763296230928724,0.2627934904157878,0.6789810657501221,0.5653821229934692,0.075311079621315
Body,no_mask,34567,765,-0.12854613751500196,0.380613297323773,0.7113591432571411,0.6164699196815491,0.1395069658756256
Body,no_mask,34567,771,-0.08553300633272007,0.36546285280781293,0.7184182405471802,0.5878678560256958,0.2739957273006439
Body,no_mask,34567,786,-0.07412146329794986,0.06227542377791415,0.7517979145050049,0.7313905358314514,0.5031682848930359
Body,no_mask,34567,806,0.008059879637888234,0.2981927779641201,0.6665326356887817,0.4224510192871094,0.13208623230457306
Body,no_mask,34567,813,0.10336319779957868,0.24171422205828877,0.6948314309120178,0.5292481184005737,0.11684098839759827
Body,no_mask,34567,816,0.0329274436094238,0.28035274604351096,0.6830458641052246,0.6518532037734985,0.35312482714653015
Body,no_mask,34567,822,0.2600704157196027,0.3684578277760819,0.6884077787399292,0.5066975355148315,0.1731681227684021
Body,no_mask,34567,826,0.3914763125421374,0.41174417603304103,0.7238119840621948,0.46687051653862,0.1457844376564026
Body,no_mask,34567,847,0.31594829834709676,0.4135872179295732,0.6766765713691711,0.4790876507759094,0.007614315487444401
Body,no_mask,34567,876,0.07074380088987248,0.12257139319764726,0.7499048709869385,0.56615149974823,0.03285842016339302
Body,no_mask,34567,891,0.03600179762319646,0.17662918237060013,0.6763091087341309,0.5433815717697144,0.02383914589881897
Body,no_mask,34567,919,0.005745556131362525,0.16761405738001756,0.7555245161056519,0.5295377969741821,0.04694149270653725
Body,no_mask,34567,931,0.2267603298377475,0.2689563580376975,0.6413955092430115,0.820742130279541,0.6912713050842285
Body,no_mask,34567,933,-0.22244932948675478,0.2932083338712697,0.6206765174865723,0.3859553337097168,0.0324125811457634
Body,no_mask,34567,941,-0.28252757504807385,0.2599372344236261,0.6811642646789551,0.493304044008255,0.09064025431871414
Body,no_mask,34567,960,0.19014703586126136,0.339216402788233,0.6432575583457947,0.5771484375,-0.0013865362852811813
Body,no_mask,34567,968,0.2995623782168831,0.14289248248366393,0.6753805875778198,0.5237787961959839,0.14423073828220367
Body,no_mask,34567,989,-0.05295915112893201,0.4435939992904277,0.7614315748214722,0.7193778157234192,0.5604896545410156
Body,no_mask_repeat,34567,21,0.008636470791784166,0.28272175196249216,0.6885226964950562,0.4652650058269501,0.11137054860591888
Body,no_mask_repeat,34567,38,0.0716304554364295,0.26802089215483216,0.6663544178009033,0.7370994687080383,0.41214489936828613
Body,no_mask_repeat,34567,40,0.4447875792837692,0.7206424861402513,0.5588081479072571,0.7793722748756409,0.5798672437667847
Body,no_mask_repeat,34567,59,0.12709720848946537,0.28817954164234305,0.6321415901184082,0.7579461336135864,0.5525959730148315
Body,no_mask_repeat,34567,88,0.1374166995728046,0.2674686553229919,0.6927903890609741,0.35079166293144226,0.043240129947662354
Body,no_mask_repeat,34567,116,-0.05780422119555832,0.23232788882904964,0.7662174105644226,0.26518604159355164,0.07156223803758621
Body,no_mask_repeat,34567,133,-0.09290879521793001,0.5516388991416095,0.6987707018852234,0.4284096658229828,0.3061452805995941
Body,no_mask_repeat,34567,161,-0.17657330871314314,0.47832181651701305,0.605969250202179,0.6542946696281433,0.7428233623504639
Body,no_mask_repeat,34567,170,0.0033290249134751513,0.28020008510775246,0.6238139867782593,0.5565357804298401,0.13465730845928192
Body,no_mask_repeat,34567,179,-0.044027561832481486,0.23857470840863979,0.6557168364524841,0.6606265902519226,0.17793115973472595
Body,no_mask_repeat,34567,220,0.048252726504016755,0.35882692068304034,0.7304255962371826,0.443949818611145,0.17836636304855347
Body,no_mask_repeat,34567,233,-0.07154044501519222,0.19673527477321562,0.6882297992706299,0.4901731014251709,0.1472150683403015
Body,no_mask_repeat,34567,257,0.054877107455889466,0.2981267860964125,0.6869672536849976,0.5618377327919006,0.04661896079778671
Body,no_mask_repeat,34567,290,-0.26134129670544837,0.23217075334542617,0.8207593560218811,0.572508692741394,0.3804216980934143
Body,no_mask_repeat,34567,331,0.28148568540976987,0.25377284520253285,0.7494157552719116,0.6177971959114075,0.06270436197519302
Body,no_mask_repeat,34567,339,0.09702414274263743,0.2872247550941451,0.6745808124542236,0.6781700849533081,0.3401229977607727
Body,no_mask_repeat,34567,355,-0.045089561017431105,0.5998714896446639,0.7266886234283447,0.6552574634552002,0.6720916032791138
Body,no_mask_repeat,34567,366,0.2032100565514793,0.3186932489936426,0.7602539658546448,0.5766981244087219,0.1286192536354065
Body,no_mask_repeat,34567,474,0.1733577548564764,0.21648508682762999,0.645641028881073,0.4341624975204468,0.25619128346443176
Body,no_mask_repeat,34567,492,-0.013346647126331665,0.4609245927571133,0.7152024507522583,0.6986307501792908,0.3636934757232666
Body,no_mask_repeat,34567,527,-0.08754790556447255,0.2309328791077983,0.7684210538864136,0.6549093127250671,0.3004888892173767
Body,no_mask_repeat,34567,530,0.12481573480792751,0.4817173697348612,0.583848774433136,0.60672926902771,0.4876464009284973
Body,no_mask_repeat,34567,542,0.049326905068052644,0.3496435216415029,0.7187045216560364,0.5959160327911377,0.15313443541526794
Body,no_mask_repeat,34567,574,-0.03368031390340948,0.49496265518757965,0.6375983953475952,0.37828707695007324,0.14970733225345612
Body,no_mask_repeat,34567,597,0.09104991318486054,0.3173336219985339,0.7618575692176819,0.5014976859092712,0.08013302087783813
Body,no_mask_repeat,34567,619,0.006158806975715323,0.18046510681737257,0.7226614356040955,0.5741028785705566,0.03630472719669342
Body,no_mask_repeat,34567,656,-0.02257351807327569,0.21121980944910404,0.6650726795196533,0.6298003196716309,0.152682363986969
Body,no_mask_repeat,34567,661,0.018139539032718043,0.2505001592234954,0.6624292135238647,0.6728670597076416,0.43177321553230286
Body,no_mask_repeat,34567,664,0.030471683600078996,0.4092218565848967,0.7015507221221924,0.8426229953765869,0.7178187370300293
Body,no_mask_repeat,34567,698,-0.21415299051152822,0.22377085809046504,0.6977958679199219,0.4807426333427429,0.11924084275960922
Body,no_mask_repeat,34567,700,0.022214804895629135,0.31854741865275304,0.7885891199111938,0.40030381083488464,0.2879638671875
Body,no_mask_repeat,34567,716,0.027763296230928724,0.2627934904157878,0.6789810657501221,0.5653821229934692,0.075311079621315
Body,no_mask_repeat,34567,765,-0.12854613751500196,0.380613297323773,0.7113591432571411,0.6164699196815491,0.1395069658756256
Body,no_mask_repeat,34567,771,-0.08553300633272007,0.36546285280781293,0.718418300151825,0.5878678560256958,0.2739957273006439
Body,no_mask_repeat,34567,786,-0.07412146329794986,0.06227542377791415,0.7517979145050049,0.7313905358314514,0.5031682848930359
Body,no_mask_repeat,34567,806,0.008059879637888234,0.2981927779641201,0.6665326356887817,0.4224510192871094,0.13208623230457306
Body,no_mask_repeat,34567,813,0.10336319779957868,0.24171422205828877,0.694831371307373,0.5292481184005737,0.11684098839759827
Body,no_mask_repeat,34567,816,0.0329274436094238,0.28035274604351096,0.6830458641052246,0.6518532037734985,0.35312482714653015
Body,no_mask_repeat,34567,822,0.2600704157196027,0.3684578277760819,0.6884077787399292,0.5066975355148315,0.1731681227684021
Body,no_mask_repeat,34567,826,0.3914763125421374,0.41174417603304103,0.7238119840621948,0.46687051653862,0.1457844376564026
Body,no_mask_repeat,34567,847,0.31594829834709676,0.4135872179295732,0.6766773462295532,0.47909626364707947,0.007614427246153355
Body,no_mask_repeat,34567,876,0.07074380088987248,0.12257139319764726,0.7499054074287415,0.5661284327507019,0.032858408987522125
Body,no_mask_repeat,34567,891,0.03600179762319646,0.17662918237060013,0.6763088703155518,0.5433674454689026,0.02383926697075367
Body,no_mask_repeat,34567,919,0.005745556131362525,0.16761405738001756,0.7555243372917175,0.5294342041015625,0.046941161155700684
Body,no_mask_repeat,34567,931,0.2267603298377475,0.2689563580376975,0.6413975954055786,0.8207818269729614,0.6912710666656494
Body,no_mask_repeat,34567,933,-0.22244932948675478,0.2932083338712697,0.6206744313240051,0.3860294818878174,0.032412637025117874
Body,no_mask_repeat,34567,941,-0.28252757504807385,0.2599372344236261,0.681164026260376,0.4934476613998413,0.09064041078090668
Body,no_mask_repeat,34567,960,0.19014703586126136,0.339216402788233,0.6432574391365051,0.5772108435630798,-0.001386420801281929
Body,no_mask_repeat,34567,968,0.2995623782168831,0.14289248248366393,0.6753827333450317,0.5237523913383484,0.1442309319972992
Body,no_mask_repeat,34567,989,-0.05295915112893201,0.4435939992904277,0.7614299654960632,0.7193720936775208,0.5604894161224365
