category,condition,seed,dataset_idx,pixel_corr,ssim,lpips,clip,dino
Face,Body_unrelated_equal4_zero,12345,1,-0.009299606780956026,0.22015836660230034,0.6974122524261475,0.6916523575782776,0.5022172927856445
Face,Body_unrelated_equal4_zero,12345,16,0.07319762878795168,0.195319250442425,0.7059329748153687,0.34933406114578247,0.09135361760854721
Face,Body_unrelated_equal4_zero,12345,20,-0.08288410372919383,0.24268434180510357,0.6311838626861572,0.701849102973938,0.3628019094467163
Face,Body_unrelated_equal4_zero,12345,51,-0.015335215371727943,0.26833983839136105,0.7826566100120544,0.4451313316822052,0.028497815132141113
Face,Body_unrelated_equal4_zero,12345,77,-0.1282994634431547,0.2292443608019887,0.712939977645874,0.5135325193405151,0.03210318088531494
Face,Body_unrelated_equal4_zero,12345,135,0.03308797883920835,0.24540812322411498,0.7061178088188171,0.5301400423049927,0.31036728620529175
Face,Body_unrelated_equal4_zero,12345,158,-0.1743163094264741,0.21971242603098878,0.7732735872268677,0.42755642533302307,0.15484878420829773
Face,Body_unrelated_equal4_zero,12345,177,0.2742228518425869,0.306434341736503,0.6270732879638672,0.6595902442932129,0.2990422248840332
Face,Body_unrelated_equal4_zero,12345,188,0.11355912641457146,0.4853059798312316,0.7330726385116577,0.4965284466743469,-0.005751904100179672
Face,Body_unrelated_equal4_zero,12345,218,0.12758097863901394,0.13260457023318248,0.6992475986480713,0.6073801517486572,0.48399198055267334
Face,Body_unrelated_equal4_zero,12345,287,0.03584201397385641,0.35189013255312807,0.7260284423828125,0.49577099084854126,0.14015844464302063
Face,Body_unrelated_equal4_zero,12345,292,0.21207504995294882,0.32000160896193397,0.6731834411621094,0.4293181598186493,0.2990981340408325
Face,Body_unrelated_equal4_zero,12345,295,-0.1721869207936138,0.4756927954586857,0.626197338104248,0.3665931820869446,-0.005847929511219263
Face,Body_unrelated_equal4_zero,12345,340,-0.06602162849402488,0.21630213181877944,0.6706172227859497,0.5373998880386353,0.3436972498893738
Face,Body_unrelated_equal4_zero,12345,375,0.058366989692967344,0.1198727021532106,0.6982148885726929,0.5257121324539185,0.020572366192936897
Face,Body_unrelated_equal4_zero,12345,384,0.1892126106077736,0.3269612854712053,0.7888467311859131,0.6701768636703491,0.32903748750686646
Face,Body_unrelated_equal4_zero,12345,415,-0.09997516153987307,0.5386617845755255,0.6527373790740967,0.612034797668457,0.282147079706192
Face,Body_unrelated_equal4_zero,12345,434,0.20444784892951753,0.27851771132164715,0.7044382095336914,0.5188115239143372,0.1819854974746704
Face,Body_unrelated_equal4_zero,12345,465,-0.12645925747883427,0.2385794357181845,0.6967451572418213,0.4430212080478668,0.21299035847187042
Face,Body_unrelated_equal4_zero,12345,498,0.03853912778806189,0.42365559729818675,0.721950113773346,0.7612616419792175,0.8418450355529785
Face,Body_unrelated_equal4_zero,12345,507,0.18980740587055442,0.4132082995984073,0.6596845984458923,0.4991523027420044,0.16673196852207184
Face,Body_unrelated_equal4_zero,12345,529,0.04010301390443597,0.4166888397655568,0.681172788143158,0.625990092754364,0.27128809690475464
Face,Body_unrelated_equal4_zero,12345,561,0.12709098105492944,0.16177842664593026,0.6538100242614746,0.3685620129108429,0.12279163300991058
Face,Body_unrelated_equal4_zero,12345,588,0.11951876179421392,0.18576552974434443,0.7020984888076782,0.531769871711731,0.09706325829029083
Face,Body_unrelated_equal4_zero,12345,606,-0.01636785559876686,0.2989698271227755,0.6744520664215088,0.45375165343284607,0.05648845434188843
Face,Body_unrelated_equal4_zero,12345,678,-0.050980015652365485,0.2579018148942803,0.6950657963752747,0.5981497764587402,0.09966836869716644
Face,Body_unrelated_equal4_zero,12345,708,0.22319901912920062,0.327133210351424,0.7923192977905273,0.6051703691482544,0.21419575810432434
Face,Body_unrelated_equal4_zero,12345,756,-0.11526677938186224,0.4475836201878076,0.7345949411392212,0.658805251121521,0.3524318039417267
Face,Body_unrelated_equal4_zero,12345,762,0.02636852176324436,0.17265758821747337,0.6684073805809021,0.6462622880935669,0.39420878887176514
Face,Body_unrelated_equal4_zero,12345,781,0.011603485077073188,0.41646340968674994,0.6649245023727417,0.6856675148010254,0.26702675223350525
Face,Body_unrelated_equal4_zero,12345,789,0.10669849437151013,0.2226638960146276,0.679548442363739,0.5162883996963501,0.09462308883666992
Face,Body_unrelated_equal4_zero,12345,817,-0.3048027628843762,0.2621143610012504,0.7861015200614929,0.6381780505180359,0.5517312288284302
Face,Body_unrelated_equal4_zero,12345,820,-0.03905174752169384,0.206208316664017,0.7010464668273926,0.49562501907348633,0.11317981779575348
Face,Body_unrelated_equal4_zero,12345,838,0.17441247162184031,0.378617775444088,0.6755839586257935,0.503863513469696,0.11027543246746063
Face,Body_unrelated_equal4_zero,12345,877,-0.04688340907598658,0.18542143877986633,0.755316972732544,0.7630467414855957,0.7741706967353821
Face,Body_unrelated_equal4_zero,12345,887,0.04371322905117601,0.21766042708277403,0.6481660008430481,0.5538487434387207,0.28989171981811523
Face,Body_unrelated_equal4_zero,12345,973,-0.06711703783170025,0.37191601128832774,0.7404859066009521,0.5706773400306702,0.28855574131011963
Face,Face_full_zero,12345,1,-0.03963108156302498,0.21280714468993445,0.715491533279419,0.5967368483543396,0.28253811597824097
Face,Face_full_zero,12345,16,0.0764596689083366,0.19590909553071448,0.7005574107170105,0.3804335594177246,0.11431488394737244
Face,Face_full_zero,12345,20,-0.08531355497865187,0.242343517452816,0.6296885013580322,0.7082827687263489,0.3701140582561493
Face,Face_full_zero,12345,51,0.004552496551175406,0.2694306475966264,0.7779463529586792,0.42415350675582886,0.029400847852230072
Face,Face_full_zero,12345,77,-0.09924057469712325,0.23019524705052608,0.7165563702583313,0.5313955545425415,0.01579395681619644
Face,Face_full_zero,12345,135,-0.035842999168386847,0.32603459099160287,0.6882418990135193,0.5070687532424927,0.29407739639282227
Face,Face_full_zero,12345,158,-0.17270658210083642,0.22232587581315083,0.7758393287658691,0.42171356081962585,0.15397721529006958
Face,Face_full_zero,12345,177,0.02547244778938577,0.3105567930403965,0.6699907183647156,0.6010468006134033,0.15002022683620453
Face,Face_full_zero,12345,188,0.13203957447766873,0.48875564803193927,0.7191404104232788,0.46982142329216003,-0.003428488038480282
Face,Face_full_zero,12345,218,0.13219340850419684,0.12797702410335873,0.6882326602935791,0.5029495358467102,0.4961951971054077
Face,Face_full_zero,12345,287,0.04385504230095475,0.35782244293010235,0.7260571718215942,0.4830648601055145,0.13016006350517273
Face,Face_full_zero,12345,292,0.1691246093052199,0.33579599488423756,0.6862790584564209,0.5288411974906921,0.24830317497253418
Face,Face_full_zero,12345,295,-0.1953773073660179,0.4756534000699931,0.6310174465179443,0.3015820384025574,0.012211853638291359
Face,Face_full_zero,12345,340,-0.06358058084810261,0.2242399641953613,0.6683387160301208,0.513841986656189,0.3036894202232361
Face,Face_full_zero,12345,375,0.06442141834329729,0.12017481435050824,0.6943383812904358,0.5269912481307983,0.02382790297269821
Face,Face_full_zero,12345,384,0.19672871908694073,0.3268033681028581,0.7871849536895752,0.6696491241455078,0.3423064351081848
Face,Face_full_zero,12345,415,-0.10228915476754588,0.5390901727271527,0.6507290601730347,0.6002224683761597,0.266669362783432
Face,Face_full_zero,12345,434,0.20358883963219312,0.27577870684319417,0.704366147518158,0.5582090020179749,0.17873482406139374
Face,Face_full_zero,12345,465,-0.12082121678674626,0.2374586379972506,0.6936996579170227,0.449444979429245,0.23730942606925964
Face,Face_full_zero,12345,498,0.04239969923563356,0.44582901631716426,0.7414283752441406,0.7621210217475891,0.7919130325317383
Face,Face_full_zero,12345,507,0.1814232233648929,0.4031733967739276,0.6586328744888306,0.5476583242416382,0.2015361785888672
Face,Face_full_zero,12345,529,0.03581760536080561,0.42966852824563273,0.6798501014709473,0.6208568215370178,0.2108706831932068
Face,Face_full_zero,12345,561,0.11522851228440704,0.16169329565917326,0.6608033180236816,0.3604416251182556,0.07730546593666077
Face,Face_full_zero,12345,588,0.12179968766064814,0.17762929206867034,0.7141990661621094,0.5061759352684021,0.052311621606349945
Face,Face_full_zero,12345,606,-0.014003863633219428,0.2998139791735165,0.6782195568084717,0.38334155082702637,0.03380243852734566
Face,Face_full_zero,12345,678,-0.046532482576176024,0.25842679571424093,0.6988413333892822,0.5876645445823669,0.0850994884967804
Face,Face_full_zero,12345,708,0.2393413339371894,0.33096223009478093,0.8033682703971863,0.6123213768005371,0.2121342420578003
Face,Face_full_zero,12345,756,-0.11973086809202933,0.4389150734173719,0.7373306751251221,0.6100527048110962,0.3863993287086487
Face,Face_full_zero,12345,762,0.033366844930619644,0.17202137129476622,0.6688847541809082,0.6028879284858704,0.42351680994033813
Face,Face_full_zero,12345,781,-0.00033273011547386804,0.39130326966865125,0.6480700373649597,0.7009403109550476,0.3261847496032715
Face,Face_full_zero,12345,789,0.14408479420297607,0.2295882137588672,0.6749050617218018,0.5100691318511963,0.0896267518401146
Face,Face_full_zero,12345,817,-0.3103388709439727,0.2708513902572929,0.7914449572563171,0.6216557621955872,0.5335758924484253
Face,Face_full_zero,12345,820,-0.0744074078385139,0.2330837040209426,0.6942038536071777,0.6188840270042419,0.16756731271743774
Face,Face_full_zero,12345,838,0.17233972822506574,0.3819477729539633,0.6843042969703674,0.5130341649055481,0.16598600149154663
Face,Face_full_zero,12345,877,-0.04282401359301329,0.18144946349721244,0.7527468204498291,0.7112467288970947,0.7747938632965088
Face,Face_full_zero,12345,887,0.040270679343796884,0.2138950287441492,0.6446565389633179,0.580506443977356,0.35319143533706665
Face,Face_full_zero,12345,973,-0.07456470522108605,0.3636184918593646,0.745495617389679,0.5408486127853394,0.2681804299354553
Face,Face_random_full_01_zero,12345,1,-0.035051772929868316,0.22064482649877934,0.712517261505127,0.5552546977996826,0.2800650894641876
Face,Face_random_full_01_zero,12345,16,0.06417714594135072,0.18970669100391838,0.7038730978965759,0.39936983585357666,0.2102327048778534
Face,Face_random_full_01_zero,12345,20,-0.08732676361265694,0.24135924063612255,0.6340078711509705,0.7013994455337524,0.4107189178466797
Face,Face_random_full_01_zero,12345,51,-0.023019292261265152,0.2797723712930105,0.7929865121841431,0.467046856880188,0.07786671817302704
Face,Face_random_full_01_zero,12345,77,-0.12152071127213489,0.22892121297365145,0.7186291217803955,0.5622725486755371,0.027939878404140472
Face,Face_random_full_01_zero,12345,135,0.16542567737845373,0.347215111754799,0.6649041175842285,0.47653821110725403,0.25752344727516174
Face,Face_random_full_01_zero,12345,158,-0.14838919559713745,0.2353673410061103,0.774245023727417,0.45986470580101013,0.20833829045295715
Face,Face_random_full_01_zero,12345,177,0.06036412937748514,0.3135371374062483,0.6970643997192383,0.5883092880249023,0.2282612919807434
Face,Face_random_full_01_zero,12345,188,0.10909160422299007,0.48291886387662913,0.7362589240074158,0.4542226195335388,0.017031412571668625
Face,Face_random_full_01_zero,12345,218,0.11335163113198181,0.12985820505384527,0.7018001079559326,0.5857855081558228,0.36202219128608704
Face,Face_random_full_01_zero,12345,287,0.04415109633389866,0.3589112809858261,0.7282695770263672,0.48922646045684814,0.14076563715934753
Face,Face_random_full_01_zero,12345,292,0.17952750703618445,0.307322545772916,0.6568088531494141,0.5143809914588928,0.19556084275245667
Face,Face_random_full_01_zero,12345,295,-0.1715635060975015,0.4748190916055809,0.632426381111145,0.2889232933521271,-0.026562325656414032
Face,Face_random_full_01_zero,12345,340,-0.05348035703646489,0.22145341147384642,0.6825143694877625,0.5153601169586182,0.26463285088539124
Face,Face_random_full_01_zero,12345,375,0.07235325137224642,0.11973789338213758,0.7090473175048828,0.5148555040359497,0.03962574154138565
Face,Face_random_full_01_zero,12345,384,0.1875270361022702,0.32234338059516054,0.7935307025909424,0.7170993089675903,0.3534332513809204
Face,Face_random_full_01_zero,12345,415,-0.10106962551661806,0.5356078225585409,0.6407886147499084,0.5998854637145996,0.22553706169128418
Face,Face_random_full_01_zero,12345,434,0.20341081561575772,0.2755485398225585,0.7330540418624878,0.5209380388259888,0.19813549518585205
Face,Face_random_full_01_zero,12345,465,-0.11755105145535805,0.23965020734811002,0.6982893347740173,0.4351511597633362,0.2150070071220398
Face,Face_random_full_01_zero,12345,498,0.047155507877445706,0.4342470699370612,0.7354639768600464,0.7939420938491821,0.7645764350891113
Face,Face_random_full_01_zero,12345,507,0.17785003521163834,0.41026409756174914,0.6600381135940552,0.5339552760124207,0.1600988209247589
Face,Face_random_full_01_zero,12345,529,0.031235014480761346,0.42665562149269814,0.6738825440406799,0.6077686548233032,0.2180529683828354
Face,Face_random_full_01_zero,12345,561,0.1173771147917757,0.162523803721399,0.6499204635620117,0.40328681468963623,0.05311483517289162
Face,Face_random_full_01_zero,12345,588,0.1364078344531068,0.18424355328766445,0.7168691158294678,0.5398510098457336,0.07375255972146988
Face,Face_random_full_01_zero,12345,606,0.016616384667985564,0.29416890351308944,0.6784192323684692,0.4325495660305023,0.03216599300503731
Face,Face_random_full_01_zero,12345,678,-0.03841668332692388,0.25913925288497086,0.6931037902832031,0.5738564133644104,0.1293209195137024
Face,Face_random_full_01_zero,12345,708,0.2391409776177829,0.3327744224187915,0.7912304997444153,0.5863760113716125,0.21986685693264008
Face,Face_random_full_01_zero,12345,756,-0.10499366996141374,0.4302555793803406,0.7191224098205566,0.6371115446090698,0.3940065801143646
Face,Face_random_full_01_zero,12345,762,0.035274998054213386,0.16663188553992997,0.6638873219490051,0.6118524670600891,0.37587329745292664
Face,Face_random_full_01_zero,12345,781,0.04162210121313827,0.42123840874452534,0.6645548343658447,0.6804318428039551,0.298552930355072
Face,Face_random_full_01_zero,12345,789,0.14252280355843316,0.2296593306706446,0.6817179322242737,0.5054029822349548,0.07544490694999695
Face,Face_random_full_01_zero,12345,817,-0.33136808386220956,0.2708506464335686,0.7957477569580078,0.6237103939056396,0.4879409670829773
Face,Face_random_full_01_zero,12345,820,-0.031228766373167106,0.2157123562991036,0.6959776878356934,0.4314325451850891,0.10642845183610916
Face,Face_random_full_01_zero,12345,838,0.17833012829572223,0.3764706960689902,0.6767571568489075,0.5148330926895142,0.12059133499860764
Face,Face_random_full_01_zero,12345,877,-0.050760643783441854,0.18245913895937346,0.757777750492096,0.7263725996017456,0.7993026971817017
Face,Face_random_full_01_zero,12345,887,0.012529690638829343,0.1894569173781339,0.6637929081916809,0.5677814483642578,0.4059064984321594
Face,Face_random_full_01_zero,12345,973,-0.06510297570150762,0.37633018051972644,0.7387623190879822,0.5790210366249084,0.2953890860080719
Face,Face_random_full_02_zero,12345,1,-0.05108934838136928,0.20640777918844883,0.703080952167511,0.5620680451393127,0.38121938705444336
Face,Face_random_full_02_zero,12345,16,0.07959573159268009,0.19916298469203694,0.7109084725379944,0.3129569888114929,0.07769566774368286
Face,Face_random_full_02_zero,12345,20,-0.0781108999323368,0.25869698595192353,0.6251822710037231,0.6252641677856445,0.33151865005493164
Face,Face_random_full_02_zero,12345,51,-0.003891175488008509,0.264029314820047,0.764569878578186,0.43095284700393677,0.049274101853370667
Face,Face_random_full_02_zero,12345,77,-0.11145494888764249,0.2190584290984539,0.707848072052002,0.5456318259239197,0.039781197905540466
Face,Face_random_full_02_zero,12345,135,0.12787009333130958,0.3552814435365012,0.7057751417160034,0.5108844041824341,0.37497109174728394
Face,Face_random_full_02_zero,12345,158,-0.12790761450232646,0.22166220013694798,0.7708854675292969,0.4407544732093811,0.24460363388061523
Face,Face_random_full_02_zero,12345,177,0.021994677053673407,0.3160195731824688,0.6776366829872131,0.6207408905029297,0.21277065575122833
Face,Face_random_full_02_zero,12345,188,0.12008016401258978,0.4854608360248789,0.7326224446296692,0.4570905864238739,0.018977820873260498
Face,Face_random_full_02_zero,12345,218,0.12675252690253733,0.13171764727307836,0.6922188997268677,0.6485940217971802,0.5818034410476685
Face,Face_random_full_02_zero,12345,287,0.04544960107036582,0.3554815427255107,0.7305487394332886,0.5167253017425537,0.1921612173318863
Face,Face_random_full_02_zero,12345,292,0.16649169337248734,0.2905371955123114,0.6639779210090637,0.4672946631908417,0.20094358921051025
Face,Face_random_full_02_zero,12345,295,-0.20358940613057255,0.4889561331052242,0.6743212938308716,0.32044678926467896,0.03834468871355057
Face,Face_random_full_02_zero,12345,340,-0.05729622831229527,0.22232876512239025,0.6745092272758484,0.4717875123023987,0.2962328791618347
Face,Face_random_full_02_zero,12345,375,0.047458480323064135,0.11862701350206466,0.6972790956497192,0.5026934742927551,0.02780837193131447
Face,Face_random_full_02_zero,12345,384,0.19432351558926486,0.3265517052140732,0.7817038893699646,0.675006628036499,0.3799808621406555
Face,Face_random_full_02_zero,12345,415,-0.09779932736791563,0.5385960201856582,0.6292679905891418,0.603857159614563,0.23254704475402832
Face,Face_random_full_02_zero,12345,434,0.20912410293491085,0.2763704692169722,0.7077963352203369,0.5477625131607056,0.19331488013267517
Face,Face_random_full_02_zero,12345,465,-0.14142740894103162,0.23887641015420086,0.692314624786377,0.4326203465461731,0.20981644093990326
Face,Face_random_full_02_zero,12345,498,0.046658898609677396,0.4289704468082672,0.7251840829849243,0.7545506954193115,0.8045639991760254
Face,Face_random_full_02_zero,12345,507,0.21470505939090398,0.40146418056819133,0.6844848990440369,0.49161064624786377,0.22569572925567627
Face,Face_random_full_02_zero,12345,529,0.04953140943647752,0.4190041762865986,0.6875404119491577,0.627630352973938,0.29897820949554443
Face,Face_random_full_02_zero,12345,561,0.12597039666497015,0.1508110602771036,0.6543874144554138,0.37315815687179565,0.031651224941015244
Face,Face_random_full_02_zero,12345,588,0.14196663786507813,0.1814702484955424,0.712064802646637,0.526983916759491,0.027916178107261658
Face,Face_random_full_02_zero,12345,606,-0.0030764562684468637,0.30382873393078297,0.6880413293838501,0.38142913579940796,0.03374452888965607
Face,Face_random_full_02_zero,12345,678,-0.04817704886942752,0.2512975481470476,0.6980675458908081,0.538936972618103,0.14648786187171936
Face,Face_random_full_02_zero,12345,708,0.2361494399063773,0.3320533084274599,0.8039318323135376,0.6128057241439819,0.19330120086669922
Face,Face_random_full_02_zero,12345,756,-0.08558418720900439,0.4383751617901916,0.7246978282928467,0.7554864883422852,0.39529305696487427
Face,Face_random_full_02_zero,12345,762,0.045025319874978625,0.17022201109480695,0.662447988986969,0.5872437357902527,0.4040675461292267
Face,Face_random_full_02_zero,12345,781,-0.020302588653197826,0.3984853290621184,0.6367809176445007,0.708787202835083,0.29406681656837463
Face,Face_random_full_02_zero,12345,789,0.13948899637547393,0.22656078956579073,0.6739410758018494,0.49581289291381836,0.07168915122747421
Face,Face_random_full_02_zero,12345,817,-0.32307396545715167,0.2698560094248516,0.7959829568862915,0.6417704820632935,0.47900521755218506
Face,Face_random_full_02_zero,12345,820,-0.052148356190110115,0.22580400852187557,0.6884843707084656,0.46269091963768005,0.16655869781970978
Face,Face_random_full_02_zero,12345,838,0.17573928458120314,0.37628898420809503,0.6767058372497559,0.5070993900299072,0.16853588819503784
Face,Face_random_full_02_zero,12345,877,-0.05152041311928478,0.17908266824319258,0.7535264492034912,0.6784792542457581,0.7882452011108398
Face,Face_random_full_02_zero,12345,887,0.04600077212239697,0.21452878668585637,0.6645646095275879,0.5899136662483215,0.2883370518684387
Face,Face_random_full_02_zero,12345,973,-0.0674524049592531,0.35530934313867385,0.7386079430580139,0.5922132730484009,0.3407261371612549
Face,Face_random_full_03_zero,12345,1,-0.04679083060797114,0.21619000800774388,0.7206451296806335,0.5416069030761719,0.2715175747871399
Face,Face_random_full_03_zero,12345,16,0.07372428837792187,0.19631101633456144,0.7057081460952759,0.3422338366508484,0.10404138267040253
Face,Face_random_full_03_zero,12345,20,-0.08527480544499554,0.24491354758984824,0.632280707359314,0.6853622794151306,0.33727338910102844
Face,Face_random_full_03_zero,12345,51,-0.007517144709590689,0.2777240778385025,0.789829432964325,0.3547142744064331,0.052683401852846146
Face,Face_random_full_03_zero,12345,77,-0.10527571277537835,0.2207238165520221,0.7101658582687378,0.5286837220191956,0.031028106808662415
Face,Face_random_full_03_zero,12345,135,0.08936792999400746,0.3547105599045128,0.689285397529602,0.5117329359054565,0.44953101873397827
Face,Face_random_full_03_zero,12345,158,-0.14739497150734163,0.21909050577670358,0.768211841583252,0.4740680754184723,0.22495120763778687
Face,Face_random_full_03_zero,12345,177,0.033104736295884334,0.31021196567215736,0.6692569851875305,0.6121389865875244,0.21676944196224213
Face,Face_random_full_03_zero,12345,188,0.13140526405691685,0.4857968160097951,0.7382702827453613,0.4964876174926758,0.016777068376541138
Face,Face_random_full_03_zero,12345,218,0.11365412887912284,0.13004946780696217,0.6958017945289612,0.5107171535491943,0.4474520683288574
Face,Face_random_full_03_zero,12345,287,0.048376194334362854,0.35835074382405707,0.7267510890960693,0.4804331362247467,0.12601345777511597
Face,Face_random_full_03_zero,12345,292,0.16595145367167283,0.3498413703950512,0.6850122213363647,0.49552619457244873,0.22973302006721497
Face,Face_random_full_03_zero,12345,295,-0.19157194579582548,0.48128194046256345,0.6332336664199829,0.29629039764404297,0.00372462160885334
Face,Face_random_full_03_zero,12345,340,-0.06143642494991235,0.21799812038905092,0.6680789589881897,0.4976555109024048,0.33457785844802856
Face,Face_random_full_03_zero,12345,375,0.026859178222531286,0.11750894453309632,0.7136152982711792,0.4961591958999634,0.031317088752985
Face,Face_random_full_03_zero,12345,384,0.19449564048678725,0.3276529299824131,0.7869413495063782,0.672682523727417,0.33276987075805664
Face,Face_random_full_03_zero,12345,415,-0.0944305594090289,0.5353312312081763,0.649229109287262,0.5573339462280273,0.23480546474456787
Face,Face_random_full_03_zero,12345,434,0.19045295422334865,0.2762802958557257,0.7275945544242859,0.5434808135032654,0.16186335682868958
Face,Face_random_full_03_zero,12345,465,-0.10567224927941844,0.2321806304641165,0.6970228552818298,0.4345669448375702,0.14234241843223572
Face,Face_random_full_03_zero,12345,498,0.05597398237217687,0.42754855269454706,0.7195924520492554,0.7457618713378906,0.812791109085083
Face,Face_random_full_03_zero,12345,507,0.19353682276461923,0.4059589759275547,0.655687689781189,0.5894554853439331,0.16777902841567993
Face,Face_random_full_03_zero,12345,529,0.04383248159701263,0.42597410312547973,0.6752426624298096,0.5988432168960571,0.26840025186538696
Face,Face_random_full_03_zero,12345,561,0.10155499967037686,0.16057278875157024,0.6517631411552429,0.35826167464256287,0.09091222286224365
Face,Face_random_full_03_zero,12345,588,0.12281353287046544,0.17795383633164585,0.7140875458717346,0.5123828053474426,0.0502936914563179
Face,Face_random_full_03_zero,12345,606,-0.003906197596174054,0.3029832449374549,0.682496190071106,0.4373682737350464,0.004306161776185036
Face,Face_random_full_03_zero,12345,678,-0.041561403672466565,0.2595503993400976,0.6981253623962402,0.6136268377304077,0.11246012896299362
Face,Face_random_full_03_zero,12345,708,0.2183083103574263,0.33025478767222105,0.7882286906242371,0.6335893869400024,0.24620704352855682
Face,Face_random_full_03_zero,12345,756,-0.11849160572424086,0.4441820155484905,0.7359670400619507,0.6450480222702026,0.37881341576576233
Face,Face_random_full_03_zero,12345,762,0.03229911654032286,0.16967292231919973,0.6604830622673035,0.6229480504989624,0.36843565106391907
Face,Face_random_full_03_zero,12345,781,0.025871791503943625,0.400437693249851,0.6590436697006226,0.7232835292816162,0.32578539848327637
Face,Face_random_full_03_zero,12345,789,0.13214202837751587,0.2261376953050121,0.6651492118835449,0.513403058052063,0.10549622774124146
Face,Face_random_full_03_zero,12345,817,-0.31632775350206116,0.2701404891687178,0.7944462895393372,0.6379526853561401,0.4721512198448181
Face,Face_random_full_03_zero,12345,820,-0.04813185880599366,0.22622822201158782,0.7036631107330322,0.42327386140823364,0.18319755792617798
Face,Face_random_full_03_zero,12345,838,0.17204027377325576,0.38275613971232175,0.6760759353637695,0.5086675882339478,0.12028805911540985
Face,Face_random_full_03_zero,12345,877,-0.04464216457441072,0.1854992203281236,0.749118447303772,0.7103182077407837,0.8086111545562744
Face,Face_random_full_03_zero,12345,887,0.04961147062350808,0.2076142294154734,0.6432765126228333,0.6007097959518433,0.2922438681125641
Face,Face_random_full_03_zero,12345,973,-0.07165750856000745,0.3673957138869085,0.7427126169204712,0.5358153581619263,0.25165337324142456
Face,Face_random_full_04_zero,12345,1,-0.051909235120839815,0.2055828705277868,0.7097938656806946,0.5808861255645752,0.4928279519081116
Face,Face_random_full_04_zero,12345,16,0.06937854157485672,0.2021885860732111,0.7076654434204102,0.4020937383174896,0.16942161321640015
Face,Face_random_full_04_zero,12345,20,-0.08308751476321319,0.2445640781335484,0.6282793879508972,0.6861081123352051,0.2575288414955139
Face,Face_random_full_04_zero,12345,51,0.0010384413945279617,0.2669334049994719,0.7662053108215332,0.41580283641815186,0.0268587376922369
Face,Face_random_full_04_zero,12345,77,-0.10651342482627416,0.22940589397130376,0.7184582948684692,0.5094375014305115,0.04943361505866051
Face,Face_random_full_04_zero,12345,135,0.07055973401762063,0.3466123954146731,0.6788952350616455,0.589064359664917,0.29170912504196167
Face,Face_random_full_04_zero,12345,158,-0.18133144700761666,0.236065917525158,0.7816425561904907,0.42071840167045593,0.17330583930015564
Face,Face_random_full_04_zero,12345,177,0.29459725411723153,0.3308562509437215,0.6208049058914185,0.6547475457191467,0.3127172589302063
Face,Face_random_full_04_zero,12345,188,0.1202155191835708,0.4869869761081444,0.7344603538513184,0.4366437792778015,0.043784189969301224
Face,Face_random_full_04_zero,12345,218,0.11379217030825077,0.1464693337129753,0.7083620429039001,0.5225973129272461,0.21964818239212036
Face,Face_random_full_04_zero,12345,287,0.04515577293745113,0.3586983144722505,0.7215798497200012,0.4850117266178131,0.13637830317020416
Face,Face_random_full_04_zero,12345,292,0.1575601736039299,0.31938133019313986,0.6830299496650696,0.4486847221851349,0.2232009470462799
Face,Face_random_full_04_zero,12345,295,-0.2115573696710835,0.489143271258292,0.681091845035553,0.31203794479370117,0.09004528820514679
Face,Face_random_full_04_zero,12345,340,-0.06150919624891207,0.2183379309422426,0.6801160573959351,0.5347163081169128,0.2475762963294983
Face,Face_random_full_04_zero,12345,375,0.06858467362344879,0.11956307839613958,0.6971068978309631,0.5289162397384644,0.03701217472553253
Face,Face_random_full_04_zero,12345,384,0.19187166321688348,0.32503143504659227,0.7921265363693237,0.6841785907745361,0.3299242854118347
Face,Face_random_full_04_zero,12345,415,-0.09282044303008719,0.5368181037722328,0.6339896321296692,0.5495285391807556,0.21381241083145142
Face,Face_random_full_04_zero,12345,434,0.2069227607104453,0.27672024572354975,0.7194019556045532,0.5671603083610535,0.20674364268779755
Face,Face_random_full_04_zero,12345,465,-0.11970452184466018,0.23690353431678635,0.6938498020172119,0.443889856338501,0.23586301505565643
Face,Face_random_full_04_zero,12345,498,0.04121222473507672,0.4306391208963942,0.7233158946037292,0.7490713596343994,0.8236743807792664
Face,Face_random_full_04_zero,12345,507,0.1931950138439956,0.4133862633900185,0.6563025116920471,0.5470815300941467,0.1815187633037567
Face,Face_random_full_04_zero,12345,529,0.03101159168730257,0.4228584126222976,0.6808382868766785,0.6366168260574341,0.22121354937553406
Face,Face_random_full_04_zero,12345,561,0.10730906097664601,0.15282214451892076,0.6473478078842163,0.39017993211746216,0.052826665341854095
Face,Face_random_full_04_zero,12345,588,0.11927071728318109,0.17778499247026033,0.7145742177963257,0.5224612951278687,0.045833565294742584
Face,Face_random_full_04_zero,12345,606,-0.0059605150745382215,0.3014795148046408,0.6788005828857422,0.43031686544418335,0.01966322772204876
Face,Face_random_full_04_zero,12345,678,-0.05715831969157332,0.25953909736840985,0.6950213313102722,0.572715163230896,0.14147374033927917
Face,Face_random_full_04_zero,12345,708,0.21533577858105368,0.32692244235556994,0.8018607497215271,0.585677981376648,0.17446374893188477
Face,Face_random_full_04_zero,12345,756,-0.1023290504025891,0.4511837719614421,0.7371911406517029,0.7308634519577026,0.4228648543357849
Face,Face_random_full_04_zero,12345,762,0.03894510422234133,0.17233581134472029,0.660979151725769,0.6194280982017517,0.39273276925086975
Face,Face_random_full_04_zero,12345,781,-0.003495783548218056,0.40198916419000463,0.6465509533882141,0.7072982788085938,0.3249518871307373
Face,Face_random_full_04_zero,12345,789,0.1414479726635698,0.2248773600534966,0.6976342797279358,0.5049746036529541,0.09459708631038666
Face,Face_random_full_04_zero,12345,817,-0.32451617535526756,0.2690571969254841,0.7960477471351624,0.6491632461547852,0.4846310317516327
Face,Face_random_full_04_zero,12345,820,-0.05414903604485207,0.23408013135180103,0.6870484948158264,0.5584781169891357,0.2825504541397095
Face,Face_random_full_04_zero,12345,838,0.17339224471128906,0.382121031751494,0.6858965754508972,0.5269556641578674,0.17473679780960083
Face,Face_random_full_04_zero,12345,877,-0.05044042927659903,0.18001729878855174,0.7478994727134705,0.6856743097305298,0.7800142168998718
Face,Face_random_full_04_zero,12345,887,0.04535577828766846,0.21382448414630495,0.6538200378417969,0.5763907432556152,0.3293057084083557
Face,Face_random_full_04_zero,12345,973,-0.07609752047795167,0.37393813156091393,0.7409528493881226,0.5864369869232178,0.33376309275627136
Face,Face_random_full_05_zero,12345,1,-0.04209302275407356,0.2138678356576397,0.7109118103981018,0.518815279006958,0.34469884634017944
Face,Face_random_full_05_zero,12345,16,0.06778927022929956,0.19206070197808967,0.7060649394989014,0.3898889124393463,0.1913985311985016
Face,Face_random_full_05_zero,12345,20,-0.0840358242328475,0.24386330811381468,0.6303671002388,0.6606703996658325,0.41593605279922485
Face,Face_random_full_05_zero,12345,51,0.005465347925670032,0.2637766206387004,0.7674882411956787,0.4240778088569641,0.050509873777627945
Face,Face_random_full_05_zero,12345,77,-0.12383181904407915,0.23287237960969392,0.7185717821121216,0.5497581362724304,0.03482010215520859
Face,Face_random_full_05_zero,12345,135,-0.009156750299616776,0.32824273220052075,0.6734743118286133,0.5864205360412598,0.2404404580593109
Face,Face_random_full_05_zero,12345,158,-0.15001129297894464,0.23414749151239125,0.763511061668396,0.4172396957874298,0.21025687456130981
Face,Face_random_full_05_zero,12345,177,0.023130739047963814,0.3093864420623263,0.6647354960441589,0.6106055974960327,0.19726349413394928
Face,Face_random_full_05_zero,12345,188,0.141347892733368,0.48639667267242903,0.7314413785934448,0.49889540672302246,0.009945061057806015
Face,Face_random_full_05_zero,12345,218,0.1148158173498364,0.13609187707819959,0.7072498798370361,0.6169555187225342,0.5224003791809082
Face,Face_random_full_05_zero,12345,287,0.049450743326397546,0.3548112733197217,0.722484290599823,0.5014039278030396,0.09960286319255829
Face,Face_random_full_05_zero,12345,292,0.21022976677852712,0.3199119868240252,0.6604607105255127,0.4062541425228119,0.16811800003051758
Face,Face_random_full_05_zero,12345,295,-0.17750417130002757,0.4779063486439005,0.6346817016601562,0.2578541040420532,-0.021333128213882446
Face,Face_random_full_05_zero,12345,340,-0.054948554640040045,0.21547878285673974,0.6700232028961182,0.5204001665115356,0.3138844966888428
Face,Face_random_full_05_zero,12345,375,0.023724192028072844,0.11869117931084726,0.7113960385322571,0.49893835186958313,0.02823401242494583
Face,Face_random_full_05_zero,12345,384,0.19842802249268457,0.3272061780111779,0.7885565757751465,0.6726281642913818,0.36738815903663635
Face,Face_random_full_05_zero,12345,415,-0.09810405148288663,0.5280067301235418,0.6514100432395935,0.5659760236740112,0.19963139295578003
Face,Face_random_full_05_zero,12345,434,0.19803400014432002,0.2762626464845372,0.7301728129386902,0.527502715587616,0.22057121992111206
Face,Face_random_full_05_zero,12345,465,-0.11202769589511057,0.23967389824859534,0.6962876319885254,0.45916831493377686,0.23116610944271088
Face,Face_random_full_05_zero,12345,498,0.04543623893499342,0.4265711210189756,0.7269958257675171,0.7351378202438354,0.7811444401741028
Face,Face_random_full_05_zero,12345,507,0.1865739353300099,0.4034082746513084,0.6587716341018677,0.5273229479789734,0.17054326832294464
Face,Face_random_full_05_zero,12345,529,0.03428422773466366,0.4248896653351758,0.6761594414710999,0.6184558868408203,0.263386994600296
Face,Face_random_full_05_zero,12345,561,0.12040602642447853,0.15825367691032605,0.6582480669021606,0.37128913402557373,0.05721447244286537
Face,Face_random_full_05_zero,12345,588,0.1323107761359193,0.17788291448675217,0.7105138301849365,0.49165618419647217,0.07963892817497253
Face,Face_random_full_05_zero,12345,606,-0.032277495032582496,0.2898683090558938,0.6723527312278748,0.43708229064941406,0.06449161469936371
Face,Face_random_full_05_zero,12345,678,-0.03783768945566011,0.26302548522088576,0.6974486708641052,0.5967633128166199,0.12267696112394333
Face,Face_random_full_05_zero,12345,708,0.23148566359350076,0.3330235328388258,0.7946435809135437,0.5714753270149231,0.18650609254837036
Face,Face_random_full_05_zero,12345,756,-0.11266219077073619,0.43663020804789987,0.7154589295387268,0.6366523504257202,0.4055999517440796
Face,Face_random_full_05_zero,12345,762,0.03280603094783826,0.1710819246348962,0.6651039123535156,0.6257678270339966,0.31776541471481323
Face,Face_random_full_05_zero,12345,781,0.054861545087004256,0.4146369532600648,0.6606802940368652,0.7041782140731812,0.3186827003955841
Face,Face_random_full_05_zero,12345,789,0.14388021408888516,0.22552568781643714,0.6750323176383972,0.5056878328323364,0.10060596466064453
Face,Face_random_full_05_zero,12345,817,-0.32246275997974394,0.27136985672185104,0.7868297696113586,0.6250175833702087,0.528318464756012
Face,Face_random_full_05_zero,12345,820,-0.05439861803286792,0.22562818594015166,0.7029738426208496,0.43085384368896484,0.20147404074668884
Face,Face_random_full_05_zero,12345,838,0.1178335256390544,0.3862173401432841,0.6840234398841858,0.4392571449279785,0.05532028526067734
Face,Face_random_full_05_zero,12345,877,-0.04840454535982701,0.17698774234544543,0.7521641254425049,0.7448861598968506,0.7830034494400024
Face,Face_random_full_05_zero,12345,887,0.045464002402518494,0.19573915748170595,0.6541136503219604,0.6248464584350586,0.3160291910171509
Face,Face_random_full_05_zero,12345,973,-0.07566940528149294,0.36451581457346915,0.735194981098175,0.5596227645874023,0.3132825493812561
Face,no_mask,12345,1,-0.04395451322965924,0.2161964614707037,0.7146731019020081,0.5935773849487305,0.326336145401001
Face,no_mask,12345,16,0.07779380733619302,0.19600958681825734,0.7087083458900452,0.40351593494415283,0.14433962106704712
Face,no_mask,12345,20,-0.08456760776982174,0.24340113715869902,0.632149875164032,0.6983956694602966,0.3841046094894409
Face,no_mask,12345,51,0.001820123739348242,0.2669879641183563,0.77805095911026,0.39777839183807373,0.04363863170146942
Face,no_mask,12345,77,-0.12219896260464645,0.23222461144690315,0.7230132818222046,0.5479042530059814,0.03280085325241089
Face,no_mask,12345,135,-0.016037027041872414,0.33803331903394707,0.6892762780189514,0.49630481004714966,0.30555450916290283
Face,no_mask,12345,158,-0.17304165666007998,0.22128520713083988,0.7729016542434692,0.41539162397384644,0.12675638496875763
Face,no_mask,12345,177,0.03026959795056424,0.31218419998618874,0.6709370613098145,0.6106851100921631,0.22451624274253845
Face,no_mask,12345,188,0.11904011981142779,0.4838277419303739,0.7477112412452698,0.5984359979629517,0.06485384702682495
Face,no_mask,12345,218,0.1132293281568149,0.13271810427128633,0.7010596394538879,0.5271216630935669,0.41505783796310425
Face,no_mask,12345,287,0.04858096490553917,0.3577018346179279,0.7255535125732422,0.49424394965171814,0.1411277949810028
Face,no_mask,12345,292,0.15242494939772502,0.3437982738309851,0.6861467361450195,0.5226986408233643,0.2599725127220154
Face,no_mask,12345,295,-0.18311978978573645,0.476358937626982,0.634443461894989,0.28518056869506836,0.01358756422996521
Face,no_mask,12345,340,-0.055702611948940474,0.21828599015037883,0.6748545169830322,0.49305111169815063,0.2982010245323181
Face,no_mask,12345,375,0.06704975717331053,0.12002877067181028,0.6938502192497253,0.5314304828643799,0.02540441043674946
Face,no_mask,12345,384,0.19627376819190864,0.32663284250979546,0.7857558727264404,0.6727693676948547,0.3670925498008728
Face,no_mask,12345,415,-0.09667515178340398,0.5372379786546028,0.6506620049476624,0.528670072555542,0.25028738379478455
Face,no_mask,12345,434,0.20695853442338352,0.2760743690422005,0.7102218270301819,0.5729719996452332,0.19128234684467316
Face,no_mask,12345,465,-0.12671766509080643,0.2376999399621919,0.6966588497161865,0.43592849373817444,0.232976034283638
Face,no_mask,12345,498,0.04454743027201457,0.42941243284909547,0.728997528553009,0.7198817133903503,0.8249735236167908
Face,no_mask,12345,507,0.18738695193861735,0.40551784552120124,0.6589236259460449,0.5358831882476807,0.1770503669977188
Face,no_mask,12345,529,0.03488391632792293,0.425594475209944,0.6784005165100098,0.6301934123039246,0.2351299226284027
Face,no_mask,12345,561,0.12221721750943484,0.16423032093411752,0.6542686223983765,0.39634373784065247,0.13108530640602112
Face,no_mask,12345,588,0.11630872074618072,0.17678616694430707,0.7198364734649658,0.5262980461120605,0.03310476243495941
Face,no_mask,12345,606,-0.013000489849772649,0.29770963860762706,0.6791297793388367,0.41123682260513306,0.00483272410929203
Face,no_mask,12345,678,-0.04671807676319623,0.25916465226883734,0.697950541973114,0.5728525519371033,0.10372066497802734
Face,no_mask,12345,708,0.21606972689526235,0.3283708847314518,0.8024046421051025,0.5831207036972046,0.1967707872390747
Face,no_mask,12345,756,-0.11654148346446937,0.4405715666995325,0.7360385060310364,0.6527328491210938,0.35810717940330505
Face,no_mask,12345,762,0.03382125039750404,0.1709985095842809,0.6724199652671814,0.6047751903533936,0.3900313377380371
Face,no_mask,12345,781,0.005920772639721124,0.4000028935713823,0.6471988558769226,0.7276971340179443,0.3291638195514679
Face,no_mask,12345,789,0.14141374178490626,0.22854812889963716,0.6766179800033569,0.48917633295059204,0.09410614520311356
Face,no_mask,12345,817,-0.3208356629249489,0.27111532786282705,0.7946653962135315,0.6645730137825012,0.5258976817131042
Face,no_mask,12345,820,-0.04051667300493889,0.2024146291295394,0.6987141370773315,0.40199652314186096,0.11233583092689514
Face,no_mask,12345,838,0.17008105248369348,0.3813279401200951,0.6864601373672485,0.5149652361869812,0.14431482553482056
Face,no_mask,12345,877,-0.03494754260564883,0.1816704117905085,0.7491003274917603,0.7917933464050293,0.8042439222335815
Face,no_mask,12345,887,0.044699963744076934,0.20975892335292798,0.6506702899932861,0.5704415440559387,0.3217930793762207
Face,no_mask,12345,973,-0.07107759013264661,0.3655005521876332,0.7436922192573547,0.54710853099823,0.26016765832901
Face,no_mask_repeat,12345,1,-0.04395451322965924,0.2161964614707037,0.7146731019020081,0.5935773849487305,0.326336145401001
Face,no_mask_repeat,12345,16,0.07779380733619302,0.19600958681825734,0.7087083458900452,0.40351593494415283,0.14433962106704712
Face,no_mask_repeat,12345,20,-0.08456760776982174,0.24340113715869902,0.6321499347686768,0.6983956694602966,0.3841046094894409
Face,no_mask_repeat,12345,51,0.001820123739348242,0.2669879641183563,0.77805095911026,0.39777839183807373,0.04363863170146942
Face,no_mask_repeat,12345,77,-0.12219896260464645,0.23222461144690315,0.7230132818222046,0.5479042530059814,0.03280085325241089
Face,no_mask_repeat,12345,135,-0.016037027041872414,0.33803331903394707,0.6892763376235962,0.49630481004714966,0.30555450916290283
Face,no_mask_repeat,12345,158,-0.17304165666007998,0.22128520713083988,0.7729016542434692,0.41539162397384644,0.12675638496875763
Face,no_mask_repeat,12345,177,0.03026959795056424,0.31218419998618874,0.6709370613098145,0.6106851100921631,0.22451624274253845
Face,no_mask_repeat,12345,188,0.11904011981142779,0.4838277419303739,0.7477112412452698,0.5984359979629517,0.06485384702682495
Face,no_mask_repeat,12345,218,0.1132293281568149,0.13271810427128633,0.7010596394538879,0.5271216630935669,0.41505783796310425
Face,no_mask_repeat,12345,287,0.04858096490553917,0.3577018346179279,0.7255535125732422,0.49424394965171814,0.1411277949810028
Face,no_mask_repeat,12345,292,0.15242494939772502,0.3437982738309851,0.6861467361450195,0.5226986408233643,0.2599725127220154
Face,no_mask_repeat,12345,295,-0.18311978978573645,0.476358937626982,0.6344435214996338,0.28518056869506836,0.01358756422996521
Face,no_mask_repeat,12345,340,-0.055702611948940474,0.21828599015037883,0.6748545169830322,0.49305111169815063,0.2982010245323181
Face,no_mask_repeat,12345,375,0.06704975717331053,0.12002877067181028,0.6938502192497253,0.5314304828643799,0.02540441043674946
Face,no_mask_repeat,12345,384,0.19627376819190864,0.32663284250979546,0.7857558727264404,0.6727693676948547,0.3670925498008728
Face,no_mask_repeat,12345,415,-0.09667515178340398,0.5372379786546028,0.6506620049476624,0.528670072555542,0.25028738379478455
Face,no_mask_repeat,12345,434,0.20695853442338352,0.2760743690422005,0.7102218270301819,0.5729719996452332,0.19128234684467316
Face,no_mask_repeat,12345,465,-0.12671766509080643,0.2376999399621919,0.6966588497161865,0.43592849373817444,0.232976034283638
Face,no_mask_repeat,12345,498,0.04454743027201457,0.42941243284909547,0.728997528553009,0.7198817133903503,0.8249735236167908
Face,no_mask_repeat,12345,507,0.18738695193861735,0.40551784552120124,0.6589237451553345,0.5358831882476807,0.1770503669977188
Face,no_mask_repeat,12345,529,0.03488391632792293,0.425594475209944,0.6784003973007202,0.6301934123039246,0.2351299226284027
Face,no_mask_repeat,12345,561,0.12221721750943484,0.16423032093411752,0.6542686223983765,0.39634373784065247,0.13108530640602112
Face,no_mask_repeat,12345,588,0.11630872074618072,0.17678616694430707,0.7198364734649658,0.5262980461120605,0.03310476243495941
Face,no_mask_repeat,12345,606,-0.013000489849772649,0.29770963860762706,0.6791297793388367,0.41123682260513306,0.00483272410929203
Face,no_mask_repeat,12345,678,-0.04671807676319623,0.25916465226883734,0.697950541973114,0.5728525519371033,0.10372066497802734
Face,no_mask_repeat,12345,708,0.21606972689526235,0.3283708847314518,0.8024047017097473,0.5831207036972046,0.1967707872390747
Face,no_mask_repeat,12345,756,-0.11654148346446937,0.4405715666995325,0.7360385060310364,0.6527328491210938,0.35810717940330505
Face,no_mask_repeat,12345,762,0.03382125039750404,0.1709985095842809,0.6724199652671814,0.6047751903533936,0.3900313377380371
Face,no_mask_repeat,12345,781,0.005920772639721124,0.4000028935713823,0.6471989154815674,0.7276971340179443,0.3291638195514679
Face,no_mask_repeat,12345,789,0.14141374178490626,0.22854812889963716,0.6766179203987122,0.48917633295059204,0.09410614520311356
Face,no_mask_repeat,12345,817,-0.3208356629249489,0.27111532786282705,0.7946653366088867,0.6645730137825012,0.5258976817131042
Face,no_mask_repeat,12345,820,-0.04051667300493889,0.2024146291295394,0.6987140774726868,0.40199652314186096,0.11233583092689514
Face,no_mask_repeat,12345,838,0.17008105248369348,0.3813279401200951,0.6864601373672485,0.5149652361869812,0.14431482553482056
Face,no_mask_repeat,12345,877,-0.03494754260564883,0.1816704117905085,0.749100387096405,0.7917933464050293,0.8042439222335815
Face,no_mask_repeat,12345,887,0.044699963744076934,0.20975892335292798,0.6506702899932861,0.5704415440559387,0.3217930793762207
Face,no_mask_repeat,12345,973,-0.07107759013264661,0.3655005521876332,0.7436922192573547,0.54710853099823,0.26016765832901
Face,Body_unrelated_equal4_zero,23456,1,-0.10857948697887615,0.1654491012150551,0.6546963453292847,0.7028309106826782,0.30396801233291626
Face,Body_unrelated_equal4_zero,23456,16,-0.25627834101205327,0.24063889621867213,0.6842699646949768,0.2811194062232971,0.019972166046500206
Face,Body_unrelated_equal4_zero,23456,20,0.13523550182791388,0.28257141031915345,0.655471920967102,0.7638707756996155,0.5141375064849854
Face,Body_unrelated_equal4_zero,23456,51,0.283247772117022,0.30663426985874653,0.7077507376670837,0.4365972876548767,0.01840081624686718
Face,Body_unrelated_equal4_zero,23456,77,-0.14815151483717873,0.21532157974748778,0.7013953924179077,0.510304868221283,1.026596873998642e-05
Face,Body_unrelated_equal4_zero,23456,135,0.1134146700958527,0.38883776703317363,0.6995522379875183,0.5323659181594849,0.24669581651687622
Face,Body_unrelated_equal4_zero,23456,158,-0.25865962194129033,0.23436603665257463,0.8138870000839233,0.509906530380249,0.2787746787071228
Face,Body_unrelated_equal4_zero,23456,177,0.002861391346741179,0.361427267733214,0.7432913184165955,0.662712574005127,0.2585950493812561
Face,Body_unrelated_equal4_zero,23456,188,-0.10567379072237636,0.4660211431091228,0.8057313561439514,0.39288896322250366,0.008984075859189034
Face,Body_unrelated_equal4_zero,23456,218,0.11586683441209968,0.16010845092168952,0.717652440071106,0.44389018416404724,0.07187731564044952
Face,Body_unrelated_equal4_zero,23456,287,-0.08559041815674501,0.31505247704074957,0.6895644068717957,0.49970880150794983,0.11002734303474426
Face,Body_unrelated_equal4_zero,23456,292,0.003296109256580152,0.2783102203088977,0.698318362236023,0.49023497104644775,0.21259231865406036
Face,Body_unrelated_equal4_zero,23456,295,-0.27331885930222133,0.4126215694502177,0.7435756921768188,0.2674177587032318,0.14718805253505707
Face,Body_unrelated_equal4_zero,23456,340,0.03124723411223992,0.2057948857681939,0.6762797236442566,0.37884795665740967,0.2665577828884125
Face,Body_unrelated_equal4_zero,23456,375,-0.040527977200250226,0.11786104903937004,0.915311336517334,0.5606569647789001,0.02778293937444687
Face,Body_unrelated_equal4_zero,23456,384,0.3333679240677267,0.31516855514396724,0.7148247361183167,0.6942650675773621,0.4112023711204529
Face,Body_unrelated_equal4_zero,23456,415,0.020580688590985555,0.44537598210957713,0.5585201978683472,0.6427075266838074,0.5062096118927002
Face,Body_unrelated_equal4_zero,23456,434,0.22382670217687992,0.23696346879670058,0.6274892687797546,0.5616418123245239,0.2742508053779602
Face,Body_unrelated_equal4_zero,23456,465,-0.27348978277638386,0.2555152675059245,0.6984723806381226,0.36644163727760315,0.19458428025245667
Face,Body_unrelated_equal4_zero,23456,498,-0.07147553061328447,0.363882125842466,0.6923425793647766,0.41168534755706787,-0.014691058546304703
Face,Body_unrelated_equal4_zero,23456,507,-0.057219677322059216,0.426174563215607,0.8127986192703247,0.4631381630897522,0.14634867012500763
Face,Body_unrelated_equal4_zero,23456,529,0.14169139966095842,0.4366323107994691,0.6150181889533997,0.6780898571014404,0.31962868571281433
Face,Body_unrelated_equal4_zero,23456,561,0.24221134396235666,0.18875795611819093,0.642184853553772,0.47247451543807983,0.27934813499450684
Face,Body_unrelated_equal4_zero,23456,588,0.09160107695782062,0.19351871926667352,0.7242927551269531,0.46267959475517273,0.055967867374420166
Face,Body_unrelated_equal4_zero,23456,606,0.22481537004072072,0.3027561826976097,0.6159669756889343,0.5579116940498352,0.04933805763721466
Face,Body_unrelated_equal4_zero,23456,678,0.0504364947163786,0.29446337251899946,0.7725284099578857,0.5286421775817871,0.13731960952281952
Face,Body_unrelated_equal4_zero,23456,708,0.0038669587783416,0.15273365233610506,0.80045086145401,0.6000272035598755,0.3988083600997925
Face,Body_unrelated_equal4_zero,23456,756,-0.06533662249625158,0.4109831734749356,0.7188717722892761,0.5424840450286865,0.16978338360786438
Face,Body_unrelated_equal4_zero,23456,762,0.1019675031898846,0.16984798630316783,0.6930029392242432,0.672370433807373,0.5240325927734375
Face,Body_unrelated_equal4_zero,23456,781,-0.11529437087729764,0.33503877483705313,0.7309730052947998,0.6997553110122681,0.29301735758781433
Face,Body_unrelated_equal4_zero,23456,789,0.19827747965647594,0.23144514108078137,0.6852102875709534,0.6111694574356079,0.19679996371269226
Face,Body_unrelated_equal4_zero,23456,817,0.1465370696010895,0.3303224298147617,0.8135957717895508,0.5902729034423828,0.12391375005245209
Face,Body_unrelated_equal4_zero,23456,820,0.03753708827941234,0.33675989331750694,0.7041452527046204,0.5675339698791504,0.3271246552467346
Face,Body_unrelated_equal4_zero,23456,838,0.04355507960288667,0.2993618585335587,0.6995723843574524,0.6427574157714844,0.16737283766269684
Face,Body_unrelated_equal4_zero,23456,877,0.038780552342115845,0.17973922789834376,0.7463728189468384,0.7631557583808899,0.7310981750488281
Face,Body_unrelated_equal4_zero,23456,887,0.14400844849384256,0.22512392218942834,0.6860166788101196,0.6320135593414307,0.18889468908309937
Face,Body_unrelated_equal4_zero,23456,973,0.14325217427878606,0.32000363356309264,0.6790311932563782,0.5206769704818726,0.20739255845546722
Face,Face_full_zero,23456,1,-0.11152981424386124,0.17336029338686318,0.6628058552742004,0.6986068487167358,0.4077368378639221
Face,Face_full_zero,23456,16,-0.2571563546559377,0.24576512767137135,0.7029523253440857,0.3109564185142517,0.03594418615102768
Face,Face_full_zero,23456,20,0.12812113609518386,0.2705072353817976,0.6502572298049927,0.7524745464324951,0.4452524483203888
Face,Face_full_zero,23456,51,0.3026821511603794,0.29784503414914537,0.7016779780387878,0.45497846603393555,0.016132116317749023
Face,Face_full_zero,23456,77,-0.14425737923309775,0.22330469988057264,0.7031542062759399,0.4630547761917114,-0.008346978574991226
Face,Face_full_zero,23456,135,0.14560012322810287,0.3923856308761988,0.7132034301757812,0.49063971638679504,0.27600395679473877
Face,Face_full_zero,23456,158,-0.2671535687553008,0.23319084845184967,0.8195024728775024,0.5082887411117554,0.27823904156684875
Face,Face_full_zero,23456,177,0.00905193363420726,0.3573768674282074,0.737248957157135,0.6578754782676697,0.3003028631210327
Face,Face_full_zero,23456,188,-0.10956887627276167,0.4654142443151165,0.8064099550247192,0.3758940100669861,0.003924105316400528
Face,Face_full_zero,23456,218,0.06838266812306285,0.1685224428750474,0.7096116542816162,0.3901423513889313,0.07379953563213348
Face,Face_full_zero,23456,287,-0.0830404960102884,0.31622983999292686,0.6830261945724487,0.5287017226219177,0.11431214958429337
Face,Face_full_zero,23456,292,-0.0041561691624498924,0.2853213787993751,0.7057318091392517,0.43788260221481323,0.14969435334205627
Face,Face_full_zero,23456,295,-0.22621801302054126,0.4196952042644915,0.7456053495407104,0.3321108818054199,0.1559872031211853
Face,Face_full_zero,23456,340,0.03109157262951652,0.2107379851415952,0.6666153073310852,0.4968053698539734,0.30978167057037354
Face,Face_full_zero,23456,375,-0.039085696812608414,0.11770151277675199,0.8954699635505676,0.5559110641479492,0.02519221045076847
Face,Face_full_zero,23456,384,0.2204069600233797,0.2849510600324836,0.7616536021232605,0.7087047100067139,0.5078904628753662
Face,Face_full_zero,23456,415,-0.03040348819985875,0.5023690806123329,0.5715656876564026,0.626557469367981,0.47124266624450684
Face,Face_full_zero,23456,434,0.21531564037645867,0.23376285506449868,0.6258164644241333,0.561631441116333,0.3299497961997986
Face,Face_full_zero,23456,465,-0.2710654963145619,0.250571111122477,0.6992416381835938,0.3864246606826782,0.17469048500061035
Face,Face_full_zero,23456,498,-0.08270061129619614,0.3664097127985824,0.6795728802680969,0.4235389828681946,0.06337845325469971
Face,Face_full_zero,23456,507,-0.09025100821895485,0.4259900962286944,0.7828772068023682,0.49377164244651794,0.2066107988357544
Face,Face_full_zero,23456,529,0.13773532397289726,0.43446254068873086,0.6276606917381287,0.6989683508872986,0.4153200387954712
Face,Face_full_zero,23456,561,0.2521264807660724,0.1873943279096348,0.6456310153007507,0.47810226678848267,0.27700695395469666
Face,Face_full_zero,23456,588,0.09121570708560199,0.19612221692039328,0.7236054539680481,0.44335004687309265,0.046623311936855316
Face,Face_full_zero,23456,606,0.22730124468002721,0.31753221720339286,0.6156935095787048,0.5848791599273682,0.08910886943340302
Face,Face_full_zero,23456,678,0.04964245485330562,0.29063025030655776,0.7708891034126282,0.5214026570320129,0.15059995651245117
Face,Face_full_zero,23456,708,0.005516491937522343,0.1546426219149905,0.8061730861663818,0.5974797606468201,0.4264087378978729
Face,Face_full_zero,23456,756,-0.06626770810277588,0.4097023097228544,0.7279626727104187,0.46357569098472595,0.2374362051486969
Face,Face_full_zero,23456,762,0.09740016848887384,0.17247899884245288,0.6839220523834229,0.6723995208740234,0.5577412843704224
Face,Face_full_zero,23456,781,-0.12484524343673299,0.32430970971831413,0.7367265224456787,0.6369863748550415,0.29669010639190674
Face,Face_full_zero,23456,789,0.1871235884442195,0.233700263815143,0.6805799007415771,0.6284812092781067,0.272339403629303
Face,Face_full_zero,23456,817,0.13879472128751486,0.3253214057401864,0.8208380341529846,0.5927652716636658,0.16056635975837708
Face,Face_full_zero,23456,820,0.047484039051339556,0.3320504778486989,0.7054014801979065,0.4617046117782593,0.320412814617157
Face,Face_full_zero,23456,838,0.041912377159089756,0.29878730668658454,0.6954690217971802,0.646318256855011,0.1519928276538849
Face,Face_full_zero,23456,877,0.0332962861014441,0.17884170026863014,0.7377606630325317,0.7816094756126404,0.8103283047676086
Face,Face_full_zero,23456,887,0.13583084090342676,0.2252319804648575,0.68965083360672,0.6908771991729736,0.2135862112045288
Face,Face_full_zero,23456,973,0.13956811195359983,0.32831053014533407,0.6736553311347961,0.5592338442802429,0.28633981943130493
Face,Face_random_full_01_zero,23456,1,-0.11140053231029895,0.17077769375761037,0.6631812453269958,0.707366406917572,0.5177000164985657
Face,Face_random_full_01_zero,23456,16,-0.25032214774047196,0.24460278393752502,0.6793932318687439,0.27339309453964233,0.03856448084115982
Face,Face_random_full_01_zero,23456,20,0.15017889049634156,0.30436583676944157,0.6663260459899902,0.7081267237663269,0.49660390615463257
Face,Face_random_full_01_zero,23456,51,0.29622493102417624,0.30215074197323516,0.6980780363082886,0.44582146406173706,0.013411198742687702
Face,Face_random_full_01_zero,23456,77,-0.14335495190235437,0.22544464723246113,0.7035408020019531,0.4559677243232727,-0.007060530595481396
Face,Face_random_full_01_zero,23456,135,0.11135413762076672,0.34653801109728755,0.7050378322601318,0.6420099139213562,0.19837810099124908
Face,Face_random_full_01_zero,23456,158,-0.257646030982144,0.23749779373232166,0.8032339811325073,0.49968674778938293,0.24753615260124207
Face,Face_random_full_01_zero,23456,177,-0.04336593104720451,0.40981914357090515,0.7393880486488342,0.7177891731262207,0.18820536136627197
Face,Face_random_full_01_zero,23456,188,-0.1185979868607261,0.4646054328645896,0.8082156181335449,0.37396371364593506,-0.03409472852945328
Face,Face_random_full_01_zero,23456,218,0.08711140730766512,0.16741326204065132,0.7061188220977783,0.40710094571113586,0.12118014693260193
Face,Face_random_full_01_zero,23456,287,-0.06495971770507025,0.32841636266324814,0.6773256063461304,0.5038061141967773,0.1333940476179123
Face,Face_random_full_01_zero,23456,292,0.010795876150837186,0.2848296835417758,0.689000129699707,0.35682666301727295,0.16682779788970947
Face,Face_random_full_01_zero,23456,295,-0.23206762514478346,0.4095203098341454,0.7439467906951904,0.2861102521419525,0.045424193143844604
Face,Face_random_full_01_zero,23456,340,0.03486352622229074,0.20502527278005575,0.675193190574646,0.46923255920410156,0.3154796063899994
Face,Face_random_full_01_zero,23456,375,-0.04322699688834297,0.11801124188147274,0.9197601675987244,0.5555883646011353,0.03572561591863632
Face,Face_random_full_01_zero,23456,384,0.23477277813185013,0.27972963786181326,0.7606704235076904,0.6807379126548767,0.48504364490509033
Face,Face_random_full_01_zero,23456,415,0.03444950981832079,0.5120378405111331,0.6019553542137146,0.7146990299224854,0.3338790535926819
Face,Face_random_full_01_zero,23456,434,0.22212967405731981,0.2377005659520874,0.6241259574890137,0.5626950263977051,0.41596519947052
Face,Face_random_full_01_zero,23456,465,-0.24877083488435708,0.25018663839262223,0.697432279586792,0.38843870162963867,0.19646471738815308
Face,Face_random_full_01_zero,23456,498,-0.10890304241534768,0.3580101229767407,0.7185958623886108,0.5594474077224731,0.6249305009841919
Face,Face_random_full_01_zero,23456,507,-0.07669996529271683,0.42527868674006986,0.7755914330482483,0.49650633335113525,0.15759024024009705
Face,Face_random_full_01_zero,23456,529,0.14050905651185402,0.4354516605532617,0.6227467656135559,0.6640905141830444,0.3712948262691498
Face,Face_random_full_01_zero,23456,561,0.24923489708790117,0.19623426093735752,0.6483819484710693,0.45754384994506836,0.17098301649093628
Face,Face_random_full_01_zero,23456,588,0.09043493531978422,0.19438347479962415,0.7227319478988647,0.45331722497940063,0.05642099678516388
Face,Face_random_full_01_zero,23456,606,0.21869634536730395,0.3152833503319182,0.6174911260604858,0.5682821273803711,0.24341744184494019
Face,Face_random_full_01_zero,23456,678,0.04600430827000156,0.2800498286983609,0.764323890209198,0.4947595000267029,0.13218000531196594
Face,Face_random_full_01_zero,23456,708,0.0030099556543807084,0.15791491677781513,0.8090304136276245,0.6963071823120117,0.36090749502182007
Face,Face_random_full_01_zero,23456,756,-0.07953539234208311,0.4085041786939755,0.7014485597610474,0.527418315410614,0.22926515340805054
Face,Face_random_full_01_zero,23456,762,0.10141414760617722,0.17113341284478115,0.6869591474533081,0.6532077789306641,0.5339706540107727
Face,Face_random_full_01_zero,23456,781,-0.09496583524261462,0.33514493865895884,0.7432829141616821,0.6519755125045776,0.3232544958591461
Face,Face_random_full_01_zero,23456,789,0.1872548260303552,0.23055454649371912,0.671220600605011,0.6542174816131592,0.25864750146865845
Face,Face_random_full_01_zero,23456,817,0.13831189009413275,0.3267252093914141,0.8261164426803589,0.5841134786605835,0.1493077576160431
Face,Face_random_full_01_zero,23456,820,0.04463855105780401,0.33853096736779836,0.7137727737426758,0.4608060121536255,0.27077847719192505
Face,Face_random_full_01_zero,23456,838,0.033410033853398566,0.30323426614985405,0.6924105882644653,0.596472978591919,0.10679574310779572
Face,Face_random_full_01_zero,23456,877,0.03634837487812812,0.1769993567468907,0.7278894186019897,0.7881315350532532,0.8046112656593323
Face,Face_random_full_01_zero,23456,887,0.1275047285652119,0.22529070816294577,0.6828089952468872,0.6362563371658325,0.17205680906772614
Face,Face_random_full_01_zero,23456,973,0.1400179572815151,0.31879616601876226,0.6883131861686707,0.5627961754798889,0.2453545778989792
Face,Face_random_full_02_zero,23456,1,-0.1056087885667665,0.17665161849985403,0.6509610414505005,0.7206097841262817,0.44024550914764404
Face,Face_random_full_02_zero,23456,16,-0.25931098326074614,0.2354249443409427,0.666897177696228,0.23709793388843536,0.034238025546073914
Face,Face_random_full_02_zero,23456,20,0.19034725177050277,0.27630848416951576,0.6325140595436096,0.7191244959831238,0.45568376779556274
Face,Face_random_full_02_zero,23456,51,0.2761991650516251,0.30003117138523144,0.7059792280197144,0.430827796459198,0.010564937256276608
Face,Face_random_full_02_zero,23456,77,-0.14422698357327182,0.2079967763462169,0.7032718658447266,0.4902496039867401,-0.01603582128882408
Face,Face_random_full_02_zero,23456,135,0.07957182920046217,0.39116321335912546,0.681912362575531,0.6421165466308594,0.3041233718395233
Face,Face_random_full_02_zero,23456,158,-0.25011092129570983,0.23531931072353132,0.8234062194824219,0.5224260687828064,0.2794417440891266
Face,Face_random_full_02_zero,23456,177,-0.0007223031339191401,0.3578411274922529,0.7366025447845459,0.6679474115371704,0.2912563681602478
Face,Face_random_full_02_zero,23456,188,-0.11094671472382579,0.46483523494716067,0.8047971725463867,0.38683444261550903,0.010401269420981407
Face,Face_random_full_02_zero,23456,218,0.06745394747796803,0.1695804818054433,0.7196512222290039,0.28135189414024353,0.0449967086315155
Face,Face_random_full_02_zero,23456,287,-0.06717549592450552,0.32215580902841007,0.6883254051208496,0.5282294750213623,0.16356664896011353
Face,Face_random_full_02_zero,23456,292,0.0072287838522838935,0.27240856201869124,0.6980332136154175,0.5402474403381348,0.17327532172203064
Face,Face_random_full_02_zero,23456,295,-0.23006412284204028,0.43611518995872456,0.7236672043800354,0.27592986822128296,0.04983105510473251
Face,Face_random_full_02_zero,23456,340,0.037603641028539705,0.19893341645340748,0.6796164512634277,0.42842572927474976,0.3022501468658447
Face,Face_random_full_02_zero,23456,375,-0.040647839662768824,0.11813382230859051,0.8828243017196655,0.549866795539856,0.03287196531891823
Face,Face_random_full_02_zero,23456,384,0.24647635138597163,0.2734964117600506,0.7559670805931091,0.6910920739173889,0.485624223947525
Face,Face_random_full_02_zero,23456,415,-0.0028371007399837856,0.47835112520725004,0.5741283893585205,0.6621935367584229,0.41541194915771484
Face,Face_random_full_02_zero,23456,434,0.21097187462212033,0.23523236810993478,0.6219561100006104,0.6167713403701782,0.2654941976070404
Face,Face_random_full_02_zero,23456,465,-0.253043892336007,0.25176474808471344,0.6960739493370056,0.3879164159297943,0.20582899451255798
Face,Face_random_full_02_zero,23456,498,-0.08252118985368796,0.36037477442151045,0.6929344534873962,0.4926101267337799,0.1641029417514801
Face,Face_random_full_02_zero,23456,507,-0.09242735402211945,0.39079576429140467,0.7838347554206848,0.500430703163147,0.23812250792980194
Face,Face_random_full_02_zero,23456,529,0.11177662374303392,0.44409582043826706,0.6157360672950745,0.6306166648864746,0.33065152168273926
Face,Face_random_full_02_zero,23456,561,0.25511603495695806,0.18633293819676297,0.6536160707473755,0.47969380021095276,0.17406043410301208
Face,Face_random_full_02_zero,23456,588,0.10652942390231268,0.19468353067207858,0.719884991645813,0.47868862748146057,0.08529287576675415
Face,Face_random_full_02_zero,23456,606,0.22073613159758762,0.32777621738017926,0.6114562749862671,0.5757932662963867,0.22116440534591675
Face,Face_random_full_02_zero,23456,678,0.0411410890761055,0.28535762190844277,0.7833734154701233,0.5514870882034302,0.14495109021663666
Face,Face_random_full_02_zero,23456,708,-0.005943351110493167,0.16129650811853435,0.8051156997680664,0.6556140780448914,0.32200437784194946
Face,Face_random_full_02_zero,23456,756,-0.13664205481079666,0.3915992319405545,0.7031574249267578,0.4873296320438385,0.23803609609603882
Face,Face_random_full_02_zero,23456,762,0.10663478601239558,0.17679781155282354,0.7053877711296082,0.6978204250335693,0.5030837059020996
Face,Face_random_full_02_zero,23456,781,-0.1264921783582215,0.3403078309789253,0.739506185054779,0.6818995475769043,0.22269241511821747
Face,Face_random_full_02_zero,23456,789,0.18824730568121606,0.23257192650349034,0.6756026744842529,0.5636728405952454,0.260925829410553
Face,Face_random_full_02_zero,23456,817,0.14032901807159287,0.3292192309614639,0.8242462873458862,0.5941060781478882,0.12412012368440628
Face,Face_random_full_02_zero,23456,820,0.03272205342768869,0.33667878755342867,0.7285146713256836,0.4918811619281769,0.28516885638237
Face,Face_random_full_02_zero,23456,838,0.041798784479261795,0.2993777281595623,0.7076907753944397,0.6177520751953125,0.15386876463890076
Face,Face_random_full_02_zero,23456,877,0.018002241066118033,0.17764304892665406,0.7407774925231934,0.7881784439086914,0.811453640460968
Face,Face_random_full_02_zero,23456,887,0.13100546910951746,0.23027496324857533,0.7293257713317871,0.75609290599823,0.28252267837524414
Face,Face_random_full_02_zero,23456,973,0.14423550517327888,0.33447098489659893,0.6734824180603027,0.6119444370269775,0.19222304224967957
Face,Face_random_full_03_zero,23456,1,-0.11499754263782208,0.16990269505134176,0.6586939096450806,0.6981297731399536,0.44170716404914856
Face,Face_random_full_03_zero,23456,16,-0.2581508390062068,0.23745413226475404,0.6923131942749023,0.30135005712509155,0.014976771548390388
Face,Face_random_full_03_zero,23456,20,0.18213186156000322,0.2831155847525943,0.6422555446624756,0.6588789224624634,0.4397892951965332
Face,Face_random_full_03_zero,23456,51,0.3192300409342166,0.3061589256609613,0.7063968181610107,0.48494601249694824,0.04441721364855766
Face,Face_random_full_03_zero,23456,77,-0.1418718398089102,0.22543512368919993,0.6959360241889954,0.46762755513191223,0.007194763980805874
Face,Face_random_full_03_zero,23456,135,0.09083956165394652,0.3868836610114675,0.717860758304596,0.6102766990661621,0.3975426256656647
Face,Face_random_full_03_zero,23456,158,-0.2687512218582381,0.23294565820369548,0.8172913789749146,0.508548378944397,0.25538453459739685
Face,Face_random_full_03_zero,23456,177,0.011293303278207293,0.3575900464226978,0.7376198768615723,0.663347601890564,0.31683552265167236
Face,Face_random_full_03_zero,23456,188,-0.10579925172799574,0.46582045085826795,0.8087184429168701,0.37393999099731445,-0.004957536235451698
Face,Face_random_full_03_zero,23456,218,0.07244059250268929,0.16018707087990605,0.7026105523109436,0.30841025710105896,0.06506634503602982
Face,Face_random_full_03_zero,23456,287,-0.06213660245605453,0.32997911589599177,0.6828125715255737,0.5149087309837341,0.1370689570903778
Face,Face_random_full_03_zero,23456,292,0.002726021103464563,0.28314232379283955,0.7013092637062073,0.470966637134552,0.19667918980121613
Face,Face_random_full_03_zero,23456,295,-0.25901398174482393,0.4302761071011818,0.719464123249054,0.23517176508903503,0.022801674902439117
Face,Face_random_full_03_zero,23456,340,0.032921967335544505,0.21062329320696613,0.6699166297912598,0.5113009810447693,0.2814403772354126
Face,Face_random_full_03_zero,23456,375,-0.041674206898923115,0.116202731861991,0.9037367105484009,0.5642228126525879,0.020012976601719856
Face,Face_random_full_03_zero,23456,384,0.3134530234687075,0.29745922658516655,0.7033975720405579,0.8601557612419128,0.665529727935791
Face,Face_random_full_03_zero,23456,415,-0.045562115981872035,0.4922061609953124,0.5753818154335022,0.6228949427604675,0.43547728657722473
Face,Face_random_full_03_zero,23456,434,0.21322390161960916,0.23608033409677534,0.6278400421142578,0.5679007768630981,0.21200233697891235
Face,Face_random_full_03_zero,23456,465,-0.2682712389817514,0.2502066139675331,0.6891545057296753,0.3854253888130188,0.19080832600593567
Face,Face_random_full_03_zero,23456,498,-0.10439110481670011,0.3548128576090016,0.7169176340103149,0.5403426885604858,0.6044116020202637
Face,Face_random_full_03_zero,23456,507,-0.05225938037208897,0.418070193961948,0.7934103608131409,0.4808223247528076,0.1131611317396164
Face,Face_random_full_03_zero,23456,529,0.1490407469424757,0.43997990651218244,0.6234766244888306,0.6955914497375488,0.3857691287994385
Face,Face_random_full_03_zero,23456,561,0.24853376474161182,0.19295037636914839,0.6463016271591187,0.4561365842819214,0.2478163242340088
Face,Face_random_full_03_zero,23456,588,0.09373227899874775,0.1951117847410447,0.7280104756355286,0.4152597188949585,0.05973610281944275
Face,Face_random_full_03_zero,23456,606,0.22267323039099113,0.32401078805594224,0.622171938419342,0.5695382952690125,0.13215294480323792
Face,Face_random_full_03_zero,23456,678,0.041137867199599595,0.296254909596392,0.7753857374191284,0.5462720394134521,0.13741852343082428
Face,Face_random_full_03_zero,23456,708,0.018117963189026993,0.16674523173597985,0.8029749393463135,0.6958516836166382,0.2936955988407135
Face,Face_random_full_03_zero,23456,756,-0.061402205406559635,0.4149266934633651,0.716873049736023,0.47964969277381897,0.22787505388259888
Face,Face_random_full_03_zero,23456,762,0.10577227168555797,0.1693553413703744,0.6863121390342712,0.6990736722946167,0.5483112335205078
Face,Face_random_full_03_zero,23456,781,-0.11415604144428326,0.3129751320895978,0.7406696677207947,0.6144437789916992,0.3133153021335602
Face,Face_random_full_03_zero,23456,789,0.1905025148995961,0.23042485099997412,0.6789335012435913,0.6090179681777954,0.22151446342468262
Face,Face_random_full_03_zero,23456,817,0.1364968867994372,0.33267797966344353,0.8269879817962646,0.6005080938339233,0.15468844771385193
Face,Face_random_full_03_zero,23456,820,0.04891072137155962,0.34737926912749567,0.696309506893158,0.5124973058700562,0.3763866722583771
Face,Face_random_full_03_zero,23456,838,0.04311796155805526,0.30221951089924737,0.7001195549964905,0.6514776945114136,0.15334901213645935
Face,Face_random_full_03_zero,23456,877,0.017427303338389124,0.17375509381092674,0.7410465478897095,0.7846221327781677,0.8024876117706299
Face,Face_random_full_03_zero,23456,887,0.11084490929762038,0.22504419163044237,0.7141690254211426,0.41654732823371887,0.1862592250108719
Face,Face_random_full_03_zero,23456,973,0.1350970508931366,0.3294453415905974,0.6751630306243896,0.5708359479904175,0.28127434849739075
Face,Face_random_full_04_zero,23456,1,-0.11516017290003752,0.16961010703261026,0.6672796010971069,0.7015011310577393,0.45414578914642334
Face,Face_random_full_04_zero,23456,16,-0.25157355298899653,0.2450072616886022,0.6923732161521912,0.3222307562828064,0.026146357879042625
Face,Face_random_full_04_zero,23456,20,0.18381441895866063,0.2906865623463928,0.6282200217247009,0.6963545083999634,0.47235697507858276
Face,Face_random_full_04_zero,23456,51,0.3064576859817076,0.3036740659495807,0.7027378678321838,0.4459804892539978,0.0042791180312633514
Face,Face_random_full_04_zero,23456,77,-0.13738532545890358,0.2234545711708736,0.6981891393661499,0.4501378536224365,0.0034923460334539413
Face,Face_random_full_04_zero,23456,135,0.07970295822978656,0.38221423277748107,0.6824309825897217,0.6607546806335449,0.32966941595077515
Face,Face_random_full_04_zero,23456,158,-0.2553183993144497,0.2399708530489848,0.8049895763397217,0.4855230748653412,0.2827723026275635
Face,Face_random_full_04_zero,23456,177,-0.009934940111974652,0.35449112101962504,0.7337265610694885,0.6374078989028931,0.2491568624973297
Face,Face_random_full_04_zero,23456,188,-0.10770436384829839,0.4654183755526732,0.8043766617774963,0.38443896174430847,-0.001480146311223507
Face,Face_random_full_04_zero,23456,218,0.05763647656638835,0.1609207291222384,0.7150877714157104,0.2372465431690216,0.004398934077471495
Face,Face_random_full_04_zero,23456,287,-0.07760775352346623,0.3154790484810163,0.6828306317329407,0.5324403047561646,0.12661106884479523
Face,Face_random_full_04_zero,23456,292,-0.003510010754746468,0.293510281218357,0.7065773606300354,0.5148695111274719,0.1866045892238617
Face,Face_random_full_04_zero,23456,295,-0.23333579329369886,0.4496250991667328,0.7283729910850525,0.31934094429016113,0.2045498788356781
Face,Face_random_full_04_zero,23456,340,0.0331855358165481,0.20782076310300826,0.6755799055099487,0.4255717992782593,0.3000982105731964
Face,Face_random_full_04_zero,23456,375,-0.040468181416867234,0.11777357181950923,0.8979018330574036,0.5541497468948364,0.023620661348104477
Face,Face_random_full_04_zero,23456,384,0.24398575417654533,0.28239789134855087,0.7557159662246704,0.6912030577659607,0.4934260845184326
Face,Face_random_full_04_zero,23456,415,-0.022255472645060868,0.4728148327723565,0.5751835703849792,0.6074974536895752,0.4475409984588623
Face,Face_random_full_04_zero,23456,434,0.21841212488384934,0.23335407582933096,0.6190797090530396,0.5491055250167847,0.2967504858970642
Face,Face_random_full_04_zero,23456,465,-0.24847278376856557,0.2370489990573438,0.7142980098724365,0.4282248616218567,0.24242593348026276
Face,Face_random_full_04_zero,23456,498,-0.09595929713262039,0.3612228887773113,0.7009941339492798,0.6820583343505859,0.635425865650177
Face,Face_random_full_04_zero,23456,507,-0.08738085686712123,0.4173365767284146,0.78836989402771,0.49729329347610474,0.21117562055587769
Face,Face_random_full_04_zero,23456,529,0.14539074937459,0.43931632198366966,0.6185122132301331,0.6843060255050659,0.360403835773468
Face,Face_random_full_04_zero,23456,561,0.2501553354791844,0.1949747282656722,0.6429166197776794,0.43788421154022217,0.29554620385169983
Face,Face_random_full_04_zero,23456,588,0.10165117492042654,0.1949696672953784,0.7296905517578125,0.49747908115386963,0.06633716076612473
Face,Face_random_full_04_zero,23456,606,0.22485084208219522,0.3253898466962778,0.6118508577346802,0.6079260110855103,0.21985377371311188
Face,Face_random_full_04_zero,23456,678,0.05603803315180208,0.2814386814691094,0.7809453010559082,0.5165820121765137,0.15265122056007385
Face,Face_random_full_04_zero,23456,708,0.0006459643552699048,0.16025913010196666,0.8019106388092041,0.7103404402732849,0.32075566053390503
Face,Face_random_full_04_zero,23456,756,-0.07760024499638744,0.40106026265549144,0.6972055435180664,0.49036628007888794,0.18833404779434204
Face,Face_random_full_04_zero,23456,762,0.10189017324932585,0.17048858284931304,0.6908175945281982,0.659371018409729,0.5559735298156738
Face,Face_random_full_04_zero,23456,781,-0.1257549711374396,0.3370900047487378,0.7410138845443726,0.6423984169960022,0.3000369071960449
Face,Face_random_full_04_zero,23456,789,0.20275411079379982,0.2327512504487631,0.7039760947227478,0.6384835243225098,0.2619870901107788
Face,Face_random_full_04_zero,23456,817,0.1371578035605262,0.32398804376117335,0.8210767507553101,0.5869855284690857,0.14030304551124573
Face,Face_random_full_04_zero,23456,820,0.03978247072719174,0.3408825775645531,0.7180818915367126,0.472834050655365,0.2811838388442993
Face,Face_random_full_04_zero,23456,838,0.04294838032535971,0.304970790217964,0.6974385380744934,0.6212818622589111,0.11771190166473389
Face,Face_random_full_04_zero,23456,877,0.020121707498308,0.18068614781172063,0.727118194103241,0.7831273078918457,0.8036776781082153
Face,Face_random_full_04_zero,23456,887,0.12573678751832928,0.23032790238473075,0.7198956608772278,0.7411341667175293,0.254263311624527
Face,Face_random_full_04_zero,23456,973,0.12398187828326598,0.32165704059859834,0.6660616397857666,0.5249476432800293,0.22101928293704987
Face,Face_random_full_05_zero,23456,1,-0.10835854120452289,0.1699583066635558,0.6496453881263733,0.6964517831802368,0.4158959686756134
Face,Face_random_full_05_zero,23456,16,-0.237557072583457,0.24266064564832027,0.6869121789932251,0.3156919479370117,0.013073375448584557
Face,Face_random_full_05_zero,23456,20,0.1268068262937909,0.2837841488946211,0.6643722057342529,0.7524139881134033,0.5000532269477844
Face,Face_random_full_05_zero,23456,51,0.30359425107238763,0.3036193763689633,0.7002720832824707,0.4353489279747009,0.0419817790389061
Face,Face_random_full_05_zero,23456,77,-0.14559923761667673,0.22883955679883955,0.7008073925971985,0.4600813388824463,-0.0010226760059595108
Face,Face_random_full_05_zero,23456,135,0.0918086673559471,0.3820518523512436,0.6758536100387573,0.6705411076545715,0.3414176404476166
Face,Face_random_full_05_zero,23456,158,-0.2578937426108196,0.23629182638763255,0.8080822229385376,0.5040997266769409,0.297288715839386
Face,Face_random_full_05_zero,23456,177,0.011552544401022661,0.3561239373805948,0.7384985089302063,0.6330398321151733,0.2724388539791107
Face,Face_random_full_05_zero,23456,188,-0.1133242934375281,0.46505792333469304,0.810086190700531,0.36375248432159424,-0.025587813928723335
Face,Face_random_full_05_zero,23456,218,0.10479844487571219,0.16894743367966297,0.7434438467025757,0.523505687713623,0.16561968624591827
Face,Face_random_full_05_zero,23456,287,-0.08512490560346965,0.3115436967606047,0.6797011494636536,0.5221394896507263,0.11707158386707306
Face,Face_random_full_05_zero,23456,292,-0.010788784300935403,0.28273263625342,0.7048287987709045,0.4153747260570526,0.1802072823047638
Face,Face_random_full_05_zero,23456,295,-0.2682976794654366,0.4229405058391079,0.743071436882019,0.2166024148464203,0.029593776911497116
Face,Face_random_full_05_zero,23456,340,0.036554698919649985,0.20354427745630624,0.6785292029380798,0.44266778230667114,0.3688737750053406
Face,Face_random_full_05_zero,23456,375,-0.04913763375337057,0.11815248646693173,0.9092404842376709,0.5578980445861816,0.03722568601369858
Face,Face_random_full_05_zero,23456,384,0.23225553024460932,0.26434908883109476,0.7610665559768677,0.6665143370628357,0.48083436489105225
Face,Face_random_full_05_zero,23456,415,0.04120645268225039,0.5251440610776844,0.6095518469810486,0.6424068212509155,0.2762804925441742
Face,Face_random_full_05_zero,23456,434,0.21519561053410985,0.23756125129003103,0.6221137046813965,0.5834351778030396,0.3443550765514374
Face,Face_random_full_05_zero,23456,465,-0.26613854356964867,0.24968213217259602,0.6952967047691345,0.3906889259815216,0.15096837282180786
Face,Face_random_full_05_zero,23456,498,-0.11064231068913474,0.36712471677212805,0.7052370309829712,0.5182877779006958,0.43251752853393555
Face,Face_random_full_05_zero,23456,507,-0.09601140963346151,0.4206909019927686,0.775303840637207,0.5001252293586731,0.1730581521987915
Face,Face_random_full_05_zero,23456,529,0.14162606248474735,0.4379443685387515,0.6195824146270752,0.6718020439147949,0.3471537232398987
Face,Face_random_full_05_zero,23456,561,0.2524892984834764,0.18954212681043114,0.6438387632369995,0.4645565152168274,0.29476651549339294
Face,Face_random_full_05_zero,23456,588,0.08955503748802805,0.1962476281631758,0.7255139946937561,0.4702884256839752,0.06273724138736725
Face,Face_random_full_05_zero,23456,606,0.22151962466514713,0.31326504610106337,0.6147009134292603,0.6090903282165527,0.07538635283708572
Face,Face_random_full_05_zero,23456,678,0.04470557145026506,0.2908414306766127,0.7788017988204956,0.5541282296180725,0.14772042632102966
Face,Face_random_full_05_zero,23456,708,0.0014012925072885876,0.1592232849288959,0.8050580620765686,0.6500469446182251,0.3617056906223297
Face,Face_random_full_05_zero,23456,756,-0.08265373626361468,0.40714008441646043,0.7006663084030151,0.527568519115448,0.2162872552871704
Face,Face_random_full_05_zero,23456,762,0.10474318066297728,0.16777048292239366,0.6843622326850891,0.677386999130249,0.531641960144043
Face,Face_random_full_05_zero,23456,781,-0.11301214416016932,0.3314484223364142,0.7379518151283264,0.6664659976959229,0.2109975814819336
Face,Face_random_full_05_zero,23456,789,0.19052091092248621,0.23266428650483553,0.6892204284667969,0.6353951096534729,0.19988857209682465
Face,Face_random_full_05_zero,23456,817,0.12025670659544371,0.3322009961353116,0.8318942785263062,0.5713180899620056,0.12195559591054916
Face,Face_random_full_05_zero,23456,820,0.04947173137461513,0.3381160734765446,0.7052510976791382,0.5208455920219421,0.369989812374115
Face,Face_random_full_05_zero,23456,838,0.04351658733209715,0.3040529171192893,0.7057915329933167,0.6342630982398987,0.16570667922496796
Face,Face_random_full_05_zero,23456,877,0.023530049083893022,0.17740983360940238,0.7288603782653809,0.7875627875328064,0.8006812334060669
Face,Face_random_full_05_zero,23456,887,0.11390965014839657,0.2259319062450216,0.7176909446716309,0.6177408695220947,0.26321297883987427
Face,Face_random_full_05_zero,23456,973,0.12527784924356505,0.3217407762314709,0.6810741424560547,0.573974072933197,0.27024298906326294
Face,no_mask,23456,1,-0.11476644064249837,0.1690242643769176,0.6580405831336975,0.7100268602371216,0.4602191746234894
Face,no_mask,23456,16,-0.2569221893115044,0.24259876884287565,0.7021023035049438,0.30881768465042114,0.024456534534692764
Face,no_mask,23456,20,0.15157159674181664,0.27471437609564175,0.6433501243591309,0.7496058940887451,0.46144047379493713
Face,no_mask,23456,51,0.30538520504581845,0.2957821103232922,0.6921014785766602,0.4428025186061859,-0.00845783855766058
Face,no_mask,23456,77,-0.14191125356728457,0.22433477836055102,0.7022069096565247,0.4622373878955841,-0.00813530944287777
Face,no_mask,23456,135,0.14423749377929876,0.39600042755420267,0.7174974083900452,0.5484940409660339,0.36094939708709717
Face,no_mask,23456,158,-0.2645626987065635,0.23453994373165474,0.8145337104797363,0.5096158981323242,0.2761399745941162
Face,no_mask,23456,177,0.01072325169862659,0.35739888017158367,0.73805832862854,0.6558786630630493,0.30933326482772827
Face,no_mask,23456,188,-0.10885448150351884,0.465508612861614,0.8078762292861938,0.3782976567745209,0.00602728221565485
Face,no_mask,23456,218,0.06900546894420231,0.16537844219830594,0.714582085609436,0.39641106128692627,0.12756964564323425
Face,no_mask,23456,287,-0.08487783253015832,0.31233976606333375,0.6842281818389893,0.49249550700187683,0.10300669074058533
Face,no_mask,23456,292,0.004968587852311689,0.2765512002687273,0.7032898664474487,0.5203607082366943,0.17433464527130127
Face,no_mask,23456,295,-0.24204612686841354,0.4104511684944815,0.7587060928344727,0.33443570137023926,0.056447483599185944
Face,no_mask,23456,340,0.03350432815912351,0.21113616335271868,0.6707050204277039,0.47606244683265686,0.32801979780197144
Face,no_mask,23456,375,-0.039865723675565345,0.11772990833071793,0.8963269591331482,0.554909348487854,0.024099186062812805
Face,no_mask,23456,384,0.24326992837085837,0.2792134023253621,0.7580951452255249,0.6878425478935242,0.4887773394584656
Face,no_mask,23456,415,-0.05509911849476637,0.4838711655406093,0.5655245184898376,0.635386049747467,0.2715051770210266
Face,no_mask,23456,434,0.21999179207973893,0.23667577551796512,0.6274215579032898,0.5803086757659912,0.278598815202713
Face,no_mask,23456,465,-0.26185180566849175,0.25376635526277724,0.6909180879592896,0.41752874851226807,0.1900542676448822
Face,no_mask,23456,498,-0.09827080276343417,0.36302959292950704,0.6971680521965027,0.4975941777229309,0.4112839102745056
Face,no_mask,23456,507,-0.08830763713841198,0.42238484911767316,0.7832732200622559,0.49146634340286255,0.1752796322107315
Face,no_mask,23456,529,0.14550764545799072,0.43534017901303834,0.6264057159423828,0.7014991044998169,0.3746722340583801
Face,no_mask,23456,561,0.2496090172168845,0.18600652560642025,0.6463881731033325,0.49004480242729187,0.2567881941795349
Face,no_mask,23456,588,0.09252975020090766,0.1969034294157411,0.7208109498023987,0.4504907727241516,0.04549611359834671
Face,no_mask,23456,606,0.22353276182124987,0.3238223793197822,0.6165356040000916,0.527836799621582,0.09381529688835144
Face,no_mask,23456,678,0.04959864324485696,0.29347765323560093,0.768110454082489,0.5415685176849365,0.13832780718803406
Face,no_mask,23456,708,0.002005270720972045,0.154315807829144,0.8123711943626404,0.5944526195526123,0.36485540866851807
Face,no_mask,23456,756,-0.0652215300155944,0.40611404899262865,0.7263004779815674,0.4964861273765564,0.23267985880374908
Face,no_mask,23456,762,0.09709325523855605,0.1708951331728269,0.6789796948432922,0.6748756170272827,0.5576552152633667
Face,no_mask,23456,781,-0.12073069703006295,0.33955207183906744,0.7394054532051086,0.63075190782547,0.24746230244636536
Face,no_mask,23456,789,0.1927258194845411,0.23317832247288311,0.6788967847824097,0.6437875032424927,0.2255774736404419
Face,no_mask,23456,817,0.13770521667788593,0.3290948254665668,0.8206323981285095,0.5924438238143921,0.17577271163463593
Face,no_mask,23456,820,0.045180635617497515,0.34724322453470313,0.7016265988349915,0.4852737784385681,0.3636646866798401
Face,no_mask,23456,838,0.04108272778303398,0.3026708976945416,0.7041263580322266,0.6510021686553955,0.16391053795814514
Face,no_mask,23456,877,0.024574783892140163,0.17695330937381726,0.7388306260108948,0.8012272715568542,0.8124334216117859
Face,no_mask,23456,887,0.10499220172241594,0.22249950848823416,0.7051870822906494,0.49735406041145325,0.13058026134967804
Face,no_mask,23456,973,0.1364344935711245,0.3291750528902449,0.6767652630805969,0.5598869919776917,0.29775363206863403
Face,no_mask_repeat,23456,1,-0.11476644064249837,0.1690242643769176,0.6580405831336975,0.7100268602371216,0.4602191746234894
Face,no_mask_repeat,23456,16,-0.2569221893115044,0.24259876884287565,0.7021023035049438,0.30881768465042114,0.024456534534692764
Face,no_mask_repeat,23456,20,0.15157159674181664,0.27471437609564175,0.6433501243591309,0.7496058940887451,0.46144047379493713
Face,no_mask_repeat,23456,51,0.30538520504581845,0.2957821103232922,0.6921014785766602,0.4428025186061859,-0.00845783855766058
Face,no_mask_repeat,23456,77,-0.14191125356728457,0.22433477836055102,0.7022069096565247,0.4622373878955841,-0.00813530944287777
Face,no_mask_repeat,23456,135,0.14423749377929876,0.39600042755420267,0.7174974083900452,0.5484940409660339,0.36094939708709717
Face,no_mask_repeat,23456,158,-0.2645626987065635,0.23453994373165474,0.8145337104797363,0.5096158981323242,0.2761399745941162
Face,no_mask_repeat,23456,177,0.01072325169862659,0.35739888017158367,0.73805832862854,0.6558786630630493,0.30933326482772827
Face,no_mask_repeat,23456,188,-0.10885448150351884,0.465508612861614,0.8078761696815491,0.3782976567745209,0.00602728221565485
Face,no_mask_repeat,23456,218,0.06900546894420231,0.16537844219830594,0.7145820260047913,0.39641106128692627,0.12756964564323425
Face,no_mask_repeat,23456,287,-0.08487783253015832,0.31233976606333375,0.6842281818389893,0.49249550700187683,0.10300669074058533
Face,no_mask_repeat,23456,292,0.004968587852311689,0.2765512002687273,0.7032899260520935,0.5203607082366943,0.17433464527130127
Face,no_mask_repeat,23456,295,-0.24204612686841354,0.4104511684944815,0.7587060928344727,0.33443570137023926,0.056447483599185944
Face,no_mask_repeat,23456,340,0.03350432815912351,0.21113616335271868,0.6707050204277039,0.47606244683265686,0.32801979780197144
Face,no_mask_repeat,23456,375,-0.039865723675565345,0.11772990833071793,0.8963269591331482,0.554909348487854,0.024099186062812805
Face,no_mask_repeat,23456,384,0.24326992837085837,0.2792134023253621,0.7580952048301697,0.6878425478935242,0.4887773394584656
Face,no_mask_repeat,23456,415,-0.05509911849476637,0.4838711655406093,0.5655245184898376,0.635386049747467,0.2715051770210266
Face,no_mask_repeat,23456,434,0.21999179207973893,0.23667577551796512,0.6274215579032898,0.5803086757659912,0.278598815202713
Face,no_mask_repeat,23456,465,-0.26185180566849175,0.25376635526277724,0.6909180879592896,0.41752874851226807,0.1900542676448822
Face,no_mask_repeat,23456,498,-0.09827080276343417,0.36302959292950704,0.6971680521965027,0.4975941777229309,0.4112839102745056
Face,no_mask_repeat,23456,507,-0.08830763713841198,0.42238484911767316,0.7832731604576111,0.49146634340286255,0.1752796322107315
Face,no_mask_repeat,23456,529,0.14550764545799072,0.43534017901303834,0.6264057159423828,0.7014991044998169,0.3746722340583801
Face,no_mask_repeat,23456,561,0.2496090172168845,0.18600652560642025,0.6463881731033325,0.49004480242729187,0.2567881941795349
Face,no_mask_repeat,23456,588,0.09252975020090766,0.1969034294157411,0.7208109498023987,0.4504907727241516,0.04549611359834671
Face,no_mask_repeat,23456,606,0.22353276182124987,0.3238223793197822,0.6165356040000916,0.527836799621582,0.09381529688835144
Face,no_mask_repeat,23456,678,0.04959864324485696,0.29347765323560093,0.768110454082489,0.5415685176849365,0.13832780718803406
Face,no_mask_repeat,23456,708,0.002005270720972045,0.154315807829144,0.8123711943626404,0.5944526195526123,0.36485540866851807
Face,no_mask_repeat,23456,756,-0.0652215300155944,0.40611404899262865,0.7263004779815674,0.4964861273765564,0.23267985880374908
Face,no_mask_repeat,23456,762,0.09709325523855605,0.1708951331728269,0.6789796948432922,0.6748756170272827,0.5576552152633667
Face,no_mask_repeat,23456,781,-0.12073069703006295,0.33955207183906744,0.7394054532051086,0.63075190782547,0.24746230244636536
Face,no_mask_repeat,23456,789,0.1927258194845411,0.23317832247288311,0.6788969039916992,0.6437875032424927,0.2255774736404419
Face,no_mask_repeat,23456,817,0.13770521667788593,0.3290948254665668,0.8206324577331543,0.5924438238143921,0.17577271163463593
Face,no_mask_repeat,23456,820,0.045180635617497515,0.34724322453470313,0.7016265392303467,0.4852737784385681,0.3636646866798401
Face,no_mask_repeat,23456,838,0.04108272778303398,0.3026708976945416,0.7041262984275818,0.6510021686553955,0.16391053795814514
Face,no_mask_repeat,23456,877,0.024574783892140163,0.17695330937381726,0.7388306260108948,0.8012272715568542,0.8124334216117859
Face,no_mask_repeat,23456,887,0.10499220172241594,0.22249950848823416,0.7051870822906494,0.49735406041145325,0.13058026134967804
Face,no_mask_repeat,23456,973,0.1364344935711245,0.3291750528902449,0.6767652630805969,0.5598869919776917,0.29775363206863403
Face,Body_unrelated_equal4_zero,34567,1,0.08822802459723689,0.2038016119780449,0.7067375779151917,0.699278712272644,0.48773321509361267
Face,Body_unrelated_equal4_zero,34567,16,-0.17264960359656834,0.20138098766370396,0.6751536130905151,0.3566817343235016,0.0326685830950737
Face,Body_unrelated_equal4_zero,34567,20,-0.03360229182804849,0.2241283342391875,0.5780596137046814,0.7152187824249268,0.48757481575012207
Face,Body_unrelated_equal4_zero,34567,51,-0.21898379900083245,0.2724410793568369,0.7628059983253479,0.40786296129226685,-0.008552229963243008
Face,Body_unrelated_equal4_zero,34567,77,-0.06778957276197668,0.23180713191826166,0.725616455078125,0.6304644346237183,0.19080688059329987
Face,Body_unrelated_equal4_zero,34567,135,-0.03788807944772823,0.46936037887910587,0.6544064283370972,0.5695293545722961,0.09025879204273224
Face,Body_unrelated_equal4_zero,34567,158,-0.16045868370870076,0.26667048567022894,0.7980990409851074,0.5144675970077515,0.33243289589881897
Face,Body_unrelated_equal4_zero,34567,177,0.26900943792283905,0.2518924567527025,0.6327466368675232,0.6169589757919312,0.15460534393787384
Face,Body_unrelated_equal4_zero,34567,188,0.01999570284769839,0.3452021169813349,0.7794239521026611,0.3545246720314026,0.04952611029148102
Face,Body_unrelated_equal4_zero,34567,218,0.09225780049082886,0.17269747847597594,0.7035671472549438,0.6884036064147949,0.4321123957633972
Face,Body_unrelated_equal4_zero,34567,287,-0.1323789091072372,0.28045018218424567,0.6961430311203003,0.5596985220909119,0.18253512680530548
Face,Body_unrelated_equal4_zero,34567,292,-0.1370777850635727,0.2328827036086056,0.7007793188095093,0.3552592098712921,0.029308566823601723
Face,Body_unrelated_equal4_zero,34567,295,-0.06253046200128821,0.42330547382751554,0.7218464016914368,0.5687190294265747,0.3001221716403961
Face,Body_unrelated_equal4_zero,34567,340,0.256159601723488,0.1985037236907567,0.6446539759635925,0.5790496468544006,0.3431180417537689
Face,Body_unrelated_equal4_zero,34567,375,-0.029786906090647127,0.12468668373603885,0.8364940881729126,0.5660385489463806,0.04534715414047241
Face,Body_unrelated_equal4_zero,34567,384,-0.20724408942243544,0.28917924093130265,0.8041101694107056,0.6607797145843506,0.37914544343948364
Face,Body_unrelated_equal4_zero,34567,415,0.05747864524520161,0.4104158656760273,0.6480637788772583,0.5712614059448242,0.08684138208627701
Face,Body_unrelated_equal4_zero,34567,434,-0.15303115499508504,0.2079353333341205,0.6311110854148865,0.5155539512634277,0.18666690587997437
Face,Body_unrelated_equal4_zero,34567,465,0.10532296077671936,0.2535290248098421,0.6406187415122986,0.42208078503608704,0.20118385553359985
Face,Body_unrelated_equal4_zero,34567,498,0.042159629038925985,0.32477642866182793,0.712287425994873,0.5312584638595581,0.17445321381092072
Face,Body_unrelated_equal4_zero,34567,507,-0.056907544908557296,0.39514300010905007,0.7503769993782043,0.5871375203132629,0.2567535936832428
Face,Body_unrelated_equal4_zero,34567,529,0.2563725260898392,0.3988311455282,0.683185338973999,0.6053475141525269,0.1558378040790558
Face,Body_unrelated_equal4_zero,34567,561,0.07533567654677971,0.1653931226122375,0.680732011795044,0.5110569596290588,0.38001367449760437
Face,Body_unrelated_equal4_zero,34567,588,0.025703999372875718,0.1614037609344515,0.7289870381355286,0.3942604660987854,0.020934702828526497
Face,Body_unrelated_equal4_zero,34567,606,0.11917554416141758,0.30314526136842024,0.6634922623634338,0.4279341995716095,0.03725875914096832
Face,Body_unrelated_equal4_zero,34567,678,0.03358255211934903,0.3546408297438544,0.7156648635864258,0.6313682794570923,0.2401498258113861
Face,Body_unrelated_equal4_zero,34567,708,-0.21557677168334305,0.2074914962730085,0.8240821957588196,0.6991568207740784,0.2685181200504303
Face,Body_unrelated_equal4_zero,34567,756,0.0014433264859123134,0.4783395815815516,0.7140752077102661,0.6350297927856445,0.3148723542690277
Face,Body_unrelated_equal4_zero,34567,762,-0.0470519052931572,0.2119752415698166,0.6582981944084167,0.6773756742477417,0.3310237526893616
Face,Body_unrelated_equal4_zero,34567,781,0.0041465732932987245,0.4437771156032222,0.6231083273887634,0.7840895652770996,0.2285386472940445
Face,Body_unrelated_equal4_zero,34567,789,0.07373491162813328,0.2193731117100183,0.6938172578811646,0.4285043776035309,0.10814988613128662
Face,Body_unrelated_equal4_zero,34567,817,0.13838883238145855,0.18044400606315186,0.788025975227356,0.7403393983840942,0.47620445489883423
Face,Body_unrelated_equal4_zero,34567,820,-0.11651654395931942,0.34390914284482227,0.692854106426239,0.3603263199329376,0.31890711188316345
Face,Body_unrelated_equal4_zero,34567,838,0.03351960927833735,0.30303395422829266,0.6948740482330322,0.5850450992584229,0.2750164866447449
Face,Body_unrelated_equal4_zero,34567,877,-0.08684386329487942,0.19964301823244796,0.7460170984268188,0.819366455078125,0.761935830116272
Face,Body_unrelated_equal4_zero,34567,887,0.08440095659638543,0.2032354580121871,0.6743017435073853,0.5790225863456726,0.11713613569736481
Face,Body_unrelated_equal4_zero,34567,973,0.09354218380315976,0.33371722136508425,0.7539382576942444,0.4968143403530121,0.17252373695373535
Face,Face_full_zero,34567,1,0.09312157031590239,0.21243410899126025,0.6697489023208618,0.7286089062690735,0.5152488946914673
Face,Face_full_zero,34567,16,-0.1789451900664212,0.20193010599927744,0.6784901022911072,0.3567453622817993,0.04991134628653526
Face,Face_full_zero,34567,20,-0.041843900908715544,0.22574941194964004,0.5793366432189941,0.7271592617034912,0.535736083984375
Face,Face_full_zero,34567,51,-0.21844685218469037,0.26713085504304196,0.7651233077049255,0.4353462755680084,0.03789918124675751
Face,Face_full_zero,34567,77,-0.0828828576878485,0.23076833967381888,0.7100968360900879,0.5366146564483643,0.2560255229473114
Face,Face_full_zero,34567,135,-0.041857552870713105,0.46668695391663106,0.6563274264335632,0.5361003875732422,0.0965527892112732
Face,Face_full_zero,34567,158,-0.12892030237396213,0.26085261070052757,0.7919644117355347,0.4613203704357147,0.26703310012817383
Face,Face_full_zero,34567,177,0.2433538067593003,0.297920172705486,0.5968191623687744,0.6224792003631592,0.19518165290355682
Face,Face_full_zero,34567,188,0.030308100456770095,0.37096452066991575,0.8096279501914978,0.40070661902427673,0.08318402618169785
Face,Face_full_zero,34567,218,0.0882298922045153,0.17437916208417145,0.6955001354217529,0.6263025999069214,0.4409913718700409
Face,Face_full_zero,34567,287,-0.12143149550749126,0.28293751412784646,0.706771731376648,0.5405864119529724,0.1739172637462616
Face,Face_full_zero,34567,292,-0.10656141653977955,0.30785924497342715,0.7014699578285217,0.40037423372268677,0.06901957094669342
Face,Face_full_zero,34567,295,-0.05546567800125248,0.4400242975277346,0.6905527114868164,0.6042258739471436,0.5972286462783813
Face,Face_full_zero,34567,340,0.25151049978511025,0.19747284224666253,0.6509281396865845,0.5870126485824585,0.353635311126709
Face,Face_full_zero,34567,375,-0.020456806843779353,0.1248045561595103,0.831048846244812,0.5712847709655762,0.04013364762067795
Face,Face_full_zero,34567,384,-0.19354179730776294,0.28936639312083867,0.7959264516830444,0.6871670484542847,0.47143813967704773
Face,Face_full_zero,34567,415,0.04971012667480682,0.4159968178999715,0.642803430557251,0.567444384098053,0.08692371845245361
Face,Face_full_zero,34567,434,-0.08557431866747954,0.20776220236726567,0.6197865009307861,0.3556206524372101,0.11875373125076294
Face,Face_full_zero,34567,465,0.07367832540701628,0.2496041705323186,0.6200060248374939,0.4103909134864807,0.16535741090774536
Face,Face_full_zero,34567,498,0.039339551929474074,0.31642926311306774,0.7252811789512634,0.5413996577262878,0.1981060653924942
Face,Face_full_zero,34567,507,0.02711773590031429,0.387980242060955,0.7018957138061523,0.5869297981262207,0.234810933470726
Face,Face_full_zero,34567,529,0.2618795701649301,0.4062755684897789,0.6673437356948853,0.5927293300628662,0.21309314668178558
Face,Face_full_zero,34567,561,0.08632800775919137,0.16983645703259675,0.6812760829925537,0.502202033996582,0.41972050070762634
Face,Face_full_zero,34567,588,0.030120635997119907,0.16096615298143385,0.7488989233970642,0.39958658814430237,0.04105920344591141
Face,Face_full_zero,34567,606,0.1085253607453038,0.3040011466555814,0.6444574594497681,0.4029655158519745,0.061144858598709106
Face,Face_full_zero,34567,678,0.01755181242175398,0.3552802724778607,0.7235696315765381,0.5993767380714417,0.2274777889251709
Face,Face_full_zero,34567,708,-0.21795778552521694,0.20875319997783306,0.8161889910697937,0.6606508493423462,0.21704986691474915
Face,Face_full_zero,34567,756,0.003084445149762241,0.4792131063085756,0.7218387126922607,0.5613049864768982,0.21807865798473358
Face,Face_full_zero,34567,762,-0.0416639424946106,0.2053669829150257,0.6658564209938049,0.6745753288269043,0.3728553056716919
Face,Face_full_zero,34567,781,-0.022086192340015656,0.44275363764696374,0.6608468890190125,0.689295768737793,0.28495824337005615
Face,Face_full_zero,34567,789,0.09161395926530651,0.2278500437465239,0.685422956943512,0.46372243762016296,0.17107486724853516
Face,Face_full_zero,34567,817,0.12057446045148447,0.18556322678229353,0.798126757144928,0.716707706451416,0.4562748074531555
Face,Face_full_zero,34567,820,-0.15032254517009916,0.34740764335272767,0.6985065340995789,0.45812880992889404,0.2654387056827545
Face,Face_full_zero,34567,838,0.016782252685398173,0.2943762797180876,0.6905288100242615,0.648457944393158,0.42974087595939636
Face,Face_full_zero,34567,877,-0.0731287048195136,0.19875363880599753,0.7383665442466736,0.7895051836967468,0.7610360383987427
Face,Face_full_zero,34567,887,0.0868416104434139,0.20113687969869454,0.6642976403236389,0.5557289719581604,0.23129822313785553
Face,Face_full_zero,34567,973,0.0919806006544983,0.33645600227957817,0.7564853429794312,0.4831494390964508,0.16215002536773682
Face,Face_random_full_01_zero,34567,1,0.08998682474886262,0.21615731902734694,0.6898410320281982,0.5969315767288208,0.36878132820129395
Face,Face_random_full_01_zero,34567,16,-0.16149442546701598,0.20193400494078018,0.6765590906143188,0.3527079224586487,0.05657054856419563
Face,Face_random_full_01_zero,34567,20,-0.02426300566805169,0.22365288542841125,0.5814754962921143,0.6780323386192322,0.3807661533355713
Face,Face_random_full_01_zero,34567,51,-0.25335581591817796,0.28717959045776725,0.7867717146873474,0.45156770944595337,-0.02890055626630783
Face,Face_random_full_01_zero,34567,77,-0.07843155320637116,0.23234080153906433,0.7238881587982178,0.5929075479507446,0.24918760359287262
Face,Face_random_full_01_zero,34567,135,-0.030843087985036672,0.4579100991168863,0.6653259992599487,0.5655985474586487,0.08310215175151825
Face,Face_random_full_01_zero,34567,158,-0.12239224237102488,0.26219668307214944,0.8056097030639648,0.4211001992225647,0.20366308093070984
Face,Face_random_full_01_zero,34567,177,0.27141511585962214,0.30612536251972416,0.5951008796691895,0.6188035607337952,0.22283831238746643
Face,Face_random_full_01_zero,34567,188,0.03354463176180864,0.36761206200344154,0.812049150466919,0.4331463575363159,0.08922456204891205
Face,Face_random_full_01_zero,34567,218,0.10218602722925214,0.17339535343699422,0.6975410580635071,0.6470406651496887,0.4785522222518921
Face,Face_random_full_01_zero,34567,287,-0.1214087348021169,0.28410645080520375,0.7066283226013184,0.5521255135536194,0.1732323169708252
Face,Face_random_full_01_zero,34567,292,-0.061492303251778443,0.2880258261233085,0.6816360354423523,0.4567902088165283,0.11170156300067902
Face,Face_random_full_01_zero,34567,295,-0.07011395956277612,0.4291645327401046,0.6992906332015991,0.482328861951828,0.17712625861167908
Face,Face_random_full_01_zero,34567,340,0.26702521315837174,0.19393338384679343,0.6464698314666748,0.5209227204322815,0.357923299074173
Face,Face_random_full_01_zero,34567,375,-0.02530218308384497,0.12288790963245132,0.8483340740203857,0.5870345830917358,0.03328031301498413
Face,Face_random_full_01_zero,34567,384,-0.19420244345178875,0.2910829668200621,0.8019515872001648,0.6828762888908386,0.355526864528656
Face,Face_random_full_01_zero,34567,415,0.03590528552394808,0.41190895641850656,0.6476222276687622,0.5709644556045532,0.08628589659929276
Face,Face_random_full_01_zero,34567,434,-0.125198838053502,0.19754551749126603,0.6227654814720154,0.47672292590141296,0.21742777526378632
Face,Face_random_full_01_zero,34567,465,0.09241261429694851,0.2585594114082576,0.6454733610153198,0.34713008999824524,0.10180570930242538
Face,Face_random_full_01_zero,34567,498,0.04112723894201315,0.3261669462756043,0.7157696485519409,0.5557096004486084,0.13018110394477844
Face,Face_random_full_01_zero,34567,507,0.043982466699438574,0.37693896056274073,0.7266044616699219,0.5114802718162537,0.14749133586883545
Face,Face_random_full_01_zero,34567,529,0.258833402863204,0.41031810067013785,0.6781683564186096,0.6452979445457458,0.1843857765197754
Face,Face_random_full_01_zero,34567,561,0.09293521910968185,0.17608625590931828,0.679118275642395,0.48847469687461853,0.3894443213939667
Face,Face_random_full_01_zero,34567,588,0.04895199461008357,0.1564195837834145,0.7421715259552002,0.42262372374534607,0.03794980049133301
Face,Face_random_full_01_zero,34567,606,0.13135413301294077,0.30637866649334466,0.6377350091934204,0.4298174977302551,0.0668933093547821
Face,Face_random_full_01_zero,34567,678,0.03069395546895513,0.3621977946927654,0.7434568405151367,0.6155765056610107,0.1753043532371521
Face,Face_random_full_01_zero,34567,708,-0.2202244290948639,0.2092887365295758,0.8189535140991211,0.6481766700744629,0.23017218708992004
Face,Face_random_full_01_zero,34567,756,2.179444182636419e-06,0.47978794464006613,0.7192981839179993,0.5712626576423645,0.30060553550720215
Face,Face_random_full_01_zero,34567,762,-0.034161272090017875,0.2077456102432383,0.6550774574279785,0.7167378664016724,0.3695593476295471
Face,Face_random_full_01_zero,34567,781,-0.012979164689752127,0.4492705940193653,0.6551461219787598,0.6863753795623779,0.1448744237422943
Face,Face_random_full_01_zero,34567,789,0.09359510844787794,0.22342764903919282,0.6765334606170654,0.46516308188438416,0.16267436742782593
Face,Face_random_full_01_zero,34567,817,0.12768719886889107,0.20133523914004967,0.7578552961349487,0.75895094871521,0.5289642214775085
Face,Face_random_full_01_zero,34567,820,-0.14183977301102263,0.34560307268641727,0.6974225044250488,0.3750690519809723,0.28155380487442017
Face,Face_random_full_01_zero,34567,838,-0.015865490002193842,0.3165586352065719,0.7253713011741638,0.5463885068893433,0.28524839878082275
Face,Face_random_full_01_zero,34567,877,-0.08538653552755862,0.19861860325806438,0.7423094511032104,0.795846700668335,0.7684569358825684
Face,Face_random_full_01_zero,34567,887,0.09797212449709826,0.20646413761502608,0.6648691296577454,0.6920554041862488,0.22823233902454376
Face,Face_random_full_01_zero,34567,973,0.09294072475258486,0.33922108364773496,0.7571334838867188,0.5022329688072205,0.15193398296833038
Face,Face_random_full_02_zero,34567,1,0.09962296313311404,0.19823153619973433,0.67484450340271,0.7543476223945618,0.4035678803920746
Face,Face_random_full_02_zero,34567,16,-0.16533066099653923,0.19708052911873367,0.6800206303596497,0.33395105600357056,0.05241077020764351
Face,Face_random_full_02_zero,34567,20,-0.02316092431597584,0.21071237041429625,0.5997615456581116,0.6336659789085388,0.2753063440322876
Face,Face_random_full_02_zero,34567,51,-0.2897958607006647,0.2773665216971528,0.7702431678771973,0.4213784635066986,0.030247706919908524
Face,Face_random_full_02_zero,34567,77,-0.09344469075460628,0.2266657872397223,0.7175858616828918,0.5066041946411133,0.20315751433372498
Face,Face_random_full_02_zero,34567,135,-0.03459362870424966,0.46351626906097254,0.660935640335083,0.5315735340118408,0.05716334283351898
Face,Face_random_full_02_zero,34567,158,-0.11992781160530488,0.2836547629170837,0.786736249923706,0.4775053560733795,0.2042599320411682
Face,Face_random_full_02_zero,34567,177,0.2547190438692029,0.3062626148651917,0.5938335657119751,0.6269811391830444,0.16732698678970337
Face,Face_random_full_02_zero,34567,188,0.022423711790779684,0.36656999384191247,0.7977121472358704,0.3563432991504669,0.012182618491351604
Face,Face_random_full_02_zero,34567,218,0.10388092232248847,0.17811310855164264,0.6955509781837463,0.5861824750900269,0.5904746055603027
Face,Face_random_full_02_zero,34567,287,-0.14270789242736392,0.2805724014285253,0.6999289989471436,0.5488371849060059,0.1818147599697113
Face,Face_random_full_02_zero,34567,292,-0.12177333206812282,0.3384388495481827,0.7086387872695923,0.389070063829422,0.03897364065051079
Face,Face_random_full_02_zero,34567,295,-0.04955001797877883,0.46291120349914633,0.7183513641357422,0.5171680450439453,0.3185257315635681
Face,Face_random_full_02_zero,34567,340,0.2590818647340887,0.19569733322404081,0.6474285125732422,0.6107329726219177,0.43675339221954346
Face,Face_random_full_02_zero,34567,375,-0.030076325823330304,0.12329567469758992,0.8388275504112244,0.5782943964004517,0.036436114460229874
Face,Face_random_full_02_zero,34567,384,-0.18952151121613203,0.29299649588810484,0.8022384643554688,0.6756311655044556,0.38944488763809204
Face,Face_random_full_02_zero,34567,415,0.025839859555875935,0.4200004073891615,0.6334415078163147,0.58885258436203,0.08643259108066559
Face,Face_random_full_02_zero,34567,434,-0.08761855973219725,0.21041461922383944,0.6193134188652039,0.34433498978614807,0.16280654072761536
Face,Face_random_full_02_zero,34567,465,0.06916371729472628,0.2513237063038815,0.638032853603363,0.3788790702819824,0.16960324347019196
Face,Face_random_full_02_zero,34567,498,0.025456013387192566,0.3386148826365218,0.7053616046905518,0.3985109329223633,0.44384709000587463
Face,Face_random_full_02_zero,34567,507,0.06857190720076098,0.36525913022920137,0.7034816145896912,0.4558927118778229,0.1642104834318161
Face,Face_random_full_02_zero,34567,529,0.25538635305433816,0.4042276252968673,0.6824371814727783,0.6226623058319092,0.2536979019641876
Face,Face_random_full_02_zero,34567,561,0.09402057122669623,0.17526659961255908,0.6787474155426025,0.4860348701477051,0.394603431224823
Face,Face_random_full_02_zero,34567,588,0.05271860946166571,0.15930376740956428,0.7389643788337708,0.43197691440582275,0.016896534711122513
Face,Face_random_full_02_zero,34567,606,0.10596896059526523,0.30022164892862546,0.6605308055877686,0.3862743675708771,0.031186895444989204
Face,Face_random_full_02_zero,34567,678,0.0393640440987207,0.35635282266709206,0.7263031601905823,0.6242126822471619,0.2201397716999054
Face,Face_random_full_02_zero,34567,708,-0.21250686253712137,0.20581336508764791,0.8290013074874878,0.699165940284729,0.3058546781539917
Face,Face_random_full_02_zero,34567,756,0.014455209400250735,0.48236690303031593,0.7249225974082947,0.5855342149734497,0.21916913986206055
Face,Face_random_full_02_zero,34567,762,-0.027858845541550055,0.20798269034810082,0.6575711965560913,0.7260894775390625,0.3420705199241638
Face,Face_random_full_02_zero,34567,781,-0.02048446413515432,0.438302981911097,0.6338052749633789,0.761954665184021,0.1974920928478241
Face,Face_random_full_02_zero,34567,789,0.08136031722399079,0.22784155770268344,0.7001335620880127,0.47642070055007935,0.11954805254936218
Face,Face_random_full_02_zero,34567,817,0.1164390345383665,0.1777527949758994,0.7706324458122253,0.7768173217773438,0.48403072357177734
Face,Face_random_full_02_zero,34567,820,-0.10937535224538272,0.35430834163420594,0.6902256011962891,0.4735717177391052,0.2316553294658661
Face,Face_random_full_02_zero,34567,838,-0.046703464235880565,0.2996163182284837,0.714834451675415,0.6009851694107056,0.3540210425853729
Face,Face_random_full_02_zero,34567,877,-0.08836547916321918,0.19742950846238355,0.7436298727989197,0.7999681234359741,0.7542502284049988
Face,Face_random_full_02_zero,34567,887,0.09225288832389789,0.20977727885970585,0.6850869655609131,0.6286770701408386,0.21905776858329773
Face,Face_random_full_02_zero,34567,973,0.09084910115658684,0.34089820254814057,0.7882667183876038,0.47480854392051697,0.20347154140472412
Face,Face_random_full_03_zero,34567,1,0.0991154396479851,0.20856360802702084,0.6690047979354858,0.7425944805145264,0.47827088832855225
Face,Face_random_full_03_zero,34567,16,-0.17500682283063781,0.2011233170709041,0.6758366227149963,0.35257425904273987,0.03842916339635849
Face,Face_random_full_03_zero,34567,20,-0.031525873561444075,0.2256276703003632,0.5740412473678589,0.7184840440750122,0.4286576807498932
Face,Face_random_full_03_zero,34567,51,-0.28465458701190854,0.27626411391143463,0.7854264974594116,0.4222421646118164,0.008206730708479881
Face,Face_random_full_03_zero,34567,77,-0.08754309923430233,0.22755809015791614,0.7172105312347412,0.5764620304107666,0.28276944160461426
Face,Face_random_full_03_zero,34567,135,-0.03542501910347669,0.4661804107932784,0.6625743508338928,0.5441629886627197,0.08661603927612305
Face,Face_random_full_03_zero,34567,158,-0.12348152990997001,0.25639293078761144,0.7777215838432312,0.47249293327331543,0.2855963706970215
Face,Face_random_full_03_zero,34567,177,0.24287818887922316,0.29727595857300754,0.595558226108551,0.6271660327911377,0.20142795145511627
Face,Face_random_full_03_zero,34567,188,0.024964924479184556,0.36750615815261006,0.7935649156570435,0.3938661217689514,0.07823897898197174
Face,Face_random_full_03_zero,34567,218,0.08941164843135373,0.17828307975478508,0.6885000467300415,0.6246317028999329,0.3992021679878235
Face,Face_random_full_03_zero,34567,287,-0.13219956207673447,0.2877364615461133,0.7074968814849854,0.5017716884613037,0.17053824663162231
Face,Face_random_full_03_zero,34567,292,-0.06239655292064475,0.3234945989914045,0.7660341262817383,0.5331010818481445,0.04454933851957321
Face,Face_random_full_03_zero,34567,295,-0.05431448837290876,0.44832643400191996,0.7086406350135803,0.5151970386505127,0.5814749598503113
Face,Face_random_full_03_zero,34567,340,0.250538004792452,0.19990092982778487,0.6516019105911255,0.5518155694007874,0.34561461210250854
Face,Face_random_full_03_zero,34567,375,-0.021352276509910784,0.12517256664386156,0.8276901245117188,0.5640132427215576,0.049115296453237534
Face,Face_random_full_03_zero,34567,384,-0.2050790656701235,0.2905136503376161,0.8058784604072571,0.681532084941864,0.3626300096511841
Face,Face_random_full_03_zero,34567,415,0.030444235813416085,0.4104089886031535,0.6353477835655212,0.5533003211021423,0.047744520008563995
Face,Face_random_full_03_zero,34567,434,-0.07301841888969499,0.21043531277288258,0.620288610458374,0.41710904240608215,0.19348299503326416
Face,Face_random_full_03_zero,34567,465,0.037938064367493446,0.24248264969887048,0.643140971660614,0.42327892780303955,0.16737815737724304
Face,Face_random_full_03_zero,34567,498,0.03952752759855765,0.32505982734034083,0.7164171934127808,0.5416663885116577,0.1302323341369629
Face,Face_random_full_03_zero,34567,507,-0.037087704603453404,0.39679322955966007,0.7456592917442322,0.45110780000686646,0.14513680338859558
Face,Face_random_full_03_zero,34567,529,0.2639834538593045,0.41189595856400435,0.6819489598274231,0.6071327328681946,0.2795308530330658
Face,Face_random_full_03_zero,34567,561,0.08078711405738959,0.16499906620919777,0.6713461875915527,0.5330173969268799,0.3982306718826294
Face,Face_random_full_03_zero,34567,588,0.04259772628760494,0.1563273258059504,0.7409889698028564,0.40969106554985046,0.039911702275276184
Face,Face_random_full_03_zero,34567,606,0.09744003260414393,0.3061442129615569,0.6525997519493103,0.3767155408859253,0.018958933651447296
Face,Face_random_full_03_zero,34567,678,0.01743544616552174,0.3606106941589445,0.7172774076461792,0.5944178104400635,0.22808943688869476
Face,Face_random_full_03_zero,34567,708,-0.2020351402769766,0.20791040655412424,0.8398877382278442,0.6072788238525391,0.188440203666687
Face,Face_random_full_03_zero,34567,756,-0.005602127784488181,0.47012485444699426,0.7229375839233398,0.571691632270813,0.20886175334453583
Face,Face_random_full_03_zero,34567,762,-0.041451224080649614,0.21819120075735524,0.6573433876037598,0.7249928712844849,0.3650747537612915
Face,Face_random_full_03_zero,34567,781,-0.024308748782374018,0.44327238216066367,0.6485622525215149,0.73564213514328,0.20842254161834717
Face,Face_random_full_03_zero,34567,789,0.09174426047340714,0.21848620881794312,0.6795424222946167,0.4444499909877777,0.18186518549919128
Face,Face_random_full_03_zero,34567,817,0.10990196712521735,0.19110848593405236,0.7629716396331787,0.7872556447982788,0.5427393913269043
Face,Face_random_full_03_zero,34567,820,-0.1485861067817745,0.3473052380344416,0.6878435611724854,0.41117578744888306,0.23123417794704437
Face,Face_random_full_03_zero,34567,838,0.020805967278403194,0.29422370970735545,0.6884741187095642,0.4651315212249756,0.26110705733299255
Face,Face_random_full_03_zero,34567,877,-0.08752327783323871,0.19796178357642719,0.7381516098976135,0.8086050748825073,0.7541210651397705
Face,Face_random_full_03_zero,34567,887,0.08332599774091531,0.20616566966157499,0.6592931747436523,0.6531831622123718,0.21550238132476807
Face,Face_random_full_03_zero,34567,973,0.08785924894873377,0.3382281331622441,0.7598532438278198,0.49012500047683716,0.1860150694847107
Face,Face_random_full_04_zero,34567,1,0.10715351106206646,0.2168305059657313,0.67189621925354,0.7770731449127197,0.5477687120437622
Face,Face_random_full_04_zero,34567,16,-0.18253917967767852,0.20354749256509308,0.676841676235199,0.34288930892944336,0.04060857743024826
Face,Face_random_full_04_zero,34567,20,0.00519972925716458,0.22365917574805716,0.5690735578536987,0.6955811977386475,0.44407013058662415
Face,Face_random_full_04_zero,34567,51,-0.2817607449203055,0.26694669758093703,0.7850150465965271,0.4153243601322174,0.02410467341542244
Face,Face_random_full_04_zero,34567,77,-0.08299304547177819,0.23484297243595145,0.7221093773841858,0.556074321269989,0.23748892545700073
Face,Face_random_full_04_zero,34567,135,-0.04118150340781413,0.4676332097366829,0.655182421207428,0.533754825592041,0.11747369915246964
Face,Face_random_full_04_zero,34567,158,-0.13190373343025122,0.28272802045219364,0.8148096799850464,0.43767744302749634,0.189325749874115
Face,Face_random_full_04_zero,34567,177,0.2103764417584244,0.3160021621228222,0.6117285490036011,0.5925123691558838,0.1515791118144989
Face,Face_random_full_04_zero,34567,188,0.02415716763158643,0.3683112566219319,0.8102818131446838,0.42659443616867065,0.096183180809021
Face,Face_random_full_04_zero,34567,218,0.11319929027720517,0.17582624178729886,0.7003440856933594,0.5652159452438354,0.5176491737365723
Face,Face_random_full_04_zero,34567,287,-0.12805506978454925,0.2754604406597392,0.7061367034912109,0.5688008069992065,0.19650284945964813
Face,Face_random_full_04_zero,34567,292,-0.15494513969729795,0.26711180200067375,0.6658906936645508,0.4428081214427948,0.0813339427113533
Face,Face_random_full_04_zero,34567,295,-0.032209504590985594,0.4423580393993539,0.7132717370986938,0.45334747433662415,0.34096258878707886
Face,Face_random_full_04_zero,34567,340,0.24599811418290032,0.18996222545686656,0.6591629981994629,0.593399167060852,0.3557305335998535
Face,Face_random_full_04_zero,34567,375,-0.01820673166446389,0.12478822635943837,0.8498375415802002,0.5812972187995911,0.03454064950346947
Face,Face_random_full_04_zero,34567,384,-0.1869401939773636,0.2898106974375142,0.7982480525970459,0.7084695100784302,0.4501088261604309
Face,Face_random_full_04_zero,34567,415,0.018863303213217796,0.4207331331832994,0.6352052688598633,0.581055760383606,0.06905989348888397
Face,Face_random_full_04_zero,34567,434,-0.07982116527675993,0.20947186013905722,0.6164581179618835,0.36062106490135193,0.142719104886055
Face,Face_random_full_04_zero,34567,465,0.06679244186512387,0.24555861913065924,0.6192870140075684,0.4131661653518677,0.19867068529129028
Face,Face_random_full_04_zero,34567,498,0.04349324717188631,0.31558494338697857,0.7197284698486328,0.5531187653541565,0.1856214702129364
Face,Face_random_full_04_zero,34567,507,-0.037488253251284416,0.40008904384238314,0.7495700716972351,0.44903039932250977,0.061601243913173676
Face,Face_random_full_04_zero,34567,529,0.24218255210148287,0.3966753369906418,0.683603048324585,0.6350545883178711,0.15481914579868317
Face,Face_random_full_04_zero,34567,561,0.08824125638458033,0.16443497193087098,0.6822328567504883,0.4962722659111023,0.41005945205688477
Face,Face_random_full_04_zero,34567,588,0.03474416202565928,0.16313083458514321,0.7416367530822754,0.3963499665260315,0.013447031378746033
Face,Face_random_full_04_zero,34567,606,0.11829695162302958,0.30722095768544966,0.6526020765304565,0.410738468170166,0.06519989669322968
Face,Face_random_full_04_zero,34567,678,0.02701731800967039,0.35642710130853267,0.7329704165458679,0.6246963143348694,0.26309269666671753
Face,Face_random_full_04_zero,34567,708,-0.22275624816952808,0.209042100098998,0.8251791596412659,0.6430144906044006,0.24620747566223145
Face,Face_random_full_04_zero,34567,756,-0.006581853147323487,0.4355056486388647,0.7247979640960693,0.550910234451294,0.20834630727767944
Face,Face_random_full_04_zero,34567,762,-0.03673519359616494,0.20754760247162513,0.6602677702903748,0.6839727163314819,0.371872216463089
Face,Face_random_full_04_zero,34567,781,-0.020579686942304477,0.4535887192423338,0.6633334159851074,0.7324548959732056,0.2547629177570343
Face,Face_random_full_04_zero,34567,789,0.09430095869979815,0.21573146552793648,0.6872904300689697,0.3713051676750183,0.1363145411014557
Face,Face_random_full_04_zero,34567,817,0.13395339029124606,0.184905318059253,0.785564661026001,0.749132513999939,0.5056493878364563
Face,Face_random_full_04_zero,34567,820,-0.11814324101785988,0.35150360080664533,0.6812440752983093,0.4769126772880554,0.24529771506786346
Face,Face_random_full_04_zero,34567,838,0.02849445944055622,0.30359509690800807,0.6947461366653442,0.5916417241096497,0.2837962806224823
Face,Face_random_full_04_zero,34567,877,-0.08714751904171907,0.19847184676125168,0.7445783019065857,0.7887651324272156,0.7572730779647827
Face,Face_random_full_04_zero,34567,887,0.09119315742362367,0.2065565592256752,0.6637555360794067,0.630200207233429,0.2484656125307083
Face,Face_random_full_04_zero,34567,973,0.08234785012818804,0.33721733581246527,0.7593846917152405,0.4434761703014374,0.18737469613552094
Face,Face_random_full_05_zero,34567,1,0.10237506537844021,0.22091908909460464,0.6791694760322571,0.7506186366081238,0.47103065252304077
Face,Face_random_full_05_zero,34567,16,-0.16445371481694418,0.20190913818267273,0.6800656914710999,0.3443278670310974,0.041672371327877045
Face,Face_random_full_05_zero,34567,20,-0.029934958150356208,0.22332841875500234,0.5738257765769958,0.7266445755958557,0.47308626770973206
Face,Face_random_full_05_zero,34567,51,-0.28034249699227204,0.27064856092963524,0.7744954824447632,0.44497886300086975,-0.03343847766518593
Face,Face_random_full_05_zero,34567,77,-0.08554716093187649,0.2348929189964679,0.7231608033180237,0.5545077323913574,0.34525012969970703
Face,Face_random_full_05_zero,34567,135,-0.0378047771267129,0.4627309487316555,0.6592119336128235,0.5392962694168091,0.09144182503223419
Face,Face_random_full_05_zero,34567,158,-0.10788541630118188,0.2573561539445024,0.7695456743240356,0.47813647985458374,0.27034181356430054
Face,Face_random_full_05_zero,34567,177,0.21706626570452725,0.2908045653321168,0.6034111380577087,0.5984199047088623,0.1446915864944458
Face,Face_random_full_05_zero,34567,188,0.04766068797300056,0.3640266732452199,0.7826259732246399,0.36723780632019043,0.06961888819932938
Face,Face_random_full_05_zero,34567,218,0.09977171130115536,0.17630087095462124,0.6990742683410645,0.627111554145813,0.3985007703304291
Face,Face_random_full_05_zero,34567,287,-0.1302116013036472,0.281823623362562,0.6960852146148682,0.5268935561180115,0.14692798256874084
Face,Face_random_full_05_zero,34567,292,-0.03451295367495851,0.27181680078521864,0.6739876866340637,0.4394305944442749,0.0839497447013855
Face,Face_random_full_05_zero,34567,295,-0.06611586112241347,0.4371570650335126,0.7151147127151489,0.4648447632789612,0.6019411087036133
Face,Face_random_full_05_zero,34567,340,0.24948210790011244,0.19511201987827745,0.6474995613098145,0.5376718044281006,0.33647751808166504
Face,Face_random_full_05_zero,34567,375,-0.03150620466052118,0.12395320047111406,0.8487403392791748,0.5855089426040649,0.034126024693250656
Face,Face_random_full_05_zero,34567,384,-0.2049500056785233,0.2898127169085285,0.8041774034500122,0.693841814994812,0.3547677993774414
Face,Face_random_full_05_zero,34567,415,0.04003775669752341,0.4068208220697092,0.6467767953872681,0.5678350329399109,0.07909892499446869
Face,Face_random_full_05_zero,34567,434,-0.12035593795918197,0.204891688300862,0.6103526949882507,0.4155656695365906,0.16762831807136536
Face,Face_random_full_05_zero,34567,465,0.08967387819550772,0.25693746295617975,0.6290464401245117,0.4334409236907959,0.1834305226802826
Face,Face_random_full_05_zero,34567,498,0.04284265866989797,0.3201389662047921,0.7235684990882874,0.5395617485046387,0.1260642409324646
Face,Face_random_full_05_zero,34567,507,0.04535185788230257,0.3716477177773338,0.7378969192504883,0.5491064786911011,0.18172986805438995
Face,Face_random_full_05_zero,34567,529,0.26246194780581766,0.4072162732492623,0.6882273554801941,0.6218315362930298,0.25165438652038574
Face,Face_random_full_05_zero,34567,561,0.09090447961925929,0.16437271416841095,0.6915227174758911,0.5077536106109619,0.4107682406902313
Face,Face_random_full_05_zero,34567,588,0.05152440350455423,0.1566077484448361,0.7387482523918152,0.39671188592910767,0.01899866946041584
Face,Face_random_full_05_zero,34567,606,0.11168728293430107,0.2951604510233931,0.657843828201294,0.3450528383255005,0.021783877164125443
Face,Face_random_full_05_zero,34567,678,0.0001808067944449769,0.35276938737652297,0.7353827953338623,0.6151719093322754,0.19566360116004944
Face,Face_random_full_05_zero,34567,708,-0.19967870369704155,0.21172761762835468,0.8408993482589722,0.5915017127990723,0.15303337574005127
Face,Face_random_full_05_zero,34567,756,0.031802559529442886,0.49501940257978094,0.7001267671585083,0.5930189490318298,0.26389065384864807
Face,Face_random_full_05_zero,34567,762,-0.04436087420005695,0.21649391107064742,0.6578864455223083,0.6870941519737244,0.39868786931037903
Face,Face_random_full_05_zero,34567,781,-0.02715875100119114,0.4474923122950396,0.6500604748725891,0.6164582371711731,0.18265998363494873
Face,Face_random_full_05_zero,34567,789,0.09009665646501905,0.22379315704402694,0.6845678091049194,0.4684695601463318,0.17348673939704895
Face,Face_random_full_05_zero,34567,817,0.12629074994841535,0.19751460895350134,0.7850968837738037,0.7541488409042358,0.5637372136116028
Face,Face_random_full_05_zero,34567,820,-0.1465900369466838,0.3371451792954154,0.6905943155288696,0.4365384876728058,0.22091639041900635
Face,Face_random_full_05_zero,34567,838,-0.016975571230590878,0.3057096251517957,0.7219664454460144,0.5207933187484741,0.2261572629213333
Face,Face_random_full_05_zero,34567,877,-0.07910241847945304,0.20017683323339028,0.7394065856933594,0.820183277130127,0.7691712379455566
Face,Face_random_full_05_zero,34567,887,0.0820749553637735,0.20657102194236396,0.6715361475944519,0.6472452878952026,0.21742887794971466
Face,Face_random_full_05_zero,34567,973,0.08635436081354496,0.33895019163375634,0.7578062415122986,0.5011892914772034,0.16779662668704987
Face,no_mask,34567,1,0.1024456741827645,0.20914581256546227,0.6923397779464722,0.7225516438484192,0.4857386350631714
Face,no_mask,34567,16,-0.17688144523123706,0.20171178726018182,0.6773844361305237,0.356192409992218,0.038785453885793686
Face,no_mask,34567,20,-0.037125000725152554,0.22263059599400783,0.5739489793777466,0.7148036956787109,0.48076331615448
Face,no_mask,34567,51,-0.24372798457188707,0.28152243136953214,0.7973415851593018,0.4620705842971802,-0.004276103340089321
Face,no_mask,34567,77,-0.08030588490435141,0.23144823903713424,0.7091432213783264,0.551792323589325,0.2715914249420166
Face,no_mask,34567,135,-0.041712741873515494,0.46410987390319636,0.655367374420166,0.5384091138839722,0.0976470410823822
Face,no_mask,34567,158,-0.12620107674049363,0.2762777649785577,0.7870047092437744,0.4216674864292145,0.19629240036010742
Face,no_mask,34567,177,0.2515246856992744,0.3020513482813852,0.5973324179649353,0.6068560481071472,0.17439313232898712
Face,no_mask,34567,188,0.02739241980922744,0.3698050330627303,0.8140437602996826,0.4003902077674866,0.09822001308202744
Face,no_mask,34567,218,0.0942596431792189,0.17328143965501008,0.6976746320724487,0.6168394088745117,0.4286486506462097
Face,no_mask,34567,287,-0.12444032425696307,0.2799429836632121,0.7049634456634521,0.5592424869537354,0.16477908194065094
Face,no_mask,34567,292,-0.07608491357546941,0.32808156761960483,0.7691209316253662,0.5293769240379333,0.10890161991119385
Face,no_mask,34567,295,-0.04870909196765384,0.4473933761078396,0.7251892685890198,0.4851008653640747,0.2996078431606293
Face,no_mask,34567,340,0.254499080905405,0.19434120782421285,0.6557472944259644,0.5433964729309082,0.35180819034576416
Face,no_mask,34567,375,-0.017988154884320047,0.1250513453913028,0.8431023359298706,0.5714853405952454,0.052654724568128586
Face,no_mask,34567,384,-0.19687867492855765,0.2915474177816654,0.8029112219810486,0.6794930696487427,0.3662768602371216
Face,no_mask,34567,415,0.03459398858008989,0.41743454219316345,0.6367781162261963,0.5776455998420715,0.08671477437019348
Face,no_mask,34567,434,-0.09447624373157006,0.20557022804199293,0.6186440587043762,0.36734479665756226,0.14602425694465637
Face,no_mask,34567,465,0.08048137944149675,0.25361302338927516,0.6275854110717773,0.43406468629837036,0.16216260194778442
Face,no_mask,34567,498,0.04074180941273256,0.3213986298004868,0.7193871736526489,0.5456361174583435,0.202205091714859
Face,no_mask,34567,507,0.01077077276731916,0.367435727561499,0.7433004379272461,0.5714132189750671,0.17533667385578156
Face,no_mask,34567,529,0.26346231726886343,0.413145524622763,0.6743854284286499,0.5812094211578369,0.20883366465568542
Face,no_mask,34567,561,0.08092667848855051,0.1652864407488614,0.6830594539642334,0.5348720550537109,0.4005759060382843
Face,no_mask,34567,588,0.03272603144125307,0.16220442581165234,0.7471323609352112,0.4067011773586273,0.025367872789502144
Face,no_mask,34567,606,0.11108175585116573,0.30618961079710755,0.6496426463127136,0.394759863615036,0.06133897602558136
Face,no_mask,34567,678,0.026849204349729767,0.3609678822087654,0.7189731001853943,0.6038576364517212,0.23393821716308594
Face,no_mask,34567,708,-0.2180387078274543,0.20812355398987062,0.8162322044372559,0.6870636343955994,0.24377737939357758
Face,no_mask,34567,756,-0.0014283970263664657,0.4774543414199938,0.7198942303657532,0.5657271146774292,0.20463183522224426
Face,no_mask,34567,762,-0.03634634646867908,0.2110664221348561,0.660152018070221,0.6963860988616943,0.38053157925605774
Face,no_mask,34567,781,-0.013561715868424938,0.4462852165989869,0.6603132486343384,0.7220902442932129,0.2449219971895218
Face,no_mask,34567,789,0.09540327283716277,0.22632754662061214,0.6773108839988708,0.4331848919391632,0.17755679786205292
Face,no_mask,34567,817,0.11432635668201488,0.18040883797358967,0.7789018750190735,0.7650304436683655,0.5105628967285156
Face,no_mask,34567,820,-0.14846437923809475,0.34789747265267545,0.6968415975570679,0.44931069016456604,0.2877894341945648
Face,no_mask,34567,838,0.030047614849702593,0.3020743041592121,0.6942983269691467,0.5948455333709717,0.20615920424461365
Face,no_mask,34567,877,-0.08365511240648249,0.20076569896313765,0.7435387969017029,0.80942302942276,0.7602211236953735
Face,no_mask,34567,887,0.08733809249235662,0.20164805370946665,0.6667295694351196,0.5843648314476013,0.19005869328975677
Face,no_mask,34567,973,0.09017458640963504,0.3358896829302577,0.7589414119720459,0.4868166148662567,0.1574898362159729
Face,no_mask_repeat,34567,1,0.1024456741827645,0.20914581256546227,0.6923397779464722,0.7225516438484192,0.4857386350631714
Face,no_mask_repeat,34567,16,-0.17688144523123706,0.20171178726018182,0.6773844361305237,0.356192409992218,0.038785453885793686
Face,no_mask_repeat,34567,20,-0.037125000725152554,0.22263059599400783,0.5739489793777466,0.7148036956787109,0.48076331615448
Face,no_mask_repeat,34567,51,-0.24372798457188707,0.28152243136953214,0.7973415851593018,0.4620705842971802,-0.004276103340089321
Face,no_mask_repeat,34567,77,-0.08030588490435141,0.23144823903713424,0.7091432213783264,0.551792323589325,0.2715914249420166
Face,no_mask_repeat,34567,135,-0.041712741873515494,0.46410987390319636,0.655367374420166,0.5384091138839722,0.0976470410823822
Face,no_mask_repeat,34567,158,-0.12620107674049363,0.2762777649785577,0.7870047092437744,0.4216674864292145,0.19629240036010742
Face,no_mask_repeat,34567,177,0.2515246856992744,0.3020513482813852,0.5973324179649353,0.6068560481071472,0.17439313232898712
Face,no_mask_repeat,34567,188,0.02739241980922744,0.3698050330627303,0.8140438795089722,0.4003902077674866,0.09822001308202744
Face,no_mask_repeat,34567,218,0.0942596431792189,0.17328143965501008,0.6976746320724487,0.6168394088745117,0.4286486506462097
Face,no_mask_repeat,34567,287,-0.12444032425696307,0.2799429836632121,0.7049635648727417,0.5592424869537354,0.16477908194065094
Face,no_mask_repeat,34567,292,-0.07608491357546941,0.32808156761960483,0.7691208720207214,0.5293769240379333,0.10890161991119385
Face,no_mask_repeat,34567,295,-0.04870909196765384,0.4473933761078396,0.7251892685890198,0.4851008653640747,0.2996078431606293
Face,no_mask_repeat,34567,340,0.254499080905405,0.19434120782421285,0.6557472944259644,0.5433964729309082,0.35180819034576416
Face,no_mask_repeat,34567,375,-0.017988154884320047,0.1250513453913028,0.8431023359298706,0.5714853405952454,0.052654724568128586
Face,no_mask_repeat,34567,384,-0.19687867492855765,0.2915474177816654,0.8029112815856934,0.6794930696487427,0.3662768602371216
Face,no_mask_repeat,34567,415,0.03459398858008989,0.41743454219316345,0.6367781162261963,0.5776455998420715,0.08671477437019348
Face,no_mask_repeat,34567,434,-0.09447624373157006,0.20557022804199293,0.6186440587043762,0.36734479665756226,0.14602425694465637
Face,no_mask_repeat,34567,465,0.08048137944149675,0.25361302338927516,0.6275853514671326,0.43406468629837036,0.16216260194778442
Face,no_mask_repeat,34567,498,0.04074180941273256,0.3213986298004868,0.7193871736526489,0.5456361174583435,0.202205091714859
Face,no_mask_repeat,34567,507,0.01077077276731916,0.367435727561499,0.7433004379272461,0.5714132189750671,0.17533667385578156
Face,no_mask_repeat,34567,529,0.26346231726886343,0.413145524622763,0.6743854284286499,0.5812094211578369,0.20883366465568542
Face,no_mask_repeat,34567,561,0.08092667848855051,0.1652864407488614,0.6830594539642334,0.5348720550537109,0.4005759060382843
Face,no_mask_repeat,34567,588,0.03272603144125307,0.16220442581165234,0.7471323013305664,0.4067011773586273,0.025367872789502144
Face,no_mask_repeat,34567,606,0.11108175585116573,0.30618961079710755,0.6496426463127136,0.394759863615036,0.06133897602558136
Face,no_mask_repeat,34567,678,0.026849204349729767,0.3609678822087654,0.7189731001853943,0.6038576364517212,0.23393821716308594
Face,no_mask_repeat,34567,708,-0.2180387078274543,0.20812355398987062,0.8162322044372559,0.6870636343955994,0.24377737939357758
Face,no_mask_repeat,34567,756,-0.0014283970263664657,0.4774543414199938,0.719894289970398,0.5657271146774292,0.20463183522224426
Face,no_mask_repeat,34567,762,-0.03634634646867908,0.2110664221348561,0.660152018070221,0.6963860988616943,0.38053157925605774
Face,no_mask_repeat,34567,781,-0.013561715868424938,0.4462852165989869,0.6603132486343384,0.7220902442932129,0.2449219971895218
Face,no_mask_repeat,34567,789,0.09540327283716277,0.22632754662061214,0.6773113012313843,0.4331299364566803,0.1775568127632141
Face,no_mask_repeat,34567,817,0.11432635668201488,0.18040883797358967,0.7789013981819153,0.7651289701461792,0.5105628967285156
Face,no_mask_repeat,34567,820,-0.14846437923809475,0.34789747265267545,0.6968411207199097,0.4494696259498596,0.28778934478759766
Face,no_mask_repeat,34567,838,0.030047614849702593,0.3020743041592121,0.6942986249923706,0.5949680805206299,0.20615911483764648
Face,no_mask_repeat,34567,877,-0.08365511240648249,0.20076569896313765,0.7435386180877686,0.8094869256019592,0.7602211236953735
Face,no_mask_repeat,34567,887,0.08733809249235662,0.20164805370946665,0.6667290925979614,0.5842512845993042,0.19005855917930603
Face,no_mask_repeat,34567,973,0.09017458640963504,0.3358896829302577,0.7589421272277832,0.4868387281894684,0.1574898362159729
