category,condition,seed,dataset_idx,pixel_corr,ssim,lpips,clip,dino
Scene,Body_unrelated_equal4_zero,12345,14,0.6723586819359302,0.5537663512579707,0.5070183277130127,0.455183207988739,0.06265107542276382
Scene,Body_unrelated_equal4_zero,12345,15,-0.013342037590460662,0.3750763631727827,0.8260089159011841,0.7700880765914917,0.07448993623256683
Scene,Body_unrelated_equal4_zero,12345,36,0.13488406232191769,0.25249397603529905,0.6724135279655457,0.40195828676223755,0.05765218287706375
Scene,Body_unrelated_equal4_zero,12345,39,-0.5301761094740302,0.2874179873110249,0.5478904247283936,0.7070805430412292,0.4005091190338135
Scene,Body_unrelated_equal4_zero,12345,126,-0.1734931617132935,0.4202167385799286,0.7396796941757202,0.8799864649772644,0.3417436480522156
Scene,Body_unrelated_equal4_zero,12345,132,0.08463534758988527,0.1008526710372861,0.6916841268539429,0.5499276518821716,0.16511347889900208
Scene,Body_unrelated_equal4_zero,12345,167,0.19325041714170915,0.10277475650265917,0.722732663154602,0.44275808334350586,-0.0009847115725278854
Scene,Body_unrelated_equal4_zero,12345,196,0.12204444456507839,0.27808755200758895,0.65895676612854,0.7273598909378052,0.13789154589176178
Scene,Body_unrelated_equal4_zero,12345,199,0.16855357482352493,0.20356780234441782,0.6868491172790527,0.6677621006965637,0.1432303935289383
Scene,Body_unrelated_equal4_zero,12345,214,-0.10519746857261647,0.3228094370606034,0.6883644461631775,0.6739355325698853,0.08085766434669495
Scene,Body_unrelated_equal4_zero,12345,241,0.1464171344397892,0.34935240707543536,0.6993476152420044,0.5096168518066406,0.038383848965168
Scene,Body_unrelated_equal4_zero,12345,242,-0.055108888125310077,0.47181678513998915,0.8214590549468994,0.5103499889373779,0.009683589451014996
Scene,Body_unrelated_equal4_zero,12345,245,-0.06932937695902591,0.42249412308211565,0.6812499165534973,0.5773859024047852,0.010999556630849838
Scene,Body_unrelated_equal4_zero,12345,249,-0.02001459227207108,0.3763460307200401,0.8340471982955933,0.42920345067977905,0.025301113724708557
Scene,Body_unrelated_equal4_zero,12345,282,0.0999056335441375,0.3376961941428004,0.6809687614440918,0.43663427233695984,-0.0008091861382126808
Scene,Body_unrelated_equal4_zero,12345,289,-0.1889954409961961,0.36345363593261965,0.7266061305999756,0.6385557651519775,0.13232842087745667
Scene,Body_unrelated_equal4_zero,12345,303,0.139940529892721,0.46222956108751334,0.7568457126617432,0.6213054656982422,-0.0018339240923523903
Scene,Body_unrelated_equal4_zero,12345,314,-0.06870555301870641,0.19137296450705385,0.8126643300056458,0.5998938083648682,0.06697677075862885
Scene,Body_unrelated_equal4_zero,12345,393,0.3528073517001624,0.3948596357109876,0.66422438621521,0.8324224352836609,0.3890828490257263
Scene,Body_unrelated_equal4_zero,12345,412,0.588695649876685,0.5064180924704038,0.5807790756225586,0.5313386917114258,0.14119404554367065
Scene,Body_unrelated_equal4_zero,12345,442,-0.02177879700751358,0.31259957941509026,0.720815896987915,0.6339025497436523,0.07838952541351318
Scene,Body_unrelated_equal4_zero,12345,463,-0.18380022054875933,0.10129245107674377,0.8130847215652466,0.4402759075164795,0.035088978707790375
Scene,Body_unrelated_equal4_zero,12345,469,0.026493663785232494,0.23544035085534776,0.7745186686515808,0.4618258476257324,-0.021161003038287163
Scene,Body_unrelated_equal4_zero,12345,486,0.10221249669087491,0.08180734020966011,0.7255709171295166,0.5245736241340637,0.034191589802503586
Scene,Body_unrelated_equal4_zero,12345,491,0.5793227958592595,0.39661129295019304,0.5779503583908081,0.7535157799720764,0.106651671230793
Scene,Body_unrelated_equal4_zero,12345,518,0.22261911232454484,0.5050367274742231,0.7558783292770386,0.5911033153533936,0.1861739158630371
Scene,Body_unrelated_equal4_zero,12345,523,-0.05095628003998312,0.10656666784456244,0.6398830413818359,0.46795356273651123,0.08242648094892502
Scene,Body_unrelated_equal4_zero,12345,545,0.07420837261413468,0.42737883787614767,0.7593563199043274,0.6936987638473511,0.015649339184165
Scene,Body_unrelated_equal4_zero,12345,551,0.020127793278147572,0.05904764771126148,0.8293326497077942,0.4063081741333008,-0.022433564066886902
Scene,Body_unrelated_equal4_zero,12345,568,0.1168504989228898,0.4104825919780742,0.7407947778701782,0.7858996987342834,0.35389482975006104
Scene,Body_unrelated_equal4_zero,12345,620,0.772773065165911,0.5314825019132421,0.5713227391242981,0.5894222855567932,0.25983548164367676
Scene,Body_unrelated_equal4_zero,12345,640,-0.06128713855048459,0.16517057542936547,0.6445314884185791,0.8278433680534363,0.583073616027832
Scene,Body_unrelated_equal4_zero,12345,648,0.07403380601302949,0.25467935787143836,0.7439778447151184,0.6078566312789917,0.015228232368826866
Scene,Body_unrelated_equal4_zero,12345,671,0.12569638009172174,0.4010895264169526,0.6336321830749512,0.7611474990844727,0.355569064617157
Scene,Body_unrelated_equal4_zero,12345,755,0.40438302180041175,0.3980099192796128,0.6425982713699341,0.5810028910636902,0.20587149262428284
Scene,Body_unrelated_equal4_zero,12345,811,0.21024561541915343,0.23469146876273872,0.7352670431137085,0.4762057065963745,0.0411500446498394
Scene,Body_unrelated_equal4_zero,12345,821,0.02684092454392708,0.23693362735345644,0.646076500415802,0.7658143043518066,0.7129780650138855
Scene,Body_unrelated_equal4_zero,12345,824,-0.06507409310682655,0.09422287169934958,0.7452595829963684,0.604947030544281,0.23220878839492798
Scene,Body_unrelated_equal4_zero,12345,841,0.11480791365829103,0.29966536131345706,0.7843518257141113,0.612202525138855,0.1230844110250473
Scene,Body_unrelated_equal4_zero,12345,842,0.045665422361891375,0.2574778412333455,0.7810798287391663,0.7201560735702515,0.05963326245546341
Scene,Body_unrelated_equal4_zero,12345,850,0.08547855353235834,0.29056082318403664,0.7151504755020142,0.7074519395828247,0.3283064365386963
Scene,Body_unrelated_equal4_zero,12345,855,0.04948742546658175,0.4547983712962113,0.6887071132659912,0.7141674757003784,0.06650405377149582
Scene,Body_unrelated_equal4_zero,12345,872,0.011090232401865196,0.09349891388200302,0.7318434715270996,0.33931654691696167,0.06654293090105057
Scene,Body_unrelated_equal4_zero,12345,873,0.5472791931888452,0.5520555612449096,0.6160558462142944,0.41415828466415405,0.0824003517627716
Scene,Body_unrelated_equal4_zero,12345,893,0.33784547821173566,0.28165339728260824,0.8056394457817078,0.5454611778259277,0.06592406332492828
Scene,Body_unrelated_equal4_zero,12345,894,0.04867731481218328,0.3047729472019445,0.7646065950393677,0.5503826141357422,-0.01168182585388422
Scene,Body_unrelated_equal4_zero,12345,918,0.0238312583454949,0.31338139135105253,0.7099758982658386,0.7498658299446106,0.19905923306941986
Scene,Body_unrelated_equal4_zero,12345,943,0.0754699738215436,0.5422338141284097,0.7493384480476379,0.6193176507949829,0.325825572013855
Scene,Body_unrelated_equal4_zero,12345,978,0.6338716716103688,0.5818720589634344,0.5648229718208313,0.7873764038085938,0.8116981387138367
Scene,Body_unrelated_equal4_zero,12345,999,0.1111208762184496,0.3211184774365567,0.719037652015686,0.6835436820983887,0.00243203341960907
Scene,Scene_equal4_zero,12345,14,0.6917502797497754,0.5593040487752154,0.518441915512085,0.454706072807312,0.05921512097120285
Scene,Scene_equal4_zero,12345,15,-0.040332576781146504,0.32105994318392284,0.7500184774398804,0.7107881903648376,0.21177220344543457
Scene,Scene_equal4_zero,12345,36,0.13297748992129327,0.18258292854567293,0.6450514793395996,0.5105822086334229,0.03345922380685806
Scene,Scene_equal4_zero,12345,39,-0.5219690692279333,0.2845273792134567,0.5313330888748169,0.6967299580574036,0.3959400951862335
Scene,Scene_equal4_zero,12345,126,-0.13058406638367173,0.41193184600336663,0.6826421618461609,0.8715077638626099,0.3197893798351288
Scene,Scene_equal4_zero,12345,132,0.08511188593462995,0.10300726103012918,0.6876778602600098,0.5408448576927185,0.13608413934707642
Scene,Scene_equal4_zero,12345,167,0.20369003296150684,0.10408524915002489,0.7266120910644531,0.45035988092422485,-0.002741505391895771
Scene,Scene_equal4_zero,12345,196,0.1164940338252262,0.28068642859297127,0.6602144241333008,0.7541078329086304,0.17749521136283875
Scene,Scene_equal4_zero,12345,199,0.12626581267937276,0.19297394536252754,0.7067428231239319,0.6063641309738159,0.12014614045619965
Scene,Scene_equal4_zero,12345,214,-0.10514311117286598,0.3114387358519391,0.6756274104118347,0.6684587597846985,0.15414518117904663
Scene,Scene_equal4_zero,12345,241,0.15520229287678103,0.35246624384547587,0.7002963423728943,0.4981187582015991,0.020658109337091446
Scene,Scene_equal4_zero,12345,242,0.4357486198875153,0.5777129750092331,0.7019036412239075,0.5932108759880066,0.09213599562644958
Scene,Scene_equal4_zero,12345,245,-0.05373679125524029,0.44135102288889994,0.6836485266685486,0.5399804711341858,0.012489603832364082
Scene,Scene_equal4_zero,12345,249,-0.02612569531241871,0.37637164073299606,0.8283165693283081,0.44033539295196533,0.03342132642865181
Scene,Scene_equal4_zero,12345,282,0.09810668144499471,0.3253330137142074,0.6773852109909058,0.4310053586959839,-0.01521405577659607
Scene,Scene_equal4_zero,12345,289,-0.16127600526535407,0.35565910973969234,0.7352612018585205,0.6330300569534302,0.162200927734375
Scene,Scene_equal4_zero,12345,303,0.17412853782444454,0.4670720570470238,0.7547659873962402,0.6636147499084473,0.015227255411446095
Scene,Scene_equal4_zero,12345,314,-0.07212007906626289,0.19125527506017656,0.8227016925811768,0.6008976697921753,0.06763762980699539
Scene,Scene_equal4_zero,12345,393,0.3623203978632156,0.3903913121722479,0.6669118404388428,0.8481661081314087,0.3787184953689575
Scene,Scene_equal4_zero,12345,412,0.4269012402681516,0.5071589752592894,0.5556785464286804,0.4160294830799103,0.0034302491694688797
Scene,Scene_equal4_zero,12345,442,-0.015839857547630603,0.3129363600137439,0.7219654321670532,0.6373448371887207,0.07751401513814926
Scene,Scene_equal4_zero,12345,463,-0.1870324180504291,0.09168948851530534,0.826114296913147,0.40977874398231506,0.002078041434288025
Scene,Scene_equal4_zero,12345,469,0.003837035266418973,0.23318207408104577,0.765240490436554,0.46504175662994385,-0.01404665969312191
Scene,Scene_equal4_zero,12345,486,0.10661918664419007,0.09040961025786319,0.6893918514251709,0.5545386075973511,0.12498816847801208
Scene,Scene_equal4_zero,12345,491,0.5824052677236734,0.4008066373020465,0.5724063515663147,0.7246638536453247,0.12616638839244843
Scene,Scene_equal4_zero,12345,518,0.002851757247854664,0.5262733876686343,0.7432963848114014,0.3914610743522644,0.045936256647109985
Scene,Scene_equal4_zero,12345,523,-0.05438475694585168,0.11606172053985796,0.6236916780471802,0.6028298139572144,0.11171817779541016
Scene,Scene_equal4_zero,12345,545,0.10890817535957906,0.4372224214862742,0.7756738662719727,0.7460704445838928,0.026543106883764267
Scene,Scene_equal4_zero,12345,551,0.012000966050051328,0.04976548753642235,0.8250640630722046,0.4411759078502655,-0.007324524223804474
Scene,Scene_equal4_zero,12345,568,0.09355256584016491,0.39760318701313013,0.7443028688430786,0.7652497291564941,0.44350042939186096
Scene,Scene_equal4_zero,12345,620,0.7714666194906079,0.5347922822767307,0.5775160789489746,0.58012455701828,0.2589416205883026
Scene,Scene_equal4_zero,12345,640,-0.07705011442983335,0.171827270463217,0.629001796245575,0.8206813335418701,0.6504895091056824
Scene,Scene_equal4_zero,12345,648,0.05987989311719233,0.25126164128524214,0.7422940731048584,0.5878906846046448,0.00423336960375309
Scene,Scene_equal4_zero,12345,671,0.13070604862423701,0.38667635948095946,0.5854859948158264,0.804304838180542,0.3982720375061035
Scene,Scene_equal4_zero,12345,755,0.40131591869952565,0.39592322558216414,0.647221565246582,0.6694691777229309,0.3481261134147644
Scene,Scene_equal4_zero,12345,811,0.23826765903683508,0.2556732538766946,0.727123498916626,0.47770339250564575,0.018623515963554382
Scene,Scene_equal4_zero,12345,821,0.054986863249827614,0.257617010576677,0.6266446709632874,0.6536316275596619,0.3250077962875366
Scene,Scene_equal4_zero,12345,824,-0.04416542982894319,0.10069461692934814,0.745915949344635,0.5809624195098877,0.26543042063713074
Scene,Scene_equal4_zero,12345,841,0.09504771976451655,0.2598517341354304,0.7982831597328186,0.47648942470550537,0.037625234574079514
Scene,Scene_equal4_zero,12345,842,0.035556225700379314,0.26327959761637076,0.7864498496055603,0.7100228667259216,0.07940259575843811
Scene,Scene_equal4_zero,12345,850,0.05186931520535568,0.2981830886661786,0.7240535020828247,0.6499054431915283,0.2916354537010193
Scene,Scene_equal4_zero,12345,855,0.03823012005096227,0.44811179298602943,0.6919592022895813,0.7508005499839783,0.04029613360762596
Scene,Scene_equal4_zero,12345,872,0.012992745243175416,0.09154960790415731,0.7736210823059082,0.39520731568336487,0.06093088537454605
Scene,Scene_equal4_zero,12345,873,0.5509567846632533,0.5517816950912712,0.6091968417167664,0.40419623255729675,0.08682882785797119
Scene,Scene_equal4_zero,12345,893,0.3450677358371914,0.2824374831670519,0.7854847311973572,0.5453157424926758,0.058975450694561005
Scene,Scene_equal4_zero,12345,894,0.00459378156430083,0.3263898585686441,0.7547147274017334,0.5496296286582947,0.02932429127395153
Scene,Scene_equal4_zero,12345,918,-0.003078512472787109,0.3085674557178588,0.7002096772193909,0.7608639001846313,0.3143634498119354
Scene,Scene_equal4_zero,12345,943,0.06965979974800086,0.542233371820566,0.7597416043281555,0.6124304533004761,0.34230026602745056
Scene,Scene_equal4_zero,12345,978,0.5433005614373504,0.567691644430783,0.6009328961372375,0.7357383370399475,0.35154712200164795
Scene,Scene_equal4_zero,12345,999,0.0664128142286741,0.3245308853577256,0.7270020246505737,0.6777646541595459,0.016720309853553772
Scene,Scene_full_zero,12345,14,0.675347837730897,0.553586368874555,0.5187943577766418,0.4405519366264343,0.051367051899433136
Scene,Scene_full_zero,12345,15,-0.08561706739654996,0.33756227877595224,0.765310525894165,0.6689614057540894,0.07692575454711914
Scene,Scene_full_zero,12345,36,-0.09793822301166147,0.12337291651368203,0.6421722769737244,0.5780001282691956,0.06284846365451813
Scene,Scene_full_zero,12345,39,-0.5357788665449378,0.2843762558931801,0.5301556587219238,0.6681597232818604,0.3423970341682434
Scene,Scene_full_zero,12345,126,-0.2197644856496714,0.3800072245028477,0.7154162526130676,0.8542576432228088,0.4961094856262207
Scene,Scene_full_zero,12345,132,0.11077460756095851,0.12762738034884238,0.6432222127914429,0.5257425308227539,0.11434288322925568
Scene,Scene_full_zero,12345,167,0.3069212605242814,0.10095255424680835,0.8148373365402222,0.4713469445705414,0.05148456245660782
Scene,Scene_full_zero,12345,196,0.13524188067684115,0.270044991751114,0.6849873661994934,0.7444847822189331,0.15658512711524963
Scene,Scene_full_zero,12345,199,0.12159465617967506,0.20231455051959155,0.6925883293151855,0.5871977806091309,0.07489924877882004
Scene,Scene_full_zero,12345,214,-0.14327291261796346,0.3043806960899823,0.6854251623153687,0.8125449419021606,0.14608466625213623
Scene,Scene_full_zero,12345,241,0.1739518394368649,0.3569845512834956,0.7017659544944763,0.55169278383255,0.018721161410212517
Scene,Scene_full_zero,12345,242,0.40595030295739565,0.5763624387276961,0.6906669735908508,0.5808959007263184,0.09274327009916306
Scene,Scene_full_zero,12345,245,-0.08071220800714164,0.4307791738823559,0.6846264004707336,0.5572073459625244,0.034919559955596924
Scene,Scene_full_zero,12345,249,-0.005872666274436773,0.4039579502075235,0.8427704572677612,0.4105071425437927,0.031897783279418945
Scene,Scene_full_zero,12345,282,0.09363648327016882,0.32537492958847564,0.6622669100761414,0.43209925293922424,0.025000376626849174
Scene,Scene_full_zero,12345,289,-0.1379042948160805,0.3666826305234946,0.7740744948387146,0.599673867225647,0.08356356620788574
Scene,Scene_full_zero,12345,303,0.10863888770655972,0.4624947857911076,0.719266414642334,0.695120096206665,0.007599827833473682
Scene,Scene_full_zero,12345,314,-0.08533683406025198,0.19314727791092393,0.8107423782348633,0.6049947738647461,0.036385487765073776
Scene,Scene_full_zero,12345,393,0.3732915531598355,0.3931868568633537,0.6447829008102417,0.8212041854858398,0.4219822883605957
Scene,Scene_full_zero,12345,412,0.38313203089946163,0.5025701349039439,0.5550956130027771,0.4742152988910675,0.03978221118450165
Scene,Scene_full_zero,12345,442,-0.047423695464554334,0.29564520979514314,0.7074207663536072,0.627919614315033,0.0373985655605793
Scene,Scene_full_zero,12345,463,-0.1607049356191296,0.10276266943867439,0.8159094452857971,0.3336346447467804,0.0414142981171608
Scene,Scene_full_zero,12345,469,0.013230405597656291,0.2264010704279135,0.7530874013900757,0.45231184363365173,-0.003476584330201149
Scene,Scene_full_zero,12345,486,0.07542705277226737,0.07648691750963586,0.7386107444763184,0.6073839664459229,0.07140360027551651
Scene,Scene_full_zero,12345,491,0.5784452457682636,0.39743064156675034,0.566680908203125,0.7388059496879578,0.13609330356121063
Scene,Scene_full_zero,12345,518,-0.034910712333697566,0.5219493634597029,0.7342705130577087,0.4441787004470825,0.10959580540657043
Scene,Scene_full_zero,12345,523,-0.45043542656039454,0.11964905235094152,0.7580148577690125,0.400127112865448,0.043868646025657654
Scene,Scene_full_zero,12345,545,0.06235370261231469,0.39850906187487417,0.7327491044998169,0.7351704835891724,0.026383105665445328
Scene,Scene_full_zero,12345,551,0.001211842166962734,0.05752000417300437,0.8376995921134949,0.4605567157268524,-0.022257281467318535
Scene,Scene_full_zero,12345,568,0.10722547157550034,0.4410011923445333,0.7455387711524963,0.7988771200180054,0.250700443983078
Scene,Scene_full_zero,12345,620,0.7879869642448276,0.5406082820892617,0.5863837003707886,0.572198748588562,0.2151627093553543
Scene,Scene_full_zero,12345,640,-0.07691948214083486,0.20586628354916783,0.8409260511398315,0.6121339797973633,0.08413320034742355
Scene,Scene_full_zero,12345,648,0.17738541283576947,0.27603111569502825,0.7285254001617432,0.6449505686759949,0.04067404568195343
Scene,Scene_full_zero,12345,671,0.16904433327066848,0.39477655608881224,0.5983387231826782,0.7959640026092529,0.3904074430465698
Scene,Scene_full_zero,12345,755,0.40695319093888,0.38386642842005925,0.6475058794021606,0.6754835247993469,0.407406210899353
Scene,Scene_full_zero,12345,811,0.40847341797752973,0.2899795610073338,0.6278666853904724,0.5749870538711548,0.017584875226020813
Scene,Scene_full_zero,12345,821,0.1790773577863317,0.28893156575983314,0.7173734307289124,0.5181496143341064,0.1716747134923935
Scene,Scene_full_zero,12345,824,-0.03738954021125408,0.09489411534883492,0.776342511177063,0.39486563205718994,-0.053234606981277466
Scene,Scene_full_zero,12345,841,-0.27336989672851625,0.3504284496216616,0.8475863933563232,0.463859885931015,0.0629362165927887
Scene,Scene_full_zero,12345,842,0.11948468111833034,0.2645386881917482,0.7660788297653198,0.7303551435470581,0.04695691168308258
Scene,Scene_full_zero,12345,850,0.03963897586619499,0.2963025190030957,0.7026012539863586,0.5790444612503052,0.16779038310050964
Scene,Scene_full_zero,12345,855,0.06613322803774176,0.44372185049494123,0.6590112447738647,0.7162379026412964,0.03810660168528557
Scene,Scene_full_zero,12345,872,0.025862147122578123,0.09572387808835939,0.7798969745635986,0.4673738479614258,0.04848885536193848
Scene,Scene_full_zero,12345,873,0.5736248176178788,0.5512302000630064,0.6091215014457703,0.3791356086730957,0.04620130732655525
Scene,Scene_full_zero,12345,893,0.21213494342395864,0.26970163637740163,0.7882340550422668,0.3913065791130066,0.08955216407775879
Scene,Scene_full_zero,12345,894,0.030264686435018905,0.333056206724951,0.7520846128463745,0.5400117635726929,0.028061438351869583
Scene,Scene_full_zero,12345,918,0.07985707942871945,0.3019024140913595,0.7107257843017578,0.7518278956413269,0.11328378319740295
Scene,Scene_full_zero,12345,943,0.05152379244069005,0.5395688445862789,0.781607449054718,0.6498656272888184,0.15851622819900513
Scene,Scene_full_zero,12345,978,0.5440152280953825,0.5694373943597377,0.6132562160491943,0.627676248550415,0.11375223100185394
Scene,Scene_full_zero,12345,999,0.08087468952479507,0.3184291697405645,0.7308235168457031,0.6811970472335815,0.026051945984363556
Scene,Scene_random_equal4_01_zero,12345,14,0.6848252139947374,0.5568693751473627,0.5184247493743896,0.4672326147556305,0.11187299340963364
Scene,Scene_random_equal4_01_zero,12345,15,-0.04379788396704347,0.33893544867980063,0.7407671213150024,0.6412878632545471,0.07161451876163483
Scene,Scene_random_equal4_01_zero,12345,36,0.05423537271268745,0.1927493152353777,0.6484586000442505,0.5486526489257812,0.0440526120364666
Scene,Scene_random_equal4_01_zero,12345,39,-0.535316675031003,0.28387585763639356,0.5389294028282166,0.6866402626037598,0.4036761522293091
Scene,Scene_random_equal4_01_zero,12345,126,-0.1346099358173861,0.407884415066607,0.7085889577865601,0.85353684425354,0.33397454023361206
Scene,Scene_random_equal4_01_zero,12345,132,0.09653304331436131,0.1015342731293278,0.6746005415916443,0.523878812789917,0.11602916568517685
Scene,Scene_random_equal4_01_zero,12345,167,0.19697181129720606,0.10268511169486846,0.7256945371627808,0.4263504445552826,-0.011063916608691216
Scene,Scene_random_equal4_01_zero,12345,196,0.14692311908055772,0.278444505851185,0.6746165156364441,0.717128574848175,0.15599766373634338
Scene,Scene_random_equal4_01_zero,12345,199,0.12905131724764174,0.20422197755002428,0.6803956627845764,0.584928572177887,0.07919756323099136
Scene,Scene_random_equal4_01_zero,12345,214,-0.12573924160770533,0.28384641387620063,0.6623157262802124,0.8810355067253113,0.1956857442855835
Scene,Scene_random_equal4_01_zero,12345,241,0.15353209397184212,0.35317287033549033,0.6960008144378662,0.505705714225769,0.022799469530582428
Scene,Scene_random_equal4_01_zero,12345,242,-0.0063989363884470905,0.5130416444056837,0.7975229620933533,0.535422682762146,0.012099545449018478
Scene,Scene_random_equal4_01_zero,12345,245,-0.08596274113476053,0.4263020668016471,0.7029455900192261,0.5368746519088745,0.06372618675231934
Scene,Scene_random_equal4_01_zero,12345,249,-0.022496980018583995,0.3774639611797463,0.8231457471847534,0.4481728672981262,0.023771103471517563
Scene,Scene_random_equal4_01_zero,12345,282,0.10225390384656535,0.32468786599503147,0.6813979744911194,0.46358203887939453,0.017504572868347168
Scene,Scene_random_equal4_01_zero,12345,289,-0.16402193660667264,0.3620021288924945,0.7406445741653442,0.6029011607170105,0.12444913387298584
Scene,Scene_random_equal4_01_zero,12345,303,0.126274409160069,0.4436025588229802,0.7275557518005371,0.6219064593315125,0.056532926857471466
Scene,Scene_random_equal4_01_zero,12345,314,-0.07635873329312814,0.1941528097084482,0.8222419619560242,0.6176143884658813,0.0871223509311676
Scene,Scene_random_equal4_01_zero,12345,393,0.3684976801598006,0.3972261361178744,0.6515547037124634,0.8479939103126526,0.41152334213256836
Scene,Scene_random_equal4_01_zero,12345,412,0.4246880600479403,0.5078402214609418,0.5528930425643921,0.4749314486980438,-0.0018205828964710236
Scene,Scene_random_equal4_01_zero,12345,442,-0.03232886127820754,0.28912863967597413,0.7128230333328247,0.644897997379303,0.08316421508789062
Scene,Scene_random_equal4_01_zero,12345,463,-0.17569837386393025,0.09898947653743058,0.8087072372436523,0.41084662079811096,0.06208149343729019
Scene,Scene_random_equal4_01_zero,12345,469,0.015870696828453865,0.23848227132886096,0.7909284830093384,0.42439961433410645,-0.029441002756357193
Scene,Scene_random_equal4_01_zero,12345,486,0.12855565196708116,0.09482042228534321,0.7215936779975891,0.6889103651046753,0.18107248842716217
Scene,Scene_random_equal4_01_zero,12345,491,0.587398790888021,0.40703767970568827,0.5847906470298767,0.7190966010093689,0.14449623227119446
Scene,Scene_random_equal4_01_zero,12345,518,0.15970109627817422,0.3394377091250328,0.7502091526985168,0.4754330515861511,0.06517593562602997
Scene,Scene_random_equal4_01_zero,12345,523,-0.03343200018435038,0.10900166990333549,0.6066504716873169,0.7273073196411133,0.2014012336730957
Scene,Scene_random_equal4_01_zero,12345,545,0.08463563782336977,0.4119080003690918,0.7507980465888977,0.7223174571990967,0.0744943842291832
Scene,Scene_random_equal4_01_zero,12345,551,0.015716149535811488,0.06389006513723991,0.821112334728241,0.42529547214508057,0.03298726677894592
Scene,Scene_random_equal4_01_zero,12345,568,0.10918034054982839,0.4124485394620213,0.7353811264038086,0.8066484332084656,0.37850087881088257
Scene,Scene_random_equal4_01_zero,12345,620,0.7704830376965617,0.5250551944589786,0.5796242952346802,0.570757269859314,0.2027560919523239
Scene,Scene_random_equal4_01_zero,12345,640,-0.05680116831581055,0.1655364684020188,0.6392631530761719,0.7998902797698975,0.6317636370658875
Scene,Scene_random_equal4_01_zero,12345,648,0.052507994618930846,0.254172981260322,0.7431460022926331,0.6159954071044922,0.005013716407120228
Scene,Scene_random_equal4_01_zero,12345,671,0.12851669789451214,0.4004774123471507,0.6222716569900513,0.7781781554222107,0.3717154264450073
Scene,Scene_random_equal4_01_zero,12345,755,0.39644493580212364,0.3969022039161841,0.6445513367652893,0.6646720170974731,0.42390871047973633
Scene,Scene_random_equal4_01_zero,12345,811,0.21590997977549145,0.2560372340918741,0.7112946510314941,0.6079188585281372,0.05576266348361969
Scene,Scene_random_equal4_01_zero,12345,821,0.030626244002216692,0.22272286251346662,0.6687065958976746,0.7702234983444214,0.7145833969116211
Scene,Scene_random_equal4_01_zero,12345,824,-0.0606739080251257,0.09718257527355592,0.724675714969635,0.5346468091011047,0.14756037294864655
Scene,Scene_random_equal4_01_zero,12345,841,0.1209837072253766,0.30085646792848464,0.789815366268158,0.6212992668151855,0.14694596827030182
Scene,Scene_random_equal4_01_zero,12345,842,0.06031811585692422,0.270711464574222,0.7906694412231445,0.6822648048400879,0.07703198492527008
Scene,Scene_random_equal4_01_zero,12345,850,0.0656498104154313,0.2803853070849287,0.7185834050178528,0.6767088174819946,0.2574913501739502
Scene,Scene_random_equal4_01_zero,12345,855,0.03086236719289695,0.4506258264333819,0.7024850845336914,0.716181755065918,0.03309540078043938
Scene,Scene_random_equal4_01_zero,12345,872,-0.028367591623401293,0.0900119618734707,0.7138447761535645,0.38499966263771057,0.048994094133377075
Scene,Scene_random_equal4_01_zero,12345,873,0.5430266135852609,0.5487123429927397,0.6216161847114563,0.41170138120651245,0.08888190984725952
Scene,Scene_random_equal4_01_zero,12345,893,0.3436234775723118,0.28437157535257285,0.7788792848587036,0.5370532870292664,0.07192675769329071
Scene,Scene_random_equal4_01_zero,12345,894,0.018380407202381502,0.32266911638431617,0.7397327423095703,0.5540639162063599,0.023857060819864273
Scene,Scene_random_equal4_01_zero,12345,918,0.02378697774145981,0.3123415429440499,0.6935981512069702,0.6006578207015991,0.24822160601615906
Scene,Scene_random_equal4_01_zero,12345,943,0.08826254205864097,0.5316592072067585,0.7534085512161255,0.6277391910552979,0.2925589680671692
Scene,Scene_random_equal4_01_zero,12345,978,0.5706654817400432,0.5794609302094642,0.6009055376052856,0.8342499136924744,0.7284870147705078
Scene,Scene_random_equal4_01_zero,12345,999,0.07668232137121381,0.32384051679313514,0.7235095500946045,0.6535629034042358,0.006741821765899658
Scene,Scene_random_equal4_02_zero,12345,14,0.6798702309319986,0.5540186625645843,0.5049589276313782,0.46083104610443115,0.052103959023952484
Scene,Scene_random_equal4_02_zero,12345,15,-0.065243201127304,0.3360990489444819,0.7756999731063843,0.7354179620742798,0.07559975981712341
Scene,Scene_random_equal4_02_zero,12345,36,0.19083809059074802,0.2673353711968753,0.6732211112976074,0.3923298120498657,0.047337111085653305
Scene,Scene_random_equal4_02_zero,12345,39,-0.5187122338939412,0.28298841388421253,0.5281869769096375,0.6856683492660522,0.3956708312034607
Scene,Scene_random_equal4_02_zero,12345,126,-0.16645356510845818,0.4273530637931851,0.7372976541519165,0.9058107137680054,0.27316489815711975
Scene,Scene_random_equal4_02_zero,12345,132,0.08799802967545649,0.10321977425531279,0.6891443729400635,0.5387791395187378,0.14499269425868988
Scene,Scene_random_equal4_02_zero,12345,167,0.2047175568281972,0.10501181790853174,0.722042977809906,0.4232040047645569,-0.02573787420988083
Scene,Scene_random_equal4_02_zero,12345,196,0.10210004727164455,0.27001070560453566,0.6914035081863403,0.736181914806366,0.11670251190662384
Scene,Scene_random_equal4_02_zero,12345,199,0.1394844883160928,0.20311110569114543,0.6863521933555603,0.5779426693916321,0.10032953321933746
Scene,Scene_random_equal4_02_zero,12345,214,-0.08804600999892022,0.2788788391212557,0.6512875556945801,0.8191953897476196,0.1239660233259201
Scene,Scene_random_equal4_02_zero,12345,241,0.15780671097791035,0.35088041266211756,0.6940496563911438,0.5166046619415283,0.01333644799888134
Scene,Scene_random_equal4_02_zero,12345,242,-0.059964769659788815,0.503105378083543,0.816116452217102,0.5125771760940552,-0.012580648064613342
Scene,Scene_random_equal4_02_zero,12345,245,-0.0912851815213607,0.43170535988049624,0.6889544725418091,0.5404262542724609,-0.005629510618746281
Scene,Scene_random_equal4_02_zero,12345,249,-0.029875452095486074,0.3818254998015027,0.8275465965270996,0.44784408807754517,0.018993347883224487
Scene,Scene_random_equal4_02_zero,12345,282,0.10956414469081494,0.31580966152310513,0.6787617206573486,0.49294909834861755,0.02916587144136429
Scene,Scene_random_equal4_02_zero,12345,289,-0.15026311918950083,0.3905322586945215,0.7511626482009888,0.7198789715766907,0.0901968777179718
Scene,Scene_random_equal4_02_zero,12345,303,0.09003072187133371,0.4576985620372573,0.7526272535324097,0.712678074836731,0.057382263243198395
Scene,Scene_random_equal4_02_zero,12345,314,-0.07364683333672338,0.19003906818040409,0.8180333375930786,0.5760658979415894,0.06613573431968689
Scene,Scene_random_equal4_02_zero,12345,393,0.32031984359819565,0.39013246421716713,0.6784936189651489,0.8224881887435913,0.2916325628757477
Scene,Scene_random_equal4_02_zero,12345,412,0.4283427514572488,0.5075840013976459,0.5542472004890442,0.44736695289611816,0.015452309511601925
Scene,Scene_random_equal4_02_zero,12345,442,-0.05291927406967373,0.31409887963537525,0.7202808260917664,0.6595017910003662,0.0372372642159462
Scene,Scene_random_equal4_02_zero,12345,463,-0.16818093103829024,0.09972254915308128,0.8043715357780457,0.4295632839202881,0.05723743140697479
Scene,Scene_random_equal4_02_zero,12345,469,-0.005211030013796432,0.23221658574706278,0.7682485580444336,0.4658408761024475,-0.01266070269048214
Scene,Scene_random_equal4_02_zero,12345,486,0.11549255977124469,0.08903268529369571,0.7375555038452148,0.5665559768676758,0.09515401721000671
Scene,Scene_random_equal4_02_zero,12345,491,0.5917623748496478,0.40883730438919036,0.5745778679847717,0.7100105285644531,0.14179593324661255
Scene,Scene_random_equal4_02_zero,12345,518,0.01486114160491848,0.5280339316941774,0.7616446018218994,0.5213013887405396,0.03198658674955368
Scene,Scene_random_equal4_02_zero,12345,523,-0.030007533884411807,0.09870388216029087,0.6505154967308044,0.5477214455604553,0.015433846041560173
Scene,Scene_random_equal4_02_zero,12345,545,0.16071959864259708,0.4365640969858475,0.770776629447937,0.6865217685699463,0.04371243342757225
Scene,Scene_random_equal4_02_zero,12345,551,0.009932044622926649,0.06027272186701161,0.8173124194145203,0.3674653172492981,0.011916948482394218
Scene,Scene_random_equal4_02_zero,12345,568,0.07443789476962959,0.4293276837906228,0.7491825819015503,0.7870402336120605,0.30850815773010254
Scene,Scene_random_equal4_02_zero,12345,620,0.7771932142715818,0.5308639454950201,0.5721433162689209,0.6397174596786499,0.2057258039712906
Scene,Scene_random_equal4_02_zero,12345,640,-0.05822586393464383,0.1652166176668228,0.6355127096176147,0.8112925887107849,0.6482841968536377
Scene,Scene_random_equal4_02_zero,12345,648,0.058669303896460585,0.2589383506709351,0.7409471273422241,0.6242116093635559,0.0007148366421461105
Scene,Scene_random_equal4_02_zero,12345,671,0.11737814689281943,0.3963748080428614,0.6209609508514404,0.7846091985702515,0.3448851704597473
Scene,Scene_random_equal4_02_zero,12345,755,0.4049359132483929,0.39675106187096537,0.6432280540466309,0.6573611497879028,0.41539934277534485
Scene,Scene_random_equal4_02_zero,12345,811,0.2233458366778896,0.25391984714305643,0.732734739780426,0.4837481677532196,-0.013393383473157883
Scene,Scene_random_equal4_02_zero,12345,821,0.055520964579419296,0.22989229557430224,0.6352572441101074,0.79510098695755,0.7063772678375244
Scene,Scene_random_equal4_02_zero,12345,824,-0.04912384711936875,0.10096212752365191,0.7410166263580322,0.5667752027511597,0.2298373579978943
Scene,Scene_random_equal4_02_zero,12345,841,0.1435350338262313,0.2940481050741662,0.7914204597473145,0.5728870630264282,0.13869105279445648
Scene,Scene_random_equal4_02_zero,12345,842,0.09017105054743527,0.278371388997437,0.8022451400756836,0.6791205406188965,0.06856004893779755
Scene,Scene_random_equal4_02_zero,12345,850,0.06102715040846524,0.28849030856266816,0.7122543454170227,0.7033882141113281,0.256489098072052
Scene,Scene_random_equal4_02_zero,12345,855,0.029299622947371862,0.44849222086499013,0.6969083547592163,0.7220289707183838,-0.0359116792678833
Scene,Scene_random_equal4_02_zero,12345,872,-0.02333877427887665,0.09217387242358425,0.7195324301719666,0.3326297104358673,0.01593836396932602
Scene,Scene_random_equal4_02_zero,12345,873,0.5406810098165137,0.5481807468997577,0.6183472275733948,0.4159388244152069,0.07741096615791321
Scene,Scene_random_equal4_02_zero,12345,893,0.3380768858688808,0.28159375894458055,0.7911211252212524,0.5410537719726562,0.07351870834827423
Scene,Scene_random_equal4_02_zero,12345,894,0.03363807030243146,0.3296633184353323,0.7551223635673523,0.534537672996521,0.005180183798074722
Scene,Scene_random_equal4_02_zero,12345,918,0.08475755699557702,0.31565991478044814,0.6847843527793884,0.6991773843765259,0.07203701883554459
Scene,Scene_random_equal4_02_zero,12345,943,0.06549589049650717,0.5391356416414601,0.7613725066184998,0.601719856262207,0.3264749348163605
Scene,Scene_random_equal4_02_zero,12345,978,0.5523596695300556,0.5667779660240038,0.6034793257713318,0.7297884225845337,0.3027143180370331
Scene,Scene_random_equal4_02_zero,12345,999,0.08540586960986021,0.3248837477658985,0.7302043437957764,0.6601405143737793,-0.03138021007180214
Scene,Scene_random_equal4_03_zero,12345,14,0.671981575091525,0.5575066889477119,0.5302286744117737,0.4603312015533447,0.06228119879961014
Scene,Scene_random_equal4_03_zero,12345,15,-0.04013132033790516,0.3390931078936478,0.7563437223434448,0.6092257499694824,0.03221183270215988
Scene,Scene_random_equal4_03_zero,12345,36,0.19459741123438182,0.26819399174035735,0.6840944290161133,0.41576462984085083,0.051985226571559906
Scene,Scene_random_equal4_03_zero,12345,39,-0.5177804702671331,0.2841249515725727,0.5356151461601257,0.7036202549934387,0.4100225865840912
Scene,Scene_random_equal4_03_zero,12345,126,-0.15728182408590172,0.41426942632621566,0.6893090605735779,0.8739616274833679,0.22636154294013977
Scene,Scene_random_equal4_03_zero,12345,132,0.07967369703520458,0.10175307151853664,0.6875620484352112,0.5433261394500732,0.12676048278808594
Scene,Scene_random_equal4_03_zero,12345,167,0.18688451202228767,0.10074902118874249,0.7116381525993347,0.43381601572036743,0.010864438489079475
Scene,Scene_random_equal4_03_zero,12345,196,0.11412294929360675,0.27598025643457674,0.649567186832428,0.7485170364379883,0.17275038361549377
Scene,Scene_random_equal4_03_zero,12345,199,0.1579997445694857,0.20410471648875658,0.7009983062744141,0.5809688568115234,0.059490613639354706
Scene,Scene_random_equal4_03_zero,12345,214,-0.0862208923671579,0.3118110696761655,0.6916790008544922,0.7137646079063416,0.06716334819793701
Scene,Scene_random_equal4_03_zero,12345,241,0.15734762402692484,0.3511329667459435,0.6906149983406067,0.5377944707870483,0.03441791608929634
Scene,Scene_random_equal4_03_zero,12345,242,-0.04258777321284268,0.5071386863426433,0.8188519477844238,0.5081840753555298,0.009397502988576889
Scene,Scene_random_equal4_03_zero,12345,245,-0.10648922598450224,0.43077324902245173,0.6753628849983215,0.5305943489074707,-0.007627017796039581
Scene,Scene_random_equal4_03_zero,12345,249,-0.023969236924401113,0.3812813792399963,0.8231720328330994,0.43252331018447876,0.016328396275639534
Scene,Scene_random_equal4_03_zero,12345,282,0.11164274328284261,0.2977502923804122,0.6645219326019287,0.47049567103385925,0.09883894771337509
Scene,Scene_random_equal4_03_zero,12345,289,-0.16584145990307492,0.3615804227336279,0.7555272579193115,0.6862536668777466,0.17311200499534607
Scene,Scene_random_equal4_03_zero,12345,303,0.1220491862888135,0.43917752234405105,0.7322219610214233,0.5999097228050232,0.04845448210835457
Scene,Scene_random_equal4_03_zero,12345,314,-0.0766622664736682,0.19116920809247356,0.828291118144989,0.5847012996673584,0.06585744023323059
Scene,Scene_random_equal4_03_zero,12345,393,0.36105616380400735,0.39834174760792557,0.6568396091461182,0.8585606813430786,0.3967288136482239
Scene,Scene_random_equal4_03_zero,12345,412,0.43347914564756523,0.5076080196951034,0.5679932832717896,0.4648888111114502,-0.017963852733373642
Scene,Scene_random_equal4_03_zero,12345,442,-0.03232140843621857,0.29531657137226414,0.7186998128890991,0.595355749130249,0.12865614891052246
Scene,Scene_random_equal4_03_zero,12345,463,-0.16644712170075937,0.0992845099026228,0.8036304712295532,0.402302622795105,0.04233136773109436
Scene,Scene_random_equal4_03_zero,12345,469,-0.004172862554403329,0.2313587808479938,0.7736481428146362,0.47340354323387146,-0.016532381996512413
Scene,Scene_random_equal4_03_zero,12345,486,0.12896863028361244,0.09751061628707763,0.7101629972457886,0.6603001356124878,0.23494121432304382
Scene,Scene_random_equal4_03_zero,12345,491,0.583873194270442,0.4041546089586544,0.5731831789016724,0.6953792572021484,0.10830346494913101
Scene,Scene_random_equal4_03_zero,12345,518,0.01748195103082673,0.5267155877642715,0.7592059969902039,0.4869850277900696,0.08244810998439789
Scene,Scene_random_equal4_03_zero,12345,523,-0.017024009768353558,0.09062278578279859,0.6617158651351929,0.505317211151123,-0.015274853445589542
Scene,Scene_random_equal4_03_zero,12345,545,0.1107137830191329,0.4496654615347139,0.7752536535263062,0.7436487078666687,0.02250000275671482
Scene,Scene_random_equal4_03_zero,12345,551,0.013625379629193095,0.05440420782344857,0.8325731754302979,0.3969038426876068,0.008129941299557686
Scene,Scene_random_equal4_03_zero,12345,568,0.12241983372090576,0.42046610966721976,0.734897255897522,0.7775814533233643,0.38418540358543396
Scene,Scene_random_equal4_03_zero,12345,620,0.7722595132843123,0.5329123630469851,0.5712593793869019,0.6087601780891418,0.21429559588432312
Scene,Scene_random_equal4_03_zero,12345,640,-0.06610215481602856,0.1646600344025024,0.6402435302734375,0.8018730282783508,0.6578065156936646
Scene,Scene_random_equal4_03_zero,12345,648,0.09924474926318262,0.25891329296271093,0.7465355396270752,0.5722430944442749,0.050622906535863876
Scene,Scene_random_equal4_03_zero,12345,671,0.1137308076313105,0.3976481069080785,0.6178306341171265,0.7821416258811951,0.340414434671402
Scene,Scene_random_equal4_03_zero,12345,755,0.39632335123926404,0.3933830187777085,0.6410048007965088,0.6632984280586243,0.41963016986846924
Scene,Scene_random_equal4_03_zero,12345,811,0.22939790698632964,0.25541453682422577,0.7357855439186096,0.46760857105255127,0.0078296959400177
Scene,Scene_random_equal4_03_zero,12345,821,0.029238132134003975,0.2258650237238876,0.6412359476089478,0.7582910060882568,0.7028902769088745
Scene,Scene_random_equal4_03_zero,12345,824,-0.06900186402941055,0.09485694513674216,0.7329153418540955,0.5912882089614868,0.2649773359298706
Scene,Scene_random_equal4_03_zero,12345,841,0.1384131699974551,0.29536295203735696,0.7952559590339661,0.5871631503105164,0.07227498292922974
Scene,Scene_random_equal4_03_zero,12345,842,0.025238139082627502,0.2620847285033477,0.7674249410629272,0.6993870735168457,0.02908197045326233
Scene,Scene_random_equal4_03_zero,12345,850,0.07250253711893594,0.28845610982531683,0.7153617739677429,0.5903486609458923,0.23418697714805603
Scene,Scene_random_equal4_03_zero,12345,855,0.04200223485520674,0.45500849958266454,0.6866419911384583,0.7191219925880432,0.033704373985528946
Scene,Scene_random_equal4_03_zero,12345,872,-0.01562803498965766,0.09187755711857042,0.7281872034072876,0.32431963086128235,0.06064603477716446
Scene,Scene_random_equal4_03_zero,12345,873,0.5395936075123184,0.5475277718723854,0.6102319955825806,0.39923834800720215,0.06567203998565674
Scene,Scene_random_equal4_03_zero,12345,893,0.34353433912260833,0.2832307880254384,0.7794661521911621,0.5215952396392822,0.0815381333231926
Scene,Scene_random_equal4_03_zero,12345,894,0.029900560248992018,0.3267917331433874,0.7520722150802612,0.5383391976356506,0.021445732563734055
Scene,Scene_random_equal4_03_zero,12345,918,0.028387517877036566,0.3034906626596883,0.6812960505485535,0.6942923069000244,0.2928622364997864
Scene,Scene_random_equal4_03_zero,12345,943,0.06336506214542374,0.539113182611718,0.7648866772651672,0.5982656478881836,0.32442209124565125
Scene,Scene_random_equal4_03_zero,12345,978,0.5513495283182814,0.5685315037494225,0.6040462851524353,0.7505143880844116,0.3134155571460724
Scene,Scene_random_equal4_03_zero,12345,999,0.05585493927346759,0.3217322114008973,0.728148341178894,0.6797225475311279,-0.0035924790427088737
Scene,Scene_random_equal4_04_zero,12345,14,0.6831084858349403,0.557496947176117,0.5196484327316284,0.4540095329284668,0.07434728741645813
Scene,Scene_random_equal4_04_zero,12345,15,-0.04556288525872915,0.33492849684931303,0.737255334854126,0.6159946918487549,0.07302208989858627
Scene,Scene_random_equal4_04_zero,12345,36,0.016274368329768002,0.18209583855084893,0.6516591310501099,0.5768367052078247,-0.0047136214561760426
Scene,Scene_random_equal4_04_zero,12345,39,-0.5324234114209311,0.28400389108977553,0.5362978577613831,0.6791032552719116,0.3945986032485962
Scene,Scene_random_equal4_04_zero,12345,126,-0.09291912265515317,0.39855346741383024,0.7010228633880615,0.8806869387626648,0.47225356101989746
Scene,Scene_random_equal4_04_zero,12345,132,0.0895432876653548,0.10000470144192256,0.6676578521728516,0.5033770799636841,0.1851353943347931
Scene,Scene_random_equal4_04_zero,12345,167,0.19821530949974916,0.10119428788309914,0.7263784408569336,0.4070073068141937,-0.007225297391414642
Scene,Scene_random_equal4_04_zero,12345,196,0.14109012884086772,0.2717112451226531,0.6691083312034607,0.6963399052619934,0.11289069056510925
Scene,Scene_random_equal4_04_zero,12345,199,0.1161177510347823,0.1989010223992786,0.7077318429946899,0.6900954842567444,0.16339847445487976
Scene,Scene_random_equal4_04_zero,12345,214,-0.1148268270238355,0.291818840691901,0.6773779988288879,0.8575770258903503,0.26522475481033325
Scene,Scene_random_equal4_04_zero,12345,241,0.15360419048252397,0.35369202745481493,0.6968932747840881,0.49622657895088196,0.02927287295460701
Scene,Scene_random_equal4_04_zero,12345,242,-0.010966666961128508,0.5129105580441385,0.8012083768844604,0.5220514535903931,0.015688516199588776
Scene,Scene_random_equal4_04_zero,12345,245,-0.0847869558500943,0.43408367403455084,0.6910724639892578,0.5711747407913208,0.08940470218658447
Scene,Scene_random_equal4_04_zero,12345,249,-0.022917277329279662,0.3782525052638029,0.8231342434883118,0.4374695122241974,0.02173316851258278
Scene,Scene_random_equal4_04_zero,12345,282,0.10165390215698898,0.324701507855607,0.6829405426979065,0.4667435586452484,0.01621675118803978
Scene,Scene_random_equal4_04_zero,12345,289,-0.16695777928714572,0.36159594977389253,0.7437680959701538,0.6782352924346924,0.12336727976799011
Scene,Scene_random_equal4_04_zero,12345,303,0.1266027318752595,0.44195164564488804,0.7372316122055054,0.6273798942565918,0.12994852662086487
Scene,Scene_random_equal4_04_zero,12345,314,-0.0758096078096249,0.19451338370813548,0.8168945908546448,0.6254450678825378,0.054721683263778687
Scene,Scene_random_equal4_04_zero,12345,393,0.36956651979155697,0.3979937204208593,0.6526563763618469,0.8541915416717529,0.40848633646965027
Scene,Scene_random_equal4_04_zero,12345,412,0.4194422487473089,0.5077302283735069,0.5557677149772644,0.46248382329940796,0.028141945600509644
Scene,Scene_random_equal4_04_zero,12345,442,-0.024611828070945665,0.29246103855957134,0.7101523280143738,0.6332486867904663,0.06086555868387222
Scene,Scene_random_equal4_04_zero,12345,463,-0.17767978749463686,0.09966779814408941,0.8105737566947937,0.40899309515953064,0.06456552445888519
Scene,Scene_random_equal4_04_zero,12345,469,0.02526788715989648,0.23900536544636947,0.7933793663978577,0.3742275834083557,-0.024804115295410156
Scene,Scene_random_equal4_04_zero,12345,486,0.1193910126824997,0.09744324984175239,0.7232412695884705,0.6424815654754639,0.18066807091236115
Scene,Scene_random_equal4_04_zero,12345,491,0.5817356382124268,0.4062029941185621,0.5701904296875,0.7289954423904419,0.1449238359928131
Scene,Scene_random_equal4_04_zero,12345,518,0.1673266524183303,0.34571576597771436,0.7493482828140259,0.42081114649772644,0.052092958241701126
Scene,Scene_random_equal4_04_zero,12345,523,-0.03962801642632573,0.10473839946916623,0.6128133535385132,0.7202084064483643,0.26991331577301025
Scene,Scene_random_equal4_04_zero,12345,545,0.0774073966945164,0.4049677754405641,0.7661644816398621,0.7377814650535583,0.07088804244995117
Scene,Scene_random_equal4_04_zero,12345,551,0.02204580782334971,0.06303883631087764,0.8077081441879272,0.43859344720840454,0.02734702080488205
Scene,Scene_random_equal4_04_zero,12345,568,0.09053542063803151,0.41076378735225594,0.7465212941169739,0.757631242275238,0.45687025785446167
Scene,Scene_random_equal4_04_zero,12345,620,0.7550361757066529,0.5169506989215796,0.5743438005447388,0.6327260136604309,0.2986501455307007
Scene,Scene_random_equal4_04_zero,12345,640,-0.05979975626606185,0.1678888818093787,0.6328287124633789,0.8194219470024109,0.6129528880119324
Scene,Scene_random_equal4_04_zero,12345,648,0.05425439341623059,0.2548452967542447,0.7453076839447021,0.6376948356628418,0.015517071820795536
Scene,Scene_random_equal4_04_zero,12345,671,0.15214290968894784,0.3983525151901382,0.613268256187439,0.754758358001709,0.3084242343902588
Scene,Scene_random_equal4_04_zero,12345,755,0.3958668056071178,0.3956509748123105,0.6437960863113403,0.6744118332862854,0.4151814579963684
Scene,Scene_random_equal4_04_zero,12345,811,0.19507223230568138,0.2538161032243484,0.7206252813339233,0.6045870780944824,-0.01621408760547638
Scene,Scene_random_equal4_04_zero,12345,821,0.029289104050100528,0.22061333782790912,0.6696074604988098,0.7588620185852051,0.7091032266616821
Scene,Scene_random_equal4_04_zero,12345,824,-0.06497198633654096,0.09923679047575015,0.7276915311813354,0.5198757648468018,0.09313881397247314
Scene,Scene_random_equal4_04_zero,12345,841,0.11556381033055577,0.3018439898451167,0.791181206703186,0.6243149042129517,0.15909993648529053
Scene,Scene_random_equal4_04_zero,12345,842,0.04988994770197799,0.2694427663327382,0.7855333089828491,0.6836590766906738,0.07234842330217361
Scene,Scene_random_equal4_04_zero,12345,850,0.08355067350019761,0.28901785524065216,0.7146352529525757,0.7173306941986084,0.2838056683540344
Scene,Scene_random_equal4_04_zero,12345,855,0.03152224791797425,0.4497112420598733,0.7214527130126953,0.7236505746841431,0.05181790888309479
Scene,Scene_random_equal4_04_zero,12345,872,-0.03170788224777995,0.09069571458139176,0.7250908613204956,0.3313189446926117,0.039980579167604446
Scene,Scene_random_equal4_04_zero,12345,873,0.5436918791696099,0.5528868881452775,0.6164332628250122,0.4272468388080597,0.07087714970111847
Scene,Scene_random_equal4_04_zero,12345,893,0.3434414132841345,0.2841330887675824,0.7817529439926147,0.5463485717773438,0.08699164539575577
Scene,Scene_random_equal4_04_zero,12345,894,0.036826351593446355,0.32519084259790726,0.752259373664856,0.5739559531211853,0.02340085245668888
Scene,Scene_random_equal4_04_zero,12345,918,-0.001510210628891735,0.3122800779389143,0.7118467092514038,0.7257658243179321,0.26298660039901733
Scene,Scene_random_equal4_04_zero,12345,943,0.0955178676759955,0.5315786696152306,0.7479546070098877,0.5510245561599731,0.38552215695381165
Scene,Scene_random_equal4_04_zero,12345,978,0.5713207459637688,0.5804628624781021,0.5979046821594238,0.8008913993835449,0.6635364890098572
Scene,Scene_random_equal4_04_zero,12345,999,0.08007428595940944,0.32546928713750495,0.7344813346862793,0.6810520887374878,0.015213393606245518
Scene,Scene_random_equal4_05_zero,12345,14,0.7101391682935008,0.5229524995214958,0.5064499378204346,0.5502676963806152,0.2169882208108902
Scene,Scene_random_equal4_05_zero,12345,15,-0.0638157263997583,0.34193483791246143,0.7641238570213318,0.6024671792984009,0.06934143602848053
Scene,Scene_random_equal4_05_zero,12345,36,0.0006863219001387948,0.16792495192020954,0.6172380447387695,0.5597718358039856,0.01619713380932808
Scene,Scene_random_equal4_05_zero,12345,39,-0.4969933052169809,0.28099873528749464,0.5567319393157959,0.6363751292228699,0.39128220081329346
Scene,Scene_random_equal4_05_zero,12345,126,-0.18848205626384051,0.37730939481599535,0.7233926653862,0.9026095271110535,0.2011379599571228
Scene,Scene_random_equal4_05_zero,12345,132,0.08065717749714667,0.1010654088920595,0.6731116771697998,0.5457485914230347,0.15750223398208618
Scene,Scene_random_equal4_05_zero,12345,167,0.19490292157082276,0.10301481647919053,0.7148128747940063,0.44614484906196594,0.030611244961619377
Scene,Scene_random_equal4_05_zero,12345,196,0.15651415207227995,0.293533164964229,0.6619390845298767,0.7347346544265747,0.09898248314857483
Scene,Scene_random_equal4_05_zero,12345,199,0.15063176425978317,0.20137218333058143,0.6890115141868591,0.6509634852409363,0.2447967231273651
Scene,Scene_random_equal4_05_zero,12345,214,-0.05420534044839824,0.28710117423821147,0.6697595119476318,0.7502554655075073,0.18613100051879883
Scene,Scene_random_equal4_05_zero,12345,241,0.17033561838099381,0.3614266851244134,0.7012683749198914,0.5324558019638062,0.007523101754486561
Scene,Scene_random_equal4_05_zero,12345,242,-0.06154794207694649,0.42702070424321764,0.8169553279876709,0.5119458436965942,0.06186628341674805
Scene,Scene_random_equal4_05_zero,12345,245,-0.024248886277124643,0.44237475424022127,0.6856067776679993,0.6002064943313599,0.03188970685005188
Scene,Scene_random_equal4_05_zero,12345,249,-0.025195424333946448,0.3719417988602615,0.8282949924468994,0.448718398809433,0.017223870381712914
Scene,Scene_random_equal4_05_zero,12345,282,-0.05197469425629007,0.2828895222351313,0.6190600395202637,0.2785903513431549,0.09139807522296906
Scene,Scene_random_equal4_05_zero,12345,289,-0.14542185021592618,0.3669243824961178,0.7561692595481873,0.5929105877876282,0.12152457982301712
Scene,Scene_random_equal4_05_zero,12345,303,0.10165285997842675,0.45493972661586735,0.7575375437736511,0.7320408821105957,0.14067265391349792
Scene,Scene_random_equal4_05_zero,12345,314,-0.046396407099382045,0.1955797600248274,0.8198955655097961,0.607671856880188,0.1244572326540947
Scene,Scene_random_equal4_05_zero,12345,393,0.4050855916273886,0.3844173799724702,0.6270920634269714,0.8303262591362,0.3973073959350586
Scene,Scene_random_equal4_05_zero,12345,412,0.3509494404202438,0.4818517600830137,0.6290114521980286,0.44157183170318604,0.050037577748298645
Scene,Scene_random_equal4_05_zero,12345,442,-0.054572472881318154,0.2670728508453666,0.7118269205093384,0.5868262052536011,0.037522368133068085
Scene,Scene_random_equal4_05_zero,12345,463,-0.1759880562409789,0.10314558426132943,0.810299813747406,0.47695890069007874,0.06937269121408463
Scene,Scene_random_equal4_05_zero,12345,469,0.07181609887757376,0.23692370212771677,0.7772923707962036,0.4299048185348511,-0.023870736360549927
Scene,Scene_random_equal4_05_zero,12345,486,0.0934835234666769,0.09010048498175793,0.717170000076294,0.5506846904754639,0.03140493854880333
Scene,Scene_random_equal4_05_zero,12345,491,0.5945266716183815,0.4037620820183488,0.5828317403793335,0.6776894330978394,0.06609891355037689
Scene,Scene_random_equal4_05_zero,12345,518,0.15467153055554705,0.39504545949431596,0.7638329267501831,0.5089099407196045,0.07014261186122894
Scene,Scene_random_equal4_05_zero,12345,523,-0.059267530160190096,0.12058611066088501,0.6273064017295837,0.6298252940177917,0.12380734831094742
Scene,Scene_random_equal4_05_zero,12345,545,0.08980001340083872,0.4281520765186108,0.7667129039764404,0.7233651280403137,0.031012170016765594
Scene,Scene_random_equal4_05_zero,12345,551,0.00646210908602088,0.0606755020146916,0.8150331377983093,0.3963446021080017,0.010818534530699253
Scene,Scene_random_equal4_05_zero,12345,568,0.12436290457298094,0.4032685805967984,0.7316955327987671,0.8103194236755371,0.31687048077583313
Scene,Scene_random_equal4_05_zero,12345,620,0.7673924925825881,0.5259632240740055,0.5793684720993042,0.6134105920791626,0.160368874669075
Scene,Scene_random_equal4_05_zero,12345,640,-0.04699039418188152,0.16823627695991805,0.6368910074234009,0.8510739207267761,0.5998795032501221
Scene,Scene_random_equal4_05_zero,12345,648,0.04310723783696342,0.2537165723792215,0.7419357299804688,0.6156293153762817,0.03412007540464401
Scene,Scene_random_equal4_05_zero,12345,671,0.10507283212789849,0.39745410040877194,0.6215953230857849,0.7583103179931641,0.3755177855491638
Scene,Scene_random_equal4_05_zero,12345,755,0.3890837066812093,0.3864383520944234,0.6383070945739746,0.6963075399398804,0.3982996344566345
Scene,Scene_random_equal4_05_zero,12345,811,0.2117534252529916,0.23420990211042347,0.723641574382782,0.4499197006225586,0.03101334348320961
Scene,Scene_random_equal4_05_zero,12345,821,0.11391202522884925,0.27925563962135,0.6848471760749817,0.5340481400489807,0.25422370433807373
Scene,Scene_random_equal4_05_zero,12345,824,-0.07045366893102684,0.094907348602286,0.7363426089286804,0.5341660976409912,0.16648435592651367
Scene,Scene_random_equal4_05_zero,12345,841,0.10324156833074383,0.29681507195031437,0.776091992855072,0.594106912612915,0.09345065802335739
Scene,Scene_random_equal4_05_zero,12345,842,0.05086446727384469,0.2626303008097493,0.7760363817214966,0.7138855457305908,0.02499386854469776
Scene,Scene_random_equal4_05_zero,12345,850,0.093357221483086,0.30067038734362067,0.703988254070282,0.5371276140213013,0.08440931886434555
Scene,Scene_random_equal4_05_zero,12345,855,0.0400000582283255,0.45569153661040107,0.6950451731681824,0.7249526381492615,0.03373456373810768
Scene,Scene_random_equal4_05_zero,12345,872,0.0049811108276759265,0.09149354849037007,0.7319691181182861,0.4938485622406006,0.11800161004066467
Scene,Scene_random_equal4_05_zero,12345,873,0.5979468036708873,0.5270919310593609,0.6180387735366821,0.4263486862182617,0.08884614706039429
Scene,Scene_random_equal4_05_zero,12345,893,0.34072611016328086,0.2817651467911132,0.783247172832489,0.5542193651199341,0.10939373075962067
Scene,Scene_random_equal4_05_zero,12345,894,0.018398714101813207,0.32456962408746204,0.7480117082595825,0.5658923387527466,0.017354147508740425
Scene,Scene_random_equal4_05_zero,12345,918,0.07028224253858448,0.3090261375064643,0.6673522591590881,0.7176001667976379,0.058776695281267166
Scene,Scene_random_equal4_05_zero,12345,943,0.08380020225109065,0.5401909541711604,0.7528103590011597,0.6274072527885437,0.29753050208091736
Scene,Scene_random_equal4_05_zero,12345,978,0.5102480097118117,0.5705101676012954,0.6188918352127075,0.7251176834106445,0.21651171147823334
Scene,Scene_random_equal4_05_zero,12345,999,0.13252928341641249,0.3537718987281537,0.7258321046829224,0.663244366645813,0.01323586143553257
Scene,Scene_random_full_01_zero,12345,14,0.6689753741518067,0.5512100752893558,0.5106432437896729,0.4629433751106262,0.07601959258317947
Scene,Scene_random_full_01_zero,12345,15,-0.08154726068197951,0.33799747053634915,0.7915642261505127,0.7492587566375732,0.1715450882911682
Scene,Scene_random_full_01_zero,12345,36,0.1130531522315112,0.24099206410956794,0.7025806307792664,0.39381593465805054,0.03001030907034874
Scene,Scene_random_full_01_zero,12345,39,-0.5212737111041588,0.27254109821005806,0.513459324836731,0.6528120636940002,0.4086097478866577
Scene,Scene_random_full_01_zero,12345,126,-0.06842933515716865,0.40392027324693497,0.7043946385383606,0.8162884712219238,0.36915865540504456
Scene,Scene_random_full_01_zero,12345,132,0.07062970266968403,0.11111070711733477,0.6777468323707581,0.5610969066619873,0.11250784993171692
Scene,Scene_random_full_01_zero,12345,167,0.17232159023183422,0.09635314750691075,0.7022888660430908,0.46814221143722534,0.06060029938817024
Scene,Scene_random_full_01_zero,12345,196,0.12139373484667591,0.29448252484279774,0.6980327367782593,0.7192105650901794,0.055802538990974426
Scene,Scene_random_full_01_zero,12345,199,0.12585446484452195,0.19241305400477166,0.7086617350578308,0.5846425294876099,0.09396864473819733
Scene,Scene_random_full_01_zero,12345,214,-0.019034876070893433,0.2629641503495857,0.6761370897293091,0.8308379650115967,0.23724409937858582
Scene,Scene_random_full_01_zero,12345,241,0.1354151479286765,0.36704860558123026,0.7172263860702515,0.5131625533103943,0.013730146922171116
Scene,Scene_random_full_01_zero,12345,242,-0.15674982529776202,0.43549410549181805,0.8231381773948669,0.5538383722305298,0.04629247635602951
Scene,Scene_random_full_01_zero,12345,245,0.08333457600142677,0.4195601513270017,0.678176760673523,0.4463016092777252,0.0057523129507899284
Scene,Scene_random_full_01_zero,12345,249,-0.0352951545070244,0.3879483705166415,0.8281069993972778,0.43849965929985046,0.01659054309129715
Scene,Scene_random_full_01_zero,12345,282,0.08044514125890519,0.31016508294431644,0.6614519357681274,0.5292938947677612,0.06479127705097198
Scene,Scene_random_full_01_zero,12345,289,-0.08565079390660335,0.4164585804326632,0.7893567085266113,0.6354637145996094,0.04871569201350212
Scene,Scene_random_full_01_zero,12345,303,0.16998831672574055,0.43135330143378414,0.7445370554924011,0.5956745147705078,0.1479424089193344
Scene,Scene_random_full_01_zero,12345,314,-0.08830396111494178,0.19431470080126437,0.8165861964225769,0.5726802945137024,0.11655872315168381
Scene,Scene_random_full_01_zero,12345,393,0.292610200735818,0.37046492795911545,0.6847773790359497,0.845401406288147,0.4343390166759491
Scene,Scene_random_full_01_zero,12345,412,0.47925568050491996,0.4987529037928833,0.5564672946929932,0.4683905839920044,0.012456124648451805
Scene,Scene_random_full_01_zero,12345,442,-0.008263047717657667,0.29241226433897394,0.7141945958137512,0.4753724932670593,0.07699361443519592
Scene,Scene_random_full_01_zero,12345,463,-0.15323147150209837,0.0986611028528601,0.7964932918548584,0.49556681513786316,0.1189921423792839
Scene,Scene_random_full_01_zero,12345,469,-0.04704402766326603,0.221947512209678,0.7713606357574463,0.47725939750671387,-0.005572299472987652
Scene,Scene_random_full_01_zero,12345,486,0.10998771390475535,0.09705845531375039,0.7591544985771179,0.646440327167511,0.1528616100549698
Scene,Scene_random_full_01_zero,12345,491,0.5567783429946371,0.4048991099417136,0.5726827383041382,0.7160305380821228,0.1335011124610901
Scene,Scene_random_full_01_zero,12345,518,0.31125723255677024,0.38289340090831714,0.7297617197036743,0.47738683223724365,0.04233589768409729
Scene,Scene_random_full_01_zero,12345,523,-0.44398206130745393,0.12588582425278758,0.7535069584846497,0.4178338050842285,0.04230746626853943
Scene,Scene_random_full_01_zero,12345,545,0.0739746592415211,0.3711940654427496,0.7412635087966919,0.7191303968429565,0.05149729177355766
Scene,Scene_random_full_01_zero,12345,551,0.01275929574237003,0.06041030961881848,0.7417587041854858,0.4374484121799469,-0.009006446227431297
Scene,Scene_random_full_01_zero,12345,568,-0.003081411737287741,0.41225755494852934,0.7447551488876343,0.7201188802719116,0.26698392629623413
Scene,Scene_random_full_01_zero,12345,620,0.7865271398427512,0.5463080955622068,0.596290111541748,0.5902405381202698,0.16216495633125305
Scene,Scene_random_full_01_zero,12345,640,-0.006883964969262323,0.18887229415429052,0.69515460729599,0.755185604095459,0.30271023511886597
Scene,Scene_random_full_01_zero,12345,648,0.10467008360935252,0.2519579820326098,0.7179112434387207,0.6057413816452026,0.03439491614699364
Scene,Scene_random_full_01_zero,12345,671,0.06798710867198124,0.3773052453296087,0.6622021198272705,0.5531079769134521,0.12353135645389557
Scene,Scene_random_full_01_zero,12345,755,0.3735759665029405,0.3874967976857276,0.655732274055481,0.6372554898262024,0.2376522272825241
Scene,Scene_random_full_01_zero,12345,811,0.24625033357625167,0.25444937083867436,0.730570912361145,0.5456360578536987,0.05520189180970192
Scene,Scene_random_full_01_zero,12345,821,0.06888805692413462,0.23283775594058773,0.6620112061500549,0.7496285438537598,0.7110388278961182
Scene,Scene_random_full_01_zero,12345,824,-0.09919757659983733,0.07656932172062748,0.7034690976142883,0.5167984366416931,0.14573417603969574
Scene,Scene_random_full_01_zero,12345,841,0.05756155752768154,0.30022363616175307,0.8258768320083618,0.5832424163818359,0.0464409776031971
Scene,Scene_random_full_01_zero,12345,842,0.049011211497382384,0.24942439801025934,0.7775781154632568,0.7287898063659668,0.08422684669494629
Scene,Scene_random_full_01_zero,12345,850,0.12935813110219369,0.2740344142376588,0.6802261471748352,0.47409385442733765,0.19860833883285522
Scene,Scene_random_full_01_zero,12345,855,0.007540994473245376,0.44475662215316814,0.7226993441581726,0.708502471446991,0.03312578797340393
Scene,Scene_random_full_01_zero,12345,872,-0.05236455716069276,0.09280749588201465,0.7578338980674744,0.409435510635376,-0.0224522165954113
Scene,Scene_random_full_01_zero,12345,873,0.5762785536846698,0.537986515639266,0.6408983469009399,0.42221298813819885,0.05003241449594498
Scene,Scene_random_full_01_zero,12345,893,0.3293864633330442,0.2876837188334246,0.774817168712616,0.5871718525886536,0.0938834697008133
Scene,Scene_random_full_01_zero,12345,894,0.10725861813764959,0.302128744483507,0.721463680267334,0.565166711807251,0.06717166304588318
Scene,Scene_random_full_01_zero,12345,918,-0.00825392730909543,0.299202245638451,0.7030863165855408,0.7404345273971558,0.24675998091697693
Scene,Scene_random_full_01_zero,12345,943,0.2864908016557371,0.5529979374969557,0.6592729687690735,0.5726405382156372,0.2507587969303131
Scene,Scene_random_full_01_zero,12345,978,0.50521304309421,0.5731966902061096,0.6064761877059937,0.7184240818023682,0.5727483630180359
Scene,Scene_random_full_01_zero,12345,999,0.16791625012738853,0.339456185570119,0.7041302919387817,0.6598911881446838,0.030626874417066574
Scene,Scene_random_full_02_zero,12345,14,0.7014265123626041,0.5516839678026157,0.5158593058586121,0.4204120934009552,0.07803372293710709
Scene,Scene_random_full_02_zero,12345,15,-0.030440622448689243,0.34270780437146026,0.827714204788208,0.7081917524337769,0.0958905816078186
Scene,Scene_random_full_02_zero,12345,36,0.104482002280085,0.2482796878316352,0.7006325125694275,0.4037856161594391,0.02353694476187229
Scene,Scene_random_full_02_zero,12345,39,-0.5391932048087025,0.28517703607981654,0.5473375916481018,0.7216562628746033,0.42561084032058716
Scene,Scene_random_full_02_zero,12345,126,-0.1922628723920067,0.4346923895501508,0.7261521816253662,0.8436609506607056,0.4131543040275574
Scene,Scene_random_full_02_zero,12345,132,0.057469105791619485,0.10453815073547269,0.6676726341247559,0.5323264598846436,0.16871410608291626
Scene,Scene_random_full_02_zero,12345,167,0.18104478686319242,0.09188444023436355,0.7414860129356384,0.45112019777297974,0.021000497043132782
Scene,Scene_random_full_02_zero,12345,196,0.09416480540050627,0.2850931307249263,0.6930077075958252,0.736987829208374,0.1350174844264984
Scene,Scene_random_full_02_zero,12345,199,0.1307494447801265,0.20346291766153393,0.6891335248947144,0.5622189044952393,-0.011706697754561901
Scene,Scene_random_full_02_zero,12345,214,-0.07652529706205723,0.2663070869318174,0.6760515570640564,0.8433751463890076,0.2029244303703308
Scene,Scene_random_full_02_zero,12345,241,0.1358841455753624,0.35001652467855265,0.7202385067939758,0.5415686964988708,-0.00973844900727272
Scene,Scene_random_full_02_zero,12345,242,-0.09807350804938854,0.48723839300181665,0.8424406051635742,0.4993705153465271,0.051727622747421265
Scene,Scene_random_full_02_zero,12345,245,-0.09035294139344165,0.3944843984531754,0.6804797649383545,0.5964460372924805,0.048838697373867035
Scene,Scene_random_full_02_zero,12345,249,-0.05072970616076524,0.3815063450567231,0.8087822198867798,0.39937645196914673,0.03216138109564781
Scene,Scene_random_full_02_zero,12345,282,-0.032005932185145074,0.3024038820235509,0.6664988994598389,0.3123849034309387,0.02181875705718994
Scene,Scene_random_full_02_zero,12345,289,-0.09513059793307461,0.39457797186643156,0.7562705278396606,0.6541087627410889,0.04103454574942589
Scene,Scene_random_full_02_zero,12345,303,0.08101254554685815,0.4171619908809501,0.7783195972442627,0.6106787919998169,0.07159794121980667
Scene,Scene_random_full_02_zero,12345,314,-0.08436439638039168,0.18704063741156138,0.8085077404975891,0.46020516753196716,-0.003851555287837982
Scene,Scene_random_full_02_zero,12345,393,0.24039214975994352,0.3489105568266781,0.6654680371284485,0.8174562454223633,0.3985997438430786
Scene,Scene_random_full_02_zero,12345,412,0.44164394516388283,0.5075340733279622,0.5704123377799988,0.5169673562049866,0.03690824657678604
Scene,Scene_random_full_02_zero,12345,442,0.04303264636297861,0.3349786004904384,0.7223877906799316,0.7469044327735901,0.04304657503962517
Scene,Scene_random_full_02_zero,12345,463,-0.2153540009014989,0.0978269127927159,0.7447615265846252,0.5481748580932617,0.14720237255096436
Scene,Scene_random_full_02_zero,12345,469,-0.030988577569285882,0.22451406943217436,0.7601680755615234,0.4475962221622467,-0.032135285437107086
Scene,Scene_random_full_02_zero,12345,486,0.23124116406268116,0.11434321857331263,0.7926637530326843,0.5564157366752625,0.05183841660618782
Scene,Scene_random_full_02_zero,12345,491,0.5545308445058601,0.38090461102282136,0.5758988857269287,0.7064796090126038,0.057531215250492096
Scene,Scene_random_full_02_zero,12345,518,0.2518791065910265,0.41050791933975384,0.7561092972755432,0.6440666317939758,0.4045255780220032
Scene,Scene_random_full_02_zero,12345,523,-0.11910085042001016,0.09863230152569415,0.6575261950492859,0.5634518265724182,0.033295564353466034
Scene,Scene_random_full_02_zero,12345,545,0.0938096180848239,0.3733667194331773,0.7576727867126465,0.7357630133628845,0.12089373171329498
Scene,Scene_random_full_02_zero,12345,551,0.006575107951546426,0.06146297342038661,0.8467471599578857,0.4544105529785156,-0.019924545660614967
Scene,Scene_random_full_02_zero,12345,568,0.05201099633109399,0.3971603813575892,0.7465222477912903,0.7307277917861938,0.02580813318490982
Scene,Scene_random_full_02_zero,12345,620,0.7763892513438327,0.544497151809826,0.5520291924476624,0.6096389293670654,0.17718327045440674
Scene,Scene_random_full_02_zero,12345,640,-0.03674018530711709,0.1660677641315948,0.6290439367294312,0.8019325733184814,0.5068463087081909
Scene,Scene_random_full_02_zero,12345,648,0.07489087965308353,0.2490768709472852,0.738093912601471,0.6080502271652222,-0.017652731388807297
Scene,Scene_random_full_02_zero,12345,671,0.159252096504123,0.3890483746362939,0.6062749624252319,0.8056362271308899,0.4773428440093994
Scene,Scene_random_full_02_zero,12345,755,0.32099123499976207,0.3891034079595942,0.6671411395072937,0.6095266938209534,0.33196157217025757
Scene,Scene_random_full_02_zero,12345,811,0.25235157171937844,0.25200126379984805,0.7226158380508423,0.49749913811683655,0.02782057598233223
Scene,Scene_random_full_02_zero,12345,821,0.10612016793711358,0.24115657255582754,0.6500686407089233,0.7067065238952637,0.3737974166870117
Scene,Scene_random_full_02_zero,12345,824,-0.10041921044258811,0.08432306711028265,0.7285522222518921,0.5770882964134216,0.1291501373052597
Scene,Scene_random_full_02_zero,12345,841,0.11746606225552747,0.2657286581315578,0.757952094078064,0.5922561883926392,0.10930135846138
Scene,Scene_random_full_02_zero,12345,842,0.042962855207844056,0.26655652760484533,0.7941884994506836,0.6924124956130981,0.036818332970142365
Scene,Scene_random_full_02_zero,12345,850,0.14804187035645974,0.29581383126939476,0.6849880814552307,0.6544700264930725,0.2562813460826874
Scene,Scene_random_full_02_zero,12345,855,0.016071929680592328,0.4432188380406832,0.7254248261451721,0.664263129234314,0.05689341574907303
Scene,Scene_random_full_02_zero,12345,872,-0.03318090510534155,0.0939426814740394,0.7302196025848389,0.3497830033302307,0.06685803085565567
Scene,Scene_random_full_02_zero,12345,873,0.583165060799598,0.5239428579554792,0.6336802244186401,0.42608442902565,0.054367177188396454
Scene,Scene_random_full_02_zero,12345,893,0.26069132367091585,0.2726409922136805,0.7559124827384949,0.35740965604782104,0.05696578696370125
Scene,Scene_random_full_02_zero,12345,894,0.06272991853286385,0.30345069590408413,0.7552720308303833,0.5595325231552124,0.025165800005197525
Scene,Scene_random_full_02_zero,12345,918,0.06073539045645727,0.2852756438520555,0.6762096881866455,0.736205518245697,0.2412431389093399
Scene,Scene_random_full_02_zero,12345,943,0.06010406788347288,0.5406555881415296,0.7158123850822449,0.663231611251831,0.3295135498046875
Scene,Scene_random_full_02_zero,12345,978,0.4437237440215134,0.5504662236187413,0.6333688497543335,0.5426396727561951,0.07937280088663101
Scene,Scene_random_full_02_zero,12345,999,0.038652523075227006,0.3168845775793852,0.7422443628311157,0.6608644127845764,0.004258295986801386
Scene,Scene_random_full_03_zero,12345,14,0.6951821900504616,0.5608153170245687,0.5049258470535278,0.45533183217048645,0.09827931225299835
Scene,Scene_random_full_03_zero,12345,15,-0.06476097512571834,0.3112022618359098,0.7985471487045288,0.802308201789856,0.2365313172340393
Scene,Scene_random_full_03_zero,12345,36,0.06879725067473806,0.2377899446377256,0.7005346417427063,0.3736502528190613,0.04432397335767746
Scene,Scene_random_full_03_zero,12345,39,-0.5233042833701361,0.2822836108757357,0.5051770210266113,0.6192655563354492,0.3190891444683075
Scene,Scene_random_full_03_zero,12345,126,-0.1545925597791503,0.4029021604452346,0.7070567607879639,0.8823907375335693,0.40336930751800537
Scene,Scene_random_full_03_zero,12345,132,0.08553065516313423,0.1057234058425642,0.68443363904953,0.5951981544494629,0.11779693514108658
Scene,Scene_random_full_03_zero,12345,167,0.27980068739408437,0.07640050169436774,0.7529962062835693,0.5689294338226318,0.06554705649614334
Scene,Scene_random_full_03_zero,12345,196,0.1006816145172384,0.29237398426504324,0.6605063676834106,0.7459027767181396,0.18015995621681213
Scene,Scene_random_full_03_zero,12345,199,0.05747307100934838,0.20429031245581233,0.7156432867050171,0.5785884857177734,0.48092901706695557
Scene,Scene_random_full_03_zero,12345,214,-0.014551551199896292,0.24304929502665856,0.6497496366500854,0.6366666555404663,0.06090798228979111
Scene,Scene_random_full_03_zero,12345,241,0.15209815386625797,0.3757117154635703,0.7024194002151489,0.5405486226081848,0.135721355676651
Scene,Scene_random_full_03_zero,12345,242,0.3888581998250307,0.5833732151333503,0.6803290843963623,0.5886133909225464,0.0613817423582077
Scene,Scene_random_full_03_zero,12345,245,0.002799344644022514,0.4625697340008856,0.711468517780304,0.5479315519332886,0.007034853100776672
Scene,Scene_random_full_03_zero,12345,249,-0.0914524475588731,0.319097230881694,0.8178918957710266,0.44514259696006775,-0.0013966592960059643
Scene,Scene_random_full_03_zero,12345,282,0.11037175924591476,0.3323326830523469,0.6661808490753174,0.4377420246601105,0.09322293102741241
Scene,Scene_random_full_03_zero,12345,289,-0.10947827730971971,0.3718418275226289,0.7377586960792542,0.760275661945343,0.24484685063362122
Scene,Scene_random_full_03_zero,12345,303,0.093553134962579,0.415903532263152,0.7385072708129883,0.5814456939697266,0.02757548727095127
Scene,Scene_random_full_03_zero,12345,314,-0.024124923776116303,0.20123391213251438,0.808144211769104,0.6367886066436768,0.05935891717672348
Scene,Scene_random_full_03_zero,12345,393,0.23229681785199685,0.35214259941238557,0.7008492946624756,0.8569610118865967,0.3739590048789978
Scene,Scene_random_full_03_zero,12345,412,0.4366875051963637,0.5033823137816708,0.5553081035614014,0.4429144263267517,0.00015788991004228592
Scene,Scene_random_full_03_zero,12345,442,-0.0032040899178641625,0.2981988377445819,0.7126270532608032,0.6465587615966797,0.18097750842571259
Scene,Scene_random_full_03_zero,12345,463,-0.4904495321804444,0.11932035149207725,0.8570749759674072,0.571029782295227,0.09150715172290802
Scene,Scene_random_full_03_zero,12345,469,-0.16369280098955027,0.20262985837612382,0.7849505543708801,0.45650702714920044,-0.025024810805916786
Scene,Scene_random_full_03_zero,12345,486,0.08128858997434926,0.09072819368517546,0.7437567710876465,0.5335798859596252,0.060214608907699585
Scene,Scene_random_full_03_zero,12345,491,0.5888273201550116,0.4083953185245323,0.5792335867881775,0.6239159107208252,0.09946328401565552
Scene,Scene_random_full_03_zero,12345,518,0.1432062683371054,0.2874211699025898,0.7360705733299255,0.5069516897201538,0.16564981639385223
Scene,Scene_random_full_03_zero,12345,523,-0.3521523661155247,0.12920871162907732,0.749703049659729,0.3263437747955322,0.03263982757925987
Scene,Scene_random_full_03_zero,12345,545,0.1064686214192372,0.4018382421130844,0.7531231045722961,0.7467418909072876,0.019043948501348495
Scene,Scene_random_full_03_zero,12345,551,0.010552158788732169,0.08164474658402547,0.7786867618560791,0.6742872595787048,-0.04086533561348915
Scene,Scene_random_full_03_zero,12345,568,0.029770361998890178,0.3965506376006124,0.7424616813659668,0.7520105838775635,0.2612224221229553
Scene,Scene_random_full_03_zero,12345,620,0.7841549983523405,0.5543878956192138,0.5917806029319763,0.6298894882202148,0.2611914873123169
Scene,Scene_random_full_03_zero,12345,640,0.043760710758612494,0.208039523327747,0.7951534390449524,0.7025822401046753,0.2877357304096222
Scene,Scene_random_full_03_zero,12345,648,0.15399375611953356,0.2533837378698578,0.7190778255462646,0.6215580701828003,0.050179366022348404
Scene,Scene_random_full_03_zero,12345,671,0.1638899902559248,0.388353660808734,0.6402235627174377,0.8075074553489685,0.3712645471096039
Scene,Scene_random_full_03_zero,12345,755,0.34682834565766213,0.3939393205191064,0.6531198024749756,0.6579135060310364,0.3601105213165283
Scene,Scene_random_full_03_zero,12345,811,0.2393696999713538,0.24772794811213583,0.7260846495628357,0.5265960693359375,0.017155267298221588
Scene,Scene_random_full_03_zero,12345,821,0.04389049243112885,0.2685966664219185,0.6364755034446716,0.6023769974708557,0.21991878747940063
Scene,Scene_random_full_03_zero,12345,824,-0.04053019246211956,0.10498669449472751,0.7632349729537964,0.5886509418487549,0.28103500604629517
Scene,Scene_random_full_03_zero,12345,841,0.13033715185777034,0.29830727778159755,0.8069278597831726,0.5747592449188232,0.08551903069019318
Scene,Scene_random_full_03_zero,12345,842,0.10071679692960277,0.2573172857011798,0.7054997682571411,0.7389469146728516,0.060074202716350555
Scene,Scene_random_full_03_zero,12345,850,0.06588116477335357,0.29885027581179685,0.7389234900474548,0.6579157114028931,0.22151274979114532
Scene,Scene_random_full_03_zero,12345,855,-0.010309437864103467,0.45973035982573085,0.74186772108078,0.6956607103347778,0.04730987548828125
Scene,Scene_random_full_03_zero,12345,872,-0.058653051738316975,0.08075260830290766,0.7307418584823608,0.3577648103237152,0.015098903328180313
Scene,Scene_random_full_03_zero,12345,873,0.599065371024257,0.5593840460332874,0.6259832978248596,0.3947104215621948,0.05384788289666176
Scene,Scene_random_full_03_zero,12345,893,0.3425836275046736,0.28575535019166753,0.7970947027206421,0.522236704826355,0.12996521592140198
Scene,Scene_random_full_03_zero,12345,894,0.02074217545489438,0.33271401996728506,0.7694388628005981,0.5799494385719299,0.06632472574710846
Scene,Scene_random_full_03_zero,12345,918,0.09594762425558703,0.3152662454928637,0.7065544724464417,0.7383593320846558,0.14032357931137085
Scene,Scene_random_full_03_zero,12345,943,0.049386643115343846,0.5241911533054524,0.7634508013725281,0.6047694087028503,0.20619899034500122
Scene,Scene_random_full_03_zero,12345,978,0.5837234324358125,0.5756429928310905,0.606541097164154,0.792522668838501,0.7403570413589478
Scene,Scene_random_full_03_zero,12345,999,0.1234355085304222,0.3490820477143223,0.7445266246795654,0.658363938331604,-0.019168885424733162
Scene,Scene_random_full_04_zero,12345,14,0.7012480522651766,0.51809814428815,0.5024349093437195,0.5686911940574646,0.08204454183578491
Scene,Scene_random_full_04_zero,12345,15,-0.07131341858904633,0.3241807716147662,0.7473995089530945,0.6458872556686401,0.07728628814220428
Scene,Scene_random_full_04_zero,12345,36,0.02675881761199836,0.21945215687664374,0.6593639850616455,0.48546120524406433,0.06949688494205475
Scene,Scene_random_full_04_zero,12345,39,-0.5129822364911995,0.2835537495999344,0.5533658862113953,0.7425004839897156,0.4180167317390442
Scene,Scene_random_full_04_zero,12345,126,-0.2523091396736128,0.42475362931150384,0.716437816619873,0.8423184752464294,0.3767544627189636
Scene,Scene_random_full_04_zero,12345,132,0.07602253337159913,0.11142045282609975,0.6765334010124207,0.6558700203895569,0.19572296738624573
Scene,Scene_random_full_04_zero,12345,167,0.16813190884624538,0.10088201249905199,0.7231144309043884,0.49083614349365234,0.015220383182168007
Scene,Scene_random_full_04_zero,12345,196,0.11812530026797395,0.3018536486526452,0.6824522614479065,0.718864381313324,0.09482954442501068
Scene,Scene_random_full_04_zero,12345,199,0.17348393178816615,0.19812407795958079,0.7103353142738342,0.647314190864563,0.06200117617845535
Scene,Scene_random_full_04_zero,12345,214,-0.13202611981293702,0.2969562804746685,0.6768877506256104,0.7625111937522888,0.20786449313163757
Scene,Scene_random_full_04_zero,12345,241,0.14872257774882056,0.3540955165009107,0.7007192969322205,0.4652261734008789,0.07160110771656036
Scene,Scene_random_full_04_zero,12345,242,-0.13857164441680334,0.46357429020849705,0.803368091583252,0.531064510345459,0.03201625123620033
Scene,Scene_random_full_04_zero,12345,245,-0.004035935778153695,0.4396894699772062,0.6735718250274658,0.5735564231872559,0.08446867018938065
Scene,Scene_random_full_04_zero,12345,249,-0.020903667540669982,0.36964383082562213,0.8213168382644653,0.4216997027397156,0.032486964017152786
Scene,Scene_random_full_04_zero,12345,282,-0.03500178441165415,0.2694645162875846,0.6385207176208496,0.23195365071296692,0.029314294457435608
Scene,Scene_random_full_04_zero,12345,289,-0.05070895816823519,0.4119846141160034,0.7692291736602783,0.6336134076118469,0.0038827108219265938
Scene,Scene_random_full_04_zero,12345,303,0.08977519949822017,0.40243995688907935,0.7334092855453491,0.640209436416626,0.0629117414355278
Scene,Scene_random_full_04_zero,12345,314,-0.04964549655675808,0.1943882199572159,0.8362151980400085,0.45978134870529175,-0.0063803791999816895
Scene,Scene_random_full_04_zero,12345,393,0.3015210446036541,0.37937755628965225,0.672893762588501,0.8433408141136169,0.36972105503082275
Scene,Scene_random_full_04_zero,12345,412,0.40142433398023136,0.4801111746357791,0.5933443307876587,0.40898504853248596,0.009721220470964909
Scene,Scene_random_full_04_zero,12345,442,-0.11681448412056505,0.27834748916296614,0.7011542320251465,0.7059741020202637,0.16343794763088226
Scene,Scene_random_full_04_zero,12345,463,-0.13893854418393028,0.09173341664734233,0.7896325588226318,0.5997539758682251,0.16591674089431763
Scene,Scene_random_full_04_zero,12345,469,-0.16034492670301798,0.19682924208546118,0.7773643732070923,0.4497590959072113,0.023671256378293037
Scene,Scene_random_full_04_zero,12345,486,0.08845968760809023,0.09863808930849711,0.7173789739608765,0.5506924986839294,0.09774230420589447
Scene,Scene_random_full_04_zero,12345,491,0.5820201844616455,0.4092935175057154,0.6005598902702332,0.6162435412406921,0.028979633003473282
Scene,Scene_random_full_04_zero,12345,518,-0.013146555139262788,0.5154715550175917,0.7407974600791931,0.4272387623786926,0.03970307484269142
Scene,Scene_random_full_04_zero,12345,523,-0.3920171181832327,0.12082101734845413,0.7408358454704285,0.4377412497997284,0.020429804921150208
Scene,Scene_random_full_04_zero,12345,545,0.07748518202005895,0.40837704918202333,0.7320022583007812,0.7651443481445312,0.08283369243144989
Scene,Scene_random_full_04_zero,12345,551,0.06677403585893416,0.06280648834771145,0.8345508575439453,0.3957408368587494,-0.005735351704061031
Scene,Scene_random_full_04_zero,12345,568,0.14409506650939793,0.37520468204368207,0.7098286151885986,0.8095294237136841,0.39439305663108826
Scene,Scene_random_full_04_zero,12345,620,0.7824414891185585,0.5468905133958767,0.521463930606842,0.7110804319381714,0.2569599151611328
Scene,Scene_random_full_04_zero,12345,640,0.041718523305340455,0.19802928296856676,0.7742239236831665,0.74958336353302,0.2230885624885559
Scene,Scene_random_full_04_zero,12345,648,0.008368578219839738,0.26550102280983867,0.725957989692688,0.6273643970489502,0.018489409238100052
Scene,Scene_random_full_04_zero,12345,671,0.1242965236764494,0.3988600267182304,0.6235455274581909,0.7954720258712769,0.3693172335624695
Scene,Scene_random_full_04_zero,12345,755,0.3904216315857525,0.3842972234081018,0.6249064207077026,0.6374514698982239,0.3758789896965027
Scene,Scene_random_full_04_zero,12345,811,0.20565089225897729,0.2428170418526782,0.7548714876174927,0.44283902645111084,0.007069341838359833
Scene,Scene_random_full_04_zero,12345,821,0.1172477051884699,0.26007854020131616,0.6507010459899902,0.5795367956161499,0.24522584676742554
Scene,Scene_random_full_04_zero,12345,824,-0.07882807970407489,0.09698844911768842,0.738538920879364,0.559709906578064,0.25032803416252136
Scene,Scene_random_full_04_zero,12345,841,0.09891787314798277,0.2990885832492512,0.793809711933136,0.5883077383041382,0.007192326709628105
Scene,Scene_random_full_04_zero,12345,842,0.09259472528481613,0.275613949453261,0.7546339631080627,0.7583101987838745,0.14568589627742767
Scene,Scene_random_full_04_zero,12345,850,0.11896473209026928,0.2483572830491037,0.7035568952560425,0.49859389662742615,0.20669037103652954
Scene,Scene_random_full_04_zero,12345,855,0.012946619706541113,0.4269823367409632,0.6943623423576355,0.6919403076171875,0.04751533642411232
Scene,Scene_random_full_04_zero,12345,872,-0.0228149260623256,0.09131958970543332,0.729230523109436,0.3131256401538849,0.05831371247768402
Scene,Scene_random_full_04_zero,12345,873,0.5887126312233801,0.5129774950072733,0.6217330694198608,0.41407668590545654,0.026462581008672714
Scene,Scene_random_full_04_zero,12345,893,0.3500029279031011,0.2853653788808878,0.7526440024375916,0.5375036001205444,0.10189194977283478
Scene,Scene_random_full_04_zero,12345,894,0.063418640799742,0.31207371400543166,0.7624104022979736,0.56267911195755,0.028820276260375977
Scene,Scene_random_full_04_zero,12345,918,-0.0028362709283101107,0.3045135263314366,0.6852681636810303,0.6764614582061768,0.1622159630060196
Scene,Scene_random_full_04_zero,12345,943,0.003491640439813237,0.5281391318810974,0.7600312232971191,0.6443214416503906,0.4199903905391693
Scene,Scene_random_full_04_zero,12345,978,0.5153140284665491,0.5620284583369942,0.6070820689201355,0.6635757684707642,0.22430738806724548
Scene,Scene_random_full_04_zero,12345,999,0.09627976141101627,0.35998651404546705,0.7284786105155945,0.6503986120223999,-0.01804857701063156
Scene,Scene_random_full_05_zero,12345,14,0.5965972271039605,0.5495695179197866,0.5239285230636597,0.48136430978775024,0.07951875776052475
Scene,Scene_random_full_05_zero,12345,15,0.004719025559168335,0.38613558434376993,0.8016220927238464,0.6696792840957642,0.08126670867204666
Scene,Scene_random_full_05_zero,12345,36,6.648298827648501e-05,0.17803655866688486,0.6211971640586853,0.5889109969139099,0.051976121962070465
Scene,Scene_random_full_05_zero,12345,39,-0.5297279484853701,0.2809697291159095,0.5513691306114197,0.677125096321106,0.42357611656188965
Scene,Scene_random_full_05_zero,12345,126,-0.16253153852467989,0.40635795383898926,0.7322348356246948,0.897079586982727,0.326931893825531
Scene,Scene_random_full_05_zero,12345,132,0.06520610217462668,0.10602040649226158,0.6871174573898315,0.6193634271621704,0.08247870951890945
Scene,Scene_random_full_05_zero,12345,167,0.2901792112355631,0.09927620512008506,0.7954205274581909,0.43971818685531616,0.03896423429250717
Scene,Scene_random_full_05_zero,12345,196,0.09319465123584399,0.2694898405055026,0.6668698191642761,0.663023054599762,0.07679915428161621
Scene,Scene_random_full_05_zero,12345,199,0.11123826022220368,0.20717061441954948,0.706102192401886,0.5462411642074585,0.049364957958459854
Scene,Scene_random_full_05_zero,12345,214,-0.04507846988660301,0.2815199515413396,0.6754776835441589,0.8545637130737305,0.21836307644844055
Scene,Scene_random_full_05_zero,12345,241,0.13203827219194073,0.36332714343258954,0.714356005191803,0.5018033981323242,-0.0003899065777659416
Scene,Scene_random_full_05_zero,12345,242,0.37256170712229153,0.5772108794829643,0.6723076105117798,0.5958642959594727,0.030367925763130188
Scene,Scene_random_full_05_zero,12345,245,0.022538809753150268,0.46790729846468176,0.6814543008804321,0.6081222891807556,0.028576944023370743
Scene,Scene_random_full_05_zero,12345,249,-0.11553764682188528,0.33564570999998367,0.8228127956390381,0.4374998211860657,-0.005131104961037636
Scene,Scene_random_full_05_zero,12345,282,0.08268228819613678,0.3427881200209461,0.6793787479400635,0.4283999800682068,0.024069368839263916
Scene,Scene_random_full_05_zero,12345,289,-0.15548264907840442,0.4030646521195056,0.7677422761917114,0.6974751353263855,0.03864018991589546
Scene,Scene_random_full_05_zero,12345,303,0.0768557250000711,0.48149658214460167,0.7762038707733154,0.6583305597305298,0.00622170977294445
Scene,Scene_random_full_05_zero,12345,314,-0.08155630667396076,0.19553029722121315,0.8296860456466675,0.6314609050750732,0.15821339190006256
Scene,Scene_random_full_05_zero,12345,393,0.3223639202052463,0.37258038646265434,0.6447605490684509,0.8278802633285522,0.4681277573108673
Scene,Scene_random_full_05_zero,12345,412,0.43729235276058315,0.497933392442222,0.5525113940238953,0.4576590657234192,0.0170973502099514
Scene,Scene_random_full_05_zero,12345,442,-0.002972382478140414,0.2858365772780136,0.721423864364624,0.482616662979126,0.04893587529659271
Scene,Scene_random_full_05_zero,12345,463,-0.3339691805656773,0.10288142449627027,0.7960590124130249,0.4571434557437897,0.0860869437456131
Scene,Scene_random_full_05_zero,12345,469,-0.10160167839565809,0.22342860988604596,0.7902065515518188,0.46811485290527344,0.006472467444837093
Scene,Scene_random_full_05_zero,12345,486,0.2554933271720222,0.1158990171686218,0.8186377286911011,0.5089197754859924,0.04463767260313034
Scene,Scene_random_full_05_zero,12345,491,0.579923119952064,0.4008151566913343,0.5509286522865295,0.7288818359375,0.20520907640457153
Scene,Scene_random_full_05_zero,12345,518,0.28130080350166964,0.5514755793901831,0.6842535138130188,0.651027500629425,0.1900804042816162
Scene,Scene_random_full_05_zero,12345,523,-0.33240141199066764,0.10809667516956661,0.6937135457992554,0.57454514503479,0.09684690833091736
Scene,Scene_random_full_05_zero,12345,545,0.13016608910218705,0.39825157847815035,0.7595928907394409,0.7575488686561584,0.09550759196281433
Scene,Scene_random_full_05_zero,12345,551,0.038632653071393075,0.09466722168674492,0.7815818786621094,0.49631357192993164,0.05554099380970001
Scene,Scene_random_full_05_zero,12345,568,0.0671074079075472,0.4080305554528319,0.7443599700927734,0.7353298664093018,0.3301142454147339
Scene,Scene_random_full_05_zero,12345,620,0.7409488231706496,0.494234486495709,0.5828384160995483,0.6052165031433105,0.2510978877544403
Scene,Scene_random_full_05_zero,12345,640,0.0448950656116142,0.18186534161389356,0.6926878094673157,0.5000226497650146,0.06492128223180771
Scene,Scene_random_full_05_zero,12345,648,0.1472605702369459,0.26744607222805816,0.7343471050262451,0.5915772914886475,0.05059656873345375
Scene,Scene_random_full_05_zero,12345,671,0.14061902326608003,0.3874630447732818,0.6333628296852112,0.7662549614906311,0.3907243609428406
Scene,Scene_random_full_05_zero,12345,755,0.41498147352787706,0.40492431677397234,0.6328275203704834,0.7455054521560669,0.3908669650554657
Scene,Scene_random_full_05_zero,12345,811,0.2160136199699474,0.2501654595848157,0.7489960193634033,0.5630090236663818,-0.004525044932961464
Scene,Scene_random_full_05_zero,12345,821,0.09739042476042876,0.22789906526732673,0.6258190870285034,0.7310384511947632,0.385101854801178
Scene,Scene_random_full_05_zero,12345,824,-0.08026157498730643,0.09449852233041195,0.7359898090362549,0.471760630607605,0.057535551488399506
Scene,Scene_random_full_05_zero,12345,841,-0.17602855257486766,0.30064283176008166,0.8011291027069092,0.41395723819732666,-0.015245698392391205
Scene,Scene_random_full_05_zero,12345,842,0.04422624209183194,0.2743943322231332,0.7978610992431641,0.6897579431533813,0.07704050838947296
Scene,Scene_random_full_05_zero,12345,850,0.0927863312778095,0.3025685677571576,0.708946168422699,0.5236021280288696,0.16180412471294403
Scene,Scene_random_full_05_zero,12345,855,0.002269055819151876,0.43147781812940994,0.6792119741439819,0.6401093602180481,-0.020534539595246315
Scene,Scene_random_full_05_zero,12345,872,-0.049357547601715165,0.08254953057843105,0.7122390270233154,0.37586912512779236,-0.014181297272443771
Scene,Scene_random_full_05_zero,12345,873,0.574757309615729,0.5375087740020156,0.6165996789932251,0.4263259768486023,0.03892245143651962
Scene,Scene_random_full_05_zero,12345,893,0.24938805389061783,0.26880454432354967,0.7587808966636658,0.41190987825393677,0.09845512360334396
Scene,Scene_random_full_05_zero,12345,894,0.06398433223092721,0.3276204025204037,0.7575364708900452,0.5239946842193604,0.0269029401242733
Scene,Scene_random_full_05_zero,12345,918,0.0035093209052363904,0.3008639196869751,0.6831637620925903,0.7223960161209106,0.14459462463855743
Scene,Scene_random_full_05_zero,12345,943,0.16629432712509817,0.5170495372009272,0.6711426973342896,0.717077910900116,0.5045683979988098
Scene,Scene_random_full_05_zero,12345,978,0.48298916797702185,0.5683777028082195,0.6159836649894714,0.64179527759552,0.31060490012168884
Scene,Scene_random_full_05_zero,12345,999,0.013206266566329663,0.33060058802607195,0.7672570943832397,0.6628141403198242,-0.006146465428173542
Scene,no_mask,12345,14,0.685975174259179,0.5580410729956963,0.5251792669296265,0.45811277627944946,0.05678500607609749
Scene,no_mask,12345,15,-0.06260073453245994,0.33073906989931,0.7673009037971497,0.782546877861023,0.11818404495716095
Scene,no_mask,12345,36,0.12717699660686452,0.2313551661305695,0.6570272445678711,0.4040587544441223,0.014171482995152473
Scene,no_mask,12345,39,-0.5213161474294077,0.2839256996492289,0.5321115851402283,0.6893875598907471,0.4073575735092163
Scene,no_mask,12345,126,-0.14838557321859241,0.4158273835493046,0.7021559476852417,0.8917161226272583,0.24413742125034332
Scene,no_mask,12345,132,0.08359801283194034,0.10187761130218921,0.6798518300056458,0.5376611351966858,0.15916581451892853
Scene,no_mask,12345,167,0.19649415067076467,0.10236684303388396,0.7173800468444824,0.4109545052051544,-0.02349468693137169
Scene,no_mask,12345,196,0.11205556520626057,0.28121564306216373,0.6608308553695679,0.7383638024330139,0.1983533501625061
Scene,no_mask,12345,199,0.14532005140008,0.2019177690990224,0.6789929270744324,0.6468238830566406,0.13392925262451172
Scene,no_mask,12345,214,-0.11008662854275526,0.31933604677619787,0.7013274431228638,0.789625346660614,0.15435513854026794
Scene,no_mask,12345,241,0.1566337120100174,0.35113321332799596,0.6935405135154724,0.505470335483551,0.023484906181693077
Scene,no_mask,12345,242,-0.07370934561908456,0.5072445406725106,0.8133591413497925,0.5249994397163391,0.005057155154645443
Scene,no_mask,12345,245,-0.0671418281911607,0.4377881807221386,0.6708860993385315,0.5604308247566223,0.0018076729029417038
Scene,no_mask,12345,249,-0.023001432910715748,0.3785711912504574,0.8265405893325806,0.4464957118034363,0.014296470209956169
Scene,no_mask,12345,282,0.11080499871876906,0.3168506955410151,0.6777662634849548,0.4799908399581909,0.01567002199590206
Scene,no_mask,12345,289,-0.15802504503851184,0.36535877870474687,0.7352730631828308,0.635291337966919,0.14928165078163147
Scene,no_mask,12345,303,0.12523300164131781,0.442278232182648,0.7351639866828918,0.6186676621437073,0.062258899211883545
Scene,no_mask,12345,314,-0.07241903045977147,0.1907102292143598,0.8136017322540283,0.5987248420715332,0.058514662086963654
Scene,no_mask,12345,393,0.3514959975710105,0.3986363680405303,0.6652085185050964,0.8491452932357788,0.3850737512111664
Scene,no_mask,12345,412,0.4246394490561873,0.5072557638298558,0.5548363924026489,0.43857771158218384,0.016849255189299583
Scene,no_mask,12345,442,-0.01973503070857828,0.3020666313101709,0.7122886180877686,0.6047664880752563,0.1027529239654541
Scene,no_mask,12345,463,-0.1810632644050536,0.09837472282242934,0.8079121112823486,0.4295238256454468,0.06470422446727753
Scene,no_mask,12345,469,-0.003321889838764671,0.23087730725066682,0.7755674719810486,0.4735482931137085,-0.021768324077129364
Scene,no_mask,12345,486,0.1201107558537632,0.08790386848517617,0.7079368829727173,0.6266863346099854,0.17104199528694153
Scene,no_mask,12345,491,0.5878647953671978,0.40364087357424816,0.5725613236427307,0.7204479575157166,0.13003145158290863
Scene,no_mask,12345,518,0.007578306300403006,0.5322087907583826,0.7357903122901917,0.45887768268585205,0.05124500393867493
Scene,no_mask,12345,523,-0.02340179648646844,0.09922937565401103,0.6408188343048096,0.5185620784759521,0.0598590224981308
Scene,no_mask,12345,545,0.10486398113400656,0.43409120421961533,0.7464748620986938,0.7140761613845825,-0.014000771567225456
Scene,no_mask,12345,551,0.01973229202599751,0.06064785877135033,0.8146900534629822,0.42193636298179626,-0.03137514740228653
Scene,no_mask,12345,568,0.08714891975537832,0.4152453337377321,0.7425122261047363,0.7819544672966003,0.30459141731262207
Scene,no_mask,12345,620,0.7731996298701505,0.5392285423876404,0.5692049860954285,0.6438763737678528,0.3416903018951416
Scene,no_mask,12345,640,-0.05620480625686535,0.1658653806479968,0.6447329521179199,0.8196847438812256,0.6440846920013428
Scene,no_mask,12345,648,0.057241455795072387,0.255773250005114,0.7458839416503906,0.6269501447677612,0.004539952147752047
Scene,no_mask,12345,671,0.12852897932712318,0.3991328528460893,0.6178188920021057,0.7797300815582275,0.3581286668777466
Scene,no_mask,12345,755,0.39808637460634266,0.39624658833805204,0.6464361548423767,0.6440112590789795,0.4362427592277527
Scene,no_mask,12345,811,0.2196881977102323,0.25441392531447926,0.7400841116905212,0.47879165410995483,0.011639297008514404
Scene,no_mask,12345,821,0.03366252407524394,0.2302868719873208,0.6362751722335815,0.7735742330551147,0.7185113430023193
Scene,no_mask,12345,824,-0.05865592362940989,0.09647574424775382,0.7205261588096619,0.5630351305007935,0.17201125621795654
Scene,no_mask,12345,841,0.13167311292217965,0.29807937806719537,0.784065842628479,0.6025949716567993,0.14087100327014923
Scene,no_mask,12345,842,0.040630952251259886,0.26358187735174887,0.7896345853805542,0.699576199054718,0.07228407263755798
Scene,no_mask,12345,850,0.06846720433675454,0.2884641328396288,0.7160958051681519,0.7053678035736084,0.28277289867401123
Scene,no_mask,12345,855,0.040777108293038204,0.4513165565065866,0.6866933703422546,0.7185680866241455,0.04906050115823746
Scene,no_mask,12345,872,-0.0133751221276723,0.0952950189353984,0.7112165689468384,0.3050520122051239,0.0194083284586668
Scene,no_mask,12345,873,0.5467698133563323,0.5532542010932304,0.6098306179046631,0.41501957178115845,0.0923490896821022
Scene,no_mask,12345,893,0.3438162126308746,0.2836476508846109,0.7856424450874329,0.5362186431884766,0.09187380224466324
Scene,no_mask,12345,894,0.008972574898510116,0.3275258825022145,0.7523260712623596,0.5518085360527039,0.03667641803622246
Scene,no_mask,12345,918,-0.0025042512010189423,0.3091287693160665,0.7244551777839661,0.767654538154602,0.29557743668556213
Scene,no_mask,12345,943,0.07133581837256343,0.538945976358406,0.7619567513465881,0.6011134386062622,0.32888516783714294
Scene,no_mask,12345,978,0.5511838892246367,0.5697768080954968,0.601841390132904,0.7865351438522339,0.28866317868232727
Scene,no_mask,12345,999,0.07996375783268637,0.3201064312296886,0.7284443974494934,0.6645751595497131,0.030521146953105927
Scene,no_mask_repeat,12345,14,0.685975174259179,0.5580410729956963,0.5251792073249817,0.45811277627944946,0.05678500607609749
Scene,no_mask_repeat,12345,15,-0.06260073453245994,0.33073906989931,0.7673009037971497,0.782546877861023,0.11818404495716095
Scene,no_mask_repeat,12345,36,0.12717699660686452,0.2313551661305695,0.6570272445678711,0.4040587544441223,0.014171482995152473
Scene,no_mask_repeat,12345,39,-0.5213161474294077,0.2839256996492289,0.5321115851402283,0.6893875598907471,0.4073575735092163
Scene,no_mask_repeat,12345,126,-0.14838557321859241,0.4158273835493046,0.7021560072898865,0.8917161226272583,0.24413742125034332
Scene,no_mask_repeat,12345,132,0.08359801283194034,0.10187761130218921,0.6798518300056458,0.5376611351966858,0.15916581451892853
Scene,no_mask_repeat,12345,167,0.19649415067076467,0.10236684303388396,0.7173800468444824,0.4109545052051544,-0.02349468693137169
Scene,no_mask_repeat,12345,196,0.11205556520626057,0.28121564306216373,0.6608308553695679,0.7383638024330139,0.1983533501625061
Scene,no_mask_repeat,12345,199,0.14532005140008,0.2019177690990224,0.6789929270744324,0.6468238830566406,0.13392925262451172
Scene,no_mask_repeat,12345,214,-0.11008662854275526,0.31933604677619787,0.7013274431228638,0.789625346660614,0.15435513854026794
Scene,no_mask_repeat,12345,241,0.1566337120100174,0.35113321332799596,0.6935405135154724,0.505470335483551,0.023484906181693077
Scene,no_mask_repeat,12345,242,-0.07370934561908456,0.5072445406725106,0.8133591413497925,0.5249994397163391,0.005057155154645443
Scene,no_mask_repeat,12345,245,-0.0671418281911607,0.4377881807221386,0.6708861589431763,0.5604308247566223,0.0018076729029417038
Scene,no_mask_repeat,12345,249,-0.023001432910715748,0.3785711912504574,0.8265405893325806,0.4464957118034363,0.014296470209956169
Scene,no_mask_repeat,12345,282,0.11080499871876906,0.3168506955410151,0.6777662634849548,0.4799908399581909,0.01567002199590206
Scene,no_mask_repeat,12345,289,-0.15802504503851184,0.36535877870474687,0.7352730631828308,0.635291337966919,0.14928165078163147
Scene,no_mask_repeat,12345,303,0.12523300164131781,0.442278232182648,0.7351639866828918,0.6186676621437073,0.062258899211883545
Scene,no_mask_repeat,12345,314,-0.07241903045977147,0.1907102292143598,0.8136017322540283,0.5987248420715332,0.058514662086963654
Scene,no_mask_repeat,12345,393,0.3514959975710105,0.3986363680405303,0.6652083992958069,0.8491452932357788,0.3850737512111664
Scene,no_mask_repeat,12345,412,0.4246394490561873,0.5072557638298558,0.5548363924026489,0.43857771158218384,0.016849255189299583
Scene,no_mask_repeat,12345,442,-0.01973503070857828,0.3020666313101709,0.7122886180877686,0.6047664880752563,0.1027529239654541
Scene,no_mask_repeat,12345,463,-0.1810632644050536,0.09837472282242934,0.8079121708869934,0.4295238256454468,0.06470422446727753
Scene,no_mask_repeat,12345,469,-0.003321889838764671,0.23087730725066682,0.7755674719810486,0.4735482931137085,-0.021768324077129364
Scene,no_mask_repeat,12345,486,0.1201107558537632,0.08790386848517617,0.7079368829727173,0.6266863346099854,0.17104199528694153
Scene,no_mask_repeat,12345,491,0.5878647953671978,0.40364087357424816,0.5725613236427307,0.7204479575157166,0.13003145158290863
Scene,no_mask_repeat,12345,518,0.007578306300403006,0.5322087907583826,0.7357903122901917,0.45887768268585205,0.05124500393867493
Scene,no_mask_repeat,12345,523,-0.02340179648646844,0.09922937565401103,0.6408188343048096,0.5185620784759521,0.0598590224981308
Scene,no_mask_repeat,12345,545,0.10486398113400656,0.43409120421961533,0.7464748620986938,0.7140761613845825,-0.014000771567225456
Scene,no_mask_repeat,12345,551,0.01973229202599751,0.06064785877135033,0.8146900534629822,0.42193636298179626,-0.03137514740228653
Scene,no_mask_repeat,12345,568,0.08714891975537832,0.4152453337377321,0.7425122261047363,0.7819544672966003,0.30459141731262207
Scene,no_mask_repeat,12345,620,0.7731996298701505,0.5392285423876404,0.5692049860954285,0.6438763737678528,0.3416903018951416
Scene,no_mask_repeat,12345,640,-0.05620480625686535,0.1658653806479968,0.6447328925132751,0.8196847438812256,0.6440846920013428
Scene,no_mask_repeat,12345,648,0.057241455795072387,0.255773250005114,0.7458839416503906,0.6269501447677612,0.004539952147752047
Scene,no_mask_repeat,12345,671,0.12852897932712318,0.3991328528460893,0.6178188323974609,0.7797300815582275,0.3581286668777466
Scene,no_mask_repeat,12345,755,0.39808637460634266,0.39624658833805204,0.6464361548423767,0.6440112590789795,0.4362427592277527
Scene,no_mask_repeat,12345,811,0.2196881977102323,0.25441392531447926,0.7400841116905212,0.47879165410995483,0.011639297008514404
Scene,no_mask_repeat,12345,821,0.03366252407524394,0.2302868719873208,0.6362752318382263,0.7735742330551147,0.7185113430023193
Scene,no_mask_repeat,12345,824,-0.05865592362940989,0.09647574424775382,0.7205261588096619,0.5630351305007935,0.17201125621795654
Scene,no_mask_repeat,12345,841,0.13167311292217965,0.29807937806719537,0.784065842628479,0.6025949716567993,0.14087100327014923
Scene,no_mask_repeat,12345,842,0.040630952251259886,0.26358187735174887,0.7896345257759094,0.699576199054718,0.07228407263755798
Scene,no_mask_repeat,12345,850,0.06846720433675454,0.2884641328396288,0.7160958051681519,0.7053678035736084,0.28277289867401123
Scene,no_mask_repeat,12345,855,0.040777108293038204,0.4513165565065866,0.6866933703422546,0.7185680866241455,0.04906050115823746
Scene,no_mask_repeat,12345,872,-0.0133751221276723,0.0952950189353984,0.7112165689468384,0.3050520122051239,0.0194083284586668
Scene,no_mask_repeat,12345,873,0.5467698133563323,0.5532542010932304,0.6098306775093079,0.41501957178115845,0.0923490896821022
Scene,no_mask_repeat,12345,893,0.3438162126308746,0.2836476508846109,0.7856424450874329,0.5362186431884766,0.09187380224466324
Scene,no_mask_repeat,12345,894,0.008972574898510116,0.3275258825022145,0.7523261308670044,0.5518085360527039,0.03667641803622246
Scene,no_mask_repeat,12345,918,-0.0025042512010189423,0.3091287693160665,0.7244552373886108,0.767654538154602,0.29557743668556213
Scene,no_mask_repeat,12345,943,0.07133581837256343,0.538945976358406,0.7619567513465881,0.6011134386062622,0.32888516783714294
Scene,no_mask_repeat,12345,978,0.5511838892246367,0.5697768080954968,0.601841390132904,0.7865351438522339,0.28866317868232727
Scene,no_mask_repeat,12345,999,0.07996375783268637,0.3201064312296886,0.7284443974494934,0.6645751595497131,0.030521146953105927
Scene,Body_unrelated_equal4_zero,23456,14,0.32457424176317135,0.47411191709438705,0.6742289066314697,0.45264625549316406,0.04849744215607643
Scene,Body_unrelated_equal4_zero,23456,15,0.015301069930921231,0.4206025789342672,0.8110587000846863,0.7968467473983765,0.5352787971496582
Scene,Body_unrelated_equal4_zero,23456,36,0.2651316791157544,0.229212428703117,0.6166739463806152,0.6792835593223572,0.005990984849631786
Scene,Body_unrelated_equal4_zero,23456,39,-0.4555335912900656,0.33970892172896094,0.5431666374206543,0.7111649513244629,0.3133845031261444
Scene,Body_unrelated_equal4_zero,23456,126,0.07293306448566104,0.4170726821121669,0.6662137508392334,0.9023427963256836,0.39605122804641724
Scene,Body_unrelated_equal4_zero,23456,132,0.012496004589244322,0.11044133839732886,0.6348420977592468,0.6654680371284485,0.27175265550613403
Scene,Body_unrelated_equal4_zero,23456,167,0.08224013758503673,0.11974714571462775,0.700253963470459,0.6543810963630676,0.25938543677330017
Scene,Body_unrelated_equal4_zero,23456,196,0.04603987324016354,0.3446021387040799,0.768888533115387,0.7435075044631958,0.0855046883225441
Scene,Body_unrelated_equal4_zero,23456,199,0.1662513788848945,0.1754098212083673,0.7209123969078064,0.7623687982559204,0.48471349477767944
Scene,Body_unrelated_equal4_zero,23456,214,0.12429284437523459,0.3765053935855046,0.7068830132484436,0.6203696727752686,0.07846371829509735
Scene,Body_unrelated_equal4_zero,23456,241,0.2150517338613996,0.3328851270021749,0.7359345555305481,0.49381202459335327,0.03971899300813675
Scene,Body_unrelated_equal4_zero,23456,242,0.06329096315826171,0.509836439390136,0.7322014570236206,0.597096860408783,0.06991535425186157
Scene,Body_unrelated_equal4_zero,23456,245,-0.017448534872952302,0.43067577804912494,0.6650262475013733,0.5821347236633301,0.03230726718902588
Scene,Body_unrelated_equal4_zero,23456,249,0.07997669743743695,0.3758339903916865,0.7925354242324829,0.41782957315444946,-0.013802623376250267
Scene,Body_unrelated_equal4_zero,23456,282,0.1948072845633054,0.36588861663700056,0.6221153736114502,0.4398484230041504,0.02254248782992363
Scene,Body_unrelated_equal4_zero,23456,289,-0.07086372788378831,0.3346223829990225,0.7794855833053589,0.6294901967048645,0.03334566950798035
Scene,Body_unrelated_equal4_zero,23456,303,0.06610706915004014,0.49751554013859023,0.7730770707130432,0.7300090789794922,0.051805488765239716
Scene,Body_unrelated_equal4_zero,23456,314,0.11288009824681053,0.19939597541125137,0.8481040000915527,0.6376588344573975,0.10070505738258362
Scene,Body_unrelated_equal4_zero,23456,393,-0.03548393997779713,0.3657292420038006,0.707952082157135,0.7767847776412964,0.215011328458786
Scene,Body_unrelated_equal4_zero,23456,412,0.5386375837225391,0.5397942679876806,0.5449140667915344,0.5586153268814087,0.059791672974824905
Scene,Body_unrelated_equal4_zero,23456,442,0.09302426512840542,0.36692028352298606,0.7213950753211975,0.6919460296630859,-0.05907965824007988
Scene,Body_unrelated_equal4_zero,23456,463,0.2188827968165572,0.09510786230856083,0.7656475305557251,0.5720393657684326,0.114486463367939
Scene,Body_unrelated_equal4_zero,23456,469,-0.3786183190847283,0.21913074830953305,0.7920140027999878,0.4757916331291199,0.025283731520175934
Scene,Body_unrelated_equal4_zero,23456,486,-0.1603654206679963,0.10243493624353488,0.7373888492584229,0.6009142994880676,0.1537894457578659
Scene,Body_unrelated_equal4_zero,23456,491,0.36961660591519613,0.32364100163359416,0.6229438781738281,0.6672667264938354,0.050380777567625046
Scene,Body_unrelated_equal4_zero,23456,518,0.5132998180546456,0.5878966015835507,0.5114759206771851,0.6827949285507202,0.20465870201587677
Scene,Body_unrelated_equal4_zero,23456,523,0.3921378146591388,0.1655660239668166,0.701289713382721,0.5363225936889648,0.12993210554122925
Scene,Body_unrelated_equal4_zero,23456,545,-0.044083423320649066,0.38038636390325004,0.7404489517211914,0.7063254714012146,0.08540906757116318
Scene,Body_unrelated_equal4_zero,23456,551,-0.031893490436256125,0.0771672833774687,0.8120545148849487,0.47976475954055786,0.031006494536995888
Scene,Body_unrelated_equal4_zero,23456,568,0.1277080131602827,0.4470193681485297,0.6798694133758545,0.8072029948234558,0.5641052722930908
Scene,Body_unrelated_equal4_zero,23456,620,-0.29093061581874663,0.22650677008998082,0.7857359647750854,0.5882515907287598,0.30407196283340454
Scene,Body_unrelated_equal4_zero,23456,640,-0.15059656333826568,0.12183473383896669,0.7039541006088257,0.45009636878967285,0.041324928402900696
Scene,Body_unrelated_equal4_zero,23456,648,0.32909847258241137,0.2995487470054025,0.7462771534919739,0.6095150709152222,0.08696397393941879
Scene,Body_unrelated_equal4_zero,23456,671,-0.1637726001632215,0.34500669624737784,0.6077499985694885,0.7783123850822449,0.4070509672164917
Scene,Body_unrelated_equal4_zero,23456,755,0.38941998802337074,0.4162162105595782,0.7326291799545288,0.5788490772247314,0.11266380548477173
Scene,Body_unrelated_equal4_zero,23456,811,0.018114425028028125,0.2557328980709155,0.7540120482444763,0.5574890375137329,0.03530408814549446
Scene,Body_unrelated_equal4_zero,23456,821,0.35631595064286525,0.29406737810925093,0.6641068458557129,0.4315822720527649,0.046339500695466995
Scene,Body_unrelated_equal4_zero,23456,824,-0.1256443509807839,0.09348390593177065,0.7942496538162231,0.45481404662132263,0.038488246500492096
Scene,Body_unrelated_equal4_zero,23456,841,0.09828382172643316,0.24583032918623168,0.8432359099388123,0.40818843245506287,0.0576460100710392
Scene,Body_unrelated_equal4_zero,23456,842,0.12859167303229913,0.2374438428133806,0.7081111669540405,0.7787126302719116,0.10365815460681915
Scene,Body_unrelated_equal4_zero,23456,850,0.07884989423522144,0.37292789925913433,0.7398849725723267,0.694259762763977,0.3153001368045807
Scene,Body_unrelated_equal4_zero,23456,855,0.17366661264090028,0.4824419421849603,0.7236846089363098,0.7086845636367798,0.00801648199558258
Scene,Body_unrelated_equal4_zero,23456,872,-0.12999119864641442,0.07619985909580897,0.7189456224441528,0.3963494300842285,-0.0007920684292912483
Scene,Body_unrelated_equal4_zero,23456,873,0.44703885525032355,0.52466638758184,0.5735757946968079,0.48599973320961,0.05183665081858635
Scene,Body_unrelated_equal4_zero,23456,893,0.3845489195079985,0.29110508133763485,0.688851535320282,0.7087687253952026,0.3153704106807709
Scene,Body_unrelated_equal4_zero,23456,894,-0.0402743477657988,0.23608702426360675,0.732292890548706,0.559937596321106,0.06627877056598663
Scene,Body_unrelated_equal4_zero,23456,918,-0.02885306846619536,0.27057634443058437,0.6738525629043579,0.7312363386154175,0.2611556351184845
Scene,Body_unrelated_equal4_zero,23456,943,0.3441948733450603,0.5707791547203241,0.7190620303153992,0.631813645362854,0.1478491723537445
Scene,Body_unrelated_equal4_zero,23456,978,0.6228792678138564,0.5861941166231773,0.5519890785217285,0.8628555536270142,0.808894157409668
Scene,Body_unrelated_equal4_zero,23456,999,-0.06577505164231524,0.33138283051443745,0.7063866853713989,0.6840705275535583,0.0058465152978897095
Scene,Scene_equal4_zero,23456,14,0.5834299969891933,0.5552299104983802,0.5297592282295227,0.47563380002975464,0.038296133279800415
Scene,Scene_equal4_zero,23456,15,-0.11164537069299249,0.42660599007862365,0.7698708176612854,0.7310837507247925,0.11075913906097412
Scene,Scene_equal4_zero,23456,36,0.2682017733610583,0.22878063846755328,0.6134211421012878,0.6454052925109863,0.015204397961497307
Scene,Scene_equal4_zero,23456,39,-0.47021209108592893,0.3306179222141342,0.4918561279773712,0.6351157426834106,0.2388218343257904
Scene,Scene_equal4_zero,23456,126,0.15027863073507358,0.4272591192472765,0.6500370502471924,0.833156943321228,0.48597705364227295
Scene,Scene_equal4_zero,23456,132,0.005424747776100107,0.11000692475796928,0.6437416672706604,0.6188551187515259,0.31227532029151917
Scene,Scene_equal4_zero,23456,167,0.06012968697913214,0.11605325949786585,0.6992784738540649,0.6183252334594727,0.3048318326473236
Scene,Scene_equal4_zero,23456,196,0.03588540957073519,0.3459206822893347,0.7633914947509766,0.7164760828018188,0.08378097414970398
Scene,Scene_equal4_zero,23456,199,0.1426587208191233,0.1735664028993337,0.7244846820831299,0.7929835319519043,0.43182802200317383
Scene,Scene_equal4_zero,23456,214,0.12079009058505522,0.3773372747173611,0.7070135474205017,0.5528785586357117,0.1250857263803482
Scene,Scene_equal4_zero,23456,241,0.28288853527961755,0.3298775545770042,0.7386952638626099,0.5085148215293884,0.12503181397914886
Scene,Scene_equal4_zero,23456,242,0.02032537021722134,0.4888214079514664,0.769230842590332,0.5339565277099609,0.06676410883665085
Scene,Scene_equal4_zero,23456,245,-0.07244408587673411,0.43667895610075,0.6813950538635254,0.5666015148162842,0.0021599046885967255
Scene,Scene_equal4_zero,23456,249,-0.008755205097079461,0.367920032332945,0.809751033782959,0.4520230293273926,0.01446494273841381
Scene,Scene_equal4_zero,23456,282,0.18602787229419324,0.3665892049891725,0.6183046102523804,0.41495323181152344,0.062967449426651
Scene,Scene_equal4_zero,23456,289,-0.060352597238787074,0.3256881804194165,0.7755001187324524,0.592170238494873,0.0593685545027256
Scene,Scene_equal4_zero,23456,303,0.09646908682246125,0.4905811317512019,0.7459200620651245,0.733920693397522,0.058702502399683
Scene,Scene_equal4_zero,23456,314,0.11321153285754525,0.19838245105948915,0.8329942226409912,0.5962139368057251,0.034132570028305054
Scene,Scene_equal4_zero,23456,393,-0.07944520902893124,0.3533535125160621,0.6971957087516785,0.8031893968582153,0.19178709387779236
Scene,Scene_equal4_zero,23456,412,0.5683467163738987,0.5336087969508524,0.5583971738815308,0.5136131048202515,0.07006140798330307
Scene,Scene_equal4_zero,23456,442,0.08432539065105761,0.37089469607648373,0.7257442474365234,0.7111154794692993,0.043867506086826324
Scene,Scene_equal4_zero,23456,463,0.2325999268282014,0.09588536095696339,0.7548598051071167,0.5669897794723511,0.12278729677200317
Scene,Scene_equal4_zero,23456,469,-0.33229206498646185,0.21753741372041024,0.764952540397644,0.42502444982528687,0.0037730238400399685
Scene,Scene_equal4_zero,23456,486,-0.1711807714058354,0.10344178780382539,0.7437081336975098,0.5926085710525513,0.15150007605552673
Scene,Scene_equal4_zero,23456,491,0.3742011149307423,0.33267230585195007,0.6262377500534058,0.6648220419883728,-0.0016755773685872555
Scene,Scene_equal4_zero,23456,518,0.3856789235117153,0.5094423827120802,0.5842074155807495,0.7769612073898315,0.34254348278045654
Scene,Scene_equal4_zero,23456,523,0.37022511619213794,0.16536044780346199,0.694557785987854,0.5166647434234619,0.1688752919435501
Scene,Scene_equal4_zero,23456,545,-0.020651961412061624,0.39639712518642384,0.7666481733322144,0.7192093133926392,0.07607172429561615
Scene,Scene_equal4_zero,23456,551,-0.01613147887990208,0.06910463575857574,0.8275356292724609,0.4646730422973633,-0.05222507566213608
Scene,Scene_equal4_zero,23456,568,0.14962290815417226,0.4524861441020965,0.7045993804931641,0.8793853521347046,0.4910149872303009
Scene,Scene_equal4_zero,23456,620,-0.274265444372887,0.227860021768576,0.7731438279151917,0.4809683859348297,0.24144934117794037
Scene,Scene_equal4_zero,23456,640,-0.1410769842265435,0.12833223402790772,0.6862006187438965,0.42259645462036133,0.019563715904951096
Scene,Scene_equal4_zero,23456,648,0.4118646383090664,0.2680794103419191,0.7478290796279907,0.48411136865615845,0.01316068135201931
Scene,Scene_equal4_zero,23456,671,-0.16760204244719826,0.3502462006785102,0.6250275373458862,0.7381508350372314,0.40171438455581665
Scene,Scene_equal4_zero,23456,755,0.40173062004864046,0.41764469045856906,0.7340927124023438,0.6483311057090759,0.25742053985595703
Scene,Scene_equal4_zero,23456,811,0.010436232974918027,0.25543460898328957,0.7545210123062134,0.5650507211685181,-0.011391457170248032
Scene,Scene_equal4_zero,23456,821,0.3717059691056758,0.29820645604988966,0.6870979070663452,0.4775036573410034,0.03358195722103119
Scene,Scene_equal4_zero,23456,824,-0.1119445495014305,0.09328304836030311,0.797210693359375,0.4683099091053009,0.0384640097618103
Scene,Scene_equal4_zero,23456,841,0.08627029570549509,0.2450096251041249,0.8412185311317444,0.4623885154724121,0.08694972097873688
Scene,Scene_equal4_zero,23456,842,0.15483275992343287,0.23889287247413976,0.70782870054245,0.7658489942550659,0.10713927447795868
Scene,Scene_equal4_zero,23456,850,0.06501721790458224,0.3731992652172069,0.7392055988311768,0.7191225290298462,0.31653696298599243
Scene,Scene_equal4_zero,23456,855,0.18132452349624825,0.49060130264677954,0.708682119846344,0.6656009554862976,0.024993283674120903
Scene,Scene_equal4_zero,23456,872,-0.11978514374730606,0.07902384115379875,0.7157191634178162,0.47837162017822266,-0.002512609586119652
Scene,Scene_equal4_zero,23456,873,0.46197438925934337,0.515486773261679,0.5749130249023438,0.48339831829071045,-0.006148532032966614
Scene,Scene_equal4_zero,23456,893,0.36955208217601127,0.263740564017493,0.6723266243934631,0.750353217124939,0.2722463309764862
Scene,Scene_equal4_zero,23456,894,0.00531731468888856,0.2377608877966463,0.7381035089492798,0.5617628693580627,0.13102824985980988
Scene,Scene_equal4_zero,23456,918,0.0273157713382686,0.27537760822987567,0.6693707704544067,0.7467508316040039,0.17655009031295776
Scene,Scene_equal4_zero,23456,943,0.34459962462491356,0.5697684553974531,0.6900162696838379,0.6073302030563354,0.1487569957971573
Scene,Scene_equal4_zero,23456,978,0.6253303333096331,0.5845781509119822,0.5521450042724609,0.851091742515564,0.7831853628158569
Scene,Scene_equal4_zero,23456,999,0.037142969129942326,0.3530410610028786,0.7174367308616638,0.6831800937652588,0.02200557477772236
Scene,Scene_full_zero,23456,14,0.5915334971366263,0.5581831138073827,0.5299055576324463,0.4807429909706116,0.04523199424147606
Scene,Scene_full_zero,23456,15,-0.11206493995336635,0.43367136372238047,0.7888501286506653,0.7912321090698242,0.152107834815979
Scene,Scene_full_zero,23456,36,0.28856942326448276,0.23362233843045097,0.6170269250869751,0.649222731590271,0.02034805715084076
Scene,Scene_full_zero,23456,39,-0.49630973345600726,0.31980438012612455,0.4655674695968628,0.6309950947761536,0.291127473115921
Scene,Scene_full_zero,23456,126,0.10754568818955922,0.4077192432461944,0.6722447872161865,0.882854163646698,0.35219693183898926
Scene,Scene_full_zero,23456,132,-0.005799093211383028,0.09266546536326944,0.6209866404533386,0.433193176984787,0.08280517160892487
Scene,Scene_full_zero,23456,167,0.09057228672260823,0.12086924248233452,0.7103517651557922,0.6089496612548828,0.14237694442272186
Scene,Scene_full_zero,23456,196,0.05244728827429925,0.342515861271905,0.7663006782531738,0.7439765334129333,0.05405143275856972
Scene,Scene_full_zero,23456,199,0.16649183530294473,0.18916857305917417,0.730610728263855,0.7878731489181519,0.42756351828575134
Scene,Scene_full_zero,23456,214,0.13951957318178682,0.36632005606983886,0.7535094022750854,0.604740560054779,0.05613870173692703
Scene,Scene_full_zero,23456,241,0.2703622524597357,0.3353904704994381,0.7323222160339355,0.5403367280960083,0.13426627218723297
Scene,Scene_full_zero,23456,242,0.06945371084804115,0.5045460617060128,0.7350585460662842,0.6014450788497925,0.04097238555550575
Scene,Scene_full_zero,23456,245,-0.021507482907735465,0.38580336656440434,0.6364287734031677,0.4942653775215149,0.04173683002591133
Scene,Scene_full_zero,23456,249,0.03686663645059574,0.353108900135816,0.7911975383758545,0.45281630754470825,-0.013218323700129986
Scene,Scene_full_zero,23456,282,0.18594348704331973,0.36979524062090474,0.6356412172317505,0.5713697671890259,0.3367786407470703
Scene,Scene_full_zero,23456,289,-0.05893480913794221,0.322333747823756,0.7757720351219177,0.6111383438110352,0.08375534415245056
Scene,Scene_full_zero,23456,303,0.10560322881128452,0.4920090096293456,0.7454507946968079,0.6945865154266357,0.07424862682819366
Scene,Scene_full_zero,23456,314,0.14819549437416404,0.19944712902528317,0.8116670250892639,0.5228022933006287,-0.010654209181666374
Scene,Scene_full_zero,23456,393,0.01952341662916136,0.3933360458989853,0.7000595927238464,0.7517507076263428,0.45563527941703796
Scene,Scene_full_zero,23456,412,0.566937682109665,0.5373960240113735,0.5202439427375793,0.5074015855789185,0.03777443245053291
Scene,Scene_full_zero,23456,442,0.09288538229500831,0.35261543663367617,0.7089683413505554,0.604751467704773,0.09351623803377151
Scene,Scene_full_zero,23456,463,0.330537665091584,0.10362038196721214,0.7436524033546448,0.5389758348464966,0.15350493788719177
Scene,Scene_full_zero,23456,469,-0.3824775881526665,0.21635581332447917,0.8152828216552734,0.45220035314559937,-0.005379100795835257
Scene,Scene_full_zero,23456,486,-0.15546281968522044,0.09792532584619239,0.721138596534729,0.566331148147583,0.18976366519927979
Scene,Scene_full_zero,23456,491,0.5145503686755586,0.3474609481950681,0.6150974035263062,0.6538029313087463,0.04715258255600929
Scene,Scene_full_zero,23456,518,0.49889676194716304,0.5695988880308261,0.6016716957092285,0.7434020638465881,0.2192380279302597
Scene,Scene_full_zero,23456,523,0.38415753264754876,0.17347797041433274,0.6994880437850952,0.6961098909378052,0.2193089872598648
Scene,Scene_full_zero,23456,545,-0.07643097008144886,0.19048486873888595,0.7172186374664307,0.5733214616775513,0.09564962983131409
Scene,Scene_full_zero,23456,551,-0.015590918732246275,0.06250679188660711,0.8183550238609314,0.5135720372200012,0.017475279048085213
Scene,Scene_full_zero,23456,568,0.13600139046472884,0.4652797124640262,0.6832066178321838,0.7736239433288574,0.47203150391578674
Scene,Scene_full_zero,23456,620,-0.27344876328062623,0.22793548953536746,0.8002299070358276,0.5943789482116699,0.36137330532073975
Scene,Scene_full_zero,23456,640,0.06625688483403697,0.19128909724089904,0.7664687633514404,0.7753069400787354,0.36641764640808105
Scene,Scene_full_zero,23456,648,0.38166672494157705,0.3001478985439237,0.7056200504302979,0.6150956749916077,0.007312075234949589
Scene,Scene_full_zero,23456,671,-0.14601310169506723,0.34649361676750795,0.6129516363143921,0.7457370758056641,0.3186880350112915
Scene,Scene_full_zero,23456,755,0.4103085511696639,0.42018978005828617,0.7349963784217834,0.6020581722259521,0.22733305394649506
Scene,Scene_full_zero,23456,811,-0.03039080595779892,0.26243691816501147,0.7047973871231079,0.5767838954925537,-0.04067949950695038
Scene,Scene_full_zero,23456,821,0.38194229977702093,0.2957861653588357,0.6740496754646301,0.5150985717773438,-0.0004549287259578705
Scene,Scene_full_zero,23456,824,-0.11376455632734843,0.07474922383104658,0.7394496202468872,0.5454354286193848,0.17158032953739166
Scene,Scene_full_zero,23456,841,0.10796279147135801,0.24148004454634872,0.8670874834060669,0.3933262228965759,0.03254520520567894
Scene,Scene_full_zero,23456,842,0.16308137533059286,0.24177579653452846,0.7014542818069458,0.7784538269042969,0.09349717944860458
Scene,Scene_full_zero,23456,850,0.03669871183227229,0.36144920301990946,0.7325634956359863,0.5679874420166016,0.09636347740888596
Scene,Scene_full_zero,23456,855,0.14242537271045497,0.47834083540643213,0.6923394799232483,0.6867077350616455,0.030530372634530067
Scene,Scene_full_zero,23456,872,-0.12186518365197373,0.08448861772463079,0.7586919069290161,0.5721684694290161,0.11681470274925232
Scene,Scene_full_zero,23456,873,0.5611458354434583,0.5538782132612146,0.579140305519104,0.4010566473007202,-0.025965727865695953
Scene,Scene_full_zero,23456,893,0.3677661369678276,0.29598657995737604,0.7115837335586548,0.7355257272720337,0.16314105689525604
Scene,Scene_full_zero,23456,894,-0.0015035105639835988,0.2444808657455019,0.7312380075454712,0.6048117876052856,0.08667094260454178
Scene,Scene_full_zero,23456,918,0.027772053317616088,0.26387585354020066,0.6653192043304443,0.7793751955032349,0.23846937716007233
Scene,Scene_full_zero,23456,943,0.263991786335107,0.5659543348190611,0.7643693685531616,0.4973510503768921,0.1412430703639984
Scene,Scene_full_zero,23456,978,0.6256083409492745,0.5672077667553381,0.6171882152557373,0.5540257692337036,0.050302904099226
Scene,Scene_full_zero,23456,999,-0.022450400494742954,0.3407692755140961,0.6995769739151001,0.7083864212036133,0.020277155563235283
Scene,Scene_random_equal4_01_zero,23456,14,0.5958284946923831,0.5544867661390429,0.5270191431045532,0.47794634103775024,0.04574412852525711
Scene,Scene_random_equal4_01_zero,23456,15,-0.12990108482187374,0.42398233684287007,0.7841770648956299,0.7596806287765503,0.12464606761932373
Scene,Scene_random_equal4_01_zero,23456,36,0.2789584919265997,0.23354389467838355,0.6110618114471436,0.6903531551361084,0.02256716415286064
Scene,Scene_random_equal4_01_zero,23456,39,-0.47853351071699807,0.32843986753605886,0.49352481961250305,0.6517540216445923,0.22213980555534363
Scene,Scene_random_equal4_01_zero,23456,126,0.1354019068820037,0.4269896339805791,0.6489014029502869,0.8502182960510254,0.5435868501663208
Scene,Scene_random_equal4_01_zero,23456,132,0.0017089031866371473,0.10979479643113375,0.6357269287109375,0.6586775183677673,0.3571394979953766
Scene,Scene_random_equal4_01_zero,23456,167,0.07048576344548618,0.11853649623065718,0.7018125057220459,0.6170984506607056,0.2910915017127991
Scene,Scene_random_equal4_01_zero,23456,196,0.048511841184263146,0.34748100740356425,0.7583820819854736,0.7101308703422546,0.07580025494098663
Scene,Scene_random_equal4_01_zero,23456,199,0.14970540803208607,0.18500947725240102,0.732120156288147,0.8067225217819214,0.38849639892578125
Scene,Scene_random_equal4_01_zero,23456,214,0.09952570923073853,0.37222830195298895,0.7508395910263062,0.6007659435272217,0.11544767767190933
Scene,Scene_random_equal4_01_zero,23456,241,0.28219422278982703,0.3364976396305018,0.7408849000930786,0.5263295769691467,0.06818611919879913
Scene,Scene_random_equal4_01_zero,23456,242,0.05816724132439932,0.5041457415746874,0.7358131408691406,0.6088390350341797,0.06259985268115997
Scene,Scene_random_equal4_01_zero,23456,245,-0.0889517933868366,0.43704079749476915,0.681368350982666,0.6268945932388306,0.05519659072160721
Scene,Scene_random_equal4_01_zero,23456,249,0.0029257215484784316,0.3647617307143779,0.8077386021614075,0.43272173404693604,-0.0057828910648822784
Scene,Scene_random_equal4_01_zero,23456,282,0.19374636073406848,0.3681467450876221,0.6081194877624512,0.44484663009643555,0.10827834904193878
Scene,Scene_random_equal4_01_zero,23456,289,-0.07285861852735225,0.3176347011823578,0.7598688006401062,0.5964508056640625,0.026069480925798416
Scene,Scene_random_equal4_01_zero,23456,303,0.09365589217083377,0.4887560708533627,0.748890221118927,0.7436395883560181,0.054512932896614075
Scene,Scene_random_equal4_01_zero,23456,314,0.15184406243205817,0.19939369014794317,0.8165289163589478,0.49223312735557556,-0.024486318230628967
Scene,Scene_random_equal4_01_zero,23456,393,-0.07272997201143717,0.3541652555473284,0.691798746585846,0.8118143677711487,0.2473057508468628
Scene,Scene_random_equal4_01_zero,23456,412,0.566718737717481,0.5344314163790099,0.5481000542640686,0.4949091672897339,0.06874056160449982
Scene,Scene_random_equal4_01_zero,23456,442,0.07697632234416311,0.37170972055587437,0.7308745384216309,0.6696175336837769,0.04319751635193825
Scene,Scene_random_equal4_01_zero,23456,463,0.2011000159926674,0.09259222435437608,0.7670629620552063,0.5724959969520569,0.11883725970983505
Scene,Scene_random_equal4_01_zero,23456,469,-0.35069221361012576,0.21826446153265477,0.7860989570617676,0.4507884681224823,0.02587423101067543
Scene,Scene_random_equal4_01_zero,23456,486,-0.19332643785226916,0.09583325617321972,0.7287662029266357,0.54938143491745,0.07138842344284058
Scene,Scene_random_equal4_01_zero,23456,491,0.36729895159235637,0.33415433123422345,0.6321309804916382,0.6751294732093811,0.006423091050237417
Scene,Scene_random_equal4_01_zero,23456,518,0.39855265504023263,0.5340034549407096,0.5356930494308472,0.6658830046653748,0.08366170525550842
Scene,Scene_random_equal4_01_zero,23456,523,0.3976650910319576,0.16331482394250857,0.7003862857818604,0.6582607626914978,0.17483888566493988
Scene,Scene_random_equal4_01_zero,23456,545,-0.03994071470459836,0.3990979687367413,0.7592564821243286,0.6820495128631592,0.06656895577907562
Scene,Scene_random_equal4_01_zero,23456,551,-0.028948842663123094,0.07543147364863405,0.7918187379837036,0.47220391035079956,-0.003659522160887718
Scene,Scene_random_equal4_01_zero,23456,568,0.12902237861173196,0.44459771601816916,0.6866341829299927,0.8127104043960571,0.4981411099433899
Scene,Scene_random_equal4_01_zero,23456,620,-0.28896271989383104,0.23070045084495064,0.7870384454727173,0.6086957454681396,0.2912740111351013
Scene,Scene_random_equal4_01_zero,23456,640,-0.11068394962135365,0.149521868148326,0.726377010345459,0.4182320833206177,0.035028327256441116
Scene,Scene_random_equal4_01_zero,23456,648,0.4372643302533608,0.29231967428427064,0.7464062571525574,0.5559654831886292,0.008100941777229309
Scene,Scene_random_equal4_01_zero,23456,671,-0.16407940127647738,0.3452880454345303,0.6265262961387634,0.7385961413383484,0.33362871408462524
Scene,Scene_random_equal4_01_zero,23456,755,0.3980102599824371,0.4194652487295045,0.7315371632575989,0.656255841255188,0.2856194078922272
Scene,Scene_random_equal4_01_zero,23456,811,-0.015206155138686943,0.25083109815120463,0.7585396766662598,0.5647714138031006,0.035943273454904556
Scene,Scene_random_equal4_01_zero,23456,821,0.3307815955747757,0.311623937670629,0.7296708226203918,0.49415120482444763,0.0011324896477162838
Scene,Scene_random_equal4_01_zero,23456,824,-0.10899369560525723,0.09490423293247958,0.7959539890289307,0.44249969720840454,0.020880788564682007
Scene,Scene_random_equal4_01_zero,23456,841,0.09611673081931517,0.24685037843376498,0.8484945893287659,0.4485427439212799,0.08341800421476364
Scene,Scene_random_equal4_01_zero,23456,842,0.15058254513689806,0.23814382187022923,0.7095743417739868,0.7890066504478455,0.12275910377502441
Scene,Scene_random_equal4_01_zero,23456,850,0.06624601863914584,0.3732308403456006,0.7330936789512634,0.6563621759414673,0.3491933345794678
Scene,Scene_random_equal4_01_zero,23456,855,0.12385758072386356,0.46331161669468585,0.6922348141670227,0.7490952014923096,0.05633111298084259
Scene,Scene_random_equal4_01_zero,23456,872,-0.12597850865998605,0.07557652529205323,0.7144502401351929,0.4993884265422821,0.01809043064713478
Scene,Scene_random_equal4_01_zero,23456,873,0.4392604317855304,0.5141302143410877,0.5695602893829346,0.5907970666885376,0.13082405924797058
Scene,Scene_random_equal4_01_zero,23456,893,0.40827238893704,0.2727736860045561,0.6727198362350464,0.7434257864952087,0.2956491708755493
Scene,Scene_random_equal4_01_zero,23456,894,-0.02879051812461024,0.23139836323786311,0.7312012314796448,0.6224724650382996,0.09495022147893906
Scene,Scene_random_equal4_01_zero,23456,918,0.025683143767813835,0.27722889031804787,0.6678119897842407,0.7588242292404175,0.21496893465518951
Scene,Scene_random_equal4_01_zero,23456,943,0.3563402963818258,0.5700369303656085,0.6861273050308228,0.6042224168777466,0.14127349853515625
Scene,Scene_random_equal4_01_zero,23456,978,0.6076451067172183,0.5832220872547956,0.5738274455070496,0.8666266798973083,0.824500560760498
Scene,Scene_random_equal4_01_zero,23456,999,-0.052978295586914616,0.33226605637975376,0.6981383562088013,0.7350987195968628,0.04036940261721611
Scene,Scene_random_equal4_02_zero,23456,14,0.32884474586688206,0.4768027743319044,0.6553722620010376,0.44859641790390015,0.08806922286748886
Scene,Scene_random_equal4_02_zero,23456,15,-0.12457363027442443,0.42300269795836953,0.783161461353302,0.7540173530578613,0.07389917969703674
Scene,Scene_random_equal4_02_zero,23456,36,0.23725275106847665,0.224152779812608,0.6237388253211975,0.6541116833686829,-0.00228810403496027
Scene,Scene_random_equal4_02_zero,23456,39,-0.46997169568389074,0.33112088282368424,0.49006491899490356,0.6363145709037781,0.2299710214138031
Scene,Scene_random_equal4_02_zero,23456,126,0.07380246172512325,0.4118065670101043,0.669075071811676,0.9026957750320435,0.46823573112487793
Scene,Scene_random_equal4_02_zero,23456,132,0.004557031343166506,0.11070514392969803,0.6393045783042908,0.6747739315032959,0.32161620259284973
Scene,Scene_random_equal4_02_zero,23456,167,0.07286832949692391,0.11851420582928332,0.7130417823791504,0.6332137584686279,0.29490336775779724
Scene,Scene_random_equal4_02_zero,23456,196,0.066397367337166,0.3570208899435086,0.7408625483512878,0.7127135992050171,0.02463691495358944
Scene,Scene_random_equal4_02_zero,23456,199,0.15537668179852057,0.17452832220797992,0.7244988679885864,0.787222146987915,0.4633995294570923
Scene,Scene_random_equal4_02_zero,23456,214,0.14333346116792722,0.38157963079174306,0.7041459083557129,0.643152117729187,0.09671072661876678
Scene,Scene_random_equal4_02_zero,23456,241,0.2772618095164177,0.34149051199034247,0.7025803327560425,0.5879415273666382,0.13121828436851501
Scene,Scene_random_equal4_02_zero,23456,242,0.062231909648883775,0.5084700397192278,0.732910692691803,0.5960314273834229,0.04252858832478523
Scene,Scene_random_equal4_02_zero,23456,245,-0.08342034355458339,0.4393954119223822,0.6707504987716675,0.6073166131973267,0.039647702127695084
Scene,Scene_random_equal4_02_zero,23456,249,0.04513332130022747,0.36856153216689524,0.7970333695411682,0.43072766065597534,0.018406197428703308
Scene,Scene_random_equal4_02_zero,23456,282,0.1866448223810694,0.35953532884741257,0.6175891757011414,0.36669236421585083,0.08390901237726212
Scene,Scene_random_equal4_02_zero,23456,289,-0.05764371988870077,0.3375389083078416,0.7724898457527161,0.6144096851348877,0.018439501523971558
Scene,Scene_random_equal4_02_zero,23456,303,0.06478209766382458,0.4804513288318614,0.7354456186294556,0.6689552068710327,0.033149294555187225
Scene,Scene_random_equal4_02_zero,23456,314,0.10420873240884758,0.19882673984628219,0.8208383917808533,0.523876965045929,0.015902314335107803
Scene,Scene_random_equal4_02_zero,23456,393,-0.060965137960615506,0.32465468696514793,0.7075285315513611,0.8257046937942505,0.2227996438741684
Scene,Scene_random_equal4_02_zero,23456,412,0.5622350329463077,0.5338757106216887,0.5407443642616272,0.4902518391609192,0.09809926152229309
Scene,Scene_random_equal4_02_zero,23456,442,0.09836107533953364,0.36708286195235157,0.725449800491333,0.6892170310020447,-0.017214789986610413
Scene,Scene_random_equal4_02_zero,23456,463,0.21828011283201834,0.09209401879120745,0.7608582377433777,0.5945281982421875,0.11812802404165268
Scene,Scene_random_equal4_02_zero,23456,469,-0.3439951745174484,0.21981578096625723,0.7872152328491211,0.4271692633628845,0.021936537697911263
Scene,Scene_random_equal4_02_zero,23456,486,-0.16060908837242124,0.10678688180397693,0.735997200012207,0.5688700079917908,0.09491455554962158
Scene,Scene_random_equal4_02_zero,23456,491,0.37272225545524973,0.33508347269001004,0.6322184205055237,0.6560329794883728,0.02190404012799263
Scene,Scene_random_equal4_02_zero,23456,518,0.42240935885141595,0.5137058418337791,0.5816637277603149,0.7322596311569214,0.1906239092350006
Scene,Scene_random_equal4_02_zero,23456,523,0.40277869425332086,0.15967864069639592,0.6965963840484619,0.5846023559570312,0.1644013226032257
Scene,Scene_random_equal4_02_zero,23456,545,-0.0880015660128387,0.3747035902696374,0.7436741590499878,0.6682676076889038,0.036578208208084106
Scene,Scene_random_equal4_02_zero,23456,551,-0.019996640253423497,0.07158797973201887,0.7908761501312256,0.5376260876655579,-0.019212063401937485
Scene,Scene_random_equal4_02_zero,23456,568,0.16211377900060056,0.4823225905876379,0.7420546412467957,0.8130077123641968,0.3683631718158722
Scene,Scene_random_equal4_02_zero,23456,620,-0.27644148097202004,0.22490313129932318,0.7971895337104797,0.6466566324234009,0.300760418176651
Scene,Scene_random_equal4_02_zero,23456,640,-0.14888966692216743,0.14112601919870674,0.7102034091949463,0.43427950143814087,0.07758606225252151
Scene,Scene_random_equal4_02_zero,23456,648,0.4285101487464464,0.28458778202122076,0.7636868953704834,0.5100529789924622,-0.0022442075423896313
Scene,Scene_random_equal4_02_zero,23456,671,-0.15762746880281045,0.3451537329120241,0.6153973340988159,0.7468985319137573,0.36495453119277954
Scene,Scene_random_equal4_02_zero,23456,755,0.3990248050249831,0.4185653980299263,0.7336490154266357,0.6899719834327698,0.32611003518104553
Scene,Scene_random_equal4_02_zero,23456,811,0.01193283683120022,0.2546362792156468,0.7546241283416748,0.5489143133163452,-0.009334947913885117
Scene,Scene_random_equal4_02_zero,23456,821,0.35670293161973166,0.29116862389161047,0.6648312211036682,0.4454053044319153,0.04150102660059929
Scene,Scene_random_equal4_02_zero,23456,824,-0.10985621351475743,0.0950630032500553,0.7860417366027832,0.48398643732070923,0.07246299833059311
Scene,Scene_random_equal4_02_zero,23456,841,0.06281575535505841,0.23523725504862952,0.8449169397354126,0.3572351932525635,0.04367441311478615
Scene,Scene_random_equal4_02_zero,23456,842,0.14058156186059867,0.24515691515021568,0.6940351724624634,0.8151375651359558,0.16132304072380066
Scene,Scene_random_equal4_02_zero,23456,850,0.06494839439102619,0.3721544951452673,0.7317795753479004,0.7057881355285645,0.32441845536231995
Scene,Scene_random_equal4_02_zero,23456,855,0.18942699358780177,0.4872170048861977,0.7108598947525024,0.6676285266876221,-0.017788521945476532
Scene,Scene_random_equal4_02_zero,23456,872,-0.11740222304612463,0.07663885081767091,0.7141605615615845,0.5161157846450806,0.002156658098101616
Scene,Scene_random_equal4_02_zero,23456,873,0.4573237914162685,0.5139095881592445,0.5752710103988647,0.5333424806594849,0.08560328185558319
Scene,Scene_random_equal4_02_zero,23456,893,0.37383099668451963,0.2671530758294151,0.6855443716049194,0.701797366142273,0.19505377113819122
Scene,Scene_random_equal4_02_zero,23456,894,-0.010884437849360593,0.23607247717014807,0.7279735207557678,0.6043252944946289,0.07399499416351318
Scene,Scene_random_equal4_02_zero,23456,918,-0.0031600576709573227,0.2831226975717693,0.6995849013328552,0.7374727725982666,0.11912641674280167
Scene,Scene_random_equal4_02_zero,23456,943,0.3542311224722148,0.5714272170709225,0.7128459215164185,0.6296297311782837,0.15988412499427795
Scene,Scene_random_equal4_02_zero,23456,978,0.6082540307378123,0.5804529045992232,0.5697346329689026,0.8760175704956055,0.8340938091278076
Scene,Scene_random_equal4_02_zero,23456,999,-0.014916299931777488,0.3345728419218147,0.6842571496963501,0.7034477591514587,0.006206968799233437
Scene,Scene_random_equal4_03_zero,23456,14,0.2982223405887453,0.4678479023985945,0.6684819459915161,0.41114768385887146,0.029499970376491547
Scene,Scene_random_equal4_03_zero,23456,15,-0.1308704298834928,0.44208469583719984,0.7823610901832581,0.7628235816955566,0.18089181184768677
Scene,Scene_random_equal4_03_zero,23456,36,0.25125770284735094,0.22788638135142386,0.6201013922691345,0.6506162881851196,0.003525371663272381
Scene,Scene_random_equal4_03_zero,23456,39,-0.47253159768071085,0.3244703158859894,0.47632622718811035,0.6310811042785645,0.2042405903339386
Scene,Scene_random_equal4_03_zero,23456,126,0.10769263999220591,0.40629618574898674,0.6649245619773865,0.8650739789009094,0.3826879858970642
Scene,Scene_random_equal4_03_zero,23456,132,0.0006253379455559367,0.11079020865405076,0.6404064893722534,0.6404266953468323,0.32641762495040894
Scene,Scene_random_equal4_03_zero,23456,167,0.069223725972815,0.11414030830453606,0.7052997350692749,0.6539621353149414,0.3023666739463806
Scene,Scene_random_equal4_03_zero,23456,196,0.03215795788843706,0.34673227099935294,0.7744489312171936,0.7436280250549316,0.08825134485960007
Scene,Scene_random_equal4_03_zero,23456,199,0.179311329629429,0.19232752454180038,0.7187069654464722,0.785406768321991,0.5171931982040405
Scene,Scene_random_equal4_03_zero,23456,214,0.13746081521182596,0.3783853837106975,0.705917477607727,0.6536111831665039,0.06386136263608932
Scene,Scene_random_equal4_03_zero,23456,241,0.2680304748895489,0.3399159301378753,0.7207700610160828,0.5233751535415649,0.03216550499200821
Scene,Scene_random_equal4_03_zero,23456,242,0.009243470905613543,0.5025997059889789,0.7825511693954468,0.5626076459884644,0.04455934837460518
Scene,Scene_random_equal4_03_zero,23456,245,-0.09417293175487648,0.43407379694986437,0.6682142019271851,0.5959241390228271,0.03486714884638786
Scene,Scene_random_equal4_03_zero,23456,249,0.034291569924785534,0.3792154712011794,0.7949699759483337,0.416226863861084,-8.055008947849274e-05
Scene,Scene_random_equal4_03_zero,23456,282,0.23302062368283874,0.3807662283830086,0.6371334195137024,0.48439162969589233,0.3465045690536499
Scene,Scene_random_equal4_03_zero,23456,289,-0.07322462649630439,0.3181707838843042,0.7698138952255249,0.5860067009925842,0.020090658217668533
Scene,Scene_random_equal4_03_zero,23456,303,0.08887386164893331,0.48266154887577767,0.7381004095077515,0.7464403510093689,0.06049077957868576
Scene,Scene_random_equal4_03_zero,23456,314,0.1596915226649455,0.19938555244121103,0.8252372145652771,0.486941933631897,-0.032291196286678314
Scene,Scene_random_equal4_03_zero,23456,393,-0.04160016069924675,0.3247730570625466,0.7100241780281067,0.8086000680923462,0.21303802728652954
Scene,Scene_random_equal4_03_zero,23456,412,0.5576661332914673,0.5362909600949554,0.5522009134292603,0.5032129287719727,0.10403206199407578
Scene,Scene_random_equal4_03_zero,23456,442,0.090345574226898,0.37015336800790133,0.7466237545013428,0.6943084001541138,-0.052787020802497864
Scene,Scene_random_equal4_03_zero,23456,463,0.22055724047941702,0.08915374219266345,0.7522945404052734,0.5839822888374329,0.11721468716859818
Scene,Scene_random_equal4_03_zero,23456,469,-0.3239085814269584,0.21762484509726068,0.7806366682052612,0.44133761525154114,-0.0010787900537252426
Scene,Scene_random_equal4_03_zero,23456,486,-0.1674142380077232,0.10474714496221978,0.7350996732711792,0.5730512738227844,0.09775238484144211
Scene,Scene_random_equal4_03_zero,23456,491,0.3570939419709438,0.32736629697400726,0.6298885941505432,0.6515054106712341,0.005126073956489563
Scene,Scene_random_equal4_03_zero,23456,518,0.4199557146914696,0.5107867105869738,0.5830402970314026,0.7284670472145081,0.19781510531902313
Scene,Scene_random_equal4_03_zero,23456,523,0.37101158474136603,0.15141887991227523,0.6762404441833496,0.5011805891990662,0.11338281631469727
Scene,Scene_random_equal4_03_zero,23456,545,-0.038162596323814565,0.39669551785768065,0.7536205053329468,0.6736045479774475,0.08433286845684052
Scene,Scene_random_equal4_03_zero,23456,551,-0.028715659194291834,0.0773567344966016,0.8128074407577515,0.48362475633621216,-0.025948401540517807
Scene,Scene_random_equal4_03_zero,23456,568,0.1157289989673355,0.46288965695327294,0.6644646525382996,0.7889290452003479,0.5013846158981323
Scene,Scene_random_equal4_03_zero,23456,620,-0.2737182819841694,0.20986899578687676,0.7879948616027832,0.5555197596549988,0.20476031303405762
Scene,Scene_random_equal4_03_zero,23456,640,-0.13564127388387598,0.14996147187809447,0.7112855911254883,0.4576303958892822,0.04404947906732559
Scene,Scene_random_equal4_03_zero,23456,648,0.4260930746410124,0.2766577487368189,0.7356711030006409,0.5167897939682007,0.033324941992759705
Scene,Scene_random_equal4_03_zero,23456,671,-0.1750450110386734,0.34382699588812893,0.6240640878677368,0.7137303352355957,0.32937952876091003
Scene,Scene_random_equal4_03_zero,23456,755,0.39712546901728374,0.414431015434623,0.7246130704879761,0.6414851546287537,0.21527455747127533
Scene,Scene_random_equal4_03_zero,23456,811,0.009124753223875424,0.2549774567132954,0.754570484161377,0.5343822240829468,-0.02214834839105606
Scene,Scene_random_equal4_03_zero,23456,821,0.35918897375653747,0.29086039809347214,0.6710342168807983,0.44373250007629395,0.047553569078445435
Scene,Scene_random_equal4_03_zero,23456,824,-0.11163837426936671,0.0962600345464079,0.796837568283081,0.4673701524734497,0.07292146235704422
Scene,Scene_random_equal4_03_zero,23456,841,0.1022346851533716,0.251979114465859,0.8381017446517944,0.40968257188796997,0.06911392509937286
Scene,Scene_random_equal4_03_zero,23456,842,0.16837780445190295,0.23874581289409533,0.7030869722366333,0.7837539911270142,0.0968530997633934
Scene,Scene_random_equal4_03_zero,23456,850,0.06855198664731278,0.37330499178838283,0.7310037016868591,0.6602646112442017,0.33997654914855957
Scene,Scene_random_equal4_03_zero,23456,855,0.17447586052747596,0.4934786827833044,0.7259035110473633,0.7016169428825378,-0.0029344484210014343
Scene,Scene_random_equal4_03_zero,23456,872,-0.0674961940830397,0.0841516318219194,0.7636460065841675,0.5308579802513123,0.1007852777838707
Scene,Scene_random_equal4_03_zero,23456,873,0.44670914894272756,0.5147278145463842,0.5671424269676208,0.5329583287239075,0.08365772664546967
Scene,Scene_random_equal4_03_zero,23456,893,0.4160645746230041,0.2777216712464231,0.6823225021362305,0.7215807437896729,0.20960260927677155
Scene,Scene_random_equal4_03_zero,23456,894,-0.005823225935048788,0.23307219744442012,0.7288834452629089,0.6159960031509399,0.11969847232103348
Scene,Scene_random_equal4_03_zero,23456,918,-0.0023226695656952726,0.2793763790856702,0.668712854385376,0.7452107667922974,0.17752617597579956
Scene,Scene_random_equal4_03_zero,23456,943,0.3395308229019952,0.5702152501050273,0.7199500799179077,0.6023837327957153,0.13908033072948456
Scene,Scene_random_equal4_03_zero,23456,978,0.6019798064772609,0.5825338045600961,0.5771143436431885,0.8696082234382629,0.8159049153327942
Scene,Scene_random_equal4_03_zero,23456,999,0.05786034375421123,0.35661386828506747,0.7076481580734253,0.6977361440658569,0.022745801135897636
Scene,Scene_random_equal4_04_zero,23456,14,0.3706517079628754,0.4875038585712004,0.66021329164505,0.4574458599090576,0.046787064522504807
Scene,Scene_random_equal4_04_zero,23456,15,-0.1344433024159367,0.4221161913212865,0.7762417197227478,0.7540146112442017,0.12360110878944397
Scene,Scene_random_equal4_04_zero,23456,36,0.2762482246800469,0.23051412642928254,0.6147698163986206,0.6696434020996094,0.028538895770907402
Scene,Scene_random_equal4_04_zero,23456,39,-0.4770902276645619,0.329951428932707,0.4950445294380188,0.6486544609069824,0.21842354536056519
Scene,Scene_random_equal4_04_zero,23456,126,0.13311080391989066,0.41873306615187955,0.6665692925453186,0.837498664855957,0.3851872682571411
Scene,Scene_random_equal4_04_zero,23456,132,0.001575869698592286,0.11024719065116649,0.6297080516815186,0.6720421314239502,0.3374493420124054
Scene,Scene_random_equal4_04_zero,23456,167,0.08159982128792749,0.11918805923778762,0.7102081179618835,0.6586283445358276,0.24613206088542938
Scene,Scene_random_equal4_04_zero,23456,196,0.047465205987537784,0.347298329869258,0.7624726295471191,0.7166488170623779,0.08607851713895798
Scene,Scene_random_equal4_04_zero,23456,199,0.14795525009102284,0.18540458617210395,0.7317910194396973,0.7878309488296509,0.42980536818504333
Scene,Scene_random_equal4_04_zero,23456,214,0.0993906810579306,0.3723156228063146,0.7487863302230835,0.6025442481040955,0.10288085043430328
Scene,Scene_random_equal4_04_zero,23456,241,0.2751699273505549,0.3497061630126112,0.7349262237548828,0.5669533014297485,0.015421242453157902
Scene,Scene_random_equal4_04_zero,23456,242,0.052110793586790945,0.49321180013240207,0.7666590809822083,0.5546706318855286,0.02548251859843731
Scene,Scene_random_equal4_04_zero,23456,245,-0.08055024816798327,0.4298725092494935,0.6738919019699097,0.6010118126869202,0.04007065296173096
Scene,Scene_random_equal4_04_zero,23456,249,0.011283106059898605,0.3629143463874345,0.8068957328796387,0.46654418110847473,0.019054731354117393
Scene,Scene_random_equal4_04_zero,23456,282,0.18388705332230693,0.3688821130524087,0.6175597906112671,0.40956568717956543,0.08175870776176453
Scene,Scene_random_equal4_04_zero,23456,289,-0.07963740506223267,0.3163378677055303,0.760489821434021,0.6086867451667786,0.04173305630683899
Scene,Scene_random_equal4_04_zero,23456,303,0.0982993684201779,0.4912703166798295,0.7408716678619385,0.7362330555915833,0.05168304964900017
Scene,Scene_random_equal4_04_zero,23456,314,0.1502331427865117,0.1996018312463494,0.823903501033783,0.5077913999557495,-0.01985321007668972
Scene,Scene_random_equal4_04_zero,23456,393,-0.06084142024388986,0.3644590336858462,0.6957147121429443,0.8062585592269897,0.20106208324432373
Scene,Scene_random_equal4_04_zero,23456,412,0.5588558057765282,0.5331132865589915,0.5413599014282227,0.47276994585990906,0.10972357541322708
Scene,Scene_random_equal4_04_zero,23456,442,0.07608905685616155,0.37148140831354026,0.7334184050559998,0.6486332416534424,0.051215626299381256
Scene,Scene_random_equal4_04_zero,23456,463,0.19780443209218984,0.09217036282112398,0.7621440887451172,0.5797921419143677,0.13451606035232544
Scene,Scene_random_equal4_04_zero,23456,469,-0.331063390233582,0.2183714548645295,0.7695991396903992,0.43219566345214844,0.0037345318123698235
Scene,Scene_random_equal4_04_zero,23456,486,-0.1944904338972189,0.09992054608069667,0.7227062582969666,0.5583891868591309,0.1017853170633316
Scene,Scene_random_equal4_04_zero,23456,491,0.36880157592718993,0.33280950994072067,0.6275127530097961,0.6729021072387695,-0.00022752443328499794
Scene,Scene_random_equal4_04_zero,23456,518,0.402509677667217,0.5373775362316027,0.5355408787727356,0.5871221423149109,0.07254847884178162
Scene,Scene_random_equal4_04_zero,23456,523,0.40390331113724465,0.1640155899361031,0.6980303525924683,0.6329982280731201,0.17120030522346497
Scene,Scene_random_equal4_04_zero,23456,545,-0.05918062307362152,0.3853818132499732,0.7472535967826843,0.7067513465881348,0.06266333162784576
Scene,Scene_random_equal4_04_zero,23456,551,-0.03497897145949397,0.07423927385398578,0.7904790043830872,0.46645841002464294,-0.025149283930659294
Scene,Scene_random_equal4_04_zero,23456,568,0.11887222020110648,0.4412654413388548,0.6811549067497253,0.8197283148765564,0.5210497379302979
Scene,Scene_random_equal4_04_zero,23456,620,-0.2934352383850396,0.2286749049320517,0.7889539003372192,0.5543315410614014,0.2660338878631592
Scene,Scene_random_equal4_04_zero,23456,640,-0.12140228713850527,0.14619497658144814,0.708777129650116,0.40995073318481445,-0.0213550366461277
Scene,Scene_random_equal4_04_zero,23456,648,0.43617543807584097,0.292316460725144,0.7390480637550354,0.564445972442627,-0.0057676625438034534
Scene,Scene_random_equal4_04_zero,23456,671,-0.14861967406131804,0.3548234868032165,0.6174395084381104,0.7269659042358398,0.2629993259906769
Scene,Scene_random_equal4_04_zero,23456,755,0.398120902114304,0.4189075349610672,0.731451690196991,0.6512196660041809,0.29330772161483765
Scene,Scene_random_equal4_04_zero,23456,811,-0.012644720472978634,0.252410073873908,0.7542506456375122,0.5471628904342651,0.0308997705578804
Scene,Scene_random_equal4_04_zero,23456,821,0.3308991813345149,0.3093182034544206,0.7278048992156982,0.4829913377761841,0.022301211953163147
Scene,Scene_random_equal4_04_zero,23456,824,-0.10878852706709777,0.09515158885361613,0.7962374687194824,0.42510345578193665,0.02259693667292595
Scene,Scene_random_equal4_04_zero,23456,841,0.10051048090155265,0.2453092698208407,0.8478896617889404,0.45229607820510864,0.06738535314798355
Scene,Scene_random_equal4_04_zero,23456,842,0.15203016870504257,0.2380815390193428,0.7083028554916382,0.7767384052276611,0.11503347754478455
Scene,Scene_random_equal4_04_zero,23456,850,0.0694106787234614,0.3743235349730949,0.7331370711326599,0.6979474425315857,0.36807429790496826
Scene,Scene_random_equal4_04_zero,23456,855,0.14310345752021006,0.473330356213412,0.6973277926445007,0.7384710907936096,0.037110649049282074
Scene,Scene_random_equal4_04_zero,23456,872,-0.12902035988500676,0.07685310106111998,0.7108957767486572,0.4962630271911621,0.004459667950868607
Scene,Scene_random_equal4_04_zero,23456,873,0.4375945281295757,0.5135911050265692,0.5705803036689758,0.6071643829345703,0.12206652760505676
Scene,Scene_random_equal4_04_zero,23456,893,0.3969567174956379,0.27137450242603384,0.6752328872680664,0.7542328238487244,0.266522616147995
Scene,Scene_random_equal4_04_zero,23456,894,-0.03002613165163592,0.23191280110195966,0.7353285551071167,0.6422196626663208,0.09720142185688019
Scene,Scene_random_equal4_04_zero,23456,918,0.03799149474874283,0.2772982609534934,0.671008288860321,0.7574451565742493,0.17873892188072205
Scene,Scene_random_equal4_04_zero,23456,943,0.338448700394898,0.5696549494145562,0.7114644646644592,0.6009892225265503,0.1849045306444168
Scene,Scene_random_equal4_04_zero,23456,978,0.6057929274848399,0.5807882220523906,0.5737937688827515,0.863111138343811,0.8040140271186829
Scene,Scene_random_equal4_04_zero,23456,999,-0.0541163968967586,0.3316865255431245,0.6960654854774475,0.7295404672622681,0.03427934646606445
Scene,Scene_random_equal4_05_zero,23456,14,0.36827766984368343,0.46757189875262145,0.629603922367096,0.5885423421859741,0.3005199432373047
Scene,Scene_random_equal4_05_zero,23456,15,-0.12811927232643233,0.4497218301023599,0.7964725494384766,0.7136186361312866,0.2724841237068176
Scene,Scene_random_equal4_05_zero,23456,36,0.2786901671315958,0.2072587068851949,0.635655403137207,0.6614551544189453,0.0018526231870055199
Scene,Scene_random_equal4_05_zero,23456,39,-0.40120194105026846,0.3125993601417171,0.5235974192619324,0.7385158538818359,0.21432790160179138
Scene,Scene_random_equal4_05_zero,23456,126,0.09593028482811536,0.3881663199913774,0.6440645456314087,0.9019227027893066,0.35889577865600586
Scene,Scene_random_equal4_05_zero,23456,132,0.0010935544743573909,0.11173576095345032,0.6462107300758362,0.6869198083877563,0.3302481174468994
Scene,Scene_random_equal4_05_zero,23456,167,0.08379412842810732,0.11828910053704861,0.7034125924110413,0.6441730856895447,0.24098993837833405
Scene,Scene_random_equal4_05_zero,23456,196,0.04400489796202737,0.3408856619194018,0.7920383214950562,0.7376105785369873,0.04870550334453583
Scene,Scene_random_equal4_05_zero,23456,199,0.14701449642856554,0.1721738854842683,0.7178236246109009,0.7290576696395874,0.44810259342193604
Scene,Scene_random_equal4_05_zero,23456,214,0.155906742449564,0.3660417897916096,0.7031920552253723,0.6626957654953003,0.09847116470336914
Scene,Scene_random_equal4_05_zero,23456,241,0.27145479601009104,0.33993727539467944,0.7435970902442932,0.5149914622306824,0.08713030815124512
Scene,Scene_random_equal4_05_zero,23456,242,0.005348461810891682,0.46407198448926523,0.7597864866256714,0.5721073150634766,0.03981107845902443
Scene,Scene_random_equal4_05_zero,23456,245,-0.0158670430617851,0.4322992378516337,0.6714339256286621,0.5456724762916565,0.015391075983643532
Scene,Scene_random_equal4_05_zero,23456,249,0.034343111002988626,0.35565378835538075,0.7985319495201111,0.4238958954811096,0.00010736566036939621
Scene,Scene_random_equal4_05_zero,23456,282,0.16765537828932678,0.35778148565228723,0.6148884892463684,0.43590331077575684,-0.0005194135010242462
Scene,Scene_random_equal4_05_zero,23456,289,-0.040011120601599295,0.33541315880729394,0.7764155864715576,0.6118505001068115,0.0775517001748085
Scene,Scene_random_equal4_05_zero,23456,303,0.06917217888677561,0.4865422640697287,0.7391394972801208,0.7569767832756042,0.031276535242795944
Scene,Scene_random_equal4_05_zero,23456,314,0.1482239474463748,0.1982220643754758,0.8369777798652649,0.4794834554195404,-0.02744024619460106
Scene,Scene_random_equal4_05_zero,23456,393,-0.0572798257621258,0.3595026810709857,0.696340799331665,0.8262768983840942,0.23360398411750793
Scene,Scene_random_equal4_05_zero,23456,412,0.5643163221770636,0.5301200527400352,0.599963903427124,0.560285747051239,0.061018988490104675
Scene,Scene_random_equal4_05_zero,23456,442,0.08385902572833452,0.37029711354472244,0.7362831830978394,0.6862964034080505,0.03407816216349602
Scene,Scene_random_equal4_05_zero,23456,463,0.20658908669395193,0.0899733236184678,0.7606695890426636,0.5570430159568787,0.12247088551521301
Scene,Scene_random_equal4_05_zero,23456,469,-0.3155420250357193,0.20973782602510627,0.7803383469581604,0.44162416458129883,-0.02106797695159912
Scene,Scene_random_equal4_05_zero,23456,486,-0.19338156017495456,0.0960975444136831,0.7347311973571777,0.6039124131202698,0.014412730000913143
Scene,Scene_random_equal4_05_zero,23456,491,0.355667996140919,0.3256817077666909,0.6318542957305908,0.6456393599510193,0.024878360331058502
Scene,Scene_random_equal4_05_zero,23456,518,0.4442043363079759,0.4919531679005614,0.6105305552482605,0.7008686065673828,0.18462249636650085
Scene,Scene_random_equal4_05_zero,23456,523,0.39903886203961847,0.16318817516873815,0.6903560161590576,0.6107352375984192,0.1561633050441742
Scene,Scene_random_equal4_05_zero,23456,545,-0.05283416729759337,0.3843545334291642,0.7391700148582458,0.7276641130447388,0.050608694553375244
Scene,Scene_random_equal4_05_zero,23456,551,-0.03179774730910579,0.07527736301943559,0.8065838813781738,0.48247066140174866,-0.03973697870969772
Scene,Scene_random_equal4_05_zero,23456,568,0.12338924660612652,0.4515807867878737,0.7060312032699585,0.7568095326423645,-0.00779810082167387
Scene,Scene_random_equal4_05_zero,23456,620,-0.28470281037051165,0.23590069299817915,0.7916526794433594,0.5791448354721069,0.308211088180542
Scene,Scene_random_equal4_05_zero,23456,640,-0.17751172356755035,0.1290016743395863,0.6763152480125427,0.41130152344703674,0.030887288972735405
Scene,Scene_random_equal4_05_zero,23456,648,0.44862418240397456,0.28140860211131624,0.7416113018989563,0.614922285079956,-0.0025197360664606094
Scene,Scene_random_equal4_05_zero,23456,671,-0.1364644684174472,0.3593251584323217,0.6056304574012756,0.7993797063827515,0.4430811405181885
Scene,Scene_random_equal4_05_zero,23456,755,0.36332230112504293,0.3819807415178602,0.717057466506958,0.6408423781394958,0.16173115372657776
Scene,Scene_random_equal4_05_zero,23456,811,-0.09545524058215997,0.2307288290883127,0.69807368516922,0.5272207260131836,-0.019878404214978218
Scene,Scene_random_equal4_05_zero,23456,821,0.3095309550464198,0.2872586795282593,0.6771751642227173,0.43248552083969116,0.023283980786800385
Scene,Scene_random_equal4_05_zero,23456,824,-0.11659382330374478,0.09825872907562173,0.78725266456604,0.4622897207736969,0.02564578875899315
Scene,Scene_random_equal4_05_zero,23456,841,0.06276469224723467,0.2514564728394321,0.846426784992218,0.3577527403831482,0.03294036537408829
Scene,Scene_random_equal4_05_zero,23456,842,0.16502889618312172,0.246032360775661,0.7018377184867859,0.7796778678894043,0.10474705696105957
Scene,Scene_random_equal4_05_zero,23456,850,0.06700017484555441,0.3829098235670122,0.7415865063667297,0.5586917400360107,-0.02187269926071167
Scene,Scene_random_equal4_05_zero,23456,855,0.14276307281004308,0.47312721051307177,0.7000870108604431,0.76775062084198,0.04989146813750267
Scene,Scene_random_equal4_05_zero,23456,872,-0.05467485550532241,0.08676742638780272,0.7655636668205261,0.5886033773422241,0.1224592998623848
Scene,Scene_random_equal4_05_zero,23456,873,0.48424711727917763,0.49038339994583335,0.5778575539588928,0.5183846354484558,0.07859808206558228
Scene,Scene_random_equal4_05_zero,23456,893,0.3598559419472696,0.296631431194123,0.7393782138824463,0.7257148623466492,0.154730886220932
Scene,Scene_random_equal4_05_zero,23456,894,0.00026937605032257227,0.2324338917895786,0.737877607345581,0.6015793085098267,0.09390497207641602
Scene,Scene_random_equal4_05_zero,23456,918,-0.06319663954578628,0.269663259884769,0.6578193306922913,0.7343729734420776,0.17359909415245056
Scene,Scene_random_equal4_05_zero,23456,943,0.3105355994522664,0.5706801555752569,0.7103937864303589,0.6322304010391235,0.2968793511390686
Scene,Scene_random_equal4_05_zero,23456,978,0.6334432341978662,0.5866674452981906,0.552325427532196,0.8448572158813477,0.786187469959259
Scene,Scene_random_equal4_05_zero,23456,999,0.009300887409814093,0.3480378999147882,0.719905436038971,0.6858689785003662,-0.003668067045509815
Scene,Scene_random_full_01_zero,23456,14,0.31172954487358145,0.4461884305983092,0.6852100491523743,0.4075237512588501,0.019769325852394104
Scene,Scene_random_full_01_zero,23456,15,-0.14256924701849585,0.42612743108306433,0.7683162689208984,0.7279380559921265,0.07161618769168854
Scene,Scene_random_full_01_zero,23456,36,0.20182996979103904,0.2208482141635943,0.5959528684616089,0.737397313117981,0.16675661504268646
Scene,Scene_random_full_01_zero,23456,39,-0.49764787414353134,0.32983250765972055,0.4812895953655243,0.668020486831665,0.2788119912147522
Scene,Scene_random_full_01_zero,23456,126,0.04655503702561171,0.362838945094558,0.6673284769058228,0.889288067817688,0.21506060659885406
Scene,Scene_random_full_01_zero,23456,132,-0.038600478522832875,0.08869115064203048,0.6141325831413269,0.40287336707115173,0.051357463002204895
Scene,Scene_random_full_01_zero,23456,167,0.08433977253178533,0.1168636174436345,0.7012296319007874,0.6065626740455627,0.16697007417678833
Scene,Scene_random_full_01_zero,23456,196,0.02901770383166289,0.333065055398928,0.7612344622612,0.6926589012145996,0.09765792638063431
Scene,Scene_random_full_01_zero,23456,199,0.16054870304368307,0.17898304758508563,0.7387071847915649,0.7361828088760376,0.4566717743873596
Scene,Scene_random_full_01_zero,23456,214,0.012497956337444324,0.3716143211789619,0.6981008052825928,0.7285439372062683,0.1713780015707016
Scene,Scene_random_full_01_zero,23456,241,0.24013107335218242,0.30536769424272053,0.728916585445404,0.5333818197250366,0.04139978811144829
Scene,Scene_random_full_01_zero,23456,242,0.13172854919229401,0.5199174059160074,0.6318591833114624,0.5996741056442261,0.1815882921218872
Scene,Scene_random_full_01_zero,23456,245,0.17756565598575164,0.4130522815148413,0.6521739959716797,0.4918452203273773,0.06409698724746704
Scene,Scene_random_full_01_zero,23456,249,0.012934583521610653,0.40183522931548854,0.8103223443031311,0.3753109574317932,0.030579032376408577
Scene,Scene_random_full_01_zero,23456,282,0.16944885601376217,0.315900293955557,0.610506534576416,0.5070902109146118,0.07326449453830719
Scene,Scene_random_full_01_zero,23456,289,-0.0757664967877665,0.3227403311347957,0.7639094591140747,0.5544054508209229,0.03242829442024231
Scene,Scene_random_full_01_zero,23456,303,0.050132250761894905,0.4508911420651117,0.7448745369911194,0.6821058988571167,0.031103648245334625
Scene,Scene_random_full_01_zero,23456,314,0.04398830477395391,0.19190753933526267,0.8786298632621765,0.44401705265045166,-0.028125330805778503
Scene,Scene_random_full_01_zero,23456,393,-0.04704475163042709,0.3248032526225704,0.7091444134712219,0.7760840654373169,0.12694354355335236
Scene,Scene_random_full_01_zero,23456,412,0.3923907640576769,0.5318155754140533,0.5606545805931091,0.48958900570869446,0.023702777922153473
Scene,Scene_random_full_01_zero,23456,442,0.06230314973095265,0.36482768025633266,0.6982625126838684,0.7432457208633423,0.006090996786952019
Scene,Scene_random_full_01_zero,23456,463,0.08592685306349267,0.08106598242960299,0.7856945991516113,0.5376815795898438,0.1100609302520752
Scene,Scene_random_full_01_zero,23456,469,-0.2660188528980421,0.2123390634764228,0.773373544216156,0.4321879744529724,0.041297852993011475
Scene,Scene_random_full_01_zero,23456,486,-0.17212257599333186,0.10672780378903235,0.7609224319458008,0.5077288150787354,0.0638691708445549
Scene,Scene_random_full_01_zero,23456,491,0.39503537981954934,0.3269913572785445,0.6345600485801697,0.6717458963394165,0.11384785175323486
Scene,Scene_random_full_01_zero,23456,518,0.36425777148041216,0.47999270412110234,0.5575210452079773,0.6609130501747131,0.4533703327178955
Scene,Scene_random_full_01_zero,23456,523,0.3983244860833243,0.1842463491371158,0.7734358906745911,0.6033154129981995,0.13053591549396515
Scene,Scene_random_full_01_zero,23456,545,-0.027318721398705524,0.38722343147346416,0.706999659538269,0.7093336582183838,0.034393586218357086
Scene,Scene_random_full_01_zero,23456,551,-0.037879606705542385,0.067410663898291,0.8169140219688416,0.5182751417160034,0.010511234402656555
Scene,Scene_random_full_01_zero,23456,568,0.15536341227967204,0.479677765734867,0.7416077256202698,0.7811859250068665,0.3354686498641968
Scene,Scene_random_full_01_zero,23456,620,-0.30096507199040523,0.22801406613924052,0.7850738167762756,0.5423216223716736,0.2538377642631531
Scene,Scene_random_full_01_zero,23456,640,-0.11630425897705493,0.14236052912406005,0.739992618560791,0.40814095735549927,-0.01809186115860939
Scene,Scene_random_full_01_zero,23456,648,0.36098398056554454,0.26738751504316544,0.7117661237716675,0.6086124181747437,0.02758534625172615
Scene,Scene_random_full_01_zero,23456,671,-0.2981021052088206,0.31831200679852745,0.6146038770675659,0.5372512936592102,0.16268345713615417
Scene,Scene_random_full_01_zero,23456,755,0.4396822322412476,0.41530703618841,0.6821843981742859,0.4646841883659363,0.10256491601467133
Scene,Scene_random_full_01_zero,23456,811,0.03438579601415019,0.24802412913783928,0.755647599697113,0.5500988960266113,0.016613587737083435
Scene,Scene_random_full_01_zero,23456,821,0.33057804984677797,0.3252812382041244,0.7234596610069275,0.7208138704299927,0.6015228033065796
Scene,Scene_random_full_01_zero,23456,824,-0.12439448838338027,0.09268118515511946,0.8005877733230591,0.43483638763427734,0.027309361845254898
Scene,Scene_random_full_01_zero,23456,841,0.007906569697680053,0.2441983555736597,0.8293193578720093,0.3504911959171295,0.030351877212524414
Scene,Scene_random_full_01_zero,23456,842,0.24269875158344606,0.26123467559611746,0.6969755291938782,0.795287013053894,0.08656492084264755
Scene,Scene_random_full_01_zero,23456,850,0.05941073233575729,0.35978529277314275,0.7014858722686768,0.5240389108657837,-0.014444153755903244
Scene,Scene_random_full_01_zero,23456,855,0.16733180983861679,0.43612568782259153,0.6583921313285828,0.7845616936683655,0.03269128501415253
Scene,Scene_random_full_01_zero,23456,872,-0.06925952188455288,0.06223601578469814,0.7156739234924316,0.44744154810905457,0.021607179194688797
Scene,Scene_random_full_01_zero,23456,873,0.4214550444129605,0.4930597987147122,0.5657048225402832,0.5962506532669067,0.0755586326122284
Scene,Scene_random_full_01_zero,23456,893,0.3949562265998083,0.28467226430946924,0.6801043748855591,0.7545923590660095,0.2583146095275879
Scene,Scene_random_full_01_zero,23456,894,-0.006273783502957272,0.2144626173372349,0.7188779711723328,0.5511980056762695,0.1099616065621376
Scene,Scene_random_full_01_zero,23456,918,0.0786157162304947,0.28917244566179984,0.6624776721000671,0.683695912361145,0.22888599336147308
Scene,Scene_random_full_01_zero,23456,943,0.3431225648381115,0.575851015596315,0.7256379723548889,0.6379232406616211,0.30240339040756226
Scene,Scene_random_full_01_zero,23456,978,0.5730189907369411,0.5156325230768811,0.6136375665664673,0.5683595538139343,0.28124600648880005
Scene,Scene_random_full_01_zero,23456,999,0.02358492151210084,0.333130628583115,0.6997342705726624,0.7120610475540161,-0.004758566617965698
Scene,Scene_random_full_02_zero,23456,14,0.2649153840516711,0.4271015458865777,0.6791267395019531,0.41492748260498047,0.1100206971168518
Scene,Scene_random_full_02_zero,23456,15,-0.11959010212007551,0.41976930597789197,0.8265123963356018,0.6807656288146973,0.17798534035682678
Scene,Scene_random_full_02_zero,23456,36,0.17089953160809357,0.23392363335328847,0.612864077091217,0.7154167890548706,0.30961525440216064
Scene,Scene_random_full_02_zero,23456,39,-0.524866751928237,0.29774191172970693,0.5591710805892944,0.7475073933601379,0.4209566116333008
Scene,Scene_random_full_02_zero,23456,126,0.06258175733010476,0.42498863940886633,0.676982045173645,0.8654071688652039,0.4987699091434479
Scene,Scene_random_full_02_zero,23456,132,0.007046091904030135,0.09697998714304518,0.6196245551109314,0.639401912689209,0.1477435678243637
Scene,Scene_random_full_02_zero,23456,167,0.0947858905733094,0.12120506204749125,0.6600617170333862,0.5533347725868225,0.22444075345993042
Scene,Scene_random_full_02_zero,23456,196,0.008824222157441988,0.30054330330093515,0.7757245898246765,0.7387573719024658,0.0643930658698082
Scene,Scene_random_full_02_zero,23456,199,0.19157553984950276,0.1333658838183376,0.6995096206665039,0.6532955169677734,0.09827146679162979
Scene,Scene_random_full_02_zero,23456,214,0.08986495170076525,0.370245932225884,0.7207450270652771,0.6671345233917236,0.05544830858707428
Scene,Scene_random_full_02_zero,23456,241,0.1833717971864135,0.3027708107599738,0.7346989512443542,0.4710259437561035,0.02047123573720455
Scene,Scene_random_full_02_zero,23456,242,0.0911649215218006,0.5100680596608744,0.671644926071167,0.5749678015708923,0.00797681137919426
Scene,Scene_random_full_02_zero,23456,245,0.1680360246170783,0.39717104415348936,0.6938583850860596,0.5068261027336121,0.054116472601890564
Scene,Scene_random_full_02_zero,23456,249,0.040020552822015366,0.37427436916838125,0.7690892219543457,0.405931681394577,0.024459756910800934
Scene,Scene_random_full_02_zero,23456,282,0.20322310044625497,0.3197537160559164,0.6327717900276184,0.4156609773635864,0.05421904847025871
Scene,Scene_random_full_02_zero,23456,289,-0.11537892136015385,0.34942908430884434,0.7733446359634399,0.6447917819023132,0.04298293590545654
Scene,Scene_random_full_02_zero,23456,303,0.043600080456058066,0.4995756720397401,0.7794270515441895,0.7220990061759949,0.03709040582180023
Scene,Scene_random_full_02_zero,23456,314,0.04558390000249334,0.19257664679212327,0.8419184684753418,0.4509318172931671,0.04675232246518135
Scene,Scene_random_full_02_zero,23456,393,-0.06147762773356232,0.30179687724214194,0.6954746246337891,0.7680631875991821,0.20706936717033386
Scene,Scene_random_full_02_zero,23456,412,0.4599007302666833,0.5348027775297884,0.5279908180236816,0.45973873138427734,0.09259171038866043
Scene,Scene_random_full_02_zero,23456,442,0.039131450794623386,0.35121387654812364,0.7184595465660095,0.7420698404312134,0.042689695954322815
Scene,Scene_random_full_02_zero,23456,463,0.1991592294695088,0.07954880512656316,0.7763150334358215,0.5830365419387817,0.12670451402664185
Scene,Scene_random_full_02_zero,23456,469,-0.3178994134161387,0.22230707056638893,0.7963228225708008,0.4757459759712219,0.013722443953156471
Scene,Scene_random_full_02_zero,23456,486,-0.18019296683790018,0.09082181333724088,0.7499161958694458,0.5392676591873169,0.019237684085965157
Scene,Scene_random_full_02_zero,23456,491,0.4502524173557807,0.3255284943719176,0.6088621616363525,0.686811089515686,0.11210360378026962
Scene,Scene_random_full_02_zero,23456,518,0.3347353464801519,0.550691991685218,0.532227635383606,0.6586507558822632,0.1273910254240036
Scene,Scene_random_full_02_zero,23456,523,0.3193863629636886,0.14720673330479125,0.6709372401237488,0.5943766832351685,0.08543603122234344
Scene,Scene_random_full_02_zero,23456,545,-0.04803438156451235,0.33631927386896815,0.7508143186569214,0.7221024036407471,0.06933874636888504
Scene,Scene_random_full_02_zero,23456,551,-0.001195300534842552,0.06094660962940804,0.7563363313674927,0.45397597551345825,-0.01712866500020027
Scene,Scene_random_full_02_zero,23456,568,0.13158366746180028,0.4660107144340646,0.6848992109298706,0.8178253173828125,0.5363404154777527
Scene,Scene_random_full_02_zero,23456,620,-0.26622565499066864,0.19916390906879025,0.7638711333274841,0.6428200602531433,0.2771907448768616
Scene,Scene_random_full_02_zero,23456,640,-0.1901505193912007,0.12001928121989223,0.6885139346122742,0.42929697036743164,0.04967993497848511
Scene,Scene_random_full_02_zero,23456,648,0.39183851916303825,0.30177337354999006,0.6913712620735168,0.6766072511672974,0.2700296938419342
Scene,Scene_random_full_02_zero,23456,671,-0.19563071885599936,0.33477964333915944,0.5997505784034729,0.8054797053337097,0.364385187625885
Scene,Scene_random_full_02_zero,23456,755,0.33844927520573215,0.3810438573185737,0.6775017380714417,0.6379413604736328,0.4350484609603882
Scene,Scene_random_full_02_zero,23456,811,0.02274379173250886,0.2532918796552886,0.7496987581253052,0.5494954586029053,-0.013714117929339409
Scene,Scene_random_full_02_zero,23456,821,0.25303048679353257,0.2896195904282628,0.6798095107078552,0.4929700791835785,0.0037448760122060776
Scene,Scene_random_full_02_zero,23456,824,-0.12273793294107317,0.09211824039858095,0.793579638004303,0.47833251953125,0.0391506552696228
Scene,Scene_random_full_02_zero,23456,841,0.04660852435653743,0.22929763503010614,0.8442290425300598,0.3579055666923523,0.06108397990465164
Scene,Scene_random_full_02_zero,23456,842,0.24923942121457177,0.25484098951993056,0.6998552083969116,0.8015641570091248,0.09435423463582993
Scene,Scene_random_full_02_zero,23456,850,0.054655530172212044,0.3654510366601609,0.7481995224952698,0.6689172983169556,0.38388878107070923
Scene,Scene_random_full_02_zero,23456,855,0.14768288717501055,0.4746420501769833,0.7233006358146667,0.6262267231941223,-0.02528950199484825
Scene,Scene_random_full_02_zero,23456,872,-0.0931979553329249,0.0719010723496492,0.7112139463424683,0.5807861089706421,0.14112615585327148
Scene,Scene_random_full_02_zero,23456,873,0.41720078873672256,0.4905155818989145,0.5657006502151489,0.6071512699127197,0.07284362614154816
Scene,Scene_random_full_02_zero,23456,893,0.2766339162733124,0.29401358681391565,0.7430835962295532,0.3371669352054596,0.012111542746424675
Scene,Scene_random_full_02_zero,23456,894,0.015847992412935552,0.25074364370131846,0.751900851726532,0.6087042093276978,0.08024299889802933
Scene,Scene_random_full_02_zero,23456,918,0.07537285134957007,0.2534719123696709,0.6715676188468933,0.7223689556121826,0.20398539304733276
Scene,Scene_random_full_02_zero,23456,943,0.2807408827105391,0.5688715716444356,0.7393868565559387,0.5593127608299255,0.1304699182510376
Scene,Scene_random_full_02_zero,23456,978,0.6319168707059541,0.5502368472818916,0.6090270280838013,0.5389484167098999,0.08746732771396637
Scene,Scene_random_full_02_zero,23456,999,-0.1042182403909276,0.3445774697695896,0.7372878789901733,0.687813401222229,0.0340985506772995
Scene,Scene_random_full_03_zero,23456,14,0.2791323982884561,0.45477012459570215,0.6858611702919006,0.44255512952804565,0.01166505366563797
Scene,Scene_random_full_03_zero,23456,15,-0.08913676735920674,0.4237402822916831,0.7899777293205261,0.8150268793106079,0.18818852305412292
Scene,Scene_random_full_03_zero,23456,36,0.18437810510990552,0.22062751946619732,0.5917894244194031,0.7307835221290588,0.21783006191253662
Scene,Scene_random_full_03_zero,23456,39,-0.500251510538676,0.3253394855231533,0.4741373062133789,0.6950653195381165,0.27293676137924194
Scene,Scene_random_full_03_zero,23456,126,0.07082549762423727,0.4106975719650451,0.6929059624671936,0.872382402420044,0.4870259165763855
Scene,Scene_random_full_03_zero,23456,132,-0.0035856462192821593,0.09769482546509171,0.6104626655578613,0.6367290019989014,0.14249742031097412
Scene,Scene_random_full_03_zero,23456,167,0.1581228948717697,0.12015377354424614,0.7310289740562439,0.5999630093574524,0.16887055337429047
Scene,Scene_random_full_03_zero,23456,196,-0.004448697281774699,0.3311607624593124,0.7842139005661011,0.6985568404197693,0.15102316439151764
Scene,Scene_random_full_03_zero,23456,199,0.15562988367419484,0.18829186349716515,0.7211199998855591,0.7875341176986694,0.38890933990478516
Scene,Scene_random_full_03_zero,23456,214,0.07020148846124319,0.38191842022276956,0.7265778183937073,0.5919283032417297,0.09180884808301926
Scene,Scene_random_full_03_zero,23456,241,0.2166262959577448,0.31305982923344855,0.7477538585662842,0.5992337465286255,0.11503352224826813
Scene,Scene_random_full_03_zero,23456,242,0.024287710407921735,0.5029501692270647,0.7549469470977783,0.5722528696060181,0.13057386875152588
Scene,Scene_random_full_03_zero,23456,245,-0.0673827096602232,0.4376625319762047,0.6906483173370361,0.5318858623504639,0.018875598907470703
Scene,Scene_random_full_03_zero,23456,249,-0.022222456313846357,0.3655474225840522,0.8207716345787048,0.46010056138038635,0.026819825172424316
Scene,Scene_random_full_03_zero,23456,282,0.22817202207610687,0.37715624574700496,0.6114748120307922,0.5886120200157166,0.12962689995765686
Scene,Scene_random_full_03_zero,23456,289,-0.08559046930626425,0.3265240604247219,0.7747783660888672,0.6418936252593994,0.06524316221475601
Scene,Scene_random_full_03_zero,23456,303,0.07803006290811214,0.46441755473950236,0.74247807264328,0.7316451072692871,0.0480588860809803
Scene,Scene_random_full_03_zero,23456,314,0.06590407449136741,0.1991990266409999,0.843376874923706,0.6518996357917786,0.09980590641498566
Scene,Scene_random_full_03_zero,23456,393,-0.05725643731272375,0.3497342549252736,0.6965830326080322,0.7944673299789429,0.23588794469833374
Scene,Scene_random_full_03_zero,23456,412,0.5622513158532789,0.5357993011069457,0.517941951751709,0.526286780834198,0.035359837114810944
Scene,Scene_random_full_03_zero,23456,442,0.0813066214765707,0.3581301066992521,0.7144376039505005,0.6487030982971191,0.03291163593530655
Scene,Scene_random_full_03_zero,23456,463,0.26067115584976563,0.09338376914758326,0.7613577842712402,0.551425576210022,0.10379859060049057
Scene,Scene_random_full_03_zero,23456,469,-0.549106041332633,0.1624330673402539,0.7887619733810425,0.38271236419677734,0.002959977835416794
Scene,Scene_random_full_03_zero,23456,486,-0.1771171100060005,0.10843912933182386,0.7287970185279846,0.5961927175521851,0.06098039075732231
Scene,Scene_random_full_03_zero,23456,491,0.4191754767432181,0.3299490420594189,0.6411779522895813,0.7120269536972046,0.10606295615434647
Scene,Scene_random_full_03_zero,23456,518,0.3960151866651331,0.46377105656789297,0.5962378978729248,0.5611461997032166,0.1289980411529541
Scene,Scene_random_full_03_zero,23456,523,0.4136178736263905,0.17815350061826946,0.716814398765564,0.6574638485908508,0.180863618850708
Scene,Scene_random_full_03_zero,23456,545,-0.03134133241812185,0.3850049715676159,0.7213019728660583,0.7009043097496033,0.07550381124019623
Scene,Scene_random_full_03_zero,23456,551,-0.00018784617584480443,0.07918858102045605,0.7966322302818298,0.4274471700191498,0.01335480809211731
Scene,Scene_random_full_03_zero,23456,568,0.14070742654095192,0.4728832177881981,0.6970291137695312,0.8135558366775513,0.5307544469833374
Scene,Scene_random_full_03_zero,23456,620,-0.2702063626068953,0.22109329660749802,0.7916243076324463,0.5869066119194031,0.2566373348236084
Scene,Scene_random_full_03_zero,23456,640,-0.010122920355877363,0.18700568281643729,0.7326058745384216,0.6948314905166626,0.5163655281066895
Scene,Scene_random_full_03_zero,23456,648,0.3698351240954571,0.2883340916142091,0.7129881978034973,0.6888478994369507,0.10040976107120514
Scene,Scene_random_full_03_zero,23456,671,-0.16161280525429012,0.37119759550694686,0.628856897354126,0.856124758720398,0.5589538812637329
Scene,Scene_random_full_03_zero,23456,755,0.41662560556846956,0.4018863753786505,0.6980829238891602,0.6437366604804993,0.3020855784416199
Scene,Scene_random_full_03_zero,23456,811,0.017826028416349105,0.25951850932370796,0.7503038048744202,0.5332133173942566,0.0026891720481216908
Scene,Scene_random_full_03_zero,23456,821,0.3247546346548733,0.30689474450410265,0.7061266899108887,0.5655500888824463,0.023460661992430687
Scene,Scene_random_full_03_zero,23456,824,-0.1076772654387571,0.09588476109347063,0.7946138978004456,0.5273427963256836,0.10804400593042374
Scene,Scene_random_full_03_zero,23456,841,0.12243478678785154,0.24655604406627804,0.8361093401908875,0.4451828598976135,0.041995979845523834
Scene,Scene_random_full_03_zero,23456,842,0.1647752991504152,0.23967483263736625,0.696811854839325,0.7710005044937134,0.10383240133523941
Scene,Scene_random_full_03_zero,23456,850,0.07327905808096187,0.36812713250323204,0.7381730079650879,0.6796771287918091,0.3403148055076599
Scene,Scene_random_full_03_zero,23456,855,0.11778057314586594,0.4208602381872911,0.6653217077255249,0.7813990712165833,0.06520868837833405
Scene,Scene_random_full_03_zero,23456,872,-0.06981338070287943,0.0838700077267227,0.7655847668647766,0.5707033276557922,0.1759391874074936
Scene,Scene_random_full_03_zero,23456,873,0.5037201864153296,0.5363429366516218,0.5943566560745239,0.4529970586299896,-0.020282715559005737
Scene,Scene_random_full_03_zero,23456,893,0.322838261250957,0.2508427838588799,0.6886199712753296,0.7833998203277588,0.3191125988960266
Scene,Scene_random_full_03_zero,23456,894,-0.015357605279283816,0.2515031403996444,0.7438086271286011,0.6099017858505249,0.047978274524211884
Scene,Scene_random_full_03_zero,23456,918,0.02086113579222729,0.2716964259505512,0.6522290110588074,0.7449038028717041,0.14938166737556458
Scene,Scene_random_full_03_zero,23456,943,0.3119850915501702,0.5755166980544629,0.717600405216217,0.591362476348877,0.2806399464607239
Scene,Scene_random_full_03_zero,23456,978,0.6651547113391177,0.5674374955174575,0.64552903175354,0.5024242997169495,0.04270009323954582
Scene,Scene_random_full_03_zero,23456,999,-0.0027060287555456673,0.3468944404229412,0.7013489007949829,0.6875641942024231,0.0263175368309021
Scene,Scene_random_full_04_zero,23456,14,0.3391508942257699,0.46096948939733606,0.6293911337852478,0.5967274904251099,0.25499045848846436
Scene,Scene_random_full_04_zero,23456,15,-0.14587221097095684,0.44894690793692743,0.8108565211296082,0.7465487122535706,0.21218989789485931
Scene,Scene_random_full_04_zero,23456,36,0.18093475528181963,0.2327110048846166,0.600767195224762,0.6951062679290771,0.27617213129997253
Scene,Scene_random_full_04_zero,23456,39,-0.45567769257659485,0.3001000352056948,0.5472313165664673,0.7222285866737366,0.10956035554409027
Scene,Scene_random_full_04_zero,23456,126,-0.019881980492250227,0.38379220758682503,0.655604898929596,0.8574087619781494,0.2879199981689453
Scene,Scene_random_full_04_zero,23456,132,-0.015270802113171627,0.11185509198960096,0.6406817436218262,0.6905457973480225,0.22428865730762482
Scene,Scene_random_full_04_zero,23456,167,0.05506893500799097,0.11904680010622369,0.6997649669647217,0.6125814914703369,0.35620200634002686
Scene,Scene_random_full_04_zero,23456,196,-0.014359098349052236,0.34118489747070285,0.7927621603012085,0.7382566928863525,0.13239356875419617
Scene,Scene_random_full_04_zero,23456,199,0.20068990496611638,0.19224785089440327,0.7256144285202026,0.727086067199707,0.38693785667419434
Scene,Scene_random_full_04_zero,23456,214,0.13551587535396767,0.3708886957691771,0.727306067943573,0.6492354869842529,0.12485373020172119
Scene,Scene_random_full_04_zero,23456,241,0.21774397659143652,0.33304649964831995,0.7337254881858826,0.5135483741760254,0.04136192426085472
Scene,Scene_random_full_04_zero,23456,242,-0.00786700957994172,0.4731495217985407,0.7557082176208496,0.5924879312515259,0.09991844743490219
Scene,Scene_random_full_04_zero,23456,245,-0.04156175510570688,0.44274994093290976,0.6929211020469666,0.5505015850067139,0.002018587663769722
Scene,Scene_random_full_04_zero,23456,249,0.07478556659309525,0.37720541884627556,0.7909780740737915,0.4557422697544098,0.0066794464364647865
Scene,Scene_random_full_04_zero,23456,282,0.20850296943968533,0.37045793589851816,0.6261914968490601,0.5823957324028015,0.3966487944126129
Scene,Scene_random_full_04_zero,23456,289,-0.024768526808475834,0.33563243806888726,0.7607452869415283,0.6059002876281738,0.061460644006729126
Scene,Scene_random_full_04_zero,23456,303,0.05532693350169627,0.48171676571265887,0.7462366819381714,0.7311177849769592,0.06830011308193207
Scene,Scene_random_full_04_zero,23456,314,0.1652087841319032,0.1981775922945098,0.8077803254127502,0.42982882261276245,-0.02733621373772621
Scene,Scene_random_full_04_zero,23456,393,-0.1697903966525015,0.34134794893907716,0.7070801258087158,0.8333373069763184,0.2040303349494934
Scene,Scene_random_full_04_zero,23456,412,0.5439188844142913,0.5348641946300122,0.5783224105834961,0.5771352648735046,0.05424107611179352
Scene,Scene_random_full_04_zero,23456,442,0.09509614097384586,0.36032739163626126,0.7310668230056763,0.6235781908035278,0.05704503133893013
Scene,Scene_random_full_04_zero,23456,463,0.22516715374377572,0.07635018165755376,0.6924982666969299,0.5351955890655518,0.10214343667030334
Scene,Scene_random_full_04_zero,23456,469,-0.5019209581903186,0.17157489386302785,0.7873689532279968,0.4789997339248657,-0.025229349732398987
Scene,Scene_random_full_04_zero,23456,486,-0.18077213685811688,0.09481212101255769,0.7760586738586426,0.6043522357940674,0.10693869739770889
Scene,Scene_random_full_04_zero,23456,491,0.36729075100949143,0.32788697866009,0.6316571235656738,0.6714128255844116,0.00370481563732028
Scene,Scene_random_full_04_zero,23456,518,0.38308145171593433,0.5152046250474983,0.5899144411087036,0.6984244585037231,0.1892513781785965
Scene,Scene_random_full_04_zero,23456,523,0.3823792028205278,0.15876591603842932,0.6968567967414856,0.4723876714706421,0.08883988857269287
Scene,Scene_random_full_04_zero,23456,545,-0.022825342693136304,0.4082085327083924,0.7324230670928955,0.7472695112228394,0.09129229187965393
Scene,Scene_random_full_04_zero,23456,551,-0.032838071288970684,0.07478737387433076,0.8055490255355835,0.44824492931365967,-0.009649552404880524
Scene,Scene_random_full_04_zero,23456,568,0.12309648080421663,0.4011853345064214,0.6973685622215271,0.7537071704864502,0.013963788747787476
Scene,Scene_random_full_04_zero,23456,620,-0.05198672658763137,0.26114303788400733,0.7585426568984985,0.5349833369255066,0.15138843655586243
Scene,Scene_random_full_04_zero,23456,640,-0.07127199358952828,0.18850778014405445,0.8196627497673035,0.5338358879089355,0.024312112480401993
Scene,Scene_random_full_04_zero,23456,648,0.3582357714296664,0.27981728235701336,0.6988162994384766,0.5611552596092224,-0.0007923194207251072
Scene,Scene_random_full_04_zero,23456,671,-0.15896980643918288,0.33290180741227293,0.6269176006317139,0.7484545707702637,0.42917758226394653
Scene,Scene_random_full_04_zero,23456,755,0.3622191206595151,0.3830424574287618,0.721922755241394,0.6498122215270996,0.22746042907238007
Scene,Scene_random_full_04_zero,23456,811,-0.0983776648828961,0.22909593133290204,0.6943747997283936,0.5433728694915771,-0.032047517597675323
Scene,Scene_random_full_04_zero,23456,821,0.3048443899149248,0.28755750405475644,0.6698499917984009,0.4443345069885254,-0.008809779770672321
Scene,Scene_random_full_04_zero,23456,824,-0.10944362407964077,0.10080954289656165,0.804756224155426,0.510986328125,0.07762549072504044
Scene,Scene_random_full_04_zero,23456,841,0.03668972108538328,0.24594350483601374,0.8017757534980774,0.3669470548629761,0.04296686872839928
Scene,Scene_random_full_04_zero,23456,842,0.1251085249283257,0.23565638686291873,0.7052567601203918,0.7647773027420044,0.10291136801242828
Scene,Scene_random_full_04_zero,23456,850,0.07594726694882702,0.3694920490509138,0.7352946400642395,0.6615477800369263,0.3402903378009796
Scene,Scene_random_full_04_zero,23456,855,0.1544973383469705,0.48847133143427346,0.7121362090110779,0.6491069197654724,0.014585576020181179
Scene,Scene_random_full_04_zero,23456,872,-0.0941955117562065,0.08517296124381009,0.7612469792366028,0.40614718198776245,0.029905354604125023
Scene,Scene_random_full_04_zero,23456,873,0.4660633115319111,0.49978723976097145,0.5668597221374512,0.5406928062438965,0.0759800374507904
Scene,Scene_random_full_04_zero,23456,893,0.3741079430823238,0.3017475754655612,0.7259878516197205,0.7298535704612732,0.222275972366333
Scene,Scene_random_full_04_zero,23456,894,-0.01664337047637827,0.24525006735007307,0.7407280206680298,0.5925388336181641,0.0930197685956955
Scene,Scene_random_full_04_zero,23456,918,0.012894243048895805,0.2859808265501326,0.6525183320045471,0.7439189553260803,0.16455800831317902
Scene,Scene_random_full_04_zero,23456,943,0.3593651509010023,0.5729038017774342,0.6794725656509399,0.5707271695137024,0.18034988641738892
Scene,Scene_random_full_04_zero,23456,978,0.6083176036658617,0.5748110111217519,0.5260117053985596,0.778369128704071,0.5130172371864319
Scene,Scene_random_full_04_zero,23456,999,-0.02273411171716553,0.3376697317325787,0.7013546228408813,0.731488823890686,-0.0009483033791184425
Scene,Scene_random_full_05_zero,23456,14,0.22887907448204495,0.5504461041443514,0.6089510917663574,0.46499723196029663,0.06859483569860458
Scene,Scene_random_full_05_zero,23456,15,-0.09870082262843148,0.45864537394194793,0.793915331363678,0.7318210601806641,0.14469264447689056
Scene,Scene_random_full_05_zero,23456,36,0.31947161609386265,0.21159481416349948,0.647237241268158,0.664009153842926,-0.01360508892685175
Scene,Scene_random_full_05_zero,23456,39,-0.49768265467502204,0.3152803488483973,0.491513729095459,0.7106927633285522,0.34413009881973267
Scene,Scene_random_full_05_zero,23456,126,0.0993524459229193,0.4173887021576796,0.6571822166442871,0.8463976383209229,0.44815441966056824
Scene,Scene_random_full_05_zero,23456,132,-0.0016832289086253784,0.11485300258666724,0.6224187612533569,0.6675969362258911,0.2574315667152405
Scene,Scene_random_full_05_zero,23456,167,0.09435951306950233,0.11119461314818437,0.6872749924659729,0.6161798238754272,0.2029571533203125
Scene,Scene_random_full_05_zero,23456,196,0.016368133433166204,0.32002158438607825,0.7892953157424927,0.6945614814758301,0.09485477954149246
Scene,Scene_random_full_05_zero,23456,199,0.15020593815796532,0.18897157113335264,0.7304472923278809,0.8272021412849426,0.4784252643585205
Scene,Scene_random_full_05_zero,23456,214,0.04436304688725586,0.36182424596890317,0.676375150680542,0.7162874341011047,0.1891452521085739
Scene,Scene_random_full_05_zero,23456,241,0.22788955851476558,0.3328275268492975,0.7283462285995483,0.52834153175354,0.07087770104408264
Scene,Scene_random_full_05_zero,23456,242,0.02146250681905618,0.5086476764269108,0.7294459939002991,0.524829089641571,0.02993866242468357
Scene,Scene_random_full_05_zero,23456,245,0.03596845075603136,0.3792846824155057,0.6380295753479004,0.5627782344818115,0.08357828855514526
Scene,Scene_random_full_05_zero,23456,249,0.052314092790789773,0.40398226987924585,0.8035421967506409,0.3676748275756836,0.03157666325569153
Scene,Scene_random_full_05_zero,23456,282,0.204617133210932,0.37110960883631144,0.6074105501174927,0.6287766695022583,0.5183106064796448
Scene,Scene_random_full_05_zero,23456,289,-0.05446696171798133,0.3129937095897309,0.7551304697990417,0.6261513233184814,0.030360087752342224
Scene,Scene_random_full_05_zero,23456,303,0.06695057214550097,0.48676489769960707,0.7485870122909546,0.6918379068374634,0.05253073200583458
Scene,Scene_random_full_05_zero,23456,314,0.06553766531295159,0.19663798018331796,0.8378390073776245,0.6858123540878296,0.09360547363758087
Scene,Scene_random_full_05_zero,23456,393,-0.052460448785308623,0.3312265210584968,0.7105159163475037,0.8266503810882568,0.22146913409233093
Scene,Scene_random_full_05_zero,23456,412,0.5343262544313109,0.5332288102417417,0.5198987722396851,0.4641546308994293,0.09659802168607712
Scene,Scene_random_full_05_zero,23456,442,0.14475465087908418,0.3646511223441995,0.7116225957870483,0.6067900657653809,0.03955846652388573
Scene,Scene_random_full_05_zero,23456,463,0.2477154802357035,0.08763185722026741,0.7537145614624023,0.5756921768188477,0.09186610579490662
Scene,Scene_random_full_05_zero,23456,469,-0.2598811453584251,0.1776309497883932,0.7322237491607666,0.4234742820262909,-0.0004817526787519455
Scene,Scene_random_full_05_zero,23456,486,-0.17573761394607487,0.10134081382116816,0.7864587306976318,0.5368349552154541,0.08129911869764328
Scene,Scene_random_full_05_zero,23456,491,0.3718334479984539,0.31173962985320997,0.6417145133018494,0.6747730374336243,0.05717091262340546
Scene,Scene_random_full_05_zero,23456,518,0.5717827140205443,0.594839453780512,0.5415061712265015,0.6440690755844116,0.05371628701686859
Scene,Scene_random_full_05_zero,23456,523,0.39345726370296086,0.1693754962716025,0.7077548503875732,0.579779326915741,0.10689453035593033
Scene,Scene_random_full_05_zero,23456,545,-0.12617878780629507,0.3759847297701434,0.7366699576377869,0.6908317804336548,0.02099776454269886
Scene,Scene_random_full_05_zero,23456,551,0.018192254598997332,0.07454957304247449,0.8211380243301392,0.48443901538848877,-0.006326504051685333
Scene,Scene_random_full_05_zero,23456,568,0.05486197537103852,0.4648222200649953,0.7215712070465088,0.8153270483016968,0.293119341135025
Scene,Scene_random_full_05_zero,23456,620,-0.28768169923803877,0.21178008547185476,0.7637218236923218,0.5216889977455139,0.32399314641952515
Scene,Scene_random_full_05_zero,23456,640,-0.13775806099240354,0.15411717532257155,0.8076812028884888,0.4797751009464264,-0.021521074697375298
Scene,Scene_random_full_05_zero,23456,648,0.3967551104441732,0.27374692893885977,0.6976945400238037,0.6215100884437561,-0.02177279256284237
Scene,Scene_random_full_05_zero,23456,671,-0.16601088655805502,0.34119179796174115,0.5969362258911133,0.856703519821167,0.49026983976364136
Scene,Scene_random_full_05_zero,23456,755,0.42736493330103553,0.41932268524174576,0.6574364900588989,0.5303251147270203,0.08419552445411682
Scene,Scene_random_full_05_zero,23456,811,-0.09125375010259903,0.2233045449332379,0.6945313215255737,0.5954387187957764,-0.01098298653960228
Scene,Scene_random_full_05_zero,23456,821,0.35996323662375573,0.29972668784300394,0.6363517642021179,0.6724395155906677,0.16865834593772888
Scene,Scene_random_full_05_zero,23456,824,-0.07093877771396086,0.09412360673601723,0.7779800295829773,0.47770214080810547,0.09283274412155151
Scene,Scene_random_full_05_zero,23456,841,0.028225096024521574,0.25839636254372833,0.8253129720687866,0.34297314286231995,0.04508056491613388
Scene,Scene_random_full_05_zero,23456,842,0.18357467319047724,0.2517484341060899,0.6987297534942627,0.7760042548179626,0.01906418800354004
Scene,Scene_random_full_05_zero,23456,850,0.07422522061302068,0.37450723439326256,0.7286137342453003,0.6949127912521362,0.38064146041870117
Scene,Scene_random_full_05_zero,23456,855,0.14866869139269503,0.47965251541191967,0.7054100036621094,0.655903697013855,-0.03431518375873566
Scene,Scene_random_full_05_zero,23456,872,-0.13544198420905407,0.07626648705846345,0.7110844850540161,0.4569629430770874,-0.012874403968453407
Scene,Scene_random_full_05_zero,23456,873,0.4290913344616163,0.4926500056019447,0.5541957020759583,0.5059423446655273,0.060913458466529846
Scene,Scene_random_full_05_zero,23456,893,0.3086903357366795,0.2552128066752164,0.6860915422439575,0.5576983690261841,0.07709421217441559
Scene,Scene_random_full_05_zero,23456,894,0.012512226646911621,0.24801825054767052,0.7315686941146851,0.5698353052139282,0.1097157746553421
Scene,Scene_random_full_05_zero,23456,918,0.05800964982284015,0.27088987840853473,0.6799786686897278,0.7286927700042725,0.18111710250377655
Scene,Scene_random_full_05_zero,23456,943,0.28975164349222454,0.5638026594694822,0.7176470160484314,0.595940887928009,0.22313156723976135
Scene,Scene_random_full_05_zero,23456,978,0.5972703720468496,0.5774152604701308,0.5644345283508301,0.7994126677513123,0.7219675779342651
Scene,Scene_random_full_05_zero,23456,999,-0.04884552194944798,0.36059646754111546,0.7106094360351562,0.6622872352600098,0.000649724155664444
Scene,no_mask,23456,14,0.3343923067098191,0.4793325428702501,0.655087947845459,0.44998133182525635,0.07538717985153198
Scene,no_mask,23456,15,-0.121857288667844,0.42159057299390856,0.778836190700531,0.7780053019523621,0.10365431010723114
Scene,no_mask,23456,36,0.276102255329196,0.23206758791576335,0.6126248836517334,0.6707677841186523,0.021567538380622864
Scene,no_mask,23456,39,-0.47044324340659777,0.3285434209153296,0.48402100801467896,0.6306518912315369,0.21750867366790771
Scene,no_mask,23456,126,0.14010391159024074,0.421495344672133,0.6489213705062866,0.8604006767272949,0.3856373727321625
Scene,no_mask,23456,132,0.0048273248235311305,0.10959868596072495,0.6356729865074158,0.6880980730056763,0.29832059144973755
Scene,no_mask,23456,167,0.06691552863897106,0.11693968814071376,0.7088993787765503,0.6445149183273315,0.27606961131095886
Scene,no_mask,23456,196,0.032416482592526004,0.3488211940740207,0.7706677317619324,0.7045313119888306,0.08174403756856918
Scene,no_mask,23456,199,0.14502208674311795,0.17307124983903005,0.7226812243461609,0.7486439943313599,0.455320805311203
Scene,no_mask,23456,214,0.12792657868300014,0.37673642372955896,0.7041267156600952,0.6051369309425354,0.0914563313126564
Scene,no_mask,23456,241,0.2698368818821498,0.33680013880717846,0.7214125990867615,0.547282338142395,0.08687880635261536
Scene,no_mask,23456,242,0.03644468368880794,0.49907262445003286,0.7608157396316528,0.5780410170555115,0.10689866542816162
Scene,no_mask,23456,245,-0.08880286416256826,0.4342672487178009,0.6755828857421875,0.5955380201339722,0.049591924995183945
Scene,no_mask,23456,249,0.02583315852094837,0.3743535645879052,0.7992933392524719,0.4150465130805969,0.009025275707244873
Scene,no_mask,23456,282,0.19481729132806794,0.36382110974295623,0.610715925693512,0.45563995838165283,0.10284219682216644
Scene,no_mask,23456,289,-0.06046647837003465,0.32550386116939545,0.7771056890487671,0.5842214822769165,0.08511076867580414
Scene,no_mask,23456,303,0.09342424887928652,0.48115312115565007,0.7400341033935547,0.7484000325202942,0.046868786215782166
Scene,no_mask,23456,314,0.13996266183401015,0.19892900053733403,0.8107036352157593,0.45213133096694946,-0.026241984218358994
Scene,no_mask,23456,393,-0.06650263937522333,0.35987980162839023,0.6879060864448547,0.8174861669540405,0.20101693272590637
Scene,no_mask,23456,412,0.5574916971288751,0.5335314974236702,0.5494946837425232,0.4937455952167511,0.10476034879684448
Scene,no_mask,23456,442,0.08338113758316501,0.3715163139384187,0.7263391017913818,0.6914823055267334,0.011442999355494976
Scene,no_mask,23456,463,0.22708940702557776,0.09401851574904316,0.7568784356117249,0.5756288170814514,0.11300945281982422
Scene,no_mask,23456,469,-0.324765573496321,0.21710146453123105,0.7593804597854614,0.46312469244003296,0.005960952490568161
Scene,no_mask,23456,486,-0.17376147906355377,0.10189567626821146,0.7479969263076782,0.5637730956077576,0.056842952966690063
Scene,no_mask,23456,491,0.3664967450191914,0.3282533717955592,0.627242386341095,0.6375944018363953,0.0031530014239251614
Scene,no_mask,23456,518,0.41674611305109466,0.5235205161154529,0.5718395709991455,0.7652201652526855,0.19893613457679749
Scene,no_mask,23456,523,0.38436236702701826,0.1616908649751832,0.6971126794815063,0.5478501319885254,0.11592747271060944
Scene,no_mask,23456,545,-0.03862925903658208,0.38471693166382787,0.7455177307128906,0.706930935382843,0.0716279149055481
Scene,no_mask,23456,551,-0.023284412437855638,0.07487843055177007,0.7969944477081299,0.47923552989959717,-0.037125516682863235
Scene,no_mask,23456,568,0.1496095670951769,0.4649051175756264,0.694930911064148,0.8144030570983887,0.5513538122177124
Scene,no_mask,23456,620,-0.2779717996912015,0.22486257350383979,0.7865769863128662,0.5231093168258667,0.2811327278614044
Scene,no_mask,23456,640,-0.13755214570042082,0.14023366740798054,0.7094775438308716,0.4062437117099762,0.07863473892211914
Scene,no_mask,23456,648,0.45160529674880956,0.28618920891361654,0.7488535046577454,0.49016913771629333,0.0017357440665364265
Scene,no_mask,23456,671,-0.1533695901541611,0.3519478977605722,0.6191707849502563,0.7489811182022095,0.3306269645690918
Scene,no_mask,23456,755,0.3968925025390098,0.418125286876471,0.73231041431427,0.6548450589179993,0.28526899218559265
Scene,no_mask,23456,811,0.006885606440949564,0.25452875275175474,0.7523469924926758,0.5611319541931152,-0.01396014355123043
Scene,no_mask,23456,821,0.3546824126561313,0.2890566442175836,0.6701188087463379,0.4375724792480469,0.04195185378193855
Scene,no_mask,23456,824,-0.10950891799585433,0.09331679763147245,0.7971823811531067,0.4468453526496887,0.03222215175628662
Scene,no_mask,23456,841,0.08781533866318865,0.24380679590043583,0.8403602838516235,0.43654346466064453,0.06092877313494682
Scene,no_mask,23456,842,0.1580242540077448,0.24040936942319735,0.7050968408584595,0.7760287523269653,0.09818302094936371
Scene,no_mask,23456,850,0.06852475810575918,0.3729201549585352,0.7328815460205078,0.7146538496017456,0.31665489077568054
Scene,no_mask,23456,855,0.18076937742373891,0.49083129430913525,0.7117922306060791,0.6559368371963501,0.007511580362915993
Scene,no_mask,23456,872,-0.11684610642556242,0.07711285385591723,0.7156525254249573,0.5170775055885315,0.027903202921152115
Scene,no_mask,23456,873,0.4586964150692967,0.5145808346873781,0.5739507079124451,0.5034931302070618,0.0732186809182167
Scene,no_mask,23456,893,0.4063156898221792,0.2710350708842729,0.6721410751342773,0.7544174194335938,0.34159526228904724
Scene,no_mask,23456,894,-0.019184529524398412,0.2362324057785891,0.7316133975982666,0.5763558149337769,0.10275191068649292
Scene,no_mask,23456,918,0.029928208827679756,0.27896351651879986,0.6713568568229675,0.7572132349014282,0.19958597421646118
Scene,no_mask,23456,943,0.3383118087576867,0.569599149228549,0.7051742076873779,0.6116074323654175,0.14462803304195404
Scene,no_mask,23456,978,0.6139997817931951,0.5841834809092618,0.5653977394104004,0.8675649166107178,0.8217090368270874
Scene,no_mask,23456,999,-0.05226904033737206,0.3313020227124965,0.6959894299507141,0.7253619432449341,0.01878044754266739
Scene,no_mask_repeat,23456,14,0.3343923067098191,0.4793325428702501,0.655087947845459,0.44998133182525635,0.07538717985153198
Scene,no_mask_repeat,23456,15,-0.121857288667844,0.42159057299390856,0.778836190700531,0.7780053019523621,0.10365431010723114
Scene,no_mask_repeat,23456,36,0.276102255329196,0.23206758791576335,0.6126248836517334,0.6707677841186523,0.021567538380622864
Scene,no_mask_repeat,23456,39,-0.47044324340659777,0.3285434209153296,0.48402097821235657,0.6306518912315369,0.21750867366790771
Scene,no_mask_repeat,23456,126,0.14010391159024074,0.421495344672133,0.6489214301109314,0.8604006767272949,0.3856373727321625
Scene,no_mask_repeat,23456,132,0.0048273248235311305,0.10959868596072495,0.635672926902771,0.6880980730056763,0.29832059144973755
Scene,no_mask_repeat,23456,167,0.06691552863897106,0.11693968814071376,0.7088993787765503,0.6445149183273315,0.27606961131095886
Scene,no_mask_repeat,23456,196,0.032416482592526004,0.3488211940740207,0.7706677317619324,0.7045313119888306,0.08174403756856918
Scene,no_mask_repeat,23456,199,0.14502208674311795,0.17307124983903005,0.7226812243461609,0.7486439943313599,0.455320805311203
Scene,no_mask_repeat,23456,214,0.12792657868300014,0.37673642372955896,0.7041267156600952,0.6051369309425354,0.0914563313126564
Scene,no_mask_repeat,23456,241,0.2698368818821498,0.33680013880717846,0.7214125990867615,0.547282338142395,0.08687880635261536
Scene,no_mask_repeat,23456,242,0.03644468368880794,0.49907262445003286,0.7608157396316528,0.5780410170555115,0.10689866542816162
Scene,no_mask_repeat,23456,245,-0.08880286416256826,0.4342672487178009,0.6755828261375427,0.5955380201339722,0.049591924995183945
Scene,no_mask_repeat,23456,249,0.02583315852094837,0.3743535645879052,0.7992933392524719,0.4150465130805969,0.009025275707244873
Scene,no_mask_repeat,23456,282,0.19481729132806794,0.36382110974295623,0.6107159852981567,0.45563995838165283,0.10284219682216644
Scene,no_mask_repeat,23456,289,-0.06046647837003465,0.32550386116939545,0.7771056294441223,0.5842214822769165,0.08511076867580414
Scene,no_mask_repeat,23456,303,0.09342424887928652,0.48115312115565007,0.7400341033935547,0.7484000325202942,0.046868786215782166
Scene,no_mask_repeat,23456,314,0.13996266183401015,0.19892900053733403,0.8107036352157593,0.45213133096694946,-0.026241984218358994
Scene,no_mask_repeat,23456,393,-0.06650263937522333,0.35987980162839023,0.68790602684021,0.8174861669540405,0.20101693272590637
Scene,no_mask_repeat,23456,412,0.5574916971288751,0.5335314974236702,0.5494946837425232,0.4937455952167511,0.10476034879684448
Scene,no_mask_repeat,23456,442,0.08338113758316501,0.3715163139384187,0.7263391017913818,0.6914823055267334,0.011442999355494976
Scene,no_mask_repeat,23456,463,0.22708940702557776,0.09401851574904316,0.7568784356117249,0.5756288170814514,0.11300945281982422
Scene,no_mask_repeat,23456,469,-0.324765573496321,0.21710146453123105,0.7593804597854614,0.46312469244003296,0.005960952490568161
Scene,no_mask_repeat,23456,486,-0.17376147906355377,0.10189567626821146,0.7479969263076782,0.5637730956077576,0.056842952966690063
Scene,no_mask_repeat,23456,491,0.3664967450191914,0.3282533717955592,0.627242386341095,0.6375944018363953,0.0031530014239251614
Scene,no_mask_repeat,23456,518,0.41674611305109466,0.5235205161154529,0.5718395113945007,0.7652201652526855,0.19893613457679749
Scene,no_mask_repeat,23456,523,0.38436236702701826,0.1616908649751832,0.6971126794815063,0.5478501319885254,0.11592747271060944
Scene,no_mask_repeat,23456,545,-0.03862925903658208,0.38471693166382787,0.7455177307128906,0.706930935382843,0.0716279149055481
Scene,no_mask_repeat,23456,551,-0.023284412437855638,0.07487843055177007,0.7969944477081299,0.47923552989959717,-0.037125516682863235
Scene,no_mask_repeat,23456,568,0.1496095670951769,0.4649051175756264,0.694930911064148,0.8144030570983887,0.5513538122177124
Scene,no_mask_repeat,23456,620,-0.2779717996912015,0.22486257350383979,0.7865769863128662,0.5231093168258667,0.2811327278614044
Scene,no_mask_repeat,23456,640,-0.13755214570042082,0.14023366740798054,0.7094775438308716,0.4062437117099762,0.07863473892211914
Scene,no_mask_repeat,23456,648,0.45160529674880956,0.28618920891361654,0.7488535046577454,0.49016913771629333,0.0017357440665364265
Scene,no_mask_repeat,23456,671,-0.1533695901541611,0.3519478977605722,0.6191707849502563,0.7489811182022095,0.3306269645690918
Scene,no_mask_repeat,23456,755,0.3968925025390098,0.418125286876471,0.73231041431427,0.6548450589179993,0.28526899218559265
Scene,no_mask_repeat,23456,811,0.006885606440949564,0.25452875275175474,0.7523469924926758,0.5611319541931152,-0.01396014355123043
Scene,no_mask_repeat,23456,821,0.3546824126561313,0.2890566442175836,0.6701188087463379,0.4375724792480469,0.04195185378193855
Scene,no_mask_repeat,23456,824,-0.10950891799585433,0.09331679763147245,0.7971823811531067,0.4468453526496887,0.03222215175628662
Scene,no_mask_repeat,23456,841,0.08781533866318865,0.24380679590043583,0.8403602838516235,0.43654346466064453,0.06092877313494682
Scene,no_mask_repeat,23456,842,0.1580242540077448,0.24040936942319735,0.7050968408584595,0.7760287523269653,0.09818302094936371
Scene,no_mask_repeat,23456,850,0.06852475810575918,0.3729201549585352,0.7328815460205078,0.7146538496017456,0.31665489077568054
Scene,no_mask_repeat,23456,855,0.18076937742373891,0.49083129430913525,0.7117922902107239,0.6559368371963501,0.007511580362915993
Scene,no_mask_repeat,23456,872,-0.11684610642556242,0.07711285385591723,0.7156525254249573,0.5170775055885315,0.027903202921152115
Scene,no_mask_repeat,23456,873,0.4586964150692967,0.5145808346873781,0.5739507079124451,0.5034931302070618,0.0732186809182167
Scene,no_mask_repeat,23456,893,0.4063156898221792,0.2710350708842729,0.6721410751342773,0.7544174194335938,0.34159526228904724
Scene,no_mask_repeat,23456,894,-0.019184529524398412,0.2362324057785891,0.7316133975982666,0.5763558149337769,0.10275191068649292
Scene,no_mask_repeat,23456,918,0.029928208827679756,0.27896351651879986,0.6713568568229675,0.7572132349014282,0.19958597421646118
Scene,no_mask_repeat,23456,943,0.3383118087576867,0.569599149228549,0.7051742076873779,0.6116074323654175,0.14462803304195404
Scene,no_mask_repeat,23456,978,0.6139997817931951,0.5841834809092618,0.5653977394104004,0.8675649166107178,0.8217090368270874
Scene,no_mask_repeat,23456,999,-0.05226904033737206,0.3313020227124965,0.6959894895553589,0.7253619432449341,0.01878044754266739
Scene,Body_unrelated_equal4_zero,34567,14,0.6724393900656414,0.5653834690552448,0.5184574127197266,0.5467730760574341,0.09544496238231659
Scene,Body_unrelated_equal4_zero,34567,15,0.0046258168923286255,0.37422840585524125,0.767349123954773,0.7558032870292664,0.2679429352283478
Scene,Body_unrelated_equal4_zero,34567,36,0.14353077185283725,0.24213978728562563,0.6694129705429077,0.7051783204078674,0.04937904328107834
Scene,Body_unrelated_equal4_zero,34567,39,-0.2956499960557255,0.32784012812629626,0.5159578323364258,0.6892997026443481,0.2511458694934845
Scene,Body_unrelated_equal4_zero,34567,126,0.1572783616139354,0.4231397989230336,0.621505081653595,0.781582772731781,0.34081295132637024
Scene,Body_unrelated_equal4_zero,34567,132,-0.03016883351457185,0.11537430136964046,0.6791841387748718,0.582782506942749,0.26090461015701294
Scene,Body_unrelated_equal4_zero,34567,167,0.24396604372908862,0.12244430526617361,0.7327799201011658,0.488900363445282,0.024111801758408546
Scene,Body_unrelated_equal4_zero,34567,196,-0.009028395068668529,0.30832554754685954,0.785443902015686,0.7275309562683105,0.06407845765352249
Scene,Body_unrelated_equal4_zero,34567,199,-0.027002296155957735,0.21113463951508554,0.7845451235771179,0.5315253734588623,0.052535660564899445
Scene,Body_unrelated_equal4_zero,34567,214,0.1330124222645222,0.33852672477303714,0.6648935079574585,0.7357935905456543,0.14316050708293915
Scene,Body_unrelated_equal4_zero,34567,241,-0.09823526730208612,0.2011820460903766,0.777282178401947,0.42592665553092957,-0.03627372533082962
Scene,Body_unrelated_equal4_zero,34567,242,0.27900728219090254,0.5339677064111108,0.6553527116775513,0.5299213528633118,0.04236176609992981
Scene,Body_unrelated_equal4_zero,34567,245,0.14786567410875648,0.4558175726050425,0.6791033744812012,0.5926594138145447,0.01539589837193489
Scene,Body_unrelated_equal4_zero,34567,249,-0.1642234539012229,0.3552339223569791,0.8076868653297424,0.44402122497558594,0.04227790609002113
Scene,Body_unrelated_equal4_zero,34567,282,0.12074237180130311,0.3085233064989337,0.6554707884788513,0.41841691732406616,0.1431731879711151
Scene,Body_unrelated_equal4_zero,34567,289,0.027941352736415806,0.40489592623416976,0.798724889755249,0.6480545997619629,0.06405124813318253
Scene,Body_unrelated_equal4_zero,34567,303,0.3641550948736207,0.501233006224942,0.7309089303016663,0.6968183517456055,0.06488993763923645
Scene,Body_unrelated_equal4_zero,34567,314,-0.38534340459083755,0.1646035600941059,0.8497541546821594,0.7116175293922424,0.22554633021354675
Scene,Body_unrelated_equal4_zero,34567,393,0.1228838202703067,0.3439252535796794,0.7077692747116089,0.7433927059173584,0.43399500846862793
Scene,Body_unrelated_equal4_zero,34567,412,0.47509593799117433,0.5354159218888326,0.5949453711509705,0.4236694872379303,0.0996444970369339
Scene,Body_unrelated_equal4_zero,34567,442,0.19265870751806297,0.33944785043223114,0.7084309458732605,0.747454822063446,0.16254983842372894
Scene,Body_unrelated_equal4_zero,34567,463,0.36379580881227574,0.13118445442662036,0.7318660616874695,0.5456753373146057,0.09559085965156555
Scene,Body_unrelated_equal4_zero,34567,469,-0.2776194835157727,0.1704397919996072,0.7751027345657349,0.42993292212486267,-0.06678109616041183
Scene,Body_unrelated_equal4_zero,34567,486,0.08058119717875926,0.13654482993220646,0.8182030916213989,0.5223531126976013,0.050413791090250015
Scene,Body_unrelated_equal4_zero,34567,491,0.38793219371996246,0.3720287216485913,0.619513988494873,0.7036840915679932,0.17281010746955872
Scene,Body_unrelated_equal4_zero,34567,518,0.39863318308861284,0.5295791078068495,0.5038414597511292,0.7618039846420288,0.31861892342567444
Scene,Body_unrelated_equal4_zero,34567,523,0.31492224388689327,0.13804281468185992,0.6625469326972961,0.5539621114730835,0.1595432460308075
Scene,Body_unrelated_equal4_zero,34567,545,0.15850139267055424,0.42207707398319055,0.6900707483291626,0.723387598991394,0.05298119783401489
Scene,Body_unrelated_equal4_zero,34567,551,0.03011319161012278,0.08779373364425364,0.7448997497558594,0.4588788151741028,0.03516566753387451
Scene,Body_unrelated_equal4_zero,34567,568,0.1650430500444232,0.4856791140891561,0.6764499545097351,0.7271654605865479,0.2567513883113861
Scene,Body_unrelated_equal4_zero,34567,620,0.0885281812683799,0.33577840218458727,0.6903777122497559,0.7371848821640015,0.379761278629303
Scene,Body_unrelated_equal4_zero,34567,640,-0.03567118650740503,0.19487587792552852,0.775328516960144,0.666053056716919,0.17599576711654663
Scene,Body_unrelated_equal4_zero,34567,648,0.39846494452532694,0.2653327060899479,0.7000556588172913,0.7106381058692932,0.29712849855422974
Scene,Body_unrelated_equal4_zero,34567,671,-0.23571032390947688,0.3690298935574965,0.6263551712036133,0.8150670528411865,0.44854018092155457
Scene,Body_unrelated_equal4_zero,34567,755,0.06034779120293388,0.2820397015564062,0.7234383821487427,0.7105002403259277,0.4419790804386139
Scene,Body_unrelated_equal4_zero,34567,811,-0.11445107848535659,0.24883701657989185,0.7611172199249268,0.6231587529182434,0.12514053285121918
Scene,Body_unrelated_equal4_zero,34567,821,0.1359575610691487,0.3251617342230142,0.7177809476852417,0.4531148374080658,0.009927641600370407
Scene,Body_unrelated_equal4_zero,34567,824,-0.14854116502296966,0.10954098036259509,0.8273213505744934,0.5635639429092407,0.14845779538154602
Scene,Body_unrelated_equal4_zero,34567,841,0.20315544597725618,0.29067904014107726,0.8208598494529724,0.39642372727394104,0.014672860503196716
Scene,Body_unrelated_equal4_zero,34567,842,0.188980845724937,0.2925219754668675,0.7165189981460571,0.6968212723731995,0.08378623425960541
Scene,Body_unrelated_equal4_zero,34567,850,0.03656591061245704,0.2779396367912763,0.7553356289863586,0.5490037202835083,0.7061599493026733
Scene,Body_unrelated_equal4_zero,34567,855,0.30591682673210263,0.43525253523232676,0.6728757619857788,0.7033365964889526,-0.004874728620052338
Scene,Body_unrelated_equal4_zero,34567,872,-0.044319203341053964,0.0802862848392843,0.755751371383667,0.6632941961288452,0.2235574722290039
Scene,Body_unrelated_equal4_zero,34567,873,0.45032738701167635,0.5320919062917285,0.5472756624221802,0.3101750612258911,0.005387431010603905
Scene,Body_unrelated_equal4_zero,34567,893,0.19111248760308194,0.21408460449214023,0.7498391270637512,0.4445863366127014,0.08664633333683014
Scene,Body_unrelated_equal4_zero,34567,894,0.13639775463442408,0.37702809684901645,0.7258704900741577,0.5807369351387024,0.0278198029845953
Scene,Body_unrelated_equal4_zero,34567,918,0.0275983231184193,0.2801623558661193,0.6882851719856262,0.6932339668273926,0.24973541498184204
Scene,Body_unrelated_equal4_zero,34567,943,0.08953118789860744,0.49835300427254164,0.7016090154647827,0.524389386177063,0.13625027239322662
Scene,Body_unrelated_equal4_zero,34567,978,0.6985834658096611,0.5352481683040136,0.5818466544151306,0.748127281665802,0.7119985818862915
Scene,Body_unrelated_equal4_zero,34567,999,0.12919397265427965,0.33026757448144306,0.7019145488739014,0.7103196382522583,0.015576770529150963
Scene,Scene_equal4_zero,34567,14,0.7425690772124024,0.5791509037829009,0.49770283699035645,0.7133633494377136,0.28410080075263977
Scene,Scene_equal4_zero,34567,15,-0.03025477970135317,0.39543800653684563,0.7407611608505249,0.8268424272537231,0.1569141298532486
Scene,Scene_equal4_zero,34567,36,0.13801439365944396,0.2387372526407427,0.6735119223594666,0.6761490106582642,0.04718241095542908
Scene,Scene_equal4_zero,34567,39,-0.2843794081544868,0.3222266504621256,0.4908548593521118,0.6446675658226013,0.3166707754135132
Scene,Scene_equal4_zero,34567,126,0.2681349185838018,0.44651099682869083,0.6599705815315247,0.7955312728881836,0.33679163455963135
Scene,Scene_equal4_zero,34567,132,-0.0320964201466784,0.11907329127297106,0.6829448938369751,0.5296555161476135,0.20293915271759033
Scene,Scene_equal4_zero,34567,167,0.26563226457495254,0.12638465907871715,0.7357803583145142,0.465046226978302,-0.00754757784307003
Scene,Scene_equal4_zero,34567,196,-0.008090554126515352,0.3073445812368162,0.7752633094787598,0.7317236065864563,0.050877101719379425
Scene,Scene_equal4_zero,34567,199,-0.05052862588654502,0.21551676748897058,0.7931296825408936,0.5165717005729675,0.06562187522649765
Scene,Scene_equal4_zero,34567,214,0.1395797514182988,0.33700968643533813,0.679565966129303,0.7385711669921875,0.16213713586330414
Scene,Scene_equal4_zero,34567,241,-0.10149152051153743,0.2694100699008569,0.7866203188896179,0.4646054804325104,0.026233918964862823
Scene,Scene_equal4_zero,34567,242,0.25630343221980195,0.5353418314646231,0.6591024994850159,0.5528608560562134,0.086540587246418
Scene,Scene_equal4_zero,34567,245,0.11691288623648582,0.46140794027906645,0.6923274397850037,0.585598886013031,-0.01270316168665886
Scene,Scene_equal4_zero,34567,249,-0.1722354318796722,0.3531578430977137,0.8076457381248474,0.42546242475509644,0.030997691676020622
Scene,Scene_equal4_zero,34567,282,0.1286541126166777,0.30391557934543567,0.6302928924560547,0.5626864433288574,0.26369038224220276
Scene,Scene_equal4_zero,34567,289,0.036363053330585496,0.41189916920028435,0.8146804571151733,0.6682643294334412,-0.010146113112568855
Scene,Scene_equal4_zero,34567,303,0.38361689279442407,0.4854704343781342,0.7524024844169617,0.7499347925186157,0.05050653964281082
Scene,Scene_equal4_zero,34567,314,-0.36755037384076616,0.16614930487610416,0.8513363003730774,0.7009644508361816,0.2217709720134735
Scene,Scene_equal4_zero,34567,393,0.1140821442190744,0.3415153547030965,0.7136746048927307,0.7497233152389526,0.46519243717193604
Scene,Scene_equal4_zero,34567,412,0.4036238998790431,0.5081772308343268,0.5946794152259827,0.5073014497756958,0.04529869556427002
Scene,Scene_equal4_zero,34567,442,0.2436037701941588,0.3510741001295677,0.7112979888916016,0.7386833429336548,0.18093886971473694
Scene,Scene_equal4_zero,34567,463,0.36528349539246,0.13348456928371782,0.7334075570106506,0.5500601530075073,0.14116838574409485
Scene,Scene_equal4_zero,34567,469,-0.30463655942379064,0.16323108744155967,0.7898827791213989,0.4211217761039734,-0.02831817790865898
Scene,Scene_equal4_zero,34567,486,0.09214157345394146,0.13713089870577386,0.8136240243911743,0.5202434659004211,0.03198541700839996
Scene,Scene_equal4_zero,34567,491,0.3659744913432264,0.376533670996727,0.6322072744369507,0.6729994416236877,0.09158308804035187
Scene,Scene_equal4_zero,34567,518,0.41710272167035295,0.5061533363357178,0.5257781744003296,0.7536301612854004,0.40912583470344543
Scene,Scene_equal4_zero,34567,523,0.32000173657080594,0.1378001351759144,0.6675302386283875,0.5220728516578674,0.11878147721290588
Scene,Scene_equal4_zero,34567,545,0.1326823734648474,0.41199959225319666,0.6702407598495483,0.7505191564559937,0.11814649403095245
Scene,Scene_equal4_zero,34567,551,0.017716368377858067,0.08896098145508817,0.7342339158058167,0.45823371410369873,0.039441101253032684
Scene,Scene_equal4_zero,34567,568,0.17065308077488617,0.4884912357389397,0.691922128200531,0.768560528755188,0.2776791453361511
Scene,Scene_equal4_zero,34567,620,0.08374729941559297,0.32719710924380296,0.6974860429763794,0.7411712408065796,0.34295541048049927
Scene,Scene_equal4_zero,34567,640,-0.07079242880604548,0.19536895655172332,0.7850764393806458,0.6969298720359802,0.3168112635612488
Scene,Scene_equal4_zero,34567,648,0.38467314143533615,0.26666424712747766,0.7171741724014282,0.7593189477920532,0.3728776276111603
Scene,Scene_equal4_zero,34567,671,-0.25212505006673663,0.36776860982573617,0.6268632411956787,0.8166379928588867,0.4512259066104889
Scene,Scene_equal4_zero,34567,755,0.05461182636898378,0.27870603292464063,0.7273203134536743,0.7589908838272095,0.46671774983406067
Scene,Scene_equal4_zero,34567,811,-0.10433179272946547,0.25024643145557723,0.7683132290840149,0.5987105369567871,0.10088534653186798
Scene,Scene_equal4_zero,34567,821,0.14245336439957065,0.32382709034652024,0.7297845482826233,0.48129671812057495,0.015474419109523296
Scene,Scene_equal4_zero,34567,824,-0.11535347498400841,0.10317117955589067,0.8080021739006042,0.5217761993408203,0.11357836425304413
Scene,Scene_equal4_zero,34567,841,0.20501437529674282,0.2896902225134839,0.8135992288589478,0.38415753841400146,0.04044244438409805
Scene,Scene_equal4_zero,34567,842,0.2300073458137538,0.3015293846306155,0.7051695585250854,0.7125931978225708,0.09577576816082001
Scene,Scene_equal4_zero,34567,850,0.04734480960807887,0.278108078857711,0.7628810405731201,0.5573633909225464,0.6921437978744507
Scene,Scene_equal4_zero,34567,855,0.28818557082198504,0.43398516791633257,0.6841146349906921,0.7444062232971191,-0.009995575994253159
Scene,Scene_equal4_zero,34567,872,-0.17551891754941834,0.08914593236638386,0.7581361532211304,0.5304147005081177,0.2554972767829895
Scene,Scene_equal4_zero,34567,873,0.4313214167974578,0.5198805571658539,0.5664544105529785,0.3289085626602173,0.08553944528102875
Scene,Scene_equal4_zero,34567,893,0.12328838148901246,0.23210341365184947,0.7826759219169617,0.5747281312942505,0.17478865385055542
Scene,Scene_equal4_zero,34567,894,0.09894573385624235,0.3836781718928238,0.7624211311340332,0.6010144352912903,0.06145462393760681
Scene,Scene_equal4_zero,34567,918,0.014906429585789091,0.2734832340640001,0.6802155375480652,0.7166717052459717,0.23902499675750732
Scene,Scene_equal4_zero,34567,943,0.0832141213341626,0.4951850754114639,0.6983187198638916,0.5408547520637512,0.14551454782485962
Scene,Scene_equal4_zero,34567,978,0.6849820250809244,0.5464083256354917,0.6280978918075562,0.6410629153251648,0.24407127499580383
Scene,Scene_equal4_zero,34567,999,0.14089585899551746,0.3453587568252948,0.7129319310188293,0.6622301340103149,0.006808554753661156
Scene,Scene_full_zero,34567,14,0.6312161557443702,0.5199231462020669,0.5198932886123657,0.4734056890010834,0.0678163394331932
Scene,Scene_full_zero,34567,15,-0.06617946761892134,0.39654560130962174,0.7263814210891724,0.8050087690353394,0.21476836502552032
Scene,Scene_full_zero,34567,36,0.16263598726485534,0.2421457763352478,0.6663430333137512,0.6961475610733032,0.0810270681977272
Scene,Scene_full_zero,34567,39,-0.34260843188449724,0.3386148980669426,0.5325660705566406,0.6493434906005859,0.22525876760482788
Scene,Scene_full_zero,34567,126,0.22149138532269516,0.4262567133680846,0.6678011417388916,0.7944561243057251,0.5076190829277039
Scene,Scene_full_zero,34567,132,-0.032280822431384734,0.11717346490021024,0.6634401082992554,0.5035940408706665,0.22762389481067657
Scene,Scene_full_zero,34567,167,0.2487575405958528,0.1256357776029377,0.7252773642539978,0.4279712438583374,0.023208031430840492
Scene,Scene_full_zero,34567,196,0.003200529697914397,0.3139368823471945,0.7654085159301758,0.6947709321975708,0.08987194299697876
Scene,Scene_full_zero,34567,199,-0.09167267533375965,0.22198058141485313,0.7951147556304932,0.5351791977882385,0.13468633592128754
Scene,Scene_full_zero,34567,214,0.1319545554629572,0.36949438121698175,0.7085163593292236,0.6312925815582275,0.04550875723361969
Scene,Scene_full_zero,34567,241,0.007740931857202221,0.3402062837079274,0.8330856561660767,0.4532862603664398,0.04249121993780136
Scene,Scene_full_zero,34567,242,0.3014688945576062,0.5355547786708857,0.6473504304885864,0.5379657745361328,0.04077454283833504
Scene,Scene_full_zero,34567,245,-0.035152476584092235,0.42757007047446566,0.7051605582237244,0.640511155128479,-0.04832538962364197
Scene,Scene_full_zero,34567,249,-0.1803492135822355,0.3411658786837964,0.8154743909835815,0.4171590805053711,0.03723122179508209
Scene,Scene_full_zero,34567,282,0.15370141448713134,0.29925839283234656,0.6443692445755005,0.44153931736946106,0.06494728475809097
Scene,Scene_full_zero,34567,289,0.034190737998328904,0.41005704560001827,0.7999078035354614,0.6764971613883972,0.07233285903930664
Scene,Scene_full_zero,34567,303,0.4338924004544635,0.5006987434400976,0.7515866756439209,0.7062411904335022,0.012959040701389313
Scene,Scene_full_zero,34567,314,-0.3958888542386729,0.15107767616765982,0.8395114541053772,0.664826512336731,0.18147744238376617
Scene,Scene_full_zero,34567,393,0.11157570521986694,0.3419317854890731,0.7146525382995605,0.7633947730064392,0.42019495368003845
Scene,Scene_full_zero,34567,412,0.38544464490684355,0.48147447803275234,0.6097080707550049,0.40200474858283997,0.040327250957489014
Scene,Scene_full_zero,34567,442,0.2232094927342426,0.29814504223996574,0.7036490440368652,0.7905482649803162,0.25166571140289307
Scene,Scene_full_zero,34567,463,0.38296190301796046,0.13760319780400312,0.7244471907615662,0.5877770185470581,0.2638408839702606
Scene,Scene_full_zero,34567,469,-0.30819307273594027,0.16087945000434162,0.7836456298828125,0.4197767376899719,-0.008851720951497555
Scene,Scene_full_zero,34567,486,0.07739480670865977,0.14463083397956011,0.8124455213546753,0.562487006187439,0.04853494092822075
Scene,Scene_full_zero,34567,491,0.36917136489401436,0.3658842162749626,0.6622313857078552,0.6328428387641907,0.13624808192253113
Scene,Scene_full_zero,34567,518,0.4394110394654112,0.5364542098882117,0.5010421276092529,0.8131313323974609,0.48224782943725586
Scene,Scene_full_zero,34567,523,0.31794210950526597,0.14736551922171337,0.6526856422424316,0.5596597194671631,0.11111827194690704
Scene,Scene_full_zero,34567,545,0.1740976401123321,0.243677830904265,0.6758897304534912,0.48336261510849,0.05644020065665245
Scene,Scene_full_zero,34567,551,0.035038372633421876,0.08514215825975695,0.7580389380455017,0.4365767240524292,0.033303774893283844
Scene,Scene_full_zero,34567,568,0.167751689417818,0.4827381917432927,0.6854981184005737,0.7201898694038391,0.23881614208221436
Scene,Scene_full_zero,34567,620,0.14545791308725098,0.3212562648279769,0.7323649525642395,0.6975321769714355,0.2759040892124176
Scene,Scene_full_zero,34567,640,-0.04437473614254751,0.19555127091881647,0.7954099774360657,0.6579474210739136,0.10925547778606415
Scene,Scene_full_zero,34567,648,0.3811527414960727,0.27150441811944237,0.6851592659950256,0.7709109783172607,0.28962069749832153
Scene,Scene_full_zero,34567,671,-0.23907435672870836,0.36575489583761817,0.6190131902694702,0.7830660939216614,0.3942210078239441
Scene,Scene_full_zero,34567,755,0.05887197474116879,0.2659689821161608,0.7604151964187622,0.7539379000663757,0.39237523078918457
Scene,Scene_full_zero,34567,811,-0.11293225101898663,0.2515971316284659,0.7994162440299988,0.5838035345077515,0.1697230041027069
Scene,Scene_full_zero,34567,821,0.46046491016603497,0.3234759187804194,0.7038797736167908,0.4940667152404785,0.024530824273824692
Scene,Scene_full_zero,34567,824,-0.07059526080025008,0.08383353533226047,0.7563377022743225,0.5235508680343628,0.07347071915864944
Scene,Scene_full_zero,34567,841,0.16071448170040542,0.2822690838892185,0.8314733505249023,0.4183608591556549,0.04058581218123436
Scene,Scene_full_zero,34567,842,0.20040578946561435,0.30511887519808256,0.7374496459960938,0.6576275825500488,0.04742259904742241
Scene,Scene_full_zero,34567,850,0.02186329408727489,0.28636239061496216,0.7652540802955627,0.5205055475234985,0.6591686010360718
Scene,Scene_full_zero,34567,855,0.22576065408593246,0.4108730101512868,0.6919994354248047,0.6965839862823486,0.03877047821879387
Scene,Scene_full_zero,34567,872,-0.17932148955621113,0.08718985844240836,0.7589324116706848,0.5542106032371521,0.11623314023017883
Scene,Scene_full_zero,34567,873,0.4047122275826165,0.5187275010743077,0.6072340607643127,0.4050329029560089,0.072882741689682
Scene,Scene_full_zero,34567,893,0.19534500742359906,0.2229762152352014,0.765247642993927,0.36753231287002563,0.05462426692247391
Scene,Scene_full_zero,34567,894,0.10123412954236771,0.37449807011497266,0.7441034317016602,0.5900397300720215,0.049699217081069946
Scene,Scene_full_zero,34567,918,0.03672751783805938,0.29125554808868664,0.6698294281959534,0.6907886862754822,0.33886873722076416
Scene,Scene_full_zero,34567,943,0.059040436353093244,0.49922783544698707,0.6991264820098877,0.5322142839431763,0.16548003256320953
Scene,Scene_full_zero,34567,978,0.6734040193194792,0.545249229443778,0.6629139184951782,0.5980137586593628,0.3290078639984131
Scene,Scene_full_zero,34567,999,0.1417951152843626,0.34139419223813694,0.6790289878845215,0.6906394958496094,0.009281427599489689
Scene,Scene_random_equal4_01_zero,34567,14,0.754704655119017,0.5775907431712671,0.48222434520721436,0.7415715456008911,0.32089948654174805
Scene,Scene_random_equal4_01_zero,34567,15,-0.044437820143349877,0.40302531744558795,0.7359899282455444,0.8170007467269897,0.13859595358371735
Scene,Scene_random_equal4_01_zero,34567,36,0.1438339874279365,0.24170612697110902,0.6725411415100098,0.6965484619140625,0.05673997104167938
Scene,Scene_random_equal4_01_zero,34567,39,-0.2875832659081711,0.31977229250259387,0.4868418276309967,0.664240300655365,0.3608742356300354
Scene,Scene_random_equal4_01_zero,34567,126,0.26973973304830134,0.44862945500245877,0.660738468170166,0.8028507232666016,0.36136627197265625
Scene,Scene_random_equal4_01_zero,34567,132,-0.03195616291743666,0.11872195923160578,0.6758634448051453,0.621088981628418,0.296325147151947
Scene,Scene_random_equal4_01_zero,34567,167,0.24726089316852942,0.1295998766103463,0.7362352013587952,0.47789648175239563,0.008871043100953102
Scene,Scene_random_equal4_01_zero,34567,196,-0.006128709225165489,0.3102078309338868,0.7838150858879089,0.734237551689148,0.05687347427010536
Scene,Scene_random_equal4_01_zero,34567,199,-0.0638732283837193,0.21762552131117807,0.799564778804779,0.5527306199073792,0.061075471341609955
Scene,Scene_random_equal4_01_zero,34567,214,0.14081316801867008,0.3365445417888225,0.6725272536277771,0.7348860502243042,0.08436381816864014
Scene,Scene_random_equal4_01_zero,34567,241,-0.08809258425597874,0.225714534836778,0.7686963677406311,0.4609610438346863,0.01838015392422676
Scene,Scene_random_equal4_01_zero,34567,242,0.2725971016517058,0.534802146030478,0.649853527545929,0.5410619378089905,0.12124653160572052
Scene,Scene_random_equal4_01_zero,34567,245,0.12492634523799272,0.4635263959037603,0.6909530758857727,0.6128240823745728,0.004419982433319092
Scene,Scene_random_equal4_01_zero,34567,249,-0.16094704204042268,0.3505533259485463,0.8038939833641052,0.39023539423942566,0.021206429228186607
Scene,Scene_random_equal4_01_zero,34567,282,0.12772473542037502,0.30673930815371825,0.6337200999259949,0.480251669883728,0.2746927738189697
Scene,Scene_random_equal4_01_zero,34567,289,0.040500573382992365,0.40239181976283106,0.806719183921814,0.6556358933448792,0.007428616285324097
Scene,Scene_random_equal4_01_zero,34567,303,0.3817258464442758,0.4893002283188623,0.7560937404632568,0.7483168840408325,0.04515072703361511
Scene,Scene_random_equal4_01_zero,34567,314,-0.37877275107500624,0.16253866963172464,0.8517856001853943,0.6986179351806641,0.2288358360528946
Scene,Scene_random_equal4_01_zero,34567,393,0.10677875189085954,0.3397152783811055,0.7105394601821899,0.7739647626876831,0.47634196281433105
Scene,Scene_random_equal4_01_zero,34567,412,0.39492797182699896,0.5087573805995436,0.5974123477935791,0.4086451828479767,0.08575192093849182
Scene,Scene_random_equal4_01_zero,34567,442,0.2184499526532587,0.3368742446725692,0.725105881690979,0.71265709400177,0.1392362117767334
Scene,Scene_random_equal4_01_zero,34567,463,0.36062063220755913,0.12949685789136448,0.7343111038208008,0.5105172991752625,0.06933949142694473
Scene,Scene_random_equal4_01_zero,34567,469,-0.29585584500510237,0.16904706912265358,0.777053952217102,0.4248110353946686,-0.030789155513048172
Scene,Scene_random_equal4_01_zero,34567,486,0.09454399082411916,0.13737819352676814,0.8062614798545837,0.5084521770477295,0.04827234894037247
Scene,Scene_random_equal4_01_zero,34567,491,0.36780097369667797,0.3768778740142831,0.6423987746238708,0.654145359992981,0.07974319159984589
Scene,Scene_random_equal4_01_zero,34567,518,0.356151730127358,0.3909512053336361,0.5984094142913818,0.7432655096054077,0.5340718626976013
Scene,Scene_random_equal4_01_zero,34567,523,0.32421451876005997,0.1481279511631696,0.6435410976409912,0.6053615808486938,0.15617743134498596
Scene,Scene_random_equal4_01_zero,34567,545,0.12861431087316097,0.41018457295677646,0.6742042303085327,0.7241681814193726,0.07075238227844238
Scene,Scene_random_equal4_01_zero,34567,551,0.003434109912648419,0.08741741088968794,0.7471519112586975,0.4640962779521942,0.009978951886296272
Scene,Scene_random_equal4_01_zero,34567,568,0.17457874808190815,0.491058722140839,0.6895995140075684,0.6871366500854492,0.21337346732616425
Scene,Scene_random_equal4_01_zero,34567,620,0.08290679515520313,0.3420743453903806,0.6869542598724365,0.7481615543365479,0.3825919032096863
Scene,Scene_random_equal4_01_zero,34567,640,-0.07025192782505761,0.19589419565345606,0.7773579955101013,0.6272404789924622,0.08970142900943756
Scene,Scene_random_equal4_01_zero,34567,648,0.37985034729444445,0.2680501837587329,0.7078903913497925,0.757038950920105,0.37035906314849854
Scene,Scene_random_equal4_01_zero,34567,671,-0.21600053955313045,0.3716694683169735,0.6069918870925903,0.7606152296066284,0.35590535402297974
Scene,Scene_random_equal4_01_zero,34567,755,0.05351108158544873,0.2762633655583399,0.730231761932373,0.7698026895523071,0.4588267505168915
Scene,Scene_random_equal4_01_zero,34567,811,-0.11138355922769111,0.24646392028837638,0.7736325860023499,0.6300016641616821,0.07231298089027405
Scene,Scene_random_equal4_01_zero,34567,821,0.09146541581296537,0.31491666400401414,0.7398146390914917,0.46154025197029114,0.010153142735362053
Scene,Scene_random_equal4_01_zero,34567,824,-0.11698546979974943,0.10161441309065326,0.8003538846969604,0.5139340162277222,0.16381441056728363
Scene,Scene_random_equal4_01_zero,34567,841,0.2005119393582079,0.2897411872376895,0.818805456161499,0.39535221457481384,0.01696723699569702
Scene,Scene_random_equal4_01_zero,34567,842,0.19757577357714096,0.29046247324061025,0.7258198261260986,0.7121675610542297,0.04646134376525879
Scene,Scene_random_equal4_01_zero,34567,850,0.04895382968797522,0.27464540428170214,0.7685446739196777,0.5785093307495117,0.6985599994659424
Scene,Scene_random_equal4_01_zero,34567,855,0.28402503214468544,0.4353751970422174,0.6739112734794617,0.7117579579353333,-0.0006506964564323425
Scene,Scene_random_equal4_01_zero,34567,872,-0.1317063624545413,0.09032319779838331,0.7637746930122375,0.6175375580787659,0.2818678021430969
Scene,Scene_random_equal4_01_zero,34567,873,0.4828366135760809,0.5155481250714983,0.5693768858909607,0.3662032186985016,0.09505666792392731
Scene,Scene_random_equal4_01_zero,34567,893,0.09410803030521402,0.2101727863539164,0.7804379463195801,0.4491197466850281,0.10804383456707001
Scene,Scene_random_equal4_01_zero,34567,894,0.15422693685248956,0.3813332039347931,0.7227330803871155,0.5921218991279602,0.06385637074708939
Scene,Scene_random_equal4_01_zero,34567,918,0.02603531206353054,0.27576010334218765,0.6753628253936768,0.7046937346458435,0.23416975140571594
Scene,Scene_random_equal4_01_zero,34567,943,0.08137304738233764,0.49502420547592363,0.7006476521492004,0.5392715930938721,0.16728046536445618
Scene,Scene_random_equal4_01_zero,34567,978,0.6858426039643546,0.5498781677012158,0.6293568015098572,0.6395626068115234,0.2515174150466919
Scene,Scene_random_equal4_01_zero,34567,999,0.1380419749123008,0.3474307653241752,0.6948622465133667,0.6797889471054077,0.022430405020713806
Scene,Scene_random_equal4_02_zero,34567,14,0.7047735878791298,0.5630725740864777,0.4928975999355316,0.57087641954422,0.18596437573432922
Scene,Scene_random_equal4_02_zero,34567,15,-0.034665122505907246,0.39185179078171456,0.7402335405349731,0.7940948009490967,0.12334524095058441
Scene,Scene_random_equal4_02_zero,34567,36,0.13925922052971768,0.2429995783993981,0.6770946979522705,0.6751077771186829,0.0515255369246006
Scene,Scene_random_equal4_02_zero,34567,39,-0.2890056044686469,0.31953565215479307,0.493945449590683,0.6557350158691406,0.2631528973579407
Scene,Scene_random_equal4_02_zero,34567,126,0.13612443959140996,0.4229853349374039,0.6359442472457886,0.8139918446540833,0.35045841336250305
Scene,Scene_random_equal4_02_zero,34567,132,-0.016973525560965957,0.11941481193527398,0.6853101849555969,0.5625473856925964,0.2660846710205078
Scene,Scene_random_equal4_02_zero,34567,167,0.24811916471513795,0.1251163111521848,0.7409941554069519,0.4687947630882263,0.038940489292144775
Scene,Scene_random_equal4_02_zero,34567,196,-0.004825698181230903,0.3132284520970094,0.7708938121795654,0.7182279825210571,0.050325796008110046
Scene,Scene_random_equal4_02_zero,34567,199,-0.04100407285122068,0.21378219232263904,0.7880446910858154,0.5468858480453491,0.07340366393327713
Scene,Scene_random_equal4_02_zero,34567,214,0.13087987052208266,0.33607542239917465,0.6770508289337158,0.762923002243042,0.14517804980278015
Scene,Scene_random_equal4_02_zero,34567,241,-0.10037046937797832,0.21192198507559307,0.7805030345916748,0.4432481527328491,-0.012303571216762066
Scene,Scene_random_equal4_02_zero,34567,242,0.27422772250986643,0.5318936078856525,0.6517478823661804,0.527177095413208,0.08053388446569443
Scene,Scene_random_equal4_02_zero,34567,245,0.13705993508754236,0.46806898403053093,0.6969820857048035,0.6034952998161316,0.022712519392371178
Scene,Scene_random_equal4_02_zero,34567,249,-0.16471800590500896,0.3577944099938996,0.8098429441452026,0.4128057360649109,0.03090728260576725
Scene,Scene_random_equal4_02_zero,34567,282,0.12790184118510034,0.31636089554671903,0.6259920597076416,0.6484272480010986,0.4769509732723236
Scene,Scene_random_equal4_02_zero,34567,289,0.07904655360255357,0.40605130909849163,0.7970133423805237,0.687782883644104,0.0060250423848629
Scene,Scene_random_equal4_02_zero,34567,303,0.37689235159742546,0.5040690777629637,0.7248830199241638,0.6749446392059326,0.047645680606365204
Scene,Scene_random_equal4_02_zero,34567,314,-0.36567460670516155,0.16609355110998938,0.848884105682373,0.6953973770141602,0.22905966639518738
Scene,Scene_random_equal4_02_zero,34567,393,0.12080373159263173,0.3482336673769884,0.7119480967521667,0.7459837794303894,0.4617721736431122
Scene,Scene_random_equal4_02_zero,34567,412,0.400484439400306,0.5029597472488281,0.587634265422821,0.4328274726867676,0.032880477607250214
Scene,Scene_random_equal4_02_zero,34567,442,0.2161511605326621,0.3260399925128948,0.7120734453201294,0.8133019804954529,0.19941546022891998
Scene,Scene_random_equal4_02_zero,34567,463,0.3640128838781757,0.13258084614692778,0.7334926128387451,0.5572950839996338,0.11337566375732422
Scene,Scene_random_equal4_02_zero,34567,469,-0.29266844849521795,0.16769743261971815,0.7688011527061462,0.4226472079753876,0.0043301088735461235
Scene,Scene_random_equal4_02_zero,34567,486,0.09446783110310665,0.14393587531097096,0.802029550075531,0.5340960025787354,0.06605307757854462
Scene,Scene_random_equal4_02_zero,34567,491,0.37547228644593006,0.37925834806303865,0.6359551548957825,0.6829379796981812,0.15450087189674377
Scene,Scene_random_equal4_02_zero,34567,518,0.4180036009480895,0.521270633524715,0.5100569128990173,0.772028923034668,0.3916930854320526
Scene,Scene_random_equal4_02_zero,34567,523,0.32158055529611534,0.14130135770446942,0.6476402282714844,0.5779037475585938,0.14129874110221863
Scene,Scene_random_equal4_02_zero,34567,545,0.1230593604533383,0.4315240175768212,0.7185434103012085,0.7288393974304199,0.024652671068906784
Scene,Scene_random_equal4_02_zero,34567,551,0.01881959107904829,0.08825609325273377,0.7328274250030518,0.46206238865852356,0.02408279851078987
Scene,Scene_random_equal4_02_zero,34567,568,0.1654704752192613,0.4817192403107824,0.6743954420089722,0.7016584873199463,0.26801708340644836
Scene,Scene_random_equal4_02_zero,34567,620,0.07518788889009913,0.3310018336169318,0.6923512816429138,0.756481945514679,0.34026986360549927
Scene,Scene_random_equal4_02_zero,34567,640,-0.055266530591917114,0.1965084726028653,0.77627032995224,0.642009973526001,0.14781999588012695
Scene,Scene_random_equal4_02_zero,34567,648,0.3845440855395596,0.2648158730661698,0.7064536809921265,0.7680641412734985,0.40904027223587036
Scene,Scene_random_equal4_02_zero,34567,671,-0.22412963289410093,0.36511867130971043,0.614059329032898,0.766692042350769,0.4265604019165039
Scene,Scene_random_equal4_02_zero,34567,755,0.03987244190652691,0.2819981915167955,0.737995982170105,0.7570276260375977,0.4396732449531555
Scene,Scene_random_equal4_02_zero,34567,811,-0.11903145624109317,0.25023241206843433,0.7693690657615662,0.5926610231399536,0.10661183297634125
Scene,Scene_random_equal4_02_zero,34567,821,0.10454019135778696,0.3192828043104619,0.6983933448791504,0.47498857975006104,-0.003520824946463108
Scene,Scene_random_equal4_02_zero,34567,824,-0.1252300959941034,0.10478768069438452,0.8157138824462891,0.5152625441551208,0.12585380673408508
Scene,Scene_random_equal4_02_zero,34567,841,0.19366771688872597,0.27077071076659287,0.7976464033126831,0.4169252812862396,0.047455042600631714
Scene,Scene_random_equal4_02_zero,34567,842,0.17502747437211244,0.28629446852132284,0.7011767625808716,0.6829313039779663,0.08668199181556702
Scene,Scene_random_equal4_02_zero,34567,850,0.055146589132633525,0.27669877778882057,0.7637026309967041,0.5351527333259583,0.6807961463928223
Scene,Scene_random_equal4_02_zero,34567,855,0.28297196175810974,0.4388206891584804,0.6840317845344543,0.6672689914703369,-0.014061208814382553
Scene,Scene_random_equal4_02_zero,34567,872,-0.09957035853681091,0.08345791832000404,0.7542517781257629,0.6938788890838623,0.22679618000984192
Scene,Scene_random_equal4_02_zero,34567,873,0.43952502518125275,0.5186336897337898,0.5705878734588623,0.3399406671524048,0.016473103314638138
Scene,Scene_random_equal4_02_zero,34567,893,0.1900791998015309,0.2115400260159932,0.743926465511322,0.46123436093330383,0.05233263596892357
Scene,Scene_random_equal4_02_zero,34567,894,0.10140221790212921,0.37446652966115185,0.7523632049560547,0.6275815367698669,0.05934623256325722
Scene,Scene_random_equal4_02_zero,34567,918,-0.023851941496448665,0.27459293575453664,0.6881782412528992,0.7208532094955444,0.24133452773094177
Scene,Scene_random_equal4_02_zero,34567,943,0.09036767846656099,0.49860319113226037,0.7011597156524658,0.5275182723999023,0.1491943895816803
Scene,Scene_random_equal4_02_zero,34567,978,0.6817633361689243,0.5426574919211606,0.6301963925361633,0.6782220602035522,0.6083534955978394
Scene,Scene_random_equal4_02_zero,34567,999,0.13985476385766624,0.34086350277533045,0.6928173899650574,0.6999412178993225,0.03504624962806702
Scene,Scene_random_equal4_03_zero,34567,14,0.7510057133960827,0.5802032056854898,0.4759410619735718,0.706777811050415,0.21676868200302124
Scene,Scene_random_equal4_03_zero,34567,15,-0.03438570335887434,0.39568102626814333,0.7344392538070679,0.8082432746887207,0.18152423202991486
Scene,Scene_random_equal4_03_zero,34567,36,0.13848795406685996,0.2426659911465852,0.6772030591964722,0.6889480352401733,0.06485195457935333
Scene,Scene_random_equal4_03_zero,34567,39,-0.28506272591707427,0.32032633331672017,0.48101353645324707,0.6424614787101746,0.30636268854141235
Scene,Scene_random_equal4_03_zero,34567,126,0.25758133947606937,0.4361359215918509,0.6623537540435791,0.8110717535018921,0.40072542428970337
Scene,Scene_random_equal4_03_zero,34567,132,-0.017575628984522907,0.12442329018444001,0.6827661395072937,0.5851618051528931,0.37353330850601196
Scene,Scene_random_equal4_03_zero,34567,167,0.2439804750301136,0.12268405702111095,0.7476857900619507,0.44921037554740906,-0.007283584214746952
Scene,Scene_random_equal4_03_zero,34567,196,-0.00923876310865704,0.3069867666480388,0.794922411441803,0.7184708118438721,0.06038209795951843
Scene,Scene_random_equal4_03_zero,34567,199,-0.04199737678835391,0.21733566478329763,0.7943180799484253,0.5073992013931274,0.07643389701843262
Scene,Scene_random_equal4_03_zero,34567,214,0.13135109338694217,0.3447425348511824,0.6772636771202087,0.7042733430862427,0.11482439935207367
Scene,Scene_random_equal4_03_zero,34567,241,-0.07881472580363405,0.21615663120126039,0.7748173475265503,0.4315258264541626,-0.004551690071821213
Scene,Scene_random_equal4_03_zero,34567,242,0.2644139383560053,0.5362382027183588,0.6338703036308289,0.5080534219741821,0.08949391543865204
Scene,Scene_random_equal4_03_zero,34567,245,0.13863399681886232,0.4608739254967204,0.6923215985298157,0.6004231572151184,0.0060273269191384315
Scene,Scene_random_equal4_03_zero,34567,249,-0.1591894564082977,0.3591241387317283,0.8038027882575989,0.4101708233356476,0.02975171059370041
Scene,Scene_random_equal4_03_zero,34567,282,0.1207514633345572,0.30924697129311757,0.6325992941856384,0.4789353013038635,0.14650969207286835
Scene,Scene_random_equal4_03_zero,34567,289,0.05795640835522751,0.4133588456985812,0.8015807867050171,0.690094530582428,0.015855412930250168
Scene,Scene_random_equal4_03_zero,34567,303,0.3759583115498457,0.4990882697729315,0.7650132179260254,0.7320510149002075,0.03665563464164734
Scene,Scene_random_equal4_03_zero,34567,314,-0.3831594844041969,0.16766367302050253,0.8278371691703796,0.6856290698051453,0.18409886956214905
Scene,Scene_random_equal4_03_zero,34567,393,0.11683416962699611,0.3432377829604566,0.714647114276886,0.7822181582450867,0.4351094663143158
Scene,Scene_random_equal4_03_zero,34567,412,0.40849850433396073,0.5068352175109484,0.5863117575645447,0.4226831793785095,0.035524919629096985
Scene,Scene_random_equal4_03_zero,34567,442,0.20889925067129844,0.3230771757597906,0.706925094127655,0.8214080929756165,0.1508755087852478
Scene,Scene_random_equal4_03_zero,34567,463,0.37517519305681163,0.13263098927969252,0.738014817237854,0.5512353181838989,0.1401410698890686
Scene,Scene_random_equal4_03_zero,34567,469,-0.30444316166741936,0.16312818827204095,0.78207927942276,0.4106220006942749,-0.032569270581007004
Scene,Scene_random_equal4_03_zero,34567,486,0.09183655468056624,0.1353551935847803,0.8154710531234741,0.5363118648529053,0.029615726321935654
Scene,Scene_random_equal4_03_zero,34567,491,0.35854171372593013,0.37832717097495033,0.6419086456298828,0.6470320224761963,0.05732262134552002
Scene,Scene_random_equal4_03_zero,34567,518,0.41922273246182523,0.5176211556590642,0.5202680230140686,0.7223944664001465,0.4093329608440399
Scene,Scene_random_equal4_03_zero,34567,523,0.3207318774625091,0.1404874827022564,0.6460613012313843,0.5580239295959473,0.14070281386375427
Scene,Scene_random_equal4_03_zero,34567,545,0.1352627776472903,0.4077092153447055,0.6733965277671814,0.732573390007019,0.04078911617398262
Scene,Scene_random_equal4_03_zero,34567,551,0.021551211929787976,0.08831624277567608,0.7353552579879761,0.45199429988861084,0.01206853799521923
Scene,Scene_random_equal4_03_zero,34567,568,0.1608757585731922,0.4783285439358586,0.6890692710876465,0.7042208909988403,0.2713480591773987
Scene,Scene_random_equal4_03_zero,34567,620,0.05444552001911647,0.3510395557667911,0.696292519569397,0.765869677066803,0.26322558522224426
Scene,Scene_random_equal4_03_zero,34567,640,-0.06444273346596653,0.1905493161022558,0.8163802623748779,0.6446047425270081,0.15866900980472565
Scene,Scene_random_equal4_03_zero,34567,648,0.388406528499566,0.2632733768099848,0.7019200325012207,0.7582565546035767,0.43168899416923523
Scene,Scene_random_equal4_03_zero,34567,671,-0.22885344329139914,0.36813208093949196,0.6184093356132507,0.7944741249084473,0.4730493724346161
Scene,Scene_random_equal4_03_zero,34567,755,0.06283284918112174,0.28057141430942467,0.7544367909431458,0.7246643304824829,0.4671560227870941
Scene,Scene_random_equal4_03_zero,34567,811,-0.10759199517755944,0.2501537894288287,0.7545918822288513,0.6124639511108398,0.10741744935512543
Scene,Scene_random_equal4_03_zero,34567,821,0.11413803107544866,0.3230119407780636,0.7199957966804504,0.48398536443710327,0.0036875251680612564
Scene,Scene_random_equal4_03_zero,34567,824,-0.13168075499636542,0.10521492481727285,0.8173950910568237,0.5524466037750244,0.13221463561058044
Scene,Scene_random_equal4_03_zero,34567,841,0.26188876740435285,0.30290398383876177,0.8089480400085449,0.3738894760608673,0.013414910063147545
Scene,Scene_random_equal4_03_zero,34567,842,0.18034262078832786,0.28817788812759704,0.7098879814147949,0.7022168040275574,0.10847117751836777
Scene,Scene_random_equal4_03_zero,34567,850,0.039456350285417774,0.2731635814669239,0.7566639184951782,0.5630103349685669,0.7018660306930542
Scene,Scene_random_equal4_03_zero,34567,855,0.3061938749635542,0.4506247261227685,0.6750534772872925,0.6930763721466064,0.0036217160522937775
Scene,Scene_random_equal4_03_zero,34567,872,-0.027511155536812867,0.08171121488129883,0.7571545839309692,0.6486389636993408,0.10114581137895584
Scene,Scene_random_equal4_03_zero,34567,873,0.43890807905323215,0.5231098611842803,0.5705634355545044,0.39758673310279846,0.09062767028808594
Scene,Scene_random_equal4_03_zero,34567,893,0.12137512225108812,0.21555218088392653,0.7884362936019897,0.4128277897834778,0.09441321343183517
Scene,Scene_random_equal4_03_zero,34567,894,0.10414810903575644,0.38158677273992786,0.7566937804222107,0.5990307331085205,0.08898113667964935
Scene,Scene_random_equal4_03_zero,34567,918,0.015408214872059732,0.28608832597856976,0.6725313663482666,0.6704018115997314,0.14464372396469116
Scene,Scene_random_equal4_03_zero,34567,943,0.0897720634218621,0.4987377319469976,0.7045083045959473,0.5340164303779602,0.1522785723209381
Scene,Scene_random_equal4_03_zero,34567,978,0.6863589502621646,0.5464945520921513,0.6381590366363525,0.6440781354904175,0.2004818618297577
Scene,Scene_random_equal4_03_zero,34567,999,0.14081345343959828,0.34084978560572987,0.7065625190734863,0.6449586749076843,0.021425707265734673
Scene,Scene_random_equal4_04_zero,34567,14,0.7478292837434406,0.5742506727317113,0.49974262714385986,0.7192833423614502,0.2565057575702667
Scene,Scene_random_equal4_04_zero,34567,15,-0.03049398951616035,0.4028714621308988,0.7409449219703674,0.8222757577896118,0.1662418246269226
Scene,Scene_random_equal4_04_zero,34567,36,0.14333649885563815,0.23634425959311645,0.6688313484191895,0.690479040145874,0.05695512890815735
Scene,Scene_random_equal4_04_zero,34567,39,-0.28025040124578726,0.3217899729067191,0.4937745928764343,0.6416780948638916,0.32091081142425537
Scene,Scene_random_equal4_04_zero,34567,126,0.2683585584206644,0.44804595102363987,0.6602733731269836,0.8055639266967773,0.3381136655807495
Scene,Scene_random_equal4_04_zero,34567,132,-0.029609266970831914,0.12017696403254725,0.666379988193512,0.61599200963974,0.22755582630634308
Scene,Scene_random_equal4_04_zero,34567,167,0.25689792401914885,0.12744545989350775,0.7352919578552246,0.4731128513813019,0.02073819749057293
Scene,Scene_random_equal4_04_zero,34567,196,-0.0005858109709449159,0.31043221986077874,0.7880967259407043,0.7170435190200806,0.03463786467909813
Scene,Scene_random_equal4_04_zero,34567,199,-0.05808837910349761,0.21677261769654657,0.7932854890823364,0.5506141185760498,0.07091030478477478
Scene,Scene_random_equal4_04_zero,34567,214,0.14463310728130058,0.33743822806186374,0.6694325804710388,0.745778501033783,0.11381681263446808
Scene,Scene_random_equal4_04_zero,34567,241,-0.0852613318820014,0.2229319481341892,0.7725472450256348,0.45105916261672974,0.029430413618683815
Scene,Scene_random_equal4_04_zero,34567,242,0.27074169748056276,0.5329143923671544,0.6563225388526917,0.5137445330619812,0.11011222749948502
Scene,Scene_random_equal4_04_zero,34567,245,0.12184004486503258,0.4616085259777118,0.6926022171974182,0.62324059009552,0.023214777931571007
Scene,Scene_random_equal4_04_zero,34567,249,-0.16327485338850778,0.3592019975778525,0.8080846071243286,0.41837307810783386,0.03595317155122757
Scene,Scene_random_equal4_04_zero,34567,282,0.12894835571701957,0.30511208184791927,0.6338233947753906,0.5040394067764282,0.3091866374015808
Scene,Scene_random_equal4_04_zero,34567,289,0.04317357786729904,0.4030264550526263,0.8102606534957886,0.6629400253295898,0.00900362804532051
Scene,Scene_random_equal4_04_zero,34567,303,0.37343770692988787,0.48507388647641486,0.7472155094146729,0.7586508393287659,0.02902999147772789
Scene,Scene_random_equal4_04_zero,34567,314,-0.3873708088442679,0.1614399136192127,0.849163293838501,0.6782534122467041,0.18546289205551147
Scene,Scene_random_equal4_04_zero,34567,393,0.1068637752681782,0.33938174400773585,0.7094280123710632,0.7607223391532898,0.4775906205177307
Scene,Scene_random_equal4_04_zero,34567,412,0.3925734611819738,0.507978337095648,0.5970479249954224,0.4428766965866089,0.06375336647033691
Scene,Scene_random_equal4_04_zero,34567,442,0.24528327362684688,0.3621179403384279,0.694441556930542,0.7412222623825073,0.1826353371143341
Scene,Scene_random_equal4_04_zero,34567,463,0.35437000884226116,0.12598777904425187,0.7286731004714966,0.512199342250824,0.08609765022993088
Scene,Scene_random_equal4_04_zero,34567,469,-0.2915437632885125,0.16892161801453928,0.7769243121147156,0.42549121379852295,-0.05096413940191269
Scene,Scene_random_equal4_04_zero,34567,486,0.08786200079125389,0.13857808255975015,0.8062841892242432,0.531609296798706,0.03909135237336159
Scene,Scene_random_equal4_04_zero,34567,491,0.36809567503521307,0.3771094131317011,0.6409693360328674,0.6658008098602295,0.04488697648048401
Scene,Scene_random_equal4_04_zero,34567,518,0.36422246113345036,0.3963229391339515,0.5876859426498413,0.7638710737228394,0.4978400468826294
Scene,Scene_random_equal4_04_zero,34567,523,0.307340740599191,0.13925488830342947,0.6253529191017151,0.6011068224906921,0.1575021594762802
Scene,Scene_random_equal4_04_zero,34567,545,0.13116178304738169,0.40959218795985153,0.678273618221283,0.7292969226837158,0.07834923267364502
Scene,Scene_random_equal4_04_zero,34567,551,0.007049068099074694,0.08793875145030057,0.7434351444244385,0.459200918674469,0.02688456140458584
Scene,Scene_random_equal4_04_zero,34567,568,0.1758377367487328,0.49024747716563466,0.6781207919120789,0.7436813712120056,0.2465277910232544
Scene,Scene_random_equal4_04_zero,34567,620,0.0913877512307406,0.3389700260374951,0.6921191215515137,0.7678691148757935,0.3994792103767395
Scene,Scene_random_equal4_04_zero,34567,640,-0.06809580156840055,0.19625387198554967,0.7865769267082214,0.674501895904541,0.10402782261371613
Scene,Scene_random_equal4_04_zero,34567,648,0.3786581697154481,0.26813650350831897,0.7026435136795044,0.767127513885498,0.37027186155319214
Scene,Scene_random_equal4_04_zero,34567,671,-0.22052429225157022,0.3687277469593789,0.6083049178123474,0.7551888227462769,0.37372592091560364
Scene,Scene_random_equal4_04_zero,34567,755,0.048351909288360646,0.27483754632838175,0.7321738004684448,0.7562122344970703,0.442100465297699
Scene,Scene_random_equal4_04_zero,34567,811,-0.11263934098184901,0.2480337210301441,0.7812371850013733,0.5934567451477051,0.08241517096757889
Scene,Scene_random_equal4_04_zero,34567,821,0.11100402510981063,0.31679777273353354,0.7413007616996765,0.48146578669548035,0.02194606512784958
Scene,Scene_random_equal4_04_zero,34567,824,-0.11558547117508453,0.10164093295133253,0.8042479157447815,0.536513090133667,0.14045758545398712
Scene,Scene_random_equal4_04_zero,34567,841,0.201747917360221,0.29142926034638844,0.8189518451690674,0.39300021529197693,0.017922740429639816
Scene,Scene_random_equal4_04_zero,34567,842,0.20001758518071613,0.2911800421111146,0.7307393550872803,0.7056849002838135,0.04764052480459213
Scene,Scene_random_equal4_04_zero,34567,850,0.049970490058992824,0.2728775594988783,0.765911340713501,0.5761008858680725,0.6968322396278381
Scene,Scene_random_equal4_04_zero,34567,855,0.2795689872876977,0.4348131360525529,0.6885371208190918,0.7076330184936523,-0.0010439828038215637
Scene,Scene_random_equal4_04_zero,34567,872,-0.13173809132232242,0.09027017875271491,0.76537024974823,0.6163787245750427,0.2808836102485657
Scene,Scene_random_equal4_04_zero,34567,873,0.46948642405571356,0.5186051766045128,0.5667649507522583,0.34578317403793335,0.05403479188680649
Scene,Scene_random_equal4_04_zero,34567,893,0.09996646735824065,0.2097459883301802,0.7909817695617676,0.4418109059333801,0.07799357175827026
Scene,Scene_random_equal4_04_zero,34567,894,0.15609755956727878,0.38267837909893543,0.7306118011474609,0.5908899307250977,0.06120322644710541
Scene,Scene_random_equal4_04_zero,34567,918,0.02676936747763199,0.2790625731379922,0.6761050224304199,0.710211992263794,0.22377213835716248
Scene,Scene_random_equal4_04_zero,34567,943,0.07608284661979225,0.49587759749658805,0.6718754768371582,0.5250751376152039,0.18583989143371582
Scene,Scene_random_equal4_04_zero,34567,978,0.6882100442098321,0.54933169192528,0.6245304346084595,0.6523016095161438,0.250641405582428
Scene,Scene_random_equal4_04_zero,34567,999,0.14485146775709157,0.3464963462736925,0.6978856921195984,0.6828431487083435,0.02691188082098961
Scene,Scene_random_equal4_05_zero,34567,14,0.606097573757425,0.49605651993322364,0.5430148243904114,0.7789671421051025,0.37286949157714844
Scene,Scene_random_equal4_05_zero,34567,15,-0.02352257441111787,0.40455058930129584,0.7309793829917908,0.8096723556518555,0.1753655970096588
Scene,Scene_random_equal4_05_zero,34567,36,0.12414559415659214,0.2173460602824002,0.6684298515319824,0.7184018492698669,0.08105850219726562
Scene,Scene_random_equal4_05_zero,34567,39,-0.19920192727178418,0.31879270685351796,0.46792083978652954,0.679959774017334,0.34085679054260254
Scene,Scene_random_equal4_05_zero,34567,126,0.14688360124808528,0.40304378319448514,0.6679292321205139,0.7875251173973083,0.34090644121170044
Scene,Scene_random_equal4_05_zero,34567,132,-0.03051697663643895,0.11622395193365388,0.6775885820388794,0.5759658217430115,0.2867431938648224
Scene,Scene_random_equal4_05_zero,34567,167,0.23982294866204185,0.12357528804049263,0.7384308576583862,0.4869084358215332,0.0176918376237154
Scene,Scene_random_equal4_05_zero,34567,196,0.005039157198788205,0.32396132972230174,0.7591047883033752,0.6950700283050537,0.06110534816980362
Scene,Scene_random_equal4_05_zero,34567,199,0.1539537109010007,0.18497897379102915,0.7949917912483215,0.6034482717514038,-0.026832539588212967
Scene,Scene_random_equal4_05_zero,34567,214,0.13040678228210892,0.3479175021309814,0.681901752948761,0.6465508937835693,0.06186492368578911
Scene,Scene_random_equal4_05_zero,34567,241,-0.09725401883365953,0.21331773286862107,0.7775365114212036,0.47309091687202454,0.052901461720466614
Scene,Scene_random_equal4_05_zero,34567,242,0.2665492292247186,0.5291606655727884,0.6486811637878418,0.5983067154884338,0.05344671383500099
Scene,Scene_random_equal4_05_zero,34567,245,0.12528797626724875,0.4591012405759413,0.6967528462409973,0.6235499382019043,0.013370818458497524
Scene,Scene_random_equal4_05_zero,34567,249,-0.15163577185197152,0.3486601836301016,0.8066093325614929,0.4134228825569153,0.029869575053453445
Scene,Scene_random_equal4_05_zero,34567,282,0.10228307264900025,0.30462700186438546,0.6329312324523926,0.6370179653167725,0.37016916275024414
Scene,Scene_random_equal4_05_zero,34567,289,0.05282934412006576,0.4092964049522785,0.8110027313232422,0.6569430232048035,0.018233224749565125
Scene,Scene_random_equal4_05_zero,34567,303,0.3988057099978704,0.5024257021294157,0.766964316368103,0.7304505109786987,0.028055701404809952
Scene,Scene_random_equal4_05_zero,34567,314,-0.3503355373633338,0.16402333961654558,0.8621934652328491,0.7049685120582581,0.2862451374530792
Scene,Scene_random_equal4_05_zero,34567,393,0.08620104042865945,0.3371229525726136,0.7086372375488281,0.7757415175437927,0.4912267327308655
Scene,Scene_random_equal4_05_zero,34567,412,0.3975345296466082,0.48744587887120955,0.603573739528656,0.494340717792511,0.08163315057754517
Scene,Scene_random_equal4_05_zero,34567,442,0.21453810597752893,0.3304859205170799,0.6864466071128845,0.7112749814987183,0.19070392847061157
Scene,Scene_random_equal4_05_zero,34567,463,0.3549898658862175,0.12271941097101736,0.7406190633773804,0.607228696346283,0.15146173536777496
Scene,Scene_random_equal4_05_zero,34567,469,-0.23466745575352438,0.17436069960251832,0.7651699185371399,0.4411710500717163,-0.006789017003029585
Scene,Scene_random_equal4_05_zero,34567,486,0.09922755598877708,0.14507871422182608,0.7923399209976196,0.5351601839065552,0.026483897119760513
Scene,Scene_random_equal4_05_zero,34567,491,0.36280706583963096,0.3732314891416991,0.6283577680587769,0.6350882053375244,0.09198443591594696
Scene,Scene_random_equal4_05_zero,34567,518,0.37402074157992904,0.46624164773083754,0.5652944445610046,0.7563881278038025,0.4924977123737335
Scene,Scene_random_equal4_05_zero,34567,523,0.3445766245046637,0.1514186363751704,0.6494333744049072,0.5961207151412964,0.1349693238735199
Scene,Scene_random_equal4_05_zero,34567,545,0.17208503689559854,0.3173345946462856,0.6903413534164429,0.4850136339664459,0.02395356446504593
Scene,Scene_random_equal4_05_zero,34567,551,0.017728425416532308,0.08818498320125977,0.7289935350418091,0.44090181589126587,0.030505819246172905
Scene,Scene_random_equal4_05_zero,34567,568,0.1493670850009356,0.4783871762712468,0.71053546667099,0.6786539554595947,0.2847384214401245
Scene,Scene_random_equal4_05_zero,34567,620,0.09760653276812166,0.3389895160242763,0.7034949064254761,0.8036762475967407,0.324099600315094
Scene,Scene_random_equal4_05_zero,34567,640,-0.06462504025974439,0.19909569286053314,0.777586817741394,0.6894896030426025,0.17773237824440002
Scene,Scene_random_equal4_05_zero,34567,648,0.3846246250009713,0.26664802396326626,0.6850290298461914,0.7691710591316223,0.31875544786453247
Scene,Scene_random_equal4_05_zero,34567,671,-0.25894132263128694,0.3674507864368247,0.6362205147743225,0.8149609565734863,0.4158092737197876
Scene,Scene_random_equal4_05_zero,34567,755,0.03135850264878622,0.2694231982864033,0.7734026908874512,0.7909972071647644,0.49111056327819824
Scene,Scene_random_equal4_05_zero,34567,811,-0.11818198125714824,0.23994291772640794,0.7615364789962769,0.5526667237281799,0.10879690945148468
Scene,Scene_random_equal4_05_zero,34567,821,0.08367628416335976,0.30577910883403897,0.7281150817871094,0.46755295991897583,0.008289538323879242
Scene,Scene_random_equal4_05_zero,34567,824,-0.10496867028827678,0.11180855907845143,0.8482679128646851,0.5204341411590576,0.13269594311714172
Scene,Scene_random_equal4_05_zero,34567,841,0.17482489988647434,0.2846816542273461,0.7859437465667725,0.39614760875701904,0.06113537400960922
Scene,Scene_random_equal4_05_zero,34567,842,0.19002525161355827,0.3011042406747205,0.7246235609054565,0.6928019523620605,0.07345419377088547
Scene,Scene_random_equal4_05_zero,34567,850,0.03212459630665093,0.2778775536624072,0.750111997127533,0.5769202709197998,0.7133567929267883
Scene,Scene_random_equal4_05_zero,34567,855,0.30382433759679023,0.43600529468465965,0.6694478392601013,0.7176592350006104,0.021536774933338165
Scene,Scene_random_equal4_05_zero,34567,872,-0.0746249941821097,0.08616185003186339,0.7473143935203552,0.5891271233558655,0.13269901275634766
Scene,Scene_random_equal4_05_zero,34567,873,0.44077356114205657,0.4868287089437011,0.6199406385421753,0.3823431134223938,0.0572398379445076
Scene,Scene_random_equal4_05_zero,34567,893,0.1354103271299796,0.21901898926845823,0.8066602349281311,0.38520967960357666,0.06282231211662292
Scene,Scene_random_equal4_05_zero,34567,894,0.0967799384170479,0.3749866207093264,0.7521945834159851,0.5985463261604309,0.05111394077539444
Scene,Scene_random_equal4_05_zero,34567,918,0.014327160886550828,0.28306641213340733,0.6716487407684326,0.6855098605155945,0.1701539158821106
Scene,Scene_random_equal4_05_zero,34567,943,0.08617624155917317,0.4958315130884425,0.691763699054718,0.5338062644004822,0.15962709486484528
Scene,Scene_random_equal4_05_zero,34567,978,0.4845068666112585,0.56878286915179,0.6429226994514465,0.6766215562820435,0.6509859561920166
Scene,Scene_random_equal4_05_zero,34567,999,0.13434029456257204,0.3528773870094546,0.7166070342063904,0.6775026321411133,0.009940620511770248
Scene,Scene_random_full_01_zero,34567,14,0.7437204739198449,0.5800039113602012,0.48659029603004456,0.7408742904663086,0.31450897455215454
Scene,Scene_random_full_01_zero,34567,15,-0.0474113270495293,0.4031381263904952,0.6944321393966675,0.8257338404655457,0.3004720211029053
Scene,Scene_random_full_01_zero,34567,36,0.09851292593597649,0.25375018998574317,0.6470887064933777,0.7202290296554565,0.2785186171531677
Scene,Scene_random_full_01_zero,34567,39,-0.2826594239582604,0.32513561224197557,0.4952664375305176,0.6978927850723267,0.2842833995819092
Scene,Scene_random_full_01_zero,34567,126,0.24748794868426707,0.43806978237473165,0.6744043827056885,0.7960321307182312,0.3527379333972931
Scene,Scene_random_full_01_zero,34567,132,-0.032218807260790655,0.12949587775572935,0.6872110962867737,0.5360879302024841,0.2676903307437897
Scene,Scene_random_full_01_zero,34567,167,0.17891592473304715,0.11642512493815149,0.7372504472732544,0.4561718702316284,0.011710917577147484
Scene,Scene_random_full_01_zero,34567,196,0.0010190877727482928,0.33204192518100184,0.7707629203796387,0.7296491861343384,0.0333213247358799
Scene,Scene_random_full_01_zero,34567,199,-0.031516288706849346,0.21823941967708815,0.7822510600090027,0.5759357810020447,0.11177588999271393
Scene,Scene_random_full_01_zero,34567,214,0.10136936942740589,0.31973517242972666,0.6863681674003601,0.7462488412857056,0.18543386459350586
Scene,Scene_random_full_01_zero,34567,241,0.04506880309789626,0.22539135865036708,0.7507266998291016,0.5300158262252808,0.03932818025350571
Scene,Scene_random_full_01_zero,34567,242,0.33550253425802606,0.5528174849144138,0.6438549160957336,0.6252847909927368,0.11251518875360489
Scene,Scene_random_full_01_zero,34567,245,0.056771643991730014,0.47081300506092544,0.6457318067550659,0.5857398509979248,0.04626897722482681
Scene,Scene_random_full_01_zero,34567,249,-0.1393702521896605,0.3743381741394614,0.7873069047927856,0.4021798372268677,0.03525200113654137
Scene,Scene_random_full_01_zero,34567,282,0.12414087984669914,0.3101142379599695,0.6336131691932678,0.3986475169658661,0.170845627784729
Scene,Scene_random_full_01_zero,34567,289,0.08638942113086345,0.39712974808128654,0.802678108215332,0.6587842702865601,0.0009654983878135681
Scene,Scene_random_full_01_zero,34567,303,0.27640756001800754,0.4753541956614777,0.7040092945098877,0.6392024755477905,-0.055259447544813156
Scene,Scene_random_full_01_zero,34567,314,-0.31821417166269145,0.10426609285380146,0.7838513851165771,0.5017834901809692,-0.007633501663804054
Scene,Scene_random_full_01_zero,34567,393,0.26074879743873725,0.33955124126649083,0.6748421788215637,0.6943422555923462,0.48626917600631714
Scene,Scene_random_full_01_zero,34567,412,0.4413476224793983,0.5504072753378326,0.5699177980422974,0.44689393043518066,0.077032670378685
Scene,Scene_random_full_01_zero,34567,442,0.23171576992862056,0.3379479344783394,0.7010327577590942,0.7872432470321655,0.15304088592529297
Scene,Scene_random_full_01_zero,34567,463,0.21493590991488545,0.11447643976445097,0.7493818402290344,0.33650311827659607,0.14454634487628937
Scene,Scene_random_full_01_zero,34567,469,-0.2587569218171104,0.17292488993235985,0.7918547987937927,0.45344215631484985,-0.06182897463440895
Scene,Scene_random_full_01_zero,34567,486,0.09728127854111711,0.13455815629147652,0.8032098412513733,0.5304735898971558,0.027403991669416428
Scene,Scene_random_full_01_zero,34567,491,0.3692965377189192,0.37159679741081203,0.6402267813682556,0.6445243954658508,0.15530326962471008
Scene,Scene_random_full_01_zero,34567,518,0.3525904533746476,0.39606956690305417,0.6096089482307434,0.7546262741088867,0.3922702670097351
Scene,Scene_random_full_01_zero,34567,523,0.2637409161119796,0.10881962123636504,0.6564528942108154,0.6366782784461975,0.24190202355384827
Scene,Scene_random_full_01_zero,34567,545,0.11030736248607723,0.4199719718555758,0.7253850102424622,0.7307229042053223,0.06568047404289246
Scene,Scene_random_full_01_zero,34567,551,0.010673399870519379,0.08623013738467038,0.7496504187583923,0.44876569509506226,0.0346129946410656
Scene,Scene_random_full_01_zero,34567,568,0.1564915322365423,0.48049546160116335,0.6744386553764343,0.7995409965515137,0.2999308705329895
Scene,Scene_random_full_01_zero,34567,620,-0.02527785306038168,0.4061711260629877,0.6997460126876831,0.6728599071502686,0.23063449561595917
Scene,Scene_random_full_01_zero,34567,640,-0.07282417220739662,0.1976443926114581,0.8573770523071289,0.5642272233963013,0.03796140104532242
Scene,Scene_random_full_01_zero,34567,648,0.36791609055818886,0.2498614475544158,0.7004006505012512,0.7002485990524292,0.18493624031543732
Scene,Scene_random_full_01_zero,34567,671,-0.22589377452245119,0.3484558299004555,0.5952117443084717,0.7957620024681091,0.452217698097229
Scene,Scene_random_full_01_zero,34567,755,0.2957787597904156,0.3739856549118125,0.6547956466674805,0.7202464938163757,0.2227596789598465
Scene,Scene_random_full_01_zero,34567,811,-0.08486871152015187,0.2682193412801745,0.7788740396499634,0.6216705441474915,0.09567441046237946
Scene,Scene_random_full_01_zero,34567,821,0.012865797718840976,0.3084115035939769,0.7232617735862732,0.48068827390670776,0.012732523493468761
Scene,Scene_random_full_01_zero,34567,824,-0.12641082905833406,0.10694891965805414,0.8100227117538452,0.5481230020523071,0.07463641464710236
Scene,Scene_random_full_01_zero,34567,841,0.19563216088411844,0.2852042394418211,0.7925364375114441,0.4140555262565613,0.032816994935274124
Scene,Scene_random_full_01_zero,34567,842,0.18463773923952725,0.284543889557348,0.7280235886573792,0.7554308772087097,0.09499098360538483
Scene,Scene_random_full_01_zero,34567,850,0.03000777446520937,0.25584847998325266,0.7490167021751404,0.6349465250968933,0.6219455003738403
Scene,Scene_random_full_01_zero,34567,855,0.2546806008839274,0.44706823719757677,0.6853328347206116,0.7470345497131348,0.025041528046131134
Scene,Scene_random_full_01_zero,34567,872,-0.03773949015065851,0.07751932820950472,0.6989136934280396,0.3918580710887909,-0.0014064572751522064
Scene,Scene_random_full_01_zero,34567,873,0.5418357733526158,0.5136725828612403,0.5619005560874939,0.4156924784183502,0.05695093423128128
Scene,Scene_random_full_01_zero,34567,893,0.10602736963605788,0.21504116060444237,0.8285691142082214,0.4810086488723755,0.058945149183273315
Scene,Scene_random_full_01_zero,34567,894,0.19676142439363944,0.38313234936814056,0.7199434638023376,0.5735207200050354,0.03375902771949768
Scene,Scene_random_full_01_zero,34567,918,-0.024702982038984682,0.2991385765077861,0.6652480363845825,0.6809417605400085,0.2337987720966339
Scene,Scene_random_full_01_zero,34567,943,0.07185417814100156,0.49364273623731203,0.6782642602920532,0.5148484706878662,0.23085421323776245
Scene,Scene_random_full_01_zero,34567,978,0.6379810234601612,0.4787979486162785,0.6954022645950317,0.4394351840019226,0.040220633149147034
Scene,Scene_random_full_01_zero,34567,999,0.12844258530636588,0.3423824981923091,0.6867093443870544,0.700628399848938,0.02591683156788349
Scene,Scene_random_full_02_zero,34567,14,0.5296532962047047,0.519568505152503,0.5244238376617432,0.5994037389755249,0.22735993564128876
Scene,Scene_random_full_02_zero,34567,15,0.03138751461477843,0.3809964938192715,0.7396351099014282,0.7935514450073242,0.1995539367198944
Scene,Scene_random_full_02_zero,34567,36,0.10683385890478589,0.23608177527168125,0.6441011428833008,0.690962553024292,0.24513530731201172
Scene,Scene_random_full_02_zero,34567,39,-0.37019283651470447,0.3092787201327154,0.4653394818305969,0.670636773109436,0.3748689889907837
Scene,Scene_random_full_02_zero,34567,126,0.1280106879152033,0.4334765166158285,0.6676432490348816,0.8015741109848022,0.3437004089355469
Scene,Scene_random_full_02_zero,34567,132,-0.05047809305689702,0.11958592220343918,0.6600279808044434,0.5227899551391602,0.25479835271835327
Scene,Scene_random_full_02_zero,34567,167,0.16750862009106388,0.10892514830139782,0.7142224311828613,0.44539016485214233,-0.02337665483355522
Scene,Scene_random_full_02_zero,34567,196,-0.009001876368640157,0.2988789971060488,0.77762371301651,0.7010524868965149,0.05297911912202835
Scene,Scene_random_full_02_zero,34567,199,0.1620637942557378,0.19156070001522021,0.7267627716064453,0.6449815034866333,0.09453429281711578
Scene,Scene_random_full_02_zero,34567,214,0.12199048924772009,0.3306235871132808,0.6549355983734131,0.7278361320495605,0.06426779925823212
Scene,Scene_random_full_02_zero,34567,241,-0.02848423351711862,0.2469715061389599,0.7625237703323364,0.442892849445343,0.010459434241056442
Scene,Scene_random_full_02_zero,34567,242,0.0777499588654101,0.50912165222294,0.7978375554084778,0.5291115045547485,-0.018314307555556297
Scene,Scene_random_full_02_zero,34567,245,0.11989752085674205,0.4804480356919539,0.6819739937782288,0.6634496450424194,0.10732026398181915
Scene,Scene_random_full_02_zero,34567,249,-0.09299483828975669,0.3747707519947649,0.7857717275619507,0.41090482473373413,0.0034205783158540726
Scene,Scene_random_full_02_zero,34567,282,-0.014305714202199246,0.2768101163013637,0.6714393496513367,0.45169228315353394,0.0887693390250206
Scene,Scene_random_full_02_zero,34567,289,0.03324083708541312,0.40570730716576875,0.8104898929595947,0.6618660688400269,0.03635845705866814
Scene,Scene_random_full_02_zero,34567,303,0.3388887239399856,0.5012578209879804,0.7094438076019287,0.6490654945373535,0.018138132989406586
Scene,Scene_random_full_02_zero,34567,314,-0.15930154216361336,0.16385491531336663,0.7871394157409668,0.4871932566165924,0.007758822292089462
Scene,Scene_random_full_02_zero,34567,393,0.2334012276353678,0.3433862169473434,0.6640012860298157,0.7023904323577881,0.49006691575050354
Scene,Scene_random_full_02_zero,34567,412,0.381044993537883,0.48168960430165353,0.6264174580574036,0.4491279721260071,0.01663435995578766
Scene,Scene_random_full_02_zero,34567,442,0.24814868398437603,0.3360277968630274,0.7054952383041382,0.7338140606880188,0.09947504103183746
Scene,Scene_random_full_02_zero,34567,463,0.3048279371398323,0.12240207325146668,0.7171639800071716,0.6440420150756836,0.19230592250823975
Scene,Scene_random_full_02_zero,34567,469,-0.26599266168887464,0.16678487186652768,0.7487975358963013,0.4505274295806885,0.027823545038700104
Scene,Scene_random_full_02_zero,34567,486,0.08768559027449964,0.14077897965279088,0.8220181465148926,0.5093744993209839,0.024361783638596535
Scene,Scene_random_full_02_zero,34567,491,0.4046707731068568,0.37065921759002446,0.6225541830062866,0.7450791001319885,0.1246182918548584
Scene,Scene_random_full_02_zero,34567,518,0.20149645007115335,0.366409236899045,0.6839638948440552,0.6614543199539185,0.17783671617507935
Scene,Scene_random_full_02_zero,34567,523,0.38239161428900453,0.15298728578935197,0.6676084995269775,0.6069495677947998,0.19403092563152313
Scene,Scene_random_full_02_zero,34567,545,0.10991180652923797,0.4182689348572681,0.7269642353057861,0.7383512258529663,0.03972117602825165
Scene,Scene_random_full_02_zero,34567,551,0.031958849683343483,0.08723673720960175,0.7594420909881592,0.4553585648536682,0.03871922940015793
Scene,Scene_random_full_02_zero,34567,568,0.13962158876499298,0.4731754266139169,0.66672283411026,0.7070773839950562,0.33847877383232117
Scene,Scene_random_full_02_zero,34567,620,0.11470515340961672,0.41606889800038716,0.6652823090553284,0.7139867544174194,0.1820375919342041
Scene,Scene_random_full_02_zero,34567,640,-0.03147138238562867,0.19056414936284988,0.7193886041641235,0.5161771178245544,0.028089962899684906
Scene,Scene_random_full_02_zero,34567,648,0.3631445810171423,0.22690276658900843,0.6773514151573181,0.8338265419006348,0.279760479927063
Scene,Scene_random_full_02_zero,34567,671,-0.16868482571627674,0.3637232264678219,0.609424352645874,0.7688106298446655,0.4144265651702881
Scene,Scene_random_full_02_zero,34567,755,0.2726248787092796,0.3848526440490677,0.6706790924072266,0.7777285575866699,0.5075851082801819
Scene,Scene_random_full_02_zero,34567,811,-0.07187547168849621,0.2621527996104678,0.7916163802146912,0.6427754759788513,0.2490006685256958
Scene,Scene_random_full_02_zero,34567,821,0.13110805884569235,0.3235489706135596,0.70567786693573,0.4996262192726135,0.0346752367913723
Scene,Scene_random_full_02_zero,34567,824,-0.15487427668009593,0.11332409657055886,0.8187093734741211,0.49746328592300415,0.09399037063121796
Scene,Scene_random_full_02_zero,34567,841,0.1528274595885079,0.26715247961645416,0.7926984429359436,0.3985065519809723,0.031077587977051735
Scene,Scene_random_full_02_zero,34567,842,0.1923170894928158,0.2670256924423602,0.6842870712280273,0.7803316712379456,0.07386833429336548
Scene,Scene_random_full_02_zero,34567,850,0.022915545488267405,0.26033162993525594,0.7557529211044312,0.6189168095588684,0.69938063621521
Scene,Scene_random_full_02_zero,34567,855,0.28303698331468075,0.4381132284314726,0.6796802282333374,0.7053155899047852,-0.01060379296541214
Scene,Scene_random_full_02_zero,34567,872,-0.01487292716887956,0.0840109016391186,0.7616415023803711,0.6360346078872681,0.16137462854385376
Scene,Scene_random_full_02_zero,34567,873,0.37654291216015356,0.49711612553422824,0.6215963959693909,0.37017136812210083,0.069720558822155
Scene,Scene_random_full_02_zero,34567,893,0.22229937697879815,0.2188093676548653,0.7637046575546265,0.390508770942688,0.03719285875558853
Scene,Scene_random_full_02_zero,34567,894,0.09026254469790987,0.3704672559815973,0.7378575205802917,0.6588592529296875,0.15026193857192993
Scene,Scene_random_full_02_zero,34567,918,0.005473933008342313,0.2892477145786519,0.6691081523895264,0.7499827742576599,0.18024961650371552
Scene,Scene_random_full_02_zero,34567,943,0.041096935306912934,0.48728421265774985,0.7008795142173767,0.5241810083389282,0.15842264890670776
Scene,Scene_random_full_02_zero,34567,978,0.3951224588838254,0.537030164011305,0.6276606321334839,0.5978327393531799,0.08050145208835602
Scene,Scene_random_full_02_zero,34567,999,0.10416554686020728,0.32131937273140715,0.7027953267097473,0.7184152007102966,0.013446008786559105
Scene,Scene_random_full_03_zero,34567,14,0.6245775956456507,0.5574459075892096,0.5514044761657715,0.49798598885536194,0.057398177683353424
Scene,Scene_random_full_03_zero,34567,15,-0.015890095759566156,0.41832980857428675,0.8009217381477356,0.8337626457214355,0.08223095536231995
Scene,Scene_random_full_03_zero,34567,36,0.13748555815572794,0.2384454472040461,0.649581789970398,0.7579958438873291,0.33766376972198486
Scene,Scene_random_full_03_zero,34567,39,-0.4165940787443841,0.3437743845688556,0.5236216187477112,0.6446911096572876,0.15639165043830872
Scene,Scene_random_full_03_zero,34567,126,0.11897062105875712,0.4112820087574386,0.6401951313018799,0.7939572930335999,0.3273840546607971
Scene,Scene_random_full_03_zero,34567,132,-0.03381101824329047,0.12313668630743507,0.6663193106651306,0.6283189654350281,0.2299617975950241
Scene,Scene_random_full_03_zero,34567,167,0.22759035627100554,0.11986437974670888,0.7316983342170715,0.4748377799987793,-0.002540845423936844
Scene,Scene_random_full_03_zero,34567,196,0.003532396705753346,0.32545837762855284,0.7942190766334534,0.7190195322036743,0.053825438022613525
Scene,Scene_random_full_03_zero,34567,199,-0.00045100713740397114,0.2305851247949127,0.7778588533401489,0.5167858600616455,0.028057478368282318
Scene,Scene_random_full_03_zero,34567,214,0.13235240536615459,0.34137672673435826,0.6866242289543152,0.7278334498405457,0.3071947693824768
Scene,Scene_random_full_03_zero,34567,241,0.04829528073568699,0.32801301971515046,0.7544711828231812,0.44457679986953735,0.05241889879107475
Scene,Scene_random_full_03_zero,34567,242,0.27871549245694693,0.560900374475245,0.6340267658233643,0.5277909636497498,0.06150701642036438
Scene,Scene_random_full_03_zero,34567,245,0.1272939660753319,0.4634989709768463,0.6885496973991394,0.599959135055542,0.018514882773160934
Scene,Scene_random_full_03_zero,34567,249,-0.12949023834425705,0.350462733314694,0.7859415411949158,0.3830942213535309,0.07864050567150116
Scene,Scene_random_full_03_zero,34567,282,0.14756399258094896,0.3182163961978563,0.6093313097953796,0.4521440267562866,0.09944508969783783
Scene,Scene_random_full_03_zero,34567,289,0.06997224443920744,0.41512090514588795,0.7979406118392944,0.6462820172309875,0.06854505091905594
Scene,Scene_random_full_03_zero,34567,303,0.3244807626073544,0.4925709105939152,0.7359623908996582,0.7170944213867188,0.027959009632468224
Scene,Scene_random_full_03_zero,34567,314,-0.10448072478161761,0.20708827030491322,0.8688427805900574,0.5486968755722046,0.006563951261341572
Scene,Scene_random_full_03_zero,34567,393,0.29526928002695857,0.3671418600507211,0.7059903144836426,0.635877251625061,0.15568780899047852
Scene,Scene_random_full_03_zero,34567,412,0.3793191774878058,0.4955656194016352,0.6052324175834656,0.4551700949668884,0.08901703357696533
Scene,Scene_random_full_03_zero,34567,442,0.22786644917923385,0.3495908709328695,0.7384638786315918,0.7530115246772766,0.2637508809566498
Scene,Scene_random_full_03_zero,34567,463,0.36311444923754344,0.13829713369798197,0.7305835485458374,0.5375950336456299,0.07388454675674438
Scene,Scene_random_full_03_zero,34567,469,-0.330828041822139,0.15341860614658412,0.7869449853897095,0.3451615869998932,-0.012864896096289158
Scene,Scene_random_full_03_zero,34567,486,0.04374769153623281,0.13642544908055312,0.8006347417831421,0.5122579336166382,0.04371001571416855
Scene,Scene_random_full_03_zero,34567,491,0.34012227220643226,0.36330060548693577,0.6510797142982483,0.6633979082107544,0.07926496863365173
Scene,Scene_random_full_03_zero,34567,518,0.36399917875014853,0.3726007210916412,0.6212027072906494,0.8006480932235718,0.4666949212551117
Scene,Scene_random_full_03_zero,34567,523,0.2954675614613499,0.1428741868059772,0.6821374893188477,0.5020217895507812,0.1625610589981079
Scene,Scene_random_full_03_zero,34567,545,0.14978818377278752,0.39101693612832794,0.7147836685180664,0.7068815231323242,0.05621306598186493
Scene,Scene_random_full_03_zero,34567,551,0.08783033622832041,0.07691507674484387,0.6154791116714478,0.6584819555282593,0.058770909905433655
Scene,Scene_random_full_03_zero,34567,568,0.10134758538751619,0.4883489987123818,0.699218213558197,0.7335901856422424,0.2451125681400299
Scene,Scene_random_full_03_zero,34567,620,0.06134573304937131,0.45353297994172176,0.6723883748054504,0.6774139404296875,0.33718860149383545
Scene,Scene_random_full_03_zero,34567,640,-0.08041585871976789,0.1904472352770117,0.8093851804733276,0.6407489776611328,0.16667762398719788
Scene,Scene_random_full_03_zero,34567,648,0.39372254741862184,0.2659922388911394,0.6768290996551514,0.8102190494537354,0.4461546242237091
Scene,Scene_random_full_03_zero,34567,671,-0.20603821714911727,0.3795758512829294,0.6589078307151794,0.7447027564048767,0.37912288308143616
Scene,Scene_random_full_03_zero,34567,755,0.09622128802301735,0.3012791480921117,0.7292795777320862,0.6916881799697876,0.3377729058265686
Scene,Scene_random_full_03_zero,34567,811,-0.1032302818225846,0.2480330547721443,0.7621100544929504,0.5505475997924805,0.051620062440633774
Scene,Scene_random_full_03_zero,34567,821,0.13721145232988363,0.3213622244182701,0.6891340017318726,0.42088043689727783,0.05993177369236946
Scene,Scene_random_full_03_zero,34567,824,-0.13457150957795366,0.10945821135308378,0.8306634426116943,0.5132392644882202,0.1380205750465393
Scene,Scene_random_full_03_zero,34567,841,0.19064035486018438,0.29933574028730603,0.8027097582817078,0.40925586223602295,0.024185292422771454
Scene,Scene_random_full_03_zero,34567,842,0.21022942553949878,0.29010078672663125,0.7222183346748352,0.7296111583709717,0.065514475107193
Scene,Scene_random_full_03_zero,34567,850,0.005404759310322778,0.2840429251211507,0.7576063871383667,0.5523528456687927,0.6717863082885742
Scene,Scene_random_full_03_zero,34567,855,0.2526927259583405,0.4443131678249566,0.6915168762207031,0.6810277104377747,0.003444768488407135
Scene,Scene_random_full_03_zero,34567,872,-0.13417511729875595,0.08892126142205638,0.7585545778274536,0.6395986080169678,0.278830885887146
Scene,Scene_random_full_03_zero,34567,873,0.4075050872464595,0.5220493625920843,0.6027579307556152,0.33921152353286743,0.08386539667844772
Scene,Scene_random_full_03_zero,34567,893,0.14613538997671785,0.2134353036074719,0.7913925051689148,0.3906126618385315,0.1092602089047432
Scene,Scene_random_full_03_zero,34567,894,0.1443884819001759,0.3861894443894488,0.761775553226471,0.5721348524093628,0.027404263615608215
Scene,Scene_random_full_03_zero,34567,918,0.10596320240936671,0.2958123974012048,0.6790569424629211,0.7458288073539734,0.21961340308189392
Scene,Scene_random_full_03_zero,34567,943,0.06434384911921259,0.49536223880840385,0.7145472168922424,0.5099182724952698,0.15827932953834534
Scene,Scene_random_full_03_zero,34567,978,0.6544800768548318,0.5279378301933088,0.6744781732559204,0.5365578532218933,0.0668487548828125
Scene,Scene_random_full_03_zero,34567,999,0.12287386587307335,0.3255460752550616,0.7155183553695679,0.697778582572937,0.024566028267145157
Scene,Scene_random_full_04_zero,34567,14,0.6009869420839161,0.4918406931348752,0.5438529253005981,0.7723555564880371,0.47290903329849243
Scene,Scene_random_full_04_zero,34567,15,-0.032565977115472974,0.4021004626853072,0.7418128848075867,0.804719865322113,0.19048327207565308
Scene,Scene_random_full_04_zero,34567,36,0.13267916949307246,0.23406604404217315,0.6464055180549622,0.7021489143371582,0.164657324552536
Scene,Scene_random_full_04_zero,34567,39,-0.22638948776193557,0.3081510780506022,0.46563494205474854,0.6870061755180359,0.4456261396408081
Scene,Scene_random_full_04_zero,34567,126,0.15181638674193146,0.4275283946734209,0.6614434719085693,0.8346575498580933,0.4068495035171509
Scene,Scene_random_full_04_zero,34567,132,-0.05203906491494211,0.12085967542516972,0.6708777546882629,0.5656381845474243,0.29108238220214844
Scene,Scene_random_full_04_zero,34567,167,0.22728121087533662,0.11926559956568906,0.7285462617874146,0.4361077845096588,0.008500466123223305
Scene,Scene_random_full_04_zero,34567,196,-0.03953905457643473,0.32296174273063477,0.7867141962051392,0.6985890865325928,0.06674139946699142
Scene,Scene_random_full_04_zero,34567,199,0.19206617639419132,0.20934998235583566,0.7498230934143066,0.6557695865631104,-0.02462315931916237
Scene,Scene_random_full_04_zero,34567,214,0.09083823513247498,0.32767595805845146,0.6806157231330872,0.7730846405029297,0.3044675588607788
Scene,Scene_random_full_04_zero,34567,241,-0.09396588264998873,0.23588692372307166,0.7978482246398926,0.4426162540912628,0.025806520134210587
Scene,Scene_random_full_04_zero,34567,242,0.24605075895598413,0.526873584628284,0.6260691285133362,0.5310028791427612,0.11627824604511261
Scene,Scene_random_full_04_zero,34567,245,0.16589909764411723,0.4638941619346586,0.6776759624481201,0.592656135559082,0.00202870462089777
Scene,Scene_random_full_04_zero,34567,249,-0.15171981854202798,0.3464721791641243,0.8004200458526611,0.4467235207557678,0.030032549053430557
Scene,Scene_random_full_04_zero,34567,282,0.1186595015882573,0.29564070555542876,0.6359678506851196,0.3932759463787079,0.08403212577104568
Scene,Scene_random_full_04_zero,34567,289,0.09377130399868734,0.39483686876554236,0.8011203408241272,0.6367874145507812,0.015010900795459747
Scene,Scene_random_full_04_zero,34567,303,0.381023982987812,0.49565168400342235,0.7003647685050964,0.7396426200866699,0.01760750263929367
Scene,Scene_random_full_04_zero,34567,314,-0.3337946639888665,0.15885098732931466,0.873778223991394,0.691574215888977,0.30473190546035767
Scene,Scene_random_full_04_zero,34567,393,0.1173230603706395,0.34061847717922633,0.7133570313453674,0.6628670692443848,0.4347807765007019
Scene,Scene_random_full_04_zero,34567,412,0.3957470522680786,0.4930690376666987,0.614671528339386,0.4610936939716339,0.07083211839199066
Scene,Scene_random_full_04_zero,34567,442,0.24223802175288664,0.29611837794228396,0.7221335768699646,0.7505953311920166,0.1846030354499817
Scene,Scene_random_full_04_zero,34567,463,0.3446872267208209,0.1267145422445985,0.7268254160881042,0.6129438877105713,0.20630599558353424
Scene,Scene_random_full_04_zero,34567,469,-0.24110117090875133,0.140234401507405,0.7968806028366089,0.4008554220199585,-0.02943158522248268
Scene,Scene_random_full_04_zero,34567,486,0.10590971795741268,0.14508172433202793,0.7904873490333557,0.51362144947052,0.029765525832772255
Scene,Scene_random_full_04_zero,34567,491,0.34702440644806715,0.37423362161207513,0.6358617544174194,0.6575902104377747,0.09076784551143646
Scene,Scene_random_full_04_zero,34567,518,0.25381423823511934,0.42170714355790834,0.6325618624687195,0.5981460809707642,0.34467366337776184
Scene,Scene_random_full_04_zero,34567,523,0.263070115645254,0.11635102586031594,0.6099117994308472,0.6170960664749146,0.11880562454462051
Scene,Scene_random_full_04_zero,34567,545,0.1962458043232708,0.4182827059971439,0.7206152677536011,0.7583496570587158,-0.0007538646459579468
Scene,Scene_random_full_04_zero,34567,551,0.03341784649981141,0.08600919650621039,0.7414877414703369,0.41947516798973083,0.041873686015605927
Scene,Scene_random_full_04_zero,34567,568,0.150438821080947,0.44766759712703935,0.6516793370246887,0.8042119741439819,0.38457000255584717
Scene,Scene_random_full_04_zero,34567,620,0.2560520478860619,0.4391721515535335,0.6598076820373535,0.6311520338058472,0.24709218740463257
Scene,Scene_random_full_04_zero,34567,640,-0.042148390219797695,0.20163666615721634,0.771399736404419,0.672238826751709,0.16753080487251282
Scene,Scene_random_full_04_zero,34567,648,0.34752867888369116,0.25561278406945914,0.7420183420181274,0.7280521392822266,0.10308478772640228
Scene,Scene_random_full_04_zero,34567,671,-0.20903542522121515,0.3794384709813752,0.6521500945091248,0.811670184135437,0.44646865129470825
Scene,Scene_random_full_04_zero,34567,755,0.016906508245708465,0.2828009065910922,0.765805721282959,0.806603193283081,0.4627811014652252
Scene,Scene_random_full_04_zero,34567,811,-0.14372871325094438,0.20145034666077696,0.7493264675140381,0.509753406047821,0.052897654473781586
Scene,Scene_random_full_04_zero,34567,821,0.10338651122300209,0.3201916281087929,0.7425476312637329,0.47106823325157166,0.07158240675926208
Scene,Scene_random_full_04_zero,34567,824,-0.16059419874992284,0.11457818745302403,0.8361082673072815,0.4937807619571686,0.056380875408649445
Scene,Scene_random_full_04_zero,34567,841,0.18186221491781637,0.28902489764353145,0.8181025385856628,0.3809674084186554,0.04619985818862915
Scene,Scene_random_full_04_zero,34567,842,0.19555342635742065,0.2678702035095615,0.6878278255462646,0.757178544998169,0.04918324947357178
Scene,Scene_random_full_04_zero,34567,850,0.0379494642871923,0.2659633222813124,0.7560443878173828,0.6201512217521667,0.7322708368301392
Scene,Scene_random_full_04_zero,34567,855,0.30317150214624655,0.4541857982232157,0.6980410814285278,0.6838889122009277,0.03253043442964554
Scene,Scene_random_full_04_zero,34567,872,-0.01966317115574668,0.08095854773579587,0.7582857608795166,0.5747799277305603,0.11705667525529861
Scene,Scene_random_full_04_zero,34567,873,0.4116112579153025,0.4808039629115343,0.6299993991851807,0.3117976486682892,0.06723006069660187
Scene,Scene_random_full_04_zero,34567,893,0.37709636024268023,0.30161805618321486,0.7334802150726318,0.5039058327674866,-0.0170130655169487
Scene,Scene_random_full_04_zero,34567,894,0.15809499226791865,0.36806297120298803,0.7317569255828857,0.5800728797912598,0.014754900708794594
Scene,Scene_random_full_04_zero,34567,918,-0.002465097361888028,0.285808633617934,0.6675577759742737,0.6741437315940857,0.17240503430366516
Scene,Scene_random_full_04_zero,34567,943,0.07210730970557894,0.49080969054722784,0.7125654220581055,0.5097992420196533,0.17520609498023987
Scene,Scene_random_full_04_zero,34567,978,0.6691654111218663,0.5131907155086837,0.6184506416320801,0.6234337687492371,0.19182518124580383
Scene,Scene_random_full_04_zero,34567,999,0.11571485846029951,0.3525706445872823,0.716562032699585,0.6962543725967407,0.014045551419258118
Scene,Scene_random_full_05_zero,34567,14,0.05171537300483432,0.5263565099248387,0.6856826543807983,0.42603641748428345,0.027909498661756516
Scene,Scene_random_full_05_zero,34567,15,0.05283174307370891,0.4501423696111823,0.8141800761222839,0.7345794439315796,0.08940966427326202
Scene,Scene_random_full_05_zero,34567,36,0.13133648153431468,0.2418683339181635,0.6704958081245422,0.6806600093841553,0.039360132068395615
Scene,Scene_random_full_05_zero,34567,39,-0.3665175651187793,0.3164499427971896,0.47483235597610474,0.5884172916412354,0.2505688965320587
Scene,Scene_random_full_05_zero,34567,126,0.2269593689478143,0.45118431462341957,0.6719444990158081,0.7720938324928284,0.29870104789733887
Scene,Scene_random_full_05_zero,34567,132,-0.049617659334703385,0.1259683976510431,0.6850888729095459,0.5821956396102905,0.314899742603302
Scene,Scene_random_full_05_zero,34567,167,0.20550539002510834,0.12155120487031802,0.732479453086853,0.4247342348098755,0.010502472519874573
Scene,Scene_random_full_05_zero,34567,196,0.018018657256039326,0.30281608084550976,0.7708662748336792,0.7245011925697327,0.07718482613563538
Scene,Scene_random_full_05_zero,34567,199,0.027076740912645014,0.22256750624854077,0.7386925220489502,0.5753819942474365,0.16853725910186768
Scene,Scene_random_full_05_zero,34567,214,0.14675679486562906,0.3501874208510308,0.656946063041687,0.7135055065155029,0.08560106158256531
Scene,Scene_random_full_05_zero,34567,241,-0.003919486886508719,0.20013456900269247,0.7502275109291077,0.4491978883743286,0.013820825144648552
Scene,Scene_random_full_05_zero,34567,242,0.24883483121090313,0.5339424850152432,0.6237038969993591,0.6212786436080933,0.0898250937461853
Scene,Scene_random_full_05_zero,34567,245,0.12623312565774705,0.46624217211074187,0.6904890537261963,0.5816446542739868,0.00539115397259593
Scene,Scene_random_full_05_zero,34567,249,-0.1683528414592506,0.37229941739455935,0.7847222685813904,0.4121777415275574,0.04190003126859665
Scene,Scene_random_full_05_zero,34567,282,0.14873520325974005,0.3208371279668442,0.6322602033615112,0.44809839129447937,0.19490641355514526
Scene,Scene_random_full_05_zero,34567,289,0.08514629467902277,0.4046843276417847,0.7904475927352905,0.6944798827171326,-0.002525772899389267
Scene,Scene_random_full_05_zero,34567,303,0.30113053677278645,0.4860543263921451,0.7410538196563721,0.6873669624328613,0.019338395446538925
Scene,Scene_random_full_05_zero,34567,314,-0.13174470811009234,0.2012188038995582,0.8451725244522095,0.5504802465438843,0.044882677495479584
Scene,Scene_random_full_05_zero,34567,393,0.07777847224833709,0.3374749550643224,0.7046784162521362,0.7269230484962463,0.5068610906600952
Scene,Scene_random_full_05_zero,34567,412,0.3471088080675972,0.4702692185388687,0.621405303478241,0.3990793824195862,0.056252747774124146
Scene,Scene_random_full_05_zero,34567,442,0.21353711445739637,0.30369016837741786,0.7120362520217896,0.8003824949264526,0.13440272212028503
Scene,Scene_random_full_05_zero,34567,463,0.38900872859486396,0.13526887077664645,0.7194550633430481,0.5823489427566528,0.15208008885383606
Scene,Scene_random_full_05_zero,34567,469,-0.2591825993720504,0.17586766133072484,0.7585513591766357,0.42089009284973145,-0.0224292129278183
Scene,Scene_random_full_05_zero,34567,486,0.06785028149818818,0.13388735860542328,0.791732907295227,0.5465611815452576,0.040254056453704834
Scene,Scene_random_full_05_zero,34567,491,0.34388927667050423,0.37032465190551345,0.6323373317718506,0.7001015543937683,0.19244274497032166
Scene,Scene_random_full_05_zero,34567,518,0.43924801195139274,0.5287310248259837,0.5033715963363647,0.7310585975646973,0.28841662406921387
Scene,Scene_random_full_05_zero,34567,523,0.2891504237637821,0.14198814377403426,0.6163352727890015,0.5502447485923767,0.2178298830986023
Scene,Scene_random_full_05_zero,34567,545,0.15567250383956077,0.3222067068242296,0.6822171211242676,0.4613055884838104,0.08247319608926773
Scene,Scene_random_full_05_zero,34567,551,0.13451479604905298,0.08072330303773657,0.7068997025489807,0.4073042571544647,0.08527226001024246
Scene,Scene_random_full_05_zero,34567,568,0.1450075706905697,0.48910966100603376,0.6650224328041077,0.7427613139152527,0.29850393533706665
Scene,Scene_random_full_05_zero,34567,620,0.02793642145040993,0.36597915547164683,0.6766284704208374,0.7130892872810364,0.32672351598739624
Scene,Scene_random_full_05_zero,34567,640,-0.053559161655807805,0.2032023149639033,0.7765229940414429,0.6190653443336487,0.1788032501935959
Scene,Scene_random_full_05_zero,34567,648,0.3588133161871838,0.26715813464017846,0.714392364025116,0.7490425705909729,0.43147897720336914
Scene,Scene_random_full_05_zero,34567,671,-0.09823604199921146,0.3844745851886492,0.6412463784217834,0.8136468529701233,0.40252459049224854
Scene,Scene_random_full_05_zero,34567,755,0.34581820124737794,0.3981724054701914,0.6662826538085938,0.7610707879066467,0.4003591537475586
Scene,Scene_random_full_05_zero,34567,811,-0.08914572487785634,0.26965851259622575,0.7669188380241394,0.667681872844696,0.09885159134864807
Scene,Scene_random_full_05_zero,34567,821,0.14843558782114935,0.3233370587445168,0.7153149247169495,0.49038857221603394,0.07193468511104584
Scene,Scene_random_full_05_zero,34567,824,-0.13176868771962263,0.11444465590435174,0.8598123788833618,0.5397068858146667,0.0540379174053669
Scene,Scene_random_full_05_zero,34567,841,0.18055173909490688,0.2865065532635651,0.794057309627533,0.42214319109916687,0.03677084296941757
Scene,Scene_random_full_05_zero,34567,842,0.19541273555480765,0.29029001233996243,0.6917053461074829,0.7624486684799194,0.10018517076969147
Scene,Scene_random_full_05_zero,34567,850,0.008708318443912434,0.2895604521809274,0.7410867214202881,0.500704288482666,0.43390953540802
Scene,Scene_random_full_05_zero,34567,855,0.2583542811734854,0.4466560859979913,0.681291937828064,0.6447174549102783,-0.009968621656298637
Scene,Scene_random_full_05_zero,34567,872,-0.06909748282854383,0.08332016412147013,0.7751768231391907,0.5747129321098328,0.16776596009731293
Scene,Scene_random_full_05_zero,34567,873,0.42885110340986027,0.47838757408175725,0.6080683469772339,0.370949387550354,0.05055344104766846
Scene,Scene_random_full_05_zero,34567,893,0.3021503556688157,0.2608197144456677,0.7540879249572754,0.28591832518577576,0.02353614568710327
Scene,Scene_random_full_05_zero,34567,894,0.1453454056161045,0.38342040856756116,0.7542051076889038,0.5860088467597961,0.03849179670214653
Scene,Scene_random_full_05_zero,34567,918,0.04395039403781953,0.30221990815895283,0.7297732830047607,0.7359245419502258,0.3269742727279663
Scene,Scene_random_full_05_zero,34567,943,0.07114943871932505,0.4991847441101208,0.702204167842865,0.5341270565986633,0.15437352657318115
Scene,Scene_random_full_05_zero,34567,978,0.5189982950381418,0.5853432993966833,0.6852167248725891,0.5532079935073853,0.4911298155784607
Scene,Scene_random_full_05_zero,34567,999,0.19564273613624042,0.3623826863069285,0.7275049686431885,0.6453863382339478,0.0654229074716568
Scene,no_mask,34567,14,0.7449234325283178,0.581030540122983,0.47786638140678406,0.714248776435852,0.19779598712921143
Scene,no_mask,34567,15,-0.0239447969736945,0.39459125694516467,0.740180492401123,0.8144353032112122,0.14145375788211823
Scene,no_mask,34567,36,0.140601719921087,0.24020888151589517,0.6736668348312378,0.6757391691207886,0.05150417983531952
Scene,no_mask,34567,39,-0.2858591966019959,0.3194609188401005,0.49875107407569885,0.6689595580101013,0.2575671672821045
Scene,no_mask,34567,126,0.26769415395142254,0.44271553174434686,0.6631626486778259,0.7974815368652344,0.3674546182155609
Scene,no_mask,34567,132,-0.0257675326988455,0.11781972614227666,0.6832976341247559,0.5888254642486572,0.27956438064575195
Scene,no_mask,34567,167,0.2459814707444606,0.1275226492472528,0.7382755875587463,0.4574110507965088,0.024382848292589188
Scene,no_mask,34567,196,-0.007542121175207417,0.3088139137644055,0.7807803153991699,0.7292783260345459,0.033518098294734955
Scene,no_mask,34567,199,-0.0424388707610303,0.21525289302937617,0.7892484664916992,0.5332860946655273,0.07692559063434601
Scene,no_mask,34567,214,0.13722069221879815,0.33634722152028945,0.6815441250801086,0.7056289911270142,0.13603384792804718
Scene,no_mask,34567,241,-0.08273394450379333,0.2139205130477158,0.7737503051757812,0.434233158826828,0.002247595228254795
Scene,no_mask,34567,242,0.2671782889638723,0.5388462837477896,0.6333538889884949,0.5356837511062622,0.10945449769496918
Scene,no_mask,34567,245,0.1346805637120879,0.46596676521846025,0.70062655210495,0.6008842587471008,-0.02455984801054001
Scene,no_mask,34567,249,-0.16903815724276694,0.3580174744348143,0.8078941106796265,0.41534820199012756,0.02927219495177269
Scene,no_mask,34567,282,0.1252907781108976,0.2944836211226083,0.635150134563446,0.5166681408882141,0.27081990242004395
Scene,no_mask,34567,289,0.046284948556096696,0.40726564352841743,0.8121790885925293,0.6563532948493958,-0.0016039907932281494
Scene,no_mask,34567,303,0.37654577299331976,0.48346382960126005,0.7486045360565186,0.7640318274497986,0.030021771788597107
Scene,no_mask,34567,314,-0.37512532554080763,0.16489868457133075,0.8487569093704224,0.6952368021011353,0.23611390590667725
Scene,no_mask,34567,393,0.10837349314284506,0.3424599783144392,0.7122893333435059,0.768405020236969,0.43330392241477966
Scene,no_mask,34567,412,0.39753752006761844,0.5012617782182299,0.5867271423339844,0.4362652003765106,0.02549108676612377
Scene,no_mask,34567,442,0.20105168851953442,0.32667542654866094,0.7031903862953186,0.8197920322418213,0.17555764317512512
Scene,no_mask,34567,463,0.3617552943207443,0.1319586066376656,0.7286036014556885,0.5330941677093506,0.09087015688419342
Scene,no_mask,34567,469,-0.284505564882458,0.16830449088148391,0.7752350568771362,0.36483100056648254,-0.02351713553071022
Scene,no_mask,34567,486,0.08836220895657582,0.14146617395509134,0.8055825233459473,0.5354630947113037,0.0491257905960083
Scene,no_mask,34567,491,0.36513465639242537,0.37618518808620327,0.6361639499664307,0.6336613893508911,0.1052776426076889
Scene,no_mask,34567,518,0.42966768460155913,0.5227434412293189,0.5086547136306763,0.7863657474517822,0.40959152579307556
Scene,no_mask,34567,523,0.32306486092768166,0.1414716021009478,0.6588839888572693,0.5290941596031189,0.1368141919374466
Scene,no_mask,34567,545,0.1315377338662871,0.41069682072440866,0.6702713966369629,0.7413264513015747,0.03223377838730812
Scene,no_mask,34567,551,0.02040134833628554,0.08872946865823551,0.7253526449203491,0.4650636911392212,0.012417854741215706
Scene,no_mask,34567,568,0.18057772847900014,0.4890555686583525,0.6889300346374512,0.7445619702339172,0.29486560821533203
Scene,no_mask,34567,620,0.09383926036464804,0.33273900874125545,0.7003610134124756,0.7685390710830688,0.34516334533691406
Scene,no_mask,34567,640,-0.06414284791434005,0.19739071793269303,0.7646142840385437,0.6304356455802917,0.10088829696178436
Scene,no_mask,34567,648,0.38782926311880617,0.2670702401011238,0.7166673541069031,0.7339203357696533,0.27789306640625
Scene,no_mask,34567,671,-0.1859820467415334,0.376758321432318,0.6386218070983887,0.7793461680412292,0.39493098855018616
Scene,no_mask,34567,755,0.049341967969084806,0.2765226991164696,0.7269409894943237,0.7353160977363586,0.4526961147785187
Scene,no_mask,34567,811,-0.11295664434276775,0.2502113089218063,0.7640024423599243,0.6095784902572632,0.11540015041828156
Scene,no_mask,34567,821,0.1160302410452527,0.3211743197987067,0.7174336910247803,0.4542591869831085,-0.00018603261560201645
Scene,no_mask,34567,824,-0.11959095281739328,0.10270892872940104,0.791056752204895,0.5604177117347717,0.10364562273025513
Scene,no_mask,34567,841,0.20382558245191953,0.29263636250479924,0.8144418001174927,0.3994057774543762,0.014180473051965237
Scene,no_mask,34567,842,0.18896123263350928,0.29453147403381075,0.7108738422393799,0.7098583579063416,0.06394004821777344
Scene,no_mask,34567,850,0.039318580298363874,0.2746642031086039,0.7583320140838623,0.553989052772522,0.6867597699165344
Scene,no_mask,34567,855,0.30859022684334775,0.4407576625055485,0.668118953704834,0.6766692399978638,-0.009598033502697945
Scene,no_mask,34567,872,-0.1364011828835953,0.09254300783311581,0.7744660973548889,0.68800950050354,0.320040225982666
Scene,no_mask,34567,873,0.4323261965487786,0.5193709387505558,0.5649511218070984,0.3313032388687134,0.06051041930913925
Scene,no_mask,34567,893,0.1646626580192743,0.21691936559526917,0.7723003029823303,0.4330034852027893,0.07397910952568054
Scene,no_mask,34567,894,0.10851189184443989,0.38453797185518507,0.761875331401825,0.6284101009368896,0.057725176215171814
Scene,no_mask,34567,918,0.007349746847365024,0.27371996825379785,0.6701406836509705,0.6732367277145386,0.24340768158435822
Scene,no_mask,34567,943,0.08912505173362567,0.49606155867960205,0.6953374743461609,0.5447375774383545,0.1630215346813202
Scene,no_mask,34567,978,0.6887354867841955,0.5494345363229867,0.6246025562286377,0.6547663807868958,0.2566302418708801
Scene,no_mask,34567,999,0.134202323768255,0.3444636089746848,0.6973408460617065,0.6757156848907471,0.03651420772075653
Scene,no_mask_repeat,34567,14,0.7449234325283178,0.581030540122983,0.47786638140678406,0.714248776435852,0.19779598712921143
Scene,no_mask_repeat,34567,15,-0.0239447969736945,0.39459125694516467,0.740180492401123,0.8144353032112122,0.14145375788211823
Scene,no_mask_repeat,34567,36,0.140601719921087,0.24020888151589517,0.6736668348312378,0.6757391691207886,0.05150417983531952
Scene,no_mask_repeat,34567,39,-0.2858591966019959,0.3194609188401005,0.49875110387802124,0.6689595580101013,0.2575671672821045
Scene,no_mask_repeat,34567,126,0.26769415395142254,0.44271553174434686,0.6631627082824707,0.7974815368652344,0.3674546182155609
Scene,no_mask_repeat,34567,132,-0.0257675326988455,0.11781972614227666,0.6832976341247559,0.5888254642486572,0.27956438064575195
Scene,no_mask_repeat,34567,167,0.2459814707444606,0.1275226492472528,0.7382755875587463,0.4574110507965088,0.024382848292589188
Scene,no_mask_repeat,34567,196,-0.007542121175207417,0.3088139137644055,0.7807803153991699,0.7292783260345459,0.033518098294734955
Scene,no_mask_repeat,34567,199,-0.0424388707610303,0.21525289302937617,0.7892484068870544,0.5332860946655273,0.07692559063434601
Scene,no_mask_repeat,34567,214,0.13722069221879815,0.33634722152028945,0.6815440654754639,0.7056289911270142,0.13603384792804718
Scene,no_mask_repeat,34567,241,-0.08273394450379333,0.2139205130477158,0.7737503051757812,0.434233158826828,0.002247595228254795
Scene,no_mask_repeat,34567,242,0.2671782889638723,0.5388462837477896,0.6333538889884949,0.5356837511062622,0.10945449769496918
Scene,no_mask_repeat,34567,245,0.1346805637120879,0.46596676521846025,0.70062655210495,0.6008842587471008,-0.02455984801054001
Scene,no_mask_repeat,34567,249,-0.16903815724276694,0.3580174744348143,0.8078941106796265,0.41534820199012756,0.02927219495177269
Scene,no_mask_repeat,34567,282,0.1252907781108976,0.2944836211226083,0.635150134563446,0.5166681408882141,0.27081990242004395
Scene,no_mask_repeat,34567,289,0.046284948556096696,0.40726564352841743,0.8121790885925293,0.6563532948493958,-0.0016039907932281494
Scene,no_mask_repeat,34567,303,0.37654577299331976,0.48346382960126005,0.7486045360565186,0.7640318274497986,0.030021771788597107
Scene,no_mask_repeat,34567,314,-0.37512532554080763,0.16489868457133075,0.8487568497657776,0.6952368021011353,0.23611390590667725
Scene,no_mask_repeat,34567,393,0.10837349314284506,0.3424599783144392,0.7122893333435059,0.768405020236969,0.43330392241477966
Scene,no_mask_repeat,34567,412,0.39753752006761844,0.5012617782182299,0.5867270827293396,0.4362652003765106,0.02549108676612377
Scene,no_mask_repeat,34567,442,0.20105168851953442,0.32667542654866094,0.7031903266906738,0.8197920322418213,0.17555764317512512
Scene,no_mask_repeat,34567,463,0.3617552943207443,0.1319586066376656,0.7286036014556885,0.5330941677093506,0.09087015688419342
Scene,no_mask_repeat,34567,469,-0.284505564882458,0.16830449088148391,0.7752350568771362,0.36483100056648254,-0.02351713553071022
Scene,no_mask_repeat,34567,486,0.08836220895657582,0.14146617395509134,0.8055825233459473,0.5354630947113037,0.0491257905960083
Scene,no_mask_repeat,34567,491,0.36513465639242537,0.37618518808620327,0.6361639499664307,0.6336613893508911,0.1052776426076889
Scene,no_mask_repeat,34567,518,0.42966768460155913,0.5227434412293189,0.5086547136306763,0.7863657474517822,0.40959152579307556
Scene,no_mask_repeat,34567,523,0.32306486092768166,0.1414716021009478,0.6588839888572693,0.5290941596031189,0.1368141919374466
Scene,no_mask_repeat,34567,545,0.1315377338662871,0.41069682072440866,0.6702713966369629,0.7413264513015747,0.03223377838730812
Scene,no_mask_repeat,34567,551,0.02040134833628554,0.08872946865823551,0.7253526449203491,0.4650636911392212,0.012417854741215706
Scene,no_mask_repeat,34567,568,0.18057772847900014,0.4890555686583525,0.6889300346374512,0.7445619702339172,0.29486560821533203
Scene,no_mask_repeat,34567,620,0.09383926036464804,0.33273900874125545,0.7003610730171204,0.7685390710830688,0.34516334533691406
Scene,no_mask_repeat,34567,640,-0.06414284791434005,0.19739071793269303,0.7646142840385437,0.6304356455802917,0.10088829696178436
Scene,no_mask_repeat,34567,648,0.38782926311880617,0.2670702401011238,0.7166673541069031,0.7339203357696533,0.27789306640625
Scene,no_mask_repeat,34567,671,-0.1859820467415334,0.376758321432318,0.6386218070983887,0.7793461680412292,0.39493098855018616
Scene,no_mask_repeat,34567,755,0.049341967969084806,0.2765226991164696,0.7269409894943237,0.7353160977363586,0.4526961147785187
Scene,no_mask_repeat,34567,811,-0.11295664434276775,0.2502113089218063,0.7640024423599243,0.6095784902572632,0.11540015041828156
Scene,no_mask_repeat,34567,821,0.1160302410452527,0.3211743197987067,0.7174336314201355,0.4542591869831085,-0.00018603261560201645
Scene,no_mask_repeat,34567,824,-0.11959095281739328,0.10270892872940104,0.791056752204895,0.5604177117347717,0.10364562273025513
Scene,no_mask_repeat,34567,841,0.20382558245191953,0.29263636250479924,0.8144417405128479,0.3994057774543762,0.014180473051965237
Scene,no_mask_repeat,34567,842,0.18896123263350928,0.29453147403381075,0.7108737826347351,0.7098583579063416,0.06394004821777344
Scene,no_mask_repeat,34567,850,0.039318580298363874,0.2746642031086039,0.7583332061767578,0.5539437532424927,0.6867596507072449
Scene,no_mask_repeat,34567,855,0.30859022684334775,0.4407576625055485,0.6681177020072937,0.6765718460083008,-0.00959811545908451
Scene,no_mask_repeat,34567,872,-0.1364011828835953,0.09254300783311581,0.7744656205177307,0.6879239082336426,0.3200397491455078
Scene,no_mask_repeat,34567,873,0.4323261965487786,0.5193709387505558,0.5649502873420715,0.3313768804073334,0.060510292649269104
Scene,no_mask_repeat,34567,893,0.1646626580192743,0.21691936559526917,0.7722991704940796,0.4329273998737335,0.07397912442684174
Scene,no_mask_repeat,34567,894,0.10851189184443989,0.38453797185518507,0.7618739008903503,0.6284359693527222,0.05772558972239494
Scene,no_mask_repeat,34567,918,0.007349746847365024,0.27371996825379785,0.6701418161392212,0.6732224225997925,0.24340733885765076
Scene,no_mask_repeat,34567,943,0.08912505173362567,0.49606155867960205,0.6953374147415161,0.544892430305481,0.16302162408828735
Scene,no_mask_repeat,34567,978,0.6887354867841955,0.5494345363229867,0.6246025562286377,0.6547764539718628,0.2566301226615906
Scene,no_mask_repeat,34567,999,0.134202323768255,0.3444636089746848,0.6973422169685364,0.6755937337875366,0.03651454672217369
